CIK,company_id,ticker,issuer_name,provisional_FF12_industry,provisional_FF12_description,training_days,days_with_any_eligible_news,days_with_exact_time_news,days_with_date_only_news,news_coverage_fraction,article_count,unique_duplicate_group_count,publisher_count,body_available_record_count,title_only_record_count,exact_time_fraction,date_only_fraction,news_first_date,news_last_date,coverage_tier,industry_status,historical_industry,panel_eligible,selection_status,selection_reason
1001171,CIK0001001171,BYFC,BROADWAY FINANCIAL CORP \DE\,Money,Finance,1008,1,0,1,0.000992063492063492,1,1,0,1,0,0.0,1.0,2021-06-08,2021-06-08,LOW,NOT_VALIDATED,,False,EXCLUDED,industry validation/eligibility failed
1114446,CIK0001114446,UCIB,UBS AG,Money,Finance,1008,1,0,1,0.000992063492063492,4,1,0,4,0,0.0,1.0,2021-12-23,2021-12-23,LOW,NOT_VALIDATED,,False,EXCLUDED,industry validation/eligibility failed
1383057,CIK0001383057,DBP,Invesco DB Precious Metals Fund,Money,Finance,1008,1,0,1,0.000992063492063492,4,1,0,4,0,0.0,1.0,2019-02-22,2019-02-22,LOW,NOT_VALIDATED,,False,EXCLUDED,industry validation/eligibility failed
1396878,CIK0001396878,UGA,"United States Gasoline Fund, LP",Money,Finance,1008,1,0,1,0.000992063492063492,1,1,0,1,0,0.0,1.0,2019-02-15,2019-02-15,LOW,NOT_VALIDATED,,False,EXCLUDED,industry validation/eligibility failed
1415311,CIK0001415311,YCS,ProShares Trust II,Money,Finance,1008,1,0,1,0.000992063492063492,1,1,0,1,0,0.0,1.0,2020-04-09,2020-04-09,LOW,NOT_VALIDATED,,False,EXCLUDED,industry validation/eligibility failed
842717,CIK0000842717,BRBS,"BLUE RIDGE BANKSHARES, INC.",Money,Finance,1008,2,0,2,0.001984126984126984,2,2,0,2,0,0.0,1.0,2021-04-09,2021-10-19,LOW,NOT_VALIDATED,,False,EXCLUDED,industry validation/eligibility failed
1161125,CIK0001161125,BCH,BANK OF CHILE,Money,Finance,1008,2,0,2,0.001984126984126984,2,2,0,2,0,0.0,1.0,2021-05-17,2021-11-22,LOW,NOT_VALIDATED,,False,EXCLUDED,industry validation/eligibility failed
2059653,CIK0002059653,LSBK,"Lake Shore Bancorp, Inc. /MD/",Money,Finance,1008,2,0,2,0.001984126984126984,2,2,0,2,0,0.0,1.0,2021-04-24,2021-05-13,LOW,NOT_VALIDATED,,False,EXCLUDED,industry validation/eligibility failed
1090425,CIK0001090425,LAMR,LAMAR ADVERTISING CO/NEW,Money,Finance,1008,3,0,3,0.002976190476190476,7,3,0,7,0,0.0,1.0,2020-03-12,2021-02-02,LOW,NOT_VALIDATED,,False,EXCLUDED,industry validation/eligibility failed
1353612,CIK0001353612,FXC,Invesco CurrencyShares Canadian Dollar Trust,Money,Finance,1008,3,0,3,0.002976190476190476,7,3,0,7,0,0.0,1.0,2018-01-30,2021-04-13,LOW,NOT_VALIDATED,,False,EXCLUDED,industry validation/eligibility failed
1383151,CIK0001383151,UUP,Invesco DB US Dollar Index Bullish Fund,Money,Finance,1008,3,0,3,0.002976190476190476,11,3,0,11,0,0.0,1.0,2019-07-15,2021-11-15,LOW,NOT_VALIDATED,,False,EXCLUDED,industry validation/eligibility failed
1788451,CIK0001788451,LIFE,Ethos Technologies Inc.,Money,Finance,1008,3,0,3,0.002976190476190476,8,5,0,8,0,0.0,1.0,2018-05-14,2021-09-14,LOW,NOT_VALIDATED,,False,EXCLUDED,industry validation/eligibility failed
763907,CIK0000763907,FUNC,FIRST UNITED CORP/MD/,Money,Finance,1008,4,0,4,0.003968253968253968,4,4,0,4,0,0.0,1.0,2021-04-18,2021-10-11,LOW,NOT_VALIDATED,,False,EXCLUDED,industry validation/eligibility failed
1874071,CIK0001874071,PDLB,"Ponce Financial Group, Inc.",Money,Finance,1008,4,0,4,0.003968253968253968,7,4,0,7,0,0.0,1.0,2018-06-01,2021-10-27,LOW,NOT_VALIDATED,,False,EXCLUDED,industry validation/eligibility failed
724742,CIK0000724742,TPHS,Trinity Place Holdings Inc.,Money,Finance,1008,5,0,5,0.00496031746031746,34,5,2,0,34,0.0,1.0,2019-02-06,2019-11-29,LOW,NOT_VALIDATED,,False,EXCLUDED,industry validation/eligibility failed
765207,CIK0000765207,FNLC,"First Bancorp, Inc /ME/",Money,Finance,1008,5,0,5,0.00496031746031746,6,5,1,4,2,0.0,1.0,2018-10-17,2021-10-04,LOW,NOT_VALIDATED,,False,EXCLUDED,industry validation/eligibility failed
1383082,CIK0001383082,DBA,INVESCO DB AGRICULTURE FUND,Money,Finance,1008,5,0,5,0.00496031746031746,24,5,0,24,0,0.0,1.0,2018-02-27,2021-02-16,LOW,NOT_VALIDATED,,False,EXCLUDED,industry validation/eligibility failed
1472494,CIK0001472494,BNO,"United States Brent Oil Fund, LP",Money,Finance,1008,5,0,5,0.00496031746031746,18,5,0,18,0,0.0,1.0,2019-02-13,2019-04-17,LOW,NOT_VALIDATED,,False,EXCLUDED,industry validation/eligibility failed
1605301,CIK0001605301,CBFV,"CB Financial Services, Inc.",Money,Finance,1008,5,0,5,0.00496031746031746,5,5,0,5,0,0.0,1.0,2020-11-28,2021-11-13,LOW,NOT_VALIDATED,,False,EXCLUDED,industry validation/eligibility failed
731653,CIK0000731653,UBCP,UNITED BANCORP INC /OH/,Money,Finance,1008,6,0,6,0.005952380952380952,10,6,0,10,0,0.0,1.0,2018-07-20,2021-09-04,LOW,NOT_VALIDATED,,False,EXCLUDED,industry validation/eligibility failed
1383062,CIK0001383062,DBE,Invesco DB Energy Fund,Money,Finance,1008,6,0,6,0.005952380952380952,11,8,1,7,4,0.0,1.0,2018-07-06,2021-09-16,LOW,NOT_VALIDATED,,False,EXCLUDED,industry validation/eligibility failed
2058897,CIK0002058897,CIB,Grupo Cibest S.A.,Money,Finance,1008,6,0,6,0.005952380952380952,7,6,0,7,0,0.0,1.0,2018-10-16,2021-11-03,LOW,NOT_VALIDATED,,False,EXCLUDED,industry validation/eligibility failed
723646,CIK0000723646,FRAF,FRANKLIN FINANCIAL SERVICES CORP /PA/,Money,Finance,1008,7,0,7,0.006944444444444444,7,7,0,7,0,0.0,1.0,2020-10-31,2021-10-30,LOW,NOT_VALIDATED,,False,EXCLUDED,industry validation/eligibility failed
913059,CIK0000913059,BBAR,Banco BBVA Argentina S.A.,Money,Finance,1008,7,0,7,0.006944444444444444,12,7,0,12,0,0.0,1.0,2018-09-04,2021-09-13,LOW,NOT_VALIDATED,,False,EXCLUDED,industry validation/eligibility failed
913341,CIK0000913341,CFFI,C & F FINANCIAL CORP,Money,Finance,1008,7,0,7,0.006944444444444444,16,8,1,14,2,0.0,1.0,2018-03-08,2021-12-09,LOW,NOT_VALIDATED,,False,EXCLUDED,industry validation/eligibility failed
1353613,CIK0001353613,FXY,Invesco CurrencyShares Japanese Yen Trust,Money,Finance,1008,7,0,7,0.006944444444444444,33,9,1,25,8,0.0,1.0,2018-01-11,2019-08-12,LOW,NOT_VALIDATED,,False,EXCLUDED,industry validation/eligibility failed
314489,CIK0000314489,BUSE,FIRST BUSEY CORP /NV/,Money,Finance,1008,8,0,8,0.007936507936507936,9,9,0,9,0,0.0,1.0,2021-01-16,2021-11-30,LOW,NOT_VALIDATED,,False,EXCLUDED,industry validation/eligibility failed
920427,CIK0000920427,UNTY,UNITY BANCORP INC /NJ/,Money,Finance,1008,8,0,8,0.007936507936507936,9,9,0,9,0,0.0,1.0,2021-05-13,2021-12-15,LOW,NOT_VALIDATED,,False,EXCLUDED,industry validation/eligibility failed
1690437,CIK0001690437,BAR,GraniteShares Gold Trust,Money,Finance,1008,8,0,8,0.007936507936507936,26,8,0,26,0,0.0,1.0,2019-01-15,2020-12-29,LOW,NOT_VALIDATED,,False,EXCLUDED,industry validation/eligibility failed
1098151,CIK0001098151,FDBC,FIDELITY D & D BANCORP INC,Money,Finance,1008,9,0,9,0.008928571428571428,18,9,0,18,0,0.0,1.0,2019-03-23,2021-10-01,LOW,NOT_VALIDATED,,False,EXCLUDED,industry validation/eligibility failed
1332174,CIK0001332174,GSG,iShares S&P GSCI Commodity-Indexed Trust,Money,Finance,1008,11,0,11,0.010912698412698412,29,12,0,29,0,0.0,1.0,2018-08-15,2021-11-30,LOW,NOT_VALIDATED,,False,EXCLUDED,industry validation/eligibility failed
1383058,CIK0001383058,DBO,Invesco DB Oil Fund,Money,Finance,1008,11,0,11,0.010912698412698412,19,11,0,19,0,0.0,1.0,2018-01-25,2021-12-20,LOW,INDUSTRY_STABLE,Money,True,EXCLUDED,not highest deterministic priority within tier
1913971,CIK0001913971,BPRN,"Princeton Bancorp, Inc.",Money,Finance,1008,11,0,11,0.010912698412698412,12,12,0,12,0,0.0,1.0,2020-11-07,2021-12-15,LOW,NOT_VALIDATED,,False,EXCLUDED,industry validation/eligibility failed
1074902,CIK0001074902,LCNB,LCNB CORP,Money,Finance,1008,12,2,10,0.011904761904761904,53,12,4,27,26,0.07547169811320754,0.9245283018867925,2018-01-29,2021-12-15,LOW,NOT_VALIDATED,,False,EXCLUDED,industry validation/eligibility failed
1637810,CIK0001637810,FSV,FirstService Corp,Money,Finance,1008,12,0,12,0.011904761904761904,22,13,0,22,0,0.0,1.0,2018-07-25,2021-07-27,LOW,NOT_VALIDATED,,False,EXCLUDED,industry validation/eligibility failed
1675644,CIK0001675644,FVCB,"FVCBankcorp, Inc.",Money,Finance,1008,12,0,12,0.011904761904761904,24,12,0,24,0,0.0,1.0,2018-09-14,2021-11-09,LOW,NOT_VALIDATED,,False,EXCLUDED,industry validation/eligibility failed
736772,CIK0000736772,CCNE,CNB FINANCIAL CORP/PA,Money,Finance,1008,13,0,13,0.012896825396825396,25,13,0,25,0,0.0,1.0,2020-03-16,2021-12-18,LOW,NOT_VALIDATED,,False,EXCLUDED,industry validation/eligibility failed
1157647,CIK0001157647,WNEB,"Western New England Bancorp, Inc.",Money,Finance,1008,13,0,13,0.012896825396825396,42,13,0,42,0,0.0,1.0,2018-10-16,2021-12-28,LOW,NOT_VALIDATED,,False,EXCLUDED,industry validation/eligibility failed
1299969,CIK0001299969,CHCI,"Comstock Holding Companies, Inc.",Money,Finance,1008,13,0,13,0.012896825396825396,54,14,0,54,0,0.0,1.0,2018-05-24,2021-11-23,LOW,NOT_VALIDATED,,False,EXCLUDED,industry validation/eligibility failed
706863,CIK0000706863,UNB,UNION BANKSHARES INC,Money,Finance,1008,14,0,14,0.013888888888888888,15,14,1,13,2,0.0,1.0,2018-01-24,2021-11-10,LOW,NOT_VALIDATED,,False,EXCLUDED,industry validation/eligibility failed
715579,CIK0000715579,ACNB,ACNB CORP,Money,Finance,1008,15,2,13,0.01488095238095238,24,16,4,10,14,0.16666666666666666,0.8333333333333334,2018-03-26,2021-11-25,LOW,NOT_VALIDATED,,False,EXCLUDED,industry validation/eligibility failed
1132651,CIK0001132651,ATLO,AMES NATIONAL CORP,Money,Finance,1008,15,2,13,0.01488095238095238,102,17,3,90,12,0.0392156862745098,0.9607843137254902,2019-01-30,2021-11-09,LOW,NOT_VALIDATED,,False,EXCLUDED,industry validation/eligibility failed
1288855,CIK0001288855,OPHC,"OptimumBank Holdings, Inc.",Money,Finance,1008,15,1,15,0.01488095238095238,48,18,5,2,46,0.08333333333333333,0.9166666666666666,2018-05-17,2021-04-29,LOW,NOT_VALIDATED,,False,EXCLUDED,industry validation/eligibility failed
6207,CIK0000006207,AXR,AMREP CORP.,Money,Finance,1008,16,6,10,0.015873015873015872,48,25,6,2,46,0.25,0.75,2018-03-19,2021-10-28,LOW,NOT_VALIDATED,,False,EXCLUDED,industry validation/eligibility failed
1327068,CIK0001327068,USO,"United States Oil Fund, LP",Money,Finance,1008,16,0,16,0.015873015873015872,32,18,0,32,0,0.0,1.0,2018-04-19,2021-11-24,LOW,NOT_VALIDATED,,False,EXCLUDED,industry validation/eligibility failed
1499422,CIK0001499422,RBB,RBB Bancorp,Money,Finance,1008,16,0,16,0.015873015873015872,125,17,0,125,0,0.0,1.0,2018-07-20,2021-12-30,LOW,NOT_VALIDATED,,False,EXCLUDED,industry validation/eligibility failed
921557,CIK0000921557,RBCAA,REPUBLIC BANCORP INC /KY/,Money,Finance,1008,17,0,17,0.016865079365079364,58,18,0,58,0,0.0,1.0,2018-03-20,2021-12-10,LOW,NOT_VALIDATED,,False,EXCLUDED,industry validation/eligibility failed
1260563,CIK0001260563,NFJ,"Virtus Dividend, Interest & Premium Strategy Fund",Money,Finance,1008,17,0,17,0.016865079365079364,31,18,3,11,20,0.0,1.0,2018-06-07,2020-06-11,LOW,NOT_VALIDATED,,False,EXCLUDED,industry validation/eligibility failed
1531031,CIK0001531031,ESQ,"Esquire Financial Holdings, Inc.",Money,Finance,1008,17,0,17,0.016865079365079364,32,20,0,32,0,0.0,1.0,2018-02-02,2021-11-16,LOW,NOT_VALIDATED,,False,EXCLUDED,industry validation/eligibility failed
1684425,CIK0001684425,PETZ,"TDH Holdings, Inc.",Money,Finance,1008,17,0,17,0.016865079365079364,45,19,0,45,0,0.0,1.0,2018-05-01,2021-12-28,LOW,NOT_VALIDATED,,False,EXCLUDED,industry validation/eligibility failed
1689796,CIK0001689796,JBGS,JBG SMITH Properties,Money,Finance,1008,17,0,17,0.016865079365079364,55,17,2,15,40,0.0,1.0,2018-01-19,2021-07-21,LOW,NOT_VALIDATED,,False,EXCLUDED,industry validation/eligibility failed
921825,CIK0000921825,FR,FIRST INDUSTRIAL REALTY TRUST INC,Money,Finance,1008,18,0,18,0.017857142857142856,23,18,0,23,0,0.0,1.0,2018-07-06,2021-10-21,LOW,NOT_VALIDATED,,False,EXCLUDED,industry validation/eligibility failed
1546652,CIK0001546652,OUNZ,VanEck Merk Gold ETF,Money,Finance,1008,18,0,18,0.017857142857142856,27,18,0,27,0,0.0,1.0,2018-06-29,2021-11-30,LOW,NOT_VALIDATED,,False,EXCLUDED,industry validation/eligibility failed
1556727,CIK0001556727,FNWB,First Northwest Bancorp,Money,Finance,1008,20,0,20,0.01984126984126984,28,20,0,28,0,0.0,1.0,2018-11-28,2021-12-26,LOW,NOT_VALIDATED,,False,EXCLUDED,industry validation/eligibility failed
1367859,CIK0001367859,CZWI,Citizens Community Bancorp Inc.,Money,Finance,1008,23,1,22,0.022817460317460316,56,29,5,16,40,0.03571428571428571,0.9642857142857143,2018-01-26,2021-10-15,LOW,NOT_VALIDATED,,False,EXCLUDED,industry validation/eligibility failed
1408534,CIK0001408534,FGBI,"First Guaranty Bancshares, Inc.",Money,Finance,1008,23,0,23,0.022817460317460316,38,23,1,30,8,0.0,1.0,2018-03-16,2021-12-15,LOW,NOT_VALIDATED,,False,EXCLUDED,industry validation/eligibility failed
1631596,CIK0001631596,KREF,KKR Real Estate Finance Trust Inc.,Money,Finance,1008,23,0,23,0.022817460317460316,53,28,3,47,6,0.0,1.0,2018-03-27,2021-12-28,LOW,NOT_VALIDATED,,False,EXCLUDED,industry validation/eligibility failed
315709,CIK0000315709,IBOC,INTERNATIONAL BANCSHARES CORP,Money,Finance,1008,24,2,22,0.023809523809523808,71,29,5,31,40,0.056338028169014086,0.9436619718309859,2018-02-28,2021-08-17,LOW,NOT_VALIDATED,,False,EXCLUDED,industry validation/eligibility failed
1016178,CIK0001016178,CARV,CARVER BANCORP INC,Money,Finance,1008,24,0,24,0.023809523809523808,183,48,3,103,80,0.0,1.0,2018-05-17,2021-08-02,LOW,NOT_VALIDATED,,False,EXCLUDED,industry validation/eligibility failed
750574,CIK0000750574,AUBN,"AUBURN NATIONAL BANCORPORATION, INC",Money,Finance,1008,25,1,24,0.0248015873015873,35,26,3,23,12,0.05714285714285714,0.9428571428571428,2018-02-20,2021-12-08,LOW,NOT_VALIDATED,,False,EXCLUDED,industry validation/eligibility failed
903419,CIK0000903419,ALRS,ALERUS FINANCIAL CORP,Money,Finance,1008,25,0,25,0.0248015873015873,54,25,1,22,32,0.0,1.0,2019-09-03,2021-12-21,LOW,NOT_VALIDATED,,False,EXCLUDED,industry validation/eligibility failed
1083220,CIK0001083220,XELB,"XCel Brands, Inc.",Money,Finance,1008,25,1,24,0.0248015873015873,143,33,3,99,44,0.027972027972027972,0.972027972027972,2018-03-29,2021-12-28,LOW,NOT_VALIDATED,,False,EXCLUDED,industry validation/eligibility failed
1114700,CIK0001114700,GGAL,GRUPO FINANCIERO GALICIA SA,Money,Finance,1008,25,0,25,0.0248015873015873,47,27,1,39,8,0.0,1.0,2018-04-26,2021-09-13,LOW,NOT_VALIDATED,,False,EXCLUDED,industry validation/eligibility failed
1649096,CIK0001649096,CLPR,Clipper Realty Inc.,Money,Finance,1008,25,0,25,0.0248015873015873,47,25,2,31,16,0.0,1.0,2018-03-20,2021-12-30,LOW,NOT_VALIDATED,,False,EXCLUDED,industry validation/eligibility failed
810958,CIK0000810958,CZNC,CITIZENS & NORTHERN CORP,Money,Finance,1008,26,0,26,0.025793650793650792,59,28,2,15,44,0.0,1.0,2018-01-25,2021-10-23,LOW,NOT_VALIDATED,,False,EXCLUDED,industry validation/eligibility failed
894671,CIK0000894671,OVBC,OHIO VALLEY BANC CORP,Money,Finance,1008,26,4,22,0.025793650793650792,42,27,4,24,18,0.19047619047619047,0.8095238095238095,2018-01-24,2021-10-22,LOW,NOT_VALIDATED,,False,EXCLUDED,industry validation/eligibility failed
1471055,CIK0001471055,BSBR,Banco Santander (Brasil) S.A.,Money,Finance,1008,26,0,26,0.025793650793650792,67,33,2,17,50,0.0,1.0,2018-01-05,2021-04-22,LOW,NOT_VALIDATED,,False,EXCLUDED,industry validation/eligibility failed
1730984,CIK0001730984,BCML,BayCom Corp,Money,Finance,1008,26,0,26,0.025793650793650792,82,28,2,74,8,0.0,1.0,2018-02-23,2021-12-06,LOW,NOT_VALIDATED,,False,EXCLUDED,industry validation/eligibility failed
700565,CIK0000700565,FMBH,"FIRST MID BANCSHARES, INC.",Money,Finance,1008,27,0,27,0.026785714285714284,74,29,0,74,0,0.0,1.0,2018-04-19,2021-11-18,LOW,NOT_VALIDATED,,False,EXCLUDED,industry validation/eligibility failed
889609,CIK0000889609,CPSS,"CONSUMER PORTFOLIO SERVICES, INC.",Money,Finance,1008,27,0,27,0.026785714285714284,90,44,7,28,62,0.0,1.0,2018-02-14,2020-10-08,LOW,NOT_VALIDATED,,False,EXCLUDED,industry validation/eligibility failed
1227500,CIK0001227500,EQBK,EQUITY BANCSHARES INC,Money,Finance,1008,27,0,27,0.026785714285714284,87,33,3,55,32,0.0,1.0,2018-02-08,2021-12-29,LOW,NOT_VALIDATED,,False,EXCLUDED,industry validation/eligibility failed
927971,CIK0000927971,BMO,BANK OF MONTREAL /CAN/,Money,Finance,1008,28,0,28,0.027777777777777776,50,29,0,50,0,0.0,1.0,2018-02-27,2021-12-24,LOW,NOT_VALIDATED,,False,EXCLUDED,industry validation/eligibility failed
908311,CIK0000908311,CMCT,Creative Media & Community Trust Corp,Money,Finance,1008,29,3,26,0.028769841269841268,114,33,6,38,76,0.05263157894736842,0.9473684210526315,2018-03-28,2021-12-10,LOW,NOT_VALIDATED,,False,EXCLUDED,industry validation/eligibility failed
1275101,CIK0001275101,BOTJ,BANK OF THE JAMES FINANCIAL GROUP INC,Money,Finance,1008,29,0,29,0.028769841269841268,58,38,3,18,40,0.0,1.0,2018-01-26,2021-12-27,LOW,INDUSTRY_STABLE,Money,True,SELECTED,deterministic industry/tier rule
1277902,CIK0001277902,MVBF,MVB FINANCIAL CORP,Money,Finance,1008,29,0,29,0.028769841269841268,78,30,1,74,4,0.0,1.0,2018-02-28,2021-11-29,LOW,NOT_VALIDATED,,False,EXCLUDED,industry validation/eligibility failed
1045520,CIK0001045520,CM,CANADIAN IMPERIAL BANK OF COMMERCE /CAN/,Money,Finance,1008,30,0,30,0.02976190476190476,50,30,0,50,0,0.0,1.0,2018-01-31,2021-12-03,LOW,NOT_VALIDATED,,False,EXCLUDED,industry validation/eligibility failed
1504764,CIK0001504764,AVAL,Grupo Aval Acciones Y Valores S.A.,Money,Finance,1008,30,0,30,0.02976190476190476,88,45,2,26,62,0.0,1.0,2018-01-29,2020-08-11,LOW,NOT_VALIDATED,,False,EXCLUDED,industry validation/eligibility failed
1297341,CIK0001297341,KFFB,Kentucky First Federal Bancorp,Money,Finance,1008,31,1,30,0.030753968253968252,63,36,3,21,42,0.031746031746031744,0.9682539682539683,2018-01-10,2021-07-28,LOW,NOT_VALIDATED,,False,EXCLUDED,industry validation/eligibility failed
1347426,CIK0001347426,BMA,Macro Bank Inc.,Money,Finance,1008,31,0,31,0.030753968253968252,81,40,1,59,22,0.0,1.0,2018-01-26,2021-09-13,LOW,NOT_VALIDATED,,False,EXCLUDED,industry validation/eligibility failed
1517399,CIK0001517399,SUPV,Grupo Supervielle S.A.,Money,Finance,1008,31,0,31,0.030753968253968252,66,39,0,66,0,0.0,1.0,2018-04-04,2021-11-18,LOW,NOT_VALIDATED,,False,EXCLUDED,industry validation/eligibility failed
898174,CIK0000898174,RGA,REINSURANCE GROUP OF AMERICA INC,Money,Finance,1008,32,0,32,0.031746031746031744,95,36,2,73,22,0.0,1.0,2018-01-16,2021-10-12,LOW,NOT_VALIDATED,,False,EXCLUDED,industry validation/eligibility failed
1477049,CIK0001477049,PHYS,Sprott Physical Gold Trust,Money,Finance,1008,32,0,32,0.031746031746031744,94,33,1,44,50,0.0,1.0,2019-05-15,2021-12-29,LOW,NOT_VALIDATED,,False,EXCLUDED,industry validation/eligibility failed
890541,CIK0000890541,BLX,"BLADEX, INC.",Money,Finance,1008,33,2,32,0.03273809523809524,72,45,5,34,38,0.05555555555555555,0.9444444444444444,2018-02-09,2021-11-01,LOW,NOT_VALIDATED,,False,EXCLUDED,industry validation/eligibility failed
1328237,CIK0001328237,DBC,Invesco DB Commodity Index Tracking Fund,Money,Finance,1008,34,0,34,0.03373015873015873,101,35,2,57,44,0.0,1.0,2018-01-16,2021-11-30,LOW,NOT_VALIDATED,,False,EXCLUDED,industry validation/eligibility failed
1431567,CIK0001431567,OVLY,Oak Valley Bancorp,Money,Finance,1008,34,4,31,0.03373015873015873,66,38,6,28,38,0.12121212121212122,0.8787878787878788,2018-01-10,2021-12-10,LOW,INDUSTRY_STABLE,Money,True,EXCLUDED,not highest deterministic priority within tier
1445930,CIK0001445930,KB,KB Financial Group Inc.,Money,Finance,1008,34,0,34,0.03373015873015873,78,37,2,68,10,0.0,1.0,2018-01-09,2021-11-18,LOW,NOT_VALIDATED,,False,EXCLUDED,industry validation/eligibility failed
1584831,CIK0001584831,OXBR,OXBRIDGE RE HOLDINGS Ltd,Money,Finance,1008,34,4,30,0.03373015873015873,190,44,4,106,84,0.042105263157894736,0.9578947368421052,2018-06-07,2021-12-26,LOW,NOT_VALIDATED,,False,EXCLUDED,industry validation/eligibility failed
717806,CIK0000717806,FUSB,"FIRST US BANCSHARES, INC.",Money,Finance,1008,35,0,35,0.034722222222222224,61,36,5,17,44,0.0,1.0,2018-01-29,2021-10-30,LOW,NOT_VALIDATED,,False,EXCLUDED,industry validation/eligibility failed
1065078,CIK0001065078,NTIP,"NETWORK-1 TECHNOLOGIES, INC.",Money,Finance,1008,35,2,33,0.034722222222222224,75,40,4,15,60,0.05333333333333334,0.9466666666666667,2018-01-04,2021-09-17,LOW,NOT_VALIDATED,,False,EXCLUDED,industry validation/eligibility failed
890066,CIK0000890066,GLBZ,GLEN BURNIE BANCORP,Money,Finance,1008,36,5,31,0.03571428571428571,77,44,5,11,66,0.15584415584415584,0.8441558441558441,2018-01-29,2021-10-21,LOW,NOT_VALIDATED,,False,EXCLUDED,industry validation/eligibility failed
1466026,CIK0001466026,MSBI,"Midland States Bancorp, Inc.",Money,Finance,1008,36,0,36,0.03571428571428571,99,39,0,99,0,0.0,1.0,2018-01-29,2021-12-23,LOW,INDUSTRY_STABLE,Money,True,EXCLUDED,not highest deterministic priority within tier
1046050,CIK0001046050,TSBK,TIMBERLAND BANCORP INC,Money,Finance,1008,37,4,34,0.03670634920634921,88,47,6,20,68,0.13636363636363635,0.8636363636363636,2018-01-14,2021-11-11,LOW,NOT_VALIDATED,,False,EXCLUDED,industry validation/eligibility failed
1166928,CIK0001166928,WTBA,WEST BANCORPORATION INC,Money,Finance,1008,37,0,37,0.03670634920634921,83,39,1,77,6,0.0,1.0,2018-04-27,2021-12-28,LOW,NOT_VALIDATED,,False,EXCLUDED,industry validation/eligibility failed
1168455,CIK0001168455,PLBC,PLUMAS BANCORP,Money,Finance,1008,38,3,35,0.037698412698412696,123,45,5,77,46,0.04878048780487805,0.9512195121951219,2018-01-23,2021-12-24,LOW,INDUSTRY_STABLE,Money,True,SELECTED,deterministic industry/tier rule
842180,CIK0000842180,BBVA,"BANCO BILBAO VIZCAYA ARGENTARIA, S.A.",Money,Finance,1008,40,0,40,0.03968253968253968,90,44,3,66,24,0.0,1.0,2018-03-09,2021-12-28,LOW,NOT_VALIDATED,,False,EXCLUDED,industry validation/eligibility failed
1614806,CIK0001614806,RPT,Rithm Property Trust Inc.,Money,Finance,1008,40,0,40,0.03968253968253968,100,43,1,92,8,0.0,1.0,2018-03-13,2021-12-31,LOW,NOT_VALIDATED,,False,EXCLUDED,industry validation/eligibility failed
743367,CIK0000743367,BHB,BAR HARBOR BANKSHARES,Money,Finance,1008,41,2,40,0.040674603174603176,91,47,6,15,76,0.04395604395604396,0.9560439560439561,2018-01-17,2021-11-15,LOW,NOT_VALIDATED,,False,EXCLUDED,industry validation/eligibility failed
879635,CIK0000879635,MPB,MID PENN BANCORP INC,Money,Finance,1008,41,4,37,0.040674603174603176,123,52,7,45,78,0.06504065040650407,0.9349593495934959,2018-01-16,2021-11-05,LOW,NOT_VALIDATED,,False,EXCLUDED,industry validation/eligibility failed
1521951,CIK0001521951,FBIZ,"FIRST BUSINESS FINANCIAL SERVICES, INC.",Money,Finance,1008,41,0,41,0.040674603174603176,83,43,5,49,34,0.0,1.0,2018-01-04,2021-11-12,LOW,NOT_VALIDATED,,False,EXCLUDED,industry validation/eligibility failed
1702750,CIK0001702750,BY,"BYLINE BANCORP, INC.",Money,Finance,1008,41,0,41,0.040674603174603176,74,44,2,58,16,0.0,1.0,2018-02-15,2021-12-31,LOW,NOT_VALIDATED,,False,EXCLUDED,industry validation/eligibility failed
1141688,CIK0001141688,LARK,LANDMARK BANCORP INC,Money,Finance,1008,42,1,41,0.041666666666666664,89,53,4,31,58,0.02247191011235955,0.9775280898876404,2018-01-29,2021-11-25,LOW,NOT_VALIDATED,,False,EXCLUDED,industry validation/eligibility failed
1499543,CIK0001499543,NOAH,NOAH HOLDINGS LTD,Money,Finance,1008,42,0,42,0.041666666666666664,94,50,1,92,2,0.0,1.0,2018-01-19,2021-11-24,LOW,NOT_VALIDATED,,False,EXCLUDED,industry validation/eligibility failed
1080340,CIK0001080340,LOAN,"MANHATTAN BRIDGE CAPITAL, INC",Money,Finance,1008,43,6,37,0.04265873015873016,101,54,6,15,86,0.1188118811881188,0.8811881188118812,2018-02-06,2021-12-29,LOW,NOT_VALIDATED,,False,EXCLUDED,industry validation/eligibility failed
1527541,CIK0001527541,WHLRD,"Wheeler Real Estate Investment Trust, Inc.",Money,Finance,1008,43,2,41,0.04265873015873016,162,62,10,44,118,0.037037037037037035,0.9629629629629629,2018-01-08,2021-11-11,LOW,NOT_VALIDATED,,False,EXCLUDED,industry validation/eligibility failed
1630472,CIK0001630472,TRTX,"TPG RE Finance Trust, Inc.",Money,Finance,1008,43,0,43,0.04265873015873016,147,48,2,125,22,0.0,1.0,2018-03-27,2021-12-27,LOW,NOT_VALIDATED,,False,EXCLUDED,industry validation/eligibility failed
1050743,CIK0001050743,PGC,PEAPACK GLADSTONE FINANCIAL CORP,Money,Finance,1008,44,2,42,0.04365079365079365,156,59,6,76,80,0.02564102564102564,0.9743589743589743,2018-01-29,2021-11-23,LOW,NOT_VALIDATED,,False,EXCLUDED,industry validation/eligibility failed
1591956,CIK0001591956,ANY,DarkHorse Technologies Inc.,Money,Finance,1008,44,1,43,0.04365079365079365,208,71,4,72,136,0.019230769230769232,0.9807692307692307,2018-01-08,2021-12-29,LOW,INDUSTRY_STABLE,BusEq,False,EXCLUDED,industry validation/eligibility failed
1145255,CIK0001145255,HNNA,HENNESSY ADVISORS INC,Money,Finance,1008,45,5,41,0.044642857142857144,146,55,5,24,122,0.0684931506849315,0.9315068493150684,2018-01-25,2021-12-06,LOW,NOT_VALIDATED,,False,EXCLUDED,industry validation/eligibility failed
906465,CIK0000906465,QCRH,QCR HOLDINGS INC,Money,Finance,1008,46,0,46,0.04563492063492063,238,50,1,234,4,0.0,1.0,2018-03-14,2021-12-31,LOW,NOT_VALIDATED,,False,EXCLUDED,industry validation/eligibility failed
1494904,CIK0001494904,GBLI,"Global Indemnity Group, LLC",Money,Finance,1008,46,3,45,0.04563492063492063,103,50,6,41,62,0.05825242718446602,0.941747572815534,2018-02-28,2021-12-23,MEDIUM,NOT_VALIDATED,,False,EXCLUDED,industry validation/eligibility failed
1505732,CIK0001505732,BWFG,"Bankwell Financial Group, Inc.",Money,Finance,1008,46,4,44,0.04563492063492063,109,60,7,41,68,0.07339449541284404,0.926605504587156,2018-01-31,2021-11-13,MEDIUM,NOT_VALIDATED,,False,EXCLUDED,industry validation/eligibility failed
1185348,CIK0001185348,PRAA,PRA GROUP INC,Money,Finance,1008,49,0,49,0.04861111111111111,112,72,3,80,32,0.0,1.0,2018-02-06,2021-12-26,MEDIUM,NOT_VALIDATED,,False,EXCLUDED,industry validation/eligibility failed
1620393,CIK0001620393,NXRT,"NexPoint Residential Trust, Inc.",Money,Finance,1008,51,0,51,0.050595238095238096,136,58,2,80,56,0.0,1.0,2018-01-16,2021-12-13,MEDIUM,NOT_VALIDATED,,False,EXCLUDED,industry validation/eligibility failed
1560672,CIK0001560672,EARN,Ellington Credit Co,Money,Finance,1008,52,1,51,0.051587301587301584,128,60,4,36,92,0.015625,0.984375,2018-02-08,2021-11-26,MEDIUM,NOT_VALIDATED,,False,EXCLUDED,industry validation/eligibility failed
1631761,CIK0001631761,YRD,Yiren Digital Ltd.,Money,Finance,1008,52,0,52,0.051587301587301584,218,75,4,132,86,0.0,1.0,2018-01-02,2021-12-17,MEDIUM,NOT_VALIDATED,,False,EXCLUDED,industry validation/eligibility failed
312070,CIK0000312070,VXZ,BARCLAYS BANK PLC,Money,Finance,1008,53,0,53,0.05257936507936508,87,66,1,81,6,0.0,1.0,2018-02-09,2021-12-13,MEDIUM,NOT_VALIDATED,,False,EXCLUDED,industry validation/eligibility failed
759944,CIK0000759944,CFG,CITIZENS FINANCIAL GROUP INC/RI,Money,Finance,1008,53,0,53,0.05257936507936508,148,60,0,148,0,0.0,1.0,2018-01-22,2021-12-23,MEDIUM,NOT_VALIDATED,,False,EXCLUDED,industry validation/eligibility failed
1400810,CIK0001400810,HCI,"HCI Group, Inc.",Money,Finance,1008,53,0,53,0.05257936507936508,105,62,2,95,10,0.0,1.0,2018-03-07,2021-12-23,MEDIUM,NOT_VALIDATED,,False,EXCLUDED,industry validation/eligibility failed
1478454,CIK0001478454,EBMT,"Eagle Bancorp Montana, Inc.",Money,Finance,1008,53,3,50,0.05257936507936508,121,57,11,33,88,0.049586776859504134,0.9504132231404959,2018-01-29,2021-11-09,MEDIUM,NOT_VALIDATED,,False,EXCLUDED,industry validation/eligibility failed
1393726,CIK0001393726,TIPT,TIPTREE INC.,Money,Finance,1008,54,6,48,0.05357142857142857,134,71,6,42,92,0.08955223880597014,0.9104477611940298,2018-02-01,2021-12-07,MEDIUM,NOT_VALIDATED,,False,EXCLUDED,industry validation/eligibility failed
1034957,CIK0001034957,CRESY,CRESUD INC,Money,Finance,1008,55,0,55,0.054563492063492064,173,60,2,69,104,0.0,1.0,2018-01-11,2021-05-27,MEDIUM,NOT_VALIDATED,,False,EXCLUDED,industry validation/eligibility failed
1165002,CIK0001165002,WHG,WESTWOOD HOLDINGS GROUP INC,Money,Finance,1008,56,0,56,0.05555555555555555,139,60,4,77,62,0.0,1.0,2018-01-26,2021-12-30,MEDIUM,NOT_VALIDATED,,False,EXCLUDED,industry validation/eligibility failed
1436425,CIK0001436425,HBCP,"HOME BANCORP, INC.",Money,Finance,1008,57,5,54,0.05654761904761905,259,89,9,159,100,0.04633204633204633,0.9536679536679536,2018-01-30,2021-11-24,MEDIUM,NOT_VALIDATED,,False,EXCLUDED,industry validation/eligibility failed
874866,CIK0000874866,CRVL,CORVEL CORP,Money,Finance,1008,58,0,58,0.057539682539682536,138,70,1,136,2,0.0,1.0,2018-01-30,2021-12-19,MEDIUM,NOT_VALIDATED,,False,EXCLUDED,industry validation/eligibility failed
1286043,CIK0001286043,KRG,KITE REALTY GROUP TRUST,Money,Finance,1008,58,0,58,0.057539682539682536,129,68,5,37,92,0.0,1.0,2018-01-03,2021-07-06,MEDIUM,NOT_VALIDATED,,False,EXCLUDED,industry validation/eligibility failed
102212,CIK0000102212,UVSP,UNIVEST FINANCIAL Corp,Money,Finance,1008,59,1,58,0.05853174603174603,215,68,6,115,100,0.018604651162790697,0.9813953488372092,2018-03-01,2021-12-28,MEDIUM,NOT_VALIDATED,,False,EXCLUDED,industry validation/eligibility failed
721994,CIK0000721994,LKFN,LAKELAND FINANCIAL CORP,Money,Finance,1008,59,2,58,0.05853174603174603,181,81,10,67,114,0.03314917127071823,0.9668508287292817,2018-01-18,2021-10-22,MEDIUM,NOT_VALIDATED,,False,EXCLUDED,industry validation/eligibility failed
827876,CIK0000827876,CLSK,"CLEANSPARK, INC.",Money,Finance,1008,59,0,59,0.05853174603174603,304,89,3,298,6,0.0,1.0,2019-01-28,2021-12-24,MEDIUM,NOT_VALIDATED,,False,EXCLUDED,industry validation/eligibility failed
1571776,CIK0001571776,CHMI,Cherry Hill Mortgage Investment Corp,Money,Finance,1008,59,0,59,0.05853174603174603,340,79,5,132,208,0.0,1.0,2018-03-13,2021-12-29,MEDIUM,NOT_VALIDATED,,False,EXCLUDED,industry validation/eligibility failed
1691445,CIK0001691445,FINV,FinVolution Group,Money,Finance,1008,59,0,59,0.05853174603174603,255,89,2,201,54,0.0,1.0,2018-03-21,2021-12-03,MEDIUM,NOT_VALIDATED,,False,EXCLUDED,industry validation/eligibility failed
1403475,CIK0001403475,BMRC,Bank of Marin Bancorp,Money,Finance,1008,60,1,59,0.05952380952380952,170,84,5,110,60,0.011764705882352941,0.9882352941176471,2018-01-19,2021-12-29,MEDIUM,NOT_VALIDATED,,False,EXCLUDED,industry validation/eligibility failed
1530249,CIK0001530249,FSBW,"FS Bancorp, Inc.",Money,Finance,1008,60,5,55,0.05952380952380952,193,84,9,75,118,0.05181347150259067,0.9481865284974094,2018-01-03,2021-12-12,MEDIUM,NOT_VALIDATED,,False,EXCLUDED,industry validation/eligibility failed
874501,CIK0000874501,OSG,OCTAVE SPECIALTY GROUP INC,Money,Finance,1008,61,2,60,0.060515873015873016,205,98,6,79,126,0.01951219512195122,0.9804878048780488,2018-02-05,2021-11-14,MEDIUM,NOT_VALIDATED,,False,EXCLUDED,industry validation/eligibility failed
1070524,CIK0001070524,GCBC,GREENE COUNTY BANCORP INC,Money,Finance,1008,61,5,56,0.060515873015873016,151,67,5,101,50,0.06622516556291391,0.9337748344370861,2018-01-03,2021-12-06,MEDIUM,NOT_VALIDATED,,False,EXCLUDED,industry validation/eligibility failed
1082324,CIK0001082324,VHC,VirnetX Holding Corp,Money,Finance,1008,62,6,59,0.061507936507936505,214,106,8,84,130,0.06542056074766354,0.9345794392523364,2018-01-08,2021-11-23,MEDIUM,NOT_VALIDATED,,False,EXCLUDED,industry validation/eligibility failed
1703644,CIK0001703644,GPMT,Granite Point Mortgage Trust Inc.,Money,Finance,1008,63,0,63,0.0625,193,67,2,169,24,0.0,1.0,2018-01-27,2021-12-29,MEDIUM,NOT_VALIDATED,,False,EXCLUDED,industry validation/eligibility failed
875357,CIK0000875357,BOKF,BOK FINANCIAL CORP,Money,Finance,1008,64,0,64,0.06349206349206349,115,68,1,83,32,0.0,1.0,2018-01-29,2021-12-22,MEDIUM,NOT_VALIDATED,,False,EXCLUDED,industry validation/eligibility failed
934549,CIK0000934549,ACTG,ACACIA RESEARCH CORP,Money,Finance,1008,64,2,62,0.06349206349206349,210,96,10,52,158,0.06666666666666667,0.9333333333333333,2018-02-13,2021-12-22,MEDIUM,NOT_VALIDATED,,False,EXCLUDED,industry validation/eligibility failed
1234006,CIK0001234006,GOOD,GLADSTONE COMMERCIAL CORP,Money,Finance,1008,64,0,64,0.06349206349206349,123,71,3,95,28,0.0,1.0,2018-01-18,2021-12-26,MEDIUM,NOT_VALIDATED,,False,EXCLUDED,industry validation/eligibility failed
33992,CIK0000033992,KINS,"KINGSTONE COMPANIES, INC.",Money,Finance,1008,66,3,63,0.06547619047619048,155,74,7,61,94,0.03870967741935484,0.9612903225806452,2018-01-09,2021-11-26,MEDIUM,NOT_VALIDATED,,False,EXCLUDED,industry validation/eligibility failed
1769731,CIK0001769731,AMTD,AMTD IDEA GROUP,Money,Finance,1008,66,0,66,0.06547619047619048,134,80,1,130,4,0.0,1.0,2018-01-22,2021-03-08,MEDIUM,NOT_VALIDATED,,False,EXCLUDED,industry validation/eligibility failed
1128361,CIK0001128361,HOPE,HOPE BANCORP INC,Money,Finance,1008,67,0,67,0.06646825396825397,128,75,1,116,12,0.0,1.0,2018-01-03,2021-12-23,MEDIUM,NOT_VALIDATED,,False,EXCLUDED,industry validation/eligibility failed
1258602,CIK0001258602,NNI,NELNET INC,Money,Finance,1008,67,5,62,0.06646825396825397,176,87,8,68,108,0.056818181818181816,0.9431818181818182,2018-02-04,2021-11-29,MEDIUM,NOT_VALIDATED,,False,EXCLUDED,industry validation/eligibility failed
1650132,CIK0001650132,FCPT,"Four Corners Property Trust, Inc.",Money,Finance,1008,67,0,67,0.06646825396825397,129,75,2,119,10,0.0,1.0,2018-01-10,2021-12-31,MEDIUM,NOT_VALIDATED,,False,EXCLUDED,industry validation/eligibility failed
726601,CIK0000726601,CCBG,CAPITAL CITY BANK GROUP INC,Money,Finance,1008,70,3,67,0.06944444444444445,188,91,9,74,114,0.0425531914893617,0.9574468085106383,2018-01-05,2021-12-02,MEDIUM,NOT_VALIDATED,,False,EXCLUDED,industry validation/eligibility failed
790816,CIK0000790816,BDN,BRANDYWINE REALTY TRUST,Money,Finance,1008,70,0,70,0.06944444444444445,136,75,1,120,16,0.0,1.0,2018-01-05,2021-12-31,MEDIUM,INDUSTRY_STABLE,Money,True,EXCLUDED,not highest deterministic priority within tier
1178970,CIK0001178970,PFS,PROVIDENT FINANCIAL SERVICES INC,Money,Finance,1008,70,1,69,0.06944444444444445,151,88,5,101,50,0.026490066225165563,0.9735099337748344,2018-01-04,2021-12-23,MEDIUM,NOT_VALIDATED,,False,EXCLUDED,industry validation/eligibility failed
1018979,CIK0001018979,AMSF,AMERISAFE INC,Money,Finance,1008,71,0,71,0.07043650793650794,199,87,2,135,64,0.0,1.0,2018-01-04,2021-11-27,MEDIUM,NOT_VALIDATED,,False,EXCLUDED,industry validation/eligibility failed
1130144,CIK0001130144,BSRR,SIERRA BANCORP,Money,Finance,1008,71,6,67,0.07043650793650794,199,94,6,101,98,0.06030150753768844,0.9396984924623115,2018-01-19,2021-10-27,MEDIUM,NOT_VALIDATED,,False,EXCLUDED,industry validation/eligibility failed
1610853,CIK0001610853,HSDT,Solana Co,Money,Finance,1008,71,1,70,0.07043650793650794,184,116,3,166,18,0.010869565217391304,0.9891304347826086,2018-04-11,2021-12-30,MEDIUM,NOT_VALIDATED,,False,EXCLUDED,industry validation/eligibility failed
108385,CIK0000108385,WRLD,WORLD ACCEPTANCE CORP,Money,Finance,1008,72,1,71,0.07142857142857142,261,117,10,55,206,0.01532567049808429,0.9846743295019157,2018-01-22,2021-11-15,MEDIUM,NOT_VALIDATED,,False,EXCLUDED,industry validation/eligibility failed
1598665,CIK0001598665,HRTG,"Heritage Insurance Holdings, Inc.",Money,Finance,1008,72,8,65,0.07142857142857142,228,105,8,58,170,0.07894736842105263,0.9210526315789473,2018-01-22,2021-11-29,MEDIUM,NOT_VALIDATED,,False,EXCLUDED,industry validation/eligibility failed
763563,CIK0000763563,CHMG,CHEMUNG FINANCIAL CORP,Money,Finance,1008,73,4,69,0.07242063492063493,181,92,8,81,100,0.04419889502762431,0.9558011049723757,2018-01-26,2021-12-16,MEDIUM,NOT_VALIDATED,,False,EXCLUDED,industry validation/eligibility failed
1042776,CIK0001042776,PDM,"Piedmont Realty Trust, Inc.",Money,Finance,1008,73,0,73,0.07242063492063493,185,81,1,173,12,0.0,1.0,2018-01-15,2021-11-23,MEDIUM,NOT_VALIDATED,,False,EXCLUDED,industry validation/eligibility failed
1500217,CIK0001500217,AAT,"American Assets Trust, Inc.",Money,Finance,1008,73,0,73,0.07242063492063493,125,80,1,117,8,0.0,1.0,2018-01-04,2021-12-07,MEDIUM,NOT_VALIDATED,,False,EXCLUDED,industry validation/eligibility failed
1298946,CIK0001298946,DRH,DiamondRock Hospitality Co,Money,Finance,1008,74,0,74,0.07341269841269842,173,86,0,173,0,0.0,1.0,2018-01-05,2021-11-07,MEDIUM,NOT_VALIDATED,,False,EXCLUDED,industry validation/eligibility failed
907254,CIK0000907254,BFS,"SAUL CENTERS, INC.",Money,Finance,1008,76,3,73,0.07539682539682539,171,97,10,73,98,0.03508771929824561,0.9649122807017544,2018-01-09,2021-12-29,MEDIUM,NOT_VALIDATED,,False,EXCLUDED,industry validation/eligibility failed
913353,CIK0000913353,CIGI,Colliers International Group Inc.,Money,Finance,1008,76,0,76,0.07539682539682539,234,94,3,200,34,0.0,1.0,2018-01-03,2021-12-29,MEDIUM,INDUSTRY_STABLE,Money,True,EXCLUDED,not highest deterministic priority within tier
1547903,CIK0001547903,NMIH,"NMI Holdings, Inc.",Money,Finance,1008,76,0,76,0.07539682539682539,353,99,3,293,60,0.0,1.0,2018-02-07,2021-12-24,MEDIUM,NOT_VALIDATED,,False,EXCLUDED,industry validation/eligibility failed
1622194,CIK0001622194,DEA,"Easterly Government Properties, Inc.",Money,Finance,1008,76,0,76,0.07539682539682539,154,81,1,132,22,0.0,1.0,2018-01-03,2021-12-28,MEDIUM,NOT_VALIDATED,,False,EXCLUDED,industry validation/eligibility failed
790359,CIK0000790359,NBTB,NBT BANCORP INC,Money,Finance,1008,77,2,75,0.0763888888888889,177,102,9,63,114,0.022598870056497175,0.9774011299435028,2018-01-22,2021-12-15,MEDIUM,NOT_VALIDATED,,False,EXCLUDED,industry validation/eligibility failed
1518621,CIK0001518621,ORC,"Orchid Island Capital, Inc.",Money,Finance,1008,77,0,77,0.0763888888888889,431,82,3,189,242,0.0,1.0,2018-01-05,2021-12-29,MEDIUM,NOT_VALIDATED,,False,EXCLUDED,industry validation/eligibility failed
356171,CIK0000356171,TCBK,TRICO BANCSHARES /,Money,Finance,1008,78,5,73,0.07738095238095238,185,90,9,95,90,0.05405405405405406,0.9459459459459459,2018-01-02,2021-12-20,MEDIUM,NOT_VALIDATED,,False,EXCLUDED,industry validation/eligibility failed
800457,CIK0000800457,DGICA,DONEGAL GROUP INC,Money,Finance,1008,78,10,68,0.07738095238095238,321,119,11,107,214,0.06853582554517133,0.9314641744548287,2018-01-10,2021-10-28,MEDIUM,NOT_VALIDATED,,False,EXCLUDED,industry validation/eligibility failed
944745,CIK0000944745,CIVB,"CIVISTA BANCSHARES, INC.",Money,Finance,1008,78,1,77,0.07738095238095238,300,94,5,234,66,0.013333333333333334,0.9866666666666667,2018-01-19,2021-12-18,MEDIUM,NOT_VALIDATED,,False,EXCLUDED,industry validation/eligibility failed
1127371,CIK0001127371,CWBC,Community West Bancshares,Money,Finance,1008,78,0,78,0.07738095238095238,170,100,6,84,86,0.0,1.0,2018-01-08,2021-12-31,MEDIUM,NOT_VALIDATED,,False,EXCLUDED,industry validation/eligibility failed
1228454,CIK0001228454,BCBP,BCB BANCORP INC,Money,Finance,1008,78,8,70,0.07738095238095238,278,97,8,160,118,0.05755395683453238,0.9424460431654677,2018-01-19,2021-12-28,MEDIUM,NOT_VALIDATED,,False,EXCLUDED,industry validation/eligibility failed
1529377,CIK0001529377,ACRE,Ares Commercial Real Estate Corp,Money,Finance,1008,78,1,77,0.07738095238095238,365,120,8,217,148,0.005479452054794521,0.9945205479452055,2018-02-26,2021-12-29,MEDIUM,NOT_VALIDATED,,False,EXCLUDED,industry validation/eligibility failed
1620459,CIK0001620459,JRVR,"James River Group Holdings, Inc.",Money,Finance,1008,78,10,70,0.07738095238095238,279,108,12,41,238,0.07168458781362007,0.9283154121863799,2018-02-06,2021-09-30,MEDIUM,NOT_VALIDATED,,False,EXCLUDED,industry validation/eligibility failed
796534,CIK0000796534,NKSH,NATIONAL BANKSHARES INC,Money,Finance,1008,81,6,76,0.08035714285714286,235,113,9,91,144,0.05106382978723404,0.948936170212766,2018-01-04,2021-12-15,MEDIUM,NOT_VALIDATED,,False,EXCLUDED,industry validation/eligibility failed
845877,CIK0000845877,AGM-A,FEDERAL AGRICULTURAL MORTGAGE CORP,Money,Finance,1008,82,1,81,0.08134920634920635,187,98,3,107,80,0.0106951871657754,0.9893048128342246,2018-01-05,2021-12-14,MEDIUM,NOT_VALIDATED,,False,EXCLUDED,industry validation/eligibility failed
1397911,CIK0001397911,LPLA,LPL Financial Holdings Inc.,Money,Finance,1008,82,0,82,0.08134920634920635,156,93,3,110,46,0.0,1.0,2018-01-17,2021-09-01,MEDIUM,NOT_VALIDATED,,False,EXCLUDED,industry validation/eligibility failed
1472787,CIK0001472787,FAF,First American Financial Corp,Money,Finance,1008,82,0,82,0.08134920634920635,174,103,3,158,16,0.0,1.0,2018-01-04,2021-12-31,MEDIUM,INDUSTRY_STABLE,Money,True,EXCLUDED,not highest deterministic priority within tier
910108,CIK0000910108,LXP,LXP Industrial Trust,Money,Finance,1008,83,1,82,0.08234126984126984,247,112,7,59,188,0.008097165991902834,0.9919028340080972,2018-01-18,2021-08-11,MEDIUM,NOT_VALIDATED,,False,EXCLUDED,industry validation/eligibility failed
1456772,CIK0001456772,OPI,OFFICE PROPERTIES INCOME TRUST,Money,Finance,1008,83,3,81,0.08234126984126984,268,106,7,186,82,0.029850746268656716,0.9701492537313433,2018-01-25,2021-11-29,MEDIUM,NOT_VALIDATED,,False,EXCLUDED,industry validation/eligibility failed
318300,CIK0000318300,PEBO,PEOPLES BANCORP INC,Money,Finance,1008,84,6,79,0.08333333333333333,236,127,10,64,172,0.059322033898305086,0.940677966101695,2018-01-09,2021-12-31,MEDIUM,NOT_VALIDATED,,False,EXCLUDED,industry validation/eligibility failed
883948,CIK0000883948,AUB,Atlantic Union Bankshares Corp,Money,Finance,1008,84,2,82,0.08333333333333333,318,91,4,186,132,0.012578616352201259,0.9874213836477987,2018-01-10,2021-12-23,MEDIUM,NOT_VALIDATED,,False,EXCLUDED,industry validation/eligibility failed
1519401,CIK0001519401,RM,Regional Management Corp.,Money,Finance,1008,84,2,84,0.08333333333333333,313,122,8,115,198,0.012779552715654952,0.987220447284345,2018-02-13,2021-11-22,MEDIUM,NOT_VALIDATED,,False,EXCLUDED,industry validation/eligibility failed
1562463,CIK0001562463,INBK,First Internet Bancorp,Money,Finance,1008,85,1,84,0.08432539682539683,350,107,6,228,122,0.005714285714285714,0.9942857142857143,2018-01-11,2021-12-30,MEDIUM,NOT_VALIDATED,,False,EXCLUDED,industry validation/eligibility failed
712771,CIK0000712771,CNOB,"ConnectOne Bancorp, Inc.",Money,Finance,1008,88,5,83,0.0873015873015873,280,137,10,112,168,0.05714285714285714,0.9428571428571428,2018-01-09,2021-12-23,MEDIUM,NOT_VALIDATED,,False,EXCLUDED,industry validation/eligibility failed
887343,CIK0000887343,COLB,"COLUMBIA BANKING SYSTEM, INC.",Money,Finance,1008,90,5,86,0.08928571428571429,228,131,8,120,108,0.043859649122807015,0.956140350877193,2018-01-25,2021-12-30,MEDIUM,NOT_VALIDATED,,False,EXCLUDED,industry validation/eligibility failed
1406587,CIK0001406587,FOR,Forestar Group Inc.,Money,Finance,1008,90,6,85,0.08928571428571429,239,117,10,119,120,0.0502092050209205,0.9497907949790795,2018-01-09,2021-12-24,MEDIUM,NOT_VALIDATED,,False,EXCLUDED,industry validation/eligibility failed
1476045,CIK0001476045,CLDT,Chatham Lodging Trust,Money,Finance,1008,90,1,89,0.08928571428571429,269,129,6,111,158,0.007434944237918215,0.9925650557620818,2018-01-10,2021-03-05,MEDIUM,NOT_VALIDATED,,False,EXCLUDED,industry validation/eligibility failed
1587987,CIK0001587987,NEWT,"NewtekOne, Inc.",Money,Finance,1008,91,4,88,0.09027777777777778,315,126,9,139,176,0.031746031746031744,0.9682539682539683,2018-02-07,2021-12-16,MEDIUM,NOT_VALIDATED,,False,EXCLUDED,industry validation/eligibility failed
1404912,CIK0001404912,KKR,KKR & Co. Inc.,Money,Finance,1008,92,0,92,0.09126984126984126,202,99,0,202,0,0.0,1.0,2018-01-25,2021-12-28,MEDIUM,NOT_VALIDATED,,False,EXCLUDED,industry validation/eligibility failed
860413,CIK0000860413,FIBK,FIRST INTERSTATE BANCSYSTEM INC,Money,Finance,1008,95,1,94,0.09424603174603174,206,111,8,106,100,0.009708737864077669,0.9902912621359223,2018-01-19,2021-12-16,MEDIUM,NOT_VALIDATED,,False,EXCLUDED,industry validation/eligibility failed
1364250,CIK0001364250,DEI,Douglas Emmett Inc,Money,Finance,1008,95,0,95,0.09424603174603174,212,99,1,184,28,0.0,1.0,2018-01-10,2021-12-29,MEDIUM,NOT_VALIDATED,,False,EXCLUDED,industry validation/eligibility failed
1575965,CIK0001575965,GLPI,"Gaming & Leisure Properties, Inc.",Money,Finance,1008,95,0,95,0.09424603174603174,178,103,0,178,0,0.0,1.0,2018-01-01,2021-12-23,MEDIUM,NOT_VALIDATED,,False,EXCLUDED,industry validation/eligibility failed
1056288,CIK0001056288,FHI,"FEDERATED HERMES, INC.",Money,Finance,1008,99,0,99,0.09821428571428571,341,136,1,333,8,0.0,1.0,2020-02-04,2021-12-22,MEDIUM,NOT_VALIDATED,,False,EXCLUDED,industry validation/eligibility failed
1488813,CIK0001488813,CUBI,"Customers Bancorp, Inc.",Money,Finance,1008,100,10,91,0.0992063492063492,306,143,8,136,170,0.06535947712418301,0.934640522875817,2018-01-02,2021-12-29,MEDIUM,INDUSTRY_STABLE,Money,True,EXCLUDED,not highest deterministic priority within tier
1004702,CIK0001004702,OCFC,OCEANFIRST FINANCIAL CORP,Money,Finance,1008,102,3,100,0.10119047619047619,334,142,5,154,180,0.017964071856287425,0.9820359281437125,2018-01-12,2021-12-21,MEDIUM,NOT_VALIDATED,,False,EXCLUDED,industry validation/eligibility failed
1471265,CIK0001471265,NWBI,"Northwest Bancshares, Inc.",Money,Finance,1008,103,3,100,0.10218253968253968,356,141,9,170,186,0.02247191011235955,0.9775280898876404,2018-01-22,2021-12-14,MEDIUM,NOT_VALIDATED,,False,EXCLUDED,industry validation/eligibility failed
714310,CIK0000714310,VLY,VALLEY NATIONAL BANCORP,Money,Finance,1008,104,1,103,0.10317460317460317,390,135,7,228,162,0.005128205128205128,0.9948717948717949,2018-01-03,2021-11-02,MEDIUM,NOT_VALIDATED,,False,EXCLUDED,industry validation/eligibility failed
922864,CIK0000922864,AIV,APARTMENT INVESTMENT & MANAGEMENT CO,Money,Finance,1008,104,0,104,0.10317460317460317,274,123,3,158,116,0.0,1.0,2018-01-09,2021-12-16,MEDIUM,NOT_VALIDATED,,False,EXCLUDED,industry validation/eligibility failed
1511337,CIK0001511337,RLJ,RLJ Lodging Trust,Money,Finance,1008,104,0,104,0.10317460317460317,256,135,11,108,148,0.0,1.0,2018-01-23,2021-12-29,MEDIUM,NOT_VALIDATED,,False,EXCLUDED,industry validation/eligibility failed
750686,CIK0000750686,CAC,CAMDEN NATIONAL CORP,Money,Finance,1008,105,1,104,0.10416666666666667,404,138,8,232,172,0.009900990099009901,0.9900990099009901,2018-01-10,2021-12-25,MEDIUM,NOT_VALIDATED,,False,EXCLUDED,industry validation/eligibility failed
1212545,CIK0001212545,WAL,WESTERN ALLIANCE BANCORPORATION,Money,Finance,1008,105,0,105,0.10416666666666667,307,128,2,271,36,0.0,1.0,2018-01-23,2021-11-17,MEDIUM,NOT_VALIDATED,,False,EXCLUDED,industry validation/eligibility failed
1409493,CIK0001409493,CIM,CHIMERA INVESTMENT CORP,Money,Finance,1008,105,0,105,0.10416666666666667,302,127,3,270,32,0.0,1.0,2018-01-13,2021-12-28,MEDIUM,NOT_VALIDATED,,False,EXCLUDED,industry validation/eligibility failed
67088,CIK0000067088,MUFG,MITSUBISHI UFJ FINANCIAL GROUP INC,Money,Finance,1008,106,0,106,0.10515873015873016,258,133,3,228,30,0.0,1.0,2018-01-18,2021-12-28,MEDIUM,NOT_VALIDATED,,False,EXCLUDED,industry validation/eligibility failed
1224608,CIK0001224608,CNO,"CNO Financial Group, Inc.",Money,Finance,1008,107,0,107,0.10615079365079365,233,133,3,201,32,0.0,1.0,2018-01-19,2021-12-08,MEDIUM,NOT_VALIDATED,,False,EXCLUDED,industry validation/eligibility failed
1591670,CIK0001591670,FPI,Farmland Partners Inc.,Money,Finance,1008,110,8,103,0.10912698412698413,355,167,8,75,280,0.05070422535211268,0.9492957746478873,2018-01-19,2021-12-30,MEDIUM,NOT_VALIDATED,,False,EXCLUDED,industry validation/eligibility failed
922621,CIK0000922621,ERIE,ERIE INDEMNITY CO,Money,Finance,1008,111,4,107,0.11011904761904762,268,137,7,100,168,0.029850746268656716,0.9701492537313433,2018-01-10,2021-12-31,MEDIUM,NOT_VALIDATED,,False,EXCLUDED,industry validation/eligibility failed
1418121,CIK0001418121,APLE,"Apple Hospitality REIT, Inc.",Money,Finance,1008,114,0,114,0.1130952380952381,211,120,1,207,4,0.0,1.0,2018-01-17,2021-12-29,MEDIUM,NOT_VALIDATED,,False,EXCLUDED,industry validation/eligibility failed
1541401,CIK0001541401,ESRT,"Empire State Realty Trust, Inc.",Money,Finance,1008,114,0,114,0.1130952380952381,317,149,9,165,152,0.0,1.0,2018-01-10,2021-12-16,MEDIUM,NOT_VALIDATED,,False,EXCLUDED,industry validation/eligibility failed
1169770,CIK0001169770,BANC,"BANC OF CALIFORNIA, INC.",Money,Finance,1008,115,8,109,0.11408730158730158,365,187,10,147,218,0.049315068493150684,0.9506849315068493,2018-01-03,2021-12-20,MEDIUM,NOT_VALIDATED,,False,EXCLUDED,industry validation/eligibility failed
1467760,CIK0001467760,ARI,"Apollo Commercial Real Estate Finance, Inc.",Money,Finance,1008,117,0,117,0.11607142857142858,355,147,6,237,118,0.0,1.0,2018-01-11,2021-12-29,MEDIUM,NOT_VALIDATED,,False,EXCLUDED,industry validation/eligibility failed
1584207,CIK0001584207,OMF,"OneMain Holdings, Inc.",Money,Finance,1008,117,1,117,0.11607142857142858,389,172,5,287,102,0.015424164524421594,0.9845758354755784,2018-01-03,2021-11-26,MEDIUM,NOT_VALIDATED,,False,EXCLUDED,industry validation/eligibility failed
1298675,CIK0001298675,CUBE,CubeSmart,Money,Finance,1008,119,0,119,0.11805555555555555,270,147,3,244,26,0.0,1.0,2018-01-03,2021-12-31,MEDIUM,INDUSTRY_STABLE,Money,True,SELECTED,deterministic industry/tier rule
1561894,CIK0001561894,HASI,"HA Sustainable Infrastructure Capital, Inc.",Money,Finance,1008,121,0,121,0.12003968253968254,269,137,3,235,34,0.0,1.0,2018-01-05,2021-12-23,MEDIUM,NOT_VALIDATED,,False,EXCLUDED,industry validation/eligibility failed
921082,CIK0000921082,HIW,"HIGHWOODS PROPERTIES, INC.",Money,Finance,1008,126,4,123,0.125,351,173,10,125,226,0.02849002849002849,0.9715099715099715,2018-01-04,2021-12-30,MEDIUM,NOT_VALIDATED,,False,EXCLUDED,industry validation/eligibility failed
2082866,CIK0002082866,PNFP,"Pinnacle Financial Partners, Inc.",Money,Finance,1008,126,1,125,0.125,445,170,7,279,166,0.0044943820224719105,0.9955056179775281,2018-01-15,2021-12-17,MEDIUM,NOT_VALIDATED,,False,EXCLUDED,industry validation/eligibility failed
1577670,CIK0001577670,LADR,Ladder Capital Corp,Money,Finance,1008,129,1,129,0.12797619047619047,565,188,12,233,332,0.0035398230088495575,0.9964601769911504,2018-01-16,2021-04-22,MEDIUM,NOT_VALIDATED,,False,EXCLUDED,industry validation/eligibility failed
1040829,CIK0001040829,RHP,"Ryman Hospitality Properties, Inc.",Money,Finance,1008,131,1,131,0.12996031746031747,391,173,6,125,266,0.005115089514066497,0.9948849104859335,2018-01-09,2021-11-11,MEDIUM,NOT_VALIDATED,,False,EXCLUDED,industry validation/eligibility failed
1075415,CIK0001075415,DHC,DIVERSIFIED HEALTHCARE TRUST,Money,Finance,1008,132,5,127,0.13095238095238096,387,185,5,229,158,0.025839793281653745,0.9741602067183462,2018-01-02,2021-12-11,MEDIUM,NOT_VALIDATED,,False,EXCLUDED,industry validation/eligibility failed
1084961,CIK0001084961,ECPG,ENCORE CAPITAL GROUP INC,Money,Finance,1008,132,2,131,0.13095238095238096,412,175,10,152,260,0.009708737864077669,0.9902912621359223,2018-01-02,2021-12-29,MEDIUM,INDUSTRY_STABLE,Money,True,SELECTED,deterministic industry/tier rule
317788,CIK0000317788,APPS,"Digital Turbine, Inc.",Money,Finance,1008,133,0,133,0.13194444444444445,402,196,2,294,108,0.0,1.0,2018-03-01,2021-12-30,MEDIUM,NOT_VALIDATED,,False,EXCLUDED,industry validation/eligibility failed
1001290,CIK0001001290,BAP,CREDICORP LTD,Money,Finance,1008,134,1,133,0.13293650793650794,409,174,7,185,224,0.004889975550122249,0.9951100244498777,2018-01-04,2021-12-27,MEDIUM,NOT_VALIDATED,,False,EXCLUDED,industry validation/eligibility failed
1411342,CIK0001411342,EFC,Ellington Financial Inc.,Money,Finance,1008,134,2,132,0.13293650793650794,493,196,11,199,294,0.008113590263691683,0.9918864097363083,2018-01-09,2021-12-28,MEDIUM,NOT_VALIDATED,,False,EXCLUDED,industry validation/eligibility failed
765880,CIK0000765880,DOC,"HEALTHPEAK PROPERTIES, INC.",Money,Finance,1008,135,2,134,0.13392857142857142,660,184,4,220,440,0.006060606060606061,0.9939393939393939,2018-01-04,2021-12-29,HIGH,NOT_VALIDATED,,False,EXCLUDED,industry validation/eligibility failed
351569,CIK0000351569,ABCB,Ameris Bancorp,Money,Finance,1008,136,6,132,0.1349206349206349,571,164,7,495,76,0.021015761821366025,0.978984238178634,2018-01-16,2021-12-29,HIGH,NOT_VALIDATED,,False,EXCLUDED,industry validation/eligibility failed
885550,CIK0000885550,CACC,CREDIT ACCEPTANCE CORP,Money,Finance,1008,136,0,136,0.1349206349206349,560,180,4,440,120,0.0,1.0,2018-01-04,2021-11-24,HIGH,NOT_VALIDATED,,False,EXCLUDED,industry validation/eligibility failed
906345,CIK0000906345,CPT,CAMDEN PROPERTY TRUST,Money,Finance,1008,136,2,134,0.1349206349206349,337,171,10,137,200,0.011869436201780416,0.9881305637982196,2018-01-05,2021-12-16,HIGH,NOT_VALIDATED,,False,EXCLUDED,industry validation/eligibility failed
1517302,CIK0001517302,APAM,Artisan Partners Asset Management Inc.,Money,Finance,1008,138,0,138,0.13690476190476192,418,177,7,150,268,0.0,1.0,2018-01-08,2021-12-15,HIGH,NOT_VALIDATED,,False,EXCLUDED,industry validation/eligibility failed
1745916,CIK0001745916,PFSI,"PennyMac Financial Services, Inc.",Money,Finance,1008,138,3,136,0.13690476190476192,399,177,6,217,182,0.015037593984962405,0.9849624060150376,2018-01-19,2021-12-30,HIGH,NOT_VALIDATED,,False,EXCLUDED,industry validation/eligibility failed
1010470,CIK0001010470,PROV,PROVIDENT FINANCIAL HOLDINGS INC,Money,Finance,1008,141,7,135,0.13988095238095238,411,229,10,169,242,0.0535279805352798,0.9464720194647201,2018-01-04,2021-12-27,HIGH,NOT_VALIDATED,,False,EXCLUDED,industry validation/eligibility failed
1529864,CIK0001529864,ENVA,"Enova International, Inc.",Money,Finance,1008,141,2,140,0.13988095238095238,588,204,7,290,298,0.01020408163265306,0.9897959183673469,2018-01-30,2021-12-05,HIGH,NOT_VALIDATED,,False,EXCLUDED,industry validation/eligibility failed
1482512,CIK0001482512,HPP,"Hudson Pacific Properties, Inc.",Money,Finance,1008,142,2,141,0.14087301587301587,363,191,12,151,212,0.02203856749311295,0.977961432506887,2018-01-08,2021-12-22,HIGH,NOT_VALIDATED,,False,EXCLUDED,industry validation/eligibility failed
1103838,CIK0001103838,IBN,ICICI BANK LTD,Money,Finance,1008,144,0,144,0.14285714285714285,648,199,9,240,408,0.0,1.0,2018-01-16,2021-11-23,HIGH,NOT_VALIDATED,,False,EXCLUDED,industry validation/eligibility failed
1214816,CIK0001214816,AXS,AXIS CAPITAL HOLDINGS LTD,Money,Finance,1008,144,6,138,0.14285714285714285,507,191,13,103,404,0.027613412228796843,0.9723865877712031,2018-01-04,2021-12-21,HIGH,NOT_VALIDATED,,False,EXCLUDED,industry validation/eligibility failed
1273813,CIK0001273813,AGO,ASSURED GUARANTY LTD,Money,Finance,1008,144,1,143,0.14285714285714285,468,203,11,186,282,0.004273504273504274,0.9957264957264957,2018-01-04,2021-12-03,HIGH,NOT_VALIDATED,,False,EXCLUDED,industry validation/eligibility failed
944695,CIK0000944695,THG,"HANOVER INSURANCE GROUP, INC.",Money,Finance,1008,146,5,142,0.14484126984126985,436,202,11,142,294,0.022935779816513763,0.9770642201834863,2018-01-31,2021-12-23,HIGH,NOT_VALIDATED,,False,EXCLUDED,industry validation/eligibility failed
1504008,CIK0001504008,BKU,"BankUnited, Inc.",Money,Finance,1008,146,5,143,0.14484126984126985,524,217,13,246,278,0.022900763358778626,0.9770992366412213,2018-01-09,2021-12-27,HIGH,NOT_VALIDATED,,False,EXCLUDED,industry validation/eligibility failed
877860,CIK0000877860,NHI,NATIONAL HEALTH INVESTORS INC,Money,Finance,1008,147,5,142,0.14583333333333334,410,217,11,178,232,0.024390243902439025,0.975609756097561,2018-01-09,2021-12-29,HIGH,NOT_VALIDATED,,False,EXCLUDED,industry validation/eligibility failed
883237,CIK0000883237,VRTS,"VIRTUS INVESTMENT PARTNERS, INC.",Money,Finance,1008,148,2,146,0.14682539682539683,504,198,7,334,170,0.007936507936507936,0.9920634920634921,2018-01-09,2021-12-29,HIGH,NOT_VALIDATED,,False,EXCLUDED,industry validation/eligibility failed
1232582,CIK0001232582,AHT,ASHFORD HOSPITALITY TRUST INC,Money,Finance,1008,149,0,149,0.14781746031746032,540,210,8,372,168,0.0,1.0,2018-01-03,2021-12-28,HIGH,NOT_VALIDATED,,False,EXCLUDED,industry validation/eligibility failed
887905,CIK0000887905,LTC,LTC PROPERTIES INC,Money,Finance,1008,150,6,144,0.1488095238095238,414,194,8,204,210,0.028985507246376812,0.9710144927536232,2018-01-02,2021-12-02,HIGH,NOT_VALIDATED,,False,EXCLUDED,industry validation/eligibility failed
1579877,CIK0001579877,OUT,OUTFRONT Media Inc.,Money,Finance,1008,150,0,150,0.1488095238095238,534,208,4,356,178,0.0,1.0,2018-01-03,2021-12-24,HIGH,NOT_VALIDATED,,False,EXCLUDED,industry validation/eligibility failed
1581068,CIK0001581068,BRX,Brixmor Property Group Inc.,Money,Finance,1008,150,5,145,0.1488095238095238,452,200,13,100,352,0.022123893805309734,0.9778761061946902,2018-01-02,2021-12-22,HIGH,NOT_VALIDATED,,False,EXCLUDED,industry validation/eligibility failed
1524358,CIK0001524358,VAC,MARRIOTT VACATIONS WORLDWIDE Corp,Money,Finance,1008,151,0,151,0.1498015873015873,384,187,6,206,178,0.0,1.0,2018-01-22,2021-12-22,HIGH,NOT_VALIDATED,,False,EXCLUDED,industry validation/eligibility failed
1069157,CIK0001069157,EWBC,EAST WEST BANCORP INC,Money,Finance,1008,152,4,148,0.15079365079365079,547,251,11,205,342,0.014625228519195612,0.9853747714808044,2018-01-09,2021-11-20,HIGH,NOT_VALIDATED,,False,EXCLUDED,industry validation/eligibility failed
1333493,CIK0001333493,EHTH,"eHealth, Inc.",Money,Finance,1008,154,5,154,0.1527777777777778,948,332,14,332,616,0.010548523206751054,0.989451476793249,2018-01-02,2021-11-09,HIGH,NOT_VALIDATED,,False,EXCLUDED,industry validation/eligibility failed
1448893,CIK0001448893,ESNT,Essent Group Ltd.,Money,Finance,1008,154,4,152,0.1527777777777778,601,229,12,247,354,0.013311148086522463,0.9866888519134775,2018-01-08,2021-12-06,HIGH,NOT_VALIDATED,,False,EXCLUDED,industry validation/eligibility failed
1592386,CIK0001592386,VIRT,"Virtu Financial, Inc.",Money,Finance,1008,154,1,153,0.1527777777777778,521,225,9,371,150,0.003838771593090211,0.9961612284069098,2018-02-06,2021-12-15,HIGH,NOT_VALIDATED,,False,EXCLUDED,industry validation/eligibility failed
1265131,CIK0001265131,HTH,Hilltop Holdings Inc.,Money,Finance,1008,158,6,155,0.15674603174603174,622,233,12,272,350,0.01929260450160772,0.9807073954983923,2018-01-05,2021-12-23,HIGH,NOT_VALIDATED,,False,EXCLUDED,industry validation/eligibility failed
1025996,CIK0001025996,KRC,KILROY REALTY CORP,Money,Finance,1008,159,6,155,0.15773809523809523,428,209,10,160,268,0.028037383177570093,0.9719626168224299,2018-01-04,2021-12-29,HIGH,NOT_VALIDATED,,False,EXCLUDED,industry validation/eligibility failed
1476150,CIK0001476150,TRNO,Terreno Realty Corp,Money,Finance,1008,160,4,157,0.15873015873015872,529,227,10,229,300,0.015122873345935728,0.9848771266540642,2018-01-02,2021-12-27,HIGH,NOT_VALIDATED,,False,EXCLUDED,industry validation/eligibility failed
1029199,CIK0001029199,EEFT,"EURONET WORLDWIDE, INC.",Money,Finance,1008,163,8,156,0.16170634920634921,487,232,13,201,286,0.03696098562628337,0.9630390143737166,2018-01-02,2021-12-22,HIGH,NOT_VALIDATED,,False,EXCLUDED,industry validation/eligibility failed
1278680,CIK0001278680,IAU,ISHARES GOLD TRUST,Money,Finance,1008,164,0,164,0.1626984126984127,582,193,1,200,382,0.0,1.0,2018-01-02,2021-12-20,HIGH,NOT_VALIDATED,,False,EXCLUDED,industry validation/eligibility failed
910606,CIK0000910606,REG,REGENCY CENTERS CORP,Money,Finance,1008,165,2,165,0.1636904761904762,685,270,12,205,480,0.008759124087591242,0.9912408759124087,2018-01-03,2021-12-22,HIGH,NOT_VALIDATED,,False,EXCLUDED,industry validation/eligibility failed
1004434,CIK0001004434,AMG,"AFFILIATED MANAGERS GROUP, INC.",Money,Finance,1008,165,1,164,0.1636904761904762,613,228,5,377,236,0.0032626427406199023,0.9967373572593801,2018-01-03,2021-12-20,HIGH,NOT_VALIDATED,,False,EXCLUDED,industry validation/eligibility failed
1070985,CIK0001070985,CXW,"CoreCivic, Inc.",Money,Finance,1008,168,4,164,0.16666666666666666,602,262,12,270,332,0.013289036544850499,0.9867109634551495,2018-01-04,2021-12-13,HIGH,NOT_VALIDATED,,False,EXCLUDED,industry validation/eligibility failed
1308547,CIK0001308547,DLB,"Dolby Laboratories, Inc.",Money,Finance,1008,168,5,164,0.16666666666666666,544,256,13,266,278,0.029411764705882353,0.9705882352941176,2018-01-03,2021-12-29,HIGH,NOT_VALIDATED,,False,EXCLUDED,industry validation/eligibility failed
1475922,CIK0001475922,PRI,"Primerica, Inc.",Money,Finance,1008,168,5,164,0.16666666666666666,582,231,10,326,256,0.01718213058419244,0.9828178694158075,2018-01-03,2021-12-20,HIGH,NOT_VALIDATED,,False,EXCLUDED,industry validation/eligibility failed
1360604,CIK0001360604,HR,Healthcare Realty Trust Inc,Money,Finance,1008,169,0,169,0.16765873015873015,486,223,9,176,310,0.0,1.0,2018-01-03,2021-12-30,HIGH,NOT_VALIDATED,,False,EXCLUDED,industry validation/eligibility failed
1428205,CIK0001428205,ARR,"Armour Residential REIT, Inc.",Money,Finance,1008,170,4,167,0.16865079365079366,570,229,12,206,364,0.021052631578947368,0.9789473684210527,2018-01-02,2021-12-31,HIGH,NOT_VALIDATED,,False,EXCLUDED,industry validation/eligibility failed
912593,CIK0000912593,SUI,SUN COMMUNITIES INC,Money,Finance,1008,171,5,167,0.16964285714285715,620,250,11,300,320,0.02258064516129032,0.9774193548387097,2018-01-05,2021-12-29,HIGH,NOT_VALIDATED,,False,EXCLUDED,industry validation/eligibility failed
1050441,CIK0001050441,EGBN,EAGLE BANCORP INC,Money,Finance,1008,173,9,167,0.17162698412698413,605,250,14,237,368,0.02975206611570248,0.9702479338842975,2018-01-17,2021-12-02,HIGH,NOT_VALIDATED,,False,EXCLUDED,industry validation/eligibility failed
1015328,CIK0001015328,WTFC,WINTRUST FINANCIAL CORP,Money,Finance,1008,175,6,171,0.1736111111111111,631,253,13,287,344,0.022187004754358162,0.9778129952456418,2018-01-05,2021-12-31,HIGH,NOT_VALIDATED,,False,EXCLUDED,industry validation/eligibility failed
1562401,CIK0001562401,AMH,American Homes 4 Rent,Money,Finance,1008,176,5,172,0.1746031746031746,485,237,13,153,332,0.032989690721649485,0.9670103092783505,2018-01-09,2021-12-28,HIGH,NOT_VALIDATED,,False,EXCLUDED,industry validation/eligibility failed
1053092,CIK0001053092,GLDI,CREDIT SUISSE AG,Money,Finance,1008,177,0,177,0.17559523809523808,837,190,3,811,26,0.0,1.0,2018-02-09,2021-08-03,HIGH,NOT_VALIDATED,,False,EXCLUDED,industry validation/eligibility failed
890926,CIK0000890926,RDN,RADIAN GROUP INC,Money,Finance,1008,178,2,176,0.1765873015873016,694,256,12,296,398,0.005763688760806916,0.9942363112391931,2018-01-02,2021-11-11,HIGH,NOT_VALIDATED,,False,EXCLUDED,industry validation/eligibility failed
1434621,CIK0001434621,TREE,"LendingTree, Inc.",Money,Finance,1008,178,3,177,0.1765873015873016,873,369,16,411,462,0.020618556701030927,0.979381443298969,2018-01-05,2021-12-01,HIGH,NOT_VALIDATED,,False,EXCLUDED,industry validation/eligibility failed
1159508,CIK0001159508,DZZ,DEUTSCHE BANK AKTIENGESELLSCHAFT,Money,Finance,1008,180,0,180,0.17857142857142858,509,234,1,505,4,0.0,1.0,2018-01-16,2021-12-13,HIGH,NOT_VALIDATED,,False,EXCLUDED,industry validation/eligibility failed
36104,CIK0000036104,USB,US BANCORP \DE\,Money,Finance,1008,186,1,185,0.18452380952380953,673,234,2,655,18,0.0029717682020802376,0.9970282317979198,2018-01-16,2021-12-31,HIGH,NOT_VALIDATED,,False,EXCLUDED,industry validation/eligibility failed
1331875,CIK0001331875,FNF,"Fidelity National Financial, Inc.",Money,Finance,1008,191,2,191,0.18948412698412698,652,271,8,306,346,0.006134969325153374,0.9938650306748467,2018-01-10,2021-12-30,HIGH,NOT_VALIDATED,,False,EXCLUDED,industry validation/eligibility failed
1386278,CIK0001386278,GDOT,GREEN DOT CORP,Money,Finance,1008,193,4,190,0.19146825396825398,1584,333,16,186,1398,0.006313131313131313,0.9936868686868687,2018-01-02,2021-10-06,HIGH,NOT_VALIDATED,,False,EXCLUDED,industry validation/eligibility failed
874766,CIK0000874766,HIG,"HARTFORD INSURANCE GROUP, INC.",Money,Finance,1008,194,0,194,0.19246031746031747,554,259,4,464,90,0.0,1.0,2018-01-09,2021-12-31,HIGH,NOT_VALIDATED,,False,EXCLUDED,industry validation/eligibility failed
1610520,CIK0001610520,UBS,UBS Group AG,Money,Finance,1008,195,0,195,0.19345238095238096,636,255,5,502,134,0.0,1.0,2018-01-09,2021-12-29,HIGH,NOT_VALIDATED,,False,EXCLUDED,industry validation/eligibility failed
106535,CIK0000106535,WY,WEYERHAEUSER CO,Money,Finance,1008,199,0,199,0.1974206349206349,809,281,4,425,384,0.0,1.0,2018-01-02,2021-12-31,HIGH,NOT_VALIDATED,,False,EXCLUDED,industry validation/eligibility failed
1705696,CIK0001705696,VICI,VICI PROPERTIES INC.,Money,Finance,1008,200,0,200,0.1984126984126984,648,241,6,502,146,0.0,1.0,2018-02-02,2021-12-26,HIGH,NOT_VALIDATED,,False,EXCLUDED,industry validation/eligibility failed
34903,CIK0000034903,FRT,FEDERAL REALTY INVESTMENT TRUST,Money,Finance,1008,201,0,201,0.19940476190476192,597,253,1,589,8,0.0,1.0,2018-01-04,2021-12-30,HIGH,NOT_VALIDATED,,False,EXCLUDED,industry validation/eligibility failed
5513,CIK0000005513,UNM,Unum Group,Money,Finance,1008,204,0,204,0.20238095238095238,652,282,6,524,128,0.0,1.0,2018-01-03,2021-12-31,HIGH,NOT_VALIDATED,,False,EXCLUDED,industry validation/eligibility failed
917251,CIK0000917251,ADC,AGREE REALTY CORP,Money,Finance,1008,209,5,205,0.20734126984126985,691,312,14,247,444,0.03183791606367583,0.9681620839363242,2018-01-03,2021-12-28,HIGH,NOT_VALIDATED,,False,EXCLUDED,industry validation/eligibility failed
1371285,CIK0001371285,TRUP,"TRUPANION, INC.",Money,Finance,1008,209,9,201,0.20734126984126985,709,301,11,357,352,0.02538787023977433,0.9746121297602257,2018-01-08,2021-12-31,HIGH,NOT_VALIDATED,,False,EXCLUDED,industry validation/eligibility failed
1053507,CIK0001053507,AMT,AMERICAN TOWER CORP /MA/,Money,Finance,1008,213,0,213,0.2113095238095238,629,256,0,629,0,0.0,1.0,2018-01-08,2021-12-30,HIGH,NOT_VALIDATED,,False,EXCLUDED,industry validation/eligibility failed
1267238,CIK0001267238,AIZ,"ASSURANT, INC.",Money,Finance,1008,218,7,213,0.21626984126984128,930,351,11,332,598,0.017204301075268817,0.9827956989247312,2018-01-09,2021-12-27,HIGH,NOT_VALIDATED,,False,EXCLUDED,industry validation/eligibility failed
9631,CIK0000009631,BNS,BANK OF NOVA SCOTIA,Money,Finance,1008,222,2,221,0.22023809523809523,1003,394,10,771,232,0.003988035892323031,0.996011964107677,2018-02-02,2021-12-31,HIGH,NOT_VALIDATED,,False,EXCLUDED,industry validation/eligibility failed
947484,CIK0000947484,ACGLO,ARCH CAPITAL GROUP LTD.,Money,Finance,1008,226,1,226,0.22420634920634921,890,328,13,460,430,0.0044943820224719105,0.9955056179775281,2018-01-03,2021-12-31,HIGH,NOT_VALIDATED,,False,EXCLUDED,industry validation/eligibility failed
1035443,CIK0001035443,ARE,"ALEXANDRIA REAL ESTATE EQUITIES, INC.",Money,Finance,1008,226,0,226,0.22420634920634921,857,348,8,593,264,0.0,1.0,2018-01-03,2021-12-29,HIGH,NOT_VALIDATED,,False,EXCLUDED,industry validation/eligibility failed
920522,CIK0000920522,ESS,"ESSEX PROPERTY TRUST, INC.",Money,Finance,1008,231,6,227,0.22916666666666666,663,315,13,321,342,0.021116138763197588,0.9788838612368024,2018-01-08,2021-12-30,HIGH,NOT_VALIDATED,,False,EXCLUDED,industry validation/eligibility failed
1289490,CIK0001289490,EXR,Extra Space Storage Inc.,Money,Finance,1008,232,3,230,0.23015873015873015,875,352,10,409,466,0.006857142857142857,0.9931428571428571,2018-01-31,2021-12-26,HIGH,NOT_VALIDATED,,False,EXCLUDED,industry validation/eligibility failed
1593538,CIK0001593538,JSM,NAVIENT CORP,Money,Finance,1008,236,7,230,0.23412698412698413,948,384,13,370,578,0.016877637130801686,0.9831223628691983,2018-01-03,2021-12-20,HIGH,NOT_VALIDATED,,False,EXCLUDED,industry validation/eligibility failed
1253986,CIK0001253986,ABR,ARBOR REALTY TRUST INC,Money,Finance,1008,238,3,236,0.2361111111111111,902,373,10,522,380,0.0066518847006651885,0.9933481152993349,2018-01-02,2021-12-22,HIGH,NOT_VALIDATED,,False,EXCLUDED,industry validation/eligibility failed
1750735,CIK0001750735,MRBK,Meridian Corp,Money,Finance,1008,243,6,238,0.24107142857142858,894,371,12,342,552,0.015659955257270694,0.9843400447427293,2018-01-19,2021-12-19,HIGH,NOT_VALIDATED,,False,EXCLUDED,industry validation/eligibility failed
888491,CIK0000888491,OHI,OMEGA HEALTHCARE INVESTORS INC,Money,Finance,1008,244,2,242,0.24206349206349206,708,345,12,392,316,0.00847457627118644,0.9915254237288136,2018-01-02,2021-12-21,HIGH,NOT_VALIDATED,,False,EXCLUDED,industry validation/eligibility failed
1381197,CIK0001381197,IBKR,"Interactive Brokers Group, Inc.",Money,Finance,1008,245,4,242,0.24305555555555555,1302,400,16,344,958,0.006144393241167435,0.9938556067588326,2018-01-02,2021-12-30,HIGH,NOT_VALIDATED,,False,EXCLUDED,industry validation/eligibility failed
927628,CIK0000927628,COF,CAPITAL ONE FINANCIAL CORP,Money,Finance,1008,254,0,254,0.251984126984127,775,347,2,673,102,0.0,1.0,2018-01-05,2021-12-16,HIGH,NOT_VALIDATED,,False,EXCLUDED,industry validation/eligibility failed
1037540,CIK0001037540,BXP,"BXP, Inc.",Money,Finance,1008,262,3,259,0.25992063492063494,922,383,14,406,516,0.008676789587852495,0.9913232104121475,2018-01-03,2021-12-21,HIGH,NOT_VALIDATED,,False,EXCLUDED,industry validation/eligibility failed
1045450,CIK0001045450,EPR,EPR PROPERTIES,Money,Finance,1008,270,0,270,0.26785714285714285,877,381,13,539,338,0.0,1.0,2018-01-14,2021-12-30,HIGH,NOT_VALIDATED,,False,EXCLUDED,industry validation/eligibility failed
1126328,CIK0001126328,PFG,PRINCIPAL FINANCIAL GROUP INC,Money,Finance,1008,275,1,274,0.2728174603174603,1269,457,13,541,728,0.0015760441292356187,0.9984239558707644,2018-01-02,2021-12-20,HIGH,NOT_VALIDATED,,False,EXCLUDED,industry validation/eligibility failed
1156375,CIK0001156375,CME,CME GROUP INC.,Money,Finance,1008,283,0,283,0.28075396825396826,1010,412,5,786,224,0.0,1.0,2018-01-03,2021-12-30,HIGH,NOT_VALIDATED,,False,EXCLUDED,industry validation/eligibility failed
876437,CIK0000876437,MTG,MGIC INVESTMENT CORP,Money,Finance,1008,287,1,286,0.2847222222222222,1379,514,12,943,436,0.00435097897026831,0.9956490210297317,2018-01-02,2021-12-17,HIGH,NOT_VALIDATED,,False,EXCLUDED,industry validation/eligibility failed
879101,CIK0000879101,KIM,KIMCO REALTY CORP,Money,Finance,1008,294,3,292,0.2916666666666667,1054,455,16,508,546,0.0056925996204933585,0.9943074003795066,2018-01-04,2021-12-29,HIGH,NOT_VALIDATED,,False,EXCLUDED,industry validation/eligibility failed
924805,CIK0000924805,FRHC,Freedom Holding Corp.,Money,Finance,1006,311,0,311,0.3091451292246521,871,428,7,663,208,0.0,1.0,2018-01-04,2021-12-31,HIGH,NOT_VALIDATED,,False,EXCLUDED,industry validation/eligibility failed
1025378,CIK0001025378,WPC,W. P. Carey Inc.,Money,Finance,1008,312,2,311,0.30952380952380953,1032,472,10,620,412,0.003875968992248062,0.9961240310077519,2018-01-03,2021-12-30,HIGH,NOT_VALIDATED,,False,EXCLUDED,industry validation/eligibility failed
947263,CIK0000947263,TD,TORONTO DOMINION BANK,Money,Finance,1008,315,2,314,0.3125,1552,536,9,1206,346,0.003865979381443299,0.9961340206185567,2018-01-05,2021-12-31,HIGH,NOT_VALIDATED,,False,EXCLUDED,industry validation/eligibility failed
1393311,CIK0001393311,PSA,Public Storage,Money,Finance,1008,322,3,320,0.3194444444444444,1345,514,13,619,726,0.005947955390334572,0.9940520446096655,2018-01-02,2021-12-31,HIGH,NOT_VALIDATED,,False,EXCLUDED,industry validation/eligibility failed
1000275,CIK0001000275,RY,ROYAL BANK OF CANADA,Money,Finance,1008,327,1,327,0.3244047619047619,1327,499,4,1209,118,0.0015071590052750565,0.9984928409947249,2018-01-05,2021-12-27,HIGH,NOT_VALIDATED,,False,EXCLUDED,industry validation/eligibility failed
740260,CIK0000740260,VTR,"Ventas, Inc.",Money,Finance,1008,332,1,331,0.32936507936507936,1727,585,15,785,942,0.0011580775911986102,0.9988419224088014,2018-01-09,2021-12-30,HIGH,NOT_VALIDATED,,False,EXCLUDED,industry validation/eligibility failed
1284812,CIK0001284812,CNS,"COHEN & STEERS, INC.",Money,Finance,1008,333,4,331,0.33035714285714285,1656,668,10,726,930,0.007246376811594203,0.9927536231884058,2018-01-05,2021-12-31,HIGH,NOT_VALIDATED,,False,EXCLUDED,industry validation/eligibility failed
1222333,CIK0001222333,GLD,SPDR GOLD TRUST,Money,Finance,1008,345,0,345,0.34226190476190477,1292,476,6,684,608,0.0,1.0,2018-01-04,2021-12-31,HIGH,NOT_VALIDATED,,False,EXCLUDED,industry validation/eligibility failed
1089113,CIK0001089113,HSBC,HSBC HOLDINGS PLC,Money,Finance,1008,349,0,349,0.3462301587301587,905,508,5,809,96,0.0,1.0,2018-01-04,2021-12-27,HIGH,NOT_VALIDATED,,False,EXCLUDED,industry validation/eligibility failed
1043219,CIK0001043219,NLY,ANNALY CAPITAL MANAGEMENT INC,Money,Finance,1008,362,4,361,0.35912698412698413,1194,493,9,914,280,0.010050251256281407,0.9899497487437185,2018-01-08,2021-12-30,HIGH,NOT_VALIDATED,,False,EXCLUDED,industry validation/eligibility failed
1390777,CIK0001390777,BNY,Bank of New York Mellon Corp,Money,Finance,1008,376,3,376,0.373015873015873,1740,830,14,1234,506,0.0034482758620689655,0.996551724137931,2018-01-10,2021-12-29,HIGH,NOT_VALIDATED,,False,EXCLUDED,industry validation/eligibility failed
899051,CIK0000899051,ALL,ALLSTATE CORP,Money,Finance,1008,408,4,406,0.40476190476190477,1970,727,14,990,980,0.0040609137055837565,0.9959390862944163,2018-01-02,2021-12-28,HIGH,NOT_VALIDATED,,False,EXCLUDED,industry validation/eligibility failed
1051470,CIK0001051470,CCI,CROWN CASTLE INC.,Money,Finance,1008,424,3,422,0.42063492063492064,1970,937,18,1014,956,0.008121827411167513,0.9918781725888325,2018-01-02,2021-12-31,HIGH,NOT_VALIDATED,,False,EXCLUDED,industry validation/eligibility failed
1527166,CIK0001527166,CG,Carlyle Group Inc.,Money,Finance,1008,427,5,427,0.4236111111111111,2012,845,16,1224,788,0.005964214711729622,0.9940357852882704,2018-01-02,2021-12-28,HIGH,NOT_VALIDATED,,False,EXCLUDED,industry validation/eligibility failed
1423689,CIK0001423689,AGNCN,AGNC Investment Corp.,Money,Finance,1008,436,4,435,0.43253968253968256,2700,722,12,1070,1630,0.005925925925925926,0.9940740740740741,2018-01-03,2021-12-29,HIGH,NOT_VALIDATED,,False,EXCLUDED,industry validation/eligibility failed
1045609,CIK0001045609,PLD,"Prologis, Inc.",Money,Finance,1008,443,3,441,0.439484126984127,1803,950,8,1203,600,0.0033277870216306157,0.9966722129783694,2018-01-11,2021-12-30,HIGH,NOT_VALIDATED,,False,EXCLUDED,industry validation/eligibility failed
1858681,CIK0001858681,APO,"Apollo Global Management, Inc.",Money,Finance,1008,458,5,456,0.45436507936507936,1827,836,15,1289,538,0.005473453749315818,0.9945265462506842,2018-01-03,2021-12-30,HIGH,NOT_VALIDATED,,False,EXCLUDED,industry validation/eligibility failed
1163653,CIK0001163653,NMR,NOMURA HOLDINGS INC,Money,Finance,1008,475,21,467,0.4712301587301587,2384,1146,18,728,1656,0.03104026845637584,0.9689597315436241,2018-01-02,2021-11-29,HIGH,NOT_VALIDATED,,False,EXCLUDED,industry validation/eligibility failed
49071,CIK0000049071,HUM,HUMANA INC,Money,Finance,1008,480,6,477,0.47619047619047616,3140,1011,24,1260,1880,0.003821656050955414,0.9961783439490446,2018-01-03,2021-12-29,HIGH,NOT_VALIDATED,,False,EXCLUDED,industry validation/eligibility failed
1739940,CIK0001739940,CI,Cigna Group,Money,Finance,1008,507,7,503,0.5029761904761905,3540,1216,23,1246,2294,0.0039548022598870055,0.996045197740113,2018-01-03,2021-12-26,HIGH,NOT_VALIDATED,,False,EXCLUDED,industry validation/eligibility failed
1379041,CIK0001379041,EIG,"Employers Holdings, Inc.",Money,Finance,1008,539,4,538,0.5347222222222222,1970,1054,13,1696,274,0.0040609137055837565,0.9959390862944163,2018-01-03,2021-12-23,HIGH,NOT_VALIDATED,,False,EXCLUDED,industry validation/eligibility failed
1116578,CIK0001116578,PUK,PRUDENTIAL PLC,Money,Finance,1008,553,10,549,0.5486111111111112,2622,1116,19,1506,1116,0.010678871090770405,0.9893211289092296,2018-01-03,2021-12-29,HIGH,NOT_VALIDATED,,False,EXCLUDED,industry validation/eligibility failed
1270436,CIK0001270436,COHN,Cohen & Co Inc.,Money,Finance,1008,590,6,587,0.5853174603174603,3055,1269,14,1609,1446,0.005237315875613748,0.9947626841243863,2018-01-02,2021-12-31,HIGH,INDUSTRY_STABLE,Money,True,SELECTED,deterministic industry/tier rule
91576,CIK0000091576,KEY,KEYCORP /NEW/,Money,Finance,1008,675,8,675,0.6696428571428571,2410,1414,12,2018,392,0.007468879668049793,0.9925311203319502,2018-01-02,2021-12-28,HIGH,NOT_VALIDATED,,False,EXCLUDED,industry validation/eligibility failed
1360901,CIK0001360901,EVR,Evercore Inc.,Money,Finance,1008,697,18,696,0.691468253968254,4396,1833,22,2648,1748,0.014103730664240218,0.9858962693357598,2018-01-02,2021-12-29,HIGH,NOT_VALIDATED,,False,EXCLUDED,industry validation/eligibility failed
1289419,CIK0001289419,MORN,"Morningstar, Inc.",Money,Finance,1008,761,6,759,0.7549603174603174,3463,1573,12,2707,756,0.0034652035807103665,0.9965347964192897,2018-01-02,2021-12-30,HIGH,NOT_VALIDATED,,False,EXCLUDED,industry validation/eligibility failed
1393818,CIK0001393818,BX,Blackstone Inc.,Money,Finance,1008,821,7,821,0.814484126984127,6298,2668,25,3620,2678,0.0022229279136233727,0.9977770720863767,2018-01-03,2021-12-29,HIGH,NOT_VALIDATED,,False,EXCLUDED,industry validation/eligibility failed
1295401,CIK0001295401,TBBK,"Bancorp, Inc.",Money,Finance,1008,983,207,983,0.9751984126984127,22549,10287,27,9749,12800,0.039646990997383474,0.9603530090026166,2018-01-02,2021-12-31,HIGH,NOT_VALIDATED,,False,EXCLUDED,industry validation/eligibility failed
831001,CIK0000831001,C,CITIGROUP INC,Money,Finance,1008,989,65,989,0.9811507936507936,16270,6975,33,9114,7156,0.022003687768899816,0.9779963122311002,2018-01-02,2021-12-31,HIGH,INDUSTRY_UNRESOLVED,UNRESOLVED,False,EXCLUDED,industry validation/eligibility failed
1612630,CIK0001612630,JYNT,JOINT Corp,Money,Finance,1008,991,26,990,0.9831349206349206,10528,6310,24,8852,1676,0.006648936170212766,0.9933510638297872,2018-01-02,2021-12-31,HIGH,INDUSTRY_STABLE,Money,True,EXCLUDED,not highest deterministic priority within tier
886982,CIK0000886982,GS,GOLDMAN SACHS GROUP INC,Money,Finance,1008,1001,52,1001,0.9930555555555556,17566,7939,40,12330,5236,0.008425367186610497,0.9915746328133895,2018-01-02,2021-12-31,HIGH,INDUSTRY_UNRESOLVED,UNRESOLVED,False,EXCLUDED,industry validation/eligibility failed
1050446,CIK0001050446,MSTR,Strategy Inc,Money,Finance,1008,1008,20,1008,1.0,51051,28378,34,43805,7246,0.0009794127441186266,0.9990205872558814,2018-01-01,2021-12-31,HIGH,INDUSTRY_STABLE,BusEq,False,EXCLUDED,industry validation/eligibility failed
1120193,CIK0001120193,NDAQ,"NASDAQ, INC.",Money,Finance,1008,1008,127,1008,1.0,255784,153323,37,245236,10548,0.001462171206955869,0.9985378287930441,2018-01-01,2021-12-31,HIGH,INDUSTRY_STABLE,Money,True,SELECTED,deterministic industry/tier rule
946486,CIK0000946486,WINT,WINDTREE THERAPEUTICS INC /DE/,Hlth,"Healthcare, Medical Equipment, and Drugs",1008,6,0,6,0.005952380952380952,9,6,0,9,0,0.0,1.0,2021-02-10,2021-11-22,LOW,NOT_VALIDATED,,False,EXCLUDED,industry validation/eligibility failed
1023549,CIK0001023549,XTLB,XTL BIOPHARMACEUTICALS LTD,Hlth,"Healthcare, Medical Equipment, and Drugs",1008,7,0,7,0.006944444444444444,20,10,2,6,14,0.0,1.0,2018-05-29,2021-08-23,LOW,NOT_VALIDATED,,False,EXCLUDED,industry validation/eligibility failed
1425450,CIK0001425450,KIDS,ORTHOPEDIATRICS CORP,Hlth,"Healthcare, Medical Equipment, and Drugs",1008,7,0,7,0.006944444444444444,23,7,2,3,20,0.0,1.0,2018-03-13,2021-12-17,LOW,NOT_VALIDATED,,False,EXCLUDED,industry validation/eligibility failed
1196298,CIK0001196298,NEPH,NEPHROS INC,Hlth,"Healthcare, Medical Equipment, and Drugs",1008,8,0,8,0.007936507936507936,27,9,1,9,18,0.0,1.0,2018-04-15,2021-09-27,LOW,NOT_VALIDATED,,False,EXCLUDED,industry validation/eligibility failed
914156,CIK0000914156,UFPT,UFP TECHNOLOGIES INC,Hlth,"Healthcare, Medical Equipment, and Drugs",1008,9,0,9,0.008928571428571428,10,9,0,10,0,0.0,1.0,2019-01-18,2021-12-21,LOW,NOT_VALIDATED,,False,EXCLUDED,industry validation/eligibility failed
1621221,CIK0001621221,ARTL,"ARTELO BIOSCIENCES, INC.",Hlth,"Healthcare, Medical Equipment, and Drugs",1008,9,0,9,0.008928571428571428,119,12,0,119,0,0.0,1.0,2020-09-29,2021-11-08,LOW,NOT_VALIDATED,,False,EXCLUDED,industry validation/eligibility failed
1762303,CIK0001762303,RCEL,"AVITA Medical, Inc.",Hlth,"Healthcare, Medical Equipment, and Drugs",1008,9,0,9,0.008928571428571428,25,10,2,17,8,0.0,1.0,2019-02-12,2021-09-20,LOW,NOT_VALIDATED,,False,EXCLUDED,industry validation/eligibility failed
872912,CIK0000872912,DCTH,"DELCATH SYSTEMS, INC.",Hlth,"Healthcare, Medical Equipment, and Drugs",1007,9,0,9,0.00893743793445879,62,12,0,62,0,0.0,1.0,2020-12-09,2021-11-11,LOW,NOT_VALIDATED,,False,EXCLUDED,industry validation/eligibility failed
704440,CIK0000704440,KRMD,"KORU Medical Systems, Inc.",Hlth,"Healthcare, Medical Equipment, and Drugs",1008,10,0,10,0.00992063492063492,107,15,0,107,0,0.0,1.0,2019-11-06,2021-11-27,LOW,NOT_VALIDATED,,False,EXCLUDED,industry validation/eligibility failed
921114,CIK0000921114,ARMP,"Armata Pharmaceuticals, Inc.",Hlth,"Healthcare, Medical Equipment, and Drugs",1008,10,0,10,0.00992063492063492,73,21,0,73,0,0.0,1.0,2018-01-10,2021-11-30,LOW,NOT_VALIDATED,,False,EXCLUDED,industry validation/eligibility failed
1075880,CIK0001075880,KZIA,KAZIA THERAPEUTICS LTD,Hlth,"Healthcare, Medical Equipment, and Drugs",1008,10,0,10,0.00992063492063492,51,13,2,43,8,0.0,1.0,2018-03-14,2021-04-19,LOW,NOT_VALIDATED,,False,EXCLUDED,industry validation/eligibility failed
1472072,CIK0001472072,CCM,Concord Medical Services Holdings Ltd,Hlth,"Healthcare, Medical Equipment, and Drugs",1008,10,1,9,0.00992063492063492,47,11,2,41,6,0.0425531914893617,0.9574468085106383,2018-03-23,2021-10-18,LOW,NOT_VALIDATED,,False,EXCLUDED,industry validation/eligibility failed
1401040,CIK0001401040,DMAC,DiaMedica Therapeutics Inc.,Hlth,"Healthcare, Medical Equipment, and Drugs",1008,11,0,11,0.010912698412698412,59,15,2,23,36,0.0,1.0,2018-11-16,2021-11-03,LOW,NOT_VALIDATED,,False,EXCLUDED,industry validation/eligibility failed
1603454,CIK0001603454,CELC,Celcuity Inc.,Hlth,"Healthcare, Medical Equipment, and Drugs",1008,13,0,13,0.012896825396825396,22,16,2,16,6,0.0,1.0,2018-09-14,2021-12-22,LOW,NOT_VALIDATED,,False,EXCLUDED,industry validation/eligibility failed
2035832,CIK0002035832,AKTS,"Aktis Oncology, Inc.",Hlth,"Healthcare, Medical Equipment, and Drugs",1008,13,0,13,0.012896825396825396,31,18,0,31,0,0.0,1.0,2018-07-05,2021-12-21,LOW,NOT_VALIDATED,,False,EXCLUDED,industry validation/eligibility failed
1401914,CIK0001401914,DARE,"Dare Bioscience, Inc.",Hlth,"Healthcare, Medical Equipment, and Drugs",1008,15,3,13,0.01488095238095238,86,29,3,40,46,0.06976744186046512,0.9302325581395349,2018-02-12,2021-12-09,LOW,NOT_VALIDATED,,False,EXCLUDED,industry validation/eligibility failed
1135951,CIK0001135951,RDY,DR REDDYS LABORATORIES LTD,Hlth,"Healthcare, Medical Equipment, and Drugs",1008,16,0,16,0.015873015873015872,27,16,0,27,0,0.0,1.0,2018-03-14,2021-07-08,LOW,NOT_VALIDATED,,False,EXCLUDED,industry validation/eligibility failed
925741,CIK0000925741,BCDA,"BioCardia, Inc.",Hlth,"Healthcare, Medical Equipment, and Drugs",1008,17,0,17,0.016865079365079364,177,21,1,171,6,0.0,1.0,2019-07-25,2021-12-23,LOW,NOT_VALIDATED,,False,EXCLUDED,industry validation/eligibility failed
1534525,CIK0001534525,XBIO,"Xenetic Biosciences, Inc.",Hlth,"Healthcare, Medical Equipment, and Drugs",1008,17,0,17,0.016865079365079364,136,23,2,124,12,0.0,1.0,2018-06-21,2021-09-23,LOW,NOT_VALIDATED,,False,EXCLUDED,industry validation/eligibility failed
1624326,CIK0001624326,PAVM,PAVmed Inc.,Hlth,"Healthcare, Medical Equipment, and Drugs",1008,17,1,16,0.016865079365079364,195,31,1,183,12,0.010256410256410256,0.9897435897435898,2018-01-19,2021-12-22,LOW,INDUSTRY_STABLE,Hlth,True,EXCLUDED,not highest deterministic priority within tier
1681682,CIK0001681682,NDRA,ENDRA Life Sciences Inc.,Hlth,"Healthcare, Medical Equipment, and Drugs",1008,17,1,16,0.016865079365079364,122,23,5,68,54,0.04918032786885246,0.9508196721311475,2018-05-03,2021-06-25,LOW,NOT_VALIDATED,,False,EXCLUDED,industry validation/eligibility failed
1808898,CIK0001808898,BNTC,Benitec Biopharma Inc.,Hlth,"Healthcare, Medical Equipment, and Drugs",1008,17,0,17,0.016865079365079364,155,27,2,139,16,0.0,1.0,2018-07-09,2021-10-06,LOW,NOT_VALIDATED,,False,EXCLUDED,industry validation/eligibility failed
1176309,CIK0001176309,ORMP,ORAMED PHARMACEUTICALS INC.,Hlth,"Healthcare, Medical Equipment, and Drugs",1008,18,0,18,0.017857142857142856,40,23,1,36,4,0.0,1.0,2018-07-03,2021-12-29,LOW,NOT_VALIDATED,,False,EXCLUDED,industry validation/eligibility failed
1211583,CIK0001211583,FENC,FENNEC PHARMACEUTICALS INC.,Hlth,"Healthcare, Medical Equipment, and Drugs",1008,18,0,18,0.017857142857142856,123,26,1,103,20,0.0,1.0,2018-03-21,2021-11-29,LOW,NOT_VALIDATED,,False,EXCLUDED,industry validation/eligibility failed
1285550,CIK0001285550,CLPT,"ClearPoint Neuro, Inc.",Hlth,"Healthcare, Medical Equipment, and Drugs",1008,18,0,18,0.017857142857142856,83,19,3,77,6,0.0,1.0,2019-05-09,2021-12-11,LOW,NOT_VALIDATED,,False,EXCLUDED,industry validation/eligibility failed
1625101,CIK0001625101,PLSE,"PULSE BIOSCIENCES, INC.",Hlth,"Healthcare, Medical Equipment, and Drugs",1008,18,0,18,0.017857142857142856,62,25,3,40,22,0.0,1.0,2018-04-13,2021-11-15,LOW,NOT_VALIDATED,,False,EXCLUDED,industry validation/eligibility failed
73290,CIK0000073290,BMRA,BIOMERICA INC,Hlth,"Healthcare, Medical Equipment, and Drugs",1008,19,0,19,0.018849206349206348,172,32,2,158,14,0.0,1.0,2018-01-10,2021-12-03,LOW,NOT_VALIDATED,,False,EXCLUDED,industry validation/eligibility failed
1582554,CIK0001582554,MTNB,"Matinas BioPharma Holdings, Inc.",Hlth,"Healthcare, Medical Equipment, and Drugs",1008,19,0,19,0.018849206349206348,35,19,1,33,2,0.0,1.0,2018-01-08,2021-12-08,LOW,NOT_VALIDATED,,False,EXCLUDED,industry validation/eligibility failed
1644963,CIK0001644963,ATXI,"AVENUE THERAPEUTICS, INC.",Hlth,"Healthcare, Medical Equipment, and Drugs",1008,19,0,19,0.018849206349206348,131,30,2,125,6,0.0,1.0,2018-03-14,2021-12-31,LOW,NOT_VALIDATED,,False,EXCLUDED,industry validation/eligibility failed
882291,CIK0000882291,AEMD,AETHLON MEDICAL INC,Hlth,"Healthcare, Medical Equipment, and Drugs",1008,20,1,19,0.01984126984126984,106,29,3,70,36,0.03773584905660377,0.9622641509433962,2018-01-18,2021-09-23,LOW,NOT_VALIDATED,,False,EXCLUDED,industry validation/eligibility failed
1369290,CIK0001369290,MYO,"MYOMO, INC.",Hlth,"Healthcare, Medical Equipment, and Drugs",1008,20,1,19,0.01984126984126984,122,28,4,86,36,0.01639344262295082,0.9836065573770492,2018-01-29,2021-08-13,LOW,NOT_VALIDATED,,False,EXCLUDED,industry validation/eligibility failed
1506251,CIK0001506251,CTXR,"Citius Pharmaceuticals, Inc.",Hlth,"Healthcare, Medical Equipment, and Drugs",1008,20,0,20,0.01984126984126984,128,26,1,124,4,0.0,1.0,2018-08-09,2021-12-06,LOW,NOT_VALIDATED,,False,EXCLUDED,industry validation/eligibility failed
1412486,CIK0001412486,COCP,"Cocrystal Pharma, Inc.",Hlth,"Healthcare, Medical Equipment, and Drugs",1008,21,0,21,0.020833333333333332,102,29,3,90,12,0.0,1.0,2018-09-13,2021-12-30,LOW,NOT_VALIDATED,,False,EXCLUDED,industry validation/eligibility failed
1521036,CIK0001521036,LNTH,"Lantheus Holdings, Inc.",Hlth,"Healthcare, Medical Equipment, and Drugs",1008,21,2,19,0.020833333333333332,84,28,6,18,66,0.047619047619047616,0.9523809523809523,2018-03-13,2021-05-27,LOW,NOT_VALIDATED,,False,EXCLUDED,industry validation/eligibility failed
1649989,CIK0001649989,OTLK,"Outlook Therapeutics, Inc.",Hlth,"Healthcare, Medical Equipment, and Drugs",1008,21,0,21,0.020833333333333332,92,32,3,76,16,0.0,1.0,2019-04-09,2021-12-27,LOW,NOT_VALIDATED,,False,EXCLUDED,industry validation/eligibility failed
1671584,CIK0001671584,APVO,Aptevo Therapeutics Inc.,Hlth,"Healthcare, Medical Equipment, and Drugs",1008,21,0,21,0.020833333333333332,232,37,2,204,28,0.0,1.0,2018-05-03,2021-12-06,LOW,NOT_VALIDATED,,False,EXCLUDED,industry validation/eligibility failed
1035354,CIK0001035354,ELOX,"Eloxx Pharmaceuticals, Inc.",Hlth,"Healthcare, Medical Equipment, and Drugs",1008,22,0,22,0.021825396825396824,34,22,0,34,0,0.0,1.0,2019-03-08,2021-12-20,LOW,NOT_VALIDATED,,False,EXCLUDED,industry validation/eligibility failed
1094038,CIK0001094038,MRKR,"Marker Therapeutics, Inc.",Hlth,"Healthcare, Medical Equipment, and Drugs",1008,23,0,23,0.022817460317460316,93,36,3,59,34,0.0,1.0,2018-05-15,2021-11-19,LOW,NOT_VALIDATED,,False,EXCLUDED,industry validation/eligibility failed
1281895,CIK0001281895,RCKT,"ROCKET PHARMACEUTICALS, INC.",Hlth,"Healthcare, Medical Equipment, and Drugs",1008,23,0,23,0.022817460317460316,99,34,3,83,16,0.0,1.0,2018-06-11,2021-11-09,LOW,NOT_VALIDATED,,False,EXCLUDED,industry validation/eligibility failed
1541157,CIK0001541157,AKTX,Akari Therapeutics Plc,Hlth,"Healthcare, Medical Equipment, and Drugs",1008,23,1,22,0.022817460317460316,87,35,2,71,16,0.022988505747126436,0.9770114942528736,2018-01-02,2021-12-05,LOW,INDUSTRY_STABLE,Hlth,True,EXCLUDED,not highest deterministic priority within tier
1645460,CIK0001645460,CUE,"Cue Biopharma, Inc.",Hlth,"Healthcare, Medical Equipment, and Drugs",1008,23,0,23,0.022817460317460316,56,25,4,22,34,0.0,1.0,2018-01-05,2021-12-27,LOW,INDUSTRY_STABLE,Hlth,True,SELECTED,deterministic industry/tier rule
1704292,CIK0001704292,ZLAB,Zai Lab Ltd,Hlth,"Healthcare, Medical Equipment, and Drugs",1008,23,0,23,0.022817460317460316,52,25,0,52,0,0.0,1.0,2018-09-04,2021-12-15,LOW,NOT_VALIDATED,,False,EXCLUDED,industry validation/eligibility failed
1133869,CIK0001133869,CAPR,"CAPRICOR THERAPEUTICS, INC.",Hlth,"Healthcare, Medical Equipment, and Drugs",1008,24,0,24,0.023809523809523808,250,36,2,240,10,0.0,1.0,2018-02-05,2021-11-17,LOW,NOT_VALIDATED,,False,EXCLUDED,industry validation/eligibility failed
1337013,CIK0001337013,INFU,"InfuSystem Holdings, Inc",Hlth,"Healthcare, Medical Equipment, and Drugs",1008,24,3,21,0.023809523809523808,68,31,5,12,56,0.08823529411764706,0.9117647058823529,2018-03-13,2021-08-12,LOW,NOT_VALIDATED,,False,EXCLUDED,industry validation/eligibility failed
1106644,CIK0001106644,CPHI,"CHINA PHARMA HOLDINGS, INC.",Hlth,"Healthcare, Medical Equipment, and Drugs",1008,25,2,23,0.0248015873015873,94,51,5,20,74,0.0425531914893617,0.9574468085106383,2018-01-05,2021-08-13,LOW,NOT_VALIDATED,,False,EXCLUDED,industry validation/eligibility failed
1438569,CIK0001438569,GRFS,Grifols SA,Hlth,"Healthcare, Medical Equipment, and Drugs",1008,25,0,25,0.0248015873015873,109,26,3,51,58,0.0,1.0,2018-01-03,2021-01-26,LOW,NOT_VALIDATED,,False,EXCLUDED,industry validation/eligibility failed
1612940,CIK0001612940,PRQR,ProQR Therapeutics N.V.,Hlth,"Healthcare, Medical Equipment, and Drugs",1008,25,0,25,0.0248015873015873,80,31,2,76,4,0.0,1.0,2018-09-05,2021-10-18,LOW,NOT_VALIDATED,,False,EXCLUDED,industry validation/eligibility failed
949858,CIK0000949858,ACHV,"ACHIEVE LIFE SCIENCES, INC.",Hlth,"Healthcare, Medical Equipment, and Drugs",1008,26,2,24,0.025793650793650792,263,52,4,169,94,0.015209125475285171,0.9847908745247148,2018-02-20,2021-10-03,LOW,NOT_VALIDATED,,False,EXCLUDED,industry validation/eligibility failed
1711279,CIK0001711279,KRYS,"Krystal Biotech, Inc.",Hlth,"Healthcare, Medical Equipment, and Drugs",1008,26,0,26,0.025793650793650792,70,33,2,54,16,0.0,1.0,2018-05-24,2021-12-15,LOW,NOT_VALIDATED,,False,EXCLUDED,industry validation/eligibility failed
863894,CIK0000863894,VERU,VERU INC.,Hlth,"Healthcare, Medical Equipment, and Drugs",1008,27,0,27,0.026785714285714284,106,31,0,106,0,0.0,1.0,2018-06-04,2021-12-14,LOW,NOT_VALIDATED,,False,EXCLUDED,industry validation/eligibility failed
1131343,CIK0001131343,ATHE,ALTERITY THERAPEUTICS LTD,Hlth,"Healthcare, Medical Equipment, and Drugs",1008,27,2,25,0.026785714285714284,178,43,7,124,54,0.0449438202247191,0.9550561797752809,2018-01-05,2021-12-24,LOW,INDUSTRY_STABLE,Hlth,True,SELECTED,deterministic industry/tier rule
1540159,CIK0001540159,EDSA,"Edesa Biotech, Inc.",Hlth,"Healthcare, Medical Equipment, and Drugs",1008,27,0,27,0.026785714285714284,230,54,3,164,66,0.0,1.0,2018-05-11,2021-12-08,LOW,NOT_VALIDATED,,False,EXCLUDED,industry validation/eligibility failed
1626971,CIK0001626971,CRVS,"Corvus Pharmaceuticals, Inc.",Hlth,"Healthcare, Medical Equipment, and Drugs",1008,27,0,27,0.026785714285714284,173,45,1,161,12,0.0,1.0,2018-03-08,2021-11-19,LOW,NOT_VALIDATED,,False,EXCLUDED,industry validation/eligibility failed
946563,CIK0000946563,RVP,RETRACTABLE TECHNOLOGIES INC,Hlth,"Healthcare, Medical Equipment, and Drugs",1008,28,2,26,0.027777777777777776,72,36,8,26,46,0.05555555555555555,0.9444444444444444,2018-04-02,2021-11-02,LOW,NOT_VALIDATED,,False,EXCLUDED,industry validation/eligibility failed
1649904,CIK0001649904,RYTM,"RHYTHM PHARMACEUTICALS, INC.",Hlth,"Healthcare, Medical Equipment, and Drugs",1008,28,0,28,0.027777777777777776,128,35,3,100,28,0.0,1.0,2018-05-31,2021-12-09,LOW,NOT_VALIDATED,,False,EXCLUDED,industry validation/eligibility failed
1160308,CIK0001160308,SVRA,Savara Inc,Hlth,"Healthcare, Medical Equipment, and Drugs",1008,29,1,28,0.028769841269841268,179,43,5,95,84,0.0111731843575419,0.9888268156424581,2018-03-12,2021-12-31,LOW,NOT_VALIDATED,,False,EXCLUDED,industry validation/eligibility failed
1626878,CIK0001626878,XBIT,XBiotech Inc.,Hlth,"Healthcare, Medical Equipment, and Drugs",1008,29,1,29,0.028769841269841268,235,46,5,149,86,0.00851063829787234,0.9914893617021276,2018-09-17,2021-10-05,LOW,NOT_VALIDATED,,False,EXCLUDED,industry validation/eligibility failed
1557746,CIK0001557746,ACRS,"Aclaris Therapeutics, Inc.",Hlth,"Healthcare, Medical Equipment, and Drugs",1008,30,0,30,0.02976190476190476,186,44,5,124,62,0.0,1.0,2018-02-15,2021-12-13,LOW,NOT_VALIDATED,,False,EXCLUDED,industry validation/eligibility failed
1677940,CIK0001677940,BYSI,BeyondSpring Inc.,Hlth,"Healthcare, Medical Equipment, and Drugs",1008,30,0,30,0.02976190476190476,93,47,0,93,0,0.0,1.0,2018-04-12,2021-12-31,LOW,NOT_VALIDATED,,False,EXCLUDED,industry validation/eligibility failed
1422143,CIK0001422143,KURA,"Kura Oncology, Inc.",Hlth,"Healthcare, Medical Equipment, and Drugs",1008,31,0,31,0.030753968253968252,154,38,2,132,22,0.0,1.0,2018-03-12,2021-11-24,LOW,NOT_VALIDATED,,False,EXCLUDED,industry validation/eligibility failed
1501989,CIK0001501989,CTMX,"CytomX Therapeutics, Inc.",Hlth,"Healthcare, Medical Equipment, and Drugs",1008,31,0,31,0.030753968253968252,77,35,2,65,12,0.0,1.0,2018-03-07,2021-12-27,LOW,NOT_VALIDATED,,False,EXCLUDED,industry validation/eligibility failed
1420720,CIK0001420720,IBIO,"iBio, Inc.",Hlth,"Healthcare, Medical Equipment, and Drugs",1008,32,0,32,0.031746031746031744,297,40,4,287,10,0.0,1.0,2018-05-31,2021-09-27,LOW,NOT_VALIDATED,,False,EXCLUDED,industry validation/eligibility failed
1636651,CIK0001636651,OVID,Ovid Therapeutics Inc.,Hlth,"Healthcare, Medical Equipment, and Drugs",1008,32,0,32,0.031746031746031744,206,56,2,200,6,0.0,1.0,2018-08-06,2021-11-05,LOW,NOT_VALIDATED,,False,EXCLUDED,industry validation/eligibility failed
1709626,CIK0001709626,NCNA,NuCana plc,Hlth,"Healthcare, Medical Equipment, and Drugs",1008,32,0,32,0.031746031746031744,222,37,4,170,52,0.0,1.0,2018-01-19,2021-10-25,LOW,NOT_VALIDATED,,False,EXCLUDED,industry validation/eligibility failed
771856,CIK0000771856,CSBR,"CHAMPIONS ONCOLOGY, INC.",Hlth,"Healthcare, Medical Equipment, and Drugs",1008,33,0,33,0.03273809523809524,95,44,4,57,38,0.0,1.0,2018-06-18,2021-12-28,LOW,NOT_VALIDATED,,False,EXCLUDED,industry validation/eligibility failed
1488917,CIK0001488917,ELMD,"Electromed, Inc.",Hlth,"Healthcare, Medical Equipment, and Drugs",1008,33,4,29,0.03273809523809524,132,49,7,16,116,0.06060606060606061,0.9393939393939394,2018-02-13,2021-08-24,LOW,NOT_VALIDATED,,False,EXCLUDED,industry validation/eligibility failed
1533040,CIK0001533040,PHIO,Phio Pharmaceuticals Corp.,Hlth,"Healthcare, Medical Equipment, and Drugs",1008,33,2,31,0.03273809523809524,119,50,10,49,70,0.03361344537815126,0.9663865546218487,2018-01-05,2021-12-06,LOW,INDUSTRY_STABLE,Hlth,True,EXCLUDED,not highest deterministic priority within tier
34956,CIK0000034956,TENX,"TENAX THERAPEUTICS, INC.",Hlth,"Healthcare, Medical Equipment, and Drugs",1008,34,2,33,0.03373015873015873,195,58,5,89,106,0.03076923076923077,0.9692307692307692,2018-01-16,2021-10-06,LOW,NOT_VALIDATED,,False,EXCLUDED,industry validation/eligibility failed
1359931,CIK0001359931,TARA,"Protara Therapeutics, Inc.",Hlth,"Healthcare, Medical Equipment, and Drugs",1008,34,2,32,0.03373015873015873,213,65,10,111,102,0.03755868544600939,0.9624413145539906,2018-01-17,2021-11-09,LOW,NOT_VALIDATED,,False,EXCLUDED,industry validation/eligibility failed
1429260,CIK0001429260,FBIOP,"Fortress Biotech, Inc.",Hlth,"Healthcare, Medical Equipment, and Drugs",1008,34,0,34,0.03373015873015873,299,52,4,259,40,0.0,1.0,2018-07-17,2021-12-06,LOW,NOT_VALIDATED,,False,EXCLUDED,industry validation/eligibility failed
1527599,CIK0001527599,SYBX,"SYNLOGIC, INC.",Hlth,"Healthcare, Medical Equipment, and Drugs",1008,34,2,32,0.03373015873015873,143,44,5,107,36,0.027972027972027972,0.972027972027972,2018-01-02,2021-11-30,LOW,NOT_VALIDATED,,False,EXCLUDED,industry validation/eligibility failed
1585608,CIK0001585608,JAGX,"Jaguar Health, Inc.",Hlth,"Healthcare, Medical Equipment, and Drugs",1008,35,1,34,0.034722222222222224,206,53,4,182,24,0.009708737864077669,0.9902912621359223,2018-06-29,2021-10-25,LOW,NOT_VALIDATED,,False,EXCLUDED,industry validation/eligibility failed
1697862,CIK0001697862,ARGX,ARGENX SE,Hlth,"Healthcare, Medical Equipment, and Drugs",1008,35,0,35,0.034722222222222224,102,40,1,90,12,0.0,1.0,2018-08-15,2021-12-08,LOW,NOT_VALIDATED,,False,EXCLUDED,industry validation/eligibility failed
1596812,CIK0001596812,ENLV,Enlivex Ltd.,Hlth,"Healthcare, Medical Equipment, and Drugs",1008,36,2,36,0.03571428571428571,306,76,7,228,78,0.026143790849673203,0.9738562091503268,2018-01-05,2021-12-06,LOW,INDUSTRY_STABLE,Hlth,True,EXCLUDED,not highest deterministic priority within tier
1937653,CIK0001937653,ZYME,Zymeworks Inc.,Hlth,"Healthcare, Medical Equipment, and Drugs",1008,36,0,36,0.03571428571428571,153,39,8,63,90,0.0,1.0,2018-01-09,2021-11-24,LOW,NOT_VALIDATED,,False,EXCLUDED,industry validation/eligibility failed
1479419,CIK0001479419,KALA,"KALA BIO, Inc.",Hlth,"Healthcare, Medical Equipment, and Drugs",1008,38,0,38,0.037698412698412696,184,50,4,148,36,0.0,1.0,2018-01-05,2021-07-22,LOW,NOT_VALIDATED,,False,EXCLUDED,industry validation/eligibility failed
1618835,CIK0001618835,EVFM,"Evofem Biosciences, Inc.",Hlth,"Healthcare, Medical Equipment, and Drugs",1008,38,2,37,0.037698412698412696,205,55,5,175,30,0.02926829268292683,0.9707317073170731,2018-01-05,2021-12-01,LOW,NOT_VALIDATED,,False,EXCLUDED,industry validation/eligibility failed
1648257,CIK0001648257,HCM,HUTCHMED (China) Ltd,Hlth,"Healthcare, Medical Equipment, and Drugs",1008,38,0,38,0.037698412698412696,93,47,2,77,16,0.0,1.0,2018-01-20,2021-12-16,LOW,NOT_VALIDATED,,False,EXCLUDED,industry validation/eligibility failed
1661181,CIK0001661181,ORGO,Organogenesis Holdings Inc.,Hlth,"Healthcare, Medical Equipment, and Drugs",1008,38,0,38,0.037698412698412696,321,57,0,321,0,0.0,1.0,2019-01-18,2021-12-29,MEDIUM,NOT_VALIDATED,,False,EXCLUDED,industry validation/eligibility failed
1267565,CIK0001267565,COLL,"COLLEGIUM PHARMACEUTICAL, INC",Hlth,"Healthcare, Medical Equipment, and Drugs",1008,39,0,39,0.03869047619047619,87,43,1,77,10,0.0,1.0,2018-01-03,2021-11-05,MEDIUM,NOT_VALIDATED,,False,EXCLUDED,industry validation/eligibility failed
884269,CIK0000884269,APT,ALPHA PRO TECH LTD,Hlth,"Healthcare, Medical Equipment, and Drugs",1008,40,1,39,0.03968253968253968,154,60,3,124,30,0.012987012987012988,0.987012987012987,2018-12-26,2021-12-28,MEDIUM,NOT_VALIDATED,,False,EXCLUDED,industry validation/eligibility failed
1388320,CIK0001388320,ATNM,"Actinium Pharmaceuticals, Inc.",Hlth,"Healthcare, Medical Equipment, and Drugs",1008,40,2,38,0.03968253968253968,183,59,10,75,108,0.03278688524590164,0.9672131147540983,2018-01-08,2021-12-14,MEDIUM,NOT_VALIDATED,,False,EXCLUDED,industry validation/eligibility failed
1651625,CIK0001651625,ACIU,AC Immune SA,Hlth,"Healthcare, Medical Equipment, and Drugs",1008,40,0,40,0.03968253968253968,184,58,1,166,18,0.0,1.0,2018-05-02,2021-11-08,MEDIUM,NOT_VALIDATED,,False,EXCLUDED,industry validation/eligibility failed
1631574,CIK0001631574,WVE,"Wave Life Sciences, Inc.",Hlth,"Healthcare, Medical Equipment, and Drugs",1008,41,1,40,0.040674603174603176,155,59,3,91,64,0.012903225806451613,0.9870967741935484,2018-02-15,2021-08-14,MEDIUM,NOT_VALIDATED,,False,EXCLUDED,industry validation/eligibility failed
1129928,CIK0001129928,ONCY,ONCOLYTICS BIOTECH INC,Hlth,"Healthcare, Medical Equipment, and Drugs",1008,43,1,42,0.04265873015873016,130,64,9,20,110,0.015384615384615385,0.9846153846153847,2018-06-01,2021-12-15,MEDIUM,NOT_VALIDATED,,False,EXCLUDED,industry validation/eligibility failed
1434265,CIK0001434265,GMAB,GENMAB A/S,Hlth,"Healthcare, Medical Equipment, and Drugs",1008,43,0,43,0.04265873015873016,177,49,1,165,12,0.0,1.0,2018-08-31,2021-12-02,MEDIUM,NOT_VALIDATED,,False,EXCLUDED,industry validation/eligibility failed
1087294,CIK0001087294,CPIX,CUMBERLAND PHARMACEUTICALS INC,Hlth,"Healthcare, Medical Equipment, and Drugs",1008,44,0,44,0.04365079365079365,103,54,7,45,58,0.0,1.0,2018-01-30,2021-12-02,MEDIUM,NOT_VALIDATED,,False,EXCLUDED,industry validation/eligibility failed
868278,CIK0000868278,PRPH,"ProPhase Labs, Inc.",Hlth,"Healthcare, Medical Equipment, and Drugs",1008,45,5,40,0.044642857142857144,225,69,6,107,118,0.044444444444444446,0.9555555555555556,2018-02-20,2021-11-03,MEDIUM,NOT_VALIDATED,,False,EXCLUDED,industry validation/eligibility failed
946644,CIK0000946644,AIM,AIM ImmunoTech Inc.,Hlth,"Healthcare, Medical Equipment, and Drugs",1008,45,2,43,0.044642857142857144,266,68,8,136,130,0.015037593984962405,0.9849624060150376,2018-01-17,2021-02-22,MEDIUM,NOT_VALIDATED,,False,EXCLUDED,industry validation/eligibility failed
318306,CIK0000318306,ABEO,ABEONA THERAPEUTICS INC.,Hlth,"Healthcare, Medical Equipment, and Drugs",1008,46,0,46,0.04563492063492063,178,60,4,150,28,0.0,1.0,2018-01-23,2021-12-25,MEDIUM,NOT_VALIDATED,,False,EXCLUDED,industry validation/eligibility failed
1447028,CIK0001447028,ABUS,Arbutus Biopharma Corp,Hlth,"Healthcare, Medical Equipment, and Drugs",1008,47,0,47,0.04662698412698413,245,72,4,211,34,0.0,1.0,2018-06-06,2021-12-13,MEDIUM,NOT_VALIDATED,,False,EXCLUDED,industry validation/eligibility failed
898437,CIK0000898437,ANIK,"Anika Therapeutics, Inc.",Hlth,"Healthcare, Medical Equipment, and Drugs",1008,49,0,49,0.04861111111111111,135,61,4,93,42,0.0,1.0,2018-01-03,2021-11-05,MEDIUM,NOT_VALIDATED,,False,EXCLUDED,industry validation/eligibility failed
884624,CIK0000884624,OFIX,Orthofix Medical Inc.,Hlth,"Healthcare, Medical Equipment, and Drugs",1008,50,1,49,0.0496031746031746,121,68,7,75,46,0.03305785123966942,0.9669421487603306,2018-02-27,2021-12-14,MEDIUM,NOT_VALIDATED,,False,EXCLUDED,industry validation/eligibility failed
1377121,CIK0001377121,PTGX,"Protagonist Therapeutics, Inc",Hlth,"Healthcare, Medical Equipment, and Drugs",1008,53,1,52,0.05257936507936508,267,82,8,181,86,0.00749063670411985,0.9925093632958801,2018-01-06,2021-11-16,MEDIUM,NOT_VALIDATED,,False,EXCLUDED,industry validation/eligibility failed
1641489,CIK0001641489,VTVT,vTv Therapeutics Inc.,Hlth,"Healthcare, Medical Equipment, and Drugs",1008,53,2,52,0.05257936507936508,261,86,7,213,48,0.01532567049808429,0.9846743295019157,2018-01-23,2021-12-21,MEDIUM,NOT_VALIDATED,,False,EXCLUDED,industry validation/eligibility failed
1056358,CIK0001056358,MTEX,MANNATECH INC,Hlth,"Healthcare, Medical Equipment, and Drugs",1008,56,6,52,0.05555555555555555,161,71,6,65,96,0.07453416149068323,0.9254658385093167,2018-01-02,2021-11-12,MEDIUM,NOT_VALIDATED,,False,EXCLUDED,industry validation/eligibility failed
1488039,CIK0001488039,ATOS,"ATOSSA THERAPEUTICS, INC.",Hlth,"Healthcare, Medical Equipment, and Drugs",1008,57,0,57,0.05654761904761905,468,80,2,426,42,0.0,1.0,2018-01-20,2021-12-03,MEDIUM,NOT_VALIDATED,,False,EXCLUDED,industry validation/eligibility failed
1174940,CIK0001174940,OGEN,ORAGENICS INC,Hlth,"Healthcare, Medical Equipment, and Drugs",1008,59,4,56,0.05853174603174603,418,111,10,246,172,0.028708133971291867,0.9712918660287081,2018-01-08,2021-07-27,MEDIUM,NOT_VALIDATED,,False,EXCLUDED,industry validation/eligibility failed
1192448,CIK0001192448,GKOS,GLAUKOS Corp,Hlth,"Healthcare, Medical Equipment, and Drugs",1008,60,3,58,0.05952380952380952,377,78,7,103,274,0.042440318302387266,0.9575596816976127,2018-01-10,2021-12-26,MEDIUM,INDUSTRY_STABLE,Hlth,True,EXCLUDED,not highest deterministic priority within tier
1137883,CIK0001137883,BCLI,BRAINSTORM CELL THERAPEUTICS INC.,Hlth,"Healthcare, Medical Equipment, and Drugs",1008,61,2,59,0.060515873015873016,199,76,7,83,116,0.020100502512562814,0.9798994974874372,2018-01-10,2021-12-14,MEDIUM,NOT_VALIDATED,,False,EXCLUDED,industry validation/eligibility failed
1279704,CIK0001279704,CLRB,"Cellectar Biosciences, Inc.",Hlth,"Healthcare, Medical Equipment, and Drugs",1008,63,2,61,0.0625,272,103,9,106,166,0.014705882352941176,0.9852941176470589,2018-01-11,2021-10-09,MEDIUM,NOT_VALIDATED,,False,EXCLUDED,industry validation/eligibility failed
1468328,CIK0001468328,ADUS,Addus HomeCare Corp,Hlth,"Healthcare, Medical Equipment, and Drugs",1008,63,0,63,0.0625,190,67,4,162,28,0.0,1.0,2018-03-05,2021-12-20,MEDIUM,NOT_VALIDATED,,False,EXCLUDED,industry validation/eligibility failed
1595097,CIK0001595097,CRBP,"Corbus Pharmaceuticals Holdings, Inc.",Hlth,"Healthcare, Medical Equipment, and Drugs",1008,63,0,63,0.0625,287,88,2,269,18,0.0,1.0,2018-01-09,2021-11-02,MEDIUM,NOT_VALIDATED,,False,EXCLUDED,industry validation/eligibility failed
1640266,CIK0001640266,VYGR,"Voyager Therapeutics, Inc.",Hlth,"Healthcare, Medical Equipment, and Drugs",1008,63,0,63,0.0625,221,88,4,201,20,0.0,1.0,2018-01-16,2021-12-14,MEDIUM,NOT_VALIDATED,,False,EXCLUDED,industry validation/eligibility failed
1370053,CIK0001370053,ANAB,"ANAPTYSBIO, INC",Hlth,"Healthcare, Medical Equipment, and Drugs",1008,64,0,64,0.06349206349206349,181,77,4,137,44,0.0,1.0,2018-01-02,2021-11-07,MEDIUM,NOT_VALIDATED,,False,EXCLUDED,industry validation/eligibility failed
1006281,CIK0001006281,PLX,"Protalix BioTherapeutics, Inc.",Hlth,"Healthcare, Medical Equipment, and Drugs",1008,65,4,61,0.06448412698412699,283,121,9,127,156,0.0353356890459364,0.9646643109540636,2018-01-02,2021-11-15,MEDIUM,NOT_VALIDATED,,False,EXCLUDED,industry validation/eligibility failed
1536196,CIK0001536196,CANF,Can-Fite BioPharma Ltd.,Hlth,"Healthcare, Medical Equipment, and Drugs",1008,65,2,64,0.06448412698412699,304,107,8,164,140,0.013157894736842105,0.9868421052631579,2018-01-08,2021-12-29,MEDIUM,INDUSTRY_STABLE,Hlth,True,SELECTED,deterministic industry/tier rule
1598646,CIK0001598646,NERV,"Minerva Neurosciences, Inc.",Hlth,"Healthcare, Medical Equipment, and Drugs",1008,65,3,63,0.06448412698412699,302,121,13,84,218,0.026490066225165563,0.9735099337748344,2018-03-09,2021-05-18,MEDIUM,NOT_VALIDATED,,False,EXCLUDED,industry validation/eligibility failed
1333141,CIK0001333141,FMS,Fresenius Medical Care AG,Hlth,"Healthcare, Medical Equipment, and Drugs",1008,66,0,66,0.06547619047619048,169,85,5,127,42,0.0,1.0,2018-02-26,2021-11-17,MEDIUM,NOT_VALIDATED,,False,EXCLUDED,industry validation/eligibility failed
1410098,CIK0001410098,CRMD,CorMedix Inc.,Hlth,"Healthcare, Medical Equipment, and Drugs",1008,66,5,61,0.06547619047619048,238,96,11,44,194,0.058823529411764705,0.9411764705882353,2018-02-02,2021-11-12,MEDIUM,NOT_VALIDATED,,False,EXCLUDED,industry validation/eligibility failed
1104506,CIK0001104506,INSM,INSMED Inc,Hlth,"Healthcare, Medical Equipment, and Drugs",1008,68,1,68,0.06746031746031746,493,88,6,171,322,0.008113590263691683,0.9918864097363083,2018-01-23,2021-12-24,MEDIUM,NOT_VALIDATED,,False,EXCLUDED,industry validation/eligibility failed
1498403,CIK0001498403,BLRX,BioLineRx Ltd.,Hlth,"Healthcare, Medical Equipment, and Drugs",1008,68,2,66,0.06746031746031746,285,127,12,85,200,0.042105263157894736,0.9578947368421052,2018-01-17,2021-12-17,MEDIUM,NOT_VALIDATED,,False,EXCLUDED,industry validation/eligibility failed
1768224,CIK0001768224,ARCT,Arcturus Therapeutics Holdings Inc.,Hlth,"Healthcare, Medical Equipment, and Drugs",1008,68,1,67,0.06746031746031746,393,97,3,363,30,0.005089058524173028,0.9949109414758269,2018-02-07,2021-12-25,MEDIUM,NOT_VALIDATED,,False,EXCLUDED,industry validation/eligibility failed
1108205,CIK0001108205,CRIS,CURIS INC,Hlth,"Healthcare, Medical Equipment, and Drugs",1008,69,1,68,0.06845238095238096,341,138,9,171,170,0.02932551319648094,0.9706744868035191,2018-01-17,2021-11-10,MEDIUM,NOT_VALIDATED,,False,EXCLUDED,industry validation/eligibility failed
1133416,CIK0001133416,GALT,GALECTIN THERAPEUTICS INC,Hlth,"Healthcare, Medical Equipment, and Drugs",1008,69,4,66,0.06845238095238096,222,108,10,58,164,0.04504504504504504,0.954954954954955,2018-01-03,2021-12-10,MEDIUM,NOT_VALIDATED,,False,EXCLUDED,industry validation/eligibility failed
1559053,CIK0001559053,PRTA,PROTHENA CORP PUBLIC LTD CO,Hlth,"Healthcare, Medical Equipment, and Drugs",1008,70,0,70,0.06944444444444445,185,86,4,155,30,0.0,1.0,2018-01-15,2021-12-23,MEDIUM,NOT_VALIDATED,,False,EXCLUDED,industry validation/eligibility failed
1374690,CIK0001374690,LRMR,"Larimar Therapeutics, Inc.",Hlth,"Healthcare, Medical Equipment, and Drugs",1008,72,8,65,0.07142857142857142,468,161,14,64,404,0.03418803418803419,0.9658119658119658,2018-01-05,2021-05-26,MEDIUM,NOT_VALIDATED,,False,EXCLUDED,industry validation/eligibility failed
1604821,CIK0001604821,NTRA,"Natera, Inc.",Hlth,"Healthcare, Medical Equipment, and Drugs",1008,72,1,71,0.07142857142857142,249,94,7,153,96,0.008032128514056224,0.9919678714859438,2018-03-12,2021-11-29,MEDIUM,NOT_VALIDATED,,False,EXCLUDED,industry validation/eligibility failed
1710155,CIK0001710155,EYE,"National Vision Holdings, Inc.",Hlth,"Healthcare, Medical Equipment, and Drugs",1008,73,0,73,0.07242063492063493,187,91,3,143,44,0.0,1.0,2018-01-19,2021-12-09,MEDIUM,NOT_VALIDATED,,False,EXCLUDED,industry validation/eligibility failed
1379006,CIK0001379006,NNVC,"NANOVIRICIDES, INC.",Hlth,"Healthcare, Medical Equipment, and Drugs",1008,74,4,73,0.07341269841269842,355,129,10,97,258,0.07323943661971831,0.9267605633802817,2018-02-21,2021-11-15,MEDIUM,NOT_VALIDATED,,False,EXCLUDED,industry validation/eligibility failed
1341235,CIK0001341235,ALDX,"Aldeyra Therapeutics, Inc.",Hlth,"Healthcare, Medical Equipment, and Drugs",1008,75,2,73,0.0744047619047619,332,126,8,186,146,0.018072289156626505,0.9819277108433735,2018-01-27,2021-12-21,MEDIUM,NOT_VALIDATED,,False,EXCLUDED,industry validation/eligibility failed
1433607,CIK0001433607,NSPR,"InspireMD, Inc.",Hlth,"Healthcare, Medical Equipment, and Drugs",1008,75,4,71,0.0744047619047619,555,182,13,205,350,0.021621621621621623,0.9783783783783784,2018-01-03,2021-11-22,MEDIUM,NOT_VALIDATED,,False,EXCLUDED,industry validation/eligibility failed
1023024,CIK0001023024,ANIP,ANI PHARMACEUTICALS INC,Hlth,"Healthcare, Medical Equipment, and Drugs",1008,76,3,75,0.07539682539682539,179,111,5,123,56,0.0446927374301676,0.9553072625698324,2018-01-03,2021-12-21,MEDIUM,INDUSTRY_STABLE,Hlth,True,EXCLUDED,not highest deterministic priority within tier
1175151,CIK0001175151,CTSO,Cytosorbents Corp,Hlth,"Healthcare, Medical Equipment, and Drugs",1008,76,2,74,0.07539682539682539,329,116,10,159,170,0.0121580547112462,0.9878419452887538,2018-01-08,2021-12-21,MEDIUM,NOT_VALIDATED,,False,EXCLUDED,industry validation/eligibility failed
1133818,CIK0001133818,BPTH,"BIO-PATH HOLDINGS, INC.",Hlth,"Healthcare, Medical Equipment, and Drugs",1008,77,4,74,0.0763888888888889,510,211,15,128,382,0.0196078431372549,0.9803921568627451,2018-02-09,2021-10-06,MEDIUM,NOT_VALIDATED,,False,EXCLUDED,industry validation/eligibility failed
790526,CIK0000790526,RDNT,"RadNet, Inc.",Hlth,"Healthcare, Medical Equipment, and Drugs",1008,78,3,76,0.07738095238095238,271,131,13,45,226,0.04428044280442804,0.955719557195572,2018-01-04,2021-12-20,MEDIUM,NOT_VALIDATED,,False,EXCLUDED,industry validation/eligibility failed
1297184,CIK0001297184,AMPH,"Amphastar Pharmaceuticals, Inc.",Hlth,"Healthcare, Medical Equipment, and Drugs",1008,78,7,72,0.07738095238095238,205,105,9,103,102,0.06829268292682927,0.9317073170731708,2018-01-29,2021-12-26,MEDIUM,NOT_VALIDATED,,False,EXCLUDED,industry validation/eligibility failed
1701108,CIK0001701108,SPRO,"Spero Therapeutics, Inc.",Hlth,"Healthcare, Medical Equipment, and Drugs",1008,79,2,79,0.07837301587301587,336,125,12,136,200,0.011904761904761904,0.9880952380952381,2018-02-09,2021-12-27,MEDIUM,NOT_VALIDATED,,False,EXCLUDED,industry validation/eligibility failed
876343,CIK0000876343,LCTX,"Lineage Cell Therapeutics, Inc.",Hlth,"Healthcare, Medical Equipment, and Drugs",1008,80,8,73,0.07936507936507936,265,117,9,43,222,0.06792452830188679,0.9320754716981132,2018-01-02,2021-12-20,MEDIUM,INDUSTRY_STABLE,Hlth,True,EXCLUDED,not highest deterministic priority within tier
1535955,CIK0001535955,LPCN,Lipocine Inc.,Hlth,"Healthcare, Medical Equipment, and Drugs",1008,82,9,73,0.08134920634920635,581,157,14,107,474,0.03098106712564544,0.9690189328743546,2018-01-05,2021-10-19,MEDIUM,NOT_VALIDATED,,False,EXCLUDED,industry validation/eligibility failed
1069899,CIK0001069899,PAHC,PHIBRO ANIMAL HEALTH CORP,Hlth,"Healthcare, Medical Equipment, and Drugs",1008,84,4,81,0.08333333333333333,237,125,9,77,160,0.04219409282700422,0.9578059071729957,2018-01-09,2021-11-22,MEDIUM,NOT_VALIDATED,,False,EXCLUDED,industry validation/eligibility failed
1437402,CIK0001437402,ARDX,"ARDELYX, INC.",Hlth,"Healthcare, Medical Equipment, and Drugs",1008,84,5,79,0.08333333333333333,418,169,11,122,296,0.023923444976076555,0.9760765550239234,2018-01-03,2021-12-02,MEDIUM,NOT_VALIDATED,,False,EXCLUDED,industry validation/eligibility failed
1119774,CIK0001119774,CGEN,COMPUGEN LTD,Hlth,"Healthcare, Medical Equipment, and Drugs",1008,85,2,83,0.08432539682539683,270,132,11,88,182,0.037037037037037035,0.9629629629629629,2018-01-31,2021-12-09,MEDIUM,NOT_VALIDATED,,False,EXCLUDED,industry validation/eligibility failed
1607678,CIK0001607678,VKTX,"Viking Therapeutics, Inc.",Hlth,"Healthcare, Medical Equipment, and Drugs",1008,87,0,87,0.08630952380952381,278,113,3,196,82,0.0,1.0,2018-01-25,2021-11-04,MEDIUM,NOT_VALIDATED,,False,EXCLUDED,industry validation/eligibility failed
1158895,CIK0001158895,LMAT,LEMAITRE VASCULAR INC,Hlth,"Healthcare, Medical Equipment, and Drugs",1008,90,5,85,0.08928571428571429,300,139,13,66,234,0.03333333333333333,0.9666666666666667,2018-01-11,2021-12-17,MEDIUM,NOT_VALIDATED,,False,EXCLUDED,industry validation/eligibility failed
1517022,CIK0001517022,AKBA,"Akebia Therapeutics, Inc.",Hlth,"Healthcare, Medical Equipment, and Drugs",1008,90,6,86,0.08928571428571429,469,141,12,287,182,0.029850746268656716,0.9701492537313433,2018-02-22,2021-11-22,MEDIUM,NOT_VALIDATED,,False,EXCLUDED,industry validation/eligibility failed
1020214,CIK0001020214,CERS,CERUS CORP,Hlth,"Healthcare, Medical Equipment, and Drugs",1008,91,4,87,0.09027777777777778,328,147,10,60,268,0.024390243902439025,0.975609756097561,2018-01-08,2021-11-22,MEDIUM,NOT_VALIDATED,,False,EXCLUDED,industry validation/eligibility failed
1034842,CIK0001034842,RIGL,RIGEL PHARMACEUTICALS INC,Hlth,"Healthcare, Medical Equipment, and Drugs",1008,91,2,89,0.09027777777777778,429,158,9,223,206,0.009324009324009324,0.9906759906759907,2018-02-15,2021-12-21,MEDIUM,NOT_VALIDATED,,False,EXCLUDED,industry validation/eligibility failed
1368514,CIK0001368514,ADMA,"ADMA BIOLOGICS, INC.",Hlth,"Healthcare, Medical Equipment, and Drugs",1008,91,3,89,0.09027777777777778,423,165,12,175,248,0.02364066193853428,0.9763593380614657,2018-03-05,2021-11-11,MEDIUM,NOT_VALIDATED,,False,EXCLUDED,industry validation/eligibility failed
1515673,CIK0001515673,RARE,Ultragenyx Pharmaceutical Inc.,Hlth,"Healthcare, Medical Equipment, and Drugs",1008,95,2,93,0.09424603174603174,291,126,10,97,194,0.013745704467353952,0.9862542955326461,2018-01-10,2021-12-15,MEDIUM,NOT_VALIDATED,,False,EXCLUDED,industry validation/eligibility failed
1567529,CIK0001567529,KMDA,KAMADA LTD,Hlth,"Healthcare, Medical Equipment, and Drugs",1008,95,3,92,0.09424603174603174,487,171,10,109,378,0.03285420944558522,0.9671457905544147,2018-01-04,2021-12-23,MEDIUM,INDUSTRY_STABLE,Hlth,True,SELECTED,deterministic industry/tier rule
1014739,CIK0001014739,OPCH,"Option Care Health, Inc.",Hlth,"Healthcare, Medical Equipment, and Drugs",1008,96,1,95,0.09523809523809523,474,164,10,210,264,0.004219409282700422,0.9957805907172996,2018-01-08,2021-12-27,MEDIUM,INDUSTRY_STABLE,Hlth,True,EXCLUDED,not highest deterministic priority within tier
1350653,CIK0001350653,ATEC,"Alphatec Holdings, Inc.",Hlth,"Healthcare, Medical Equipment, and Drugs",1008,99,5,94,0.09821428571428571,306,143,8,82,224,0.0392156862745098,0.9607843137254902,2018-01-08,2021-11-30,MEDIUM,NOT_VALIDATED,,False,EXCLUDED,industry validation/eligibility failed
1323885,CIK0001323885,ATRC,"AtriCure, Inc.",Hlth,"Healthcare, Medical Equipment, and Drugs",1008,101,1,101,0.1001984126984127,363,160,13,105,258,0.005509641873278237,0.9944903581267218,2018-01-08,2021-12-23,MEDIUM,NOT_VALIDATED,,False,EXCLUDED,industry validation/eligibility failed
1226616,CIK0001226616,MNOV,MEDICINOVA INC,Hlth,"Healthcare, Medical Equipment, and Drugs",1008,102,4,101,0.10119047619047619,886,207,12,462,424,0.009029345372460496,0.9909706546275395,2018-01-22,2021-11-24,MEDIUM,NOT_VALIDATED,,False,EXCLUDED,industry validation/eligibility failed
882796,CIK0000882796,BCRX,BIOCRYST PHARMACEUTICALS INC,Hlth,"Healthcare, Medical Equipment, and Drugs",1008,104,0,104,0.10317460317460317,526,156,5,480,46,0.0,1.0,2018-01-02,2021-12-07,MEDIUM,NOT_VALIDATED,,False,EXCLUDED,industry validation/eligibility failed
1041024,CIK0001041024,RMTI,"ROCKWELL MEDICAL, INC.",Hlth,"Healthcare, Medical Equipment, and Drugs",1008,105,7,100,0.10416666666666667,594,176,13,92,502,0.04040404040404041,0.9595959595959596,2018-03-15,2021-12-31,MEDIUM,NOT_VALIDATED,,False,EXCLUDED,industry validation/eligibility failed
1177648,CIK0001177648,ENTA,ENANTA PHARMACEUTICALS INC,Hlth,"Healthcare, Medical Equipment, and Drugs",1008,109,7,104,0.10813492063492064,323,150,8,179,144,0.04953560371517028,0.9504643962848297,2018-01-02,2021-11-29,MEDIUM,NOT_VALIDATED,,False,EXCLUDED,industry validation/eligibility failed
887359,CIK0000887359,VCEL,Vericel Corp,Hlth,"Healthcare, Medical Equipment, and Drugs",1008,110,3,107,0.10912698412698413,519,196,16,125,394,0.015414258188824663,0.9845857418111753,2018-01-02,2021-11-29,MEDIUM,NOT_VALIDATED,,False,EXCLUDED,industry validation/eligibility failed
1295947,CIK0001295947,PBH,Prestige Consumer Healthcare Inc.,Hlth,"Healthcare, Medical Equipment, and Drugs",1008,110,1,109,0.10912698412698413,373,169,13,135,238,0.005361930294906166,0.9946380697050938,2018-01-24,2021-12-23,MEDIUM,NOT_VALIDATED,,False,EXCLUDED,industry validation/eligibility failed
1384101,CIK0001384101,VCYT,"VERACYTE, INC.",Hlth,"Healthcare, Medical Equipment, and Drugs",1008,110,6,106,0.10912698412698413,450,158,14,120,330,0.04,0.96,2018-01-08,2021-12-17,MEDIUM,NOT_VALIDATED,,False,EXCLUDED,industry validation/eligibility failed
1600620,CIK0001600620,AUPH,Aurinia Pharmaceuticals Inc.,Hlth,"Healthcare, Medical Equipment, and Drugs",1008,110,3,107,0.10912698412698413,414,158,9,236,178,0.014492753623188406,0.9855072463768116,2018-01-19,2021-12-09,MEDIUM,NOT_VALIDATED,,False,EXCLUDED,industry validation/eligibility failed
1326732,CIK0001326732,XNCR,Xencor Inc,Hlth,"Healthcare, Medical Equipment, and Drugs",1008,113,12,104,0.11210317460317461,381,172,12,79,302,0.06299212598425197,0.937007874015748,2018-01-02,2021-11-24,MEDIUM,NOT_VALIDATED,,False,EXCLUDED,industry validation/eligibility failed
1393434,CIK0001393434,OCUL,"OCULAR THERAPEUTIX, INC",Hlth,"Healthcare, Medical Equipment, and Drugs",1008,113,4,109,0.11210317460317461,495,195,15,163,332,0.020202020202020204,0.9797979797979798,2018-01-08,2021-12-13,MEDIUM,NOT_VALIDATED,,False,EXCLUDED,industry validation/eligibility failed
896264,CIK0000896264,USNA,USANA HEALTH SCIENCES INC,Hlth,"Healthcare, Medical Equipment, and Drugs",1008,116,2,114,0.11507936507936507,385,187,12,203,182,0.02077922077922078,0.9792207792207792,2018-01-08,2021-12-21,MEDIUM,NOT_VALIDATED,,False,EXCLUDED,industry validation/eligibility failed
1159036,CIK0001159036,HALO,"HALOZYME THERAPEUTICS, INC.",Hlth,"Healthcare, Medical Equipment, and Drugs",1008,116,2,115,0.11507936507936507,334,183,11,118,216,0.023952095808383235,0.9760479041916168,2018-01-11,2021-12-23,HIGH,NOT_VALIDATED,,False,EXCLUDED,industry validation/eligibility failed
1237831,CIK0001237831,GMED,GLOBUS MEDICAL INC,Hlth,"Healthcare, Medical Equipment, and Drugs",1008,118,2,117,0.11706349206349206,482,180,14,24,458,0.03319502074688797,0.966804979253112,2018-01-02,2021-11-15,HIGH,NOT_VALIDATED,,False,EXCLUDED,industry validation/eligibility failed
1321732,CIK0001321732,PEN,Penumbra Inc,Hlth,"Healthcare, Medical Equipment, and Drugs",1008,121,0,121,0.12003968253968254,444,162,3,314,130,0.0,1.0,2018-01-05,2021-12-22,HIGH,NOT_VALIDATED,,False,EXCLUDED,industry validation/eligibility failed
1356576,CIK0001356576,SUPN,"SUPERNUS PHARMACEUTICALS, INC.",Hlth,"Healthcare, Medical Equipment, and Drugs",1008,123,2,121,0.12202380952380952,406,188,11,232,174,0.009852216748768473,0.9901477832512315,2018-01-05,2021-12-08,HIGH,NOT_VALIDATED,,False,EXCLUDED,industry validation/eligibility failed
1439222,CIK0001439222,AGIO,"AGIOS PHARMACEUTICALS, INC.",Hlth,"Healthcare, Medical Equipment, and Drugs",1008,125,2,124,0.12400793650793651,443,191,11,197,246,0.009029345372460496,0.9909706546275395,2018-01-08,2021-03-26,HIGH,NOT_VALIDATED,,False,EXCLUDED,industry validation/eligibility failed
1138723,CIK0001138723,ARAY,ACCURAY INC,Hlth,"Healthcare, Medical Equipment, and Drugs",1008,126,2,125,0.125,579,246,7,211,368,0.013816925734024179,0.9861830742659758,2018-01-23,2021-12-13,HIGH,NOT_VALIDATED,,False,EXCLUDED,industry validation/eligibility failed
1583107,CIK0001583107,TBPH,"Theravance Biopharma, Inc.",Hlth,"Healthcare, Medical Equipment, and Drugs",1008,127,6,122,0.1259920634920635,376,187,10,130,246,0.03723404255319149,0.9627659574468085,2018-01-29,2021-12-07,HIGH,NOT_VALIDATED,,False,EXCLUDED,industry validation/eligibility failed
1652130,CIK0001652130,NTLA,"Intellia Therapeutics, Inc.",Hlth,"Healthcare, Medical Equipment, and Drugs",1008,127,1,126,0.1259920634920635,563,179,6,519,44,0.003552397868561279,0.9964476021314387,2018-01-04,2021-12-07,HIGH,NOT_VALIDATED,,False,EXCLUDED,industry validation/eligibility failed
1503802,CIK0001503802,KPTI,Karyopharm Therapeutics Inc.,Hlth,"Healthcare, Medical Equipment, and Drugs",1008,131,4,128,0.12996031746031747,559,210,14,221,338,0.017889087656529516,0.9821109123434705,2018-01-25,2021-12-21,HIGH,NOT_VALIDATED,,False,EXCLUDED,industry validation/eligibility failed
1553846,CIK0001553846,RDHL,RedHill Biopharma Ltd.,Hlth,"Healthcare, Medical Equipment, and Drugs",1008,131,4,127,0.12996031746031747,840,236,16,482,358,0.016666666666666666,0.9833333333333333,2018-01-16,2021-12-09,HIGH,NOT_VALIDATED,,False,EXCLUDED,industry validation/eligibility failed
1526119,CIK0001526119,VSTM,"Verastem, Inc.",Hlth,"Healthcare, Medical Equipment, and Drugs",1008,135,7,131,0.13392857142857142,938,256,17,284,654,0.014925373134328358,0.9850746268656716,2018-01-26,2021-12-14,HIGH,NOT_VALIDATED,,False,EXCLUDED,industry validation/eligibility failed
25743,CIK0000025743,TXMD,"TherapeuticsMD, Inc.",Hlth,"Healthcare, Medical Equipment, and Drugs",1008,137,6,133,0.1359126984126984,568,249,18,138,430,0.02112676056338028,0.9788732394366197,2018-01-29,2021-11-12,HIGH,NOT_VALIDATED,,False,EXCLUDED,industry validation/eligibility failed
1217234,CIK0001217234,CDNA,"CareDx, Inc.",Hlth,"Healthcare, Medical Equipment, and Drugs",1008,137,7,134,0.1359126984126984,689,242,15,217,472,0.02902757619738752,0.9709724238026125,2018-01-08,2021-12-01,HIGH,NOT_VALIDATED,,False,EXCLUDED,industry validation/eligibility failed
1015820,CIK0001015820,QGEN,QIAGEN N.V.,Hlth,"Healthcare, Medical Equipment, and Drugs",1008,138,0,138,0.13690476190476192,378,179,4,234,144,0.0,1.0,2018-01-18,2021-12-30,HIGH,NOT_VALIDATED,,False,EXCLUDED,industry validation/eligibility failed
1098972,CIK0001098972,AGEN,AGENUS INC,Hlth,"Healthcare, Medical Equipment, and Drugs",1008,140,3,137,0.1388888888888889,770,266,11,328,442,0.012987012987012988,0.987012987012987,2018-01-06,2021-12-24,HIGH,NOT_VALIDATED,,False,EXCLUDED,industry validation/eligibility failed
1604464,CIK0001604464,ATRA,"Atara Biotherapeutics, Inc.",Hlth,"Healthcare, Medical Equipment, and Drugs",1008,140,3,138,0.1388888888888889,569,214,13,257,312,0.014059753954305799,0.9859402460456942,2018-01-01,2021-12-14,HIGH,NOT_VALIDATED,,False,EXCLUDED,industry validation/eligibility failed
1061983,CIK0001061983,CYTK,CYTOKINETICS INC,Hlth,"Healthcare, Medical Equipment, and Drugs",1008,141,2,140,0.13988095238095238,573,229,16,207,366,0.006980802792321117,0.9930191972076788,2018-02-02,2021-12-23,HIGH,NOT_VALIDATED,,False,EXCLUDED,industry validation/eligibility failed
1356090,CIK0001356090,PGEN,"PRECIGEN, INC.",Hlth,"Healthcare, Medical Equipment, and Drugs",1008,142,4,139,0.14087301587301587,606,253,16,174,432,0.0165016501650165,0.9834983498349835,2018-01-02,2021-12-13,HIGH,NOT_VALIDATED,,False,EXCLUDED,industry validation/eligibility failed
1401667,CIK0001401667,PBYI,"PUMA BIOTECHNOLOGY, INC.",Hlth,"Healthcare, Medical Equipment, and Drugs",1008,148,6,146,0.14682539682539683,667,289,15,301,366,0.020989505247376312,0.9790104947526237,2018-01-03,2021-12-20,HIGH,NOT_VALIDATED,,False,EXCLUDED,industry validation/eligibility failed
1430306,CIK0001430306,TNXP,Tonix Pharmaceuticals Holding Corp.,Hlth,"Healthcare, Medical Equipment, and Drugs",1008,148,4,144,0.14682539682539683,1073,268,10,659,414,0.007455731593662628,0.9925442684063374,2018-01-09,2021-12-31,HIGH,NOT_VALIDATED,,False,EXCLUDED,industry validation/eligibility failed
1434316,CIK0001434316,FATE,FATE THERAPEUTICS INC,Hlth,"Healthcare, Medical Equipment, and Drugs",1008,148,9,143,0.14682539682539683,598,247,12,206,392,0.043478260869565216,0.9565217391304348,2018-01-18,2021-12-27,HIGH,NOT_VALIDATED,,False,EXCLUDED,industry validation/eligibility failed
917520,CIK0000917520,IART,INTEGRA LIFESCIENCES HOLDINGS CORP,Hlth,"Healthcare, Medical Equipment, and Drugs",1008,152,5,149,0.15079365079365079,607,259,13,159,448,0.023064250411861616,0.9769357495881383,2018-01-02,2021-12-27,HIGH,NOT_VALIDATED,,False,EXCLUDED,industry validation/eligibility failed
313143,CIK0000313143,HAE,HAEMONETICS CORP,Hlth,"Healthcare, Medical Equipment, and Drugs",1008,157,7,153,0.15575396825396826,651,268,11,225,426,0.02457757296466974,0.9754224270353302,2018-01-02,2021-12-24,HIGH,NOT_VALIDATED,,False,EXCLUDED,industry validation/eligibility failed
1108109,CIK0001108109,CYH,COMMUNITY HEALTH SYSTEMS INC,Hlth,"Healthcare, Medical Equipment, and Drugs",1008,160,2,158,0.15873015873015872,570,261,14,234,336,0.007017543859649123,0.9929824561403509,2018-01-01,2021-11-28,HIGH,NOT_VALIDATED,,False,EXCLUDED,industry validation/eligibility failed
1285819,CIK0001285819,OMER,OMEROS CORP,Hlth,"Healthcare, Medical Equipment, and Drugs",1008,160,3,159,0.15873015873015872,880,310,19,232,648,0.006818181818181818,0.9931818181818182,2018-01-03,2021-12-10,HIGH,NOT_VALIDATED,,False,EXCLUDED,industry validation/eligibility failed
1070081,CIK0001070081,PTCT,"PTC THERAPEUTICS, INC.",Hlth,"Healthcare, Medical Equipment, and Drugs",1008,162,5,158,0.16071428571428573,604,289,17,214,390,0.019867549668874173,0.9801324503311258,2018-01-03,2021-12-23,HIGH,NOT_VALIDATED,,False,EXCLUDED,industry validation/eligibility failed
1294133,CIK0001294133,INGN,Inogen Inc,Hlth,"Healthcare, Medical Equipment, and Drugs",1008,165,3,163,0.1636904761904762,870,333,17,302,568,0.009195402298850575,0.9908045977011494,2018-01-03,2021-12-13,HIGH,NOT_VALIDATED,,False,EXCLUDED,industry validation/eligibility failed
1396814,CIK0001396814,PCRX,"Pacira BioSciences, Inc.",Hlth,"Healthcare, Medical Equipment, and Drugs",1008,172,6,167,0.17063492063492064,840,315,14,252,588,0.02142857142857143,0.9785714285714285,2018-01-03,2021-11-04,HIGH,NOT_VALIDATED,,False,EXCLUDED,industry validation/eligibility failed
1001316,CIK0001001316,TGTX,"TG THERAPEUTICS, INC.",Hlth,"Healthcare, Medical Equipment, and Drugs",1008,177,3,177,0.17559523809523808,786,328,15,344,442,0.01272264631043257,0.9872773536895675,2018-01-08,2021-12-13,HIGH,NOT_VALIDATED,,False,EXCLUDED,industry validation/eligibility failed
1520697,CIK0001520697,ACHC,"Acadia Healthcare Company, Inc.",Hlth,"Healthcare, Medical Equipment, and Drugs",1008,177,4,175,0.17559523809523808,699,297,16,217,482,0.017167381974248927,0.9828326180257511,2018-01-02,2021-12-20,HIGH,NOT_VALIDATED,,False,EXCLUDED,industry validation/eligibility failed
886163,CIK0000886163,LGND,LIGAND PHARMACEUTICALS INC,Hlth,"Healthcare, Medical Equipment, and Drugs",1008,186,2,184,0.18452380952380953,687,320,11,349,338,0.011644832605531296,0.9883551673944687,2018-01-03,2021-12-01,HIGH,NOT_VALIDATED,,False,EXCLUDED,industry validation/eligibility failed
920148,CIK0000920148,LH,LABCORP HOLDINGS INC.,Hlth,"Healthcare, Medical Equipment, and Drugs",1008,188,2,187,0.1865079365079365,924,312,12,362,562,0.004329004329004329,0.9956709956709957,2018-01-03,2021-12-29,HIGH,NOT_VALIDATED,,False,EXCLUDED,industry validation/eligibility failed
1145197,CIK0001145197,PODD,INSULET CORP,Hlth,"Healthcare, Medical Equipment, and Drugs",1008,188,3,186,0.1865079365079365,946,353,17,282,664,0.006342494714587738,0.9936575052854123,2018-01-08,2021-12-03,HIGH,NOT_VALIDATED,,False,EXCLUDED,industry validation/eligibility failed
885590,CIK0000885590,BHC,Bausch Health Companies Inc.,Hlth,"Healthcare, Medical Equipment, and Drugs",1008,197,0,197,0.19543650793650794,548,267,2,544,4,0.0,1.0,2018-01-03,2021-12-20,HIGH,NOT_VALIDATED,,False,EXCLUDED,industry validation/eligibility failed
886744,CIK0000886744,GERN,GERON CORP,Hlth,"Healthcare, Medical Equipment, and Drugs",1008,204,4,203,0.20238095238095238,1015,431,14,283,732,0.009852216748768473,0.9901477832512315,2018-01-03,2021-11-01,HIGH,NOT_VALIDATED,,False,EXCLUDED,industry validation/eligibility failed
1438133,CIK0001438133,TNDM,TANDEM DIABETES CARE INC,Hlth,"Healthcare, Medical Equipment, and Drugs",1008,207,5,205,0.20535714285714285,820,363,14,400,420,0.024390243902439025,0.975609756097561,2018-01-03,2021-12-26,HIGH,NOT_VALIDATED,,False,EXCLUDED,industry validation/eligibility failed
914475,CIK0000914475,NBIX,NEUROCRINE BIOSCIENCES INC,Hlth,"Healthcare, Medical Equipment, and Drugs",1008,210,4,207,0.20833333333333334,818,374,15,320,498,0.009779951100244499,0.9902200488997555,2018-01-05,2021-12-03,HIGH,NOT_VALIDATED,,False,EXCLUDED,industry validation/eligibility failed
1070494,CIK0001070494,ACAD,ACADIA PHARMACEUTICALS INC,Hlth,"Healthcare, Medical Equipment, and Drugs",1008,212,5,209,0.21031746031746032,723,348,14,321,402,0.019363762102351315,0.9806362378976486,2018-01-04,2021-12-22,HIGH,NOT_VALIDATED,,False,EXCLUDED,industry validation/eligibility failed
19584,CIK0000019584,CHE,CHEMED CORP,Hlth,"Healthcare, Medical Equipment, and Drugs",1008,216,5,214,0.21428571428571427,940,370,10,450,490,0.010638297872340425,0.9893617021276596,2018-01-03,2021-12-19,HIGH,NOT_VALIDATED,,False,EXCLUDED,industry validation/eligibility failed
1125376,CIK0001125376,ENSG,"ENSIGN GROUP, INC",Hlth,"Healthcare, Medical Equipment, and Drugs",1008,216,3,214,0.21428571428571427,779,309,12,259,520,0.010269576379974325,0.9897304236200257,2018-01-08,2021-12-29,HIGH,NOT_VALIDATED,,False,EXCLUDED,industry validation/eligibility failed
1082554,CIK0001082554,UTHR,UNITED THERAPEUTICS Corp,Hlth,"Healthcare, Medical Equipment, and Drugs",1008,217,1,216,0.2152777777777778,1153,459,15,519,634,0.005203816131830009,0.99479618386817,2018-01-03,2021-12-26,HIGH,NOT_VALIDATED,,False,EXCLUDED,industry validation/eligibility failed
1136869,CIK0001136869,ZBH,"ZIMMER BIOMET HOLDINGS, INC.",Hlth,"Healthcare, Medical Equipment, and Drugs",1008,220,1,219,0.21825396825396826,1010,328,7,634,376,0.0019801980198019802,0.998019801980198,2018-01-02,2021-12-28,HIGH,NOT_VALIDATED,,False,EXCLUDED,industry validation/eligibility failed
1372299,CIK0001372299,OCGN,"Ocugen, Inc.",Hlth,"Healthcare, Medical Equipment, and Drugs",1008,227,4,224,0.2251984126984127,1038,480,11,850,188,0.009633911368015413,0.9903660886319846,2018-01-09,2021-12-31,HIGH,NOT_VALIDATED,,False,EXCLUDED,industry validation/eligibility failed
1048477,CIK0001048477,BMRN,BIOMARIN PHARMACEUTICAL INC,Hlth,"Healthcare, Medical Equipment, and Drugs",1008,230,1,229,0.22817460317460317,807,361,10,427,380,0.004956629491945477,0.9950433705080545,2018-01-05,2021-12-05,HIGH,NOT_VALIDATED,,False,EXCLUDED,industry validation/eligibility failed
897448,CIK0000897448,AMRN,AMARIN CORP PLC\UK,Hlth,"Healthcare, Medical Equipment, and Drugs",1008,234,0,234,0.23214285714285715,552,302,4,502,50,0.0,1.0,2018-01-09,2021-12-20,HIGH,NOT_VALIDATED,,False,EXCLUDED,industry validation/eligibility failed
899460,CIK0000899460,MNKD,MANNKIND CORP,Hlth,"Healthcare, Medical Equipment, and Drugs",1008,241,6,235,0.2390873015873016,1125,434,15,265,860,0.012444444444444444,0.9875555555555555,2018-01-05,2021-12-30,HIGH,NOT_VALIDATED,,False,EXCLUDED,industry validation/eligibility failed
1650664,CIK0001650664,EDIT,"Editas Medicine, Inc.",Hlth,"Healthcare, Medical Equipment, and Drugs",1008,241,0,241,0.2390873015873016,848,327,6,808,40,0.0,1.0,2018-01-02,2021-12-29,HIGH,NOT_VALIDATED,,False,EXCLUDED,industry validation/eligibility failed
906709,CIK0000906709,NKTR,NEKTAR THERAPEUTICS,Hlth,"Healthcare, Medical Equipment, and Drugs",1008,252,7,245,0.25,1058,467,17,470,588,0.015122873345935728,0.9848771266540642,2018-01-05,2021-12-17,HIGH,NOT_VALIDATED,,False,EXCLUDED,industry validation/eligibility failed
899923,CIK0000899923,MYGN,MYRIAD GENETICS INC,Hlth,"Healthcare, Medical Equipment, and Drugs",1008,256,6,250,0.25396825396825395,1395,506,20,571,824,0.008602150537634409,0.9913978494623656,2018-01-03,2021-11-08,HIGH,NOT_VALIDATED,,False,EXCLUDED,industry validation/eligibility failed
944809,CIK0000944809,OPK,"OPKO HEALTH, INC.",Hlth,"Healthcare, Medical Equipment, and Drugs",1008,263,5,262,0.26091269841269843,1312,464,21,668,644,0.009146341463414634,0.9908536585365854,2018-01-11,2021-12-23,HIGH,NOT_VALIDATED,,False,EXCLUDED,industry validation/eligibility failed
1367644,CIK0001367644,EBS,Emergent BioSolutions Inc.,Hlth,"Healthcare, Medical Equipment, and Drugs",1008,265,2,264,0.2628968253968254,1024,480,16,560,464,0.00390625,0.99609375,2018-01-04,2021-12-19,HIGH,NOT_VALIDATED,,False,EXCLUDED,industry validation/eligibility failed
1520262,CIK0001520262,ALKS,Alkermes plc.,Hlth,"Healthcare, Medical Equipment, and Drugs",1008,265,5,261,0.2628968253968254,1368,559,19,584,784,0.01023391812865497,0.9897660818713451,2018-01-05,2021-12-13,HIGH,NOT_VALIDATED,,False,EXCLUDED,industry validation/eligibility failed
1178670,CIK0001178670,ALNY,"ALNYLAM PHARMACEUTICALS, INC.",Hlth,"Healthcare, Medical Equipment, and Drugs",1008,266,3,264,0.2638888888888889,1055,413,10,819,236,0.011374407582938388,0.9886255924170616,2018-01-02,2021-12-28,HIGH,NOT_VALIDATED,,False,EXCLUDED,industry validation/eligibility failed
943819,CIK0000943819,RMD,RESMED INC,Hlth,"Healthcare, Medical Equipment, and Drugs",1008,269,6,265,0.26686507936507936,1313,498,15,573,740,0.012185833968012186,0.9878141660319878,2018-01-09,2021-12-29,HIGH,NOT_VALIDATED,,False,EXCLUDED,industry validation/eligibility failed
927066,CIK0000927066,DVA,DAVITA INC.,Hlth,"Healthcare, Medical Equipment, and Drugs",1008,312,3,312,0.30952380952380953,1344,547,20,564,780,0.008928571428571428,0.9910714285714286,2018-01-04,2021-12-31,HIGH,NOT_VALIDATED,,False,EXCLUDED,industry validation/eligibility failed
1674416,CIK0001674416,CRSP,CRISPR Therapeutics AG,Hlth,"Healthcare, Medical Equipment, and Drugs",1008,312,0,312,0.30952380952380953,1187,440,3,1175,12,0.0,1.0,2018-01-03,2021-12-27,HIGH,NOT_VALIDATED,,False,EXCLUDED,industry validation/eligibility failed
1022079,CIK0001022079,DGX,QUEST DIAGNOSTICS INC,Hlth,"Healthcare, Medical Equipment, and Drugs",1008,324,6,320,0.32142857142857145,1740,665,20,882,858,0.011494252873563218,0.9885057471264368,2018-01-04,2021-12-29,HIGH,NOT_VALIDATED,,False,EXCLUDED,industry validation/eligibility failed
1555280,CIK0001555280,ZTS,Zoetis Inc.,Hlth,"Healthcare, Medical Equipment, and Drugs",1008,325,4,324,0.32242063492063494,1713,574,17,617,1096,0.008172796263864565,0.9918272037361354,2018-01-02,2021-12-30,HIGH,NOT_VALIDATED,,False,EXCLUDED,industry validation/eligibility failed
860730,CIK0000860730,HCA,"HCA Healthcare, Inc.",Hlth,"Healthcare, Medical Equipment, and Drugs",1008,330,4,328,0.3273809523809524,2191,603,11,1165,1026,0.003651300775901415,0.9963486992240986,2018-01-03,2021-12-29,HIGH,NOT_VALIDATED,,False,EXCLUDED,industry validation/eligibility failed
1055726,CIK0001055726,INO,"INOVIO PHARMACEUTICALS, INC.",Hlth,"Healthcare, Medical Equipment, and Drugs",1008,335,5,335,0.3323412698412698,2106,753,16,1774,332,0.005698005698005698,0.9943019943019943,2018-01-03,2021-12-19,HIGH,NOT_VALIDATED,,False,EXCLUDED,industry validation/eligibility failed
939767,CIK0000939767,EXEL,"EXELIXIS, INC.",Hlth,"Healthcare, Medical Equipment, and Drugs",1008,356,7,353,0.3531746031746032,1773,672,17,841,932,0.01015228426395939,0.9898477157360406,2018-01-03,2021-12-10,HIGH,NOT_VALIDATED,,False,EXCLUDED,industry validation/eligibility failed
1093557,CIK0001093557,DXCM,DEXCOM INC,Hlth,"Healthcare, Medical Equipment, and Drugs",1008,371,5,369,0.3680555555555556,2066,722,19,808,1258,0.041626331074540175,0.9583736689254598,2018-01-04,2021-12-28,HIGH,NOT_VALIDATED,,False,EXCLUDED,industry validation/eligibility failed
1099800,CIK0001099800,EW,Edwards Lifesciences Corp,Hlth,"Healthcare, Medical Equipment, and Drugs",1008,384,4,383,0.38095238095238093,2143,793,17,917,1226,0.0055996266915538965,0.9944003733084461,2018-01-02,2021-12-27,HIGH,NOT_VALIDATED,,False,EXCLUDED,industry validation/eligibility failed
875320,CIK0000875320,VRTX,VERTEX PHARMACEUTICALS INC / MA,Hlth,"Healthcare, Medical Equipment, and Drugs",1008,396,0,396,0.39285714285714285,1383,573,3,1377,6,0.0,1.0,2018-01-02,2021-12-31,HIGH,INDUSTRY_STABLE,Hlth,True,EXCLUDED,not highest deterministic priority within tier
885725,CIK0000885725,BSX,BOSTON SCIENTIFIC CORP,Hlth,"Healthcare, Medical Equipment, and Drugs",1008,430,4,428,0.42658730158730157,2890,929,24,974,1916,0.004844290657439446,0.9951557093425606,2018-01-03,2021-12-31,HIGH,NOT_VALIDATED,,False,EXCLUDED,industry validation/eligibility failed
1097149,CIK0001097149,ALGN,ALIGN TECHNOLOGY INC,Hlth,"Healthcare, Medical Equipment, and Drugs",1008,449,1,449,0.44543650793650796,2365,895,17,1365,1000,0.0008456659619450317,0.999154334038055,2018-01-03,2021-12-23,HIGH,NOT_VALIDATED,,False,EXCLUDED,industry validation/eligibility failed
872589,CIK0000872589,REGN,"REGENERON PHARMACEUTICALS, INC.",Hlth,"Healthcare, Medical Equipment, and Drugs",1008,498,1,498,0.49404761904761907,2565,942,13,1799,766,0.0007797270955165692,0.9992202729044835,2018-01-02,2021-12-16,HIGH,NOT_VALIDATED,,False,EXCLUDED,industry validation/eligibility failed
1114448,CIK0001114448,NVS,NOVARTIS AG,Hlth,"Healthcare, Medical Equipment, and Drugs",1008,500,1,500,0.49603174603174605,2130,902,6,1994,136,0.0009389671361502347,0.9990610328638497,2018-01-02,2021-12-26,HIGH,NOT_VALIDATED,,False,EXCLUDED,industry validation/eligibility failed
1477449,CIK0001477449,TDOC,"Teladoc Health, Inc.",Hlth,"Healthcare, Medical Equipment, and Drugs",1008,500,0,500,0.49603174603174605,2433,1062,10,2213,220,0.0,1.0,2018-01-08,2021-12-31,HIGH,NOT_VALIDATED,,False,EXCLUDED,industry validation/eligibility failed
1000694,CIK0001000694,NVAX,NOVAVAX INC,Hlth,"Healthcare, Medical Equipment, and Drugs",1008,588,9,588,0.5833333333333334,4766,1988,25,3652,1114,0.013008812421317666,0.9869911875786823,2018-01-02,2021-12-31,HIGH,INDUSTRY_STABLE,Hlth,True,SELECTED,deterministic industry/tier rule
875045,CIK0000875045,BIIB,BIOGEN INC.,Hlth,"Healthcare, Medical Equipment, and Drugs",1008,670,10,669,0.6646825396825397,5839,2036,29,3619,2220,0.004452817263230005,0.99554718273677,2018-01-02,2021-12-31,HIGH,INDUSTRY_STABLE,Hlth,True,EXCLUDED,not highest deterministic priority within tier
901832,CIK0000901832,AZN,ASTRAZENECA PLC,Hlth,"Healthcare, Medical Equipment, and Drugs",1008,752,10,751,0.746031746031746,4934,2089,24,3070,1864,0.025942440210782326,0.9740575597892177,2018-01-02,2021-12-30,HIGH,NOT_VALIDATED,,False,EXCLUDED,industry validation/eligibility failed
1737927,CIK0001737927,CGC,Canopy Growth Corp,Hlth,"Healthcare, Medical Equipment, and Drugs",1008,760,7,760,0.753968253968254,5541,2714,23,4981,560,0.0032485110990795887,0.9967514889009204,2018-01-04,2021-12-31,HIGH,NOT_VALIDATED,,False,EXCLUDED,industry validation/eligibility failed
882095,CIK0000882095,GILD,"GILEAD SCIENCES, INC.",Hlth,"Healthcare, Medical Equipment, and Drugs",1008,766,5,766,0.7599206349206349,6540,2524,22,4836,1704,0.005198776758409786,0.9948012232415903,2018-01-02,2021-12-31,HIGH,INDUSTRY_STABLE,Hlth,True,EXCLUDED,not highest deterministic priority within tier
1551152,CIK0001551152,ABBV,AbbVie Inc.,Hlth,"Healthcare, Medical Equipment, and Drugs",1008,826,21,825,0.8194444444444444,7447,2555,22,4327,3120,0.01557674231234054,0.9844232576876595,2018-01-02,2021-12-31,HIGH,INDUSTRY_STABLE,Hlth,True,SELECTED,deterministic industry/tier rule
310158,CIK0000310158,MRK,"Merck & Co., Inc.",Hlth,"Healthcare, Medical Equipment, and Drugs",1008,856,20,855,0.8492063492063492,9502,3176,29,5282,4220,0.01073458219322248,0.9892654178067776,2018-01-02,2021-12-30,HIGH,NOT_VALIDATED,,False,EXCLUDED,industry validation/eligibility failed
879407,CIK0000879407,ARWR,"ARROWHEAD PHARMACEUTICALS, INC.",Hlth,"Healthcare, Medical Equipment, and Drugs",1008,950,9,950,0.9424603174603174,11118,5532,21,9460,1658,0.0021586616297895305,0.9978413383702105,2018-01-02,2021-12-31,HIGH,INDUSTRY_STABLE,Hlth,True,EXCLUDED,not highest deterministic priority within tier
1119083,CIK0001119083,MNDO,MIND CTI LTD,BusEq,"Business Equipment -- Computers, Software, and Electronic Equipment",1008,4,0,4,0.003968253968253968,4,4,0,4,0,0.0,1.0,2021-04-27,2021-09-09,LOW,NOT_VALIDATED,,False,EXCLUDED,industry validation/eligibility failed
1126741,CIK0001126741,GSIT,GSI TECHNOLOGY INC,BusEq,"Business Equipment -- Computers, Software, and Electronic Equipment",1008,4,0,4,0.003968253968253968,4,4,0,4,0,0.0,1.0,2021-04-19,2021-11-27,LOW,NOT_VALIDATED,,False,EXCLUDED,industry validation/eligibility failed
1015739,CIK0001015739,AWRE,AWARE INC /MA/,BusEq,"Business Equipment -- Computers, Software, and Electronic Equipment",1008,6,0,6,0.005952380952380952,9,6,0,9,0,0.0,1.0,2020-07-15,2021-12-12,LOW,NOT_VALIDATED,,False,EXCLUDED,industry validation/eligibility failed
1019034,CIK0001019034,BKYI,BIO KEY INTERNATIONAL INC,BusEq,"Business Equipment -- Computers, Software, and Electronic Equipment",1008,6,0,6,0.005952380952380952,13,7,0,13,0,0.0,1.0,2018-08-22,2021-10-14,LOW,NOT_VALIDATED,,False,EXCLUDED,industry validation/eligibility failed
709283,CIK0000709283,QMCO,QUANTUM CORP /DE/,BusEq,"Business Equipment -- Computers, Software, and Electronic Equipment",1008,8,0,8,0.007936507936507936,11,8,0,11,0,0.0,1.0,2021-01-06,2021-09-09,LOW,NOT_VALIDATED,,False,EXCLUDED,industry validation/eligibility failed
740664,CIK0000740664,RFIL,R F INDUSTRIES LTD,BusEq,"Business Equipment -- Computers, Software, and Electronic Equipment",1008,9,0,9,0.008928571428571428,26,12,0,26,0,0.0,1.0,2018-03-14,2021-10-01,LOW,NOT_VALIDATED,,False,EXCLUDED,industry validation/eligibility failed
1667313,CIK0001667313,ZDGE,"Zedge, Inc.",BusEq,"Business Equipment -- Computers, Software, and Electronic Equipment",1008,9,0,9,0.008928571428571428,42,10,1,30,12,0.0,1.0,2018-11-20,2021-08-17,LOW,NOT_VALIDATED,,False,EXCLUDED,industry validation/eligibility failed
1565228,CIK0001565228,VISL,"Vislink Technologies, Inc.",BusEq,"Business Equipment -- Computers, Software, and Electronic Equipment",1008,11,2,9,0.010912698412698412,46,17,3,34,12,0.08695652173913043,0.9130434782608695,2019-02-25,2021-08-23,LOW,NOT_VALIDATED,,False,EXCLUDED,industry validation/eligibility failed
1005516,CIK0001005516,BOSC,BOS BETTER ONLINE SOLUTIONS LTD,BusEq,"Business Equipment -- Computers, Software, and Electronic Equipment",1008,12,2,10,0.011904761904761904,36,16,4,14,22,0.1111111111111111,0.8888888888888888,2018-03-05,2021-11-05,LOW,NOT_VALIDATED,,False,EXCLUDED,industry validation/eligibility failed
1387467,CIK0001387467,AOSL,ALPHA & OMEGA SEMICONDUCTOR Ltd,BusEq,"Business Equipment -- Computers, Software, and Electronic Equipment",1008,12,0,12,0.011904761904761904,35,12,3,9,26,0.0,1.0,2018-01-18,2021-12-08,LOW,NOT_VALIDATED,,False,EXCLUDED,industry validation/eligibility failed
1211805,CIK0001211805,MYSZ,"My Size, Inc.",BusEq,"Business Equipment -- Computers, Software, and Electronic Equipment",1008,13,0,13,0.012896825396825396,131,15,1,111,20,0.0,1.0,2018-01-03,2021-12-13,LOW,INDUSTRY_STABLE,BusEq,True,EXCLUDED,not highest deterministic priority within tier
1356093,CIK0001356093,CREX,"CREATIVE REALITIES, INC.",BusEq,"Business Equipment -- Computers, Software, and Electronic Equipment",1008,13,0,13,0.012896825396825396,152,21,1,140,12,0.0,1.0,2019-03-27,2021-11-17,LOW,NOT_VALIDATED,,False,EXCLUDED,industry validation/eligibility failed
1045986,CIK0001045986,FORTY,FORMULA SYSTEMS (1985) LTD,BusEq,"Business Equipment -- Computers, Software, and Electronic Equipment",1008,15,1,14,0.01488095238095238,23,15,1,11,12,0.08695652173913043,0.9130434782608695,2018-05-23,2021-09-14,LOW,NOT_VALIDATED,,False,EXCLUDED,industry validation/eligibility failed
1327688,CIK0001327688,OOMA,OOMA INC,BusEq,"Business Equipment -- Computers, Software, and Electronic Equipment",1008,19,0,19,0.018849206349206348,44,24,0,44,0,0.0,1.0,2018-08-28,2021-12-31,LOW,NOT_VALIDATED,,False,EXCLUDED,industry validation/eligibility failed
1622345,CIK0001622345,POLA,"Polar Power, Inc.",BusEq,"Business Equipment -- Computers, Software, and Electronic Equipment",1008,19,0,19,0.018849206349206348,206,24,3,190,16,0.0,1.0,2018-04-09,2021-11-09,LOW,NOT_VALIDATED,,False,EXCLUDED,industry validation/eligibility failed
1039065,CIK0001039065,OSIS,OSI SYSTEMS INC,BusEq,"Business Equipment -- Computers, Software, and Electronic Equipment",1008,20,0,20,0.01984126984126984,23,21,0,23,0,0.0,1.0,2018-02-02,2021-12-27,LOW,NOT_VALIDATED,,False,EXCLUDED,industry validation/eligibility failed
724910,CIK0000724910,NVEC,NVE CORP /NEW/,BusEq,"Business Equipment -- Computers, Software, and Electronic Equipment",1008,21,0,21,0.020833333333333332,24,21,0,24,0,0.0,1.0,2018-07-20,2021-12-20,LOW,NOT_VALIDATED,,False,EXCLUDED,industry validation/eligibility failed
903651,CIK0000903651,INOD,INNODATA INC,BusEq,"Business Equipment -- Computers, Software, and Electronic Equipment",1008,22,4,19,0.021825396825396824,59,25,5,3,56,0.13559322033898305,0.864406779661017,2018-03-08,2021-12-18,LOW,NOT_VALIDATED,,False,EXCLUDED,industry validation/eligibility failed
1697851,CIK0001697851,REKR,"Rekor Systems, Inc.",BusEq,"Business Equipment -- Computers, Software, and Electronic Equipment",1008,24,0,24,0.023809523809523808,66,28,1,62,4,0.0,1.0,2018-10-30,2021-11-23,LOW,NOT_VALIDATED,,False,EXCLUDED,industry validation/eligibility failed
1691221,CIK0001691221,FRSX,Foresight Autonomous Holdings Ltd.,BusEq,"Business Equipment -- Computers, Software, and Electronic Equipment",1008,26,1,25,0.025793650793650792,100,34,3,84,16,0.02,0.98,2018-01-08,2021-05-28,LOW,NOT_VALIDATED,,False,EXCLUDED,industry validation/eligibility failed
1000697,CIK0001000697,WAT,WATERS CORP /DE/,BusEq,"Business Equipment -- Computers, Software, and Electronic Equipment",1008,27,0,27,0.026785714285714284,42,32,0,42,0,0.0,1.0,2018-06-29,2021-12-28,LOW,NOT_VALIDATED,,False,EXCLUDED,industry validation/eligibility failed
1272842,CIK0001272842,AIRG,AIRGAIN INC,BusEq,"Business Equipment -- Computers, Software, and Electronic Equipment",1008,27,0,27,0.026785714285714284,53,28,3,31,22,0.0,1.0,2018-03-23,2021-12-27,LOW,NOT_VALIDATED,,False,EXCLUDED,industry validation/eligibility failed
1116942,CIK0001116942,TTMI,TTM TECHNOLOGIES INC,BusEq,"Business Equipment -- Computers, Software, and Electronic Equipment",1008,29,0,29,0.028769841269841268,43,30,0,43,0,0.0,1.0,2018-06-19,2021-12-01,LOW,NOT_VALIDATED,,False,EXCLUDED,industry validation/eligibility failed
909494,CIK0000909494,TCX,TUCOWS INC /PA/,BusEq,"Business Equipment -- Computers, Software, and Electronic Equipment",1008,30,0,30,0.02976190476190476,53,30,0,53,0,0.0,1.0,2018-02-09,2021-12-08,LOW,NOT_VALIDATED,,False,EXCLUDED,industry validation/eligibility failed
1420520,CIK0001420520,ATOM,Atomera Inc,BusEq,"Business Equipment -- Computers, Software, and Electronic Equipment",1008,30,0,30,0.02976190476190476,108,44,3,86,22,0.0,1.0,2018-02-20,2021-12-05,LOW,NOT_VALIDATED,,False,EXCLUDED,industry validation/eligibility failed
1362190,CIK0001362190,AEYE,AUDIOEYE INC,BusEq,"Business Equipment -- Computers, Software, and Electronic Equipment",1008,31,0,31,0.030753968253968252,71,33,1,51,20,0.0,1.0,2018-12-17,2021-12-27,LOW,NOT_VALIDATED,,False,EXCLUDED,industry validation/eligibility failed
1438423,CIK0001438423,MRAM,EVERSPIN TECHNOLOGIES INC.,BusEq,"Business Equipment -- Computers, Software, and Electronic Equipment",1008,31,1,30,0.030753968253968252,102,42,3,70,32,0.0392156862745098,0.9607843137254902,2018-01-10,2021-12-13,LOW,NOT_VALIDATED,,False,EXCLUDED,industry validation/eligibility failed
2086841,CIK0002086841,CBAT,CBAK Energy Technology Ltd,BusEq,"Business Equipment -- Computers, Software, and Electronic Equipment",1008,31,0,31,0.030753968253968252,83,35,0,83,0,0.0,1.0,2018-08-08,2021-12-28,LOW,NOT_VALIDATED,,False,EXCLUDED,industry validation/eligibility failed
864240,CIK0000864240,SYPR,SYPRIS SOLUTIONS INC,BusEq,"Business Equipment -- Computers, Software, and Electronic Equipment",1008,32,4,28,0.031746031746031744,144,67,6,48,96,0.08333333333333333,0.9166666666666666,2018-03-20,2021-12-27,LOW,NOT_VALIDATED,,False,EXCLUDED,industry validation/eligibility failed
1024672,CIK0001024672,ELTK,ELTEK LTD,BusEq,"Business Equipment -- Computers, Software, and Electronic Equipment",1008,33,2,31,0.03273809523809524,264,74,6,134,130,0.022727272727272728,0.9772727272727273,2018-04-30,2021-12-30,LOW,NOT_VALIDATED,,False,EXCLUDED,industry validation/eligibility failed
1526125,CIK0001526125,GDS,GDS Holdings Ltd,BusEq,"Business Equipment -- Computers, Software, and Electronic Equipment",1008,33,0,33,0.03273809523809524,57,38,0,57,0,0.0,1.0,2018-08-01,2021-12-07,LOW,NOT_VALIDATED,,False,EXCLUDED,industry validation/eligibility failed
1552670,CIK0001552670,TAOP,Taoping Inc.,BusEq,"Business Equipment -- Computers, Software, and Electronic Equipment",1008,33,8,25,0.03273809523809524,100,41,9,64,36,0.16,0.84,2018-01-05,2021-11-09,LOW,NOT_VALIDATED,,False,EXCLUDED,industry validation/eligibility failed
1014473,CIK0001014473,VRSN,VERISIGN INC/CA,BusEq,"Business Equipment -- Computers, Software, and Electronic Equipment",1008,34,0,34,0.03373015873015873,60,36,1,56,4,0.0,1.0,2018-01-29,2021-12-31,LOW,NOT_VALIDATED,,False,EXCLUDED,industry validation/eligibility failed
1503274,CIK0001503274,QTRX,Quanterix Corp,BusEq,"Business Equipment -- Computers, Software, and Electronic Equipment",1008,34,0,34,0.03373015873015873,128,40,3,114,14,0.0,1.0,2018-02-15,2021-10-18,LOW,NOT_VALIDATED,,False,EXCLUDED,industry validation/eligibility failed
820313,CIK0000820313,APH,AMPHENOL CORP /DE/,BusEq,"Business Equipment -- Computers, Software, and Electronic Equipment",1008,35,0,35,0.034722222222222224,44,35,0,44,0,0.0,1.0,2018-02-15,2021-12-15,LOW,NOT_VALIDATED,,False,EXCLUDED,industry validation/eligibility failed
1040161,CIK0001040161,PXLW,"PIXELWORKS, INC",BusEq,"Business Equipment -- Computers, Software, and Electronic Equipment",1008,35,0,35,0.034722222222222224,134,45,2,118,16,0.0,1.0,2018-02-26,2021-12-27,LOW,NOT_VALIDATED,,False,EXCLUDED,industry validation/eligibility failed
1043961,CIK0001043961,PRPO,"Precipio, Inc.",BusEq,"Business Equipment -- Computers, Software, and Electronic Equipment",1008,35,0,35,0.034722222222222224,206,58,3,172,34,0.0,1.0,2018-04-18,2021-12-09,LOW,NOT_VALIDATED,,False,EXCLUDED,industry validation/eligibility failed
889971,CIK0000889971,LPTH,LIGHTPATH TECHNOLOGIES INC,BusEq,"Business Equipment -- Computers, Software, and Electronic Equipment",1008,38,2,36,0.037698412698412696,206,60,7,88,118,0.02912621359223301,0.970873786407767,2018-02-13,2021-09-09,LOW,NOT_VALIDATED,,False,EXCLUDED,industry validation/eligibility failed
1023731,CIK0001023731,EGHT,8X8 INC /DE/,BusEq,"Business Equipment -- Computers, Software, and Electronic Equipment",1008,40,0,40,0.03968253968253968,92,47,0,92,0,0.0,1.0,2018-01-26,2021-12-03,LOW,NOT_VALIDATED,,False,EXCLUDED,industry validation/eligibility failed
1376321,CIK0001376321,CNET,ZW Data Action Technologies Inc.,BusEq,"Business Equipment -- Computers, Software, and Electronic Equipment",1008,41,3,38,0.040674603174603176,241,84,7,129,112,0.024896265560165973,0.975103734439834,2018-01-04,2021-10-05,LOW,NOT_VALIDATED,,False,EXCLUDED,industry validation/eligibility failed
1434524,CIK0001434524,CLIR,ClearSign Technologies Corp,BusEq,"Business Equipment -- Computers, Software, and Electronic Equipment",1008,41,3,39,0.040674603174603176,225,57,6,85,140,0.02666666666666667,0.9733333333333334,2018-01-05,2021-11-16,LOW,NOT_VALIDATED,,False,EXCLUDED,industry validation/eligibility failed
1001907,CIK0001001907,ASTC,ASTROTECH Corp,BusEq,"Business Equipment -- Computers, Software, and Electronic Equipment",1008,43,3,40,0.04265873015873016,272,84,10,106,166,0.022058823529411766,0.9779411764705882,2018-02-08,2021-12-30,LOW,NOT_VALIDATED,,False,EXCLUDED,industry validation/eligibility failed
1030471,CIK0001030471,UTSI,UTSTARCOM HOLDINGS CORP.,BusEq,"Business Equipment -- Computers, Software, and Electronic Equipment",1008,43,6,37,0.04265873015873016,260,86,9,132,128,0.05384615384615385,0.9461538461538461,2018-03-08,2021-09-16,LOW,NOT_VALIDATED,,False,EXCLUDED,industry validation/eligibility failed
1044777,CIK0001044777,OSPN,OneSpan Inc.,BusEq,"Business Equipment -- Computers, Software, and Electronic Equipment",1008,44,0,44,0.04365079365079365,205,56,3,173,32,0.0,1.0,2018-02-19,2021-12-01,LOW,NOT_VALIDATED,,False,EXCLUDED,industry validation/eligibility failed
202058,CIK0000202058,LHX,"L3HARRIS TECHNOLOGIES, INC. /DE/",BusEq,"Business Equipment -- Computers, Software, and Electronic Equipment",1008,45,0,45,0.044642857142857144,87,47,0,87,0,0.0,1.0,2019-07-19,2021-12-01,LOW,NOT_VALIDATED,,False,EXCLUDED,industry validation/eligibility failed
1173489,CIK0001173489,CEVA,CEVA INC,BusEq,"Business Equipment -- Computers, Software, and Electronic Equipment",1008,45,0,45,0.044642857142857144,127,76,1,99,28,0.0,1.0,2018-01-09,2021-12-22,LOW,INDUSTRY_STABLE,BusEq,True,EXCLUDED,not highest deterministic priority within tier
1377789,CIK0001377789,AVNW,"AVIAT NETWORKS, INC.",BusEq,"Business Equipment -- Computers, Software, and Electronic Equipment",1008,46,6,40,0.04563492063492063,187,86,6,31,156,0.10695187165775401,0.893048128342246,2018-02-08,2021-12-22,LOW,NOT_VALIDATED,,False,EXCLUDED,industry validation/eligibility failed
1665300,CIK0001665300,PHUN,"Phunware, Inc.",BusEq,"Business Equipment -- Computers, Software, and Electronic Equipment",1008,47,0,47,0.04662698412698413,238,87,2,146,92,0.0,1.0,2018-03-02,2021-12-30,LOW,NOT_VALIDATED,,False,EXCLUDED,industry validation/eligibility failed
897322,CIK0000897322,GILT,GILAT SATELLITE NETWORKS LTD,BusEq,"Business Equipment -- Computers, Software, and Electronic Equipment",1008,48,2,46,0.047619047619047616,154,66,5,88,66,0.03896103896103896,0.961038961038961,2018-02-05,2021-12-30,LOW,NOT_VALIDATED,,False,EXCLUDED,industry validation/eligibility failed
1016838,CIK0001016838,RDCM,RADCOM LTD,BusEq,"Business Equipment -- Computers, Software, and Electronic Equipment",1008,48,4,44,0.047619047619047616,215,94,7,39,176,0.046511627906976744,0.9534883720930233,2018-01-17,2021-09-13,LOW,NOT_VALIDATED,,False,EXCLUDED,industry validation/eligibility failed
1114925,CIK0001114925,LTRX,LANTRONIX INC,BusEq,"Business Equipment -- Computers, Software, and Electronic Equipment",1008,48,6,44,0.047619047619047616,173,79,6,31,142,0.08092485549132948,0.9190751445086706,2018-01-22,2021-11-12,LOW,NOT_VALIDATED,,False,EXCLUDED,industry validation/eligibility failed
1681622,CIK0001681622,VREX,Varex Imaging Corp,BusEq,"Business Equipment -- Computers, Software, and Electronic Equipment",1008,48,1,47,0.047619047619047616,140,69,3,86,54,0.07142857142857142,0.9285714285714286,2018-01-08,2021-12-30,LOW,INDUSTRY_STABLE,BusEq,True,SELECTED,deterministic industry/tier rule
1314102,CIK0001314102,EYPT,"EyePoint, Inc.",BusEq,"Business Equipment -- Computers, Software, and Electronic Equipment",1008,49,5,44,0.04861111111111111,382,82,7,166,216,0.041884816753926704,0.9581151832460733,2018-01-04,2021-12-31,LOW,INDUSTRY_STABLE,BusEq,True,SELECTED,deterministic industry/tier rule
1708055,CIK0001708055,RBBN,Ribbon Communications Inc.,BusEq,"Business Equipment -- Computers, Software, and Electronic Equipment",1008,49,0,49,0.04861111111111111,133,60,3,107,26,0.0,1.0,2018-03-06,2021-12-02,LOW,NOT_VALIDATED,,False,EXCLUDED,industry validation/eligibility failed
1001115,CIK0001001115,GEOS,GEOSPACE TECHNOLOGIES CORP,BusEq,"Business Equipment -- Computers, Software, and Electronic Equipment",1008,50,9,42,0.0496031746031746,160,68,7,36,124,0.1125,0.8875,2018-01-08,2021-12-22,LOW,INDUSTRY_STABLE,BusEq,True,EXCLUDED,not highest deterministic priority within tier
1034760,CIK0001034760,WYY,WIDEPOINT CORP,BusEq,"Business Equipment -- Computers, Software, and Electronic Equipment",1008,50,10,41,0.0496031746031746,183,92,10,29,154,0.1092896174863388,0.8907103825136612,2018-01-10,2021-08-16,LOW,NOT_VALIDATED,,False,EXCLUDED,industry validation/eligibility failed
1333822,CIK0001333822,LEDS,SemiLEDs Corp,BusEq,"Business Equipment -- Computers, Software, and Electronic Equipment",1008,51,4,48,0.050595238095238096,253,110,9,69,184,0.05533596837944664,0.9446640316205533,2018-01-03,2021-11-26,LOW,NOT_VALIDATED,,False,EXCLUDED,industry validation/eligibility failed
1076930,CIK0001076930,NOVT,NOVANTA INC,BusEq,"Business Equipment -- Computers, Software, and Electronic Equipment",1008,52,0,52,0.051587301587301584,151,61,3,101,50,0.0,1.0,2018-01-09,2021-12-13,LOW,NOT_VALIDATED,,False,EXCLUDED,industry validation/eligibility failed
1109345,CIK0001109345,NVMI,NOVA LTD.,BusEq,"Business Equipment -- Computers, Software, and Electronic Equipment",1008,53,0,53,0.05257936507936508,179,85,5,77,102,0.0,1.0,2018-01-18,2021-12-27,LOW,NOT_VALIDATED,,False,EXCLUDED,industry validation/eligibility failed
1120914,CIK0001120914,PDFS,PDF SOLUTIONS INC,BusEq,"Business Equipment -- Computers, Software, and Electronic Equipment",1008,53,3,51,0.05257936507936508,138,73,6,38,100,0.057971014492753624,0.9420289855072463,2018-01-16,2021-11-20,LOW,NOT_VALIDATED,,False,EXCLUDED,industry validation/eligibility failed
1615165,CIK0001615165,VERI,"Veritone, Inc.",BusEq,"Business Equipment -- Computers, Software, and Electronic Equipment",1008,55,0,55,0.054563492063492064,238,81,5,192,46,0.0,1.0,2018-02-12,2021-12-28,LOW,NOT_VALIDATED,,False,EXCLUDED,industry validation/eligibility failed
2119322,CIK0002119322,DMRC,Digimarc Corp,BusEq,"Business Equipment -- Computers, Software, and Electronic Equipment",1008,55,2,54,0.054563492063492064,217,85,9,71,146,0.018433179723502304,0.9815668202764977,2018-01-18,2021-12-24,LOW,NOT_VALIDATED,,False,EXCLUDED,industry validation/eligibility failed
816761,CIK0000816761,TDC,TERADATA CORP /DE/,BusEq,"Business Equipment -- Computers, Software, and Electronic Equipment",1008,56,0,56,0.05555555555555555,102,68,0,102,0,0.0,1.0,2018-11-01,2021-12-15,LOW,NOT_VALIDATED,,False,EXCLUDED,industry validation/eligibility failed
1022652,CIK0001022652,INSG,INSEEGO CORP.,BusEq,"Business Equipment -- Computers, Software, and Electronic Equipment",1008,56,0,56,0.05555555555555555,124,70,6,84,40,0.0,1.0,2018-05-24,2021-12-09,LOW,NOT_VALIDATED,,False,EXCLUDED,industry validation/eligibility failed
1123494,CIK0001123494,HBIO,HARVARD BIOSCIENCE INC,BusEq,"Business Equipment -- Computers, Software, and Electronic Equipment",1008,56,4,54,0.05555555555555555,217,93,9,31,186,0.03686635944700461,0.9631336405529954,2018-01-22,2021-12-15,LOW,NOT_VALIDATED,,False,EXCLUDED,industry validation/eligibility failed
1410384,CIK0001410384,QTWO,"Q2 Holdings, Inc.",BusEq,"Business Equipment -- Computers, Software, and Electronic Equipment",1008,56,1,55,0.05555555555555555,88,61,2,76,12,0.022727272727272728,0.9772727272727273,2018-01-03,2021-12-17,LOW,INDUSTRY_STABLE,BusEq,True,EXCLUDED,not highest deterministic priority within tier
1050140,CIK0001050140,DSGX,DESCARTES SYSTEMS GROUP INC,BusEq,"Business Equipment -- Computers, Software, and Electronic Equipment",1008,57,0,57,0.05654761904761905,160,63,0,160,0,0.0,1.0,2018-01-30,2021-12-01,LOW,NOT_VALIDATED,,False,EXCLUDED,industry validation/eligibility failed
1078075,CIK0001078075,NTCT,NETSCOUT SYSTEMS INC,BusEq,"Business Equipment -- Computers, Software, and Electronic Equipment",1008,57,0,57,0.05654761904761905,163,72,5,103,60,0.0,1.0,2018-01-10,2021-12-07,LOW,NOT_VALIDATED,,False,EXCLUDED,industry validation/eligibility failed
1091223,CIK0001091223,MTLS,MATERIALISE NV,BusEq,"Business Equipment -- Computers, Software, and Electronic Equipment",1008,57,1,56,0.05654761904761905,147,70,4,99,48,0.013605442176870748,0.9863945578231292,2018-03-05,2021-12-22,LOW,NOT_VALIDATED,,False,EXCLUDED,industry validation/eligibility failed
1378590,CIK0001378590,BLIN,"Bridgeline Digital, Inc.",BusEq,"Business Equipment -- Computers, Software, and Electronic Equipment",1008,57,2,55,0.05654761904761905,266,118,9,130,136,0.015037593984962405,0.9849624060150376,2018-02-09,2021-12-17,MEDIUM,NOT_VALIDATED,,False,EXCLUDED,industry validation/eligibility failed
1040470,CIK0001040470,AEHR,AEHR TEST SYSTEMS,BusEq,"Business Equipment -- Computers, Software, and Electronic Equipment",1008,58,2,56,0.057539682539682536,246,111,8,106,140,0.016260162601626018,0.983739837398374,2018-01-04,2021-10-13,MEDIUM,NOT_VALIDATED,,False,EXCLUDED,industry validation/eligibility failed
1291855,CIK0001291855,SPCB,SuperCom Ltd,BusEq,"Business Equipment -- Computers, Software, and Electronic Equipment",1008,59,3,56,0.05853174603174603,275,93,12,135,140,0.03636363636363636,0.9636363636363636,2018-01-02,2021-12-30,MEDIUM,INDUSTRY_STABLE,BusEq,True,SELECTED,deterministic industry/tier rule
1095565,CIK0001095565,HSTM,HEALTHSTREAM INC,BusEq,"Business Equipment -- Computers, Software, and Electronic Equipment",1008,60,4,56,0.05952380952380952,178,98,8,34,144,0.056179775280898875,0.9438202247191011,2018-02-12,2021-12-26,MEDIUM,NOT_VALIDATED,,False,EXCLUDED,industry validation/eligibility failed
1092699,CIK0001092699,SPSC,SPS COMMERCE INC,BusEq,"Business Equipment -- Computers, Software, and Electronic Equipment",1008,61,0,61,0.060515873015873016,167,72,4,87,80,0.0,1.0,2018-03-01,2021-12-31,MEDIUM,NOT_VALIDATED,,False,EXCLUDED,industry validation/eligibility failed
1606757,CIK0001606757,KE,"Kimball Electronics, Inc.",BusEq,"Business Equipment -- Computers, Software, and Electronic Equipment",1008,62,5,57,0.061507936507936505,136,71,6,22,114,0.07352941176470588,0.9264705882352942,2018-01-25,2021-12-20,MEDIUM,NOT_VALIDATED,,False,EXCLUDED,industry validation/eligibility failed
1560327,CIK0001560327,RPD,"Rapid7, Inc.",BusEq,"Business Equipment -- Computers, Software, and Electronic Equipment",1008,64,0,64,0.06349206349206349,142,77,6,108,34,0.0,1.0,2018-01-23,2021-11-04,MEDIUM,NOT_VALIDATED,,False,EXCLUDED,industry validation/eligibility failed
912093,CIK0000912093,VIAV,VIAVI SOLUTIONS INC.,BusEq,"Business Equipment -- Computers, Software, and Electronic Equipment",1008,67,0,67,0.06646825396825397,165,83,4,131,34,0.0,1.0,2018-01-22,2021-12-13,MEDIUM,NOT_VALIDATED,,False,EXCLUDED,industry validation/eligibility failed
1122411,CIK0001122411,ASX,"ASE Technology Holding Co., Ltd.",BusEq,"Business Equipment -- Computers, Software, and Electronic Equipment",1008,69,0,69,0.06845238095238096,189,92,6,133,56,0.0,1.0,2018-01-09,2021-12-07,MEDIUM,NOT_VALIDATED,,False,EXCLUDED,industry validation/eligibility failed
1325702,CIK0001325702,MX,MAGNACHIP SEMICONDUCTOR Corp,BusEq,"Business Equipment -- Computers, Software, and Electronic Equipment",1008,69,4,66,0.06845238095238096,265,123,9,89,176,0.03773584905660377,0.9622641509433962,2018-02-06,2021-12-22,MEDIUM,NOT_VALIDATED,,False,EXCLUDED,industry validation/eligibility failed
1580808,CIK0001580808,ATEN,"A10 Networks, Inc.",BusEq,"Business Equipment -- Computers, Software, and Electronic Equipment",1008,69,4,65,0.06845238095238096,217,114,9,79,138,0.03686635944700461,0.9631336405529954,2018-01-16,2021-12-14,MEDIUM,NOT_VALIDATED,,False,EXCLUDED,industry validation/eligibility failed
928876,CIK0000928876,TSEM,TOWER SEMICONDUCTOR LTD,BusEq,"Business Equipment -- Computers, Software, and Electronic Equipment",1008,71,3,70,0.07043650793650794,339,142,8,141,198,0.07079646017699115,0.9292035398230089,2018-01-17,2021-12-24,MEDIUM,NOT_VALIDATED,,False,EXCLUDED,industry validation/eligibility failed
1365767,CIK0001365767,ALLT,Allot Ltd.,BusEq,"Business Equipment -- Computers, Software, and Electronic Equipment",1008,71,3,68,0.07043650793650794,250,123,12,72,178,0.032,0.968,2018-01-16,2021-12-27,MEDIUM,NOT_VALIDATED,,False,EXCLUDED,industry validation/eligibility failed
1493594,CIK0001493594,MTSI,"MACOM Technology Solutions Holdings, Inc.",BusEq,"Business Equipment -- Computers, Software, and Electronic Equipment",1008,71,0,71,0.07043650793650794,223,103,7,145,78,0.0,1.0,2018-02-06,2021-12-27,MEDIUM,NOT_VALIDATED,,False,EXCLUDED,industry validation/eligibility failed
771266,CIK0000771266,KOPN,KOPIN CORP,BusEq,"Business Equipment -- Computers, Software, and Electronic Equipment",1008,74,4,70,0.07341269841269842,230,122,8,90,140,0.05217391304347826,0.9478260869565217,2018-01-19,2021-11-25,MEDIUM,NOT_VALIDATED,,False,EXCLUDED,industry validation/eligibility failed
1119769,CIK0001119769,CRNT,CERAGON NETWORKS LTD,BusEq,"Business Equipment -- Computers, Software, and Electronic Equipment",1008,75,2,73,0.0744047619047619,299,148,8,123,176,0.04013377926421405,0.959866220735786,2018-02-09,2021-12-29,MEDIUM,NOT_VALIDATED,,False,EXCLUDED,industry validation/eligibility failed
882508,CIK0000882508,QUIK,QUICKLOGIC Corp,BusEq,"Business Equipment -- Computers, Software, and Electronic Equipment",1008,76,3,74,0.07539682539682539,306,140,9,124,182,0.026143790849673203,0.9738562091503268,2018-01-04,2021-11-17,MEDIUM,NOT_VALIDATED,,False,EXCLUDED,industry validation/eligibility failed
884144,CIK0000884144,ASUR,ASURE SOFTWARE INC,BusEq,"Business Equipment -- Computers, Software, and Electronic Equipment",1008,76,5,71,0.07539682539682539,322,134,10,48,274,0.031055900621118012,0.968944099378882,2018-01-02,2021-09-26,MEDIUM,NOT_VALIDATED,,False,EXCLUDED,industry validation/eligibility failed
1086434,CIK0001086434,AUDC,AUDIOCODES LTD,BusEq,"Business Equipment -- Computers, Software, and Electronic Equipment",1008,81,3,78,0.08035714285714286,322,135,11,156,166,0.031055900621118012,0.968944099378882,2018-01-23,2021-12-02,MEDIUM,NOT_VALIDATED,,False,EXCLUDED,industry validation/eligibility failed
1597835,CIK0001597835,CMCM,Cheetah Mobile Inc.,BusEq,"Business Equipment -- Computers, Software, and Electronic Equipment",1008,86,6,82,0.08531746031746032,401,193,12,149,252,0.04488778054862843,0.9551122194513716,2018-01-04,2021-11-24,MEDIUM,NOT_VALIDATED,,False,EXCLUDED,industry validation/eligibility failed
1683606,CIK0001683606,CARS,Cars.com Inc.,BusEq,"Business Equipment -- Computers, Software, and Electronic Equipment",1008,86,2,85,0.08531746031746032,380,126,5,298,82,0.015789473684210527,0.9842105263157894,2018-01-17,2021-12-02,MEDIUM,NOT_VALIDATED,,False,EXCLUDED,industry validation/eligibility failed
1030894,CIK0001030894,CLS,CELESTICA INC,BusEq,"Business Equipment -- Computers, Software, and Electronic Equipment",1008,87,4,85,0.08630952380952381,343,152,8,133,210,0.03498542274052478,0.9650145772594753,2018-01-24,2021-10-26,MEDIUM,NOT_VALIDATED,,False,EXCLUDED,industry validation/eligibility failed
1078271,CIK0001078271,EXTR,EXTREME NETWORKS INC,BusEq,"Business Equipment -- Computers, Software, and Electronic Equipment",1008,87,5,82,0.08630952380952381,516,170,18,138,378,0.027131782945736434,0.9728682170542635,2018-01-03,2021-04-29,MEDIUM,NOT_VALIDATED,,False,EXCLUDED,industry validation/eligibility failed
1510593,CIK0001510593,XNET,Xunlei Ltd,BusEq,"Business Equipment -- Computers, Software, and Electronic Equipment",1008,88,9,79,0.0873015873015873,458,168,6,262,196,0.039301310043668124,0.9606986899563319,2018-01-02,2021-07-08,MEDIUM,NOT_VALIDATED,,False,EXCLUDED,industry validation/eligibility failed
1508475,CIK0001508475,VNET,"VNET Group, Inc.",BusEq,"Business Equipment -- Computers, Software, and Electronic Equipment",1008,92,4,88,0.09126984126984126,458,177,8,258,200,0.021834061135371178,0.9781659388646288,2018-01-03,2021-12-23,MEDIUM,INDUSTRY_STABLE,BusEq,True,EXCLUDED,not highest deterministic priority within tier
866706,CIK0000866706,ESE,ESCO TECHNOLOGIES INC,BusEq,"Business Equipment -- Computers, Software, and Electronic Equipment",1008,93,1,92,0.09226190476190477,206,106,7,92,114,0.009708737864077669,0.9902912621359223,2018-01-24,2021-12-30,MEDIUM,NOT_VALIDATED,,False,EXCLUDED,industry validation/eligibility failed
1361113,CIK0001361113,VRNS,VARONIS SYSTEMS INC,BusEq,"Business Equipment -- Computers, Software, and Electronic Equipment",1008,95,3,92,0.09424603174603174,345,175,12,75,270,0.034782608695652174,0.9652173913043478,2018-02-10,2021-11-02,MEDIUM,NOT_VALIDATED,,False,EXCLUDED,industry validation/eligibility failed
1494259,CIK0001494259,CARG,"CarGurus, Inc.",BusEq,"Business Equipment -- Computers, Software, and Electronic Equipment",1008,95,1,94,0.09424603174603174,308,118,7,224,84,0.006493506493506494,0.9935064935064936,2018-01-29,2021-12-29,MEDIUM,NOT_VALIDATED,,False,EXCLUDED,industry validation/eligibility failed
1114995,CIK0001114995,PI,IMPINJ INC,BusEq,"Business Equipment -- Computers, Software, and Electronic Equipment",1008,99,0,99,0.09821428571428571,219,130,3,175,44,0.0,1.0,2018-01-22,2021-12-22,MEDIUM,NOT_VALIDATED,,False,EXCLUDED,industry validation/eligibility failed
1013857,CIK0001013857,PEGA,PEGASYSTEMS INC,BusEq,"Business Equipment -- Computers, Software, and Electronic Equipment",1008,100,0,100,0.0992063492063492,242,125,2,198,44,0.0,1.0,2018-01-04,2021-12-30,MEDIUM,INDUSTRY_STABLE,BusEq,True,EXCLUDED,not highest deterministic priority within tier
1433195,CIK0001433195,APPF,APPFOLIO INC,BusEq,"Business Equipment -- Computers, Software, and Electronic Equipment",1008,100,0,100,0.0992063492063492,242,121,5,164,78,0.0,1.0,2018-01-10,2021-12-09,MEDIUM,NOT_VALIDATED,,False,EXCLUDED,industry validation/eligibility failed
866374,CIK0000866374,FLEX,FLEX LTD.,BusEq,"Business Equipment -- Computers, Software, and Electronic Equipment",1008,101,0,101,0.1001984126984127,242,134,6,196,46,0.0,1.0,2018-01-23,2021-12-18,MEDIUM,NOT_VALIDATED,,False,EXCLUDED,industry validation/eligibility failed
1039280,CIK0001039280,NTWK,NETSOL TECHNOLOGIES INC,BusEq,"Business Equipment -- Computers, Software, and Electronic Equipment",1008,101,4,97,0.1001984126984127,275,128,8,159,116,0.03636363636363636,0.9636363636363636,2018-01-10,2021-12-27,MEDIUM,NOT_VALIDATED,,False,EXCLUDED,industry validation/eligibility failed
1169561,CIK0001169561,CVLT,COMMVAULT SYSTEMS INC,BusEq,"Business Equipment -- Computers, Software, and Electronic Equipment",1008,103,3,102,0.10218253968253968,365,176,11,191,174,0.0273972602739726,0.9726027397260274,2018-01-24,2021-12-11,MEDIUM,NOT_VALIDATED,,False,EXCLUDED,industry validation/eligibility failed
1109138,CIK0001109138,CAMT,CAMTEK LTD,BusEq,"Business Equipment -- Computers, Software, and Electronic Equipment",1008,104,7,99,0.10317460317460317,354,174,13,156,198,0.05084745762711865,0.9491525423728814,2018-01-09,2021-12-05,MEDIUM,NOT_VALIDATED,,False,EXCLUDED,industry validation/eligibility failed
1288469,CIK0001288469,MXL,"MAXLINEAR, INC",BusEq,"Business Equipment -- Computers, Software, and Electronic Equipment",1008,104,3,101,0.10317460317460317,372,174,11,126,246,0.03763440860215054,0.9623655913978495,2018-02-13,2021-12-08,MEDIUM,NOT_VALIDATED,,False,EXCLUDED,industry validation/eligibility failed
1290109,CIK0001290109,LPL,"LG Display Co., Ltd.",BusEq,"Business Equipment -- Computers, Software, and Electronic Equipment",1008,105,1,104,0.10416666666666667,272,135,10,148,124,0.007352941176470588,0.9926470588235294,2018-01-08,2021-12-31,MEDIUM,INDUSTRY_STABLE,BusEq,True,EXCLUDED,not highest deterministic priority within tier
1032975,CIK0001032975,LOGI,LOGITECH INTERNATIONAL S.A.,BusEq,"Business Equipment -- Computers, Software, and Electronic Equipment",1008,106,0,106,0.10515873015873016,334,134,3,264,70,0.0,1.0,2018-01-22,2021-12-03,MEDIUM,NOT_VALIDATED,,False,EXCLUDED,industry validation/eligibility failed
1033767,CIK0001033767,UMC,UNITED MICROELECTRONICS CORP,BusEq,"Business Equipment -- Computers, Software, and Electronic Equipment",1008,107,0,107,0.10615079365079365,464,167,9,358,106,0.0,1.0,2018-01-09,2021-12-12,MEDIUM,NOT_VALIDATED,,False,EXCLUDED,industry validation/eligibility failed
1559865,CIK0001559865,EVTC,"EVERTEC, Inc.",BusEq,"Business Equipment -- Computers, Software, and Electronic Equipment",1008,107,7,102,0.10615079365079365,325,159,11,101,224,0.06153846153846154,0.9384615384615385,2018-01-17,2021-12-23,MEDIUM,NOT_VALIDATED,,False,EXCLUDED,industry validation/eligibility failed
1683825,CIK0001683825,TRVG,trivago N.V.,BusEq,"Business Equipment -- Computers, Software, and Electronic Equipment",1008,107,0,107,0.10615079365079365,263,124,1,255,8,0.0,1.0,2018-01-10,2021-11-10,MEDIUM,NOT_VALIDATED,,False,EXCLUDED,industry validation/eligibility failed
1575793,CIK0001575793,WATT,Energous Corp,BusEq,"Business Equipment -- Computers, Software, and Electronic Equipment",1008,115,2,113,0.11408730158730158,758,233,13,268,490,0.005277044854881266,0.9947229551451188,2018-01-02,2021-11-11,MEDIUM,NOT_VALIDATED,,False,EXCLUDED,industry validation/eligibility failed
1666138,CIK0001666138,ATKR,Atkore Inc.,BusEq,"Business Equipment -- Computers, Software, and Electronic Equipment",1008,116,0,116,0.11507936507936507,423,154,4,361,62,0.0,1.0,2018-01-24,2021-12-01,MEDIUM,NOT_VALIDATED,,False,EXCLUDED,industry validation/eligibility failed
935036,CIK0000935036,ACIW,"ACI WORLDWIDE, INC.",BusEq,"Business Equipment -- Computers, Software, and Electronic Equipment",1008,119,3,116,0.11805555555555555,367,173,11,139,228,0.01634877384196185,0.9836512261580381,2018-01-02,2021-12-18,MEDIUM,NOT_VALIDATED,,False,EXCLUDED,industry validation/eligibility failed
927003,CIK0000927003,AEIS,ADVANCED ENERGY INDUSTRIES INC,BusEq,"Business Equipment -- Computers, Software, and Electronic Equipment",1008,120,1,119,0.11904761904761904,342,169,10,246,96,0.005847953216374269,0.9941520467836257,2018-01-18,2021-12-20,MEDIUM,NOT_VALIDATED,,False,EXCLUDED,industry validation/eligibility failed
1047127,CIK0001047127,AMKR,"AMKOR TECHNOLOGY, INC.",BusEq,"Business Equipment -- Computers, Software, and Electronic Equipment",1008,122,2,122,0.12103174603174603,454,175,8,302,152,0.01762114537444934,0.9823788546255506,2018-01-04,2021-12-22,MEDIUM,NOT_VALIDATED,,False,EXCLUDED,industry validation/eligibility failed
1372612,CIK0001372612,BOX,BOX INC,BusEq,"Business Equipment -- Computers, Software, and Electronic Equipment",1008,125,0,125,0.12400793650793651,300,171,2,294,6,0.0,1.0,2018-02-07,2021-12-27,MEDIUM,NOT_VALIDATED,,False,EXCLUDED,industry validation/eligibility failed
833640,CIK0000833640,POWI,POWER INTEGRATIONS INC,BusEq,"Business Equipment -- Computers, Software, and Electronic Equipment",1008,126,3,125,0.125,382,203,8,168,214,0.015706806282722512,0.9842931937172775,2018-02-01,2021-12-20,MEDIUM,NOT_VALIDATED,,False,EXCLUDED,industry validation/eligibility failed
1123799,CIK0001123799,WIT,WIPRO LTD,BusEq,"Business Equipment -- Computers, Software, and Electronic Equipment",1008,132,3,130,0.13095238095238096,426,211,11,202,224,0.014084507042253521,0.9859154929577465,2018-01-19,2021-12-15,MEDIUM,NOT_VALIDATED,,False,EXCLUDED,industry validation/eligibility failed
1002638,CIK0001002638,OTEX,OPEN TEXT CORP,BusEq,"Business Equipment -- Computers, Software, and Electronic Equipment",1008,133,3,131,0.13194444444444445,381,187,11,137,244,0.015748031496062992,0.984251968503937,2018-01-31,2021-12-23,MEDIUM,NOT_VALIDATED,,False,EXCLUDED,industry validation/eligibility failed
1037646,CIK0001037646,MTD,METTLER TOLEDO INTERNATIONAL INC/,BusEq,"Business Equipment -- Computers, Software, and Electronic Equipment",1008,133,1,133,0.13194444444444445,391,172,7,179,212,0.005115089514066497,0.9948849104859335,2018-01-29,2021-12-29,MEDIUM,NOT_VALIDATED,,False,EXCLUDED,industry validation/eligibility failed
1342338,CIK0001342338,HIMX,"Himax Technologies, Inc.",BusEq,"Business Equipment -- Computers, Software, and Electronic Equipment",1008,135,0,135,0.13392857142857142,342,178,1,336,6,0.0,1.0,2018-01-03,2021-12-22,MEDIUM,NOT_VALIDATED,,False,EXCLUDED,industry validation/eligibility failed
1459200,CIK0001459200,ALRM,"Alarm.com Holdings, Inc.",BusEq,"Business Equipment -- Computers, Software, and Electronic Equipment",1008,136,0,136,0.1349206349206349,387,184,5,317,70,0.0,1.0,2018-01-18,2021-12-15,MEDIUM,NOT_VALIDATED,,False,EXCLUDED,industry validation/eligibility failed
1039399,CIK0001039399,FORM,FORMFACTOR INC,BusEq,"Business Equipment -- Computers, Software, and Electronic Equipment",1008,146,7,139,0.14484126984126985,566,243,12,192,374,0.024734982332155476,0.9752650176678446,2018-01-03,2021-12-21,MEDIUM,NOT_VALIDATED,,False,EXCLUDED,industry validation/eligibility failed
1408710,CIK0001408710,FN,Fabrinet,BusEq,"Business Equipment -- Computers, Software, and Electronic Equipment",1008,150,4,148,0.1488095238095238,640,254,17,208,432,0.01875,0.98125,2018-01-19,2021-12-30,MEDIUM,NOT_VALIDATED,,False,EXCLUDED,industry validation/eligibility failed
65770,CIK0000065770,MVIS,"MICROVISION, INC.",BusEq,"Business Equipment -- Computers, Software, and Electronic Equipment",1008,152,5,148,0.15079365079365079,624,269,13,336,288,0.02564102564102564,0.9743589743589743,2018-01-18,2021-12-22,MEDIUM,NOT_VALIDATED,,False,EXCLUDED,industry validation/eligibility failed
1158114,CIK0001158114,AAOI,"APPLIED OPTOELECTRONICS, INC.",BusEq,"Business Equipment -- Computers, Software, and Electronic Equipment",1008,152,3,150,0.15079365079365079,566,254,18,230,336,0.024734982332155476,0.9752650176678446,2018-01-02,2021-11-17,MEDIUM,NOT_VALIDATED,,False,EXCLUDED,industry validation/eligibility failed
926282,CIK0000926282,ADTN,"ADTRAN Holdings, Inc.",BusEq,"Business Equipment -- Computers, Software, and Electronic Equipment",1008,155,3,152,0.15376984126984128,630,257,11,192,438,0.012698412698412698,0.9873015873015873,2018-01-03,2021-12-06,MEDIUM,NOT_VALIDATED,,False,EXCLUDED,industry validation/eligibility failed
1528396,CIK0001528396,GWRE,"Guidewire Software, Inc.",BusEq,"Business Equipment -- Computers, Software, and Electronic Equipment",1008,155,4,153,0.15376984126984128,623,278,11,241,382,0.02247191011235955,0.9775280898876404,2018-01-02,2021-12-08,MEDIUM,NOT_VALIDATED,,False,EXCLUDED,industry validation/eligibility failed
1609711,CIK0001609711,GDDY,GoDaddy Inc.,BusEq,"Business Equipment -- Computers, Software, and Electronic Equipment",1008,155,0,155,0.15376984126984128,531,237,5,373,158,0.0,1.0,2018-01-15,2021-12-29,MEDIUM,NOT_VALIDATED,,False,EXCLUDED,industry validation/eligibility failed
1289308,CIK0001289308,ENS,EnerSys,BusEq,"Business Equipment -- Computers, Software, and Electronic Equipment",1008,156,5,153,0.15476190476190477,723,277,11,241,482,0.016597510373443983,0.983402489626556,2018-01-12,2021-12-15,MEDIUM,NOT_VALIDATED,,False,EXCLUDED,industry validation/eligibility failed
917273,CIK0000917273,RMBS,RAMBUS INC,BusEq,"Business Equipment -- Computers, Software, and Electronic Equipment",1008,160,3,159,0.15873015873015872,582,288,15,224,358,0.01718213058419244,0.9828178694158075,2018-01-17,2021-12-13,MEDIUM,NOT_VALIDATED,,False,EXCLUDED,industry validation/eligibility failed
1441683,CIK0001441683,APPN,APPIAN CORP,BusEq,"Business Equipment -- Computers, Software, and Electronic Equipment",1008,165,0,165,0.1636904761904762,402,222,4,368,34,0.0,1.0,2018-01-08,2021-12-19,MEDIUM,NOT_VALIDATED,,False,EXCLUDED,industry validation/eligibility failed
1005284,CIK0001005284,OLED,UNIVERSAL DISPLAY CORP \PA\,BusEq,"Business Equipment -- Computers, Software, and Electronic Equipment",1008,168,0,168,0.16666666666666666,317,209,0,317,0,0.0,1.0,2018-01-04,2021-12-31,MEDIUM,INDUSTRY_STABLE,BusEq,True,SELECTED,deterministic industry/tier rule
1280452,CIK0001280452,MPWR,"MONOLITHIC POWER SYSTEMS, INC.",BusEq,"Business Equipment -- Computers, Software, and Electronic Equipment",1008,168,2,167,0.16666666666666666,483,230,13,195,288,0.016563146997929608,0.9834368530020704,2018-01-03,2021-12-29,MEDIUM,INDUSTRY_STABLE,BusEq,True,EXCLUDED,not highest deterministic priority within tier
1429764,CIK0001429764,BLNK,Blink Charging Co.,BusEq,"Business Equipment -- Computers, Software, and Electronic Equipment",1008,170,1,169,0.16865079365079366,642,274,3,622,20,0.006230529595015576,0.9937694704049844,2018-03-02,2021-12-29,MEDIUM,NOT_VALIDATED,,False,EXCLUDED,industry validation/eligibility failed
1062579,CIK0001062579,DOX,AMDOCS LTD,BusEq,"Business Equipment -- Computers, Software, and Electronic Equipment",1008,171,5,170,0.16964285714285715,642,291,12,210,432,0.01557632398753894,0.9844236760124611,2018-01-17,2021-12-29,MEDIUM,NOT_VALIDATED,,False,EXCLUDED,industry validation/eligibility failed
1659166,CIK0001659166,FTV,Fortive Corp,BusEq,"Business Equipment -- Computers, Software, and Electronic Equipment",1008,172,0,172,0.17063492063492064,712,244,7,390,322,0.0,1.0,2018-01-02,2021-12-06,MEDIUM,NOT_VALIDATED,,False,EXCLUDED,industry validation/eligibility failed
1122904,CIK0001122904,NTGR,"NETGEAR, INC.",BusEq,"Business Equipment -- Computers, Software, and Electronic Equipment",1008,175,2,174,0.1736111111111111,795,345,12,321,474,0.012578616352201259,0.9874213836477987,2018-01-08,2021-11-22,MEDIUM,NOT_VALIDATED,,False,EXCLUDED,industry validation/eligibility failed
1352010,CIK0001352010,EPAM,"EPAM Systems, Inc.",BusEq,"Business Equipment -- Computers, Software, and Electronic Equipment",1008,179,3,177,0.1775793650793651,690,287,15,294,396,0.017391304347826087,0.9826086956521739,2018-01-04,2021-12-28,HIGH,NOT_VALIDATED,,False,EXCLUDED,industry validation/eligibility failed
1633978,CIK0001633978,LITE,Lumentum Holdings Inc.,BusEq,"Business Equipment -- Computers, Software, and Electronic Equipment",1008,181,6,180,0.17956349206349206,892,300,13,422,470,0.020179372197309416,0.9798206278026906,2018-01-02,2021-12-09,HIGH,NOT_VALIDATED,,False,EXCLUDED,industry validation/eligibility failed
1511737,CIK0001511737,UI,Ubiquiti Inc.,BusEq,"Business Equipment -- Computers, Software, and Electronic Equipment",1008,186,1,186,0.18452380952380953,635,270,6,451,184,0.009448818897637795,0.9905511811023622,2018-01-17,2021-12-17,HIGH,NOT_VALIDATED,,False,EXCLUDED,industry validation/eligibility failed
817720,CIK0000817720,SYNA,SYNAPTICS Inc,BusEq,"Business Equipment -- Computers, Software, and Electronic Equipment",1008,189,3,187,0.1875,809,380,16,247,562,0.009888751545117428,0.9901112484548825,2018-01-04,2021-12-30,HIGH,NOT_VALIDATED,,False,EXCLUDED,industry validation/eligibility failed
1591698,CIK0001591698,PCTY,Paylocity Holding Corp,BusEq,"Business Equipment -- Computers, Software, and Electronic Equipment",1008,192,4,190,0.19047619047619047,751,315,14,203,548,0.02663115845539281,0.9733688415446072,2018-01-03,2021-12-22,HIGH,NOT_VALIDATED,,False,EXCLUDED,industry validation/eligibility failed
898293,CIK0000898293,JBL,JABIL INC,BusEq,"Business Equipment -- Computers, Software, and Electronic Equipment",1008,193,1,193,0.19146825396825398,943,371,18,379,564,0.0021208907741251328,0.9978791092258749,2018-01-12,2021-12-17,HIGH,NOT_VALIDATED,,False,EXCLUDED,industry validation/eligibility failed
1048695,CIK0001048695,FFIV,"F5, INC.",BusEq,"Business Equipment -- Computers, Software, and Electronic Equipment",1008,194,1,193,0.19246031746031747,832,302,7,550,282,0.002403846153846154,0.9975961538461539,2018-01-04,2021-12-17,HIGH,NOT_VALIDATED,,False,EXCLUDED,industry validation/eligibility failed
1133421,CIK0001133421,NOC,NORTHROP GRUMMAN CORP /DE/,BusEq,"Business Equipment -- Computers, Software, and Electronic Equipment",1008,197,0,197,0.19543650793650794,354,229,0,354,0,0.0,1.0,2018-01-01,2021-12-27,HIGH,NOT_VALIDATED,,False,EXCLUDED,industry validation/eligibility failed
1442145,CIK0001442145,VRSK,"Verisk Analytics, Inc.",BusEq,"Business Equipment -- Computers, Software, and Electronic Equipment",1008,201,2,200,0.19940476190476192,830,305,13,322,508,0.014457831325301205,0.9855421686746988,2018-01-03,2021-12-28,HIGH,NOT_VALIDATED,,False,EXCLUDED,industry validation/eligibility failed
1477641,CIK0001477641,DQ,DAQO NEW ENERGY CORP.,BusEq,"Business Equipment -- Computers, Software, and Electronic Equipment",1008,208,2,206,0.20634920634920634,873,347,13,537,336,0.011454753722794959,0.9885452462772051,2018-01-03,2021-12-30,HIGH,NOT_VALIDATED,,False,EXCLUDED,industry validation/eligibility failed
1527636,CIK0001527636,ATHM,Autohome Inc.,BusEq,"Business Equipment -- Computers, Software, and Electronic Equipment",1008,211,3,209,0.20932539682539683,788,333,15,420,368,0.012690355329949238,0.9873096446700508,2018-01-02,2021-12-30,HIGH,NOT_VALIDATED,,False,EXCLUDED,industry validation/eligibility failed
1090872,CIK0001090872,A,"AGILENT TECHNOLOGIES, INC.",BusEq,"Business Equipment -- Computers, Software, and Electronic Equipment",1008,220,1,220,0.21825396825396826,888,352,14,410,478,0.01126126126126126,0.9887387387387387,2018-01-04,2021-12-30,HIGH,NOT_VALIDATED,,False,EXCLUDED,industry validation/eligibility failed
1109354,CIK0001109354,BRKR,BRUKER CORP,BusEq,"Business Equipment -- Computers, Software, and Electronic Equipment",1008,223,6,219,0.22123015873015872,798,336,15,222,576,0.020050125313283207,0.9799498746867168,2018-01-04,2021-12-22,HIGH,NOT_VALIDATED,,False,EXCLUDED,industry validation/eligibility failed
1058290,CIK0001058290,CTSH,COGNIZANT TECHNOLOGY SOLUTIONS CORP,BusEq,"Business Equipment -- Computers, Software, and Electronic Equipment",1008,225,1,225,0.22321428571428573,1075,371,8,729,346,0.0018604651162790699,0.998139534883721,2018-01-03,2021-12-30,HIGH,NOT_VALIDATED,,False,EXCLUDED,industry validation/eligibility failed
1107843,CIK0001107843,QLYS,"QUALYS, INC.",BusEq,"Business Equipment -- Computers, Software, and Electronic Equipment",1008,225,8,218,0.22321428571428573,802,369,11,302,500,0.02493765586034913,0.9750623441396509,2018-01-03,2021-12-15,HIGH,NOT_VALIDATED,,False,EXCLUDED,industry validation/eligibility failed
1632790,CIK0001632790,ENR,"ENERGIZER HOLDINGS, INC.",BusEq,"Business Equipment -- Computers, Software, and Electronic Equipment",1008,226,7,222,0.22420634920634921,991,454,17,343,648,0.024217961654894045,0.9757820383451059,2018-01-03,2021-12-20,HIGH,NOT_VALIDATED,,False,EXCLUDED,industry validation/eligibility failed
1013237,CIK0001013237,FDS,FACTSET RESEARCH SYSTEMS INC,BusEq,"Business Equipment -- Computers, Software, and Electronic Equipment",1008,228,4,228,0.2261904761904762,853,388,10,535,318,0.009378663540445486,0.9906213364595545,2018-01-09,2021-12-29,HIGH,NOT_VALIDATED,,False,EXCLUDED,industry validation/eligibility failed
1288847,CIK0001288847,FIVN,"Five9, Inc.",BusEq,"Business Equipment -- Computers, Software, and Electronic Equipment",1008,229,2,228,0.22718253968253968,1011,433,14,497,514,0.005934718100890208,0.9940652818991098,2018-01-08,2021-12-31,HIGH,NOT_VALIDATED,,False,EXCLUDED,industry validation/eligibility failed
1650372,CIK0001650372,TEAM,Atlassian Corp,BusEq,"Business Equipment -- Computers, Software, and Electronic Equipment",1008,232,0,232,0.23015873015873015,777,360,8,537,240,0.0,1.0,2018-01-03,2021-12-21,HIGH,NOT_VALIDATED,,False,EXCLUDED,industry validation/eligibility failed
1313310,CIK0001313310,GRVY,"GRAVITY Co., Ltd.",BusEq,"Business Equipment -- Computers, Software, and Electronic Equipment",1008,241,3,239,0.2390873015873016,548,306,8,386,162,0.010948905109489052,0.9890510948905109,2018-01-18,2021-12-21,HIGH,NOT_VALIDATED,,False,EXCLUDED,industry validation/eligibility failed
1481513,CIK0001481513,JKS,"JinkoSolar Holding Co., Ltd.",BusEq,"Business Equipment -- Computers, Software, and Electronic Equipment",1008,252,4,250,0.25,1451,470,15,751,700,0.006891798759476223,0.9931082012405238,2018-01-04,2021-12-02,HIGH,NOT_VALIDATED,,False,EXCLUDED,industry validation/eligibility failed
1280263,CIK0001280263,AMBA,AMBARELLA INC,BusEq,"Business Equipment -- Computers, Software, and Electronic Equipment",1008,268,8,263,0.26587301587301587,1177,500,18,685,492,0.018691588785046728,0.9813084112149533,2018-01-03,2021-12-30,HIGH,NOT_VALIDATED,,False,EXCLUDED,industry validation/eligibility failed
1049521,CIK0001049521,MRCY,MERCURY SYSTEMS INC,BusEq,"Business Equipment -- Computers, Software, and Electronic Equipment",1008,269,4,268,0.26686507936507936,1132,457,13,392,740,0.014134275618374558,0.9858657243816255,2018-01-03,2021-12-28,HIGH,NOT_VALIDATED,,False,EXCLUDED,industry validation/eligibility failed
1384905,CIK0001384905,RNG,"RingCentral, Inc.",BusEq,"Business Equipment -- Computers, Software, and Electronic Equipment",1008,274,7,270,0.2718253968253968,1245,530,20,365,880,0.011244979919678716,0.9887550200803212,2018-01-01,2021-12-29,HIGH,NOT_VALIDATED,,False,EXCLUDED,industry validation/eligibility failed
1097864,CIK0001097864,ON,ON SEMICONDUCTOR CORP,BusEq,"Business Equipment -- Computers, Software, and Electronic Equipment",1008,282,5,281,0.27976190476190477,1281,455,11,1051,230,0.0078064012490242,0.9921935987509758,2018-01-02,2021-12-27,HIGH,NOT_VALIDATED,,False,EXCLUDED,industry validation/eligibility failed
1404655,CIK0001404655,HUBS,HUBSPOT INC,BusEq,"Business Equipment -- Computers, Software, and Electronic Equipment",1008,283,1,283,0.28075396825396826,1199,534,16,449,750,0.010008340283569641,0.9899916597164303,2018-01-03,2021-12-22,HIGH,NOT_VALIDATED,,False,EXCLUDED,industry validation/eligibility failed
882835,CIK0000882835,ROP,ROPER TECHNOLOGIES INC,BusEq,"Business Equipment -- Computers, Software, and Electronic Equipment",1008,301,3,300,0.2986111111111111,1177,497,12,595,582,0.006796941376380629,0.9932030586236194,2018-01-02,2021-12-30,HIGH,NOT_VALIDATED,,False,EXCLUDED,industry validation/eligibility failed
1375877,CIK0001375877,CSIQ,Canadian Solar Inc.,BusEq,"Business Equipment -- Computers, Software, and Electronic Equipment",1008,312,4,310,0.30952380952380953,1800,639,18,980,820,0.008888888888888889,0.9911111111111112,2018-01-04,2021-12-23,HIGH,NOT_VALIDATED,,False,EXCLUDED,industry validation/eligibility failed
1024478,CIK0001024478,ROK,"ROCKWELL AUTOMATION, INC",BusEq,"Business Equipment -- Computers, Software, and Electronic Equipment",1008,315,1,314,0.3125,1440,570,14,576,864,0.002777777777777778,0.9972222222222222,2018-01-09,2021-12-01,HIGH,NOT_VALIDATED,,False,EXCLUDED,industry validation/eligibility failed
936395,CIK0000936395,CIEN,CIENA CORP,BusEq,"Business Equipment -- Computers, Software, and Electronic Equipment",1008,323,5,322,0.32043650793650796,1734,677,23,676,1058,0.0196078431372549,0.9803921568627451,2018-01-02,2021-12-31,HIGH,INDUSTRY_STABLE,BusEq,True,EXCLUDED,not highest deterministic priority within tier
1336920,CIK0001336920,LDOS,"Leidos Holdings, Inc.",BusEq,"Business Equipment -- Computers, Software, and Electronic Equipment",1008,324,7,322,0.32142857142857145,1288,579,16,388,900,0.012422360248447204,0.9875776397515528,2018-01-02,2021-12-29,HIGH,NOT_VALIDATED,,False,EXCLUDED,industry validation/eligibility failed
1571996,CIK0001571996,DELL,Dell Technologies Inc.,BusEq,"Business Equipment -- Computers, Software, and Electronic Equipment",1008,341,5,337,0.3382936507936508,1637,551,12,1021,616,0.023213194868662187,0.9767868051313379,2018-01-05,2021-12-23,HIGH,NOT_VALIDATED,,False,EXCLUDED,industry validation/eligibility failed
1645590,CIK0001645590,HPE,Hewlett Packard Enterprise Co,BusEq,"Business Equipment -- Computers, Software, and Electronic Equipment",1008,342,1,341,0.3392857142857143,1382,597,10,1246,136,0.001447178002894356,0.9985528219971056,2018-01-02,2021-12-30,HIGH,NOT_VALIDATED,,False,EXCLUDED,industry validation/eligibility failed
1110646,CIK0001110646,NTES,"NetEase, Inc.",BusEq,"Business Equipment -- Computers, Software, and Electronic Equipment",1008,345,5,343,0.34226190476190477,1454,613,15,714,740,0.013755158184319119,0.9862448418156808,2018-01-01,2021-12-30,HIGH,NOT_VALIDATED,,False,EXCLUDED,industry validation/eligibility failed
1121788,CIK0001121788,GRMN,GARMIN LTD,BusEq,"Business Equipment -- Computers, Software, and Electronic Equipment",1008,349,8,346,0.3462301587301587,1710,670,16,880,830,0.011695906432748537,0.9883040935672515,2018-01-04,2021-12-20,HIGH,NOT_VALIDATED,,False,EXCLUDED,industry validation/eligibility failed
1067491,CIK0001067491,INFY,Infosys Ltd,BusEq,"Business Equipment -- Computers, Software, and Electronic Equipment",1008,352,5,350,0.3492063492063492,1672,676,19,686,986,0.007177033492822967,0.992822966507177,2018-01-05,2021-12-30,HIGH,NOT_VALIDATED,,False,EXCLUDED,industry validation/eligibility failed
1835632,CIK0001835632,MRVL,"Marvell Technology, Inc.",BusEq,"Business Equipment -- Computers, Software, and Electronic Equipment",1008,372,4,371,0.36904761904761907,1597,679,22,963,634,0.005009392611145898,0.9949906073888541,2018-01-04,2021-12-29,HIGH,NOT_VALIDATED,,False,EXCLUDED,industry validation/eligibility failed
1002047,CIK0001002047,NTAP,"NetApp, Inc.",BusEq,"Business Equipment -- Computers, Software, and Electronic Equipment",1008,375,4,373,0.37202380952380953,2071,850,19,953,1118,0.006760019314340898,0.9932399806856591,2018-01-02,2021-12-23,HIGH,NOT_VALIDATED,,False,EXCLUDED,industry validation/eligibility failed
1514416,CIK0001514416,BAND,Bandwidth Inc.,BusEq,"Business Equipment -- Computers, Software, and Electronic Equipment",1008,377,2,376,0.3740079365079365,815,520,8,763,52,0.0049079754601227,0.9950920245398773,2018-01-02,2021-12-31,HIGH,NOT_VALIDATED,,False,EXCLUDED,industry validation/eligibility failed
1660134,CIK0001660134,OKTA,"Okta, Inc.",BusEq,"Business Equipment -- Computers, Software, and Electronic Equipment",1008,383,0,383,0.37996031746031744,1376,601,1,1308,68,0.0,1.0,2018-01-16,2021-12-22,HIGH,NOT_VALIDATED,,False,EXCLUDED,industry validation/eligibility failed
1526520,CIK0001526520,TRIP,"TripAdvisor, Inc.",BusEq,"Business Equipment -- Computers, Software, and Electronic Equipment",1008,384,1,383,0.38095238095238093,2002,803,27,1086,916,0.000999000999000999,0.999000999000999,2018-01-06,2021-12-31,HIGH,NOT_VALIDATED,,False,EXCLUDED,industry validation/eligibility failed
1274494,CIK0001274494,FSLR,"FIRST SOLAR, INC.",BusEq,"Business Equipment -- Computers, Software, and Electronic Equipment",1008,387,4,386,0.38392857142857145,1987,717,28,1339,648,0.007045797684952189,0.9929542023150478,2018-01-03,2021-12-17,HIGH,NOT_VALIDATED,,False,EXCLUDED,industry validation/eligibility failed
4127,CIK0000004127,SWKS,"SKYWORKS SOLUTIONS, INC.",BusEq,"Business Equipment -- Computers, Software, and Electronic Equipment",1008,393,3,392,0.3898809523809524,1396,599,9,1154,242,0.004297994269340974,0.995702005730659,2018-01-02,2021-12-28,HIGH,NOT_VALIDATED,,False,EXCLUDED,industry validation/eligibility failed
1596532,CIK0001596532,ANET,"Arista Networks, Inc.",BusEq,"Business Equipment -- Computers, Software, and Electronic Equipment",1008,398,2,398,0.3948412698412698,1975,802,15,1107,868,0.00810126582278481,0.9918987341772152,2018-01-03,2021-12-31,HIGH,NOT_VALIDATED,,False,EXCLUDED,industry validation/eligibility failed
1393052,CIK0001393052,VEEV,VEEVA SYSTEMS INC,BusEq,"Business Equipment -- Computers, Software, and Electronic Equipment",1008,408,3,408,0.40476190476190477,2108,919,21,1198,910,0.003795066413662239,0.9962049335863378,2018-01-09,2021-12-23,HIGH,NOT_VALIDATED,,False,EXCLUDED,industry validation/eligibility failed
1463101,CIK0001463101,ENPH,"Enphase Energy, Inc.",BusEq,"Business Equipment -- Computers, Software, and Electronic Equipment",1008,412,2,411,0.4087301587301587,1970,741,17,1330,640,0.003045685279187817,0.9969543147208122,2018-01-11,2021-12-30,HIGH,NOT_VALIDATED,,False,EXCLUDED,industry validation/eligibility failed
1327811,CIK0001327811,WDAY,"Workday, Inc.",BusEq,"Business Equipment -- Computers, Software, and Electronic Equipment",1008,424,2,423,0.42063492063492064,2545,1021,24,1351,1194,0.004715127701375246,0.9952848722986247,2018-01-02,2021-12-22,HIGH,NOT_VALIDATED,,False,EXCLUDED,industry validation/eligibility failed
946581,CIK0000946581,TTWO,TAKE TWO INTERACTIVE SOFTWARE INC,BusEq,"Business Equipment -- Computers, Software, and Electronic Equipment",1008,437,0,437,0.43353174603174605,1609,815,4,1547,62,0.0,1.0,2018-01-02,2021-12-20,HIGH,NOT_VALIDATED,,False,EXCLUDED,industry validation/eligibility failed
1373715,CIK0001373715,NOW,"ServiceNow, Inc.",BusEq,"Business Equipment -- Computers, Software, and Electronic Equipment",1008,445,3,445,0.44146825396825395,2460,922,21,982,1478,0.0024390243902439024,0.9975609756097561,2018-01-04,2021-12-27,HIGH,NOT_VALIDATED,,False,EXCLUDED,industry validation/eligibility failed
1262039,CIK0001262039,FTNT,"Fortinet, Inc.",BusEq,"Business Equipment -- Computers, Software, and Electronic Equipment",1008,456,6,454,0.4523809523809524,2426,942,20,1164,1262,0.00494641384995878,0.9950535861500412,2018-01-01,2021-12-31,HIGH,INDUSTRY_STABLE,BusEq,True,SELECTED,deterministic industry/tier rule
1447669,CIK0001447669,TWLO,TWILIO INC,BusEq,"Business Equipment -- Computers, Software, and Electronic Equipment",1008,467,2,465,0.4632936507936508,2048,852,12,1656,392,0.001953125,0.998046875,2018-01-02,2021-12-29,HIGH,NOT_VALIDATED,,False,EXCLUDED,industry validation/eligibility failed
47217,CIK0000047217,HPQ,HP INC,BusEq,"Business Equipment -- Computers, Software, and Electronic Equipment",1008,469,2,468,0.4652777777777778,2087,901,13,1807,280,0.003833253473885961,0.996166746526114,2018-01-02,2021-12-30,HIGH,NOT_VALIDATED,,False,EXCLUDED,industry validation/eligibility failed
1327567,CIK0001327567,PANW,Palo Alto Networks Inc,BusEq,"Business Equipment -- Computers, Software, and Electronic Equipment",1008,497,1,497,0.4930555555555556,2691,1094,19,1425,1266,0.005202526941657376,0.9947974730583427,2018-01-01,2021-12-30,HIGH,NOT_VALIDATED,,False,EXCLUDED,industry validation/eligibility failed
1070235,CIK0001070235,BB,BLACKBERRY Ltd,BusEq,"Business Equipment -- Computers, Software, and Electronic Equipment",1008,520,4,518,0.5158730158730159,3172,1314,29,2226,946,0.0031525851197982345,0.9968474148802018,2018-01-02,2021-12-30,HIGH,NOT_VALIDATED,,False,EXCLUDED,industry validation/eligibility failed
1046179,CIK0001046179,TSM,TAIWAN SEMICONDUCTOR MANUFACTURING CO LTD,BusEq,"Business Equipment -- Computers, Software, and Electronic Equipment",1008,568,0,568,0.5634920634920635,2738,1117,9,2386,352,0.0,1.0,2018-01-10,2021-12-30,HIGH,NOT_VALIDATED,,False,EXCLUDED,industry validation/eligibility failed
804328,CIK0000804328,QCOM,QUALCOMM INC/DE,BusEq,"Business Equipment -- Computers, Software, and Electronic Equipment",1008,573,0,573,0.5684523809523809,2073,1018,2,2069,4,0.0,1.0,2018-01-04,2021-12-31,HIGH,NOT_VALIDATED,,False,EXCLUDED,industry validation/eligibility failed
1730168,CIK0001730168,AVGO,Broadcom Inc.,BusEq,"Business Equipment -- Computers, Software, and Electronic Equipment",1008,648,7,647,0.6428571428571429,5793,2012,31,2041,3752,0.005178663904712584,0.9948213360952874,2018-01-02,2021-12-21,HIGH,NOT_VALIDATED,,False,EXCLUDED,industry validation/eligibility failed
1610601,CIK0001610601,MOMO,Hello Group Inc.,BusEq,"Business Equipment -- Computers, Software, and Electronic Equipment",1008,666,0,666,0.6607142857142857,2559,1778,7,2231,328,0.0,1.0,2018-01-04,2021-12-27,HIGH,NOT_VALIDATED,,False,EXCLUDED,industry validation/eligibility failed
51143,CIK0000051143,IBM,INTERNATIONAL BUSINESS MACHINES CORP,BusEq,"Business Equipment -- Computers, Software, and Electronic Equipment",1008,678,0,678,0.6726190476190477,3011,1475,4,2679,332,0.0,1.0,2018-01-01,2021-12-31,HIGH,INDUSTRY_STABLE,BusEq,True,SELECTED,deterministic industry/tier rule
1604778,CIK0001604778,QRVO,"Qorvo, Inc.",BusEq,"Business Equipment -- Computers, Software, and Electronic Equipment",1008,696,13,693,0.6904761904761905,3847,1616,28,2069,1778,0.0072783987522745,0.9927216012477255,2018-01-04,2021-12-29,HIGH,NOT_VALIDATED,,False,EXCLUDED,industry validation/eligibility failed
1329099,CIK0001329099,BIDU,"Baidu, Inc.",BusEq,"Business Equipment -- Computers, Software, and Electronic Equipment",1008,711,2,711,0.7053571428571429,4435,1826,26,3137,1298,0.0009019165727170237,0.999098083427283,2018-01-02,2021-12-30,HIGH,NOT_VALIDATED,,False,EXCLUDED,industry validation/eligibility failed
1341439,CIK0001341439,ORCL,ORACLE CORP,BusEq,"Business Equipment -- Computers, Software, and Electronic Equipment",1008,797,4,796,0.7906746031746031,5882,2415,36,4294,1588,0.0017001020061203672,0.9982998979938796,2018-01-02,2021-12-30,HIGH,NOT_VALIDATED,,False,EXCLUDED,industry validation/eligibility failed
1108524,CIK0001108524,CRM,"Salesforce, Inc.",BusEq,"Business Equipment -- Computers, Software, and Electronic Equipment",1008,841,6,841,0.8343253968253969,6727,2748,33,4177,2550,0.002973093503790694,0.9970269064962093,2018-01-02,2021-12-31,HIGH,NOT_VALIDATED,,False,EXCLUDED,industry validation/eligibility failed
891103,CIK0000891103,MTCH,"Match Group, Inc.",BusEq,"Business Equipment -- Computers, Software, and Electronic Equipment",1008,957,0,957,0.9494047619047619,9237,5783,17,7837,1400,0.0,1.0,2018-01-02,2021-12-31,HIGH,NOT_VALIDATED,,False,EXCLUDED,industry validation/eligibility failed
50863,CIK0000050863,INTC,INTEL CORP,BusEq,"Business Equipment -- Computers, Software, and Electronic Equipment",1008,969,12,969,0.9613095238095238,14600,5671,31,10726,3874,0.002054794520547945,0.9979452054794521,2018-01-02,2021-12-31,HIGH,NOT_VALIDATED,,False,EXCLUDED,industry validation/eligibility failed
1652044,CIK0001652044,GOOG,Alphabet Inc.,BusEq,"Business Equipment -- Computers, Software, and Electronic Equipment",1008,997,9,997,0.9890873015873016,14416,6366,34,10364,4052,0.0013873473917869034,0.9986126526082131,2018-01-02,2021-12-31,HIGH,INDUSTRY_UNRESOLVED,UNRESOLVED,False,EXCLUDED,industry validation/eligibility failed
789019,CIK0000789019,MSFT,MICROSOFT CORP,BusEq,"Business Equipment -- Computers, Software, and Electronic Equipment",1008,1000,17,1000,0.9920634920634921,17077,7059,43,12621,4456,0.002810798149557885,0.9971892018504421,2018-01-02,2021-12-31,HIGH,INDUSTRY_STABLE,BusEq,True,EXCLUDED,not highest deterministic priority within tier
320193,CIK0000320193,AAPL,Apple Inc.,BusEq,"Business Equipment -- Computers, Software, and Electronic Equipment",1008,1008,29,1008,1.0,36801,14049,74,24359,12442,0.0023368930192114346,0.9976631069807885,2018-01-01,2021-12-31,HIGH,INDUSTRY_STABLE,BusEq,True,EXCLUDED,not highest deterministic priority within tier
32621,CIK0000032621,MSN,EMERSON RADIO CORP,Durbl,"Consumer Durables -- Cars, TVs, Furniture, Household Appliances",1008,6,1,5,0.005952380952380952,16,7,2,6,10,0.125,0.875,2018-03-22,2019-08-13,LOW,NOT_VALIDATED,,False,EXCLUDED,industry validation/eligibility failed
924168,CIK0000924168,EFOI,"ENERGY FOCUS, INC/DE",Durbl,"Consumer Durables -- Cars, TVs, Furniture, Household Appliances",1008,6,0,6,0.005952380952380952,12,7,0,12,0,0.0,1.0,2021-06-04,2021-12-14,LOW,NOT_VALIDATED,,False,EXCLUDED,industry validation/eligibility failed
900391,CIK0000900391,NTZ,NATUZZI S P A,Durbl,"Consumer Durables -- Cars, TVs, Furniture, Household Appliances",1008,7,0,7,0.006944444444444444,44,7,0,44,0,0.0,1.0,2020-07-24,2021-11-29,LOW,NOT_VALIDATED,,False,EXCLUDED,industry validation/eligibility failed
1707303,CIK0001707303,DOGZ,Dogness (International) Corp,Durbl,"Consumer Durables -- Cars, TVs, Furniture, Household Appliances",1008,9,0,9,0.008928571428571428,51,13,1,45,6,0.0,1.0,2019-04-10,2021-12-27,LOW,INDUSTRY_STABLE,Durbl,True,EXCLUDED,not highest deterministic priority within tier
1085243,CIK0001085243,VTSI,"VirTra, Inc",Durbl,"Consumer Durables -- Cars, TVs, Furniture, Household Appliances",1008,11,0,11,0.010912698412698412,35,13,0,35,0,0.0,1.0,2019-07-10,2021-12-30,LOW,NOT_VALIDATED,,False,EXCLUDED,industry validation/eligibility failed
915779,CIK0000915779,DAKT,DAKTRONICS INC /SD/,Durbl,"Consumer Durables -- Cars, TVs, Furniture, Household Appliances",1008,17,0,17,0.016865079365079364,31,24,0,31,0,0.0,1.0,2018-05-30,2021-12-21,LOW,INDUSTRY_STABLE,Durbl,True,EXCLUDED,not highest deterministic priority within tier
924383,CIK0000924383,GNSS,Genasys Inc.,Durbl,"Consumer Durables -- Cars, TVs, Furniture, Household Appliances",1008,25,0,25,0.0248015873015873,104,31,6,86,18,0.0,1.0,2018-01-19,2021-12-18,LOW,INDUSTRY_STABLE,Durbl,True,SELECTED,deterministic industry/tier rule
1709164,CIK0001709164,HBB,Hamilton Beach Brands Holding Co,Durbl,"Consumer Durables -- Cars, TVs, Furniture, Household Appliances",1008,43,0,43,0.04265873015873016,87,46,3,67,20,0.0,1.0,2018-02-27,2021-12-11,LOW,INDUSTRY_STABLE,Durbl,True,EXCLUDED,not highest deterministic priority within tier
918251,CIK0000918251,MPAA,MOTORCAR PARTS OF AMERICA INC,Durbl,"Consumer Durables -- Cars, TVs, Furniture, Household Appliances",1008,67,4,64,0.06646825396825397,288,125,10,80,208,0.034722222222222224,0.9652777777777778,2018-01-28,2021-12-28,LOW,INDUSTRY_STABLE,Durbl,True,SELECTED,deterministic industry/tier rule
1643953,CIK0001643953,PRPL,"Purple Innovation, Inc.",Durbl,"Consumer Durables -- Cars, TVs, Furniture, Household Appliances",1008,70,1,70,0.06944444444444445,316,96,4,248,68,0.012658227848101266,0.9873417721518988,2018-03-16,2021-11-26,LOW,INDUSTRY_STABLE,Durbl,True,EXCLUDED,not highest deterministic priority within tier
1409375,CIK0001409375,OESX,"ORION ENERGY SYSTEMS, INC.",Durbl,"Consumer Durables -- Cars, TVs, Furniture, Household Appliances",1008,72,4,69,0.07142857142857142,253,105,9,95,158,0.039525691699604744,0.9604743083003953,2018-02-07,2021-12-23,MEDIUM,INDUSTRY_STABLE,Durbl,True,EXCLUDED,not highest deterministic priority within tier
2037400,CIK0002037400,CAAS,"China Automotive Systems, Inc.",Durbl,"Consumer Durables -- Cars, TVs, Furniture, Household Appliances",1008,76,2,74,0.07539682539682539,372,137,9,156,216,0.021505376344086023,0.978494623655914,2018-03-29,2021-11-13,MEDIUM,NOT_VALIDATED,,False,EXCLUDED,industry validation/eligibility failed
101984,CIK0000101984,UEIC,UNIVERSAL ELECTRONICS INC,Durbl,"Consumer Durables -- Cars, TVs, Furniture, Household Appliances",1008,79,5,74,0.07837301587301587,285,119,11,93,192,0.03508771929824561,0.9649122807017544,2018-01-09,2021-12-16,MEDIUM,INDUSTRY_STABLE,Durbl,True,EXCLUDED,not highest deterministic priority within tier
1077688,CIK0001077688,HOFT,HOOKER FURNISHINGS Corp,Durbl,"Consumer Durables -- Cars, TVs, Furniture, Household Appliances",1008,81,5,76,0.08035714285714286,322,141,8,148,174,0.037267080745341616,0.9627329192546584,2018-01-23,2021-12-15,MEDIUM,INDUSTRY_STABLE,Durbl,True,EXCLUDED,not highest deterministic priority within tier
903129,CIK0000903129,THRM,Gentherm Inc,Durbl,"Consumer Durables -- Cars, TVs, Furniture, Household Appliances",1008,88,6,82,0.0873015873015873,292,140,9,64,228,0.0410958904109589,0.958904109589041,2018-01-05,2021-12-28,MEDIUM,INDUSTRY_STABLE,Durbl,True,SELECTED,deterministic industry/tier rule
26780,CIK0000026780,DAN,DANA Inc,Durbl,"Consumer Durables -- Cars, TVs, Furniture, Household Appliances",1008,98,0,98,0.09722222222222222,294,119,6,196,98,0.0,1.0,2018-01-04,2021-11-11,MEDIUM,INDUSTRY_STABLE,Durbl,True,EXCLUDED,not highest deterministic priority within tier
842162,CIK0000842162,LEA,LEAR CORP,Durbl,"Consumer Durables -- Cars, TVs, Furniture, Household Appliances",1008,101,0,101,0.1001984126984127,240,117,2,188,52,0.0,1.0,2018-01-11,2021-12-27,MEDIUM,INDUSTRY_STABLE,Durbl,True,SELECTED,deterministic industry/tier rule
1345126,CIK0001345126,CODI,Compass Diversified Holdings,Durbl,"Consumer Durables -- Cars, TVs, Furniture, Household Appliances",1008,110,3,108,0.10912698412698413,370,154,12,166,204,0.016216216216216217,0.9837837837837838,2018-01-04,2021-10-25,MEDIUM,NOT_VALIDATED,,False,EXCLUDED,industry validation/eligibility failed
1720250,CIK0001720250,KNDI,"Kandi Technologies Group, Inc.",Durbl,"Consumer Durables -- Cars, TVs, Furniture, Household Appliances",1008,118,5,113,0.11706349206349206,547,207,12,265,282,0.021937842778793418,0.9780621572212066,2018-03-13,2021-12-29,MEDIUM,NOT_VALIDATED,,False,EXCLUDED,industry validation/eligibility failed
1111335,CIK0001111335,VC,VISTEON CORP,Durbl,"Consumer Durables -- Cars, TVs, Furniture, Household Appliances",1008,125,8,118,0.12400793650793651,401,175,14,121,280,0.04488778054862843,0.9551122194513716,2018-01-05,2021-11-08,MEDIUM,NOT_VALIDATED,,False,EXCLUDED,industry validation/eligibility failed
1670541,CIK0001670541,ADNT,Adient plc,Durbl,"Consumer Durables -- Cars, TVs, Furniture, Household Appliances",1008,151,0,151,0.1498015873015873,525,213,5,281,244,0.0,1.0,2018-01-08,2021-12-15,HIGH,NOT_VALIDATED,,False,EXCLUDED,industry validation/eligibility failed
1034670,CIK0001034670,ALV,AUTOLIV INC,Durbl,"Consumer Durables -- Cars, TVs, Furniture, Household Appliances",1008,209,3,207,0.20734126984126985,806,366,13,290,516,0.01488833746898263,0.9851116625310173,2018-01-05,2021-12-26,HIGH,NOT_VALIDATED,,False,EXCLUDED,industry validation/eligibility failed
1411207,CIK0001411207,ALSN,Allison Transmission Holdings Inc,Durbl,"Consumer Durables -- Cars, TVs, Furniture, Household Appliances",1008,255,6,251,0.25297619047619047,945,420,15,455,490,0.014814814814814815,0.9851851851851852,2018-01-02,2021-12-26,HIGH,INDUSTRY_STABLE,Durbl,True,EXCLUDED,not highest deterministic priority within tier
1521332,CIK0001521332,APTV,Aptiv PLC,Durbl,"Consumer Durables -- Cars, TVs, Furniture, Household Appliances",1008,291,1,291,0.28869047619047616,1081,392,8,723,358,0.0018501387604070306,0.9981498612395929,2018-01-02,2021-12-26,HIGH,INDUSTRY_STABLE,Durbl,True,EXCLUDED,not highest deterministic priority within tier
908255,CIK0000908255,BWA,BORGWARNER INC,Durbl,"Consumer Durables -- Cars, TVs, Furniture, Household Appliances",1008,316,5,314,0.3134920634920635,1461,589,16,731,730,0.015058179329226557,0.9849418206707734,2018-01-02,2021-12-29,HIGH,INDUSTRY_STABLE,Durbl,True,EXCLUDED,not highest deterministic priority within tier
1425287,CIK0001425287,WKHS,Workhorse Group Inc.,Durbl,"Consumer Durables -- Cars, TVs, Furniture, Household Appliances",1008,331,0,331,0.32837301587301587,1229,601,7,1101,128,0.0,1.0,2018-01-09,2021-12-27,HIGH,NOT_VALIDATED,,False,EXCLUDED,industry validation/eligibility failed
37996,CIK0000037996,F,FORD MOTOR CO,Durbl,"Consumer Durables -- Cars, TVs, Furniture, Household Appliances",1008,749,1,749,0.7430555555555556,4422,1915,12,4128,294,0.0004522840343735866,0.9995477159656264,2018-01-02,2021-12-31,HIGH,INDUSTRY_STABLE,Durbl,True,SELECTED,deterministic industry/tier rule
1467858,CIK0001467858,GM,General Motors Co,Durbl,"Consumer Durables -- Cars, TVs, Furniture, Household Appliances",1008,808,2,807,0.8015873015873016,4969,2166,16,4067,902,0.0012074864157778226,0.9987925135842222,2018-01-02,2021-12-31,HIGH,INDUSTRY_STABLE,Durbl,True,EXCLUDED,not highest deterministic priority within tier
1318605,CIK0001318605,TSLA,"Tesla, Inc.",Durbl,"Consumer Durables -- Cars, TVs, Furniture, Household Appliances",1008,981,33,980,0.9732142857142857,19440,7157,74,12088,7352,0.00565843621399177,0.9943415637860082,2018-01-01,2021-12-31,HIGH,INDUSTRY_STABLE,Durbl,True,SELECTED,deterministic industry/tier rule
60714,CIK0000060714,LXU,"LSB INDUSTRIES, INC.",Chems,Chemicals and Allied Products,1008,4,0,4,0.003968253968253968,14,5,0,14,0,0.0,1.0,2018-02-27,2021-04-01,LOW,NOT_VALIDATED,,False,EXCLUDED,industry validation/eligibility failed
1588084,CIK0001588084,TANH,TANTECH HOLDINGS LTD,Chems,Chemicals and Allied Products,1008,6,0,6,0.005952380952380952,17,6,1,11,6,0.0,1.0,2018-11-23,2021-12-14,LOW,NOT_VALIDATED,,False,EXCLUDED,industry validation/eligibility failed
1425292,CIK0001425292,UAN,"CVR PARTNERS, LP",Chems,Chemicals and Allied Products,1008,10,0,10,0.00992063492063492,19,11,0,19,0,0.0,1.0,2018-03-05,2020-11-03,LOW,NOT_VALIDATED,,False,EXCLUDED,industry validation/eligibility failed
928054,CIK0000928054,FTK,FLOTEK INDUSTRIES INC/CN/,Chems,Chemicals and Allied Products,1008,12,0,12,0.011904761904761904,26,15,0,26,0,0.0,1.0,2018-01-03,2021-12-28,LOW,INDUSTRY_STABLE,Chems,True,SELECTED,deterministic industry/tier rule
1504678,CIK0001504678,LOOP,"Loop Industries, Inc.",Chems,Chemicals and Allied Products,1008,20,0,20,0.01984126984126984,113,22,3,53,60,0.0,1.0,2018-08-27,2021-06-23,LOW,NOT_VALIDATED,,False,EXCLUDED,industry validation/eligibility failed
1071438,CIK0001071438,BAK,BRASKEM SA,Chems,Chemicals and Allied Products,1008,24,0,24,0.023809523809523808,66,31,3,50,16,0.0,1.0,2018-01-09,2021-11-12,LOW,INDUSTRY_STABLE,Chems,True,EXCLUDED,not highest deterministic priority within tier
1069394,CIK0001069394,FSI,FLEXIBLE SOLUTIONS INTERNATIONAL INC,Chems,Chemicals and Allied Products,1008,34,1,33,0.03373015873015873,89,35,3,9,80,0.02247191011235955,0.9775280898876404,2018-05-15,2021-04-17,LOW,NOT_VALIDATED,,False,EXCLUDED,industry validation/eligibility failed
1609804,CIK0001609804,OEC,Orion S.A.,Chems,Chemicals and Allied Products,1008,35,0,35,0.034722222222222224,93,48,3,69,24,0.0,1.0,2018-02-20,2021-12-27,LOW,INDUSTRY_STABLE,Chems,True,EXCLUDED,not highest deterministic priority within tier
885462,CIK0000885462,GURE,"GULF RESOURCES, INC.",Chems,Chemicals and Allied Products,1008,40,3,37,0.03968253968253968,168,66,6,52,116,0.03571428571428571,0.9642857142857143,2018-03-19,2021-06-29,LOW,INDUSTRY_STABLE,Chems,True,EXCLUDED,not highest deterministic priority within tier
1574565,CIK0001574565,EVGN,Evogene Ltd.,Chems,Chemicals and Allied Products,1008,40,3,37,0.03968253968253968,147,66,11,23,124,0.04081632653061224,0.9591836734693877,2018-01-22,2021-12-29,LOW,INDUSTRY_STABLE,Chems,True,SELECTED,deterministic industry/tier rule
1337298,CIK0001337298,FF,FutureFuel Corp.,Chems,Chemicals and Allied Products,1008,43,3,42,0.04265873015873016,194,65,6,72,122,0.030927835051546393,0.9690721649484536,2018-03-16,2021-11-11,LOW,INDUSTRY_STABLE,Chems,True,EXCLUDED,not highest deterministic priority within tier
1673985,CIK0001673985,ASIX,AdvanSix Inc.,Chems,Chemicals and Allied Products,1008,54,0,54,0.05357142857142857,173,67,3,95,78,0.0,1.0,2018-02-09,2021-12-14,MEDIUM,INDUSTRY_STABLE,Chems,True,EXCLUDED,not highest deterministic priority within tier
105132,CIK0000105132,WDFC,WD 40 CO,Chems,Chemicals and Allied Products,1008,59,1,59,0.05853174603174603,88,66,1,86,2,0.022727272727272728,0.9772727272727273,2018-01-02,2021-12-31,MEDIUM,INDUSTRY_STABLE,Chems,True,SELECTED,deterministic industry/tier rule
1392380,CIK0001392380,GEVO,"Gevo, Inc.",Chems,Chemicals and Allied Products,1008,59,0,59,0.05853174603174603,229,80,3,213,16,0.0,1.0,2018-03-28,2021-12-27,MEDIUM,NOT_VALIDATED,,False,EXCLUDED,industry validation/eligibility failed
891014,CIK0000891014,MTX,MINERALS TECHNOLOGIES INC,Chems,Chemicals and Allied Products,1008,69,0,69,0.06845238095238096,142,75,2,116,26,0.0,1.0,2018-01-25,2021-11-08,MEDIUM,NOT_VALIDATED,,False,EXCLUDED,industry validation/eligibility failed
1084554,CIK0001084554,LTBR,LIGHTBRIDGE Corp,Chems,Chemicals and Allied Products,1008,73,4,69,0.07242063492063493,317,113,10,61,256,0.025236593059936908,0.9747634069400631,2018-01-03,2021-10-22,MEDIUM,NOT_VALIDATED,,False,EXCLUDED,industry validation/eligibility failed
1600033,CIK0001600033,ELF,"e.l.f. Beauty, Inc.",Chems,Chemicals and Allied Products,1008,76,0,76,0.07539682539682539,289,114,6,211,78,0.0,1.0,2018-01-09,2021-11-29,MEDIUM,INDUSTRY_STABLE,Chems,True,EXCLUDED,not highest deterministic priority within tier
738214,CIK0000738214,AMTX,"AEMETIS, INC",Chems,Chemicals and Allied Products,1008,79,3,76,0.07837301587301587,404,132,9,256,148,0.01485148514851485,0.9851485148514851,2018-03-06,2021-12-31,MEDIUM,INDUSTRY_STABLE,Chems,True,EXCLUDED,not highest deterministic priority within tier
1200375,CIK0001200375,CDXS,"CODEXIS, INC.",Chems,Chemicals and Allied Products,1008,94,6,91,0.09325396825396826,435,159,12,155,280,0.027586206896551724,0.9724137931034482,2018-01-23,2021-11-06,MEDIUM,NOT_VALIDATED,,False,EXCLUDED,industry validation/eligibility failed
9326,CIK0000009326,BCPC,BALCHEM CORP,Chems,Chemicals and Allied Products,1008,99,4,97,0.09821428571428571,245,139,11,79,166,0.0326530612244898,0.9673469387755103,2018-02-27,2021-12-23,MEDIUM,INDUSTRY_STABLE,Chems,True,EXCLUDED,not highest deterministic priority within tier
1489393,CIK0001489393,LYB,LyondellBasell Industries N.V.,Chems,Chemicals and Allied Products,1008,102,0,102,0.10119047619047619,292,158,2,258,34,0.0,1.0,2018-01-02,2021-09-24,MEDIUM,NOT_VALIDATED,,False,EXCLUDED,industry validation/eligibility failed
1257640,CIK0001257640,KRO,KRONOS WORLDWIDE INC,Chems,Chemicals and Allied Products,1008,149,0,149,0.14781746031746032,559,246,4,483,76,0.0,1.0,2018-01-02,2021-12-15,MEDIUM,INDUSTRY_STABLE,Chems,True,SELECTED,deterministic industry/tier rule
1590714,CIK0001590714,ESI,Element Solutions Inc,Chems,Chemicals and Allied Products,1008,158,6,154,0.15674603174603174,501,216,13,179,322,0.03592814371257485,0.9640718562874252,2018-01-02,2021-12-15,HIGH,INDUSTRY_STABLE,Chems,True,EXCLUDED,not highest deterministic priority within tier
1616862,CIK0001616862,AXTA,Axalta Coating Systems Ltd.,Chems,Chemicals and Allied Products,1008,158,0,158,0.15674603174603174,526,222,11,220,306,0.0,1.0,2018-01-08,2021-12-21,HIGH,NOT_VALIDATED,,False,EXCLUDED,industry validation/eligibility failed
1530804,CIK0001530804,TROX,Tronox Holdings plc,Chems,Chemicals and Allied Products,1008,195,4,191,0.19345238095238096,550,277,16,168,382,0.02181818181818182,0.9781818181818182,2018-01-01,2021-12-15,HIGH,INDUSTRY_STABLE,Chems,True,EXCLUDED,not highest deterministic priority within tier
1725964,CIK0001725964,NTR,Nutrien Ltd.,Chems,Chemicals and Allied Products,1008,212,0,212,0.21031746031746032,922,305,6,542,380,0.0,1.0,2018-01-05,2021-12-29,HIGH,INDUSTRY_STABLE,Chems,True,EXCLUDED,not highest deterministic priority within tier
1324404,CIK0001324404,CF,"CF Industries Holdings, Inc.",Chems,Chemicals and Allied Products,1008,215,0,215,0.21329365079365079,775,362,3,693,82,0.0,1.0,2018-01-03,2021-12-30,HIGH,INDUSTRY_STABLE,Chems,True,SELECTED,deterministic industry/tier rule
1024305,CIK0001024305,COTY,COTY INC.,Chems,Chemicals and Allied Products,1008,220,0,220,0.21825396825396826,1412,449,1,1390,22,0.0,1.0,2018-01-16,2021-11-18,HIGH,NOT_VALIDATED,,False,EXCLUDED,industry validation/eligibility failed
1627223,CIK0001627223,CC,Chemours Co,Chems,Chemicals and Allied Products,1008,231,0,231,0.22916666666666666,827,348,8,517,310,0.0,1.0,2018-01-09,2021-12-20,HIGH,NOT_VALIDATED,,False,EXCLUDED,industry validation/eligibility failed
1707925,CIK0001707925,LIN,LINDE PLC,Chems,Chemicals and Allied Products,1008,231,0,231,0.22916666666666666,674,309,3,430,244,0.0,1.0,2018-01-20,2021-12-13,HIGH,NOT_VALIDATED,,False,EXCLUDED,industry validation/eligibility failed
1306830,CIK0001306830,CE,Celanese Corp,Chems,Chemicals and Allied Products,1008,282,1,282,0.27976190476190477,1485,566,6,1061,424,0.0013468013468013469,0.9986531986531987,2018-01-02,2021-12-24,HIGH,INDUSTRY_STABLE,Chems,True,EXCLUDED,not highest deterministic priority within tier
84748,CIK0000084748,ROG,ROGERS CORP,Chems,Chemicals and Allied Products,1008,352,8,349,0.3492063492063492,1574,629,17,622,952,0.016518424396442185,0.9834815756035579,2018-01-04,2021-12-30,HIGH,INDUSTRY_STABLE,Chems,True,SELECTED,deterministic industry/tier rule
16040,CIK0000016040,CBT,CABOT CORP,Chems,Chemicals and Allied Products,1008,429,9,425,0.4255952380952381,2156,803,14,964,1192,0.011131725417439703,0.9888682745825603,2018-01-04,2021-12-15,HIGH,NOT_VALIDATED,,False,EXCLUDED,industry validation/eligibility failed
1505413,CIK0001505413,VOC,VOC Energy Trust,Enrgy,"Oil, Gas, and Coal Extraction and Products",1008,2,0,2,0.001984126984126984,2,2,0,2,0,0.0,1.0,2021-05-14,2021-10-12,LOW,NOT_VALIDATED,,False,EXCLUDED,industry validation/eligibility failed
352955,CIK0000352955,CKX,"CKX LANDS, INC.",Enrgy,"Oil, Gas, and Coal Extraction and Products",1008,3,0,3,0.002976190476190476,6,3,1,4,2,0.0,1.0,2018-04-03,2021-05-10,LOW,NOT_VALIDATED,,False,EXCLUDED,industry validation/eligibility failed
1657788,CIK0001657788,KRP,"Kimbell Royalty Partners, LP",Enrgy,"Oil, Gas, and Coal Extraction and Products",1008,9,0,9,0.008928571428571428,19,9,1,11,8,0.0,1.0,2018-02-07,2020-11-06,LOW,NOT_VALIDATED,,False,EXCLUDED,industry validation/eligibility failed
894627,CIK0000894627,EGY,VAALCO ENERGY INC /DE/,Enrgy,"Oil, Gas, and Coal Extraction and Products",1008,10,0,10,0.00992063492063492,20,11,0,20,0,0.0,1.0,2018-05-16,2021-12-23,LOW,NOT_VALIDATED,,False,EXCLUDED,industry validation/eligibility failed
1699039,CIK0001699039,RNGR,"Ranger Energy Services, Inc.",Enrgy,"Oil, Gas, and Coal Extraction and Products",1008,14,0,14,0.013888888888888888,70,18,2,42,28,0.0,1.0,2018-02-13,2021-09-03,LOW,NOT_VALIDATED,,False,EXCLUDED,industry validation/eligibility failed
1726126,CIK0001726126,EPSN,Epsilon Energy Ltd.,Enrgy,"Oil, Gas, and Coal Extraction and Products",1008,16,0,16,0.015873015873015872,82,19,2,30,52,0.0,1.0,2019-05-15,2021-12-10,LOW,NOT_VALIDATED,,False,EXCLUDED,industry validation/eligibility failed
66418,CIK0000066418,MXC,MEXCO ENERGY CORP,Enrgy,"Oil, Gas, and Coal Extraction and Products",1008,17,1,16,0.016865079365079364,122,27,3,32,90,0.01639344262295082,0.9836065573770492,2018-07-02,2021-06-28,LOW,NOT_VALIDATED,,False,EXCLUDED,industry validation/eligibility failed
1590715,CIK0001590715,AREC,American Resources Corp,Enrgy,"Oil, Gas, and Coal Extraction and Products",1008,23,0,23,0.022817460317460316,95,23,2,87,8,0.0,1.0,2018-03-26,2021-11-24,LOW,NOT_VALIDATED,,False,EXCLUDED,industry validation/eligibility failed
1002242,CIK0001002242,E,ENI SPA,Enrgy,"Oil, Gas, and Coal Extraction and Products",1008,25,0,25,0.0248015873015873,47,25,0,47,0,0.0,1.0,2018-01-08,2021-10-29,LOW,INDUSTRY_STABLE,Enrgy,True,EXCLUDED,not highest deterministic priority within tier
1172358,CIK0001172358,DMLP,"DORCHESTER MINERALS, L.P.",Enrgy,"Oil, Gas, and Coal Extraction and Products",1008,29,0,29,0.028769841269841268,47,29,1,31,16,0.0,1.0,2018-01-12,2021-10-28,LOW,NOT_VALIDATED,,False,EXCLUDED,industry validation/eligibility failed
799165,CIK0000799165,DWSN,DAWSON GEOPHYSICAL CO,Enrgy,"Oil, Gas, and Coal Extraction and Products",1008,31,5,26,0.030753968253968252,117,45,6,19,98,0.08547008547008547,0.9145299145299145,2018-03-01,2021-10-25,LOW,NOT_VALIDATED,,False,EXCLUDED,industry validation/eligibility failed
1698514,CIK0001698514,NESR,National Energy Services Reunited Corp.,Enrgy,"Oil, Gas, and Coal Extraction and Products",1008,31,0,31,0.030753968253968252,124,34,0,124,0,0.0,1.0,2018-06-07,2021-12-27,LOW,NOT_VALIDATED,,False,EXCLUDED,industry validation/eligibility failed
1520048,CIK0001520048,PVL,Permianville Royalty Trust,Enrgy,"Oil, Gas, and Coal Extraction and Products",1008,33,1,32,0.03273809523809524,79,40,3,59,20,0.02531645569620253,0.9746835443037974,2018-01-19,2021-12-29,LOW,INDUSTRY_STABLE,Enrgy,True,SELECTED,deterministic industry/tier rule
105744,CIK0000105744,GBR,"New Concept Energy, Inc.",Enrgy,"Oil, Gas, and Coal Extraction and Products",1008,39,7,32,0.03869047619047619,236,76,7,36,200,0.09322033898305085,0.9067796610169492,2018-04-18,2021-09-28,LOW,NOT_VALIDATED,,False,EXCLUDED,industry validation/eligibility failed
1171486,CIK0001171486,NRP,NATURAL RESOURCE PARTNERS LP,Enrgy,"Oil, Gas, and Coal Extraction and Products",1008,40,0,40,0.03968253968253968,90,46,4,68,22,0.0,1.0,2018-01-22,2021-11-12,LOW,INDUSTRY_STABLE,Enrgy,True,EXCLUDED,not highest deterministic priority within tier
1534504,CIK0001534504,PBF,PBF Energy Inc.,Enrgy,"Oil, Gas, and Coal Extraction and Products",1008,41,0,41,0.040674603174603176,75,46,0,75,0,0.0,1.0,2018-03-20,2021-12-07,LOW,NOT_VALIDATED,,False,EXCLUDED,industry validation/eligibility failed
1141197,CIK0001141197,PED,PEDEVCO CORP,Enrgy,"Oil, Gas, and Coal Extraction and Products",1008,47,4,43,0.04662698412698413,371,62,5,143,228,0.03234501347708895,0.967654986522911,2018-04-24,2021-12-30,LOW,NOT_VALIDATED,,False,EXCLUDED,industry validation/eligibility failed
1442620,CIK0001442620,RCON,"Recon Technology, Ltd",Enrgy,"Oil, Gas, and Coal Extraction and Products",1008,48,2,46,0.047619047619047616,213,80,9,117,96,0.018779342723004695,0.9812206572769953,2018-01-05,2021-12-30,LOW,INDUSTRY_STABLE,Enrgy,True,SELECTED,deterministic industry/tier rule
789933,CIK0000789933,NC,NACCO INDUSTRIES INC,Enrgy,"Oil, Gas, and Coal Extraction and Products",1008,53,4,50,0.05257936507936508,129,62,6,63,66,0.10852713178294573,0.8914728682170543,2018-03-07,2021-12-31,LOW,INDUSTRY_STABLE,Durbl,False,EXCLUDED,industry validation/eligibility failed
1789832,CIK0001789832,HESM,Hess Midstream LP,Enrgy,"Oil, Gas, and Coal Extraction and Products",1008,57,0,57,0.05654761904761905,98,62,0,98,0,0.0,1.0,2018-02-11,2021-12-31,LOW,INDUSTRY_STABLE,Enrgy,True,EXCLUDED,not highest deterministic priority within tier
1533924,CIK0001533924,AMPY,Amplify Energy Corp.,Enrgy,"Oil, Gas, and Coal Extraction and Products",1008,58,1,57,0.057539682539682536,307,106,8,111,196,0.006514657980456026,0.993485342019544,2018-02-06,2021-12-15,MEDIUM,NOT_VALIDATED,,False,EXCLUDED,industry validation/eligibility failed
844965,CIK0000844965,TTI,TETRA TECHNOLOGIES INC,Enrgy,"Oil, Gas, and Coal Extraction and Products",1008,63,0,63,0.0625,167,75,4,97,70,0.0,1.0,2018-01-02,2021-12-30,MEDIUM,INDUSTRY_STABLE,Enrgy,True,SELECTED,deterministic industry/tier rule
1119639,CIK0001119639,PBR-A,PETROBRAS - PETROLEO BRASILEIRO SA,Enrgy,"Oil, Gas, and Coal Extraction and Products",1008,63,0,63,0.0625,144,71,1,136,8,0.0,1.0,2018-01-24,2021-11-29,MEDIUM,NOT_VALIDATED,,False,EXCLUDED,industry validation/eligibility failed
1679268,CIK0001679268,TUSK,"MAMMOTH ENERGY SERVICES, INC.",Enrgy,"Oil, Gas, and Coal Extraction and Products",1008,73,0,73,0.07242063492063493,314,101,3,232,82,0.0,1.0,2018-02-22,2021-12-18,MEDIUM,NOT_VALIDATED,,False,EXCLUDED,industry validation/eligibility failed
1086600,CIK0001086600,ARLP,ALLIANCE RESOURCE PARTNERS LP,Enrgy,"Oil, Gas, and Coal Extraction and Products",1008,76,0,76,0.07539682539682539,166,103,2,142,24,0.0,1.0,2018-01-11,2021-12-31,MEDIUM,INDUSTRY_STABLE,Enrgy,True,SELECTED,deterministic industry/tier rule
1006655,CIK0001006655,EPM,EVOLUTION PETROLEUM CORP,Enrgy,"Oil, Gas, and Coal Extraction and Products",1008,80,2,78,0.07936507936507936,251,116,6,105,146,0.02390438247011952,0.9760956175298805,2018-02-08,2021-12-13,MEDIUM,NOT_VALIDATED,,False,EXCLUDED,industry validation/eligibility failed
1104485,CIK0001104485,NOG,"NORTHERN OIL & GAS, INC.",Enrgy,"Oil, Gas, and Coal Extraction and Products",1008,84,4,80,0.08333333333333333,285,123,11,149,136,0.028070175438596492,0.9719298245614035,2018-02-22,2021-12-27,MEDIUM,NOT_VALIDATED,,False,EXCLUDED,industry validation/eligibility failed
1273441,CIK0001273441,GTE,GRAN TIERRA ENERGY INC.,Enrgy,"Oil, Gas, and Coal Extraction and Products",1008,96,4,92,0.09523809523809523,292,127,9,106,186,0.0410958904109589,0.958904109589041,2018-02-20,2021-11-26,MEDIUM,NOT_VALIDATED,,False,EXCLUDED,industry validation/eligibility failed
1288403,CIK0001288403,WTI,W&T OFFSHORE INC,Enrgy,"Oil, Gas, and Coal Extraction and Products",1008,97,0,97,0.09623015873015874,472,152,3,362,110,0.0,1.0,2018-01-03,2021-12-07,MEDIUM,INDUSTRY_STABLE,Enrgy,True,EXCLUDED,not highest deterministic priority within tier
1013605,CIK0001013605,PDS,PRECISION DRILLING Corp,Enrgy,"Oil, Gas, and Coal Extraction and Products",1008,101,2,99,0.1001984126984127,427,187,10,177,250,0.00936768149882904,0.990632318501171,2018-01-04,2021-11-05,MEDIUM,NOT_VALIDATED,,False,EXCLUDED,industry validation/eligibility failed
1958086,CIK0001958086,CLB,Core Laboratories Inc. /DE/,Enrgy,"Oil, Gas, and Coal Extraction and Products",1008,104,0,104,0.10317460317460317,217,115,0,217,0,0.0,1.0,2018-01-10,2021-10-28,MEDIUM,NOT_VALIDATED,,False,EXCLUDED,industry validation/eligibility failed
821483,CIK0000821483,PARR,"PAR PACIFIC HOLDINGS, INC.",Enrgy,"Oil, Gas, and Coal Extraction and Products",1008,108,3,106,0.10714285714285714,383,152,9,191,192,0.020887728459530026,0.97911227154047,2018-01-09,2021-12-21,MEDIUM,INDUSTRY_STABLE,Enrgy,True,EXCLUDED,not highest deterministic priority within tier
1464591,CIK0001464591,GPRK,GeoPark Ltd,Enrgy,"Oil, Gas, and Coal Extraction and Products",1008,117,3,114,0.11607142857142858,368,167,11,160,208,0.016304347826086956,0.9836956521739131,2018-01-10,2021-11-26,MEDIUM,NOT_VALIDATED,,False,EXCLUDED,industry validation/eligibility failed
1674910,CIK0001674910,VVV,VALVOLINE INC,Enrgy,"Oil, Gas, and Coal Extraction and Products",1008,117,0,117,0.11607142857142858,338,153,6,252,86,0.0,1.0,2018-02-05,2021-12-29,MEDIUM,NOT_VALIDATED,,False,EXCLUDED,industry validation/eligibility failed
1680247,CIK0001680247,PUMP,ProPetro Holding Corp.,Enrgy,"Oil, Gas, and Coal Extraction and Products",1008,122,2,120,0.12103174603174603,483,158,6,341,142,0.012422360248447204,0.9875776397515528,2018-01-10,2021-11-24,MEDIUM,NOT_VALIDATED,,False,EXCLUDED,industry validation/eligibility failed
1279495,CIK0001279495,BTE,BAYTEX ENERGY CORP.,Enrgy,"Oil, Gas, and Coal Extraction and Products",1008,127,0,127,0.1259920634920635,551,198,9,341,210,0.0,1.0,2018-01-11,2021-10-18,MEDIUM,NOT_VALIDATED,,False,EXCLUDED,industry validation/eligibility failed
1035002,CIK0001035002,VLO,VALERO ENERGY CORP/TX,Enrgy,"Oil, Gas, and Coal Extraction and Products",1008,133,0,133,0.13194444444444445,325,145,0,325,0,0.0,1.0,2018-01-08,2021-12-28,MEDIUM,INDUSTRY_STABLE,Enrgy,True,EXCLUDED,not highest deterministic priority within tier
1384195,CIK0001384195,REI,"RING ENERGY, INC.",Enrgy,"Oil, Gas, and Coal Extraction and Products",1008,136,9,131,0.1349206349206349,554,183,11,178,376,0.039711191335740074,0.9602888086642599,2018-01-09,2021-11-10,MEDIUM,NOT_VALIDATED,,False,EXCLUDED,industry validation/eligibility failed
1070412,CIK0001070412,CNX,CNX Resources Corp,Enrgy,"Oil, Gas, and Coal Extraction and Products",1008,152,0,152,0.15079365079365079,519,224,7,421,98,0.0,1.0,2018-01-05,2021-12-12,MEDIUM,INDUSTRY_STABLE,Enrgy,True,EXCLUDED,not highest deterministic priority within tier
1509991,CIK0001509991,KOS,Kosmos Energy Ltd.,Enrgy,"Oil, Gas, and Coal Extraction and Products",1008,157,2,155,0.15575396825396826,743,290,14,453,290,0.005383580080753701,0.9946164199192463,2018-01-05,2021-12-17,HIGH,NOT_VALIDATED,,False,EXCLUDED,industry validation/eligibility failed
2074176,CIK0002074176,VNOM,"Viper Energy, Inc.",Enrgy,"Oil, Gas, and Coal Extraction and Products",1008,158,3,156,0.15674603174603174,712,253,10,304,408,0.008426966292134831,0.9915730337078652,2018-01-04,2021-11-08,HIGH,NOT_VALIDATED,,False,EXCLUDED,industry validation/eligibility failed
1552275,CIK0001552275,SUN,Sunoco LP,Enrgy,"Oil, Gas, and Coal Extraction and Products",1008,169,1,168,0.16765873015873015,683,258,4,505,178,0.0029282576866764276,0.9970717423133236,2018-01-22,2021-12-22,HIGH,NOT_VALIDATED,,False,EXCLUDED,industry validation/eligibility failed
821189,CIK0000821189,EOG,EOG RESOURCES INC,Enrgy,"Oil, Gas, and Coal Extraction and Products",1008,170,0,170,0.16865079365079366,520,213,0,520,0,0.0,1.0,2018-01-03,2021-12-26,HIGH,NOT_VALIDATED,,False,EXCLUDED,industry validation/eligibility failed
1841666,CIK0001841666,APA,APA Corp,Enrgy,"Oil, Gas, and Coal Extraction and Products",1008,178,0,178,0.1765873015873016,578,219,0,578,0,0.0,1.0,2018-01-03,2021-12-27,HIGH,INDUSTRY_STABLE,Enrgy,True,EXCLUDED,not highest deterministic priority within tier
1520006,CIK0001520006,MTDR,Matador Resources Co,Enrgy,"Oil, Gas, and Coal Extraction and Products",1008,195,2,195,0.19345238095238096,662,283,11,230,432,0.00906344410876133,0.9909365558912386,2018-01-09,2021-12-20,HIGH,NOT_VALIDATED,,False,EXCLUDED,industry validation/eligibility failed
1293135,CIK0001293135,VET,VERMILION ENERGY INC.,Enrgy,"Oil, Gas, and Coal Extraction and Products",1008,217,1,217,0.2152777777777778,792,317,10,468,324,0.0025252525252525255,0.9974747474747475,2018-01-14,2021-12-26,HIGH,NOT_VALIDATED,,False,EXCLUDED,industry validation/eligibility failed
1140625,CIK0001140625,EQNR,EQUINOR ASA,Enrgy,"Oil, Gas, and Coal Extraction and Products",1008,220,1,220,0.21825396825396826,631,289,4,571,60,0.003169572107765452,0.9968304278922345,2018-01-02,2021-12-21,HIGH,NOT_VALIDATED,,False,EXCLUDED,industry validation/eligibility failed
1064728,CIK0001064728,BTU,PEABODY ENERGY CORP,Enrgy,"Oil, Gas, and Coal Extraction and Products",1008,225,0,225,0.22321428571428573,956,385,11,612,344,0.0,1.0,2018-01-04,2021-12-30,HIGH,INDUSTRY_STABLE,Enrgy,True,SELECTED,deterministic industry/tier rule
1694426,CIK0001694426,DK,"Delek US Holdings, Inc.",Enrgy,"Oil, Gas, and Coal Extraction and Products",1008,238,4,235,0.2361111111111111,1007,387,12,477,530,0.007944389275074478,0.9920556107249255,2018-01-03,2021-12-23,HIGH,NOT_VALIDATED,,False,EXCLUDED,industry validation/eligibility failed
1433270,CIK0001433270,AR,ANTERO RESOURCES Corp,Enrgy,"Oil, Gas, and Coal Extraction and Products",1008,259,7,254,0.2569444444444444,1214,417,12,606,608,0.014827018121911038,0.985172981878089,2018-01-09,2021-12-28,HIGH,NOT_VALIDATED,,False,EXCLUDED,industry validation/eligibility failed
797468,CIK0000797468,OXY,OCCIDENTAL PETROLEUM CORP /DE/,Enrgy,"Oil, Gas, and Coal Extraction and Products",1008,261,0,261,0.25892857142857145,1009,367,0,1009,0,0.0,1.0,2018-01-22,2021-12-29,HIGH,NOT_VALIDATED,,False,EXCLUDED,industry validation/eligibility failed
1451505,CIK0001451505,RIG,Transocean Ltd.,Enrgy,"Oil, Gas, and Coal Extraction and Products",1008,264,2,262,0.2619047619047619,1283,442,13,567,716,0.003117692907248636,0.9968823070927514,2018-01-02,2021-12-23,HIGH,NOT_VALIDATED,,False,EXCLUDED,industry validation/eligibility failed
1475260,CIK0001475260,CVE,CENOVUS ENERGY INC.,Enrgy,"Oil, Gas, and Coal Extraction and Products",1008,315,0,315,0.3125,1397,537,11,1021,376,0.0,1.0,2018-01-02,2021-12-20,HIGH,NOT_VALIDATED,,False,EXCLUDED,industry validation/eligibility failed
46765,CIK0000046765,HP,"Helmerich & Payne, Inc.",Enrgy,"Oil, Gas, and Coal Extraction and Products",1008,324,3,321,0.32142857142857145,1219,534,14,657,562,0.006562756357670222,0.9934372436423298,2018-01-02,2021-12-21,HIGH,NOT_VALIDATED,,False,EXCLUDED,industry validation/eligibility failed
1539838,CIK0001539838,FANG,"Diamondback Energy, Inc.",Enrgy,"Oil, Gas, and Coal Extraction and Products",1008,443,8,440,0.439484126984127,2232,795,10,1416,816,0.012544802867383513,0.9874551971326165,2018-01-02,2021-12-27,HIGH,INDUSTRY_STABLE,Enrgy,True,EXCLUDED,not highest deterministic priority within tier
1534701,CIK0001534701,PSX,Phillips 66,Enrgy,"Oil, Gas, and Coal Extraction and Products",1008,485,10,482,0.48115079365079366,2745,911,15,1613,1132,0.008014571948998178,0.9919854280510019,2018-01-02,2021-12-28,HIGH,INDUSTRY_STABLE,Enrgy,True,EXCLUDED,not highest deterministic priority within tier
1163165,CIK0001163165,COP,CONOCOPHILLIPS,Enrgy,"Oil, Gas, and Coal Extraction and Products",1008,586,3,585,0.5813492063492064,3543,1307,19,2513,1030,0.0022579734688117415,0.9977420265311883,2018-01-02,2021-12-30,HIGH,INDUSTRY_STABLE,Enrgy,True,SELECTED,deterministic industry/tier rule
2115436,CIK0002115436,XOM,ExxonMobil Holdings Corp,Enrgy,"Oil, Gas, and Coal Extraction and Products",1008,770,1,770,0.7638888888888888,4411,1838,15,3533,878,0.0004534119247336205,0.9995465880752664,2018-01-02,2021-12-31,HIGH,INDUSTRY_UNRESOLVED,UNRESOLVED,False,EXCLUDED,industry validation/eligibility failed
1376986,CIK0001376986,TVC,Tennessee Valley Authority,Utils,Utilities,1008,4,0,4,0.003968253968253968,7,7,0,7,0,0.0,1.0,2019-04-02,2021-05-03,LOW,NOT_VALIDATED,,False,EXCLUDED,industry validation/eligibility failed
71508,CIK0000071508,ENO,"ENTERGY NEW ORLEANS, LLC",Utils,Utilities,1008,5,0,5,0.00496031746031746,7,5,0,7,0,0.0,1.0,2018-08-28,2021-08-29,LOW,NOT_VALIDATED,,False,EXCLUDED,industry validation/eligibility failed
1659939,CIK0001659939,ENIC,Enel Chile S.A.,Utils,Utilities,1008,5,0,5,0.00496031746031746,8,5,0,8,0,0.0,1.0,2020-06-29,2021-12-22,LOW,NOT_VALIDATED,,False,EXCLUDED,industry validation/eligibility failed
931427,CIK0000931427,TGS,GAS TRANSPORTER OF THE SOUTH INC,Utils,Utilities,1008,6,0,6,0.005952380952380952,9,6,0,9,0,0.0,1.0,2018-09-06,2020-11-10,LOW,NOT_VALIDATED,,False,EXCLUDED,industry validation/eligibility failed
1395213,CIK0001395213,EDN,EDENOR,Utils,Utilities,1008,12,0,12,0.011904761904761904,40,14,1,36,4,0.0,1.0,2018-02-14,2021-12-29,LOW,INDUSTRY_STABLE,Utils,True,SELECTED,deterministic industry/tier rule
1469395,CIK0001469395,PAM,Pampa Energy Inc.,Utils,Utilities,1008,12,0,12,0.011904761904761904,39,15,0,39,0,0.0,1.0,2018-01-04,2020-11-12,LOW,NOT_VALIDATED,,False,EXCLUDED,industry validation/eligibility failed
1069533,CIK0001069533,RGCO,RGC RESOURCES INC,Utils,Utilities,1008,19,0,19,0.018849206349206348,37,23,0,37,0,0.0,1.0,2018-01-02,2021-12-03,LOW,INDUSTRY_STABLE,Utils,True,SELECTED,deterministic industry/tier rule
1157557,CIK0001157557,CIG,ENERGY CO OF MINAS GERAIS,Utils,Utilities,1008,20,0,20,0.01984126984126984,75,26,0,75,0,0.0,1.0,2018-02-14,2021-11-13,LOW,INDUSTRY_STABLE,Utils,True,EXCLUDED,not highest deterministic priority within tier
1504461,CIK0001504461,NGL,NGL Energy Partners LP,Utils,Utilities,1008,25,0,25,0.0248015873015873,44,27,0,44,0,0.0,1.0,2018-03-16,2021-09-21,LOW,NOT_VALIDATED,,False,EXCLUDED,industry validation/eligibility failed
784977,CIK0000784977,POR,PORTLAND GENERAL ELECTRIC CO /OR/,Utils,Utilities,1008,26,0,26,0.025793650793650792,42,29,0,42,0,0.0,1.0,2018-07-30,2021-11-15,LOW,NOT_VALIDATED,,False,EXCLUDED,industry validation/eligibility failed
276720,CIK0000276720,PCYO,PURE CYCLE CORP,Utils,Utilities,1008,33,1,32,0.03273809523809524,71,37,2,35,36,0.028169014084507043,0.971830985915493,2018-01-09,2021-11-19,LOW,INDUSTRY_STABLE,Utils,True,EXCLUDED,not highest deterministic priority within tier
1993004,CIK0001993004,NWE,"NorthWestern Energy Group, Inc.",Utils,Utilities,1008,35,0,35,0.034722222222222224,62,37,4,32,30,0.0,1.0,2018-01-02,2021-11-29,LOW,INDUSTRY_UNRESOLVED,UNRESOLVED,False,EXCLUDED,industry validation/eligibility failed
1383650,CIK0001383650,CQP,"Cheniere Energy Partners, L.P.",Utils,Utilities,1008,36,0,36,0.03571428571428571,47,36,0,47,0,0.0,1.0,2018-01-30,2021-11-23,LOW,INDUSTRY_STABLE,Utils,True,EXCLUDED,not highest deterministic priority within tier
727273,CIK0000727273,CDZI,CADIZ INC,Utils,Utilities,1008,46,3,43,0.04563492063492063,132,60,7,58,74,0.07575757575757576,0.9242424242424242,2018-01-16,2021-12-23,MEDIUM,NOT_VALIDATED,,False,EXCLUDED,industry validation/eligibility failed
788965,CIK0000788965,HNRG,HALLADOR ENERGY CO,Utils,Utilities,1008,55,4,51,0.054563492063492064,147,65,6,43,104,0.05442176870748299,0.9455782312925171,2018-01-16,2021-11-26,MEDIUM,NOT_VALIDATED,,False,EXCLUDED,industry validation/eligibility failed
1013871,CIK0001013871,NRG,"NRG ENERGY, INC.",Utils,Utilities,1008,55,0,55,0.054563492063492064,100,60,0,100,0,0.0,1.0,2018-01-02,2021-12-31,MEDIUM,INDUSTRY_STABLE,Utils,True,SELECTED,deterministic industry/tier rule
887225,CIK0000887225,KEP,KOREA ELECTRIC POWER CORP,Utils,Utilities,1008,58,0,58,0.057539682539682536,173,70,4,123,50,0.0,1.0,2018-01-18,2021-11-29,MEDIUM,NOT_VALIDATED,,False,EXCLUDED,industry validation/eligibility failed
108985,CIK0000108985,YORW,YORK WATER CO,Utils,Utilities,1008,59,0,59,0.05853174603174603,176,64,3,96,80,0.0,1.0,2018-01-09,2021-12-29,MEDIUM,INDUSTRY_STABLE,Utils,True,EXCLUDED,not highest deterministic priority within tier
1522727,CIK0001522727,USAC,"USA Compression Partners, LP",Utils,Utilities,1008,63,0,63,0.0625,138,74,2,88,50,0.0,1.0,2018-01-16,2021-11-30,MEDIUM,NOT_VALIDATED,,False,EXCLUDED,industry validation/eligibility failed
1528356,CIK0001528356,GNE,Genie Energy Ltd.,Utils,Utilities,1008,68,2,66,0.06746031746031746,255,105,7,113,142,0.01568627450980392,0.984313725490196,2018-02-01,2021-11-06,MEDIUM,NOT_VALIDATED,,False,EXCLUDED,industry validation/eligibility failed
1296445,CIK0001296445,ORA,"ORMAT TECHNOLOGIES, INC.",Utils,Utilities,1008,89,1,88,0.0882936507936508,242,113,4,184,58,0.008264462809917356,0.9917355371900827,2018-01-09,2021-12-17,MEDIUM,INDUSTRY_STABLE,Utils,True,EXCLUDED,not highest deterministic priority within tier
1378140,CIK0001378140,OPTT,"Ocean Power Technologies, Inc.",Utils,Utilities,1008,89,3,86,0.0882936507936508,468,156,10,158,310,0.01282051282051282,0.9871794871794872,2018-01-19,2021-12-22,MEDIUM,NOT_VALIDATED,,False,EXCLUDED,industry validation/eligibility failed
1094972,CIK0001094972,UGP,ULTRAPAR HOLDINGS INC,Utils,Utilities,1008,93,0,93,0.09226190476190477,250,116,7,132,118,0.0,1.0,2018-01-08,2021-12-29,MEDIUM,INDUSTRY_STABLE,Utils,True,SELECTED,deterministic industry/tier rule
1666175,CIK0001666175,FTS,Fortis Inc.,Utils,Utilities,1008,97,0,97,0.09623015873015874,256,107,2,178,78,0.0,1.0,2018-01-10,2021-12-30,MEDIUM,INDUSTRY_STABLE,Utils,True,EXCLUDED,not highest deterministic priority within tier
1144800,CIK0001144800,TAC,TRANSALTA CORP,Utils,Utilities,1008,132,3,129,0.13095238095238096,394,190,10,152,242,0.015228426395939087,0.9847715736040609,2018-02-02,2021-12-23,MEDIUM,NOT_VALIDATED,,False,EXCLUDED,industry validation/eligibility failed
1567683,CIK0001567683,CWEN,"Clearway Energy, Inc.",Utils,Utilities,1008,145,6,140,0.14384920634920634,431,181,8,279,152,0.03248259860788863,0.9675174013921114,2018-01-02,2021-12-17,MEDIUM,INDUSTRY_STABLE,Utils,True,EXCLUDED,not highest deterministic priority within tier
1692819,CIK0001692819,VST,Vistra Corp.,Utils,Utilities,1008,147,0,147,0.14583333333333334,476,183,4,356,120,0.0,1.0,2018-01-03,2021-12-21,HIGH,INDUSTRY_STABLE,Utils,True,EXCLUDED,not highest deterministic priority within tier
731802,CIK0000731802,ATO,ATMOS ENERGY CORP,Utils,Utilities,1008,164,0,164,0.1626984126984127,490,205,4,342,148,0.0,1.0,2018-02-06,2021-12-30,HIGH,NOT_VALIDATED,,False,EXCLUDED,industry validation/eligibility failed
1368265,CIK0001368265,CLNE,Clean Energy Fuels Corp.,Utils,Utilities,1008,186,2,185,0.18452380952380953,809,328,8,587,222,0.004944375772558714,0.9950556242274413,2018-01-16,2021-12-04,HIGH,NOT_VALIDATED,,False,EXCLUDED,industry validation/eligibility failed
1389050,CIK0001389050,AROC,"Archrock, Inc.",Utils,Utilities,1008,188,0,188,0.1865079365079365,557,245,4,435,122,0.0,1.0,2018-01-02,2021-12-12,HIGH,NOT_VALIDATED,,False,EXCLUDED,industry validation/eligibility failed
1623925,CIK0001623925,AM,Antero Midstream Corp,Utils,Utilities,1008,219,3,218,0.21726190476190477,844,340,13,334,510,0.0071090047393364926,0.9928909952606635,2018-01-02,2021-12-09,HIGH,NOT_VALIDATED,,False,EXCLUDED,industry validation/eligibility failed
788784,CIK0000788784,PEG,PUBLIC SERVICE ENTERPRISE GROUP INC,Utils,Utilities,1008,234,3,231,0.23214285714285715,1088,385,11,560,528,0.0055147058823529415,0.9944852941176471,2018-01-04,2021-12-30,HIGH,INDUSTRY_STABLE,Utils,True,EXCLUDED,not highest deterministic priority within tier
1389170,CIK0001389170,TRGP,Targa Resources Corp.,Utils,Utilities,1008,260,1,260,0.25793650793650796,857,399,15,365,492,0.002333722287047841,0.9976662777129521,2018-01-02,2021-12-16,HIGH,NOT_VALIDATED,,False,EXCLUDED,industry validation/eligibility failed
4904,CIK0000004904,AEP,AMERICAN ELECTRIC POWER CO INC,Utils,Utilities,1008,267,0,267,0.2648809523809524,1144,404,6,954,190,0.0,1.0,2018-01-02,2021-12-30,HIGH,INDUSTRY_STABLE,Utils,True,SELECTED,deterministic industry/tier rule
1002910,CIK0001002910,AEE,AMEREN CORP,Utils,Utilities,1008,325,5,323,0.32242063492063494,1538,564,11,792,746,0.007802340702210663,0.9921976592977894,2018-01-10,2021-12-29,HIGH,INDUSTRY_STABLE,Utils,True,EXCLUDED,not highest deterministic priority within tier
1130310,CIK0001130310,CNP,CENTERPOINT ENERGY INC,Utils,Utilities,1008,327,8,323,0.3244047619047619,1657,565,14,953,704,0.010863005431502716,0.9891369945684972,2018-01-03,2021-12-14,HIGH,NOT_VALIDATED,,False,EXCLUDED,industry validation/eligibility failed
1410636,CIK0001410636,AWK,"American Water Works Company, Inc.",Utils,Utilities,1008,341,4,338,0.3382936507936508,1154,524,12,668,486,0.006932409012131715,0.9930675909878682,2018-01-02,2021-12-30,HIGH,INDUSTRY_STABLE,Utils,True,EXCLUDED,not highest deterministic priority within tier
3570,CIK0000003570,LNG,"Cheniere Energy, Inc.",Utils,Utilities,1008,409,14,405,0.40575396825396826,1606,683,16,1060,546,0.0224159402241594,0.9775840597758406,2018-01-02,2021-12-30,HIGH,INDUSTRY_STABLE,Utils,True,SELECTED,deterministic industry/tier rule
880117,CIK0000880117,JBSS,SANFILIPPO JOHN B & SON INC,NoDur,"Consumer Nondurables -- Food, Tobacco, Textiles, Apparel, Leather, Toys",1008,4,0,4,0.003968253968253968,8,4,0,8,0,0.0,1.0,2018-10-12,2020-06-26,LOW,NOT_VALIDATED,,False,EXCLUDED,industry validation/eligibility failed
910631,CIK0000910631,KOF,COCA COLA FEMSA SAB DE CV,NoDur,"Consumer Nondurables -- Food, Tobacco, Textiles, Apparel, Leather, Toys",1008,11,1,10,0.010912698412698412,37,11,3,9,28,0.05405405405405406,0.9459459459459459,2018-07-29,2021-03-23,LOW,NOT_VALIDATED,,False,EXCLUDED,industry validation/eligibility failed
1061736,CIK0001061736,FMX,MEXICAN ECONOMIC DEVELOPMENT INC,NoDur,"Consumer Nondurables -- Food, Tobacco, Textiles, Apparel, Leather, Toys",1008,12,0,12,0.011904761904761904,16,12,0,16,0,0.0,1.0,2018-02-28,2021-10-29,LOW,NOT_VALIDATED,,False,EXCLUDED,industry validation/eligibility failed
1499849,CIK0001499849,LND,BrasilAgro - Brazilian Agricultural Real Estate Co,NoDur,"Consumer Nondurables -- Food, Tobacco, Textiles, Apparel, Leather, Toys",1008,15,0,15,0.01488095238095238,34,17,1,2,32,0.0,1.0,2018-02-05,2019-11-06,LOW,NOT_VALIDATED,,False,EXCLUDED,industry validation/eligibility failed
1075124,CIK0001075124,TRI,THOMSON REUTERS CORP /CAN/,NoDur,"Consumer Nondurables -- Food, Tobacco, Textiles, Apparel, Leather, Toys",1008,19,0,19,0.018849206349206348,44,23,0,44,0,0.0,1.0,2018-01-30,2021-12-08,LOW,INDUSTRY_STABLE,NoDur,True,EXCLUDED,not highest deterministic priority within tier
838875,CIK0000838875,WVVI,WILLAMETTE VALLEY VINEYARDS INC,NoDur,"Consumer Nondurables -- Food, Tobacco, Textiles, Apparel, Leather, Toys",1008,20,0,20,0.01984126984126984,35,20,2,17,18,0.0,1.0,2018-01-17,2021-11-30,LOW,INDUSTRY_STABLE,NoDur,True,SELECTED,deterministic industry/tier rule
819793,CIK0000819793,AIN,ALBANY INTERNATIONAL CORP /DE/,NoDur,"Consumer Nondurables -- Food, Tobacco, Textiles, Apparel, Leather, Toys",1008,28,0,28,0.027777777777777776,41,32,1,23,18,0.0,1.0,2018-02-06,2021-12-24,LOW,INDUSTRY_STABLE,NoDur,True,SELECTED,deterministic industry/tier rule
1603978,CIK0001603978,AQB,AQUABOUNTY TECHNOLOGIES INC,NoDur,"Consumer Nondurables -- Food, Tobacco, Textiles, Apparel, Leather, Toys",1008,28,0,28,0.027777777777777776,146,52,6,112,34,0.0,1.0,2018-01-12,2021-11-19,LOW,NOT_VALIDATED,,False,EXCLUDED,industry validation/eligibility failed
1499505,CIK0001499505,AGRO,Adecoagro S.A.,NoDur,"Consumer Nondurables -- Food, Tobacco, Textiles, Apparel, Leather, Toys",1008,33,0,33,0.03273809523809524,80,39,4,48,32,0.0,1.0,2018-03-19,2021-12-11,LOW,NOT_VALIDATED,,False,EXCLUDED,industry validation/eligibility failed
1996862,CIK0001996862,BG,Bunge Global SA,NoDur,"Consumer Nondurables -- Food, Tobacco, Textiles, Apparel, Leather, Toys",1008,37,0,37,0.03670634920634921,58,38,0,58,0,0.0,1.0,2018-01-22,2021-12-17,LOW,INDUSTRY_UNRESOLVED,UNRESOLVED,False,EXCLUDED,industry validation/eligibility failed
25895,CIK0000025895,CRWS,CROWN CRAFTS INC,NoDur,"Consumer Nondurables -- Food, Tobacco, Textiles, Apparel, Leather, Toys",1008,52,2,50,0.051587301587301584,217,85,6,69,148,0.04608294930875576,0.9539170506912442,2018-02-08,2021-12-04,LOW,NOT_VALIDATED,,False,EXCLUDED,industry validation/eligibility failed
3545,CIK0000003545,ALCO,"ALICO, INC.",NoDur,"Consumer Nondurables -- Food, Tobacco, Textiles, Apparel, Leather, Toys",1008,62,5,57,0.061507936507936505,171,75,8,69,102,0.05847953216374269,0.9415204678362573,2018-02-06,2021-12-14,LOW,INDUSTRY_STABLE,NoDur,True,EXCLUDED,not highest deterministic priority within tier
1687932,CIK0001687932,JILL,"J.Jill, Inc.",NoDur,"Consumer Nondurables -- Food, Tobacco, Textiles, Apparel, Leather, Toys",1008,68,0,68,0.06746031746031746,533,103,4,467,66,0.0,1.0,2018-02-07,2021-12-13,LOW,NOT_VALIDATED,,False,EXCLUDED,industry validation/eligibility failed
1009829,CIK0001009829,JAKK,JAKKS PACIFIC INC,NoDur,"Consumer Nondurables -- Food, Tobacco, Textiles, Apparel, Leather, Toys",1008,85,3,82,0.08432539682539683,436,138,11,134,302,0.013761467889908258,0.9862385321100917,2018-01-18,2020-11-03,LOW,NOT_VALIDATED,,False,EXCLUDED,industry validation/eligibility failed
802481,CIK0000802481,PPC,PILGRIMS PRIDE CORP,NoDur,"Consumer Nondurables -- Food, Tobacco, Textiles, Apparel, Leather, Toys",1008,87,2,86,0.08630952380952381,198,108,9,124,74,0.04040404040404041,0.9595959595959596,2018-01-02,2021-11-12,LOW,INDUSTRY_STABLE,NoDur,True,EXCLUDED,not highest deterministic priority within tier
1672013,CIK0001672013,GOLF,Acushnet Holdings Corp.,NoDur,"Consumer Nondurables -- Food, Tobacco, Textiles, Apparel, Leather, Toys",1008,87,0,87,0.08630952380952381,232,100,4,158,74,0.0,1.0,2018-01-05,2021-12-26,MEDIUM,INDUSTRY_STABLE,NoDur,True,EXCLUDED,not highest deterministic priority within tier
1565025,CIK0001565025,ABEV,AMBEV S.A.,NoDur,"Consumer Nondurables -- Food, Tobacco, Textiles, Apparel, Leather, Toys",1008,96,0,96,0.09523809523809523,387,104,4,369,18,0.0,1.0,2018-01-04,2021-12-22,MEDIUM,INDUSTRY_STABLE,NoDur,True,EXCLUDED,not highest deterministic priority within tier
1650107,CIK0001650107,CCEP,COCA-COLA EUROPACIFIC PARTNERS plc,NoDur,"Consumer Nondurables -- Food, Tobacco, Textiles, Apparel, Leather, Toys",1008,97,0,97,0.09623015873015874,246,122,8,160,86,0.0,1.0,2018-01-07,2021-11-09,MEDIUM,NOT_VALIDATED,,False,EXCLUDED,industry validation/eligibility failed
1651717,CIK0001651717,NOMD,Nomad Foods Ltd,NoDur,"Consumer Nondurables -- Food, Tobacco, Textiles, Apparel, Leather, Toys",1008,99,0,99,0.09821428571428571,319,130,3,243,76,0.0,1.0,2018-01-05,2021-12-10,MEDIUM,NOT_VALIDATED,,False,EXCLUDED,industry validation/eligibility failed
16160,CIK0000016160,CALM,CAL-MAINE FOODS INC,NoDur,"Consumer Nondurables -- Food, Tobacco, Textiles, Apparel, Leather, Toys",1008,114,4,112,0.1130952380952381,475,210,14,247,228,0.02526315789473684,0.9747368421052631,2018-01-02,2021-12-29,MEDIUM,INDUSTRY_STABLE,NoDur,True,SELECTED,deterministic industry/tier rule
938323,CIK0000938323,PSO,PEARSON PLC,NoDur,"Consumer Nondurables -- Food, Tobacco, Textiles, Apparel, Leather, Toys",1008,119,1,118,0.11805555555555555,282,176,7,170,112,0.0070921985815602835,0.9929078014184397,2018-01-15,2021-12-28,MEDIUM,NOT_VALIDATED,,False,EXCLUDED,industry validation/eligibility failed
712034,CIK0000712034,ACCO,ACCO BRANDS Corp,NoDur,"Consumer Nondurables -- Food, Tobacco, Textiles, Apparel, Leather, Toys",1008,120,3,120,0.11904761904761904,459,215,7,229,230,0.017429193899782137,0.9825708061002179,2018-01-18,2021-12-24,MEDIUM,NOT_VALIDATED,,False,EXCLUDED,industry validation/eligibility failed
1061894,CIK0001061894,GIL,Gildan Activewear Inc.,NoDur,"Consumer Nondurables -- Food, Tobacco, Textiles, Apparel, Leather, Toys",1008,121,2,120,0.12003968253968254,575,219,14,257,318,0.006956521739130435,0.9930434782608696,2018-01-11,2021-11-19,MEDIUM,NOT_VALIDATED,,False,EXCLUDED,industry validation/eligibility failed
1530950,CIK0001530950,POST,"Post Holdings, Inc.",NoDur,"Consumer Nondurables -- Food, Tobacco, Textiles, Apparel, Leather, Toys",1008,123,0,123,0.12202380952380952,313,148,5,229,84,0.0,1.0,2018-01-05,2021-12-17,MEDIUM,NOT_VALIDATED,,False,EXCLUDED,industry validation/eligibility failed
1495320,CIK0001495320,VRA,"Vera Bradley, Inc.",NoDur,"Consumer Nondurables -- Food, Tobacco, Textiles, Apparel, Leather, Toys",1008,126,4,123,0.125,605,261,12,303,302,0.019834710743801654,0.9801652892561984,2018-01-03,2021-12-30,MEDIUM,INDUSTRY_STABLE,NoDur,True,SELECTED,deterministic industry/tier rule
895456,CIK0000895456,RCKY,"ROCKY BRANDS, INC.",NoDur,"Consumer Nondurables -- Food, Tobacco, Textiles, Apparel, Leather, Toys",1008,132,5,127,0.13095238095238096,606,200,8,290,316,0.019801980198019802,0.9801980198019802,2018-01-09,2021-11-30,MEDIUM,NOT_VALIDATED,,False,EXCLUDED,industry validation/eligibility failed
1347858,CIK0001347858,XXII,"22nd Century Group, Inc.",NoDur,"Consumer Nondurables -- Food, Tobacco, Textiles, Apparel, Leather, Toys",1008,132,6,127,0.13095238095238096,418,191,11,194,224,0.028708133971291867,0.9712918660287081,2018-01-08,2021-12-29,MEDIUM,INDUSTRY_STABLE,NoDur,True,EXCLUDED,not highest deterministic priority within tier
1290677,CIK0001290677,TPB,"Turning Point Brands, Inc.",NoDur,"Consumer Nondurables -- Food, Tobacco, Textiles, Apparel, Leather, Toys",1008,149,0,149,0.14781746031746032,454,186,3,412,42,0.0,1.0,2018-01-04,2021-12-30,MEDIUM,INDUSTRY_STABLE,NoDur,True,EXCLUDED,not highest deterministic priority within tier
1046257,CIK0001046257,INGR,Ingredion Inc,NoDur,"Consumer Nondurables -- Food, Tobacco, Textiles, Apparel, Leather, Toys",1008,153,5,148,0.15178571428571427,523,234,13,189,334,0.022944550669216062,0.9770554493307839,2018-01-25,2021-12-30,MEDIUM,NOT_VALIDATED,,False,EXCLUDED,industry validation/eligibility failed
1341766,CIK0001341766,CELH,"Celsius Holdings, Inc.",NoDur,"Consumer Nondurables -- Food, Tobacco, Textiles, Apparel, Leather, Toys",1008,155,0,155,0.15376984126984128,484,226,3,452,32,0.0,1.0,2018-01-11,2021-12-23,MEDIUM,NOT_VALIDATED,,False,EXCLUDED,industry validation/eligibility failed
1611647,CIK0001611647,FRPT,"Freshpet, Inc.",NoDur,"Consumer Nondurables -- Food, Tobacco, Textiles, Apparel, Leather, Toys",1008,156,5,152,0.15476190476190477,452,231,10,174,278,0.02654867256637168,0.9734513274336283,2018-01-10,2021-12-17,HIGH,NOT_VALIDATED,,False,EXCLUDED,industry validation/eligibility failed
916540,CIK0000916540,DAR,DARLING INGREDIENTS INC.,NoDur,"Consumer Nondurables -- Food, Tobacco, Textiles, Apparel, Leather, Toys",1008,160,4,157,0.15873015873015872,571,230,13,221,350,0.014010507880910683,0.9859894921190894,2018-01-12,2021-12-28,HIGH,NOT_VALIDATED,,False,EXCLUDED,industry validation/eligibility failed
1704711,CIK0001704711,FNKO,"Funko, Inc.",NoDur,"Consumer Nondurables -- Food, Tobacco, Textiles, Apparel, Leather, Toys",1008,161,0,161,0.1597222222222222,622,228,11,318,304,0.0,1.0,2018-01-11,2021-12-21,HIGH,NOT_VALIDATED,,False,EXCLUDED,industry validation/eligibility failed
1679273,CIK0001679273,LW,"Lamb Weston Holdings, Inc.",NoDur,"Consumer Nondurables -- Food, Tobacco, Textiles, Apparel, Leather, Toys",1008,182,1,182,0.18055555555555555,729,265,9,449,280,0.00823045267489712,0.9917695473251029,2018-01-03,2021-12-20,HIGH,INDUSTRY_STABLE,NoDur,True,EXCLUDED,not highest deterministic priority within tier
1564708,CIK0001564708,NWS,NEWS CORP,NoDur,"Consumer Nondurables -- Food, Tobacco, Textiles, Apparel, Leather, Toys",1008,187,2,186,0.18551587301587302,616,299,10,362,254,0.012987012987012988,0.987012987012987,2018-01-25,2021-12-27,HIGH,NOT_VALIDATED,,False,EXCLUDED,industry validation/eligibility failed
910406,CIK0000910406,HAIN,HAIN CELESTIAL GROUP INC,NoDur,"Consumer Nondurables -- Food, Tobacco, Textiles, Apparel, Leather, Toys",1008,198,2,197,0.19642857142857142,912,366,17,366,546,0.008771929824561403,0.9912280701754386,2018-01-03,2021-12-04,HIGH,NOT_VALIDATED,,False,EXCLUDED,industry validation/eligibility failed
1278027,CIK0001278027,BGS,"B&G Foods, Inc.",NoDur,"Consumer Nondurables -- Food, Tobacco, Textiles, Apparel, Leather, Toys",1008,213,0,213,0.2113095238095238,696,285,5,494,202,0.0,1.0,2018-01-08,2021-12-29,HIGH,INDUSTRY_STABLE,NoDur,True,SELECTED,deterministic industry/tier rule
1303523,CIK0001303523,BTI,British American Tobacco p.l.c.,NoDur,"Consumer Nondurables -- Food, Tobacco, Textiles, Apparel, Leather, Toys",1008,240,0,240,0.23809523809523808,706,299,2,694,12,0.0,1.0,2018-01-03,2021-12-21,HIGH,INDUSTRY_STABLE,NoDur,True,EXCLUDED,not highest deterministic priority within tier
1060822,CIK0001060822,CRI,CARTERS INC,NoDur,"Consumer Nondurables -- Food, Tobacco, Textiles, Apparel, Leather, Toys",1008,293,5,289,0.2906746031746032,876,415,10,642,234,0.0136986301369863,0.9863013698630136,2018-01-03,2021-12-20,HIGH,NOT_VALIDATED,,False,EXCLUDED,industry validation/eligibility failed
1530721,CIK0001530721,CPRI,Capri Holdings Ltd,NoDur,"Consumer Nondurables -- Food, Tobacco, Textiles, Apparel, Leather, Toys",1008,301,2,299,0.2986111111111111,1664,632,20,872,792,0.004807692307692308,0.9951923076923077,2018-01-01,2021-12-12,HIGH,NOT_VALIDATED,,False,EXCLUDED,industry validation/eligibility failed
1050797,CIK0001050797,COLM,COLUMBIA SPORTSWEAR CO,NoDur,"Consumer Nondurables -- Food, Tobacco, Textiles, Apparel, Leather, Toys",1008,306,5,303,0.30357142857142855,1401,553,13,707,694,0.008565310492505354,0.9914346895074947,2018-01-02,2021-12-20,HIGH,INDUSTRY_STABLE,NoDur,True,EXCLUDED,not highest deterministic priority within tier
1116132,CIK0001116132,TPR,"TAPESTRY, INC.",NoDur,"Consumer Nondurables -- Food, Tobacco, Textiles, Apparel, Leather, Toys",1008,337,2,335,0.3343253968253968,1431,564,10,1113,318,0.002795248078266946,0.9972047519217331,2018-01-03,2021-12-16,HIGH,NOT_VALIDATED,,False,EXCLUDED,industry validation/eligibility failed
1037038,CIK0001037038,RL,RALPH LAUREN CORP,NoDur,"Consumer Nondurables -- Food, Tobacco, Textiles, Apparel, Leather, Toys",1008,361,2,361,0.35813492063492064,2068,828,24,1138,930,0.007736943907156673,0.9922630560928434,2018-01-03,2021-12-21,HIGH,INDUSTRY_STABLE,NoDur,True,EXCLUDED,not highest deterministic priority within tier
1668717,CIK0001668717,BUD,Anheuser-Busch InBev SA/NV,NoDur,"Consumer Nondurables -- Food, Tobacco, Textiles, Apparel, Leather, Toys",1008,376,0,376,0.373015873015873,1145,533,2,963,182,0.0,1.0,2018-01-07,2021-12-21,HIGH,NOT_VALIDATED,,False,EXCLUDED,industry validation/eligibility failed
1637459,CIK0001637459,KHC,Kraft Heinz Co,NoDur,"Consumer Nondurables -- Food, Tobacco, Textiles, Apparel, Leather, Toys",1008,543,2,543,0.5386904761904762,3343,1164,20,2445,898,0.0011965300628178283,0.9988034699371822,2018-01-02,2021-12-31,HIGH,INDUSTRY_STABLE,NoDur,True,SELECTED,deterministic industry/tier rule
1221029,CIK0001221029,CPAC,CEMENTOS PACASMAYO SAA,Manuf,"Manufacturing -- Machinery, Trucks, Planes, Off Furn, Paper, Com Printing",1008,3,0,3,0.002976190476190476,6,3,2,2,4,0.0,1.0,2018-02-13,2019-10-25,LOW,NOT_VALIDATED,,False,EXCLUDED,industry validation/eligibility failed
732026,CIK0000732026,TRT,TRIO-TECH INTERNATIONAL,Manuf,"Manufacturing -- Machinery, Trucks, Planes, Off Furn, Paper, Com Printing",1008,5,2,3,0.00496031746031746,21,6,1,17,4,0.19047619047619047,0.8095238095238095,2019-09-23,2021-12-22,LOW,NOT_VALIDATED,,False,EXCLUDED,industry validation/eligibility failed
1711375,CIK0001711375,LOMA,Loma Negra Compania Industrial Argentina Sociedad Anonima,Manuf,"Manufacturing -- Machinery, Trucks, Planes, Off Furn, Paper, Com Printing",1008,6,0,6,0.005952380952380952,11,6,0,11,0,0.0,1.0,2018-02-12,2021-04-21,LOW,NOT_VALIDATED,,False,EXCLUDED,industry validation/eligibility failed
814676,CIK0000814676,CPSH,CPS TECHNOLOGIES CORP/DE/,Manuf,"Manufacturing -- Machinery, Trucks, Planes, Off Furn, Paper, Com Printing",1008,8,0,8,0.007936507936507936,12,8,0,12,0,0.0,1.0,2021-02-04,2021-11-18,LOW,NOT_VALIDATED,,False,EXCLUDED,industry validation/eligibility failed
1687451,CIK0001687451,ZKIN,"ZK International Group Co., Ltd.",Manuf,"Manufacturing -- Machinery, Trucks, Planes, Off Furn, Paper, Com Printing",1008,8,0,8,0.007936507936507936,40,12,0,40,0,0.0,1.0,2019-02-04,2021-09-21,LOW,NOT_VALIDATED,,False,EXCLUDED,industry validation/eligibility failed
889331,CIK0000889331,LFUS,LITTELFUSE INC /DE,Manuf,"Manufacturing -- Machinery, Trucks, Planes, Off Furn, Paper, Com Printing",1008,9,0,9,0.008928571428571428,18,9,0,18,0,0.0,1.0,2018-06-13,2021-09-16,LOW,NOT_VALIDATED,,False,EXCLUDED,industry validation/eligibility failed
1687277,CIK0001687277,RETO,"ReTo Eco-Solutions, Inc.",Manuf,"Manufacturing -- Machinery, Trucks, Planes, Off Furn, Paper, Com Printing",1008,11,0,11,0.010912698412698412,69,13,0,69,0,0.0,1.0,2018-02-05,2021-11-16,LOW,NOT_VALIDATED,,False,EXCLUDED,industry validation/eligibility failed
771999,CIK0000771999,DSS,"DSS, INC.",Manuf,"Manufacturing -- Machinery, Trucks, Planes, Off Furn, Paper, Com Printing",1008,12,0,12,0.011904761904761904,67,22,1,65,2,0.0,1.0,2018-01-04,2021-09-08,LOW,NOT_VALIDATED,,False,EXCLUDED,industry validation/eligibility failed
918541,CIK0000918541,NNBR,NN INC,Manuf,"Manufacturing -- Machinery, Trucks, Planes, Off Furn, Paper, Com Printing",1008,13,0,13,0.012896825396825396,15,14,0,15,0,0.0,1.0,2018-06-07,2021-12-24,LOW,NOT_VALIDATED,,False,EXCLUDED,industry validation/eligibility failed
1026655,CIK0001026655,CMT,CORE MOLDING TECHNOLOGIES INC,Manuf,"Manufacturing -- Machinery, Trucks, Planes, Off Furn, Paper, Com Printing",1008,13,0,13,0.012896825396825396,70,17,3,26,44,0.0,1.0,2018-03-15,2021-12-30,LOW,NOT_VALIDATED,,False,EXCLUDED,industry validation/eligibility failed
64472,CIK0000064472,GENC,GENCOR INDUSTRIES INC,Manuf,"Manufacturing -- Machinery, Trucks, Planes, Off Furn, Paper, Com Printing",1008,15,0,15,0.01488095238095238,28,15,0,28,0,0.0,1.0,2018-02-03,2021-12-19,LOW,NOT_VALIDATED,,False,EXCLUDED,industry validation/eligibility failed
946936,CIK0000946936,DSWL,DESWELL INDUSTRIES INC,Manuf,"Manufacturing -- Machinery, Trucks, Planes, Off Furn, Paper, Com Printing",1008,15,2,13,0.01488095238095238,29,17,2,7,22,0.13793103448275862,0.8620689655172413,2018-06-12,2021-11-28,LOW,NOT_VALIDATED,,False,EXCLUDED,industry validation/eligibility failed
30305,CIK0000030305,DCO,DUCOMMUN INC /DE/,Manuf,"Manufacturing -- Machinery, Trucks, Planes, Off Furn, Paper, Com Printing",1008,16,0,16,0.015873015873015872,16,16,0,16,0,0.0,1.0,2019-03-01,2021-12-27,LOW,NOT_VALIDATED,,False,EXCLUDED,industry validation/eligibility failed
1026980,CIK0001026980,APWC,ASIA PACIFIC WIRE & CABLE CORP LTD,Manuf,"Manufacturing -- Machinery, Trucks, Planes, Off Furn, Paper, Com Printing",1008,16,2,14,0.015873015873015872,57,20,4,23,34,0.07017543859649122,0.9298245614035088,2018-05-04,2021-11-17,LOW,NOT_VALIDATED,,False,EXCLUDED,industry validation/eligibility failed
1630805,CIK0001630805,BW,"Babcock & Wilcox Enterprises, Inc.",Manuf,"Manufacturing -- Machinery, Trucks, Planes, Off Furn, Paper, Com Printing",1008,25,0,25,0.0248015873015873,107,36,1,91,16,0.0,1.0,2018-02-02,2021-11-22,LOW,NOT_VALIDATED,,False,EXCLUDED,industry validation/eligibility failed
812074,CIK0000812074,OI,"O-I Glass, Inc. /DE/",Manuf,"Manufacturing -- Machinery, Trucks, Planes, Off Furn, Paper, Com Printing",1008,28,0,28,0.027777777777777776,44,34,0,44,0,0.0,1.0,2018-05-29,2021-12-28,LOW,NOT_VALIDATED,,False,EXCLUDED,industry validation/eligibility failed
880807,CIK0000880807,AMSC,AMERICAN SUPERCONDUCTOR CORP /DE/,Manuf,"Manufacturing -- Machinery, Trucks, Planes, Off Furn, Paper, Com Printing",1008,28,0,28,0.027777777777777776,64,33,0,64,0,0.0,1.0,2018-04-06,2021-11-21,LOW,NOT_VALIDATED,,False,EXCLUDED,industry validation/eligibility failed
1159152,CIK0001159152,JHX,James Hardie Industries plc,Manuf,"Manufacturing -- Machinery, Trucks, Planes, Off Furn, Paper, Com Printing",1008,29,1,28,0.028769841269841268,70,39,5,18,52,0.02857142857142857,0.9714285714285714,2018-02-01,2021-11-29,LOW,NOT_VALIDATED,,False,EXCLUDED,industry validation/eligibility failed
1307579,CIK0001307579,LIQT,LIQTECH INTERNATIONAL INC,Manuf,"Manufacturing -- Machinery, Trucks, Planes, Off Furn, Paper, Com Printing",1008,30,4,26,0.02976190476190476,167,50,8,25,142,0.0718562874251497,0.9281437125748503,2018-03-21,2021-12-23,LOW,NOT_VALIDATED,,False,EXCLUDED,industry validation/eligibility failed
875582,CIK0000875582,NTIC,NORTHERN TECHNOLOGIES INTERNATIONAL CORP,Manuf,"Manufacturing -- Machinery, Trucks, Planes, Off Furn, Paper, Com Printing",1008,34,0,34,0.03373015873015873,83,43,4,49,34,0.0,1.0,2018-01-11,2021-12-28,LOW,INDUSTRY_STABLE,Manuf,True,SELECTED,deterministic industry/tier rule
880266,CIK0000880266,AGCO,AGCO CORP /DE,Manuf,"Manufacturing -- Machinery, Trucks, Planes, Off Furn, Paper, Com Printing",1008,34,0,34,0.03373015873015873,55,37,0,55,0,0.0,1.0,2018-12-05,2021-12-21,LOW,NOT_VALIDATED,,False,EXCLUDED,industry validation/eligibility failed
1076378,CIK0001076378,CX,CEMEX SAB DE CV,Manuf,"Manufacturing -- Machinery, Trucks, Planes, Off Furn, Paper, Com Printing",1008,35,0,35,0.034722222222222224,78,37,3,58,20,0.0,1.0,2018-01-22,2021-11-08,LOW,NOT_VALIDATED,,False,EXCLUDED,industry validation/eligibility failed
1537435,CIK0001537435,TGEN,TECOGEN INC.,Manuf,"Manufacturing -- Machinery, Trucks, Planes, Off Furn, Paper, Com Printing",1008,35,10,25,0.034722222222222224,140,63,9,16,124,0.14285714285714285,0.8571428571428571,2018-01-23,2020-05-19,LOW,NOT_VALIDATED,,False,EXCLUDED,industry validation/eligibility failed
1190723,CIK0001190723,TS,TENARIS SA,Manuf,"Manufacturing -- Machinery, Trucks, Planes, Off Furn, Paper, Com Printing",1008,37,0,37,0.03670634920634921,62,39,3,56,6,0.0,1.0,2018-03-22,2021-11-30,LOW,NOT_VALIDATED,,False,EXCLUDED,industry validation/eligibility failed
1625791,CIK0001625791,KRNT,Kornit Digital Ltd.,Manuf,"Manufacturing -- Machinery, Trucks, Planes, Off Furn, Paper, Com Printing",1008,38,0,38,0.037698412698412696,162,47,2,132,30,0.0,1.0,2018-04-23,2021-12-29,LOW,NOT_VALIDATED,,False,EXCLUDED,industry validation/eligibility failed
932695,CIK0000932695,CYD,CHINA YUCHAI INTERNATIONAL LTD,Manuf,"Manufacturing -- Machinery, Trucks, Planes, Off Furn, Paper, Com Printing",1008,39,0,39,0.03869047619047619,115,55,5,47,68,0.0,1.0,2018-01-02,2021-12-31,LOW,INDUSTRY_STABLE,Manuf,True,SELECTED,deterministic industry/tier rule
1621832,CIK0001621832,AQMS,"Aqua Metals, Inc.",Manuf,"Manufacturing -- Machinery, Trucks, Planes, Off Furn, Paper, Com Printing",1008,40,0,40,0.03968253968253968,220,46,4,98,122,0.0,1.0,2018-04-19,2021-10-04,LOW,NOT_VALIDATED,,False,EXCLUDED,industry validation/eligibility failed
899751,CIK0000899751,TWI,TITAN INTERNATIONAL INC,Manuf,"Manufacturing -- Machinery, Trucks, Planes, Off Furn, Paper, Com Printing",1008,47,1,46,0.04662698412698413,158,56,4,88,70,0.012658227848101266,0.9873417721518988,2018-03-14,2021-12-28,LOW,NOT_VALIDATED,,False,EXCLUDED,industry validation/eligibility failed
1486957,CIK0001486957,BWXT,"BWX Technologies, Inc.",Manuf,"Manufacturing -- Machinery, Trucks, Planes, Off Furn, Paper, Com Printing",1008,55,0,55,0.054563492063492064,210,69,4,156,54,0.0,1.0,2018-02-02,2021-12-22,LOW,INDUSTRY_STABLE,Manuf,True,EXCLUDED,not highest deterministic priority within tier
103145,CIK0000103145,VECO,VEECO INSTRUMENTS INC,Manuf,"Manufacturing -- Machinery, Trucks, Planes, Off Furn, Paper, Com Printing",1008,56,3,53,0.05555555555555555,152,84,10,72,80,0.05263157894736842,0.9473684210526315,2018-02-08,2021-12-17,LOW,NOT_VALIDATED,,False,EXCLUDED,industry validation/eligibility failed
846913,CIK0000846913,FTEK,"FUEL TECH, INC.",Manuf,"Manufacturing -- Machinery, Trucks, Planes, Off Furn, Paper, Com Printing",1008,59,2,57,0.05853174603174603,473,98,11,221,252,0.008456659619450317,0.9915433403805497,2018-01-02,2021-12-03,LOW,INDUSTRY_STABLE,Manuf,True,EXCLUDED,not highest deterministic priority within tier
874396,CIK0000874396,LCUT,"LIFETIME BRANDS, INC",Manuf,"Manufacturing -- Machinery, Trucks, Planes, Off Furn, Paper, Com Printing",1008,60,3,57,0.05952380952380952,207,100,10,45,162,0.04830917874396135,0.9516908212560387,2018-01-30,2021-12-18,LOW,INDUSTRY_STABLE,Manuf,True,EXCLUDED,not highest deterministic priority within tier
1317945,CIK0001317945,OFLX,"Omega Flex, Inc.",Manuf,"Manufacturing -- Machinery, Trucks, Planes, Off Furn, Paper, Com Printing",1008,61,5,56,0.060515873015873016,143,76,5,63,80,0.06993006993006994,0.9300699300699301,2018-02-08,2021-12-17,LOW,NOT_VALIDATED,,False,EXCLUDED,industry validation/eligibility failed
1680062,CIK0001680062,ACMR,"ACM Research, Inc.",Manuf,"Manufacturing -- Machinery, Trucks, Planes, Off Furn, Paper, Com Printing",1008,62,1,61,0.061507936507936505,144,72,4,114,30,0.013888888888888888,0.9861111111111112,2018-01-23,2021-12-29,LOW,INDUSTRY_STABLE,Manuf,True,EXCLUDED,not highest deterministic priority within tier
824142,CIK0000824142,AAON,"AAON, INC.",Manuf,"Manufacturing -- Machinery, Trucks, Planes, Off Furn, Paper, Com Printing",1008,71,0,71,0.07043650793650794,152,78,4,94,58,0.0,1.0,2018-02-08,2021-11-26,LOW,NOT_VALIDATED,,False,EXCLUDED,industry validation/eligibility failed
1534675,CIK0001534675,TGLS,Tecnoglass Holdings Inc.,Manuf,"Manufacturing -- Machinery, Trucks, Planes, Off Furn, Paper, Com Printing",1008,75,0,75,0.0744047619047619,198,100,4,130,68,0.0,1.0,2018-01-02,2021-12-29,MEDIUM,INDUSTRY_STABLE,Manuf,True,SELECTED,deterministic industry/tier rule
886346,CIK0000886346,KAI,KADANT INC,Manuf,"Manufacturing -- Machinery, Trucks, Planes, Off Furn, Paper, Com Printing",1008,78,4,74,0.07738095238095238,303,129,10,29,274,0.039603960396039604,0.9603960396039604,2018-01-09,2021-08-06,MEDIUM,NOT_VALIDATED,,False,EXCLUDED,industry validation/eligibility failed
1401257,CIK0001401257,FET,"FORUM ENERGY TECHNOLOGIES, INC.",Manuf,"Manufacturing -- Machinery, Trucks, Planes, Off Furn, Paper, Com Printing",1008,80,0,80,0.07936507936507936,346,116,10,118,228,0.0,1.0,2018-01-03,2021-12-06,MEDIUM,NOT_VALIDATED,,False,EXCLUDED,industry validation/eligibility failed
1001385,CIK0001001385,NWPX,"NWPX Infrastructure, Inc.",Manuf,"Manufacturing -- Machinery, Trucks, Planes, Off Furn, Paper, Com Printing",1008,81,3,79,0.08035714285714286,248,113,9,82,166,0.024193548387096774,0.9758064516129032,2018-02-28,2021-12-27,MEDIUM,NOT_VALIDATED,,False,EXCLUDED,industry validation/eligibility failed
1342874,CIK0001342874,TX,Ternium S.A.,Manuf,"Manufacturing -- Machinery, Trucks, Planes, Off Furn, Paper, Com Printing",1008,86,0,86,0.08531746031746032,200,104,4,140,60,0.0,1.0,2018-01-03,2021-11-11,MEDIUM,NOT_VALIDATED,,False,EXCLUDED,industry validation/eligibility failed
1073404,CIK0001073404,GGB,GERDAU S.A.,Manuf,"Manufacturing -- Machinery, Trucks, Planes, Off Furn, Paper, Com Printing",1008,96,0,96,0.09523809523809523,299,113,4,229,70,0.0,1.0,2018-01-02,2021-11-24,MEDIUM,NOT_VALIDATED,,False,EXCLUDED,industry validation/eligibility failed
1262976,CIK0001262976,CMPR,CIMPRESS plc,Manuf,"Manufacturing -- Machinery, Trucks, Planes, Off Furn, Paper, Com Printing",1008,96,0,96,0.09523809523809523,306,123,5,188,118,0.0,1.0,2018-01-16,2021-12-10,MEDIUM,NOT_VALIDATED,,False,EXCLUDED,industry validation/eligibility failed
1441236,CIK0001441236,CLW,Clearwater Paper Corp,Manuf,"Manufacturing -- Machinery, Trucks, Planes, Off Furn, Paper, Com Printing",1008,96,3,94,0.09523809523809523,511,166,13,281,230,0.019569471624266144,0.9804305283757339,2018-02-05,2021-12-12,MEDIUM,NOT_VALIDATED,,False,EXCLUDED,industry validation/eligibility failed
1481792,CIK0001481792,QUAD,"Quad/Graphics, Inc.",Manuf,"Manufacturing -- Machinery, Trucks, Planes, Off Furn, Paper, Com Printing",1008,96,4,94,0.09523809523809523,346,177,10,118,228,0.028901734104046242,0.9710982658959537,2018-01-11,2021-11-03,MEDIUM,NOT_VALIDATED,,False,EXCLUDED,industry validation/eligibility failed
1421517,CIK0001421517,ERII,"Energy Recovery, Inc.",Manuf,"Manufacturing -- Machinery, Trucks, Planes, Off Furn, Paper, Com Printing",1008,98,8,91,0.09722222222222222,415,150,11,159,256,0.03855421686746988,0.9614457831325302,2018-02-14,2021-12-26,MEDIUM,NOT_VALIDATED,,False,EXCLUDED,industry validation/eligibility failed
1287213,CIK0001287213,PLOW,"DOUGLAS DYNAMICS, INC",Manuf,"Manufacturing -- Machinery, Trucks, Planes, Off Furn, Paper, Com Printing",1008,99,6,94,0.09821428571428571,286,138,8,80,206,0.04195804195804196,0.958041958041958,2018-02-26,2021-12-17,MEDIUM,NOT_VALIDATED,,False,EXCLUDED,industry validation/eligibility failed
811596,CIK0000811596,KALU,KAISER ALUMINUM CORP,Manuf,"Manufacturing -- Machinery, Trucks, Planes, Off Furn, Paper, Com Printing",1008,104,2,102,0.10317460317460317,347,156,13,47,300,0.023054755043227664,0.9769452449567724,2018-01-16,2021-10-22,MEDIUM,NOT_VALIDATED,,False,EXCLUDED,industry validation/eligibility failed
842633,CIK0000842633,TRS,TRIMAS CORP,Manuf,"Manufacturing -- Machinery, Trucks, Planes, Off Furn, Paper, Com Printing",1008,104,3,101,0.10317460317460317,450,170,8,104,346,0.017777777777777778,0.9822222222222222,2018-01-08,2021-12-07,MEDIUM,NOT_VALIDATED,,False,EXCLUDED,industry validation/eligibility failed
1113232,CIK0001113232,ACLS,AXCELIS TECHNOLOGIES INC,Manuf,"Manufacturing -- Machinery, Trucks, Planes, Off Furn, Paper, Com Printing",1008,105,5,102,0.10416666666666667,390,162,11,174,216,0.02564102564102564,0.9743589743589743,2018-01-22,2021-12-27,MEDIUM,NOT_VALIDATED,,False,EXCLUDED,industry validation/eligibility failed
795403,CIK0000795403,WTS,WATTS WATER TECHNOLOGIES INC,Manuf,"Manufacturing -- Machinery, Trucks, Planes, Off Furn, Paper, Com Printing",1008,108,5,105,0.10714285714285714,293,147,10,145,148,0.034129692832764506,0.9658703071672355,2018-01-23,2021-12-28,MEDIUM,NOT_VALIDATED,,False,EXCLUDED,industry validation/eligibility failed
879526,CIK0000879526,WNC,WABASH NATIONAL Corp,Manuf,"Manufacturing -- Machinery, Trucks, Planes, Off Furn, Paper, Com Printing",1008,109,4,106,0.10813492063492064,328,179,12,124,204,0.03048780487804878,0.9695121951219512,2018-01-02,2021-12-14,MEDIUM,NOT_VALIDATED,,False,EXCLUDED,industry validation/eligibility failed
6955,CIK0000006955,EPAC,ENERPAC TOOL GROUP CORP,Manuf,"Manufacturing -- Machinery, Trucks, Planes, Off Furn, Paper, Com Printing",1008,111,3,110,0.11011904761904762,554,202,10,226,328,0.021660649819494584,0.9783393501805054,2018-03-01,2021-12-22,MEDIUM,NOT_VALIDATED,,False,EXCLUDED,industry validation/eligibility failed
1604028,CIK0001604028,WMS,"ADVANCED DRAINAGE SYSTEMS, INC.",Manuf,"Manufacturing -- Machinery, Trucks, Planes, Off Furn, Paper, Com Printing",1008,111,9,106,0.11011904761904762,351,187,9,133,218,0.05698005698005698,0.9430199430199431,2018-01-25,2021-12-18,MEDIUM,NOT_VALIDATED,,False,EXCLUDED,industry validation/eligibility failed
1005229,CIK0001005229,CMCO,COLUMBUS MCKINNON CORP,Manuf,"Manufacturing -- Machinery, Trucks, Planes, Off Furn, Paper, Com Printing",1008,116,3,113,0.11507936507936507,446,185,11,202,244,0.026905829596412557,0.9730941704035875,2018-01-09,2021-12-10,MEDIUM,NOT_VALIDATED,,False,EXCLUDED,industry validation/eligibility failed
50725,CIK0000050725,GFF,GRIFFON CORP,Manuf,"Manufacturing -- Machinery, Trucks, Planes, Off Furn, Paper, Com Printing",1008,119,4,115,0.11805555555555555,502,196,12,274,228,0.01593625498007968,0.9840637450199203,2018-01-31,2021-12-29,MEDIUM,NOT_VALIDATED,,False,EXCLUDED,industry validation/eligibility failed
72573,CIK0000072573,MOV,MOVADO GROUP INC,Manuf,"Manufacturing -- Machinery, Trucks, Planes, Off Furn, Paper, Com Printing",1008,121,2,119,0.12003968253968254,763,283,12,359,404,0.010484927916120577,0.9895150720838795,2018-01-08,2021-12-26,MEDIUM,NOT_VALIDATED,,False,EXCLUDED,industry validation/eligibility failed
923120,CIK0000923120,GBX,GREENBRIER COMPANIES INC,Manuf,"Manufacturing -- Machinery, Trucks, Planes, Off Furn, Paper, Com Printing",1008,125,3,123,0.12400793650793651,360,196,9,222,138,0.016666666666666666,0.9833333333333333,2018-01-04,2021-12-31,MEDIUM,INDUSTRY_STABLE,Manuf,True,SELECTED,deterministic industry/tier rule
913142,CIK0000913142,BDC,BELDEN INC.,Manuf,"Manufacturing -- Machinery, Trucks, Planes, Off Furn, Paper, Com Printing",1008,129,5,126,0.12797619047619047,453,235,13,149,304,0.03532008830022075,0.9646799116997793,2018-01-16,2021-12-20,MEDIUM,NOT_VALIDATED,,False,EXCLUDED,industry validation/eligibility failed
1514705,CIK0001514705,SXC,"SunCoke Energy, Inc.",Manuf,"Manufacturing -- Machinery, Trucks, Planes, Off Furn, Paper, Com Printing",1008,130,4,127,0.12896825396825398,607,233,11,265,342,0.023064250411861616,0.9769357495881383,2018-01-09,2021-12-15,MEDIUM,NOT_VALIDATED,,False,EXCLUDED,industry validation/eligibility failed
1350593,CIK0001350593,MWA,"Mueller Water Products, Inc.",Manuf,"Manufacturing -- Machinery, Trucks, Planes, Off Furn, Paper, Com Printing",1008,131,4,128,0.12996031746031747,380,190,10,88,292,0.02631578947368421,0.9736842105263158,2018-01-10,2021-12-24,MEDIUM,NOT_VALIDATED,,False,EXCLUDED,industry validation/eligibility failed
1027664,CIK0001027664,ESLT,ELBIT SYSTEMS LTD,Manuf,"Manufacturing -- Machinery, Trucks, Planes, Off Furn, Paper, Com Printing",1008,132,7,126,0.13095238095238096,418,220,11,164,254,0.03827751196172249,0.9617224880382775,2018-01-18,2021-12-28,MEDIUM,NOT_VALIDATED,,False,EXCLUDED,industry validation/eligibility failed
6845,CIK0000006845,APOG,"APOGEE ENTERPRISES, INC.",Manuf,"Manufacturing -- Machinery, Trucks, Planes, Off Furn, Paper, Com Printing",1008,133,3,130,0.13194444444444445,549,227,13,321,228,0.01092896174863388,0.9890710382513661,2018-01-08,2021-12-28,MEDIUM,INDUSTRY_STABLE,Manuf,True,EXCLUDED,not highest deterministic priority within tier
1443669,CIK0001443669,PRLB,Proto Labs Inc,Manuf,"Manufacturing -- Machinery, Trucks, Planes, Off Furn, Paper, Com Printing",1008,135,2,133,0.13392857142857142,459,203,10,207,252,0.008714596949891068,0.9912854030501089,2018-01-18,2021-12-08,MEDIUM,NOT_VALIDATED,,False,EXCLUDED,industry validation/eligibility failed
1164863,CIK0001164863,NPO,Enpro Inc.,Manuf,"Manufacturing -- Machinery, Trucks, Planes, Off Furn, Paper, Com Printing",1008,137,3,134,0.1359126984126984,491,209,10,211,280,0.016293279022403257,0.9837067209775967,2018-01-08,2021-12-27,MEDIUM,NOT_VALIDATED,,False,EXCLUDED,industry validation/eligibility failed
31235,CIK0000031235,KODK,EASTMAN KODAK CO,Manuf,"Manufacturing -- Machinery, Trucks, Planes, Off Furn, Paper, Com Printing",1008,141,2,139,0.13988095238095238,1005,303,10,795,210,0.003980099502487562,0.9960199004975124,2018-01-05,2021-12-30,MEDIUM,INDUSTRY_STABLE,Manuf,True,EXCLUDED,not highest deterministic priority within tier
59527,CIK0000059527,LECO,LINCOLN ELECTRIC HOLDINGS INC,Manuf,"Manufacturing -- Machinery, Trucks, Planes, Off Furn, Paper, Com Printing",1008,142,4,139,0.14087301587301587,735,221,11,127,608,0.013605442176870748,0.9863945578231292,2018-01-04,2021-12-28,MEDIUM,INDUSTRY_STABLE,Manuf,True,EXCLUDED,not highest deterministic priority within tier
897077,CIK0000897077,ALG,ALAMO GROUP INC,Manuf,"Manufacturing -- Machinery, Trucks, Planes, Off Furn, Paper, Com Printing",1008,143,6,139,0.14186507936507936,377,189,10,181,196,0.03183023872679045,0.9681697612732095,2018-01-02,2021-12-27,MEDIUM,INDUSTRY_STABLE,Manuf,True,EXCLUDED,not highest deterministic priority within tier
1370416,CIK0001370416,WPRT,WESTPORT FUEL SYSTEMS INC.,Manuf,"Manufacturing -- Machinery, Trucks, Planes, Off Furn, Paper, Com Printing",1008,146,3,144,0.14484126984126985,646,224,8,254,392,0.01238390092879257,0.9876160990712074,2018-01-02,2021-11-30,MEDIUM,NOT_VALIDATED,,False,EXCLUDED,industry validation/eligibility failed
937966,CIK0000937966,ASML,ASML HOLDING NV,Manuf,"Manufacturing -- Machinery, Trucks, Planes, Off Furn, Paper, Com Printing",1008,147,0,147,0.14583333333333334,476,185,1,456,20,0.0,1.0,2018-01-17,2021-12-30,MEDIUM,NOT_VALIDATED,,False,EXCLUDED,industry validation/eligibility failed
896622,CIK0000896622,ATR,"APTARGROUP, INC.",Manuf,"Manufacturing -- Machinery, Trucks, Planes, Off Furn, Paper, Com Printing",1008,149,0,149,0.14781746031746032,447,190,2,289,158,0.0,1.0,2018-01-29,2021-12-27,HIGH,NOT_VALIDATED,,False,EXCLUDED,industry validation/eligibility failed
1597672,CIK0001597672,RYAM,RAYONIER ADVANCED MATERIALS INC.,Manuf,"Manufacturing -- Machinery, Trucks, Planes, Off Furn, Paper, Com Printing",1008,149,9,141,0.14781746031746032,652,218,10,352,300,0.03374233128834356,0.9662576687116564,2018-01-02,2021-12-20,HIGH,NOT_VALIDATED,,False,EXCLUDED,industry validation/eligibility failed
918646,CIK0000918646,EXP,EAGLE MATERIALS INC,Manuf,"Manufacturing -- Machinery, Trucks, Planes, Off Furn, Paper, Com Printing",1008,150,6,146,0.1488095238095238,550,251,14,216,334,0.02909090909090909,0.9709090909090909,2018-01-02,2021-12-31,HIGH,INDUSTRY_STABLE,Manuf,True,EXCLUDED,not highest deterministic priority within tier
7431,CIK0000007431,AWI,ARMSTRONG WORLD INDUSTRIES INC,Manuf,"Manufacturing -- Machinery, Trucks, Planes, Off Furn, Paper, Com Printing",1008,153,1,152,0.15178571428571427,473,220,9,253,220,0.008456659619450317,0.9915433403805497,2018-01-02,2021-12-28,HIGH,NOT_VALIDATED,,False,EXCLUDED,industry validation/eligibility failed
1069202,CIK0001069202,LII,LENNOX INTERNATIONAL INC,Manuf,"Manufacturing -- Machinery, Trucks, Planes, Off Furn, Paper, Com Printing",1008,154,3,152,0.1527777777777778,495,222,11,169,326,0.03232323232323232,0.9676767676767677,2018-01-19,2021-12-28,HIGH,NOT_VALIDATED,,False,EXCLUDED,industry validation/eligibility failed
43920,CIK0000043920,GEF,"GREIF, INC",Manuf,"Manufacturing -- Machinery, Trucks, Planes, Off Furn, Paper, Com Printing",1008,165,7,161,0.1636904761904762,726,285,12,246,480,0.024793388429752067,0.9752066115702479,2018-01-02,2021-12-31,HIGH,INDUSTRY_STABLE,Manuf,True,SELECTED,deterministic industry/tier rule
889132,CIK0000889132,PKX,POSCO HOLDINGS INC.,Manuf,"Manufacturing -- Machinery, Trucks, Planes, Off Furn, Paper, Com Printing",1008,177,0,177,0.17559523809523808,657,228,8,469,188,0.0,1.0,2018-01-02,2021-12-30,HIGH,NOT_VALIDATED,,False,EXCLUDED,industry validation/eligibility failed
1101302,CIK0001101302,ENTG,ENTEGRIS INC,Manuf,"Manufacturing -- Machinery, Trucks, Planes, Off Furn, Paper, Com Printing",1008,177,1,176,0.17559523809523808,633,322,15,267,366,0.00631911532385466,0.9936808846761453,2018-01-02,2021-12-16,HIGH,NOT_VALIDATED,,False,EXCLUDED,industry validation/eligibility failed
1018963,CIK0001018963,ATI,ATI INC,Manuf,"Manufacturing -- Machinery, Trucks, Planes, Off Furn, Paper, Com Printing",1008,181,2,180,0.17956349206349206,746,344,13,384,362,0.010723860589812333,0.9892761394101877,2018-01-08,2021-12-01,HIGH,NOT_VALIDATED,,False,EXCLUDED,industry validation/eligibility failed
1368622,CIK0001368622,AVAV,AeroVironment Inc,Manuf,"Manufacturing -- Machinery, Trucks, Planes, Off Furn, Paper, Com Printing",1008,184,6,178,0.18253968253968253,782,328,15,256,526,0.015345268542199489,0.9846547314578005,2018-01-02,2021-12-16,HIGH,NOT_VALIDATED,,False,EXCLUDED,industry validation/eligibility failed
1069258,CIK0001069258,KTOS,"KRATOS DEFENSE & SECURITY SOLUTIONS, INC.",Manuf,"Manufacturing -- Machinery, Trucks, Planes, Off Furn, Paper, Com Printing",1008,189,1,189,0.1875,497,267,9,321,176,0.004024144869215292,0.9959758551307847,2018-01-04,2021-12-10,HIGH,NOT_VALIDATED,,False,EXCLUDED,industry validation/eligibility failed
108312,CIK0000108312,WWD,"Woodward, Inc.",Manuf,"Manufacturing -- Machinery, Trucks, Planes, Off Furn, Paper, Com Printing",1008,193,5,191,0.19146825396825398,732,327,14,266,466,0.02185792349726776,0.9781420765027322,2018-01-12,2021-12-10,HIGH,NOT_VALIDATED,,False,EXCLUDED,industry validation/eligibility failed
1474735,CIK0001474735,GNRC,GENERAC HOLDINGS INC.,Manuf,"Manufacturing -- Machinery, Trucks, Planes, Off Furn, Paper, Com Printing",1008,212,3,211,0.21031746031746032,684,318,12,278,406,0.011695906432748537,0.9883040935672515,2018-01-04,2021-12-27,HIGH,NOT_VALIDATED,,False,EXCLUDED,industry validation/eligibility failed
77360,CIK0000077360,PNR,PENTAIR plc,Manuf,"Manufacturing -- Machinery, Trucks, Planes, Off Furn, Paper, Com Printing",1008,219,4,217,0.21726190476190477,1079,415,11,407,672,0.012974976830398516,0.9870250231696015,2018-01-11,2021-12-29,HIGH,NOT_VALIDATED,,False,EXCLUDED,industry validation/eligibility failed
1370946,CIK0001370946,OC,Owens Corning,Manuf,"Manufacturing -- Machinery, Trucks, Planes, Off Furn, Paper, Com Printing",1008,222,4,219,0.22023809523809523,849,399,14,357,492,0.009422850412249705,0.9905771495877503,2018-01-02,2021-12-28,HIGH,NOT_VALIDATED,,False,EXCLUDED,industry validation/eligibility failed
1524472,CIK0001524472,XYL,Xylem Inc.,Manuf,"Manufacturing -- Machinery, Trucks, Planes, Off Furn, Paper, Com Printing",1008,228,1,227,0.2261904761904762,1043,378,12,303,740,0.003835091083413231,0.9961649089165868,2018-01-03,2021-12-28,HIGH,NOT_VALIDATED,,False,EXCLUDED,industry validation/eligibility failed
877212,CIK0000877212,ZBRA,ZEBRA TECHNOLOGIES CORP,Manuf,"Manufacturing -- Machinery, Trucks, Planes, Off Furn, Paper, Com Printing",1008,245,3,244,0.24305555555555555,1075,413,14,483,592,0.0074418604651162795,0.9925581395348837,2018-01-09,2021-12-30,HIGH,NOT_VALIDATED,,False,EXCLUDED,industry validation/eligibility failed
1021860,CIK0001021860,NOV,NOV Inc.,Manuf,"Manufacturing -- Machinery, Trucks, Planes, Off Furn, Paper, Com Printing",1008,261,4,258,0.25892857142857145,1181,484,11,569,612,0.006773920406435224,0.9932260795935648,2018-01-10,2021-12-23,HIGH,NOT_VALIDATED,,False,EXCLUDED,industry validation/eligibility failed
910521,CIK0000910521,DECK,DECKERS OUTDOOR CORP,Manuf,"Manufacturing -- Machinery, Trucks, Planes, Off Furn, Paper, Com Printing",1008,267,3,265,0.2648809523809524,1032,475,15,648,384,0.013565891472868217,0.9864341085271318,2018-01-02,2021-12-30,HIGH,NOT_VALIDATED,,False,EXCLUDED,industry validation/eligibility failed
943452,CIK0000943452,WAB,WESTINGHOUSE AIR BRAKE TECHNOLOGIES CORP,Manuf,"Manufacturing -- Machinery, Trucks, Planes, Off Furn, Paper, Com Printing",1008,269,0,269,0.26686507936507936,1056,471,16,482,574,0.0,1.0,2018-01-09,2021-12-30,HIGH,NOT_VALIDATED,,False,EXCLUDED,industry validation/eligibility failed
1500435,CIK0001500435,GPRO,"GoPro, Inc.",Manuf,"Manufacturing -- Machinery, Trucks, Planes, Off Furn, Paper, Com Printing",1008,309,7,307,0.30654761904761907,1581,668,27,935,646,0.015180265654648957,0.9848197343453511,2018-01-05,2021-12-13,HIGH,NOT_VALIDATED,,False,EXCLUDED,industry validation/eligibility failed
1681459,CIK0001681459,FTI,TechnipFMC plc,Manuf,"Manufacturing -- Machinery, Trucks, Planes, Off Furn, Paper, Com Printing",1008,313,1,313,0.310515873015873,2065,623,19,1283,782,0.0009685230024213075,0.9990314769975787,2018-01-02,2021-12-23,HIGH,NOT_VALIDATED,,False,EXCLUDED,industry validation/eligibility failed
14930,CIK0000014930,BC,BRUNSWICK CORP,Manuf,"Manufacturing -- Machinery, Trucks, Planes, Off Furn, Paper, Com Printing",1008,315,3,313,0.3125,955,491,10,457,498,0.012565445026178011,0.987434554973822,2018-01-03,2021-12-25,HIGH,NOT_VALIDATED,,False,EXCLUDED,industry validation/eligibility failed
1026785,CIK0001026785,HIHO,HIGHWAY HOLDINGS LTD,Manuf,"Manufacturing -- Machinery, Trucks, Planes, Off Furn, Paper, Com Printing",1008,315,1,314,0.3125,755,451,9,651,104,0.0026490066225165563,0.9973509933774835,2018-01-02,2021-12-31,HIGH,INDUSTRY_STABLE,Manuf,True,EXCLUDED,not highest deterministic priority within tier
886128,CIK0000886128,FCEL,FUELCELL ENERGY INC,Manuf,"Manufacturing -- Machinery, Trucks, Planes, Off Furn, Paper, Com Printing",1008,327,2,326,0.3244047619047619,1943,629,12,1445,498,0.002058672156459084,0.997941327843541,2018-01-10,2021-12-31,HIGH,NOT_VALIDATED,,False,EXCLUDED,industry validation/eligibility failed
1675149,CIK0001675149,AA,Alcoa Corp,Manuf,"Manufacturing -- Machinery, Trucks, Planes, Off Furn, Paper, Com Printing",1008,330,3,328,0.3273809523809524,1495,630,23,719,776,0.005351170568561873,0.9946488294314382,2018-01-03,2021-12-31,HIGH,NOT_VALIDATED,,False,EXCLUDED,industry validation/eligibility failed
1243429,CIK0001243429,MT,ArcelorMittal,Manuf,"Manufacturing -- Machinery, Trucks, Planes, Off Furn, Paper, Com Printing",1008,435,2,434,0.43154761904761907,2049,793,14,1127,922,0.0019521717911176184,0.9980478282088824,2018-01-03,2021-12-21,HIGH,NOT_VALIDATED,,False,EXCLUDED,industry validation/eligibility failed
1093691,CIK0001093691,PLUG,PLUG POWER INC,Manuf,"Manufacturing -- Machinery, Trucks, Planes, Off Furn, Paper, Com Printing",1008,591,3,589,0.5863095238095238,3047,1279,17,2437,610,0.003938299967180834,0.9960617000328191,2018-01-06,2021-12-31,HIGH,NOT_VALIDATED,,False,EXCLUDED,industry validation/eligibility failed
1701605,CIK0001701605,BKR,Baker Hughes Co,Manuf,"Manufacturing -- Machinery, Trucks, Planes, Off Furn, Paper, Com Printing",1008,603,1,603,0.5982142857142857,3336,1479,7,2764,572,0.001199040767386091,0.9988009592326139,2018-01-03,2021-12-31,HIGH,INDUSTRY_STABLE,Manuf,True,EXCLUDED,not highest deterministic priority within tier
883569,CIK0000883569,FOSL,"Fossil Group, Inc.",Manuf,"Manufacturing -- Machinery, Trucks, Planes, Off Furn, Paper, Com Printing",1008,633,0,633,0.6279761904761905,3328,1385,23,2394,934,0.0,1.0,2018-01-01,2021-12-31,HIGH,INDUSTRY_STABLE,Manuf,True,SELECTED,deterministic industry/tier rule
18230,CIK0000018230,CAT,CATERPILLAR INC,Manuf,"Manufacturing -- Machinery, Trucks, Planes, Off Furn, Paper, Com Printing",1008,692,5,690,0.6865079365079365,5674,2168,29,3818,1856,0.0017624250969333803,0.9982375749030666,2018-01-02,2021-12-30,HIGH,NOT_VALIDATED,,False,EXCLUDED,industry validation/eligibility failed
8504,CIK0000008504,UAVS,AgEagle Aerial Systems Inc.,Manuf,"Manufacturing -- Machinery, Trucks, Planes, Off Furn, Paper, Com Printing",1008,778,7,776,0.7718253968253969,5726,2518,20,5242,484,0.0034928396786587496,0.9965071603213412,2018-01-05,2021-12-31,HIGH,NOT_VALIDATED,,False,EXCLUDED,industry validation/eligibility failed
40545,CIK0000040545,GE,GENERAL ELECTRIC CO,Manuf,"Manufacturing -- Machinery, Trucks, Planes, Off Furn, Paper, Com Printing",1008,882,5,882,0.875,8882,3344,23,7392,1490,0.0015762215717180816,0.9984237784282819,2018-01-02,2021-12-30,HIGH,NOT_VALIDATED,,False,EXCLUDED,industry validation/eligibility failed
12927,CIK0000012927,BA,BOEING CO,Manuf,"Manufacturing -- Machinery, Trucks, Planes, Off Furn, Paper, Com Printing",1008,975,11,975,0.9672619047619048,15022,6522,47,10514,4508,0.0031953135401411262,0.9968046864598589,2018-01-02,2021-12-31,HIGH,INDUSTRY_STABLE,Manuf,True,EXCLUDED,not highest deterministic priority within tier
701719,CIK0000701719,ELA,Envela Corp,Shops,"Wholesale, Retail, and Some Services (Laundries, Repair Shops)",1008,8,2,6,0.007936507936507936,29,8,3,17,12,0.13793103448275862,0.8620689655172413,2018-08-13,2021-04-15,LOW,NOT_VALIDATED,,False,EXCLUDED,industry validation/eligibility failed
1012019,CIK0001012019,RUSHA,RUSH ENTERPRISES INC \TX\,Shops,"Wholesale, Retail, and Some Services (Laundries, Repair Shops)",1008,11,0,11,0.010912698412698412,19,11,0,19,0,0.0,1.0,2018-08-01,2021-10-21,LOW,NOT_VALIDATED,,False,EXCLUDED,industry validation/eligibility failed
65312,CIK0000065312,EVI,"EVI INDUSTRIES, INC.",Shops,"Wholesale, Retail, and Some Services (Laundries, Repair Shops)",1008,15,2,13,0.01488095238095238,54,27,4,0,54,0.07407407407407407,0.9259259259259259,2018-02-14,2020-05-11,LOW,NOT_VALIDATED,,False,EXCLUDED,industry validation/eligibility failed
69733,CIK0000069733,NATH,"NATHANS FAMOUS, INC.",Shops,"Wholesale, Retail, and Some Services (Laundries, Repair Shops)",1008,15,0,15,0.01488095238095238,20,15,0,20,0,0.0,1.0,2018-03-15,2021-12-24,LOW,NOT_VALIDATED,,False,EXCLUDED,industry validation/eligibility failed
1018164,CIK0001018164,WLFC,WILLIS LEASE FINANCE CORP,Shops,"Wholesale, Retail, and Some Services (Laundries, Repair Shops)",1008,23,3,20,0.022817460317460316,75,33,6,15,60,0.08,0.92,2018-01-22,2021-03-17,LOW,NOT_VALIDATED,,False,EXCLUDED,industry validation/eligibility failed
1282224,CIK0001282224,DLPN,"Dolphin Entertainment, Inc.",Shops,"Wholesale, Retail, and Some Services (Laundries, Repair Shops)",1008,23,0,23,0.022817460317460316,77,42,0,77,0,0.0,1.0,2018-01-19,2021-12-17,LOW,NOT_VALIDATED,,False,EXCLUDED,industry validation/eligibility failed
1145986,CIK0001145986,ASPN,ASPEN AEROGELS INC,Shops,"Wholesale, Retail, and Some Services (Laundries, Repair Shops)",1008,24,0,24,0.023809523809523808,57,26,2,31,26,0.0,1.0,2018-03-14,2021-12-04,LOW,NOT_VALIDATED,,False,EXCLUDED,industry validation/eligibility failed
912061,CIK0000912061,NHTC,NATURAL HEALTH TRENDS CORP,Shops,"Wholesale, Retail, and Some Services (Laundries, Repair Shops)",1008,25,0,25,0.0248015873015873,103,37,2,63,40,0.0,1.0,2018-01-12,2021-07-27,LOW,NOT_VALIDATED,,False,EXCLUDED,industry validation/eligibility failed
942126,CIK0000942126,TAIT,TAITRON COMPONENTS INC,Shops,"Wholesale, Retail, and Some Services (Laundries, Repair Shops)",1008,29,1,28,0.028769841269841268,43,29,2,23,20,0.046511627906976744,0.9534883720930233,2018-02-02,2021-12-07,LOW,NOT_VALIDATED,,False,EXCLUDED,industry validation/eligibility failed
1713539,CIK0001713539,KXIN,Kaixin Holdings,Shops,"Wholesale, Retail, and Some Services (Laundries, Repair Shops)",1008,32,0,32,0.031746031746031744,249,49,4,235,14,0.0,1.0,2018-11-06,2021-12-31,LOW,NOT_VALIDATED,,False,EXCLUDED,industry validation/eligibility failed
1045742,CIK0001045742,LIVE,LIVE VENTURES Inc,Shops,"Wholesale, Retail, and Some Services (Laundries, Repair Shops)",1008,39,4,35,0.03869047619047619,159,79,8,41,118,0.050314465408805034,0.949685534591195,2018-01-02,2021-08-04,LOW,NOT_VALIDATED,,False,EXCLUDED,industry validation/eligibility failed
779544,CIK0000779544,ARKR,ARK RESTAURANTS CORP,Shops,"Wholesale, Retail, and Some Services (Laundries, Repair Shops)",1008,40,6,34,0.03968253968253968,106,47,5,30,76,0.11320754716981132,0.8867924528301887,2018-01-01,2021-11-17,LOW,NOT_VALIDATED,,False,EXCLUDED,industry validation/eligibility failed
928465,CIK0000928465,DIT,AMCON DISTRIBUTING CO,Shops,"Wholesale, Retail, and Some Services (Laundries, Repair Shops)",1008,42,7,35,0.041666666666666664,80,42,2,30,50,0.175,0.825,2018-01-03,2021-12-21,LOW,INDUSTRY_STABLE,Shops,True,EXCLUDED,not highest deterministic priority within tier
908315,CIK0000908315,WINA,WINMARK CORP,Shops,"Wholesale, Retail, and Some Services (Laundries, Repair Shops)",1008,45,4,41,0.044642857142857144,100,50,6,32,68,0.08,0.92,2018-01-24,2021-12-14,LOW,NOT_VALIDATED,,False,EXCLUDED,industry validation/eligibility failed
1523836,CIK0001523836,LITB,"LightInTheBox Holding Co., Ltd.",Shops,"Wholesale, Retail, and Some Services (Laundries, Repair Shops)",1008,49,7,43,0.04861111111111111,252,81,6,140,112,0.07936507936507936,0.9206349206349206,2018-01-08,2021-12-29,LOW,INDUSTRY_STABLE,Shops,True,EXCLUDED,not highest deterministic priority within tier
825324,CIK0000825324,GTIM,Good Times Restaurants Inc.,Shops,"Wholesale, Retail, and Some Services (Laundries, Repair Shops)",1008,54,2,52,0.05357142857142857,214,90,9,90,124,0.028037383177570093,0.9719626168224299,2018-01-03,2021-10-02,LOW,NOT_VALIDATED,,False,EXCLUDED,industry validation/eligibility failed
1634117,CIK0001634117,BNED,"Barnes & Noble Education, Inc.",Shops,"Wholesale, Retail, and Some Services (Laundries, Repair Shops)",1008,54,1,53,0.05357142857142857,252,86,3,206,46,0.007936507936507936,0.9920634920634921,2018-06-20,2021-12-29,LOW,NOT_VALIDATED,,False,EXCLUDED,industry validation/eligibility failed
1378950,CIK0001378950,PRTS,"CarParts.com, Inc.",Shops,"Wholesale, Retail, and Some Services (Laundries, Repair Shops)",1008,57,0,57,0.05654761904761905,147,75,7,61,86,0.0,1.0,2018-01-31,2021-11-04,LOW,NOT_VALIDATED,,False,EXCLUDED,industry validation/eligibility failed
1005210,CIK0001005210,SPH,SUBURBAN PROPANE PARTNERS LP,Shops,"Wholesale, Retail, and Some Services (Laundries, Repair Shops)",1008,58,0,58,0.057539682539682536,172,71,2,142,30,0.0,1.0,2018-01-06,2021-12-12,LOW,NOT_VALIDATED,,False,EXCLUDED,industry validation/eligibility failed
1547459,CIK0001547459,NGVC,"Natural Grocers by Vitamin Cottage, Inc.",Shops,"Wholesale, Retail, and Some Services (Laundries, Repair Shops)",1008,58,0,58,0.057539682539682536,191,80,5,139,52,0.0,1.0,2018-01-18,2021-12-06,LOW,NOT_VALIDATED,,False,EXCLUDED,industry validation/eligibility failed
1318484,CIK0001318484,CTRN,Citi Trends Inc,Shops,"Wholesale, Retail, and Some Services (Laundries, Repair Shops)",1008,59,1,58,0.05853174603174603,202,72,5,142,60,0.009900990099009901,0.9900990099009901,2018-01-05,2021-12-30,LOW,INDUSTRY_STABLE,Shops,True,SELECTED,deterministic industry/tier rule
1301787,CIK0001301787,BXC,BlueLinx Holdings Inc.,Shops,"Wholesale, Retail, and Some Services (Laundries, Repair Shops)",1008,65,5,61,0.06448412698412699,320,120,13,58,262,0.0375,0.9625,2018-01-25,2021-12-28,LOW,NOT_VALIDATED,,False,EXCLUDED,industry validation/eligibility failed
1113809,CIK0001113809,BBW,BUILD-A-BEAR WORKSHOP INC,Shops,"Wholesale, Retail, and Some Services (Laundries, Repair Shops)",1008,69,4,65,0.06845238095238096,517,149,12,325,192,0.02321083172147002,0.97678916827853,2018-01-09,2021-12-15,LOW,NOT_VALIDATED,,False,EXCLUDED,industry validation/eligibility failed
1538849,CIK0001538849,CAPL,CrossAmerica Partners LP,Shops,"Wholesale, Retail, and Some Services (Laundries, Repair Shops)",1008,73,0,73,0.07242063492063493,220,105,4,174,46,0.0,1.0,2018-01-11,2021-10-19,LOW,NOT_VALIDATED,,False,EXCLUDED,industry validation/eligibility failed
876523,CIK0000876523,EZPW,EZCORP INC,Shops,"Wholesale, Retail, and Some Services (Laundries, Repair Shops)",1008,74,3,71,0.07341269841269842,269,120,8,69,200,0.022304832713754646,0.9776951672862454,2018-01-26,2021-12-21,LOW,NOT_VALIDATED,,False,EXCLUDED,industry validation/eligibility failed
1409171,CIK0001409171,TITN,Titan Machinery Inc.,Shops,"Wholesale, Retail, and Some Services (Laundries, Repair Shops)",1008,76,3,74,0.07539682539682539,377,166,13,147,230,0.03713527851458886,0.9628647214854111,2018-01-02,2021-12-27,LOW,INDUSTRY_STABLE,Shops,True,EXCLUDED,not highest deterministic priority within tier
1013488,CIK0001013488,BJRI,BJs RESTAURANTS INC,Shops,"Wholesale, Retail, and Some Services (Laundries, Repair Shops)",1008,79,0,79,0.07837301587301587,205,91,0,205,0,0.0,1.0,2018-01-03,2021-12-10,LOW,NOT_VALIDATED,,False,EXCLUDED,industry validation/eligibility failed
1041859,CIK0001041859,PLCE,"Childrens Place, Inc.",Shops,"Wholesale, Retail, and Some Services (Laundries, Repair Shops)",1008,81,1,80,0.08035714285714286,225,102,7,181,44,0.008888888888888889,0.9911111111111112,2018-01-04,2021-12-17,LOW,NOT_VALIDATED,,False,EXCLUDED,industry validation/eligibility failed
821026,CIK0000821026,ANDE,"Andersons, Inc.",Shops,"Wholesale, Retail, and Some Services (Laundries, Repair Shops)",1008,83,0,83,0.08234126984126984,277,100,4,199,78,0.0,1.0,2018-02-15,2021-12-30,LOW,NOT_VALIDATED,,False,EXCLUDED,industry validation/eligibility failed
1704720,CIK0001704720,CNNE,"Cannae Holdings, Inc.",Shops,"Wholesale, Retail, and Some Services (Laundries, Repair Shops)",1008,83,2,81,0.08234126984126984,241,114,4,209,32,0.016597510373443983,0.983402489626556,2018-05-25,2021-12-08,LOW,NOT_VALIDATED,,False,EXCLUDED,industry validation/eligibility failed
1508478,CIK0001508478,ARCO,Arcos Dorados Holdings Inc.,Shops,"Wholesale, Retail, and Some Services (Laundries, Repair Shops)",1008,87,3,84,0.08630952380952381,308,138,10,122,186,0.03896103896103896,0.961038961038961,2018-03-21,2021-12-03,LOW,NOT_VALIDATED,,False,EXCLUDED,industry validation/eligibility failed
1649744,CIK0001649744,DLTH,DULUTH HOLDINGS INC.,Shops,"Wholesale, Retail, and Some Services (Laundries, Repair Shops)",1008,90,0,90,0.08928571428571429,376,144,3,302,74,0.0,1.0,2018-01-20,2021-12-14,LOW,NOT_VALIDATED,,False,EXCLUDED,industry validation/eligibility failed
716643,CIK0000716643,RGS,REGIS CORP,Shops,"Wholesale, Retail, and Some Services (Laundries, Repair Shops)",1008,92,1,91,0.09126984126984126,367,153,9,165,202,0.005449591280653951,0.9945504087193461,2018-01-08,2021-12-27,LOW,INDUSTRY_STABLE,Shops,True,EXCLUDED,not highest deterministic priority within tier
1022408,CIK0001022408,PLUS,EPLUS INC,Shops,"Wholesale, Retail, and Some Services (Laundries, Repair Shops)",1008,96,4,93,0.09523809523809523,311,139,8,155,156,0.02572347266881029,0.9742765273311897,2018-02-06,2021-12-29,LOW,NOT_VALIDATED,,False,EXCLUDED,industry validation/eligibility failed
799288,CIK0000799288,LE,"LANDS' END, INC.",Shops,"Wholesale, Retail, and Some Services (Laundries, Repair Shops)",1008,98,4,96,0.09722222222222222,437,193,9,239,198,0.04576659038901602,0.954233409610984,2018-01-02,2021-12-30,LOW,INDUSTRY_STABLE,Shops,True,SELECTED,deterministic industry/tier rule
1507079,CIK0001507079,FND,"Floor & Decor Holdings, Inc.",Shops,"Wholesale, Retail, and Some Services (Laundries, Repair Shops)",1008,102,1,102,0.10119047619047619,362,133,9,254,108,0.0055248618784530384,0.994475138121547,2018-01-03,2021-12-06,MEDIUM,NOT_VALIDATED,,False,EXCLUDED,industry validation/eligibility failed
935419,CIK0000935419,RICK,"RCI HOSPITALITY HOLDINGS, INC.",Shops,"Wholesale, Retail, and Some Services (Laundries, Repair Shops)",1008,106,4,102,0.10515873015873016,325,144,8,71,254,0.024615384615384615,0.9753846153846154,2018-01-09,2021-12-14,MEDIUM,NOT_VALIDATED,,False,EXCLUDED,industry validation/eligibility failed
1084869,CIK0001084869,FLWS,1 800 FLOWERS COM INC,Shops,"Wholesale, Retail, and Some Services (Laundries, Repair Shops)",1008,106,1,105,0.10515873015873016,438,196,10,216,222,0.0045662100456621,0.9954337899543378,2018-01-31,2021-12-23,MEDIUM,NOT_VALIDATED,,False,EXCLUDED,industry validation/eligibility failed
887733,CIK0000887733,CENTA,CENTRAL GARDEN & PET CO,Shops,"Wholesale, Retail, and Some Services (Laundries, Repair Shops)",1008,108,5,103,0.10714285714285714,297,139,13,191,106,0.04040404040404041,0.9595959595959596,2018-01-23,2021-12-31,MEDIUM,NOT_VALIDATED,,False,EXCLUDED,industry validation/eligibility failed
1606366,CIK0001606366,LOCO,"El Pollo Loco Holdings, Inc.",Shops,"Wholesale, Retail, and Some Services (Laundries, Repair Shops)",1008,109,4,107,0.10813492063492064,443,198,10,153,290,0.03160270880361174,0.9683972911963883,2018-01-02,2021-08-10,MEDIUM,NOT_VALIDATED,,False,EXCLUDED,industry validation/eligibility failed
1041803,CIK0001041803,PSMT,PRICESMART INC,Shops,"Wholesale, Retail, and Some Services (Laundries, Repair Shops)",1008,111,0,111,0.11011904761904762,352,176,3,258,94,0.0,1.0,2018-01-02,2021-12-17,MEDIUM,NOT_VALIDATED,,False,EXCLUDED,industry validation/eligibility failed
1018840,CIK0001018840,ANF,ABERCROMBIE & FITCH CO /DE/,Shops,"Wholesale, Retail, and Some Services (Laundries, Repair Shops)",1008,112,0,112,0.1111111111111111,328,164,0,328,0,0.0,1.0,2018-01-04,2021-12-05,MEDIUM,NOT_VALIDATED,,False,EXCLUDED,industry validation/eligibility failed
1275158,CIK0001275158,NDLS,NOODLES & Co,Shops,"Wholesale, Retail, and Some Services (Laundries, Repair Shops)",1008,121,9,113,0.12003968253968254,513,219,12,183,330,0.03898635477582846,0.9610136452241715,2018-01-09,2021-12-14,MEDIUM,NOT_VALIDATED,,False,EXCLUDED,industry validation/eligibility failed
1665918,CIK0001665918,USFD,US Foods Holding Corp.,Shops,"Wholesale, Retail, and Some Services (Laundries, Repair Shops)",1008,122,1,122,0.12103174603174603,505,165,6,385,120,0.0039603960396039604,0.996039603960396,2018-01-02,2021-12-28,MEDIUM,INDUSTRY_STABLE,Shops,True,EXCLUDED,not highest deterministic priority within tier
916365,CIK0000916365,TSCO,TRACTOR SUPPLY CO /DE/,Shops,"Wholesale, Retail, and Some Services (Laundries, Repair Shops)",1008,124,0,124,0.12301587301587301,274,145,0,274,0,0.0,1.0,2018-02-01,2021-12-29,MEDIUM,NOT_VALIDATED,,False,EXCLUDED,industry validation/eligibility failed
726958,CIK0000726958,CASY,CASEYS GENERAL STORES INC,Shops,"Wholesale, Retail, and Some Services (Laundries, Repair Shops)",1008,126,0,126,0.125,381,170,2,343,38,0.0,1.0,2018-01-04,2021-12-16,MEDIUM,NOT_VALIDATED,,False,EXCLUDED,industry validation/eligibility failed
1021561,CIK0001021561,NUS,"NU SKIN ENTERPRISES, INC.",Shops,"Wholesale, Retail, and Some Services (Laundries, Repair Shops)",1008,129,0,129,0.12797619047619047,511,178,3,447,64,0.0,1.0,2018-01-08,2021-12-28,MEDIUM,NOT_VALIDATED,,False,EXCLUDED,industry validation/eligibility failed
929008,CIK0000929008,WCC,WESCO INTERNATIONAL INC,Shops,"Wholesale, Retail, and Some Services (Laundries, Repair Shops)",1008,130,4,128,0.12896825396825398,417,203,10,225,192,0.02877697841726619,0.9712230215827338,2018-02-01,2021-12-30,MEDIUM,NOT_VALIDATED,,False,EXCLUDED,industry validation/eligibility failed
1546417,CIK0001546417,BLMN,"Bloomin' Brands, Inc.",Shops,"Wholesale, Retail, and Some Services (Laundries, Repair Shops)",1008,135,0,135,0.13392857142857142,567,184,5,499,68,0.0,1.0,2018-01-19,2021-12-24,MEDIUM,NOT_VALIDATED,,False,EXCLUDED,industry validation/eligibility failed
1144980,CIK0001144980,ABG,ASBURY AUTOMOTIVE GROUP INC,Shops,"Wholesale, Retail, and Some Services (Laundries, Repair Shops)",1008,143,4,140,0.14186507936507936,455,197,11,219,236,0.035164835164835165,0.9648351648351648,2018-01-09,2021-12-25,MEDIUM,NOT_VALIDATED,,False,EXCLUDED,industry validation/eligibility failed
945841,CIK0000945841,POOL,POOL CORP,Shops,"Wholesale, Retail, and Some Services (Laundries, Repair Shops)",1008,146,0,146,0.14484126984126985,447,193,4,245,202,0.0,1.0,2018-02-12,2021-12-20,MEDIUM,NOT_VALIDATED,,False,EXCLUDED,industry validation/eligibility failed
901491,CIK0000901491,PZZA,PAPA JOHNS INTERNATIONAL INC,Shops,"Wholesale, Retail, and Some Services (Laundries, Repair Shops)",1008,147,0,147,0.14583333333333334,336,182,1,334,2,0.0,1.0,2018-01-04,2021-12-31,MEDIUM,INDUSTRY_STABLE,Shops,True,SELECTED,deterministic industry/tier rule
1524025,CIK0001524025,TLYS,"TILLY'S, INC.",Shops,"Wholesale, Retail, and Some Services (Laundries, Repair Shops)",1008,154,3,152,0.1527777777777778,906,314,14,364,542,0.011037527593818985,0.9889624724061811,2018-01-03,2021-12-27,MEDIUM,INDUSTRY_STABLE,Shops,True,EXCLUDED,not highest deterministic priority within tier
932696,CIK0000932696,NSIT,INSIGHT ENTERPRISES INC,Shops,"Wholesale, Retail, and Some Services (Laundries, Repair Shops)",1008,155,5,151,0.15376984126984128,598,245,10,244,354,0.016722408026755852,0.9832775919732442,2018-02-06,2021-12-24,MEDIUM,NOT_VALIDATED,,False,EXCLUDED,industry validation/eligibility failed
1517175,CIK0001517175,CHEF,"Chefs' Warehouse, Inc.",Shops,"Wholesale, Retail, and Some Services (Laundries, Repair Shops)",1008,157,1,156,0.15575396825396826,698,278,6,580,118,0.0028653295128939827,0.997134670487106,2018-02-21,2021-12-29,MEDIUM,NOT_VALIDATED,,False,EXCLUDED,industry validation/eligibility failed
1636222,CIK0001636222,WING,Wingstop Inc.,Shops,"Wholesale, Retail, and Some Services (Laundries, Repair Shops)",1008,157,0,157,0.15575396825396826,574,223,6,470,104,0.0,1.0,2018-01-03,2021-12-11,MEDIUM,NOT_VALIDATED,,False,EXCLUDED,industry validation/eligibility failed
1031203,CIK0001031203,GPI,GROUP 1 AUTOMOTIVE INC,Shops,"Wholesale, Retail, and Some Services (Laundries, Repair Shops)",1008,164,6,159,0.1626984126984127,624,255,11,200,424,0.022435897435897436,0.9775641025641025,2018-01-09,2021-12-23,MEDIUM,NOT_VALIDATED,,False,EXCLUDED,industry validation/eligibility failed
1625414,CIK0001625414,BZUN,Baozun Inc.,Shops,"Wholesale, Retail, and Some Services (Laundries, Repair Shops)",1008,167,0,167,0.16567460317460317,589,244,7,505,84,0.0,1.0,2018-01-03,2021-12-30,MEDIUM,INDUSTRY_STABLE,Shops,True,SELECTED,deterministic industry/tier rule
1180262,CIK0001180262,HLF,HERBALIFE LTD.,Shops,"Wholesale, Retail, and Some Services (Laundries, Repair Shops)",1008,168,0,168,0.16666666666666666,565,251,7,413,152,0.0,1.0,2018-01-03,2021-12-23,MEDIUM,NOT_VALIDATED,,False,EXCLUDED,industry validation/eligibility failed
1003078,CIK0001003078,MSM,MSC INDUSTRIAL DIRECT CO INC,Shops,"Wholesale, Retail, and Some Services (Laundries, Repair Shops)",1008,174,6,170,0.17261904761904762,594,260,11,276,318,0.026936026936026935,0.9730639730639731,2018-01-03,2021-12-23,MEDIUM,NOT_VALIDATED,,False,EXCLUDED,industry validation/eligibility failed
1573516,CIK0001573516,MUSA,Murphy USA Inc.,Shops,"Wholesale, Retail, and Some Services (Laundries, Repair Shops)",1008,175,4,174,0.1736111111111111,475,227,10,175,300,0.02526315789473684,0.9747368421052631,2018-01-09,2021-12-29,MEDIUM,INDUSTRY_STABLE,Shops,True,EXCLUDED,not highest deterministic priority within tier
1584509,CIK0001584509,ARMK,Aramark,Shops,"Wholesale, Retail, and Some Services (Laundries, Repair Shops)",1008,180,3,179,0.17857142857142858,737,310,14,245,492,0.013568521031207599,0.9864314789687924,2018-01-14,2021-11-26,MEDIUM,NOT_VALIDATED,,False,EXCLUDED,industry validation/eligibility failed
105319,CIK0000105319,WW,"WW INTERNATIONAL, INC.",Shops,"Wholesale, Retail, and Some Services (Laundries, Repair Shops)",1008,186,0,186,0.18452380952380953,684,324,5,500,184,0.0,1.0,2018-01-02,2021-11-05,MEDIUM,NOT_VALIDATED,,False,EXCLUDED,industry validation/eligibility failed
105016,CIK0000105016,WSO,WATSCO INC,Shops,"Wholesale, Retail, and Some Services (Laundries, Repair Shops)",1008,190,6,186,0.1884920634920635,695,305,12,241,454,0.02014388489208633,0.9798561151079137,2018-01-02,2021-12-21,MEDIUM,NOT_VALIDATED,,False,EXCLUDED,industry validation/eligibility failed
1316835,CIK0001316835,BLDR,"Builders FirstSource, Inc.",Shops,"Wholesale, Retail, and Some Services (Laundries, Repair Shops)",1008,190,2,189,0.1884920634920635,626,271,12,266,360,0.006389776357827476,0.9936102236421726,2018-02-12,2021-12-29,MEDIUM,NOT_VALIDATED,,False,EXCLUDED,industry validation/eligibility failed
49754,CIK0000049754,DIN,"Dine Brands Global, Inc.",Shops,"Wholesale, Retail, and Some Services (Laundries, Repair Shops)",1008,192,1,192,0.19047619047619047,901,321,14,597,304,0.006659267480577136,0.9933407325194229,2018-01-11,2021-12-16,MEDIUM,NOT_VALIDATED,,False,EXCLUDED,industry validation/eligibility failed
1345016,CIK0001345016,YELP,YELP INC,Shops,"Wholesale, Retail, and Some Services (Laundries, Repair Shops)",1008,194,0,194,0.19246031746031747,613,286,6,531,82,0.0,1.0,2018-01-05,2021-11-19,MEDIUM,NOT_VALIDATED,,False,EXCLUDED,industry validation/eligibility failed
807882,CIK0000807882,JACK,JACK IN THE BOX INC,Shops,"Wholesale, Retail, and Some Services (Laundries, Repair Shops)",1008,201,3,199,0.19940476190476192,1073,441,16,271,802,0.011183597390493943,0.9888164026095061,2018-01-02,2021-12-20,MEDIUM,NOT_VALIDATED,,False,EXCLUDED,industry validation/eligibility failed
1669779,CIK0001669779,CWH,"Camping World Holdings, Inc.",Shops,"Wholesale, Retail, and Some Services (Laundries, Repair Shops)",1008,206,1,205,0.20436507936507936,916,292,6,758,158,0.002183406113537118,0.9978165938864629,2018-01-03,2021-12-10,MEDIUM,NOT_VALIDATED,,False,EXCLUDED,industry validation/eligibility failed
1639300,CIK0001639300,OLLI,"Ollie's Bargain Outlet Holdings, Inc.",Shops,"Wholesale, Retail, and Some Services (Laundries, Repair Shops)",1008,208,0,208,0.20634920634920634,738,321,5,680,58,0.0,1.0,2018-01-03,2021-12-25,MEDIUM,INDUSTRY_STABLE,Shops,True,EXCLUDED,not highest deterministic priority within tier
1528849,CIK0001528849,RH,RH,Shops,"Wholesale, Retail, and Some Services (Laundries, Repair Shops)",1008,214,0,214,0.2123015873015873,688,317,12,612,76,0.0,1.0,2018-01-02,2021-12-29,HIGH,NOT_VALIDATED,,False,EXCLUDED,industry validation/eligibility failed
887596,CIK0000887596,CAKE,CHEESECAKE FACTORY INC,Shops,"Wholesale, Retail, and Some Services (Laundries, Repair Shops)",1008,236,5,233,0.23412698412698413,1094,456,20,494,600,0.014625228519195612,0.9853747714808044,2018-01-03,2021-12-20,HIGH,NOT_VALIDATED,,False,EXCLUDED,industry validation/eligibility failed
1525769,CIK0001525769,PLAY,"Dave & Buster's Entertainment, Inc.",Shops,"Wholesale, Retail, and Some Services (Laundries, Repair Shops)",1008,242,0,242,0.2400793650793651,1152,421,8,1000,152,0.0,1.0,2018-01-08,2021-12-21,HIGH,NOT_VALIDATED,,False,EXCLUDED,industry validation/eligibility failed
900075,CIK0000900075,CPRT,COPART INC,Shops,"Wholesale, Retail, and Some Services (Laundries, Repair Shops)",1008,259,5,257,0.2569444444444444,1144,465,13,558,586,0.01048951048951049,0.9895104895104895,2018-01-03,2021-12-07,HIGH,NOT_VALIDATED,,False,EXCLUDED,industry validation/eligibility failed
1000228,CIK0001000228,HSIC,HENRY SCHEIN INC,Shops,"Wholesale, Retail, and Some Services (Laundries, Repair Shops)",1008,259,5,257,0.2569444444444444,1139,456,13,513,626,0.012291483757682178,0.9877085162423178,2018-01-05,2021-12-27,HIGH,NOT_VALIDATED,,False,EXCLUDED,industry validation/eligibility failed
1690820,CIK0001690820,CVNA,CARVANA CO.,Shops,"Wholesale, Retail, and Some Services (Laundries, Repair Shops)",1008,268,5,268,0.26587301587301587,989,385,9,753,236,0.016177957532861477,0.9838220424671386,2018-01-17,2021-12-31,HIGH,NOT_VALIDATED,,False,EXCLUDED,industry validation/eligibility failed
1140859,CIK0001140859,COR,"Cencora, Inc.",Shops,"Wholesale, Retail, and Some Services (Laundries, Repair Shops)",1008,280,6,278,0.2777777777777778,1419,488,17,827,592,0.008456659619450317,0.9915433403805497,2018-01-04,2021-12-27,HIGH,NOT_VALIDATED,,False,EXCLUDED,industry validation/eligibility failed
1529192,CIK0001529192,VIPS,Vipshop Holdings Ltd,Shops,"Wholesale, Retail, and Some Services (Laundries, Repair Shops)",1008,299,2,298,0.29662698412698413,1629,598,17,1011,618,0.004910988336402701,0.9950890116635973,2018-01-02,2021-12-30,HIGH,NOT_VALIDATED,,False,EXCLUDED,industry validation/eligibility failed
885639,CIK0000885639,KSS,KOHLS Corp,Shops,"Wholesale, Retail, and Some Services (Laundries, Repair Shops)",1008,312,0,312,0.30952380952380953,1023,507,5,985,38,0.0,1.0,2018-01-02,2021-12-07,HIGH,NOT_VALIDATED,,False,EXCLUDED,industry validation/eligibility failed
1158449,CIK0001158449,AAP,ADVANCE AUTO PARTS INC,Shops,"Wholesale, Retail, and Some Services (Laundries, Repair Shops)",1008,313,6,312,0.310515873015873,1756,675,18,800,956,0.011389521640091117,0.9886104783599089,2018-01-04,2021-12-31,HIGH,NOT_VALIDATED,,False,EXCLUDED,industry validation/eligibility failed
1618756,CIK0001618756,QSR,Restaurant Brands International Inc.,Shops,"Wholesale, Retail, and Some Services (Laundries, Repair Shops)",1008,317,1,317,0.314484126984127,1110,491,10,764,346,0.0018018018018018018,0.9981981981981982,2018-01-16,2021-12-17,HIGH,NOT_VALIDATED,,False,EXCLUDED,industry validation/eligibility failed
898173,CIK0000898173,ORLY,O REILLY AUTOMOTIVE INC,Shops,"Wholesale, Retail, and Some Services (Laundries, Repair Shops)",1008,335,4,334,0.3323412698412698,1389,565,14,653,736,0.010079193664506839,0.9899208063354932,2018-01-02,2021-12-26,HIGH,NOT_VALIDATED,,False,EXCLUDED,industry validation/eligibility failed
885245,CIK0000885245,BKE,BUCKLE INC,Shops,"Wholesale, Retail, and Some Services (Laundries, Repair Shops)",1008,355,5,353,0.3521825396825397,1450,610,16,768,682,0.009655172413793104,0.9903448275862069,2018-01-01,2021-12-29,HIGH,NOT_VALIDATED,,False,EXCLUDED,industry validation/eligibility failed
919012,CIK0000919012,AEO,AMERICAN EAGLE OUTFITTERS INC,Shops,"Wholesale, Retail, and Some Services (Laundries, Repair Shops)",1008,358,3,357,0.3551587301587302,1626,730,20,1134,492,0.013530135301353014,0.986469864698647,2018-01-02,2021-12-27,HIGH,NOT_VALIDATED,,False,EXCLUDED,industry validation/eligibility failed
866787,CIK0000866787,AZO,AUTOZONE INC,Shops,"Wholesale, Retail, and Some Services (Laundries, Repair Shops)",1008,363,5,363,0.3601190476190476,1757,685,26,639,1118,0.01593625498007968,0.9840637450199203,2018-01-02,2021-12-28,HIGH,NOT_VALIDATED,,False,EXCLUDED,industry validation/eligibility failed
912615,CIK0000912615,URBN,URBAN OUTFITTERS INC,Shops,"Wholesale, Retail, and Some Services (Laundries, Repair Shops)",1008,373,3,373,0.37003968253968256,2311,969,23,1309,1002,0.0034617048896581565,0.9965382951103419,2018-01-03,2021-12-31,HIGH,NOT_VALIDATED,,False,EXCLUDED,industry validation/eligibility failed
1286681,CIK0001286681,DPZ,DOMINOS PIZZA INC,Shops,"Wholesale, Retail, and Some Services (Laundries, Repair Shops)",1008,381,0,381,0.37797619047619047,1194,566,2,1190,4,0.0,1.0,2018-01-02,2021-12-27,HIGH,NOT_VALIDATED,,False,EXCLUDED,industry validation/eligibility failed
1579298,CIK0001579298,BURL,"Burlington Stores, Inc.",Shops,"Wholesale, Retail, and Some Services (Laundries, Repair Shops)",1008,385,5,384,0.3819444444444444,2228,900,23,1148,1080,0.011669658886894075,0.9883303411131059,2018-01-02,2021-12-21,HIGH,NOT_VALIDATED,,False,EXCLUDED,industry validation/eligibility failed
96021,CIK0000096021,SYY,SYSCO CORP,Shops,"Wholesale, Retail, and Some Services (Laundries, Repair Shops)",1008,387,5,385,0.38392857142857145,2491,762,23,967,1524,0.009634684865515858,0.9903653151344841,2018-01-03,2021-12-28,HIGH,NOT_VALIDATED,,False,EXCLUDED,industry validation/eligibility failed
940944,CIK0000940944,DRI,DARDEN RESTAURANTS INC,Shops,"Wholesale, Retail, and Some Services (Laundries, Repair Shops)",1008,407,4,406,0.4037698412698413,2228,865,22,1598,630,0.003590664272890485,0.9964093357271095,2018-01-03,2021-12-31,HIGH,INDUSTRY_STABLE,Shops,True,EXCLUDED,not highest deterministic priority within tier
1089063,CIK0001089063,DKS,"DICK'S SPORTING GOODS, INC.",Shops,"Wholesale, Retail, and Some Services (Laundries, Repair Shops)",1008,415,4,413,0.4117063492063492,2209,881,22,1461,748,0.008148483476686284,0.9918515165233137,2018-01-03,2021-12-29,HIGH,NOT_VALIDATED,,False,EXCLUDED,industry validation/eligibility failed
935703,CIK0000935703,DLTR,"DOLLAR TREE, INC.",Shops,"Wholesale, Retail, and Some Services (Laundries, Repair Shops)",1008,416,5,414,0.4126984126984127,2652,1132,30,1398,1254,0.007541478129713424,0.9924585218702866,2018-01-04,2021-12-23,HIGH,NOT_VALIDATED,,False,EXCLUDED,industry validation/eligibility failed
1403568,CIK0001403568,ULTA,"Ulta Beauty, Inc.",Shops,"Wholesale, Retail, and Some Services (Laundries, Repair Shops)",1008,501,5,501,0.49702380952380953,2964,1152,26,1572,1392,0.005398110661268556,0.9946018893387314,2018-01-03,2021-12-24,HIGH,NOT_VALIDATED,,False,EXCLUDED,industry validation/eligibility failed
1549802,CIK0001549802,JD,"JD.com, Inc.",Shops,"Wholesale, Retail, and Some Services (Laundries, Repair Shops)",1008,507,0,507,0.5029761904761905,1519,793,1,1503,16,0.0,1.0,2018-01-02,2021-12-30,HIGH,NOT_VALIDATED,,False,EXCLUDED,industry validation/eligibility failed
1616707,CIK0001616707,W,Wayfair Inc.,Shops,"Wholesale, Retail, and Some Services (Laundries, Repair Shops)",1008,507,6,505,0.5029761904761905,2794,1158,32,1492,1302,0.007874015748031496,0.9921259842519685,2018-01-03,2021-12-29,HIGH,NOT_VALIDATED,,False,EXCLUDED,industry validation/eligibility failed
1058090,CIK0001058090,CMG,CHIPOTLE MEXICAN GRILL INC,Shops,"Wholesale, Retail, and Some Services (Laundries, Repair Shops)",1008,623,4,622,0.6180555555555556,3160,1441,16,2544,616,0.002531645569620253,0.9974683544303797,2018-01-03,2021-12-27,HIGH,NOT_VALIDATED,,False,EXCLUDED,industry validation/eligibility failed
909832,CIK0000909832,COST,COSTCO WHOLESALE CORP /NEW,Shops,"Wholesale, Retail, and Some Services (Laundries, Repair Shops)",1008,635,0,635,0.6299603174603174,2434,1259,0,2434,0,0.0,1.0,2018-01-07,2021-12-30,HIGH,NOT_VALIDATED,,False,EXCLUDED,industry validation/eligibility failed
1326380,CIK0001326380,GME,GameStop Corp.,Shops,"Wholesale, Retail, and Some Services (Laundries, Repair Shops)",1008,637,2,636,0.6319444444444444,6162,2825,30,4786,1376,0.0012982797792924375,0.9987017202207076,2018-01-03,2021-12-31,HIGH,NOT_VALIDATED,,False,EXCLUDED,industry validation/eligibility failed
861884,CIK0000861884,RS,"RELIANCE, INC.",Shops,"Wholesale, Retail, and Some Services (Laundries, Repair Shops)",1008,763,4,763,0.7569444444444444,3136,1871,13,2702,434,0.003826530612244898,0.9961734693877551,2018-01-02,2021-12-29,HIGH,NOT_VALIDATED,,False,EXCLUDED,industry validation/eligibility failed
1579157,CIK0001579157,VNCE,VINCE HOLDING CORP.,Shops,"Wholesale, Retail, and Some Services (Laundries, Repair Shops)",1008,968,22,968,0.9603174603174603,12576,5490,23,10148,2428,0.018765903307888042,0.9812340966921119,2018-01-02,2021-12-31,HIGH,INDUSTRY_STABLE,Shops,True,EXCLUDED,not highest deterministic priority within tier
104169,CIK0000104169,WMT,Walmart Inc.,Shops,"Wholesale, Retail, and Some Services (Laundries, Repair Shops)",1008,983,13,983,0.9751984126984127,12576,5497,33,9212,3364,0.003657760814249364,0.9963422391857506,2018-01-02,2021-12-31,HIGH,INDUSTRY_UNRESOLVED,UNRESOLVED,False,EXCLUDED,industry validation/eligibility failed
1018724,CIK0001018724,AMZN,AMAZON COM INC,Shops,"Wholesale, Retail, and Some Services (Laundries, Repair Shops)",1008,1005,0,1005,0.9970238095238095,18684,9872,14,17878,806,0.0,1.0,2018-01-01,2021-12-31,HIGH,INDUSTRY_STABLE,Shops,True,SELECTED,deterministic industry/tier rule
1020710,CIK0001020710,DXPE,DXP ENTERPRISES INC,Shops,"Wholesale, Retail, and Some Services (Laundries, Repair Shops)",1008,1008,36,1008,1.0,79390,41226,37,70604,8786,0.0013855649326111601,0.9986144350673889,2018-01-01,2021-12-31,HIGH,INDUSTRY_STABLE,Shops,True,EXCLUDED,not highest deterministic priority within tier
1177609,CIK0001177609,FIVE,"FIVE BELOW, INC",Shops,"Wholesale, Retail, and Some Services (Laundries, Repair Shops)",1008,1008,15,1008,1.0,23297,11709,26,19743,3554,0.002575438897712152,0.9974245611022878,2018-01-01,2021-12-31,HIGH,INDUSTRY_STABLE,Shops,True,SELECTED,deterministic industry/tier rule
732717,CIK0000732717,TBB,AT&T INC.,Telcm,Telephone and Television Transmission,1008,6,0,6,0.005952380952380952,12,6,0,12,0,0.0,1.0,2018-02-23,2021-12-28,LOW,INDUSTRY_UNRESOLVED,UNRESOLVED,False,EXCLUDED,industry validation/eligibility failed
879585,CIK0000879585,ATNI,"ATN International, Inc.",Telcm,Telephone and Television Transmission,1008,15,0,15,0.01488095238095238,16,16,0,16,0,0.0,1.0,2018-10-25,2021-12-17,LOW,NOT_VALIDATED,,False,EXCLUDED,industry validation/eligibility failed
1001807,CIK0001001807,TLK,PERUSAHAAN PERSEROAN PERSERO PT TELEKOMUNIKASI INDONESIA TBK,Telcm,Telephone and Television Transmission,1008,15,0,15,0.01488095238095238,28,15,1,26,2,0.0,1.0,2018-01-03,2021-04-04,LOW,NOT_VALIDATED,,False,EXCLUDED,industry validation/eligibility failed
1041657,CIK0001041657,UONEK,"URBAN ONE, INC.",Telcm,Telephone and Television Transmission,1008,21,1,20,0.020833333333333332,177,29,2,173,4,0.011299435028248588,0.9887005649717514,2018-08-06,2021-11-03,LOW,NOT_VALIDATED,,False,EXCLUDED,industry validation/eligibility failed
1289945,CIK0001289945,SPOK,"Spok Holdings, Inc",Telcm,Telephone and Television Transmission,1008,24,0,24,0.023809523809523808,52,26,2,32,20,0.0,1.0,2018-03-28,2021-09-04,LOW,NOT_VALIDATED,,False,EXCLUDED,industry validation/eligibility failed
1712184,CIK0001712184,LILAK,Liberty Latin America Ltd.,Telcm,Telephone and Television Transmission,1008,30,0,30,0.02976190476190476,66,32,4,36,30,0.0,1.0,2018-01-04,2021-12-10,LOW,INDUSTRY_STABLE,Telcm,True,SELECTED,deterministic industry/tier rule
912892,CIK0000912892,TV,"GRUPO TELEVISA, S.A.B.",Telcm,Telephone and Television Transmission,1008,31,0,31,0.030753968253968252,67,34,3,57,10,0.0,1.0,2018-02-05,2021-10-22,LOW,INDUSTRY_STABLE,Telcm,True,EXCLUDED,not highest deterministic priority within tier
1304492,CIK0001304492,ATEX,Anterix Inc.,Telcm,Telephone and Television Transmission,1008,31,0,31,0.030753968253968252,110,33,1,96,14,0.0,1.0,2018-05-04,2021-12-14,LOW,INDUSTRY_STABLE,Telcm,True,EXCLUDED,not highest deterministic priority within tier
1109116,CIK0001109116,EVC,ENTRAVISION COMMUNICATIONS CORP,Telcm,Telephone and Television Transmission,1008,39,0,39,0.03869047619047619,77,43,3,55,22,0.0,1.0,2018-02-16,2021-12-14,LOW,INDUSTRY_STABLE,Telcm,True,SELECTED,deterministic industry/tier rule
78150,CIK0000078150,PHI,PLDT Inc.,Telcm,Telephone and Television Transmission,1008,41,0,41,0.040674603174603176,75,45,2,61,14,0.0,1.0,2018-02-27,2021-12-24,LOW,INDUSTRY_STABLE,Telcm,True,EXCLUDED,not highest deterministic priority within tier
1468091,CIK0001468091,VEON,VEON Ltd.,Telcm,Telephone and Television Transmission,1008,45,0,45,0.044642857142857144,127,52,1,125,2,0.0,1.0,2018-01-23,2021-11-03,MEDIUM,NOT_VALIDATED,,False,EXCLUDED,industry validation/eligibility failed
1071321,CIK0001071321,TKC,TURKCELL ILETISIM HIZMETLERI A S,Telcm,Telephone and Television Transmission,1008,47,0,47,0.04662698412698413,127,53,1,115,12,0.0,1.0,2018-01-18,2021-12-23,MEDIUM,INDUSTRY_STABLE,Telcm,True,SELECTED,deterministic industry/tier rule
1099160,CIK0001099160,BBGI,BEASLEY BROADCAST GROUP INC,Telcm,Telephone and Television Transmission,1008,54,4,51,0.05357142857142857,276,88,6,140,136,0.028985507246376812,0.9710144927536232,2018-01-09,2021-11-18,MEDIUM,INDUSTRY_STABLE,Telcm,True,EXCLUDED,not highest deterministic priority within tier
1129137,CIK0001129137,AMX,AMERICA MOVIL SAB DE CV/,Telcm,Telephone and Television Transmission,1008,54,0,54,0.05357142857142857,118,63,4,64,54,0.0,1.0,2018-01-24,2021-10-04,MEDIUM,NOT_VALIDATED,,False,EXCLUDED,industry validation/eligibility failed
1509646,CIK0001509646,FENG,Phoenix New Media Ltd,Telcm,Telephone and Television Transmission,1008,56,3,54,0.05555555555555555,219,98,8,71,148,0.0273972602739726,0.9726027397260274,2018-01-22,2021-11-16,MEDIUM,INDUSTRY_STABLE,Telcm,True,EXCLUDED,not highest deterministic priority within tier
1066119,CIK0001066119,VIV,TELEFONICA BRASIL S.A.,Telcm,Telephone and Television Transmission,1008,73,0,73,0.07242063492063493,193,78,5,127,66,0.0,1.0,2018-01-18,2021-10-29,MEDIUM,NOT_VALIDATED,,False,EXCLUDED,industry validation/eligibility failed
1132924,CIK0001132924,CHT,CHUNGHWA TELECOM CO LTD,Telcm,Telephone and Television Transmission,1008,74,5,71,0.07341269841269842,175,97,6,75,100,0.05714285714285714,0.9428571428571428,2018-01-02,2021-12-31,MEDIUM,INDUSTRY_STABLE,Telcm,True,SELECTED,deterministic industry/tier rule
2018064,CIK0002018064,TTGT,"TechTarget, Inc.",Telcm,Telephone and Television Transmission,1008,79,6,75,0.07837301587301587,249,122,9,75,174,0.07228915662650602,0.927710843373494,2018-01-22,2021-12-13,MEDIUM,INDUSTRY_UNRESOLVED,UNRESOLVED,False,EXCLUDED,industry validation/eligibility failed
1366868,CIK0001366868,GSAT,"Globalstar, Inc.",Telcm,Telephone and Television Transmission,1008,81,5,76,0.08035714285714286,274,139,13,66,208,0.0364963503649635,0.9635036496350365,2018-01-17,2021-10-28,MEDIUM,NOT_VALIDATED,,False,EXCLUDED,industry validation/eligibility failed
1406666,CIK0001406666,CALX,"CALIX, INC",Telcm,Telephone and Television Transmission,1008,99,0,99,0.09821428571428571,407,170,9,119,288,0.0,1.0,2018-01-30,2021-12-29,MEDIUM,INDUSTRY_STABLE,Telcm,True,EXCLUDED,not highest deterministic priority within tier
1632127,CIK0001632127,CABO,"Cable One, Inc.",Telcm,Telephone and Television Transmission,1008,102,0,102,0.10119047619047619,228,117,2,162,66,0.0,1.0,2018-01-10,2021-12-28,HIGH,INDUSTRY_STABLE,Telcm,True,EXCLUDED,not highest deterministic priority within tier
1560385,CIK0001560385,FWONK,Liberty Media Corp,Telcm,Telephone and Television Transmission,1008,104,0,104,0.10317460317460317,256,120,5,184,72,0.0,1.0,2018-02-05,2021-12-24,HIGH,NOT_VALIDATED,,False,EXCLUDED,industry validation/eligibility failed
1158324,CIK0001158324,CCOI,"COGENT COMMUNICATIONS HOLDINGS, INC.",Telcm,Telephone and Television Transmission,1008,106,0,106,0.10515873015873016,303,147,12,89,214,0.0,1.0,2018-01-26,2021-12-16,HIGH,NOT_VALIDATED,,False,EXCLUDED,industry validation/eligibility failed
43196,CIK0000043196,GTN-A,"GRAY MEDIA, INC",Telcm,Telephone and Television Transmission,1008,107,0,107,0.10615079365079365,321,141,4,211,110,0.0,1.0,2018-01-10,2021-12-22,HIGH,INDUSTRY_STABLE,Telcm,True,EXCLUDED,not highest deterministic priority within tier
1537054,CIK0001537054,GOGO,Gogo Inc.,Telcm,Telephone and Television Transmission,1008,119,0,119,0.11805555555555555,356,175,5,316,40,0.0,1.0,2018-01-02,2021-11-30,HIGH,NOT_VALIDATED,,False,EXCLUDED,industry validation/eligibility failed
733099,CIK0000733099,RCI,ROGERS COMMUNICATIONS INC,Telcm,Telephone and Television Transmission,1008,137,2,135,0.1359126984126984,544,194,10,240,304,0.014705882352941176,0.9852941176470589,2018-01-08,2021-12-07,HIGH,NOT_VALIDATED,,False,EXCLUDED,industry validation/eligibility failed
1091667,CIK0001091667,CHTR,"CHARTER COMMUNICATIONS, INC. /MO/",Telcm,Telephone and Television Transmission,1008,169,0,169,0.16765873015873015,527,204,0,527,0,0.0,1.0,2018-01-03,2021-12-23,HIGH,INDUSTRY_STABLE,Telcm,True,EXCLUDED,not highest deterministic priority within tier
1142417,CIK0001142417,NXST,"NEXSTAR MEDIA GROUP, INC.",Telcm,Telephone and Television Transmission,1008,221,6,217,0.21924603174603174,754,300,12,364,390,0.021220159151193633,0.9787798408488063,2018-01-09,2021-12-23,HIGH,INDUSTRY_STABLE,Telcm,True,EXCLUDED,not highest deterministic priority within tier
1283699,CIK0001283699,TMUS,"T-Mobile US, Inc.",Telcm,Telephone and Television Transmission,1008,631,6,629,0.6259920634920635,2861,1225,11,2585,276,0.004893393918210416,0.9951066060817896,2018-01-02,2021-12-31,HIGH,INDUSTRY_STABLE,Telcm,True,SELECTED,deterministic industry/tier rule
1428439,CIK0001428439,ROKU,"ROKU, INC",Telcm,Telephone and Television Transmission,1008,702,0,702,0.6964285714285714,3252,1609,3,3204,48,0.0,1.0,2018-01-01,2021-12-30,HIGH,INDUSTRY_STABLE,Telcm,True,SELECTED,deterministic industry/tier rule
