key,symbol,month,label,phase,A0,A1,A1_matchedC
AAPL|2018-03-01 14:30:00+00:00,AAPL,2018-03,0,train_forward_oof,0.8114002562081383,0.8130090217846496,0.8130090217846496
AAPL|2018-03-01 15:30:00+00:00,AAPL,2018-03,0,train_forward_oof,0.5557866061585397,0.5643446957144639,0.5643446957144639
AAPL|2018-03-01 16:30:00+00:00,AAPL,2018-03,0,train_forward_oof,0.334785580672221,0.35355544670015476,0.35355544670015476
AAPL|2018-03-02 14:30:00+00:00,AAPL,2018-03,1,train_forward_oof,0.6314023230282787,0.6312923495810302,0.6312923495810302
AAPL|2018-03-02 15:30:00+00:00,AAPL,2018-03,1,train_forward_oof,0.3750526214572981,0.37405103654546296,0.37405103654546296
AAPL|2018-03-02 16:30:00+00:00,AAPL,2018-03,1,train_forward_oof,0.47930879518628977,0.49968739760060416,0.49968739760060416
AAPL|2018-03-05 14:30:00+00:00,AAPL,2018-03,1,train_forward_oof,0.6266138655432044,0.6202036369376561,0.6202036369376561
AAPL|2018-03-05 15:30:00+00:00,AAPL,2018-03,1,train_forward_oof,0.37926962926202823,0.37727884608259643,0.37727884608259643
AAPL|2018-03-05 16:30:00+00:00,AAPL,2018-03,1,train_forward_oof,0.5763991933844181,0.5653771113978394,0.5653771113978394
AAPL|2018-03-06 14:30:00+00:00,AAPL,2018-03,0,train_forward_oof,0.6947735807434617,0.6919446402814249,0.6919446402814249
AAPL|2018-03-06 15:30:00+00:00,AAPL,2018-03,0,train_forward_oof,0.3926275810242677,0.40040744624723124,0.40040744624723124
AAPL|2018-03-06 16:30:00+00:00,AAPL,2018-03,0,train_forward_oof,0.43033396551506875,0.4605205819789529,0.4605205819789529
AAPL|2018-03-07 14:30:00+00:00,AAPL,2018-03,1,train_forward_oof,0.7569707975505018,0.7653317896694249,0.7653317896694249
AAPL|2018-03-07 15:30:00+00:00,AAPL,2018-03,1,train_forward_oof,0.481896200470086,0.4974766353222553,0.4974766353222553
AAPL|2018-03-07 16:30:00+00:00,AAPL,2018-03,1,train_forward_oof,0.21294765803039103,0.21165346400282142,0.21165346400282142
AAPL|2018-03-08 14:30:00+00:00,AAPL,2018-03,1,train_forward_oof,0.7818238848311765,0.7853672462043633,0.7853672462043633
AAPL|2018-03-08 15:30:00+00:00,AAPL,2018-03,1,train_forward_oof,0.4744129609019426,0.4873832171011989,0.4873832171011989
AAPL|2018-03-08 16:30:00+00:00,AAPL,2018-03,1,train_forward_oof,0.2775696562183195,0.2873540607681925,0.2873540607681925
AAPL|2018-03-09 14:30:00+00:00,AAPL,2018-03,1,train_forward_oof,0.7767914802524932,0.7802538204466921,0.7802538204466921
AAPL|2018-03-09 15:30:00+00:00,AAPL,2018-03,1,train_forward_oof,0.4531054536587849,0.46700083608927717,0.46700083608927717
AAPL|2018-03-09 16:30:00+00:00,AAPL,2018-03,1,train_forward_oof,0.49078038590755885,0.5129794799071303,0.5129794799071303
AAPL|2018-03-12 14:30:00+00:00,AAPL,2018-03,0,train_forward_oof,0.613239935649321,0.6340542347364213,0.6340542347364213
AAPL|2018-03-12 15:30:00+00:00,AAPL,2018-03,1,train_forward_oof,0.34189879491955455,0.3296741577474861,0.3296741577474861
AAPL|2018-03-13 13:30:00+00:00,AAPL,2018-03,0,train_forward_oof,0.7428648773333556,0.7522327034033983,0.7522327034033983
AAPL|2018-03-13 14:30:00+00:00,AAPL,2018-03,0,train_forward_oof,0.4602042262064581,0.48153848185790976,0.48153848185790976
AAPL|2018-03-13 15:30:00+00:00,AAPL,2018-03,0,train_forward_oof,0.2816561304942281,0.30451551408303607,0.30451551408303607
AAPL|2018-03-14 13:30:00+00:00,AAPL,2018-03,0,train_forward_oof,0.6425606865806571,0.6468256620082166,0.6468256620082166
AAPL|2018-03-14 14:30:00+00:00,AAPL,2018-03,1,train_forward_oof,0.46618421876345795,0.47268173887888487,0.47268173887888487
AAPL|2018-03-14 15:30:00+00:00,AAPL,2018-03,0,train_forward_oof,0.11745155237151755,0.13178956052198537,0.13178956052198537
AAPL|2018-03-15 13:30:00+00:00,AAPL,2018-03,1,train_forward_oof,0.5790814516359409,0.5799057350653919,0.5799057350653919
AAPL|2018-03-15 14:30:00+00:00,AAPL,2018-03,0,train_forward_oof,0.2562955271831651,0.258538710104179,0.258538710104179
AAPL|2018-03-15 15:30:00+00:00,AAPL,2018-03,0,train_forward_oof,0.3375112372325819,0.34435968593821736,0.34435968593821736
AAPL|2018-03-16 13:30:00+00:00,AAPL,2018-03,0,train_forward_oof,0.7768982179638955,0.7803229500164243,0.7803229500164243
AAPL|2018-03-16 14:30:00+00:00,AAPL,2018-03,0,train_forward_oof,0.4546992766793846,0.4673184014913444,0.4673184014913444
AAPL|2018-03-16 15:30:00+00:00,AAPL,2018-03,1,train_forward_oof,0.32382471357063203,0.314894990823124,0.314894990823124
AAPL|2018-03-19 13:30:00+00:00,AAPL,2018-03,0,train_forward_oof,0.7647785047810527,0.7708153584400703,0.7708153584400703
AAPL|2018-03-19 14:30:00+00:00,AAPL,2018-03,0,train_forward_oof,0.5023136332058046,0.5201549507177167,0.5201549507177167
AAPL|2018-03-19 15:30:00+00:00,AAPL,2018-03,0,train_forward_oof,0.29739445849166923,0.3203890038334462,0.3203890038334462
AAPL|2018-03-20 13:30:00+00:00,AAPL,2018-03,0,train_forward_oof,0.6554724334663253,0.6611821660222433,0.6611821660222433
AAPL|2018-03-20 14:30:00+00:00,AAPL,2018-03,0,train_forward_oof,0.40789174453185156,0.42165706413411996,0.42165706413411996
AAPL|2018-03-20 15:30:00+00:00,AAPL,2018-03,0,train_forward_oof,0.3591289770475096,0.39139443000962876,0.39139443000962876
AAPL|2018-03-21 13:30:00+00:00,AAPL,2018-03,0,train_forward_oof,0.745453667748708,0.7489473296301472,0.7489473296301472
AAPL|2018-03-21 14:30:00+00:00,AAPL,2018-03,0,train_forward_oof,0.5484468172991278,0.5564186391032668,0.5564186391032668
AAPL|2018-03-21 15:30:00+00:00,AAPL,2018-03,0,train_forward_oof,0.30664293835582396,0.29759530603080536,0.29759530603080536
AAPL|2018-03-22 13:30:00+00:00,AAPL,2018-03,1,train_forward_oof,0.5771053535769733,0.5839117261575262,0.5839117261575262
AAPL|2018-03-22 14:30:00+00:00,AAPL,2018-03,1,train_forward_oof,0.3462811393410971,0.3562157481642629,0.3562157481642629
AAPL|2018-03-22 15:30:00+00:00,AAPL,2018-03,1,train_forward_oof,0.3214434032843668,0.36607648409348875,0.36607648409348875
AAPL|2018-03-23 13:30:00+00:00,AAPL,2018-03,1,train_forward_oof,0.5712760793524246,0.56795683130437,0.56795683130437
AAPL|2018-03-23 14:30:00+00:00,AAPL,2018-03,0,train_forward_oof,0.3288096583672901,0.33197139154683225,0.33197139154683225
AAPL|2018-03-23 15:30:00+00:00,AAPL,2018-03,0,train_forward_oof,0.1934493728128298,0.21627542295210475,0.21627542295210475
AAPL|2018-03-26 13:30:00+00:00,AAPL,2018-03,1,train_forward_oof,0.5690264926828943,0.5639939430779412,0.5639939430779412
AAPL|2018-03-26 14:30:00+00:00,AAPL,2018-03,1,train_forward_oof,0.39743728065592465,0.3975033586871077,0.3975033586871077
AAPL|2018-03-26 15:30:00+00:00,AAPL,2018-03,1,train_forward_oof,0.44743518999110454,0.4548095425668427,0.4548095425668427
AAPL|2018-03-27 13:30:00+00:00,AAPL,2018-03,0,train_forward_oof,0.8471018820233033,0.8469899801582123,0.8469899801582123
AAPL|2018-03-27 14:30:00+00:00,AAPL,2018-03,0,train_forward_oof,0.7318464457641417,0.7342101140243605,0.7342101140243605
AAPL|2018-03-27 15:30:00+00:00,AAPL,2018-03,0,train_forward_oof,0.3446470289942682,0.3604986419463471,0.3604986419463471
AAPL|2018-03-28 13:30:00+00:00,AAPL,2018-03,1,train_forward_oof,0.3220555390391374,0.3200241337509391,0.3200241337509391
AAPL|2018-03-28 14:30:00+00:00,AAPL,2018-03,1,train_forward_oof,0.23793608831816518,0.23308064860314945,0.23308064860314945
AAPL|2018-03-28 15:30:00+00:00,AAPL,2018-03,1,train_forward_oof,0.17098840836717275,0.19621986714144152,0.19621986714144152
AAPL|2018-03-29 13:30:00+00:00,AAPL,2018-03,1,train_forward_oof,0.27029423483602166,0.2595680893307729,0.2595680893307729
AAPL|2018-03-29 14:30:00+00:00,AAPL,2018-03,1,train_forward_oof,0.10739202847045098,0.10332038744521671,0.10332038744521671
AAPL|2018-03-29 15:30:00+00:00,AAPL,2018-03,1,train_forward_oof,0.467916303173821,0.4678751293707662,0.4678751293707662
AAPL|2018-04-02 13:30:00+00:00,AAPL,2018-04,0,train_forward_oof,0.606349264048004,0.6091863692415451,0.6091863692415451
AAPL|2018-04-02 14:30:00+00:00,AAPL,2018-04,0,train_forward_oof,0.47366272738285,0.46958884571376713,0.46958884571376713
AAPL|2018-04-02 15:30:00+00:00,AAPL,2018-04,0,train_forward_oof,0.4828088154400583,0.4880154396470634,0.4880154396470634
AAPL|2018-04-03 13:30:00+00:00,AAPL,2018-04,0,train_forward_oof,0.614025870179502,0.61893772766774,0.61893772766774
AAPL|2018-04-03 14:30:00+00:00,AAPL,2018-04,1,train_forward_oof,0.5507146893058353,0.5497113026201778,0.5497113026201778
AAPL|2018-04-03 15:30:00+00:00,AAPL,2018-04,1,train_forward_oof,0.5101120315312346,0.5185464817272748,0.5185464817272748
AAPL|2018-04-04 13:30:00+00:00,AAPL,2018-04,1,train_forward_oof,0.5262634502715546,0.5313922408751834,0.5313922408751834
AAPL|2018-04-04 14:30:00+00:00,AAPL,2018-04,1,train_forward_oof,0.44677502404957875,0.44549941838099844,0.44549941838099844
AAPL|2018-04-04 15:30:00+00:00,AAPL,2018-04,1,train_forward_oof,0.7129569180767511,0.7165984678610641,0.7165984678610641
AAPL|2018-04-05 13:30:00+00:00,AAPL,2018-04,1,train_forward_oof,0.5829094542202166,0.586504033827577,0.586504033827577
AAPL|2018-04-05 14:30:00+00:00,AAPL,2018-04,1,train_forward_oof,0.4518703098894354,0.44911856189490434,0.44911856189490434
AAPL|2018-04-05 15:30:00+00:00,AAPL,2018-04,1,train_forward_oof,0.5047274362681453,0.5094085053778191,0.5094085053778191
AAPL|2018-04-06 13:30:00+00:00,AAPL,2018-04,0,train_forward_oof,0.6232133355906592,0.6272233985601289,0.6272233985601289
AAPL|2018-04-06 14:30:00+00:00,AAPL,2018-04,0,train_forward_oof,0.5304227461908783,0.5290243705673443,0.5290243705673443
AAPL|2018-04-06 15:30:00+00:00,AAPL,2018-04,0,train_forward_oof,0.5033391887219739,0.5099570561238157,0.5099570561238157
AAPL|2018-04-09 13:30:00+00:00,AAPL,2018-04,1,train_forward_oof,0.6341866372261372,0.6375415263555031,0.6375415263555031
AAPL|2018-04-09 14:30:00+00:00,AAPL,2018-04,1,train_forward_oof,0.5260356604579239,0.523089338467716,0.523089338467716
AAPL|2018-04-09 15:30:00+00:00,AAPL,2018-04,0,train_forward_oof,0.354880917694198,0.36348371887924524,0.36348371887924524
AAPL|2018-04-10 13:30:00+00:00,AAPL,2018-04,0,train_forward_oof,0.6236311009911322,0.6277666233164358,0.6277666233164358
AAPL|2018-04-10 14:30:00+00:00,AAPL,2018-04,0,train_forward_oof,0.48128521882153374,0.4798073825116521,0.4798073825116521
AAPL|2018-04-10 15:30:00+00:00,AAPL,2018-04,1,train_forward_oof,0.4239226163242732,0.43035002349228313,0.43035002349228313
AAPL|2018-04-11 13:30:00+00:00,AAPL,2018-04,1,train_forward_oof,0.6277829383341126,0.6319890874044433,0.6319890874044433
AAPL|2018-04-11 14:30:00+00:00,AAPL,2018-04,1,train_forward_oof,0.47172477926200906,0.4707406343677327,0.4707406343677327
AAPL|2018-04-11 15:30:00+00:00,AAPL,2018-04,0,train_forward_oof,0.3931231181211488,0.4014686698761734,0.4014686698761734
AAPL|2018-04-12 13:30:00+00:00,AAPL,2018-04,1,train_forward_oof,0.6061476154791648,0.6107830981231057,0.6107830981231057
AAPL|2018-04-12 14:30:00+00:00,AAPL,2018-04,0,train_forward_oof,0.43599797502087656,0.4363195395278018,0.4363195395278018
AAPL|2018-04-12 15:30:00+00:00,AAPL,2018-04,1,train_forward_oof,0.3781583836743525,0.3894490422315587,0.3894490422315587
AAPL|2018-04-13 13:30:00+00:00,AAPL,2018-04,1,train_forward_oof,0.6319345563307361,0.6360440680676138,0.6360440680676138
AAPL|2018-04-13 14:30:00+00:00,AAPL,2018-04,1,train_forward_oof,0.5090532173494363,0.5079934146089098,0.5079934146089098
AAPL|2018-04-13 15:30:00+00:00,AAPL,2018-04,0,train_forward_oof,0.5144704398541848,0.5209162901356683,0.5209162901356683
AAPL|2018-04-16 13:30:00+00:00,AAPL,2018-04,1,train_forward_oof,0.5816405466597233,0.5853505918450632,0.5853505918450632
AAPL|2018-04-16 14:30:00+00:00,AAPL,2018-04,1,train_forward_oof,0.42984553758524013,0.4301063183928453,0.4301063183928453
AAPL|2018-04-16 15:30:00+00:00,AAPL,2018-04,1,train_forward_oof,0.4351827813051079,0.4535258814130281,0.4535258814130281
AAPL|2018-04-17 13:30:00+00:00,AAPL,2018-04,1,train_forward_oof,0.6257826760523234,0.6298388968930007,0.6298388968930007
AAPL|2018-04-17 14:30:00+00:00,AAPL,2018-04,1,train_forward_oof,0.4581673739386264,0.4591757311959241,0.4591757311959241
AAPL|2018-04-17 15:30:00+00:00,AAPL,2018-04,1,train_forward_oof,0.39625429170053583,0.4100828709833413,0.4100828709833413
AAPL|2018-04-18 13:30:00+00:00,AAPL,2018-04,1,train_forward_oof,0.6188368055710286,0.6225968204023665,0.6225968204023665
AAPL|2018-04-18 14:30:00+00:00,AAPL,2018-04,1,train_forward_oof,0.4706795072570446,0.47046431043977954,0.47046431043977954
AAPL|2018-04-18 15:30:00+00:00,AAPL,2018-04,1,train_forward_oof,0.40852037008488956,0.42503044211621055,0.42503044211621055
AAPL|2018-04-19 13:30:00+00:00,AAPL,2018-04,0,train_forward_oof,0.5906353387464386,0.5949754694953003,0.5949754694953003
AAPL|2018-04-19 14:30:00+00:00,AAPL,2018-04,0,train_forward_oof,0.4595688275935574,0.4586314699121809,0.4586314699121809
AAPL|2018-04-19 15:30:00+00:00,AAPL,2018-04,0,train_forward_oof,0.4524361651870525,0.45889367483520244,0.45889367483520244
AAPL|2018-04-20 13:30:00+00:00,AAPL,2018-04,0,train_forward_oof,0.6078507299897916,0.612301612976446,0.612301612976446
AAPL|2018-04-20 14:30:00+00:00,AAPL,2018-04,0,train_forward_oof,0.5073948767183512,0.5077597545687393,0.5077597545687393
AAPL|2018-04-20 15:30:00+00:00,AAPL,2018-04,0,train_forward_oof,0.382488504300884,0.3974810225519186,0.3974810225519186
AAPL|2018-04-23 13:30:00+00:00,AAPL,2018-04,0,train_forward_oof,0.5244944710880135,0.5289220575937885,0.5289220575937885
AAPL|2018-04-23 14:30:00+00:00,AAPL,2018-04,0,train_forward_oof,0.4280972398677667,0.42599328668159153,0.42599328668159153
AAPL|2018-04-23 15:30:00+00:00,AAPL,2018-04,0,train_forward_oof,0.35625350648329873,0.3638666722777336,0.3638666722777336
AAPL|2018-04-24 13:30:00+00:00,AAPL,2018-04,0,train_forward_oof,0.6148034229906966,0.6192953927702298,0.6192953927702298
AAPL|2018-04-24 14:30:00+00:00,AAPL,2018-04,0,train_forward_oof,0.5184100734547394,0.5184147141418839,0.5184147141418839
AAPL|2018-04-24 15:30:00+00:00,AAPL,2018-04,0,train_forward_oof,0.48007667648269325,0.4847783759806397,0.4847783759806397
AAPL|2018-04-25 13:30:00+00:00,AAPL,2018-04,1,train_forward_oof,0.6043094206195992,0.6089154575777127,0.6089154575777127
AAPL|2018-04-25 14:30:00+00:00,AAPL,2018-04,0,train_forward_oof,0.5491783063319959,0.5487009068192304,0.5487009068192304
AAPL|2018-04-25 15:30:00+00:00,AAPL,2018-04,0,train_forward_oof,0.4628625253824577,0.47352235666284176,0.47352235666284176
AAPL|2018-04-26 13:30:00+00:00,AAPL,2018-04,1,train_forward_oof,0.6386304064253814,0.6422280754810669,0.6422280754810669
AAPL|2018-04-26 14:30:00+00:00,AAPL,2018-04,0,train_forward_oof,0.501425355256518,0.5021705945511478,0.5021705945511478
AAPL|2018-04-26 15:30:00+00:00,AAPL,2018-04,0,train_forward_oof,0.42141290547293914,0.43308035639858344,0.43308035639858344
AAPL|2018-04-27 13:30:00+00:00,AAPL,2018-04,0,train_forward_oof,0.6434220671163373,0.6470861941302121,0.6470861941302121
AAPL|2018-04-27 14:30:00+00:00,AAPL,2018-04,1,train_forward_oof,0.6434855590170041,0.6422221987423653,0.6422221987423653
AAPL|2018-04-27 15:30:00+00:00,AAPL,2018-04,1,train_forward_oof,0.45449639662732705,0.46365914976484923,0.46365914976484923
AAPL|2018-04-30 13:30:00+00:00,AAPL,2018-04,1,train_forward_oof,0.5311225255899787,0.5352213589402762,0.5352213589402762
AAPL|2018-04-30 14:30:00+00:00,AAPL,2018-04,0,train_forward_oof,0.43795892593951424,0.4382550703614852,0.4382550703614852
AAPL|2018-04-30 15:30:00+00:00,AAPL,2018-04,0,train_forward_oof,0.3688094138314811,0.384537186333079,0.384537186333079
AAPL|2018-05-01 13:30:00+00:00,AAPL,2018-05,1,train_forward_oof,0.6735220709562014,0.6755877068721624,0.6755877068721624
AAPL|2018-05-01 14:30:00+00:00,AAPL,2018-05,1,train_forward_oof,0.6218944089235035,0.6101134863886108,0.6101134863886108
AAPL|2018-05-01 15:30:00+00:00,AAPL,2018-05,1,train_forward_oof,0.3954047553817637,0.3807267999549709,0.3807267999549709
AAPL|2018-05-02 13:30:00+00:00,AAPL,2018-05,1,train_forward_oof,0.591728773604801,0.5946884490397362,0.5946884490397362
AAPL|2018-05-02 14:30:00+00:00,AAPL,2018-05,1,train_forward_oof,0.5194735649172552,0.5115047773321764,0.5115047773321764
AAPL|2018-05-02 15:30:00+00:00,AAPL,2018-05,1,train_forward_oof,0.4297543590417521,0.44799239497020815,0.44799239497020815
AAPL|2018-05-03 13:30:00+00:00,AAPL,2018-05,1,train_forward_oof,0.6064270799500424,0.6093088590725967,0.6093088590725967
AAPL|2018-05-03 14:30:00+00:00,AAPL,2018-05,1,train_forward_oof,0.5327314838463432,0.5147692978422753,0.5147692978422753
AAPL|2018-05-03 15:30:00+00:00,AAPL,2018-05,1,train_forward_oof,0.3905070373693883,0.3700336389251183,0.3700336389251183
AAPL|2018-05-04 13:30:00+00:00,AAPL,2018-05,1,train_forward_oof,0.6081508810617857,0.6125778304316383,0.6125778304316383
AAPL|2018-05-04 14:30:00+00:00,AAPL,2018-05,1,train_forward_oof,0.5707105043237669,0.5538220220441086,0.5538220220441086
AAPL|2018-05-04 15:30:00+00:00,AAPL,2018-05,1,train_forward_oof,0.3490243604588484,0.3274388000951396,0.3274388000951396
AAPL|2018-05-07 13:30:00+00:00,AAPL,2018-05,1,train_forward_oof,0.663773688274611,0.6636808015535943,0.6636808015535943
AAPL|2018-05-07 14:30:00+00:00,AAPL,2018-05,0,train_forward_oof,0.5833269173419864,0.5726006374629962,0.5726006374629962
AAPL|2018-05-07 15:30:00+00:00,AAPL,2018-05,0,train_forward_oof,0.4061669883700047,0.403957312824307,0.403957312824307
AAPL|2018-05-08 13:30:00+00:00,AAPL,2018-05,1,train_forward_oof,0.6338731735214155,0.6379055681048256,0.6379055681048256
AAPL|2018-05-08 14:30:00+00:00,AAPL,2018-05,1,train_forward_oof,0.5124991560373845,0.5137720348069934,0.5137720348069934
AAPL|2018-05-08 15:30:00+00:00,AAPL,2018-05,0,train_forward_oof,0.5094334580378489,0.4943130185971897,0.4943130185971897
AAPL|2018-05-09 13:30:00+00:00,AAPL,2018-05,0,train_forward_oof,0.6096633964474337,0.612012655625135,0.612012655625135
AAPL|2018-05-09 14:30:00+00:00,AAPL,2018-05,1,train_forward_oof,0.47192590915325294,0.47291866599643834,0.47291866599643834
AAPL|2018-05-09 15:30:00+00:00,AAPL,2018-05,1,train_forward_oof,0.3993545526339409,0.38697697858558144,0.38697697858558144
AAPL|2018-05-10 13:30:00+00:00,AAPL,2018-05,1,train_forward_oof,0.5681047951517749,0.5698589174904445,0.5698589174904445
AAPL|2018-05-10 14:30:00+00:00,AAPL,2018-05,1,train_forward_oof,0.4149764942287912,0.41623544104210947,0.41623544104210947
AAPL|2018-05-10 15:30:00+00:00,AAPL,2018-05,1,train_forward_oof,0.4992503321962589,0.5157236896416758,0.5157236896416758
AAPL|2018-05-11 13:30:00+00:00,AAPL,2018-05,0,train_forward_oof,0.6268834978139727,0.6283981995963066,0.6283981995963066
AAPL|2018-05-11 14:30:00+00:00,AAPL,2018-05,0,train_forward_oof,0.4893692045112509,0.4923277977313687,0.4923277977313687
AAPL|2018-05-11 15:30:00+00:00,AAPL,2018-05,0,train_forward_oof,0.40616574822645507,0.4324015078318426,0.4324015078318426
AAPL|2018-05-14 13:30:00+00:00,AAPL,2018-05,0,train_forward_oof,0.5963075109215464,0.5967699651892996,0.5967699651892996
AAPL|2018-05-14 14:30:00+00:00,AAPL,2018-05,0,train_forward_oof,0.4467955845499959,0.45759649827136,0.45759649827136
AAPL|2018-05-14 15:30:00+00:00,AAPL,2018-05,0,train_forward_oof,0.37833514851117667,0.37529688266086086,0.37529688266086086
AAPL|2018-05-15 13:30:00+00:00,AAPL,2018-05,0,train_forward_oof,0.6101560663696182,0.6112468132885502,0.6112468132885502
AAPL|2018-05-15 14:30:00+00:00,AAPL,2018-05,0,train_forward_oof,0.4520767265895419,0.4388915314436534,0.4388915314436534
AAPL|2018-05-15 15:30:00+00:00,AAPL,2018-05,0,train_forward_oof,0.38744019376619127,0.359901606288465,0.359901606288465
AAPL|2018-05-16 13:30:00+00:00,AAPL,2018-05,1,train_forward_oof,0.5925001188274811,0.5946830733305638,0.5946830733305638
AAPL|2018-05-16 14:30:00+00:00,AAPL,2018-05,1,train_forward_oof,0.45448853475604084,0.4482411926143221,0.4482411926143221
AAPL|2018-05-16 15:30:00+00:00,AAPL,2018-05,1,train_forward_oof,0.3930504447439617,0.38532440563372344,0.38532440563372344
AAPL|2018-05-17 13:30:00+00:00,AAPL,2018-05,0,train_forward_oof,0.6143949964642255,0.6152549941634462,0.6152549941634462
AAPL|2018-05-17 14:30:00+00:00,AAPL,2018-05,0,train_forward_oof,0.49822580786380366,0.49942681630387353,0.49942681630387353
AAPL|2018-05-17 15:30:00+00:00,AAPL,2018-05,0,train_forward_oof,0.3888342375443468,0.40308436893988336,0.40308436893988336
AAPL|2018-05-18 13:30:00+00:00,AAPL,2018-05,1,train_forward_oof,0.623242238213299,0.624814120528971,0.624814120528971
AAPL|2018-05-18 14:30:00+00:00,AAPL,2018-05,0,train_forward_oof,0.5165809159259822,0.5082932328420156,0.5082932328420156
AAPL|2018-05-18 15:30:00+00:00,AAPL,2018-05,0,train_forward_oof,0.3946856402584123,0.3872932155901641,0.3872932155901641
AAPL|2018-05-21 13:30:00+00:00,AAPL,2018-05,1,train_forward_oof,0.6053831080910721,0.6055919337988751,0.6055919337988751
AAPL|2018-05-21 14:30:00+00:00,AAPL,2018-05,0,train_forward_oof,0.45991050935997796,0.4579468948169558,0.4579468948169558
AAPL|2018-05-21 15:30:00+00:00,AAPL,2018-05,0,train_forward_oof,0.4008517397623722,0.4110124162164482,0.4110124162164482
AAPL|2018-05-22 13:30:00+00:00,AAPL,2018-05,0,train_forward_oof,0.6071509500325531,0.6089036544183797,0.6089036544183797
AAPL|2018-05-22 14:30:00+00:00,AAPL,2018-05,1,train_forward_oof,0.4738877453437157,0.4582513827019979,0.4582513827019979
AAPL|2018-05-22 15:30:00+00:00,AAPL,2018-05,1,train_forward_oof,0.31815377644850107,0.3082352864764103,0.3082352864764103
AAPL|2018-05-23 13:30:00+00:00,AAPL,2018-05,1,train_forward_oof,0.5754460839254288,0.5764793885886553,0.5764793885886553
AAPL|2018-05-23 14:30:00+00:00,AAPL,2018-05,1,train_forward_oof,0.42236868025026075,0.40787625076612066,0.40787625076612066
AAPL|2018-05-23 15:30:00+00:00,AAPL,2018-05,1,train_forward_oof,0.37664780566553746,0.3482587884066639,0.3482587884066639
AAPL|2018-05-24 13:30:00+00:00,AAPL,2018-05,0,train_forward_oof,0.6170911135166778,0.6180703270395749,0.6180703270395749
AAPL|2018-05-24 14:30:00+00:00,AAPL,2018-05,1,train_forward_oof,0.4697728821687443,0.45099296431777114,0.45099296431777114
AAPL|2018-05-24 15:30:00+00:00,AAPL,2018-05,1,train_forward_oof,0.3692679069200953,0.35002534997821927,0.35002534997821927
AAPL|2018-05-25 13:30:00+00:00,AAPL,2018-05,1,train_forward_oof,0.5436144196524938,0.5472730031959506,0.5472730031959506
AAPL|2018-05-25 14:30:00+00:00,AAPL,2018-05,0,train_forward_oof,0.4171554572308078,0.3996441364203201,0.3996441364203201
AAPL|2018-05-25 15:30:00+00:00,AAPL,2018-05,0,train_forward_oof,0.3637834080991315,0.34721149027347636,0.34721149027347636
AAPL|2018-05-29 13:30:00+00:00,AAPL,2018-05,0,train_forward_oof,0.6087115109463797,0.6077110595096377,0.6077110595096377
AAPL|2018-05-29 14:30:00+00:00,AAPL,2018-05,0,train_forward_oof,0.4457878452936833,0.43245853060763656,0.43245853060763656
AAPL|2018-05-29 15:30:00+00:00,AAPL,2018-05,0,train_forward_oof,0.3835735625606662,0.35070792652612465,0.35070792652612465
AAPL|2018-05-30 13:30:00+00:00,AAPL,2018-05,1,train_forward_oof,0.6163812675785267,0.6178394349757907,0.6178394349757907
AAPL|2018-05-30 14:30:00+00:00,AAPL,2018-05,1,train_forward_oof,0.4522571214021801,0.44166846776225405,0.44166846776225405
AAPL|2018-05-30 15:30:00+00:00,AAPL,2018-05,1,train_forward_oof,0.3642787248894871,0.3614060826743448,0.3614060826743448
AAPL|2018-05-31 13:30:00+00:00,AAPL,2018-05,1,train_forward_oof,0.5702023115990223,0.5712742208067478,0.5712742208067478
AAPL|2018-05-31 14:30:00+00:00,AAPL,2018-05,0,train_forward_oof,0.4091493982495937,0.38746778114551933,0.38746778114551933
AAPL|2018-05-31 15:30:00+00:00,AAPL,2018-05,0,train_forward_oof,0.3718046255260291,0.3350336908860856,0.3350336908860856
AAPL|2018-06-01 13:30:00+00:00,AAPL,2018-06,1,train_forward_oof,0.5922034957281703,0.5945534084768312,0.5945534084768312
AAPL|2018-06-01 14:30:00+00:00,AAPL,2018-06,1,train_forward_oof,0.5126248454998568,0.5035931446444764,0.5035931446444764
AAPL|2018-06-01 15:30:00+00:00,AAPL,2018-06,1,train_forward_oof,0.41998838907328545,0.4206296074295876,0.4206296074295876
AAPL|2018-06-04 13:30:00+00:00,AAPL,2018-06,1,train_forward_oof,0.5813477017095505,0.5815943240919972,0.5815943240919972
AAPL|2018-06-04 14:30:00+00:00,AAPL,2018-06,0,train_forward_oof,0.4501229693571284,0.45415061672963936,0.45415061672963936
AAPL|2018-06-04 15:30:00+00:00,AAPL,2018-06,0,train_forward_oof,0.40728242414519134,0.4358952471052962,0.4358952471052962
AAPL|2018-06-05 13:30:00+00:00,AAPL,2018-06,1,train_forward_oof,0.5718514126453551,0.574912132168708,0.574912132168708
AAPL|2018-06-05 14:30:00+00:00,AAPL,2018-06,0,train_forward_oof,0.4446621633297013,0.44747253926826813,0.44747253926826813
AAPL|2018-06-05 15:30:00+00:00,AAPL,2018-06,0,train_forward_oof,0.4062039958818712,0.41965045653983474,0.41965045653983474
AAPL|2018-06-06 13:30:00+00:00,AAPL,2018-06,0,train_forward_oof,0.6074283022518098,0.608888734572202,0.608888734572202
AAPL|2018-06-06 14:30:00+00:00,AAPL,2018-06,1,train_forward_oof,0.5152915925257302,0.5231407829180115,0.5231407829180115
AAPL|2018-06-06 15:30:00+00:00,AAPL,2018-06,1,train_forward_oof,0.4050172950083182,0.41423731477073217,0.41423731477073217
AAPL|2018-06-07 13:30:00+00:00,AAPL,2018-06,0,train_forward_oof,0.5882358509568884,0.5904572607026803,0.5904572607026803
AAPL|2018-06-07 14:30:00+00:00,AAPL,2018-06,0,train_forward_oof,0.4348364721642756,0.4311591934233811,0.4311591934233811
AAPL|2018-06-07 15:30:00+00:00,AAPL,2018-06,1,train_forward_oof,0.4219038576636235,0.42388667811479236,0.42388667811479236
AAPL|2018-06-08 13:30:00+00:00,AAPL,2018-06,1,train_forward_oof,0.5790388283182563,0.581374713038377,0.581374713038377
AAPL|2018-06-08 14:30:00+00:00,AAPL,2018-06,1,train_forward_oof,0.415173768178171,0.4132550879267038,0.4132550879267038
AAPL|2018-06-08 15:30:00+00:00,AAPL,2018-06,1,train_forward_oof,0.41866965844113146,0.4261528239093637,0.4261528239093637
AAPL|2018-06-11 13:30:00+00:00,AAPL,2018-06,1,train_forward_oof,0.554081407850621,0.5552964521904312,0.5552964521904312
AAPL|2018-06-11 14:30:00+00:00,AAPL,2018-06,1,train_forward_oof,0.4018053814956304,0.4157922680997559,0.4157922680997559
AAPL|2018-06-11 15:30:00+00:00,AAPL,2018-06,1,train_forward_oof,0.3983977204101548,0.4330806681746834,0.4330806681746834
AAPL|2018-06-12 13:30:00+00:00,AAPL,2018-06,1,train_forward_oof,0.5681318054443601,0.5704688047700099,0.5704688047700099
AAPL|2018-06-12 14:30:00+00:00,AAPL,2018-06,1,train_forward_oof,0.41201497865295894,0.4315627099394995,0.4315627099394995
AAPL|2018-06-12 15:30:00+00:00,AAPL,2018-06,1,train_forward_oof,0.3691755470350471,0.40379155042064346,0.40379155042064346
AAPL|2018-06-13 13:30:00+00:00,AAPL,2018-06,0,train_forward_oof,0.6087486372928355,0.6110291849662085,0.6110291849662085
AAPL|2018-06-13 14:30:00+00:00,AAPL,2018-06,0,train_forward_oof,0.44475286976266537,0.4730207808161224,0.4730207808161224
AAPL|2018-06-13 15:30:00+00:00,AAPL,2018-06,0,train_forward_oof,0.3677526822469063,0.413688076823454,0.413688076823454
AAPL|2018-06-14 13:30:00+00:00,AAPL,2018-06,0,train_forward_oof,0.5968661797761435,0.599254851658188,0.599254851658188
AAPL|2018-06-14 14:30:00+00:00,AAPL,2018-06,0,train_forward_oof,0.466534139574055,0.4848594931687568,0.4848594931687568
AAPL|2018-06-14 15:30:00+00:00,AAPL,2018-06,0,train_forward_oof,0.4195968054421504,0.45307882360214313,0.45307882360214313
AAPL|2018-06-15 13:30:00+00:00,AAPL,2018-06,0,train_forward_oof,0.5986349568992682,0.6003700757624145,0.6003700757624145
AAPL|2018-06-15 14:30:00+00:00,AAPL,2018-06,1,train_forward_oof,0.4349939242526338,0.4454181763429264,0.4454181763429264
AAPL|2018-06-15 15:30:00+00:00,AAPL,2018-06,1,train_forward_oof,0.39063867801558266,0.40715468836862573,0.40715468836862573
AAPL|2018-06-18 13:30:00+00:00,AAPL,2018-06,1,train_forward_oof,0.5395260598200338,0.5416924038827585,0.5416924038827585
AAPL|2018-06-18 14:30:00+00:00,AAPL,2018-06,1,train_forward_oof,0.3715326899278456,0.3764868010488755,0.3764868010488755
AAPL|2018-06-18 15:30:00+00:00,AAPL,2018-06,0,train_forward_oof,0.4206387452207321,0.44127568275124757,0.44127568275124757
AAPL|2018-06-19 13:30:00+00:00,AAPL,2018-06,1,train_forward_oof,0.6012074107452163,0.6028645401328018,0.6028645401328018
AAPL|2018-06-19 14:30:00+00:00,AAPL,2018-06,1,train_forward_oof,0.46151645377117034,0.46563293333053346,0.46563293333053346
AAPL|2018-06-19 15:30:00+00:00,AAPL,2018-06,1,train_forward_oof,0.41178646316619155,0.4146475873062043,0.4146475873062043
AAPL|2018-06-20 13:30:00+00:00,AAPL,2018-06,1,train_forward_oof,0.5793202559660151,0.5823084256280742,0.5823084256280742
AAPL|2018-06-20 14:30:00+00:00,AAPL,2018-06,1,train_forward_oof,0.443864958004359,0.45402740627569205,0.45402740627569205
AAPL|2018-06-20 15:30:00+00:00,AAPL,2018-06,1,train_forward_oof,0.4472811447026135,0.4749837964758834,0.4749837964758834
AAPL|2018-06-21 13:30:00+00:00,AAPL,2018-06,0,train_forward_oof,0.5782516256346056,0.5806528123499354,0.5806528123499354
AAPL|2018-06-21 14:30:00+00:00,AAPL,2018-06,0,train_forward_oof,0.4902771362640543,0.49130725683298976,0.49130725683298976
AAPL|2018-06-21 15:30:00+00:00,AAPL,2018-06,0,train_forward_oof,0.3992448726653284,0.4064270666630275,0.4064270666630275
AAPL|2018-06-22 13:30:00+00:00,AAPL,2018-06,0,train_forward_oof,0.5828104393273242,0.5851922399863598,0.5851922399863598
AAPL|2018-06-22 14:30:00+00:00,AAPL,2018-06,1,train_forward_oof,0.44229915590661073,0.4512825193608012,0.4512825193608012
AAPL|2018-06-22 15:30:00+00:00,AAPL,2018-06,1,train_forward_oof,0.39545530838298754,0.40496221862176074,0.40496221862176074
AAPL|2018-06-25 13:30:00+00:00,AAPL,2018-06,0,train_forward_oof,0.5495522073443716,0.5506934139457385,0.5506934139457385
AAPL|2018-06-25 14:30:00+00:00,AAPL,2018-06,0,train_forward_oof,0.4218682132446537,0.41485292743660973,0.41485292743660973
AAPL|2018-06-25 15:30:00+00:00,AAPL,2018-06,0,train_forward_oof,0.40136340923981584,0.3906072132987774,0.3906072132987774
AAPL|2018-06-26 13:30:00+00:00,AAPL,2018-06,1,train_forward_oof,0.6082261878054599,0.6111879966201047,0.6111879966201047
AAPL|2018-06-26 14:30:00+00:00,AAPL,2018-06,1,train_forward_oof,0.4842761979739071,0.48925690936715166,0.48925690936715166
AAPL|2018-06-26 15:30:00+00:00,AAPL,2018-06,1,train_forward_oof,0.42621180466157604,0.4187901395791367,0.4187901395791367
AAPL|2018-06-27 13:30:00+00:00,AAPL,2018-06,0,train_forward_oof,0.6464286754000137,0.648794123295777,0.648794123295777
AAPL|2018-06-27 14:30:00+00:00,AAPL,2018-06,0,train_forward_oof,0.5157447790864407,0.5174345834151832,0.5174345834151832
AAPL|2018-06-27 15:30:00+00:00,AAPL,2018-06,0,train_forward_oof,0.453930423200617,0.44972084218233455,0.44972084218233455
AAPL|2018-06-28 13:30:00+00:00,AAPL,2018-06,1,train_forward_oof,0.6291703400937123,0.6319272809787693,0.6319272809787693
AAPL|2018-06-28 14:30:00+00:00,AAPL,2018-06,1,train_forward_oof,0.5053219651218824,0.4928459615494132,0.4928459615494132
AAPL|2018-06-28 15:30:00+00:00,AAPL,2018-06,1,train_forward_oof,0.4384475825120101,0.42351068684158305,0.42351068684158305
AAPL|2018-06-29 13:30:00+00:00,AAPL,2018-06,0,train_forward_oof,0.633965285865582,0.6355351772571132,0.6355351772571132
AAPL|2018-06-29 14:30:00+00:00,AAPL,2018-06,1,train_forward_oof,0.4986672514717911,0.49812313811724196,0.49812313811724196
AAPL|2018-06-29 15:30:00+00:00,AAPL,2018-06,0,train_forward_oof,0.40130385435620136,0.4055532516632166,0.4055532516632166
AAPL|2018-07-02 13:30:00+00:00,AAPL,2018-07,1,train_forward_oof,0.5401751281312127,0.5395833622910597,0.5395833622910597
AAPL|2018-07-02 14:30:00+00:00,AAPL,2018-07,1,train_forward_oof,0.42792494099158596,0.423639566482126,0.423639566482126
AAPL|2018-07-02 15:30:00+00:00,AAPL,2018-07,1,train_forward_oof,0.45353549119797915,0.4464203938919083,0.4464203938919083
AAPL|2018-07-05 13:30:00+00:00,AAPL,2018-07,1,train_forward_oof,0.5485608702643479,0.5505831684395365,0.5505831684395365
AAPL|2018-07-05 14:30:00+00:00,AAPL,2018-07,1,train_forward_oof,0.4482725101555208,0.44815260569506615,0.44815260569506615
AAPL|2018-07-05 15:30:00+00:00,AAPL,2018-07,1,train_forward_oof,0.4418665982549848,0.4472215112447411,0.4472215112447411
AAPL|2018-07-06 13:30:00+00:00,AAPL,2018-07,1,train_forward_oof,0.5616220463970196,0.5623053494025989,0.5623053494025989
AAPL|2018-07-06 14:30:00+00:00,AAPL,2018-07,1,train_forward_oof,0.46160874262261775,0.4640041650851385,0.4640041650851385
AAPL|2018-07-06 15:30:00+00:00,AAPL,2018-07,1,train_forward_oof,0.46184622615532717,0.45940618667030847,0.45940618667030847
AAPL|2018-07-09 13:30:00+00:00,AAPL,2018-07,1,train_forward_oof,0.5723694859440138,0.5711773220316718,0.5711773220316718
AAPL|2018-07-09 14:30:00+00:00,AAPL,2018-07,1,train_forward_oof,0.48319597834293,0.48364806886814915,0.48364806886814915
AAPL|2018-07-09 15:30:00+00:00,AAPL,2018-07,1,train_forward_oof,0.4744330169295234,0.4675611493833476,0.4675611493833476
AAPL|2018-07-10 13:30:00+00:00,AAPL,2018-07,1,train_forward_oof,0.5863808288893246,0.5864064392970791,0.5864064392970791
AAPL|2018-07-10 14:30:00+00:00,AAPL,2018-07,0,train_forward_oof,0.4656025289246703,0.46909384762492073,0.46909384762492073
AAPL|2018-07-10 15:30:00+00:00,AAPL,2018-07,0,train_forward_oof,0.4412311778793715,0.43381067740608786,0.43381067740608786
AAPL|2018-07-11 13:30:00+00:00,AAPL,2018-07,1,train_forward_oof,0.5673496574743625,0.5677554550472869,0.5677554550472869
AAPL|2018-07-11 14:30:00+00:00,AAPL,2018-07,0,train_forward_oof,0.44294533724543744,0.44712503527964387,0.44712503527964387
AAPL|2018-07-11 15:30:00+00:00,AAPL,2018-07,0,train_forward_oof,0.40807155635137304,0.3963655908640425,0.3963655908640425
AAPL|2018-07-12 13:30:00+00:00,AAPL,2018-07,1,train_forward_oof,0.6059477937720252,0.6066743377689355,0.6066743377689355
AAPL|2018-07-12 14:30:00+00:00,AAPL,2018-07,1,train_forward_oof,0.49938974348939674,0.5034394976274185,0.5034394976274185
AAPL|2018-07-12 15:30:00+00:00,AAPL,2018-07,1,train_forward_oof,0.39910614479165485,0.392343189361048,0.392343189361048
AAPL|2018-07-13 13:30:00+00:00,AAPL,2018-07,1,train_forward_oof,0.5857533016960005,0.5861085616057409,0.5861085616057409
AAPL|2018-07-13 14:30:00+00:00,AAPL,2018-07,0,train_forward_oof,0.46715480392586906,0.4685458680445126,0.4685458680445126
AAPL|2018-07-13 15:30:00+00:00,AAPL,2018-07,0,train_forward_oof,0.394141852250385,0.39251252947611087,0.39251252947611087
AAPL|2018-07-16 13:30:00+00:00,AAPL,2018-07,0,train_forward_oof,0.5531315778039038,0.5524604270549245,0.5524604270549245
AAPL|2018-07-16 14:30:00+00:00,AAPL,2018-07,0,train_forward_oof,0.43383422465010585,0.4385637133415638,0.4385637133415638
AAPL|2018-07-16 15:30:00+00:00,AAPL,2018-07,0,train_forward_oof,0.4003665286304289,0.3983801487410939,0.3983801487410939
AAPL|2018-07-17 13:30:00+00:00,AAPL,2018-07,1,train_forward_oof,0.5778474871117893,0.578429688263797,0.578429688263797
AAPL|2018-07-17 14:30:00+00:00,AAPL,2018-07,1,train_forward_oof,0.45273399643913936,0.45544068152047185,0.45544068152047185
AAPL|2018-07-17 15:30:00+00:00,AAPL,2018-07,1,train_forward_oof,0.4581021085591157,0.45714086376538093,0.45714086376538093
AAPL|2018-07-18 13:30:00+00:00,AAPL,2018-07,0,train_forward_oof,0.5701305407235149,0.5705049342411831,0.5705049342411831
AAPL|2018-07-18 14:30:00+00:00,AAPL,2018-07,1,train_forward_oof,0.4463033304644085,0.44940007355752676,0.44940007355752676
AAPL|2018-07-18 15:30:00+00:00,AAPL,2018-07,1,train_forward_oof,0.44476564771133736,0.4471335610544998,0.4471335610544998
AAPL|2018-07-19 13:30:00+00:00,AAPL,2018-07,1,train_forward_oof,0.5535068017288174,0.5546738271016608,0.5546738271016608
AAPL|2018-07-19 14:30:00+00:00,AAPL,2018-07,1,train_forward_oof,0.4232561393898293,0.4239112752260111,0.4239112752260111
AAPL|2018-07-19 15:30:00+00:00,AAPL,2018-07,0,train_forward_oof,0.47931560027458014,0.4662490312307373,0.4662490312307373
AAPL|2018-07-20 13:30:00+00:00,AAPL,2018-07,1,train_forward_oof,0.6168670721822652,0.6167356429327555,0.6167356429327555
AAPL|2018-07-20 14:30:00+00:00,AAPL,2018-07,0,train_forward_oof,0.4879377135766688,0.48859720222828623,0.48859720222828623
AAPL|2018-07-20 15:30:00+00:00,AAPL,2018-07,0,train_forward_oof,0.4349803978226424,0.432055242401925,0.432055242401925
AAPL|2018-07-23 13:30:00+00:00,AAPL,2018-07,1,train_forward_oof,0.550405074279528,0.5507002482780569,0.5507002482780569
AAPL|2018-07-23 14:30:00+00:00,AAPL,2018-07,1,train_forward_oof,0.4310813256893107,0.42699457746272845,0.42699457746272845
AAPL|2018-07-23 15:30:00+00:00,AAPL,2018-07,1,train_forward_oof,0.4498279594358393,0.443855159326431,0.443855159326431
AAPL|2018-07-24 13:30:00+00:00,AAPL,2018-07,1,train_forward_oof,0.5462193799314293,0.5471986672534884,0.5471986672534884
AAPL|2018-07-24 14:30:00+00:00,AAPL,2018-07,0,train_forward_oof,0.4247533384530448,0.4297367191501683,0.4297367191501683
AAPL|2018-07-24 15:30:00+00:00,AAPL,2018-07,1,train_forward_oof,0.43571176172548853,0.4204611527230704,0.4204611527230704
AAPL|2018-07-25 13:30:00+00:00,AAPL,2018-07,1,train_forward_oof,0.5972328587382663,0.5977508179924725,0.5977508179924725
AAPL|2018-07-25 14:30:00+00:00,AAPL,2018-07,1,train_forward_oof,0.46976407363015477,0.478039671015829,0.478039671015829
AAPL|2018-07-25 15:30:00+00:00,AAPL,2018-07,1,train_forward_oof,0.40080927508552755,0.395846811679077,0.395846811679077
AAPL|2018-07-26 13:30:00+00:00,AAPL,2018-07,1,train_forward_oof,0.5545108094592027,0.5552331215379054,0.5552331215379054
AAPL|2018-07-26 14:30:00+00:00,AAPL,2018-07,0,train_forward_oof,0.46567635352932896,0.4660191875830916,0.4660191875830916
AAPL|2018-07-26 15:30:00+00:00,AAPL,2018-07,0,train_forward_oof,0.41451055660205277,0.40684160990657675,0.40684160990657675
AAPL|2018-07-27 13:30:00+00:00,AAPL,2018-07,0,train_forward_oof,0.5924387168825171,0.5929360552802464,0.5929360552802464
AAPL|2018-07-27 14:30:00+00:00,AAPL,2018-07,0,train_forward_oof,0.552527293729126,0.5490386819732682,0.5490386819732682
AAPL|2018-07-27 15:30:00+00:00,AAPL,2018-07,0,train_forward_oof,0.3821597095843167,0.36580243963173176,0.36580243963173176
AAPL|2018-07-30 13:30:00+00:00,AAPL,2018-07,0,train_forward_oof,0.5449666869028187,0.5463001241595483,0.5463001241595483
AAPL|2018-07-30 14:30:00+00:00,AAPL,2018-07,0,train_forward_oof,0.4350850148947469,0.4259975469106547,0.4259975469106547
AAPL|2018-07-30 15:30:00+00:00,AAPL,2018-07,1,train_forward_oof,0.4384407840714375,0.41348649211868005,0.41348649211868005
AAPL|2018-07-31 13:30:00+00:00,AAPL,2018-07,1,train_forward_oof,0.5543120696732228,0.5560262466893192,0.5560262466893192
AAPL|2018-07-31 14:30:00+00:00,AAPL,2018-07,1,train_forward_oof,0.44351286540941176,0.4303223426765677,0.4303223426765677
AAPL|2018-07-31 15:30:00+00:00,AAPL,2018-07,1,train_forward_oof,0.42390201607209155,0.40927904380461383,0.40927904380461383
AAPL|2018-08-01 13:30:00+00:00,AAPL,2018-08,1,train_forward_oof,0.5305791440490749,0.5327239082827877,0.5327239082827877
AAPL|2018-08-01 14:30:00+00:00,AAPL,2018-08,1,train_forward_oof,0.5542312638525169,0.5400133433240754,0.5400133433240754
AAPL|2018-08-01 15:30:00+00:00,AAPL,2018-08,0,train_forward_oof,0.5761423806648803,0.5532055569817927,0.5532055569817927
AAPL|2018-08-02 13:30:00+00:00,AAPL,2018-08,1,train_forward_oof,0.6261318053574951,0.6270919446581463,0.6270919446581463
AAPL|2018-08-02 14:30:00+00:00,AAPL,2018-08,1,train_forward_oof,0.5240073476278795,0.5095491378703859,0.5095491378703859
AAPL|2018-08-02 15:30:00+00:00,AAPL,2018-08,1,train_forward_oof,0.639064528147259,0.6145574159985157,0.6145574159985157
AAPL|2018-08-03 13:30:00+00:00,AAPL,2018-08,1,train_forward_oof,0.7031533653404616,0.7029400375841004,0.7029400375841004
AAPL|2018-08-03 14:30:00+00:00,AAPL,2018-08,1,train_forward_oof,0.6185524878755523,0.6079999187322613,0.6079999187322613
AAPL|2018-08-03 15:30:00+00:00,AAPL,2018-08,1,train_forward_oof,0.4950263172345789,0.4774828701100463,0.4774828701100463
AAPL|2018-08-06 13:30:00+00:00,AAPL,2018-08,1,train_forward_oof,0.5591185252823111,0.559420947492783,0.559420947492783
AAPL|2018-08-06 14:30:00+00:00,AAPL,2018-08,1,train_forward_oof,0.436395042122926,0.4275167605310757,0.4275167605310757
AAPL|2018-08-06 15:30:00+00:00,AAPL,2018-08,1,train_forward_oof,0.4664630481303045,0.45513521010165214,0.45513521010165214
AAPL|2018-08-07 13:30:00+00:00,AAPL,2018-08,0,train_forward_oof,0.5786943885185096,0.5795061986376773,0.5795061986376773
AAPL|2018-08-07 14:30:00+00:00,AAPL,2018-08,0,train_forward_oof,0.4980278551298595,0.4881619627019194,0.4881619627019194
AAPL|2018-08-07 15:30:00+00:00,AAPL,2018-08,0,train_forward_oof,0.44357738334054225,0.4376419724840091,0.4376419724840091
AAPL|2018-08-08 13:30:00+00:00,AAPL,2018-08,1,train_forward_oof,0.6068440049727457,0.6085400241716356,0.6085400241716356
AAPL|2018-08-08 14:30:00+00:00,AAPL,2018-08,1,train_forward_oof,0.5115143709099715,0.5071692847059852,0.5071692847059852
AAPL|2018-08-08 15:30:00+00:00,AAPL,2018-08,1,train_forward_oof,0.42984144803516333,0.4296950501364383,0.4296950501364383
AAPL|2018-08-09 13:30:00+00:00,AAPL,2018-08,1,train_forward_oof,0.6352372426429571,0.635500932221269,0.635500932221269
AAPL|2018-08-09 14:30:00+00:00,AAPL,2018-08,1,train_forward_oof,0.5376103230489165,0.5366054138722096,0.5366054138722096
AAPL|2018-08-09 15:30:00+00:00,AAPL,2018-08,1,train_forward_oof,0.4171613364470875,0.4073007788407959,0.4073007788407959
AAPL|2018-08-10 13:30:00+00:00,AAPL,2018-08,1,train_forward_oof,0.6474945087640164,0.6475641182610532,0.6475641182610532
AAPL|2018-08-10 14:30:00+00:00,AAPL,2018-08,0,train_forward_oof,0.5031052962357961,0.4971809807443118,0.4971809807443118
AAPL|2018-08-10 15:30:00+00:00,AAPL,2018-08,0,train_forward_oof,0.436054828402862,0.43048165405231564,0.43048165405231564
AAPL|2018-08-13 13:30:00+00:00,AAPL,2018-08,1,train_forward_oof,0.5927985683845254,0.5927287180941656,0.5927287180941656
AAPL|2018-08-13 14:30:00+00:00,AAPL,2018-08,0,train_forward_oof,0.5100813123184077,0.500689922703422,0.500689922703422
AAPL|2018-08-13 15:30:00+00:00,AAPL,2018-08,0,train_forward_oof,0.4501798900232757,0.4336302824805036,0.4336302824805036
AAPL|2018-08-14 13:30:00+00:00,AAPL,2018-08,0,train_forward_oof,0.6791271370779596,0.6799120211099393,0.6799120211099393
AAPL|2018-08-14 14:30:00+00:00,AAPL,2018-08,1,train_forward_oof,0.569203886902041,0.5665864508455289,0.5665864508455289
AAPL|2018-08-14 15:30:00+00:00,AAPL,2018-08,1,train_forward_oof,0.4662320099521931,0.459524151974055,0.459524151974055
AAPL|2018-08-15 13:30:00+00:00,AAPL,2018-08,1,train_forward_oof,0.5913019395253107,0.5922309124414653,0.5922309124414653
AAPL|2018-08-15 14:30:00+00:00,AAPL,2018-08,1,train_forward_oof,0.4633352772624942,0.4476496166216614,0.4476496166216614
AAPL|2018-08-15 15:30:00+00:00,AAPL,2018-08,1,train_forward_oof,0.44551465731382456,0.41376857057147687,0.41376857057147687
AAPL|2018-08-16 13:30:00+00:00,AAPL,2018-08,1,train_forward_oof,0.5922306416351988,0.5934108327726869,0.5934108327726869
AAPL|2018-08-16 14:30:00+00:00,AAPL,2018-08,1,train_forward_oof,0.4910368689427597,0.48580583746022943,0.48580583746022943
AAPL|2018-08-16 15:30:00+00:00,AAPL,2018-08,1,train_forward_oof,0.47682879037516285,0.46271186407735493,0.46271186407735493
AAPL|2018-08-17 13:30:00+00:00,AAPL,2018-08,1,train_forward_oof,0.6223761581791959,0.6223141697750818,0.6223141697750818
AAPL|2018-08-17 14:30:00+00:00,AAPL,2018-08,1,train_forward_oof,0.5103740628528743,0.4977613496614326,0.4977613496614326
AAPL|2018-08-17 15:30:00+00:00,AAPL,2018-08,1,train_forward_oof,0.5303950614090313,0.5099197531856101,0.5099197531856101
AAPL|2018-08-20 13:30:00+00:00,AAPL,2018-08,0,train_forward_oof,0.5846442476104261,0.5848472459281038,0.5848472459281038
AAPL|2018-08-20 14:30:00+00:00,AAPL,2018-08,0,train_forward_oof,0.4840757784705117,0.48035054271612776,0.48035054271612776
AAPL|2018-08-20 15:30:00+00:00,AAPL,2018-08,0,train_forward_oof,0.45267742033688135,0.45260536950333335,0.45260536950333335
AAPL|2018-08-21 13:30:00+00:00,AAPL,2018-08,1,train_forward_oof,0.6029945370951487,0.6052758179556164,0.6052758179556164
AAPL|2018-08-21 14:30:00+00:00,AAPL,2018-08,1,train_forward_oof,0.5223234996125053,0.5213272695560959,0.5213272695560959
AAPL|2018-08-21 15:30:00+00:00,AAPL,2018-08,0,train_forward_oof,0.5365321296645994,0.5369556322796186,0.5369556322796186
AAPL|2018-08-22 13:30:00+00:00,AAPL,2018-08,1,train_forward_oof,0.5706405270361898,0.5730081093410373,0.5730081093410373
AAPL|2018-08-22 14:30:00+00:00,AAPL,2018-08,1,train_forward_oof,0.4356690878571488,0.44504974855591994,0.44504974855591994
AAPL|2018-08-22 15:30:00+00:00,AAPL,2018-08,0,train_forward_oof,0.5120771233495861,0.5158545774573785,0.5158545774573785
AAPL|2018-08-23 13:30:00+00:00,AAPL,2018-08,1,train_forward_oof,0.6315014349231253,0.6318318685633705,0.6318318685633705
AAPL|2018-08-23 14:30:00+00:00,AAPL,2018-08,0,train_forward_oof,0.5084918818801404,0.5090364119340035,0.5090364119340035
AAPL|2018-08-23 15:30:00+00:00,AAPL,2018-08,1,train_forward_oof,0.461322632796287,0.4497190374045595,0.4497190374045595
AAPL|2018-08-24 13:30:00+00:00,AAPL,2018-08,0,train_forward_oof,0.6426194383161989,0.6432421583985807,0.6432421583985807
AAPL|2018-08-24 14:30:00+00:00,AAPL,2018-08,1,train_forward_oof,0.5199202068918847,0.5184840809224205,0.5184840809224205
AAPL|2018-08-24 15:30:00+00:00,AAPL,2018-08,1,train_forward_oof,0.447610654933899,0.44302499813296686,0.44302499813296686
AAPL|2018-08-27 13:30:00+00:00,AAPL,2018-08,1,train_forward_oof,0.5797577641884263,0.5800075112851262,0.5800075112851262
AAPL|2018-08-27 14:30:00+00:00,AAPL,2018-08,1,train_forward_oof,0.4848598376908648,0.48202213096217356,0.48202213096217356
AAPL|2018-08-27 15:30:00+00:00,AAPL,2018-08,1,train_forward_oof,0.46311194837973063,0.44890076813659857,0.44890076813659857
AAPL|2018-08-28 13:30:00+00:00,AAPL,2018-08,1,train_forward_oof,0.5988776587479212,0.5993191763545724,0.5993191763545724
AAPL|2018-08-28 14:30:00+00:00,AAPL,2018-08,1,train_forward_oof,0.4786304449057028,0.47799860529622784,0.47799860529622784
AAPL|2018-08-28 15:30:00+00:00,AAPL,2018-08,1,train_forward_oof,0.4564216357722661,0.45057761256289847,0.45057761256289847
AAPL|2018-08-29 13:30:00+00:00,AAPL,2018-08,1,train_forward_oof,0.608066241480868,0.6087037448600233,0.6087037448600233
AAPL|2018-08-29 14:30:00+00:00,AAPL,2018-08,1,train_forward_oof,0.48120383778913195,0.47142958093528986,0.47142958093528986
AAPL|2018-08-29 15:30:00+00:00,AAPL,2018-08,1,train_forward_oof,0.49804414341841347,0.4827661513272212,0.4827661513272212
AAPL|2018-08-30 13:30:00+00:00,AAPL,2018-08,1,train_forward_oof,0.6186346290629305,0.6186617269027584,0.6186617269027584
AAPL|2018-08-30 14:30:00+00:00,AAPL,2018-08,1,train_forward_oof,0.5041682493717928,0.49310265244645357,0.49310265244645357
AAPL|2018-08-30 15:30:00+00:00,AAPL,2018-08,1,train_forward_oof,0.5251754418227108,0.5045702685948357,0.5045702685948357
AAPL|2018-08-31 13:30:00+00:00,AAPL,2018-08,1,train_forward_oof,0.589501157089061,0.5930135963345525,0.5930135963345525
AAPL|2018-08-31 14:30:00+00:00,AAPL,2018-08,0,train_forward_oof,0.5336272879642014,0.529329729665532,0.529329729665532
AAPL|2018-08-31 15:30:00+00:00,AAPL,2018-08,0,train_forward_oof,0.412039451033147,0.38827339278247847,0.38827339278247847
AAPL|2018-09-04 13:30:00+00:00,AAPL,2018-09,0,development,0.5769529540330984,0.5767694227947762,0.5767694227947762
AAPL|2018-09-04 14:30:00+00:00,AAPL,2018-09,1,development,0.48029180874183774,0.4799677513061252,0.4799677513061252
AAPL|2018-09-04 15:30:00+00:00,AAPL,2018-09,0,development,0.5019058634883621,0.5033827553662459,0.5033827553662459
AAPL|2018-09-05 13:30:00+00:00,AAPL,2018-09,0,development,0.6311771445385066,0.6313769733912855,0.6313769733912855
AAPL|2018-09-05 14:30:00+00:00,AAPL,2018-09,1,development,0.5803812141653634,0.5791070006400102,0.5791070006400102
AAPL|2018-09-05 15:30:00+00:00,AAPL,2018-09,1,development,0.6186013243902065,0.6163440932086963,0.6163440932086963
AAPL|2018-09-06 13:30:00+00:00,AAPL,2018-09,0,development,0.5521088369289517,0.5516591892123518,0.5516591892123518
AAPL|2018-09-06 14:30:00+00:00,AAPL,2018-09,0,development,0.445752044631886,0.4442788530419372,0.4442788530419372
AAPL|2018-09-06 15:30:00+00:00,AAPL,2018-09,1,development,0.4206834454858968,0.4181734754622491,0.4181734754622491
AAPL|2018-09-07 13:30:00+00:00,AAPL,2018-09,1,development,0.6453131866994218,0.6450018080334712,0.6450018080334712
AAPL|2018-09-07 14:30:00+00:00,AAPL,2018-09,0,development,0.5234690134291514,0.5229947441405417,0.5229947441405417
AAPL|2018-09-07 15:30:00+00:00,AAPL,2018-09,0,development,0.43926206129249395,0.4376331577046541,0.4376331577046541
AAPL|2018-09-10 13:30:00+00:00,AAPL,2018-09,0,development,0.6247780929886138,0.6246030162067729,0.6246030162067729
AAPL|2018-09-10 14:30:00+00:00,AAPL,2018-09,1,development,0.5115536949534121,0.5110871127148581,0.5110871127148581
AAPL|2018-09-10 15:30:00+00:00,AAPL,2018-09,0,development,0.597426256327627,0.5966184383032446,0.5966184383032446
AAPL|2018-09-11 13:30:00+00:00,AAPL,2018-09,1,development,0.613041582763484,0.6123343260266129,0.6123343260266129
AAPL|2018-09-11 14:30:00+00:00,AAPL,2018-09,1,development,0.6149230250025267,0.613204296846523,0.613204296846523
AAPL|2018-09-11 15:30:00+00:00,AAPL,2018-09,1,development,0.5355233363143214,0.5329247553720775,0.5329247553720775
AAPL|2018-09-12 13:30:00+00:00,AAPL,2018-09,0,development,0.6119986969981284,0.6116382470436984,0.6116382470436984
AAPL|2018-09-12 14:30:00+00:00,AAPL,2018-09,1,development,0.5519377891453092,0.551013422741256,0.551013422741256
AAPL|2018-09-12 15:30:00+00:00,AAPL,2018-09,0,development,0.6203091959160743,0.6173460050070092,0.6173460050070092
AAPL|2018-09-13 13:30:00+00:00,AAPL,2018-09,1,development,0.5834233450485734,0.582942122931518,0.582942122931518
AAPL|2018-09-13 14:30:00+00:00,AAPL,2018-09,1,development,0.5287114285801017,0.5272661492112286,0.5272661492112286
AAPL|2018-09-13 15:30:00+00:00,AAPL,2018-09,0,development,0.5029549846967183,0.4991305492754594,0.4991305492754594
AAPL|2018-09-14 13:30:00+00:00,AAPL,2018-09,0,development,0.5991606063705376,0.59915968691875,0.59915968691875
AAPL|2018-09-14 14:30:00+00:00,AAPL,2018-09,0,development,0.4644668877674449,0.4628712294908425,0.4628712294908425
AAPL|2018-09-14 15:30:00+00:00,AAPL,2018-09,0,development,0.4841221837228973,0.4765197274631297,0.4765197274631297
AAPL|2018-09-17 13:30:00+00:00,AAPL,2018-09,0,development,0.6165502216977099,0.6161308726159065,0.6161308726159065
AAPL|2018-09-17 14:30:00+00:00,AAPL,2018-09,0,development,0.5028029394550505,0.5016138043017391,0.5016138043017391
AAPL|2018-09-17 15:30:00+00:00,AAPL,2018-09,0,development,0.41246057319784807,0.4087655936304525,0.4087655936304525
AAPL|2018-09-18 13:30:00+00:00,AAPL,2018-09,1,development,0.6385588242425346,0.6390680509463132,0.6390680509463132
AAPL|2018-09-18 14:30:00+00:00,AAPL,2018-09,0,development,0.5214435554472476,0.5209360115710687,0.5209360115710687
AAPL|2018-09-18 15:30:00+00:00,AAPL,2018-09,0,development,0.400189793752004,0.3940178473025455,0.3940178473025455
AAPL|2018-09-19 13:30:00+00:00,AAPL,2018-09,0,development,0.6704069903632954,0.6711103280752905,0.6711103280752905
AAPL|2018-09-19 14:30:00+00:00,AAPL,2018-09,1,development,0.6646291246343612,0.6643391419318015,0.6643391419318015
AAPL|2018-09-19 15:30:00+00:00,AAPL,2018-09,1,development,0.589374836184853,0.5840303191025714,0.5840303191025714
AAPL|2018-09-20 13:30:00+00:00,AAPL,2018-09,1,development,0.6214436071072406,0.6216486233213597,0.6216486233213597
AAPL|2018-09-20 14:30:00+00:00,AAPL,2018-09,0,development,0.5370473517048163,0.5358507654788924,0.5358507654788924
AAPL|2018-09-20 15:30:00+00:00,AAPL,2018-09,0,development,0.4908189406578286,0.48260106452406554,0.48260106452406554
AAPL|2018-09-21 13:30:00+00:00,AAPL,2018-09,0,development,0.6533691105889607,0.6542257768079628,0.6542257768079628
AAPL|2018-09-21 14:30:00+00:00,AAPL,2018-09,1,development,0.5737643054669467,0.5736094307866699,0.5736094307866699
AAPL|2018-09-21 15:30:00+00:00,AAPL,2018-09,0,development,0.48369553404874766,0.4770920106314881,0.4770920106314881
AAPL|2018-09-24 13:30:00+00:00,AAPL,2018-09,1,development,0.5646436745594409,0.564736468479825,0.564736468479825
AAPL|2018-09-24 14:30:00+00:00,AAPL,2018-09,1,development,0.44199402116749925,0.44145288126411564,0.44145288126411564
AAPL|2018-09-24 15:30:00+00:00,AAPL,2018-09,1,development,0.6009843581668352,0.6007727010677307,0.6007727010677307
AAPL|2018-09-25 13:30:00+00:00,AAPL,2018-09,1,development,0.642567607700019,0.6431518852989077,0.6431518852989077
AAPL|2018-09-25 14:30:00+00:00,AAPL,2018-09,1,development,0.5180586762033645,0.5171241406951531,0.5171241406951531
AAPL|2018-09-25 15:30:00+00:00,AAPL,2018-09,1,development,0.5437106340976566,0.5358453935188104,0.5358453935188104
AAPL|2018-09-26 13:30:00+00:00,AAPL,2018-09,1,development,0.6224424673261446,0.6232762790418884,0.6232762790418884
AAPL|2018-09-26 14:30:00+00:00,AAPL,2018-09,1,development,0.5073472067606858,0.5068562160324211,0.5068562160324211
AAPL|2018-09-26 15:30:00+00:00,AAPL,2018-09,0,development,0.4663641857501845,0.46079780975992257,0.46079780975992257
AAPL|2018-09-27 13:30:00+00:00,AAPL,2018-09,1,development,0.6700740516042251,0.6712763905368829,0.6712763905368829
AAPL|2018-09-27 14:30:00+00:00,AAPL,2018-09,1,development,0.5761758110367786,0.5773163868780831,0.5773163868780831
AAPL|2018-09-27 15:30:00+00:00,AAPL,2018-09,0,development,0.5031091988493994,0.5019451711910474,0.5019451711910474
AAPL|2018-09-28 13:30:00+00:00,AAPL,2018-09,1,development,0.6458872168048579,0.6470838229374327,0.6470838229374327
AAPL|2018-09-28 14:30:00+00:00,AAPL,2018-09,0,development,0.5271675512184751,0.5281950176984992,0.5281950176984992
AAPL|2018-09-28 15:30:00+00:00,AAPL,2018-09,0,development,0.43649857232367345,0.43328597124501333,0.43328597124501333
AAPL|2018-10-01 13:30:00+00:00,AAPL,2018-10,0,development,0.6083533709274278,0.6091503291667798,0.6091503291667798
AAPL|2018-10-01 14:30:00+00:00,AAPL,2018-10,0,development,0.5231870146088077,0.5236868741194691,0.5236868741194691
AAPL|2018-10-01 15:30:00+00:00,AAPL,2018-10,0,development,0.4937639558003743,0.4911280255118245,0.4911280255118245
AAPL|2018-10-02 13:30:00+00:00,AAPL,2018-10,1,development,0.6412582441454203,0.6424135940613562,0.6424135940613562
AAPL|2018-10-02 14:30:00+00:00,AAPL,2018-10,1,development,0.5231664602691656,0.5233730933187657,0.5233730933187657
AAPL|2018-10-02 15:30:00+00:00,AAPL,2018-10,0,development,0.513314673298991,0.5118054443843923,0.5118054443843923
AAPL|2018-10-03 13:30:00+00:00,AAPL,2018-10,1,development,0.6576368216516713,0.6588443247816368,0.6588443247816368
AAPL|2018-10-03 14:30:00+00:00,AAPL,2018-10,0,development,0.5541320940688255,0.5538444736087514,0.5538444736087514
AAPL|2018-10-03 15:30:00+00:00,AAPL,2018-10,0,development,0.49778905459748773,0.49756315616272084,0.49756315616272084
AAPL|2018-10-04 13:30:00+00:00,AAPL,2018-10,0,development,0.6585344818106402,0.659316982920433,0.659316982920433
AAPL|2018-10-04 14:30:00+00:00,AAPL,2018-10,0,development,0.5325958259284802,0.5333049295785831,0.5333049295785831
AAPL|2018-10-04 15:30:00+00:00,AAPL,2018-10,0,development,0.4894269849881089,0.4881265118559369,0.4881265118559369
AAPL|2018-10-05 13:30:00+00:00,AAPL,2018-10,0,development,0.6161897416342611,0.6167419878181375,0.6167419878181375
AAPL|2018-10-05 14:30:00+00:00,AAPL,2018-10,0,development,0.5486483263399994,0.5483815087329477,0.5483815087329477
AAPL|2018-10-05 15:30:00+00:00,AAPL,2018-10,1,development,0.4577995398846441,0.45420152506025885,0.45420152506025885
AAPL|2018-10-08 13:30:00+00:00,AAPL,2018-10,0,development,0.6054661337040959,0.6045078206462704,0.6045078206462704
AAPL|2018-10-08 14:30:00+00:00,AAPL,2018-10,0,development,0.5033978152332417,0.5005735952406968,0.5005735952406968
AAPL|2018-10-08 15:30:00+00:00,AAPL,2018-10,1,development,0.4655756071661461,0.4629600265233797,0.4629600265233797
AAPL|2018-10-09 13:30:00+00:00,AAPL,2018-10,1,development,0.6480445156042495,0.6483731118774669,0.6483731118774669
AAPL|2018-10-09 14:30:00+00:00,AAPL,2018-10,0,development,0.6513479102547438,0.6488310471539743,0.6488310471539743
AAPL|2018-10-09 15:30:00+00:00,AAPL,2018-10,1,development,0.6132925248110787,0.6098213761158229,0.6098213761158229
AAPL|2018-10-10 13:30:00+00:00,AAPL,2018-10,0,development,0.6785234459675726,0.6790883667653147,0.6790883667653147
AAPL|2018-10-10 14:30:00+00:00,AAPL,2018-10,0,development,0.5768873591010677,0.5758749660942609,0.5758749660942609
AAPL|2018-10-10 15:30:00+00:00,AAPL,2018-10,0,development,0.4587772870301649,0.4580034091276649,0.4580034091276649
AAPL|2018-10-11 13:30:00+00:00,AAPL,2018-10,1,development,0.5982941421320451,0.5984583708630814,0.5984583708630814
AAPL|2018-10-11 14:30:00+00:00,AAPL,2018-10,0,development,0.5059088017530028,0.5025007871130556,0.5025007871130556
AAPL|2018-10-11 15:30:00+00:00,AAPL,2018-10,1,development,0.4926933894115198,0.49018240463622176,0.49018240463622176
AAPL|2018-10-12 13:30:00+00:00,AAPL,2018-10,0,development,0.5935488913036414,0.5923812452554117,0.5923812452554117
AAPL|2018-10-12 14:30:00+00:00,AAPL,2018-10,0,development,0.5600892897521003,0.5570025973928293,0.5570025973928293
AAPL|2018-10-12 15:30:00+00:00,AAPL,2018-10,1,development,0.4681917954597829,0.46511476020106163,0.46511476020106163
AAPL|2018-10-15 13:30:00+00:00,AAPL,2018-10,0,development,0.592603656182354,0.5926310818193031,0.5926310818193031
AAPL|2018-10-15 14:30:00+00:00,AAPL,2018-10,0,development,0.5496442016860282,0.5480979227189161,0.5480979227189161
AAPL|2018-10-15 15:30:00+00:00,AAPL,2018-10,0,development,0.5196716371112736,0.513303242253796,0.513303242253796
AAPL|2018-10-16 13:30:00+00:00,AAPL,2018-10,1,development,0.5949035291284663,0.5949742233888836,0.5949742233888836
AAPL|2018-10-16 14:30:00+00:00,AAPL,2018-10,1,development,0.5269304657266471,0.5260660895785736,0.5260660895785736
AAPL|2018-10-16 15:30:00+00:00,AAPL,2018-10,1,development,0.596037414208719,0.5917997304241225,0.5917997304241225
AAPL|2018-10-17 13:30:00+00:00,AAPL,2018-10,0,development,0.6340383802833056,0.634080484717853,0.634080484717853
AAPL|2018-10-17 14:30:00+00:00,AAPL,2018-10,0,development,0.5166436980423363,0.5154802271287917,0.5154802271287917
AAPL|2018-10-17 15:30:00+00:00,AAPL,2018-10,1,development,0.5217760852376363,0.5182342117948412,0.5182342117948412
AAPL|2018-10-18 13:30:00+00:00,AAPL,2018-10,0,development,0.603108896788371,0.6034624605883889,0.6034624605883889
AAPL|2018-10-18 14:30:00+00:00,AAPL,2018-10,0,development,0.4519444549923268,0.4514094218323727,0.4514094218323727
AAPL|2018-10-18 15:30:00+00:00,AAPL,2018-10,0,development,0.4141379931948052,0.4127297901444005,0.4127297901444005
AAPL|2018-10-19 13:30:00+00:00,AAPL,2018-10,1,development,0.6047924228680527,0.6048091894687292,0.6048091894687292
AAPL|2018-10-19 14:30:00+00:00,AAPL,2018-10,0,development,0.5355546461704281,0.5346843742626527,0.5346843742626527
AAPL|2018-10-19 15:30:00+00:00,AAPL,2018-10,0,development,0.4795659536454857,0.47626082840498657,0.47626082840498657
AAPL|2018-10-22 13:30:00+00:00,AAPL,2018-10,1,development,0.6109610664435816,0.6107655050678584,0.6107655050678584
AAPL|2018-10-22 14:30:00+00:00,AAPL,2018-10,1,development,0.5212004550334575,0.5204755260682884,0.5204755260682884
AAPL|2018-10-22 15:30:00+00:00,AAPL,2018-10,0,development,0.5966479201783846,0.5941773990200692,0.5941773990200692
AAPL|2018-10-23 13:30:00+00:00,AAPL,2018-10,1,development,0.6185415416336333,0.6184520184553084,0.6184520184553084
AAPL|2018-10-23 14:30:00+00:00,AAPL,2018-10,1,development,0.49787451162683605,0.4963350981547874,0.4963350981547874
AAPL|2018-10-23 15:30:00+00:00,AAPL,2018-10,1,development,0.5766877435130309,0.5766982084603327,0.5766982084603327
AAPL|2018-10-24 13:30:00+00:00,AAPL,2018-10,0,development,0.6349121830883124,0.6351905615181591,0.6351905615181591
AAPL|2018-10-24 14:30:00+00:00,AAPL,2018-10,0,development,0.5242701032621098,0.5239964998259532,0.5239964998259532
AAPL|2018-10-24 15:30:00+00:00,AAPL,2018-10,0,development,0.5087789205331021,0.5112234134925461,0.5112234134925461
AAPL|2018-10-25 13:30:00+00:00,AAPL,2018-10,1,development,0.582210333002056,0.581558941444592,0.581558941444592
AAPL|2018-10-25 14:30:00+00:00,AAPL,2018-10,1,development,0.49256479863718394,0.4922829255890475,0.4922829255890475
AAPL|2018-10-25 15:30:00+00:00,AAPL,2018-10,1,development,0.5217538732075155,0.5226460253556738,0.5226460253556738
AAPL|2018-10-26 13:30:00+00:00,AAPL,2018-10,1,development,0.6708028375829597,0.6712765729595958,0.6712765729595958
AAPL|2018-10-26 14:30:00+00:00,AAPL,2018-10,1,development,0.6226398448368576,0.6218461700707018,0.6218461700707018
AAPL|2018-10-26 15:30:00+00:00,AAPL,2018-10,1,development,0.6000098003233093,0.5976423941750195,0.5976423941750195
AAPL|2018-10-29 13:30:00+00:00,AAPL,2018-10,0,development,0.5841193207955533,0.5828162582383868,0.5828162582383868
AAPL|2018-10-29 14:30:00+00:00,AAPL,2018-10,0,development,0.5198787455387149,0.519160780071505,0.519160780071505
AAPL|2018-10-29 15:30:00+00:00,AAPL,2018-10,0,development,0.36996396392924424,0.3720994695882512,0.3720994695882512
AAPL|2018-10-30 13:30:00+00:00,AAPL,2018-10,1,development,0.5935705607433411,0.5938307768514068,0.5938307768514068
AAPL|2018-10-30 14:30:00+00:00,AAPL,2018-10,0,development,0.5668918014841853,0.5661108621234218,0.5661108621234218
AAPL|2018-10-30 15:30:00+00:00,AAPL,2018-10,0,development,0.37256791942788114,0.3694662426907503,0.3694662426907503
AAPL|2018-10-31 13:30:00+00:00,AAPL,2018-10,1,development,0.6382397772045455,0.6373826912410786,0.6373826912410786
AAPL|2018-10-31 14:30:00+00:00,AAPL,2018-10,1,development,0.5907486688681692,0.590062491222646,0.590062491222646
AAPL|2018-10-31 15:30:00+00:00,AAPL,2018-10,1,development,0.6308493411359083,0.6337381655768218,0.6337381655768218
AAPL|2018-11-01 13:30:00+00:00,AAPL,2018-11,1,later,0.6436628843771144,0.6438348985914794,0.6438348985914794
AAPL|2018-11-01 14:30:00+00:00,AAPL,2018-11,1,later,0.5418382959386451,0.5410624808011156,0.5410624808011156
AAPL|2018-11-01 15:30:00+00:00,AAPL,2018-11,1,later,0.5988173972619574,0.5987055219023311,0.5987055219023311
AAPL|2018-11-02 13:30:00+00:00,AAPL,2018-11,0,later,0.6212897190964504,0.6219346746836522,0.6219346746836522
AAPL|2018-11-02 14:30:00+00:00,AAPL,2018-11,0,later,0.46674350998280983,0.4661648568818431,0.4661648568818431
AAPL|2018-11-02 15:30:00+00:00,AAPL,2018-11,0,later,0.3684460117152744,0.3681418413793914,0.3681418413793914
AAPL|2018-11-05 14:30:00+00:00,AAPL,2018-11,0,later,0.6168402404222059,0.6158551228612882,0.6158551228612882
AAPL|2018-11-05 15:30:00+00:00,AAPL,2018-11,1,later,0.5624824773880706,0.5603184602164046,0.5603184602164046
AAPL|2018-11-05 16:30:00+00:00,AAPL,2018-11,1,later,0.5584898966790763,0.5597550050170675,0.5597550050170675
AAPL|2018-11-06 14:30:00+00:00,AAPL,2018-11,1,later,0.6284276772760164,0.6271687863704787,0.6271687863704787
AAPL|2018-11-06 15:30:00+00:00,AAPL,2018-11,0,later,0.5656801869603979,0.5645700268473974,0.5645700268473974
AAPL|2018-11-06 16:30:00+00:00,AAPL,2018-11,0,later,0.5476965141358305,0.5475584784697867,0.5475584784697867
AAPL|2018-11-07 14:30:00+00:00,AAPL,2018-11,1,later,0.6608855020539756,0.6618101209990683,0.6618101209990683
AAPL|2018-11-07 15:30:00+00:00,AAPL,2018-11,1,later,0.5780036355119956,0.579787882008615,0.579787882008615
AAPL|2018-11-07 16:30:00+00:00,AAPL,2018-11,1,later,0.5483669753451357,0.5506731056850238,0.5506731056850238
AAPL|2018-11-08 14:30:00+00:00,AAPL,2018-11,0,later,0.6148141460742939,0.615568381406834,0.615568381406834
AAPL|2018-11-08 15:30:00+00:00,AAPL,2018-11,1,later,0.5012880303174118,0.5022416302136015,0.5022416302136015
AAPL|2018-11-08 16:30:00+00:00,AAPL,2018-11,1,later,0.4682601885647695,0.46984047039243915,0.46984047039243915
AAPL|2018-11-09 14:30:00+00:00,AAPL,2018-11,0,later,0.6279440501190467,0.6287023667440278,0.6287023667440278
AAPL|2018-11-09 15:30:00+00:00,AAPL,2018-11,0,later,0.48244593329289304,0.48350065841588147,0.48350065841588147
AAPL|2018-11-09 16:30:00+00:00,AAPL,2018-11,1,later,0.40030787745760227,0.4016319279579191,0.4016319279579191
AAPL|2018-11-12 14:30:00+00:00,AAPL,2018-11,0,later,0.6035201432963766,0.604040966871719,0.604040966871719
AAPL|2018-11-12 15:30:00+00:00,AAPL,2018-11,0,later,0.49743963055362656,0.4974515712747473,0.4974515712747473
AAPL|2018-11-12 16:30:00+00:00,AAPL,2018-11,1,later,0.40625070930876495,0.40728053123997326,0.40728053123997326
AAPL|2018-11-13 14:30:00+00:00,AAPL,2018-11,1,later,0.5838391368167384,0.5833303412396326,0.5833303412396326
AAPL|2018-11-13 15:30:00+00:00,AAPL,2018-11,1,later,0.5217517250339435,0.519642651162165,0.519642651162165
AAPL|2018-11-13 16:30:00+00:00,AAPL,2018-11,0,later,0.6388731813211975,0.63672251304854,0.63672251304854
AAPL|2018-11-14 14:30:00+00:00,AAPL,2018-11,0,later,0.6365066356318012,0.635301970522092,0.635301970522092
AAPL|2018-11-14 15:30:00+00:00,AAPL,2018-11,0,later,0.6189588855934388,0.6163978128452231,0.6163978128452231
AAPL|2018-11-14 16:30:00+00:00,AAPL,2018-11,0,later,0.5198426248355739,0.5199186535657468,0.5199186535657468
AAPL|2018-11-15 14:30:00+00:00,AAPL,2018-11,1,later,0.6124362434866324,0.6117073394879854,0.6117073394879854
AAPL|2018-11-15 15:30:00+00:00,AAPL,2018-11,1,later,0.5458400702749949,0.5441471734727086,0.5441471734727086
AAPL|2018-11-15 16:30:00+00:00,AAPL,2018-11,1,later,0.7166310229922651,0.715491415439142,0.715491415439142
AAPL|2018-11-16 14:30:00+00:00,AAPL,2018-11,1,later,0.6501213817061441,0.6494175557548193,0.6494175557548193
AAPL|2018-11-16 15:30:00+00:00,AAPL,2018-11,0,later,0.6829611248482381,0.6801886294790671,0.6801886294790671
AAPL|2018-11-16 16:30:00+00:00,AAPL,2018-11,1,later,0.44885471512790404,0.4508532232234922,0.4508532232234922
AAPL|2018-11-19 14:30:00+00:00,AAPL,2018-11,0,later,0.678487825410473,0.6780897608132984,0.6780897608132984
AAPL|2018-11-19 15:30:00+00:00,AAPL,2018-11,0,later,0.5643123895228527,0.5643281650460759,0.5643281650460759
AAPL|2018-11-19 16:30:00+00:00,AAPL,2018-11,0,later,0.4104024002534318,0.41014360155472945,0.41014360155472945
AAPL|2018-11-20 14:30:00+00:00,AAPL,2018-11,1,later,0.6336487109109131,0.6334666318417134,0.6334666318417134
AAPL|2018-11-20 15:30:00+00:00,AAPL,2018-11,0,later,0.5637074538533549,0.5608871364305127,0.5608871364305127
AAPL|2018-11-20 16:30:00+00:00,AAPL,2018-11,0,later,0.48383904565531966,0.48281581913858235,0.48281581913858235
AAPL|2018-11-21 14:30:00+00:00,AAPL,2018-11,0,later,0.5093520724674764,0.5068869741835544,0.5068869741835544
AAPL|2018-11-21 15:30:00+00:00,AAPL,2018-11,1,later,0.49499695740712185,0.4912259343748453,0.4912259343748453
AAPL|2018-11-21 16:30:00+00:00,AAPL,2018-11,0,later,0.500990938229489,0.49457557826570037,0.49457557826570037
AAPL|2018-11-26 14:30:00+00:00,AAPL,2018-11,0,later,0.5468885209934157,0.5471403514907299,0.5471403514907299
AAPL|2018-11-26 15:30:00+00:00,AAPL,2018-11,0,later,0.4843172399240589,0.4826670798264678,0.4826670798264678
AAPL|2018-11-26 16:30:00+00:00,AAPL,2018-11,1,later,0.42667463285537066,0.41931116859686746,0.41931116859686746
AAPL|2018-11-27 14:30:00+00:00,AAPL,2018-11,1,later,0.6869218693484261,0.6866645425598008,0.6866645425598008
AAPL|2018-11-27 15:30:00+00:00,AAPL,2018-11,1,later,0.6030778871937568,0.6016962914537718,0.6016962914537718
AAPL|2018-11-27 16:30:00+00:00,AAPL,2018-11,0,later,0.42498295649042334,0.4218161304264923,0.4218161304264923
AAPL|2018-11-28 14:30:00+00:00,AAPL,2018-11,1,later,0.6929779591292389,0.6929645023605483,0.6929645023605483
AAPL|2018-11-28 15:30:00+00:00,AAPL,2018-11,1,later,0.7066242464756424,0.7059603459824421,0.7059603459824421
AAPL|2018-11-28 16:30:00+00:00,AAPL,2018-11,1,later,0.5074997123965004,0.5031274910172803,0.5031274910172803
AAPL|2018-11-29 14:30:00+00:00,AAPL,2018-11,0,later,0.48508272726909013,0.48407045905490687,0.48407045905490687
AAPL|2018-11-29 15:30:00+00:00,AAPL,2018-11,1,later,0.38845291165501666,0.38685316310968976,0.38685316310968976
AAPL|2018-11-29 16:30:00+00:00,AAPL,2018-11,1,later,0.5181756904536888,0.5165375771419746,0.5165375771419746
AAPL|2018-11-30 14:30:00+00:00,AAPL,2018-11,0,later,0.6503233458284458,0.6500076607972977,0.6500076607972977
AAPL|2018-11-30 15:30:00+00:00,AAPL,2018-11,0,later,0.5264875327873758,0.5249325035436229,0.5249325035436229
AAPL|2018-11-30 16:30:00+00:00,AAPL,2018-11,1,later,0.48737899004300683,0.48188417799708877,0.48188417799708877
AAPL|2018-12-03 14:30:00+00:00,AAPL,2018-12,0,later,0.5879169855988083,0.588663024473879,0.588663024473879
AAPL|2018-12-03 15:30:00+00:00,AAPL,2018-12,0,later,0.59567934658112,0.5966203155795777,0.5966203155795777
AAPL|2018-12-03 16:30:00+00:00,AAPL,2018-12,1,later,0.5820603380835072,0.5826913586176526,0.5826913586176526
AAPL|2018-12-04 14:30:00+00:00,AAPL,2018-12,0,later,0.6575034641569111,0.65777618539031,0.65777618539031
AAPL|2018-12-04 15:30:00+00:00,AAPL,2018-12,0,later,0.5438026467074101,0.5428849916092993,0.5428849916092993
AAPL|2018-12-04 16:30:00+00:00,AAPL,2018-12,0,later,0.4251756472645993,0.4206468013068079,0.4206468013068079
AAPL|2018-12-06 14:30:00+00:00,AAPL,2018-12,1,later,0.5899568708163078,0.5898243600736728,0.5898243600736728
AAPL|2018-12-06 15:30:00+00:00,AAPL,2018-12,1,later,0.520924983814556,0.5199552373005742,0.5199552373005742
AAPL|2018-12-06 16:30:00+00:00,AAPL,2018-12,1,later,0.3881124768632589,0.3891136223971148,0.3891136223971148
AAPL|2018-12-07 14:30:00+00:00,AAPL,2018-12,0,later,0.5378800740923403,0.5369397594536259,0.5369397594536259
AAPL|2018-12-07 15:30:00+00:00,AAPL,2018-12,0,later,0.4548710728990639,0.4517552011227289,0.4517552011227289
AAPL|2018-12-07 16:30:00+00:00,AAPL,2018-12,0,later,0.400109420940017,0.3978242720528117,0.3978242720528117
AAPL|2018-12-10 14:30:00+00:00,AAPL,2018-12,1,later,0.5918120741777899,0.5912041244525754,0.5912041244525754
AAPL|2018-12-10 15:30:00+00:00,AAPL,2018-12,1,later,0.5147195246301718,0.5122194619258751,0.5122194619258751
AAPL|2018-12-10 16:30:00+00:00,AAPL,2018-12,1,later,0.33130578534495475,0.3320422759501464,0.3320422759501464
AAPL|2018-12-11 14:30:00+00:00,AAPL,2018-12,0,later,0.7088419901700834,0.707996507676303,0.707996507676303
AAPL|2018-12-11 15:30:00+00:00,AAPL,2018-12,0,later,0.7523479837248314,0.7499681746554037,0.7499681746554037
AAPL|2018-12-11 16:30:00+00:00,AAPL,2018-12,0,later,0.39065224070765203,0.38540907375166905,0.38540907375166905
AAPL|2018-12-12 14:30:00+00:00,AAPL,2018-12,1,later,0.6157261167574669,0.6155812296615566,0.6155812296615566
AAPL|2018-12-12 15:30:00+00:00,AAPL,2018-12,0,later,0.5510593466979992,0.5498750681115565,0.5498750681115565
AAPL|2018-12-12 16:30:00+00:00,AAPL,2018-12,0,later,0.541319834871146,0.5379234012485746,0.5379234012485746
AAPL|2018-12-13 14:30:00+00:00,AAPL,2018-12,1,later,0.6143327887445083,0.6145787419809247,0.6145787419809247
AAPL|2018-12-13 15:30:00+00:00,AAPL,2018-12,0,later,0.5839022392160307,0.5814391798654192,0.5814391798654192
AAPL|2018-12-13 16:30:00+00:00,AAPL,2018-12,0,later,0.35741162735441323,0.35505399308116947,0.35505399308116947
AAPL|2018-12-14 14:30:00+00:00,AAPL,2018-12,0,later,0.6627541300612715,0.6626466973937674,0.6626466973937674
AAPL|2018-12-14 15:30:00+00:00,AAPL,2018-12,1,later,0.5511199022061425,0.5499818191555255,0.5499818191555255
AAPL|2018-12-14 16:30:00+00:00,AAPL,2018-12,0,later,0.4576857116010175,0.4525127200475632,0.4525127200475632
AAPL|2018-12-17 14:30:00+00:00,AAPL,2018-12,1,later,0.5707333039460334,0.5699536036194338,0.5699536036194338
AAPL|2018-12-17 15:30:00+00:00,AAPL,2018-12,0,later,0.49247259444816255,0.4898408830054921,0.4898408830054921
AAPL|2018-12-17 16:30:00+00:00,AAPL,2018-12,0,later,0.5348021968564084,0.5308143381438594,0.5308143381438594
AAPL|2018-12-18 14:30:00+00:00,AAPL,2018-12,1,later,0.5914397742573297,0.5915467555760034,0.5915467555760034
AAPL|2018-12-18 15:30:00+00:00,AAPL,2018-12,1,later,0.5092036058291497,0.5080128140065452,0.5080128140065452
AAPL|2018-12-18 16:30:00+00:00,AAPL,2018-12,0,later,0.39802197382137705,0.3938383624631923,0.3938383624631923
AAPL|2018-12-19 15:30:00+00:00,AAPL,2018-12,0,later,0.5048434625606656,0.5034384435305443,0.5034384435305443
AAPL|2018-12-19 16:30:00+00:00,AAPL,2018-12,0,later,0.37997910003377394,0.3737931919291045,0.3737931919291045
AAPL|2018-12-20 14:30:00+00:00,AAPL,2018-12,0,later,0.6201412164311502,0.6216042661819211,0.6216042661819211
AAPL|2018-12-20 15:30:00+00:00,AAPL,2018-12,0,later,0.5112529377017052,0.5096587632106628,0.5096587632106628
AAPL|2018-12-20 16:30:00+00:00,AAPL,2018-12,0,later,0.28169823034369396,0.27725422967006086,0.27725422967006086
AAPL|2018-12-21 14:30:00+00:00,AAPL,2018-12,0,later,0.582714000484324,0.5818512363474229,0.5818512363474229
AAPL|2018-12-21 15:30:00+00:00,AAPL,2018-12,0,later,0.5111637237556949,0.5060533640969801,0.5060533640969801
AAPL|2018-12-21 16:30:00+00:00,AAPL,2018-12,0,later,0.3690903033650109,0.36328855433443474,0.36328855433443474
AAPL|2018-12-26 14:30:00+00:00,AAPL,2018-12,1,later,0.6070169623096291,0.6058497578054203,0.6058497578054203
AAPL|2018-12-26 15:30:00+00:00,AAPL,2018-12,1,later,0.5954025365450968,0.5926336979592683,0.5926336979592683
AAPL|2018-12-26 16:30:00+00:00,AAPL,2018-12,1,later,0.5216549270303261,0.5140555158088159,0.5140555158088159
AAPL|2018-12-27 14:30:00+00:00,AAPL,2018-12,0,later,0.5432459277872954,0.5408462090848822,0.5408462090848822
AAPL|2018-12-27 15:30:00+00:00,AAPL,2018-12,0,later,0.42883593983018004,0.4245815152437442,0.4245815152437442
AAPL|2018-12-27 16:30:00+00:00,AAPL,2018-12,1,later,0.5082768245518817,0.5051247275218442,0.5051247275218442
AAPL|2018-12-28 14:30:00+00:00,AAPL,2018-12,0,later,0.5994068016415851,0.6002899453958613,0.6002899453958613
AAPL|2018-12-28 15:30:00+00:00,AAPL,2018-12,1,later,0.5326583784020846,0.5325139971337184,0.5325139971337184
AAPL|2018-12-28 16:30:00+00:00,AAPL,2018-12,1,later,0.6245702589004966,0.6242502828426155,0.6242502828426155
AAPL|2018-12-31 14:30:00+00:00,AAPL,2018-12,0,later,0.5767172347643708,0.5759896279124462,0.5759896279124462
AAPL|2018-12-31 15:30:00+00:00,AAPL,2018-12,0,later,0.48398712522381865,0.4823083717546938,0.4823083717546938
AAPL|2018-12-31 16:30:00+00:00,AAPL,2018-12,0,later,0.5208162181792411,0.5183567480555912,0.5183567480555912
AAPL|2019-01-02 14:30:00+00:00,AAPL,2019-01,1,later,0.5357048447710695,0.5354668630179426,0.5354668630179426
AAPL|2019-01-02 15:30:00+00:00,AAPL,2019-01,1,later,0.4541840160941268,0.452916210648858,0.452916210648858
AAPL|2019-01-02 16:30:00+00:00,AAPL,2019-01,0,later,0.6070067192168914,0.6031819986306504,0.6031819986306504
AAPL|2019-01-03 14:30:00+00:00,AAPL,2019-01,1,later,0.6713017567303462,0.6708929027101267,0.6708929027101267
AAPL|2019-01-03 15:30:00+00:00,AAPL,2019-01,0,later,0.4834403578109118,0.48052605318479347,0.48052605318479347
AAPL|2019-01-03 16:30:00+00:00,AAPL,2019-01,0,later,0.5185528984939068,0.5161140372198844,0.5161140372198844
AAPL|2019-01-04 14:30:00+00:00,AAPL,2019-01,1,later,0.5753803294130722,0.5742556925242723,0.5742556925242723
AAPL|2019-01-04 15:30:00+00:00,AAPL,2019-01,1,later,0.771870475824412,0.768779162452908,0.768779162452908
AAPL|2019-01-04 16:30:00+00:00,AAPL,2019-01,0,later,0.5483505508163314,0.5494759517361071,0.5494759517361071
AAPL|2019-01-07 14:30:00+00:00,AAPL,2019-01,0,later,0.6410921802665658,0.6406869496260486,0.6406869496260486
AAPL|2019-01-07 15:30:00+00:00,AAPL,2019-01,0,later,0.6608376802552263,0.6585360646565911,0.6585360646565911
AAPL|2019-01-07 16:30:00+00:00,AAPL,2019-01,1,later,0.35947103244712597,0.35659578042411655,0.35659578042411655
AAPL|2019-01-08 14:30:00+00:00,AAPL,2019-01,1,later,0.5879955633046063,0.5873235377265266,0.5873235377265266
AAPL|2019-01-08 15:30:00+00:00,AAPL,2019-01,1,later,0.5405611547618415,0.538691537414023,0.538691537414023
AAPL|2019-01-08 16:30:00+00:00,AAPL,2019-01,1,later,0.6299454310965308,0.6282665293271614,0.6282665293271614
AAPL|2019-01-09 14:30:00+00:00,AAPL,2019-01,1,later,0.5911688721838718,0.5908777862448098,0.5908777862448098
AAPL|2019-01-09 15:30:00+00:00,AAPL,2019-01,1,later,0.5136510185551848,0.5128859861102596,0.5128859861102596
AAPL|2019-01-09 16:30:00+00:00,AAPL,2019-01,1,later,0.5342933856693255,0.5372622864288972,0.5372622864288972
AAPL|2019-01-10 14:30:00+00:00,AAPL,2019-01,1,later,0.6054412186384981,0.605690109580963,0.605690109580963
AAPL|2019-01-10 15:30:00+00:00,AAPL,2019-01,1,later,0.553788593405678,0.5526504770398878,0.5526504770398878
AAPL|2019-01-10 16:30:00+00:00,AAPL,2019-01,1,later,0.46387083445693095,0.46059731521969743,0.46059731521969743
AAPL|2019-01-11 14:30:00+00:00,AAPL,2019-01,0,later,0.6062847068284904,0.6065892936230887,0.6065892936230887
AAPL|2019-01-11 15:30:00+00:00,AAPL,2019-01,0,later,0.4969920202555692,0.49643044253608615,0.49643044253608615
AAPL|2019-01-11 16:30:00+00:00,AAPL,2019-01,1,later,0.4290892828273229,0.42699960932328285,0.42699960932328285
AAPL|2019-01-14 14:30:00+00:00,AAPL,2019-01,0,later,0.5751266749526427,0.5750098234630038,0.5750098234630038
AAPL|2019-01-14 15:30:00+00:00,AAPL,2019-01,0,later,0.4285165011254554,0.4277574193321656,0.4277574193321656
AAPL|2019-01-14 16:30:00+00:00,AAPL,2019-01,1,later,0.4383258330553928,0.43802178783199563,0.43802178783199563
AAPL|2019-01-15 14:30:00+00:00,AAPL,2019-01,1,later,0.6264365267455263,0.6268007822327822,0.6268007822327822
AAPL|2019-01-15 15:30:00+00:00,AAPL,2019-01,1,later,0.5410147690656517,0.5399834136652485,0.5399834136652485
AAPL|2019-01-15 16:30:00+00:00,AAPL,2019-01,1,later,0.4497131917671544,0.44883295203514606,0.44883295203514606
AAPL|2019-01-16 14:30:00+00:00,AAPL,2019-01,1,later,0.6263011601335404,0.62708007325037,0.62708007325037
AAPL|2019-01-16 15:30:00+00:00,AAPL,2019-01,1,later,0.5308069844517449,0.5309663948522321,0.5309663948522321
AAPL|2019-01-16 16:30:00+00:00,AAPL,2019-01,1,later,0.5095005830734691,0.5096533261086263,0.5096533261086263
AAPL|2019-01-17 14:30:00+00:00,AAPL,2019-01,1,later,0.6831481326621337,0.6837085219379706,0.6837085219379706
AAPL|2019-01-17 15:30:00+00:00,AAPL,2019-01,1,later,0.5526171893541024,0.5525820509408589,0.5525820509408589
AAPL|2019-01-17 16:30:00+00:00,AAPL,2019-01,1,later,0.4683079662610632,0.4653632172696934,0.4653632172696934
AAPL|2019-01-18 14:30:00+00:00,AAPL,2019-01,0,later,0.6212819987858543,0.6234933158163882,0.6234933158163882
AAPL|2019-01-18 15:30:00+00:00,AAPL,2019-01,0,later,0.5728521832690014,0.5737345971272486,0.5737345971272486
AAPL|2019-01-18 16:30:00+00:00,AAPL,2019-01,0,later,0.5049948055832858,0.5067042234285171,0.5067042234285171
AAPL|2019-01-22 14:30:00+00:00,AAPL,2019-01,0,later,0.5705860128733762,0.5706632220592313,0.5706632220592313
AAPL|2019-01-22 15:30:00+00:00,AAPL,2019-01,0,later,0.4509465128371473,0.4516595690352135,0.4516595690352135
AAPL|2019-01-22 16:30:00+00:00,AAPL,2019-01,0,later,0.4485037608418579,0.45084699769242015,0.45084699769242015
AAPL|2019-01-23 14:30:00+00:00,AAPL,2019-01,0,later,0.5859201188070491,0.5866453263099355,0.5866453263099355
AAPL|2019-01-23 15:30:00+00:00,AAPL,2019-01,0,later,0.4652101900648501,0.4660021606323911,0.4660021606323911
AAPL|2019-01-23 16:30:00+00:00,AAPL,2019-01,1,later,0.3731101895103451,0.37275670029251473,0.37275670029251473
AAPL|2019-01-24 14:30:00+00:00,AAPL,2019-01,0,later,0.6591237634260294,0.6594991244286783,0.6594991244286783
AAPL|2019-01-24 15:30:00+00:00,AAPL,2019-01,0,later,0.5627280432770505,0.5627730550134502,0.5627730550134502
AAPL|2019-01-24 16:30:00+00:00,AAPL,2019-01,1,later,0.44182793043752955,0.4425337007177781,0.4425337007177781
AAPL|2019-01-25 14:30:00+00:00,AAPL,2019-01,1,later,0.6247697824438162,0.6250182670984515,0.6250182670984515
AAPL|2019-01-25 15:30:00+00:00,AAPL,2019-01,1,later,0.5579766296966115,0.5576546676299268,0.5576546676299268
AAPL|2019-01-25 16:30:00+00:00,AAPL,2019-01,1,later,0.49579296654528454,0.49467894568270776,0.49467894568270776
AAPL|2019-01-28 14:30:00+00:00,AAPL,2019-01,1,later,0.6377543179418245,0.6378191081732457,0.6378191081732457
AAPL|2019-01-28 15:30:00+00:00,AAPL,2019-01,1,later,0.5422439986572761,0.5405991861290425,0.5405991861290425
AAPL|2019-01-28 16:30:00+00:00,AAPL,2019-01,1,later,0.45392025011104914,0.45182746253333295,0.45182746253333295
AAPL|2019-01-29 14:30:00+00:00,AAPL,2019-01,0,later,0.6565229633051385,0.6570873346147476,0.6570873346147476
AAPL|2019-01-29 15:30:00+00:00,AAPL,2019-01,0,later,0.5678684351246912,0.5676167819323041,0.5676167819323041
AAPL|2019-01-29 16:30:00+00:00,AAPL,2019-01,0,later,0.422276970095315,0.4197986574870268,0.4197986574870268
AAPL|2019-01-30 14:30:00+00:00,AAPL,2019-01,0,later,0.6040510255767437,0.6038483012580885,0.6038483012580885
AAPL|2019-01-30 15:30:00+00:00,AAPL,2019-01,1,later,0.6130535894618961,0.6110855942808144,0.6110855942808144
AAPL|2019-01-30 16:30:00+00:00,AAPL,2019-01,1,later,0.6126504539655467,0.6113999039285847,0.6113999039285847
AAPL|2019-01-31 14:30:00+00:00,AAPL,2019-01,1,later,0.6971219868686417,0.6975779071894436,0.6975779071894436
AAPL|2019-01-31 15:30:00+00:00,AAPL,2019-01,0,later,0.6433927289939405,0.6431348082375994,0.6431348082375994
AAPL|2019-01-31 16:30:00+00:00,AAPL,2019-01,0,later,0.5824443701460688,0.5849340339459179,0.5849340339459179
AAPL|2019-02-01 14:30:00+00:00,AAPL,2019-02,0,later,0.6303137932471383,0.6306438158450804,0.6306438158450804
AAPL|2019-02-01 15:30:00+00:00,AAPL,2019-02,0,later,0.6098901630736805,0.6090161578424377,0.6090161578424377
AMZN|2018-03-01 14:30:00+00:00,AMZN,2018-03,0,train_forward_oof,0.6292984015322189,0.6253796528537054,0.6253796528537054
AMZN|2018-03-01 15:30:00+00:00,AMZN,2018-03,0,train_forward_oof,0.6554680215959053,0.5563921956190508,0.5563921956190508
AMZN|2018-03-01 16:30:00+00:00,AMZN,2018-03,0,train_forward_oof,0.6013305247976193,0.4200265877487065,0.4200265877487065
AMZN|2018-03-02 14:30:00+00:00,AMZN,2018-03,1,train_forward_oof,0.40029846837988775,0.41217666672645925,0.41217666672645925
AMZN|2018-03-02 15:30:00+00:00,AMZN,2018-03,1,train_forward_oof,0.5111010136603082,0.4627399474609947,0.4627399474609947
AMZN|2018-03-02 16:30:00+00:00,AMZN,2018-03,1,train_forward_oof,0.6642956454578592,0.5652071074055659,0.5652071074055659
AMZN|2018-03-05 14:30:00+00:00,AMZN,2018-03,1,train_forward_oof,0.6058070129615731,0.6021035309853114,0.6021035309853114
AMZN|2018-03-05 15:30:00+00:00,AMZN,2018-03,1,train_forward_oof,0.5602069409916295,0.44402239705877544,0.44402239705877544
AMZN|2018-03-05 16:30:00+00:00,AMZN,2018-03,1,train_forward_oof,0.5785382952782346,0.4040154668803986,0.4040154668803986
AMZN|2018-03-06 14:30:00+00:00,AMZN,2018-03,1,train_forward_oof,0.4904467381126586,0.4918264369392544,0.4918264369392544
AMZN|2018-03-06 15:30:00+00:00,AMZN,2018-03,0,train_forward_oof,0.5395863659121043,0.4377439388838773,0.4377439388838773
AMZN|2018-03-06 16:30:00+00:00,AMZN,2018-03,1,train_forward_oof,0.5281841509962302,0.38906193896982316,0.38906193896982316
AMZN|2018-03-07 14:30:00+00:00,AMZN,2018-03,1,train_forward_oof,0.5063065315474335,0.5025898618868678,0.5025898618868678
AMZN|2018-03-07 15:30:00+00:00,AMZN,2018-03,0,train_forward_oof,0.49728997981560197,0.3881222622430871,0.3881222622430871
AMZN|2018-03-07 16:30:00+00:00,AMZN,2018-03,1,train_forward_oof,0.5211261820619904,0.3706068915694906,0.3706068915694906
AMZN|2018-03-08 14:30:00+00:00,AMZN,2018-03,0,train_forward_oof,0.5685038476430457,0.5692700196188953,0.5692700196188953
AMZN|2018-03-08 15:30:00+00:00,AMZN,2018-03,0,train_forward_oof,0.6566257974313414,0.5556107624707443,0.5556107624707443
AMZN|2018-03-08 16:30:00+00:00,AMZN,2018-03,0,train_forward_oof,0.6008147885765648,0.4488621035558812,0.4488621035558812
AMZN|2018-03-09 14:30:00+00:00,AMZN,2018-03,1,train_forward_oof,0.5369398477963956,0.5285607237472695,0.5285607237472695
AMZN|2018-03-09 15:30:00+00:00,AMZN,2018-03,1,train_forward_oof,0.6473065218199795,0.5923880359416733,0.5923880359416733
AMZN|2018-03-09 16:30:00+00:00,AMZN,2018-03,1,train_forward_oof,0.5917283629367203,0.5048786201128975,0.5048786201128975
AMZN|2018-03-12 14:30:00+00:00,AMZN,2018-03,0,train_forward_oof,0.6787176610323552,0.6957696591832347,0.6957696591832347
AMZN|2018-03-12 15:30:00+00:00,AMZN,2018-03,1,train_forward_oof,0.6974985915878834,0.6666768492061235,0.6666768492061235
AMZN|2018-03-13 13:30:00+00:00,AMZN,2018-03,0,train_forward_oof,0.4661088699813637,0.45875875942308036,0.45875875942308036
AMZN|2018-03-13 14:30:00+00:00,AMZN,2018-03,0,train_forward_oof,0.5619561581454942,0.5381434033937352,0.5381434033937352
AMZN|2018-03-13 15:30:00+00:00,AMZN,2018-03,1,train_forward_oof,0.2757377802744191,0.3318031416182918,0.3318031416182918
AMZN|2018-03-14 13:30:00+00:00,AMZN,2018-03,0,train_forward_oof,0.5902108374670707,0.6081915030134329,0.6081915030134329
AMZN|2018-03-14 14:30:00+00:00,AMZN,2018-03,0,train_forward_oof,0.6163865331865734,0.6117828672114044,0.6117828672114044
AMZN|2018-03-14 15:30:00+00:00,AMZN,2018-03,0,train_forward_oof,0.3245155105578368,0.29879464468350536,0.29879464468350536
AMZN|2018-03-15 13:30:00+00:00,AMZN,2018-03,0,train_forward_oof,0.5399402737661584,0.5340205501506912,0.5340205501506912
AMZN|2018-03-15 14:30:00+00:00,AMZN,2018-03,1,train_forward_oof,0.6647361790855035,0.6234435648035525,0.6234435648035525
AMZN|2018-03-15 15:30:00+00:00,AMZN,2018-03,0,train_forward_oof,0.6170827681492747,0.5821842385470545,0.5821842385470545
AMZN|2018-03-16 13:30:00+00:00,AMZN,2018-03,0,train_forward_oof,0.5652690812087743,0.5624074172027075,0.5624074172027075
AMZN|2018-03-16 14:30:00+00:00,AMZN,2018-03,0,train_forward_oof,0.6541239821780788,0.6047462618214986,0.6047462618214986
AMZN|2018-03-16 15:30:00+00:00,AMZN,2018-03,0,train_forward_oof,0.5323165964499607,0.5075313933789575,0.5075313933789575
AMZN|2018-03-19 13:30:00+00:00,AMZN,2018-03,0,train_forward_oof,0.6421829970062372,0.6377659937117014,0.6377659937117014
AMZN|2018-03-19 14:30:00+00:00,AMZN,2018-03,0,train_forward_oof,0.7687746172954725,0.7480109405614574,0.7480109405614574
AMZN|2018-03-19 15:30:00+00:00,AMZN,2018-03,0,train_forward_oof,0.5109665986710028,0.5279815562048461,0.5279815562048461
AMZN|2018-03-20 13:30:00+00:00,AMZN,2018-03,1,train_forward_oof,0.5394672099887681,0.549309530219441,0.549309530219441
AMZN|2018-03-20 14:30:00+00:00,AMZN,2018-03,1,train_forward_oof,0.6065817014730893,0.6092880203438952,0.6092880203438952
AMZN|2018-03-20 15:30:00+00:00,AMZN,2018-03,1,train_forward_oof,0.5892878474004808,0.6078158053044959,0.6078158053044959
AMZN|2018-03-21 13:30:00+00:00,AMZN,2018-03,0,train_forward_oof,0.46981013087794354,0.4642796387356949,0.4642796387356949
AMZN|2018-03-21 14:30:00+00:00,AMZN,2018-03,0,train_forward_oof,0.6030478773024815,0.5884161877362575,0.5884161877362575
AMZN|2018-03-21 15:30:00+00:00,AMZN,2018-03,0,train_forward_oof,0.595729133193091,0.5601116006027761,0.5601116006027761
AMZN|2018-03-22 13:30:00+00:00,AMZN,2018-03,0,train_forward_oof,0.514778161333839,0.5069021038299464,0.5069021038299464
AMZN|2018-03-22 14:30:00+00:00,AMZN,2018-03,0,train_forward_oof,0.6752533335618052,0.670172134929597,0.670172134929597
AMZN|2018-03-22 15:30:00+00:00,AMZN,2018-03,0,train_forward_oof,0.5558366250055996,0.5801774568365714,0.5801774568365714
AMZN|2018-03-23 13:30:00+00:00,AMZN,2018-03,0,train_forward_oof,0.5480995463178694,0.5557946668345303,0.5557946668345303
AMZN|2018-03-23 14:30:00+00:00,AMZN,2018-03,0,train_forward_oof,0.6872896842674928,0.7227659884975133,0.7227659884975133
AMZN|2018-03-23 15:30:00+00:00,AMZN,2018-03,0,train_forward_oof,0.47444191838420413,0.4858229699999233,0.4858229699999233
AMZN|2018-03-26 13:30:00+00:00,AMZN,2018-03,1,train_forward_oof,0.6370048549665999,0.6483432922077839,0.6483432922077839
AMZN|2018-03-26 14:30:00+00:00,AMZN,2018-03,1,train_forward_oof,0.4991707910539481,0.5409750890027851,0.5409750890027851
AMZN|2018-03-26 15:30:00+00:00,AMZN,2018-03,1,train_forward_oof,0.0495212626912181,0.068858476103272,0.068858476103272
AMZN|2018-03-27 13:30:00+00:00,AMZN,2018-03,0,train_forward_oof,0.5671720415951078,0.575094655010264,0.575094655010264
AMZN|2018-03-27 14:30:00+00:00,AMZN,2018-03,0,train_forward_oof,0.5721306814264026,0.593671943405163,0.593671943405163
AMZN|2018-03-27 15:30:00+00:00,AMZN,2018-03,0,train_forward_oof,0.6631056679284507,0.6610845800870436,0.6610845800870436
AMZN|2018-03-28 13:30:00+00:00,AMZN,2018-03,0,train_forward_oof,0.28142064977529724,0.29571908693592114,0.29571908693592114
AMZN|2018-03-28 14:30:00+00:00,AMZN,2018-03,1,train_forward_oof,0.40677569507379713,0.4632888797347016,0.4632888797347016
AMZN|2018-03-28 15:30:00+00:00,AMZN,2018-03,1,train_forward_oof,0.22002876404405095,0.30284756164251164,0.30284756164251164
AMZN|2018-03-29 13:30:00+00:00,AMZN,2018-03,1,train_forward_oof,0.196431477579485,0.21332387105905806,0.21332387105905806
AMZN|2018-03-29 14:30:00+00:00,AMZN,2018-03,1,train_forward_oof,0.24706523735134736,0.3248308117658123,0.3248308117658123
AMZN|2018-03-29 15:30:00+00:00,AMZN,2018-03,1,train_forward_oof,0.631192829328596,0.7238641199276101,0.7238641199276101
AMZN|2018-04-02 13:30:00+00:00,AMZN,2018-04,0,train_forward_oof,0.7122193993252535,0.7116114115955491,0.7116114115955491
AMZN|2018-04-02 14:30:00+00:00,AMZN,2018-04,0,train_forward_oof,0.7391215673388443,0.7418284066259581,0.7418284066259581
AMZN|2018-04-02 15:30:00+00:00,AMZN,2018-04,0,train_forward_oof,0.5909939782300135,0.6114217368758454,0.6114217368758454
AMZN|2018-04-03 13:30:00+00:00,AMZN,2018-04,0,train_forward_oof,0.5443007991157887,0.5480446891742153,0.5480446891742153
AMZN|2018-04-03 14:30:00+00:00,AMZN,2018-04,0,train_forward_oof,0.5312052247969539,0.5507119230662908,0.5507119230662908
AMZN|2018-04-03 15:30:00+00:00,AMZN,2018-04,1,train_forward_oof,0.5840119331906909,0.5785017661565164,0.5785017661565164
AMZN|2018-04-04 13:30:00+00:00,AMZN,2018-04,1,train_forward_oof,0.5944854327255639,0.5969663993154151,0.5969663993154151
AMZN|2018-04-04 14:30:00+00:00,AMZN,2018-04,1,train_forward_oof,0.6547127949796883,0.6468703196086971,0.6468703196086971
AMZN|2018-04-04 15:30:00+00:00,AMZN,2018-04,1,train_forward_oof,0.6573718709650036,0.6490525749310311,0.6490525749310311
AMZN|2018-04-05 13:30:00+00:00,AMZN,2018-04,1,train_forward_oof,0.5555515585389984,0.5556688240565367,0.5556688240565367
AMZN|2018-04-05 14:30:00+00:00,AMZN,2018-04,1,train_forward_oof,0.5652490968028586,0.5632986177803109,0.5632986177803109
AMZN|2018-04-05 15:30:00+00:00,AMZN,2018-04,1,train_forward_oof,0.5880307891642302,0.5938949930544467,0.5938949930544467
AMZN|2018-04-06 13:30:00+00:00,AMZN,2018-04,1,train_forward_oof,0.5094820607401654,0.5127229362776974,0.5127229362776974
AMZN|2018-04-06 14:30:00+00:00,AMZN,2018-04,0,train_forward_oof,0.5615161688390302,0.5323841987750895,0.5323841987750895
AMZN|2018-04-06 15:30:00+00:00,AMZN,2018-04,0,train_forward_oof,0.5723173824724994,0.556502158478622,0.556502158478622
AMZN|2018-04-09 13:30:00+00:00,AMZN,2018-04,1,train_forward_oof,0.5031421867099575,0.5048496704034543,0.5048496704034543
AMZN|2018-04-09 14:30:00+00:00,AMZN,2018-04,0,train_forward_oof,0.5185946393884489,0.5004696668940558,0.5004696668940558
AMZN|2018-04-09 15:30:00+00:00,AMZN,2018-04,0,train_forward_oof,0.4836373611906104,0.4483840115695534,0.4483840115695534
AMZN|2018-04-10 13:30:00+00:00,AMZN,2018-04,0,train_forward_oof,0.4605732629485885,0.4632336902298555,0.4632336902298555
AMZN|2018-04-10 14:30:00+00:00,AMZN,2018-04,1,train_forward_oof,0.4664002844879732,0.4346426786599467,0.4346426786599467
AMZN|2018-04-10 15:30:00+00:00,AMZN,2018-04,1,train_forward_oof,0.4748262403781083,0.4451765873864349,0.4451765873864349
AMZN|2018-04-11 13:30:00+00:00,AMZN,2018-04,1,train_forward_oof,0.50726642236242,0.5116303573032356,0.5116303573032356
AMZN|2018-04-11 14:30:00+00:00,AMZN,2018-04,0,train_forward_oof,0.5269955421349779,0.501593545368034,0.501593545368034
AMZN|2018-04-11 15:30:00+00:00,AMZN,2018-04,0,train_forward_oof,0.5131465164544459,0.470655919579999,0.470655919579999
AMZN|2018-04-12 13:30:00+00:00,AMZN,2018-04,1,train_forward_oof,0.46017120172471065,0.4635215324435608,0.4635215324435608
AMZN|2018-04-12 14:30:00+00:00,AMZN,2018-04,0,train_forward_oof,0.4808374711448478,0.468325507433909,0.468325507433909
AMZN|2018-04-12 15:30:00+00:00,AMZN,2018-04,1,train_forward_oof,0.4831700321882864,0.44475852177521713,0.44475852177521713
AMZN|2018-04-13 13:30:00+00:00,AMZN,2018-04,0,train_forward_oof,0.49520266441890876,0.49880795073965567,0.49880795073965567
AMZN|2018-04-13 14:30:00+00:00,AMZN,2018-04,0,train_forward_oof,0.5281244372068938,0.5090039056326894,0.5090039056326894
AMZN|2018-04-13 15:30:00+00:00,AMZN,2018-04,0,train_forward_oof,0.5001294956559369,0.4513593405909694,0.4513593405909694
AMZN|2018-04-16 13:30:00+00:00,AMZN,2018-04,1,train_forward_oof,0.5139442309814981,0.516461893434507,0.516461893434507
AMZN|2018-04-16 14:30:00+00:00,AMZN,2018-04,0,train_forward_oof,0.5257983170921693,0.4946296858556462,0.4946296858556462
AMZN|2018-04-16 15:30:00+00:00,AMZN,2018-04,1,train_forward_oof,0.442915867362469,0.4023943556320111,0.4023943556320111
AMZN|2018-04-17 13:30:00+00:00,AMZN,2018-04,1,train_forward_oof,0.4590424645275881,0.46346109738277036,0.46346109738277036
AMZN|2018-04-17 14:30:00+00:00,AMZN,2018-04,1,train_forward_oof,0.46977274236217303,0.4583889708877989,0.4583889708877989
AMZN|2018-04-17 15:30:00+00:00,AMZN,2018-04,1,train_forward_oof,0.4799197334863364,0.4349356209063846,0.4349356209063846
AMZN|2018-04-18 13:30:00+00:00,AMZN,2018-04,1,train_forward_oof,0.47162935276915935,0.4750075855756084,0.4750075855756084
AMZN|2018-04-18 14:30:00+00:00,AMZN,2018-04,1,train_forward_oof,0.47928249025005953,0.4897606204465047,0.4897606204465047
AMZN|2018-04-18 15:30:00+00:00,AMZN,2018-04,1,train_forward_oof,0.49683771975440305,0.4748031397473424,0.4748031397473424
AMZN|2018-04-19 13:30:00+00:00,AMZN,2018-04,1,train_forward_oof,0.48001759420275125,0.4837036071759572,0.4837036071759572
AMZN|2018-04-19 14:30:00+00:00,AMZN,2018-04,0,train_forward_oof,0.5013233740602226,0.4964490771589636,0.4964490771589636
AMZN|2018-04-19 15:30:00+00:00,AMZN,2018-04,1,train_forward_oof,0.48976828188639326,0.48845186923283085,0.48845186923283085
AMZN|2018-04-20 13:30:00+00:00,AMZN,2018-04,0,train_forward_oof,0.45983286263718787,0.4629070549246453,0.4629070549246453
AMZN|2018-04-20 14:30:00+00:00,AMZN,2018-04,0,train_forward_oof,0.48621934426014457,0.4741876642626938,0.4741876642626938
AMZN|2018-04-20 15:30:00+00:00,AMZN,2018-04,0,train_forward_oof,0.5148628571818357,0.49426740097141175,0.49426740097141175
AMZN|2018-04-23 13:30:00+00:00,AMZN,2018-04,0,train_forward_oof,0.5312135674380021,0.5342775739680227,0.5342775739680227
AMZN|2018-04-23 14:30:00+00:00,AMZN,2018-04,0,train_forward_oof,0.5472961344769642,0.5267237840071205,0.5267237840071205
AMZN|2018-04-23 15:30:00+00:00,AMZN,2018-04,0,train_forward_oof,0.4758419604698809,0.46252380114608993,0.46252380114608993
AMZN|2018-04-24 13:30:00+00:00,AMZN,2018-04,0,train_forward_oof,0.4771362371711052,0.4816869383108036,0.4816869383108036
AMZN|2018-04-24 14:30:00+00:00,AMZN,2018-04,0,train_forward_oof,0.5400600325112586,0.5314424913127223,0.5314424913127223
AMZN|2018-04-24 15:30:00+00:00,AMZN,2018-04,0,train_forward_oof,0.5217485271698652,0.5353414246472276,0.5353414246472276
AMZN|2018-04-25 13:30:00+00:00,AMZN,2018-04,0,train_forward_oof,0.5742582489810972,0.5797604280595964,0.5797604280595964
AMZN|2018-04-25 14:30:00+00:00,AMZN,2018-04,1,train_forward_oof,0.584029151854351,0.5887544469802786,0.5887544469802786
AMZN|2018-04-25 15:30:00+00:00,AMZN,2018-04,0,train_forward_oof,0.6110467170182737,0.6065596930615313,0.6065596930615313
AMZN|2018-04-26 13:30:00+00:00,AMZN,2018-04,1,train_forward_oof,0.6054663463592671,0.6077280920986723,0.6077280920986723
AMZN|2018-04-26 14:30:00+00:00,AMZN,2018-04,1,train_forward_oof,0.6115607662625352,0.6192258819360315,0.6192258819360315
AMZN|2018-04-26 15:30:00+00:00,AMZN,2018-04,1,train_forward_oof,0.5570925280070236,0.5496751120612698,0.5496751120612698
AMZN|2018-04-27 13:30:00+00:00,AMZN,2018-04,0,train_forward_oof,0.5039835786476788,0.5075828437559838,0.5075828437559838
AMZN|2018-04-27 14:30:00+00:00,AMZN,2018-04,0,train_forward_oof,0.45089595231452745,0.45737026774062317,0.45737026774062317
AMZN|2018-04-27 15:30:00+00:00,AMZN,2018-04,0,train_forward_oof,0.44552296060360397,0.437053559926123,0.437053559926123
AMZN|2018-04-30 13:30:00+00:00,AMZN,2018-04,0,train_forward_oof,0.6027294105144332,0.6052411668158744,0.6052411668158744
AMZN|2018-04-30 14:30:00+00:00,AMZN,2018-04,0,train_forward_oof,0.6244019550173613,0.6346751424591864,0.6346751424591864
AMZN|2018-04-30 15:30:00+00:00,AMZN,2018-04,0,train_forward_oof,0.46606759801068415,0.45633269780694385,0.45633269780694385
AMZN|2018-05-01 13:30:00+00:00,AMZN,2018-05,1,train_forward_oof,0.6121204201494991,0.5376291193107195,0.6263781212230924
AMZN|2018-05-01 14:30:00+00:00,AMZN,2018-05,1,train_forward_oof,0.6686875668349029,0.5403492774294166,0.6693973465681682
AMZN|2018-05-01 15:30:00+00:00,AMZN,2018-05,1,train_forward_oof,0.39527277459563454,0.4550710656912338,0.3291737437162103
AMZN|2018-05-02 13:30:00+00:00,AMZN,2018-05,0,train_forward_oof,0.48046692364015936,0.5160127189071702,0.48076422649443556
AMZN|2018-05-02 14:30:00+00:00,AMZN,2018-05,0,train_forward_oof,0.49328015296691513,0.5146522013527118,0.5200416867003443
AMZN|2018-05-02 15:30:00+00:00,AMZN,2018-05,0,train_forward_oof,0.5478055922402425,0.4978567545486101,0.5290943459025476
AMZN|2018-05-03 13:30:00+00:00,AMZN,2018-05,1,train_forward_oof,0.4596833391538984,0.4820004301127922,0.46703343713623596
AMZN|2018-05-03 14:30:00+00:00,AMZN,2018-05,1,train_forward_oof,0.4350448450273616,0.47009454456382804,0.4701970122545983
AMZN|2018-05-03 15:30:00+00:00,AMZN,2018-05,1,train_forward_oof,0.39992588394066025,0.47330064470095856,0.39896423646532453
AMZN|2018-05-04 13:30:00+00:00,AMZN,2018-05,1,train_forward_oof,0.5733303219997724,0.5206578167327826,0.5676971802882441
AMZN|2018-05-04 14:30:00+00:00,AMZN,2018-05,1,train_forward_oof,0.5257722997902848,0.4799861327604417,0.41563909761490947
AMZN|2018-05-04 15:30:00+00:00,AMZN,2018-05,1,train_forward_oof,0.6176831251940663,0.5287952566057681,0.5826228982737508
AMZN|2018-05-07 13:30:00+00:00,AMZN,2018-05,1,train_forward_oof,0.5576768579519937,0.511159158382682,0.5396793597329297
AMZN|2018-05-07 14:30:00+00:00,AMZN,2018-05,1,train_forward_oof,0.5828166332508802,0.4770505820766706,0.4729204962415595
AMZN|2018-05-07 15:30:00+00:00,AMZN,2018-05,0,train_forward_oof,0.596521544625066,0.5104396042190674,0.5659635458270958
AMZN|2018-05-08 13:30:00+00:00,AMZN,2018-05,0,train_forward_oof,0.47616190888620963,0.4893781771701329,0.46890164455021266
AMZN|2018-05-08 14:30:00+00:00,AMZN,2018-05,0,train_forward_oof,0.48801303630575976,0.46535114043593256,0.40911064012255355
AMZN|2018-05-08 15:30:00+00:00,AMZN,2018-05,0,train_forward_oof,0.49396350505359105,0.4587260103056304,0.5135229340520844
AMZN|2018-05-09 13:30:00+00:00,AMZN,2018-05,1,train_forward_oof,0.47707878848794,0.4844005246313022,0.4819990616942994
AMZN|2018-05-09 14:30:00+00:00,AMZN,2018-05,1,train_forward_oof,0.4956494335590737,0.44912294971420846,0.3992792944826673
AMZN|2018-05-09 15:30:00+00:00,AMZN,2018-05,1,train_forward_oof,0.4706408255435515,0.4465952349306336,0.3938095142251981
AMZN|2018-05-10 13:30:00+00:00,AMZN,2018-05,1,train_forward_oof,0.4667075150214703,0.4765620620833165,0.4609727068626649
AMZN|2018-05-10 14:30:00+00:00,AMZN,2018-05,0,train_forward_oof,0.5084785192494258,0.45648594477171606,0.4405994748075772
AMZN|2018-05-10 15:30:00+00:00,AMZN,2018-05,1,train_forward_oof,0.4792219108746254,0.45939957267005505,0.4466206044396829
AMZN|2018-05-11 13:30:00+00:00,AMZN,2018-05,0,train_forward_oof,0.4831243034267176,0.4801895168882019,0.4825833170677413
AMZN|2018-05-11 14:30:00+00:00,AMZN,2018-05,0,train_forward_oof,0.4919008855113652,0.4234956260283968,0.31376489133697594
AMZN|2018-05-11 15:30:00+00:00,AMZN,2018-05,0,train_forward_oof,0.45666904858986224,0.43940585548154715,0.4309289987171035
AMZN|2018-05-14 13:30:00+00:00,AMZN,2018-05,1,train_forward_oof,0.5650308986606708,0.4962843932518361,0.5566929045325779
AMZN|2018-05-14 14:30:00+00:00,AMZN,2018-05,0,train_forward_oof,0.5583102368962058,0.45280142125155665,0.4254457727381847
AMZN|2018-05-14 15:30:00+00:00,AMZN,2018-05,0,train_forward_oof,0.4553147879615409,0.4243309165896674,0.3890658801444236
AMZN|2018-05-15 13:30:00+00:00,AMZN,2018-05,0,train_forward_oof,0.4668382261908317,0.4755913089877516,0.46252361261173974
AMZN|2018-05-15 14:30:00+00:00,AMZN,2018-05,0,train_forward_oof,0.46114307211906813,0.47987100334730054,0.5071026379474162
AMZN|2018-05-15 15:30:00+00:00,AMZN,2018-05,1,train_forward_oof,0.5154161684364341,0.4913673737863223,0.5240345694808453
AMZN|2018-05-16 13:30:00+00:00,AMZN,2018-05,1,train_forward_oof,0.40963608711141086,0.46836689706342005,0.4050042543333614
AMZN|2018-05-16 15:30:00+00:00,AMZN,2018-05,1,train_forward_oof,0.5609130217975555,0.47426331356227186,0.5048483763827726
AMZN|2018-05-17 13:30:00+00:00,AMZN,2018-05,1,train_forward_oof,0.4518829590903364,0.4748719068625042,0.44374307218354175
AMZN|2018-05-17 14:30:00+00:00,AMZN,2018-05,0,train_forward_oof,0.47362121168755983,0.4282524879050294,0.29315928337070973
AMZN|2018-05-17 15:30:00+00:00,AMZN,2018-05,0,train_forward_oof,0.5408342390604924,0.4640955980593529,0.4257845741610389
AMZN|2018-05-18 13:30:00+00:00,AMZN,2018-05,0,train_forward_oof,0.4937381581420636,0.48914448319721693,0.49212256732909204
AMZN|2018-05-18 14:30:00+00:00,AMZN,2018-05,0,train_forward_oof,0.5601783483591062,0.4713343846691891,0.48091582204251415
AMZN|2018-05-18 15:30:00+00:00,AMZN,2018-05,0,train_forward_oof,0.5600855320684469,0.4867572044293162,0.5832547869347054
AMZN|2018-05-21 13:30:00+00:00,AMZN,2018-05,0,train_forward_oof,0.5488928732338525,0.48874040404653657,0.5399320073377191
AMZN|2018-05-21 14:30:00+00:00,AMZN,2018-05,0,train_forward_oof,0.5325935017758416,0.5121590066042682,0.6778883513012978
AMZN|2018-05-21 15:30:00+00:00,AMZN,2018-05,1,train_forward_oof,0.42140398557772596,0.47495858684502257,0.4593078667069874
AMZN|2018-05-22 13:30:00+00:00,AMZN,2018-05,0,train_forward_oof,0.4361996896122686,0.4703202285569652,0.4389394073820593
AMZN|2018-05-22 14:30:00+00:00,AMZN,2018-05,1,train_forward_oof,0.3769380720431784,0.43591846830795167,0.353829454536452
AMZN|2018-05-22 15:30:00+00:00,AMZN,2018-05,1,train_forward_oof,0.4539459607339169,0.39857307871102904,0.2839503910812846
AMZN|2018-05-23 13:30:00+00:00,AMZN,2018-05,1,train_forward_oof,0.4767156960469031,0.49054232205704634,0.4664157868912996
AMZN|2018-05-23 14:30:00+00:00,AMZN,2018-05,1,train_forward_oof,0.48137109853183324,0.4813245685898121,0.4542022605592375
AMZN|2018-05-23 15:30:00+00:00,AMZN,2018-05,1,train_forward_oof,0.5123540497054163,0.4579859405099853,0.40476187817919856
AMZN|2018-05-24 13:30:00+00:00,AMZN,2018-05,1,train_forward_oof,0.5408336136147585,0.5142120443931516,0.5328879332459161
AMZN|2018-05-24 14:30:00+00:00,AMZN,2018-05,1,train_forward_oof,0.5221343651744467,0.4707051932957005,0.399880402291666
AMZN|2018-05-24 15:30:00+00:00,AMZN,2018-05,1,train_forward_oof,0.49067439239272564,0.4644620046241623,0.40623758203739513
AMZN|2018-05-25 13:30:00+00:00,AMZN,2018-05,1,train_forward_oof,0.5123420478671847,0.49229509307361385,0.5096479889522118
AMZN|2018-05-25 14:30:00+00:00,AMZN,2018-05,0,train_forward_oof,0.5456628986327514,0.5188215550127473,0.654118898833542
AMZN|2018-05-25 15:30:00+00:00,AMZN,2018-05,0,train_forward_oof,0.5396876415544194,0.5258381095692253,0.5394121670791644
AMZN|2018-05-29 13:30:00+00:00,AMZN,2018-05,1,train_forward_oof,0.5387604509316264,0.49231625750978747,0.5149129995465824
AMZN|2018-05-29 14:30:00+00:00,AMZN,2018-05,1,train_forward_oof,0.5159269590900035,0.464682129114316,0.4515117618263406
AMZN|2018-05-29 15:30:00+00:00,AMZN,2018-05,0,train_forward_oof,0.6098457007995775,0.50638510805345,0.5655208373827891
AMZN|2018-05-30 13:30:00+00:00,AMZN,2018-05,1,train_forward_oof,0.5327070614888982,0.5038773108310279,0.5384613728198964
AMZN|2018-05-30 14:30:00+00:00,AMZN,2018-05,1,train_forward_oof,0.5095539151304987,0.44914498073864745,0.36233254674490223
AMZN|2018-05-30 15:30:00+00:00,AMZN,2018-05,1,train_forward_oof,0.46706826565514437,0.4679519527439912,0.43645770681082824
AMZN|2018-05-31 13:30:00+00:00,AMZN,2018-05,1,train_forward_oof,0.48760351530838447,0.485965604295065,0.483288231671593
AMZN|2018-05-31 14:30:00+00:00,AMZN,2018-05,1,train_forward_oof,0.46829426243108785,0.45996928370119616,0.422852434680236
AMZN|2018-05-31 15:30:00+00:00,AMZN,2018-05,0,train_forward_oof,0.5092154225563073,0.5087357019431761,0.5760152821547052
AMZN|2018-06-01 13:30:00+00:00,AMZN,2018-06,1,train_forward_oof,0.5421748621471262,0.5171481815677023,0.5433721669044443
AMZN|2018-06-01 14:30:00+00:00,AMZN,2018-06,1,train_forward_oof,0.504960595353246,0.47907118244281044,0.5229654125565504
AMZN|2018-06-01 15:30:00+00:00,AMZN,2018-06,0,train_forward_oof,0.5329502841779404,0.5138604074916163,0.5907921948120941
AMZN|2018-06-04 13:30:00+00:00,AMZN,2018-06,1,train_forward_oof,0.6021996005151355,0.5307256711733334,0.5954165593921912
AMZN|2018-06-04 14:30:00+00:00,AMZN,2018-06,1,train_forward_oof,0.5572574222082423,0.4938535054265845,0.5660048416782384
AMZN|2018-06-04 15:30:00+00:00,AMZN,2018-06,1,train_forward_oof,0.4534220507042287,0.48437358825643595,0.4809416735689953
AMZN|2018-06-05 13:30:00+00:00,AMZN,2018-06,1,train_forward_oof,0.563463978406071,0.5252736697668811,0.5591939448769566
AMZN|2018-06-05 14:30:00+00:00,AMZN,2018-06,1,train_forward_oof,0.5062889837818383,0.4944105818179186,0.5431112383387342
AMZN|2018-06-05 15:30:00+00:00,AMZN,2018-06,1,train_forward_oof,0.5683992917867955,0.5375691730051054,0.5989282785611826
AMZN|2018-06-06 13:30:00+00:00,AMZN,2018-06,0,train_forward_oof,0.5646789983505733,0.5411982675976135,0.5617519207450319
AMZN|2018-06-06 14:30:00+00:00,AMZN,2018-06,1,train_forward_oof,0.4406381732600885,0.5108884344094736,0.5278571032307245
AMZN|2018-06-06 15:30:00+00:00,AMZN,2018-06,0,train_forward_oof,0.5621686117446133,0.5272741279966939,0.5940722110919681
AMZN|2018-06-07 13:30:00+00:00,AMZN,2018-06,0,train_forward_oof,0.5260614325428051,0.5334892195631704,0.5282938999874376
AMZN|2018-06-07 14:30:00+00:00,AMZN,2018-06,1,train_forward_oof,0.4831653316271707,0.5128173367442773,0.5549957605861331
AMZN|2018-06-07 15:30:00+00:00,AMZN,2018-06,0,train_forward_oof,0.4320048927439909,0.4934884714696048,0.4634326359748502
AMZN|2018-06-08 13:30:00+00:00,AMZN,2018-06,1,train_forward_oof,0.5499954638166757,0.5360993459666263,0.5449310007717907
AMZN|2018-06-08 14:30:00+00:00,AMZN,2018-06,1,train_forward_oof,0.5548554219534851,0.5097107056452634,0.5593709996603793
AMZN|2018-06-08 15:30:00+00:00,AMZN,2018-06,0,train_forward_oof,0.5704863500248424,0.5386190341886894,0.5974378618878827
AMZN|2018-06-11 13:30:00+00:00,AMZN,2018-06,1,train_forward_oof,0.5723931168096973,0.5254784291448744,0.5676725090525704
AMZN|2018-06-11 14:30:00+00:00,AMZN,2018-06,1,train_forward_oof,0.5444902835749288,0.4718310042085035,0.4791233823141375
AMZN|2018-06-11 15:30:00+00:00,AMZN,2018-06,1,train_forward_oof,0.46455015978899306,0.4402424622002916,0.39000792504734677
AMZN|2018-06-12 13:30:00+00:00,AMZN,2018-06,1,train_forward_oof,0.5351195748755523,0.5146011137749278,0.5300811958409429
AMZN|2018-06-12 14:30:00+00:00,AMZN,2018-06,1,train_forward_oof,0.4753069756183083,0.44835415128634554,0.3938694236791374
AMZN|2018-06-12 15:30:00+00:00,AMZN,2018-06,0,train_forward_oof,0.5118375107022228,0.45727539032285525,0.4580430271679991
AMZN|2018-06-13 13:30:00+00:00,AMZN,2018-06,1,train_forward_oof,0.5264749720908894,0.5100899447892029,0.5238940916335406
AMZN|2018-06-13 14:30:00+00:00,AMZN,2018-06,0,train_forward_oof,0.479179462306614,0.457454850563524,0.4383376074056281
AMZN|2018-06-13 15:30:00+00:00,AMZN,2018-06,0,train_forward_oof,0.5080971513848318,0.4676373405500791,0.4816225932362791
AMZN|2018-06-14 13:30:00+00:00,AMZN,2018-06,1,train_forward_oof,0.5665994282410521,0.527949184075368,0.5655891305149161
AMZN|2018-06-14 14:30:00+00:00,AMZN,2018-06,1,train_forward_oof,0.5040741470988567,0.46694491780075875,0.4440942891409082
AMZN|2018-06-14 15:30:00+00:00,AMZN,2018-06,1,train_forward_oof,0.4812355836837643,0.4784992511070876,0.4429741689033612
AMZN|2018-06-15 13:30:00+00:00,AMZN,2018-06,1,train_forward_oof,0.5301110917421276,0.5136369367071276,0.5278663309607003
AMZN|2018-06-15 14:30:00+00:00,AMZN,2018-06,1,train_forward_oof,0.5250753141989777,0.4856235435949363,0.5257617516229495
AMZN|2018-06-15 15:30:00+00:00,AMZN,2018-06,1,train_forward_oof,0.5142124037410178,0.4669084019889471,0.4520377210630623
AMZN|2018-06-18 13:30:00+00:00,AMZN,2018-06,1,train_forward_oof,0.5578319123234394,0.5157292073911683,0.54822572731412
AMZN|2018-06-18 14:30:00+00:00,AMZN,2018-06,1,train_forward_oof,0.5571792132801447,0.47718347410823786,0.5042324128422337
AMZN|2018-06-18 15:30:00+00:00,AMZN,2018-06,0,train_forward_oof,0.5587574946991628,0.5072374132944272,0.5501210977280762
AMZN|2018-06-19 13:30:00+00:00,AMZN,2018-06,1,train_forward_oof,0.5307895525871811,0.5235064938825583,0.5238737414192082
AMZN|2018-06-19 14:30:00+00:00,AMZN,2018-06,1,train_forward_oof,0.49088460035592735,0.4977429018933274,0.5093092991263906
AMZN|2018-06-19 15:30:00+00:00,AMZN,2018-06,1,train_forward_oof,0.5330209448868773,0.5001094867958807,0.5421118875581433
AMZN|2018-06-20 13:30:00+00:00,AMZN,2018-06,1,train_forward_oof,0.5519185914030796,0.5538090091646074,0.55068664242869
AMZN|2018-06-20 14:30:00+00:00,AMZN,2018-06,1,train_forward_oof,0.5009621114669505,0.5086734943098283,0.4948034740619391
AMZN|2018-06-20 15:30:00+00:00,AMZN,2018-06,1,train_forward_oof,0.5786723067559817,0.5366584577993171,0.6280072398842168
AMZN|2018-06-21 13:30:00+00:00,AMZN,2018-06,0,train_forward_oof,0.5429712320976186,0.5133610265131826,0.5373858078290297
AMZN|2018-06-21 14:30:00+00:00,AMZN,2018-06,1,train_forward_oof,0.5648832195201406,0.4764585689998967,0.5773370715551958
AMZN|2018-06-21 15:30:00+00:00,AMZN,2018-06,0,train_forward_oof,0.46733009065525505,0.46428972678759745,0.43240342880195165
AMZN|2018-06-22 13:30:00+00:00,AMZN,2018-06,0,train_forward_oof,0.479548695194726,0.5248493339805445,0.4808393732500617
AMZN|2018-06-22 14:30:00+00:00,AMZN,2018-06,1,train_forward_oof,0.42631895774407563,0.47801754411585007,0.42150828500824805
AMZN|2018-06-22 15:30:00+00:00,AMZN,2018-06,0,train_forward_oof,0.34876999326799146,0.42446362683397537,0.3041214344465548
AMZN|2018-06-25 13:30:00+00:00,AMZN,2018-06,0,train_forward_oof,0.5213913050525607,0.5112180198321893,0.5091209567938669
AMZN|2018-06-25 14:30:00+00:00,AMZN,2018-06,0,train_forward_oof,0.40423652614028643,0.4802051306526618,0.4592363025080139
AMZN|2018-06-25 15:30:00+00:00,AMZN,2018-06,0,train_forward_oof,0.3905110405799823,0.45593475540969064,0.4092739011638683
AMZN|2018-06-26 13:30:00+00:00,AMZN,2018-06,1,train_forward_oof,0.547009696991294,0.5304271464429005,0.5514783795875229
AMZN|2018-06-26 14:30:00+00:00,AMZN,2018-06,1,train_forward_oof,0.5243404063840319,0.5038579156680217,0.5701588032886772
AMZN|2018-06-26 15:30:00+00:00,AMZN,2018-06,1,train_forward_oof,0.4367436189558603,0.4766473186904815,0.41642959261568835
AMZN|2018-06-27 13:30:00+00:00,AMZN,2018-06,0,train_forward_oof,0.5371019427999327,0.5192247148058234,0.5375283535097012
AMZN|2018-06-27 14:30:00+00:00,AMZN,2018-06,0,train_forward_oof,0.48201046262470854,0.4687610876806933,0.47590525651515475
AMZN|2018-06-27 15:30:00+00:00,AMZN,2018-06,0,train_forward_oof,0.3835705282272105,0.4617820957102706,0.38450972133850797
AMZN|2018-06-28 13:30:00+00:00,AMZN,2018-06,1,train_forward_oof,0.5420206326192593,0.5155454433164776,0.5530343731029176
AMZN|2018-06-28 14:30:00+00:00,AMZN,2018-06,1,train_forward_oof,0.5217520187324636,0.4876582440598029,0.5676439852129723
AMZN|2018-06-28 15:30:00+00:00,AMZN,2018-06,1,train_forward_oof,0.7321466022696211,0.564198139323278,0.7387415093212562
AMZN|2018-06-29 13:30:00+00:00,AMZN,2018-06,0,train_forward_oof,0.6530175613468666,0.5690360116365493,0.6575904803257085
AMZN|2018-06-29 14:30:00+00:00,AMZN,2018-06,0,train_forward_oof,0.6151387810448306,0.5441753258344625,0.6732231994248072
AMZN|2018-06-29 15:30:00+00:00,AMZN,2018-06,0,train_forward_oof,0.44689655150352114,0.49466551927987906,0.43657599452202184
AMZN|2018-07-02 13:30:00+00:00,AMZN,2018-07,1,train_forward_oof,0.7588004240323845,0.7565145361023071,0.7565145361023071
AMZN|2018-07-02 14:30:00+00:00,AMZN,2018-07,1,train_forward_oof,0.758140942264717,0.761656836822924,0.761656836822924
AMZN|2018-07-02 15:30:00+00:00,AMZN,2018-07,1,train_forward_oof,0.5916133981392181,0.5635608559382294,0.5635608559382294
AMZN|2018-07-05 13:30:00+00:00,AMZN,2018-07,0,train_forward_oof,0.6772346856365127,0.6813191262610747,0.6813191262610747
AMZN|2018-07-05 14:30:00+00:00,AMZN,2018-07,1,train_forward_oof,0.6653192020105608,0.6882575612519474,0.6882575612519474
AMZN|2018-07-05 15:30:00+00:00,AMZN,2018-07,1,train_forward_oof,0.4716067973672591,0.45895940592890266,0.45895940592890266
AMZN|2018-07-06 13:30:00+00:00,AMZN,2018-07,1,train_forward_oof,0.5286418763170717,0.5294133600445774,0.5294133600445774
AMZN|2018-07-06 14:30:00+00:00,AMZN,2018-07,1,train_forward_oof,0.543490702753595,0.5512800629947003,0.5512800629947003
AMZN|2018-07-06 15:30:00+00:00,AMZN,2018-07,1,train_forward_oof,0.598122433395616,0.6185180336155658,0.6185180336155658
AMZN|2018-07-09 13:30:00+00:00,AMZN,2018-07,1,train_forward_oof,0.5860355704882126,0.5762722105669308,0.5762722105669308
AMZN|2018-07-09 14:30:00+00:00,AMZN,2018-07,1,train_forward_oof,0.6117699521755442,0.6430349800543766,0.6430349800543766
AMZN|2018-07-09 15:30:00+00:00,AMZN,2018-07,1,train_forward_oof,0.540937856678892,0.5641387034781424,0.5641387034781424
AMZN|2018-07-10 13:30:00+00:00,AMZN,2018-07,1,train_forward_oof,0.6197000007277829,0.6182286283786376,0.6182286283786376
AMZN|2018-07-10 14:30:00+00:00,AMZN,2018-07,0,train_forward_oof,0.5919559434590584,0.6214095037601164,0.6214095037601164
AMZN|2018-07-10 15:30:00+00:00,AMZN,2018-07,0,train_forward_oof,0.5167902758687765,0.5361544643241849,0.5361544643241849
AMZN|2018-07-11 13:30:00+00:00,AMZN,2018-07,1,train_forward_oof,0.5319455627919023,0.5309774492944194,0.5309774492944194
AMZN|2018-07-11 14:30:00+00:00,AMZN,2018-07,0,train_forward_oof,0.5363874246097241,0.5749196795383618,0.5749196795383618
AMZN|2018-07-11 15:30:00+00:00,AMZN,2018-07,1,train_forward_oof,0.5906591366769508,0.6001923999001759,0.6001923999001759
AMZN|2018-07-12 13:30:00+00:00,AMZN,2018-07,1,train_forward_oof,0.5008291946232052,0.4976465962830753,0.4976465962830753
AMZN|2018-07-12 14:30:00+00:00,AMZN,2018-07,1,train_forward_oof,0.483886211962433,0.49989378205214796,0.49989378205214796
AMZN|2018-07-12 15:30:00+00:00,AMZN,2018-07,1,train_forward_oof,0.56172361090954,0.5628693011403891,0.5628693011403891
AMZN|2018-07-13 13:30:00+00:00,AMZN,2018-07,1,train_forward_oof,0.5624319865330891,0.5628254305603408,0.5628254305603408
AMZN|2018-07-13 14:30:00+00:00,AMZN,2018-07,0,train_forward_oof,0.5776529729066536,0.5809093383094875,0.5809093383094875
AMZN|2018-07-13 15:30:00+00:00,AMZN,2018-07,0,train_forward_oof,0.593254162908889,0.584766118439546,0.584766118439546
AMZN|2018-07-16 13:30:00+00:00,AMZN,2018-07,1,train_forward_oof,0.6652137245784007,0.6570521522064872,0.6570521522064872
AMZN|2018-07-16 14:30:00+00:00,AMZN,2018-07,1,train_forward_oof,0.6650614558196403,0.672169492891243,0.672169492891243
AMZN|2018-07-16 15:30:00+00:00,AMZN,2018-07,0,train_forward_oof,0.5340062032016638,0.5133602033951354,0.5133602033951354
AMZN|2018-07-17 13:30:00+00:00,AMZN,2018-07,1,train_forward_oof,0.4241844477538263,0.4208377265546019,0.4208377265546019
AMZN|2018-07-17 14:30:00+00:00,AMZN,2018-07,1,train_forward_oof,0.47658347177687427,0.45952303595705496,0.45952303595705496
AMZN|2018-07-17 15:30:00+00:00,AMZN,2018-07,1,train_forward_oof,0.5034605593383884,0.5060093539925645,0.5060093539925645
AMZN|2018-07-18 13:30:00+00:00,AMZN,2018-07,0,train_forward_oof,0.5750587731012416,0.5749980990273538,0.5749980990273538
AMZN|2018-07-18 14:30:00+00:00,AMZN,2018-07,1,train_forward_oof,0.5867182106074623,0.5734425963789945,0.5734425963789945
AMZN|2018-07-18 15:30:00+00:00,AMZN,2018-07,0,train_forward_oof,0.4566512732462358,0.4555175230265688,0.4555175230265688
AMZN|2018-07-19 13:30:00+00:00,AMZN,2018-07,0,train_forward_oof,0.5816882467266815,0.5799590129384612,0.5799590129384612
AMZN|2018-07-19 14:30:00+00:00,AMZN,2018-07,0,train_forward_oof,0.5671041646318546,0.5652436811640537,0.5652436811640537
AMZN|2018-07-19 15:30:00+00:00,AMZN,2018-07,0,train_forward_oof,0.4505842499520501,0.41102004972584666,0.41102004972584666
AMZN|2018-07-20 13:30:00+00:00,AMZN,2018-07,0,train_forward_oof,0.5884809717531606,0.5938884384102681,0.5938884384102681
AMZN|2018-07-20 14:30:00+00:00,AMZN,2018-07,0,train_forward_oof,0.5869236025208189,0.5706848799428392,0.5706848799428392
AMZN|2018-07-20 15:30:00+00:00,AMZN,2018-07,0,train_forward_oof,0.49963112777612345,0.49530706914135525,0.49530706914135525
AMZN|2018-07-23 13:30:00+00:00,AMZN,2018-07,0,train_forward_oof,0.7082405077270179,0.7057847814181193,0.7057847814181193
AMZN|2018-07-23 14:30:00+00:00,AMZN,2018-07,1,train_forward_oof,0.6600400746397939,0.6486590490492918,0.6486590490492918
AMZN|2018-07-23 15:30:00+00:00,AMZN,2018-07,0,train_forward_oof,0.4221686498905301,0.3965197433764758,0.3965197433764758
AMZN|2018-07-24 13:30:00+00:00,AMZN,2018-07,0,train_forward_oof,0.46293273250944034,0.451259714155833,0.451259714155833
AMZN|2018-07-24 14:30:00+00:00,AMZN,2018-07,0,train_forward_oof,0.41945144501617815,0.3995963165920563,0.3995963165920563
AMZN|2018-07-24 15:30:00+00:00,AMZN,2018-07,0,train_forward_oof,0.47119954623380794,0.4598244916254092,0.4598244916254092
AMZN|2018-07-25 13:30:00+00:00,AMZN,2018-07,1,train_forward_oof,0.6511822164503437,0.6556490821574616,0.6556490821574616
AMZN|2018-07-25 14:30:00+00:00,AMZN,2018-07,1,train_forward_oof,0.6319684187242419,0.5773729376281949,0.5773729376281949
AMZN|2018-07-25 15:30:00+00:00,AMZN,2018-07,1,train_forward_oof,0.5396334601023515,0.5177049778698715,0.5177049778698715
AMZN|2018-07-26 13:30:00+00:00,AMZN,2018-07,0,train_forward_oof,0.605661055148586,0.6019257734043995,0.6019257734043995
AMZN|2018-07-26 14:30:00+00:00,AMZN,2018-07,0,train_forward_oof,0.6157713630328362,0.6356290267705724,0.6356290267705724
AMZN|2018-07-26 15:30:00+00:00,AMZN,2018-07,0,train_forward_oof,0.4155713066432374,0.41776204765280744,0.41776204765280744
AMZN|2018-07-27 13:30:00+00:00,AMZN,2018-07,0,train_forward_oof,0.6540832135079235,0.6488518039314534,0.6488518039314534
AMZN|2018-07-27 14:30:00+00:00,AMZN,2018-07,0,train_forward_oof,0.6421677651159522,0.6622554771675785,0.6622554771675785
AMZN|2018-07-27 15:30:00+00:00,AMZN,2018-07,0,train_forward_oof,0.29808030158128146,0.3203409093307041,0.3203409093307041
AMZN|2018-07-30 13:30:00+00:00,AMZN,2018-07,0,train_forward_oof,0.731686203585386,0.727220427779034,0.727220427779034
AMZN|2018-07-30 14:30:00+00:00,AMZN,2018-07,0,train_forward_oof,0.5573416759585311,0.5173845401801183,0.5173845401801183
AMZN|2018-07-30 15:30:00+00:00,AMZN,2018-07,0,train_forward_oof,0.49279938204539303,0.5014752963988824,0.5014752963988824
AMZN|2018-07-31 13:30:00+00:00,AMZN,2018-07,0,train_forward_oof,0.5406213616865957,0.545658273210272,0.545658273210272
AMZN|2018-07-31 14:30:00+00:00,AMZN,2018-07,1,train_forward_oof,0.7752317448036297,0.7553273395444232,0.7553273395444232
AMZN|2018-07-31 15:30:00+00:00,AMZN,2018-07,1,train_forward_oof,0.4898847771168581,0.4899087418499282,0.4899087418499282
AMZN|2018-08-01 13:30:00+00:00,AMZN,2018-08,0,train_forward_oof,0.42026259912711106,0.3330163602094359,0.399805519269927
AMZN|2018-08-01 14:30:00+00:00,AMZN,2018-08,0,train_forward_oof,0.419685098201931,0.39389172167498865,0.3959604952825566
AMZN|2018-08-01 15:30:00+00:00,AMZN,2018-08,1,train_forward_oof,0.5014528697846757,0.47669203981061925,0.5033507031236898
AMZN|2018-08-02 13:30:00+00:00,AMZN,2018-08,1,train_forward_oof,0.6355699871530952,0.6574210469474182,0.6416636617311223
AMZN|2018-08-02 14:30:00+00:00,AMZN,2018-08,1,train_forward_oof,0.7059346674461302,0.786136510736186,0.7158221431134384
AMZN|2018-08-02 15:30:00+00:00,AMZN,2018-08,1,train_forward_oof,0.6134593596296626,0.5937116815328979,0.5840300344017411
AMZN|2018-08-03 13:30:00+00:00,AMZN,2018-08,0,train_forward_oof,0.6093084200716146,0.6304495983811644,0.6076912122917412
AMZN|2018-08-03 14:30:00+00:00,AMZN,2018-08,0,train_forward_oof,0.5829824423256742,0.5669890046165605,0.5774978590645878
AMZN|2018-08-03 15:30:00+00:00,AMZN,2018-08,0,train_forward_oof,0.5064693949467126,0.4861219807453503,0.4744839398956005
AMZN|2018-08-06 13:30:00+00:00,AMZN,2018-08,1,train_forward_oof,0.6185188823347665,0.6397472536024262,0.6136496960815009
AMZN|2018-08-06 14:30:00+00:00,AMZN,2018-08,1,train_forward_oof,0.6523499829125953,0.6818927699109708,0.6117619962037908
AMZN|2018-08-06 15:30:00+00:00,AMZN,2018-08,1,train_forward_oof,0.4582056114003644,0.4551162616869011,0.43620637624047803
AMZN|2018-08-07 13:30:00+00:00,AMZN,2018-08,1,train_forward_oof,0.6047280007841113,0.6237755537665831,0.600414280080506
AMZN|2018-08-07 14:30:00+00:00,AMZN,2018-08,1,train_forward_oof,0.623020815969721,0.5839193896610412,0.5752404887786589
AMZN|2018-08-07 15:30:00+00:00,AMZN,2018-08,1,train_forward_oof,0.4706367171030294,0.4131188063778692,0.46482180137131585
AMZN|2018-08-08 13:30:00+00:00,AMZN,2018-08,1,train_forward_oof,0.5800494519832455,0.5832378167939196,0.5756215036316116
AMZN|2018-08-08 14:30:00+00:00,AMZN,2018-08,1,train_forward_oof,0.5918443531834808,0.5497060417106432,0.5480570347398812
AMZN|2018-08-08 15:30:00+00:00,AMZN,2018-08,1,train_forward_oof,0.6321895070694423,0.5988285084344906,0.5938641767755363
AMZN|2018-08-09 13:30:00+00:00,AMZN,2018-08,1,train_forward_oof,0.5923874770953503,0.6154035729430964,0.5938058171210641
AMZN|2018-08-09 14:30:00+00:00,AMZN,2018-08,1,train_forward_oof,0.554040691470739,0.4974657303356914,0.5250829094297724
AMZN|2018-08-09 15:30:00+00:00,AMZN,2018-08,1,train_forward_oof,0.5113460367339239,0.5161703796114093,0.5117381947420903
AMZN|2018-08-10 13:30:00+00:00,AMZN,2018-08,1,train_forward_oof,0.5135048726816271,0.49609957558939355,0.5098906681202093
AMZN|2018-08-10 14:30:00+00:00,AMZN,2018-08,0,train_forward_oof,0.4989600725602096,0.38666603348331313,0.4564389690619763
AMZN|2018-08-10 15:30:00+00:00,AMZN,2018-08,0,train_forward_oof,0.4796578849023802,0.44414465810840603,0.44906652839464284
AMZN|2018-08-13 13:30:00+00:00,AMZN,2018-08,1,train_forward_oof,0.6146312237926993,0.6339729227816226,0.6097538481980749
AMZN|2018-08-13 14:30:00+00:00,AMZN,2018-08,0,train_forward_oof,0.5723439369494047,0.6321654069276337,0.5824197256105412
AMZN|2018-08-13 15:30:00+00:00,AMZN,2018-08,0,train_forward_oof,0.598896427425134,0.5597083043425926,0.5893430194337275
AMZN|2018-08-14 13:30:00+00:00,AMZN,2018-08,0,train_forward_oof,0.47308495713150345,0.4602055057574482,0.47816530399230406
AMZN|2018-08-14 14:30:00+00:00,AMZN,2018-08,1,train_forward_oof,0.4155104292701482,0.3781742921064416,0.39916241562431554
AMZN|2018-08-14 15:30:00+00:00,AMZN,2018-08,1,train_forward_oof,0.3254921009340779,0.2552174063759605,0.3101232590889796
AMZN|2018-08-15 13:30:00+00:00,AMZN,2018-08,0,train_forward_oof,0.5574646712439179,0.5384053032903374,0.5464041836647534
AMZN|2018-08-15 14:30:00+00:00,AMZN,2018-08,1,train_forward_oof,0.6328141470551493,0.5864840966230096,0.6232599529267779
AMZN|2018-08-15 15:30:00+00:00,AMZN,2018-08,0,train_forward_oof,0.4492187137396793,0.4290276269909763,0.43904766530788253
AMZN|2018-08-16 13:30:00+00:00,AMZN,2018-08,0,train_forward_oof,0.5161449036488355,0.47507289463434416,0.5026395457161686
AMZN|2018-08-16 14:30:00+00:00,AMZN,2018-08,0,train_forward_oof,0.4435974698800723,0.28409183012906475,0.38822288779144687
AMZN|2018-08-16 15:30:00+00:00,AMZN,2018-08,0,train_forward_oof,0.3652355264569169,0.32502956838141095,0.37423368283035247
AMZN|2018-08-17 13:30:00+00:00,AMZN,2018-08,0,train_forward_oof,0.4855617810960878,0.4665054938595752,0.48462226953342485
AMZN|2018-08-17 14:30:00+00:00,AMZN,2018-08,1,train_forward_oof,0.5202730900615592,0.42166862086356516,0.5090866082751149
AMZN|2018-08-17 15:30:00+00:00,AMZN,2018-08,1,train_forward_oof,0.4788744871767707,0.4594960079849565,0.4557698903430486
AMZN|2018-08-20 13:30:00+00:00,AMZN,2018-08,0,train_forward_oof,0.6191814365732305,0.5946317090913933,0.5997186508042184
AMZN|2018-08-20 14:30:00+00:00,AMZN,2018-08,1,train_forward_oof,0.6180767323070088,0.5654224724173945,0.5686870704753667
AMZN|2018-08-20 15:30:00+00:00,AMZN,2018-08,1,train_forward_oof,0.45907708106783623,0.48520063361660115,0.4363967300207601
AMZN|2018-08-21 13:30:00+00:00,AMZN,2018-08,1,train_forward_oof,0.5379034187343196,0.5159243424103145,0.5265213933301401
AMZN|2018-08-21 14:30:00+00:00,AMZN,2018-08,0,train_forward_oof,0.5570557308341809,0.5816518625307917,0.5242144403926257
AMZN|2018-08-21 15:30:00+00:00,AMZN,2018-08,0,train_forward_oof,0.495687062123649,0.45303655846422836,0.4708793570148909
AMZN|2018-08-22 13:30:00+00:00,AMZN,2018-08,1,train_forward_oof,0.46151900529334544,0.4247436982770554,0.4552249637781778
AMZN|2018-08-22 14:30:00+00:00,AMZN,2018-08,1,train_forward_oof,0.44852522114101784,0.379523854978364,0.41069684569507836
AMZN|2018-08-22 15:30:00+00:00,AMZN,2018-08,1,train_forward_oof,0.5411080784575022,0.5011770208789864,0.4929781025000631
AMZN|2018-08-23 13:30:00+00:00,AMZN,2018-08,1,train_forward_oof,0.578524782190377,0.5876936485095631,0.5746734334137288
AMZN|2018-08-23 14:30:00+00:00,AMZN,2018-08,0,train_forward_oof,0.5876074234285121,0.5780613278998692,0.5502838447058606
AMZN|2018-08-23 15:30:00+00:00,AMZN,2018-08,1,train_forward_oof,0.5693141008443862,0.5464733596401652,0.5789422212245761
AMZN|2018-08-24 13:30:00+00:00,AMZN,2018-08,0,train_forward_oof,0.5095522580686448,0.49278054515298153,0.5113911313600024
AMZN|2018-08-24 14:30:00+00:00,AMZN,2018-08,0,train_forward_oof,0.4817201477191124,0.3855053036394858,0.4412116201411643
AMZN|2018-08-24 15:30:00+00:00,AMZN,2018-08,0,train_forward_oof,0.3858193878486874,0.2628784964519516,0.3289477410032435
AMZN|2018-08-27 13:30:00+00:00,AMZN,2018-08,1,train_forward_oof,0.65778860567531,0.6956508742043678,0.6517566239113125
AMZN|2018-08-27 14:30:00+00:00,AMZN,2018-08,1,train_forward_oof,0.6277500407696699,0.6624308550679993,0.6063421896546064
AMZN|2018-08-27 15:30:00+00:00,AMZN,2018-08,1,train_forward_oof,0.4503010604380534,0.40179344124190186,0.43202605497464835
AMZN|2018-08-28 13:30:00+00:00,AMZN,2018-08,0,train_forward_oof,0.5928800389547781,0.6025940698582604,0.5869229389465391
AMZN|2018-08-28 14:30:00+00:00,AMZN,2018-08,1,train_forward_oof,0.5676582614031477,0.5576956261465765,0.5395779929654465
AMZN|2018-08-28 15:30:00+00:00,AMZN,2018-08,0,train_forward_oof,0.4734389634207612,0.4307832398769729,0.436108681499656
AMZN|2018-08-29 13:30:00+00:00,AMZN,2018-08,1,train_forward_oof,0.5826565391000876,0.5859620253075596,0.5782926899208796
AMZN|2018-08-29 14:30:00+00:00,AMZN,2018-08,1,train_forward_oof,0.5616429847771356,0.5739816497789925,0.5572226550342527
AMZN|2018-08-29 15:30:00+00:00,AMZN,2018-08,1,train_forward_oof,0.5962362038899145,0.6183865127536268,0.5925886937942386
AMZN|2018-08-30 13:30:00+00:00,AMZN,2018-08,1,train_forward_oof,0.6390341830377941,0.6784404750384305,0.6423445563126604
AMZN|2018-08-30 14:30:00+00:00,AMZN,2018-08,0,train_forward_oof,0.631676491474841,0.7869163880420682,0.6902121851815224
AMZN|2018-08-30 15:30:00+00:00,AMZN,2018-08,0,train_forward_oof,0.6194073427722186,0.5119270611740961,0.5929536473527864
AMZN|2018-08-31 13:30:00+00:00,AMZN,2018-08,1,train_forward_oof,0.4161403042580215,0.38424198188916486,0.4232496945541744
AMZN|2018-08-31 14:30:00+00:00,AMZN,2018-08,0,train_forward_oof,0.3887037344169678,0.4156605101924363,0.42179231041862153
AMZN|2018-08-31 15:30:00+00:00,AMZN,2018-08,0,train_forward_oof,0.44861985329837983,0.33576904531300145,0.4377440676654465
AMZN|2018-09-04 13:30:00+00:00,AMZN,2018-09,1,development,0.6780324762084156,0.7071114346502475,0.6728839270394084
AMZN|2018-09-04 14:30:00+00:00,AMZN,2018-09,1,development,0.5586626293940858,0.5765933166007271,0.604196964792935
AMZN|2018-09-04 15:30:00+00:00,AMZN,2018-09,0,development,0.6313749338731318,0.6888738533263672,0.6410653990791004
AMZN|2018-09-05 13:30:00+00:00,AMZN,2018-09,0,development,0.744097172730893,0.8127914400215264,0.7493782297537969
AMZN|2018-09-05 14:30:00+00:00,AMZN,2018-09,0,development,0.7838972227754084,0.8978927555340536,0.8409775326944964
AMZN|2018-09-05 15:30:00+00:00,AMZN,2018-09,0,development,0.29105917452457786,0.19577553463211347,0.28735683075178864
AMZN|2018-09-06 13:30:00+00:00,AMZN,2018-09,0,development,0.3318389126686551,0.26521903407552094,0.32853284273357947
AMZN|2018-09-06 14:30:00+00:00,AMZN,2018-09,0,development,0.2394710592993392,0.19639526891029419,0.302892139877942
AMZN|2018-09-06 15:30:00+00:00,AMZN,2018-09,0,development,0.34882342142380823,0.36568106530913336,0.35787590261468044
AMZN|2018-09-07 13:30:00+00:00,AMZN,2018-09,1,development,0.5824291617253742,0.5767294679422528,0.5863800278907101
AMZN|2018-09-07 14:30:00+00:00,AMZN,2018-09,1,development,0.6456271546230398,0.7522100613575613,0.6909211737836657
AMZN|2018-09-07 15:30:00+00:00,AMZN,2018-09,0,development,0.796136663975679,0.8132290305236737,0.7853851564727341
AMZN|2018-09-10 13:30:00+00:00,AMZN,2018-09,0,development,0.7420214930411053,0.8054086987098661,0.7423609137923857
AMZN|2018-09-10 14:30:00+00:00,AMZN,2018-09,1,development,0.7929919005853433,0.9023361445251894,0.8139146568669816
AMZN|2018-09-10 15:30:00+00:00,AMZN,2018-09,0,development,0.35823211918794984,0.345882597753416,0.35666094567860335
AMZN|2018-09-11 13:30:00+00:00,AMZN,2018-09,1,development,0.4828862978850241,0.4516462212281309,0.4760081510366823
AMZN|2018-09-11 14:30:00+00:00,AMZN,2018-09,1,development,0.49967855550463447,0.5560827024297865,0.5467628025223016
AMZN|2018-09-11 15:30:00+00:00,AMZN,2018-09,1,development,0.6520393020557498,0.617358274238868,0.651536055492408
AMZN|2018-09-12 13:30:00+00:00,AMZN,2018-09,0,development,0.512048548143312,0.4848607065402661,0.514980510566975
AMZN|2018-09-12 14:30:00+00:00,AMZN,2018-09,1,development,0.4500979530842871,0.4459209876393093,0.5018168687197937
AMZN|2018-09-12 15:30:00+00:00,AMZN,2018-09,0,development,0.6292555945892643,0.7962325663216586,0.6271169283592714
AMZN|2018-09-13 13:30:00+00:00,AMZN,2018-09,0,development,0.5439390328120218,0.5558942557512113,0.545888877680326
AMZN|2018-09-13 14:30:00+00:00,AMZN,2018-09,0,development,0.5145414401187642,0.4921076310826594,0.5044595482698128
AMZN|2018-09-13 15:30:00+00:00,AMZN,2018-09,0,development,0.4043522196431299,0.29615020206953807,0.35304971915198735
AMZN|2018-09-14 13:30:00+00:00,AMZN,2018-09,0,development,0.5833363333156966,0.5991048606623546,0.5837212793899477
AMZN|2018-09-14 14:30:00+00:00,AMZN,2018-09,0,development,0.5838241282674648,0.668629265445871,0.6025241981239583
AMZN|2018-09-14 15:30:00+00:00,AMZN,2018-09,0,development,0.5393996758870806,0.5617363002875939,0.5439367371582373
AMZN|2018-09-17 13:30:00+00:00,AMZN,2018-09,0,development,0.7402968502142048,0.7892549578937588,0.7371713600765784
AMZN|2018-09-17 14:30:00+00:00,AMZN,2018-09,1,development,0.4735188331212061,0.34484649126997674,0.48505371771530653
AMZN|2018-09-17 15:30:00+00:00,AMZN,2018-09,0,development,0.37682472068533773,0.26726937821446206,0.33729380542161497
AMZN|2018-09-18 13:30:00+00:00,AMZN,2018-09,1,development,0.21304961145529686,0.13580692418244222,0.21008023327540606
AMZN|2018-09-18 14:30:00+00:00,AMZN,2018-09,0,development,0.20172598184566204,0.15813919887832678,0.20022802158747252
AMZN|2018-09-18 15:30:00+00:00,AMZN,2018-09,0,development,0.6280201093861916,0.6108364987246685,0.6118566754318817
AMZN|2018-09-19 13:30:00+00:00,AMZN,2018-09,0,development,0.5868155165521733,0.6015925557737813,0.5886640966085286
AMZN|2018-09-19 14:30:00+00:00,AMZN,2018-09,1,development,0.5922017903591528,0.5728390990599329,0.6127470240167159
AMZN|2018-09-19 15:30:00+00:00,AMZN,2018-09,1,development,0.4785774154408931,0.37853936935670784,0.4359710354639962
AMZN|2018-09-20 13:30:00+00:00,AMZN,2018-09,1,development,0.4848397660757765,0.44095805197857185,0.47987583973397113
AMZN|2018-09-20 14:30:00+00:00,AMZN,2018-09,1,development,0.4037792540462292,0.27821919900034864,0.38288351566382184
AMZN|2018-09-20 15:30:00+00:00,AMZN,2018-09,0,development,0.44966257680193705,0.34471376412561977,0.40636282491574616
AMZN|2018-09-21 13:30:00+00:00,AMZN,2018-09,0,development,0.6057828173036242,0.6239080443451142,0.604166434528803
AMZN|2018-09-21 14:30:00+00:00,AMZN,2018-09,0,development,0.7133178432786146,0.7736620542844348,0.690884983459243
AMZN|2018-09-21 15:30:00+00:00,AMZN,2018-09,0,development,0.35442250441539014,0.22376391614151234,0.3041193288249295
AMZN|2018-09-24 13:30:00+00:00,AMZN,2018-09,1,development,0.5546375135927675,0.554997387584825,0.5482530878088313
AMZN|2018-09-24 14:30:00+00:00,AMZN,2018-09,1,development,0.611119896302752,0.510676880626342,0.5692321948095843
AMZN|2018-09-24 15:30:00+00:00,AMZN,2018-09,1,development,0.6035159487578327,0.5945786828492433,0.5623349759175195
AMZN|2018-09-25 13:30:00+00:00,AMZN,2018-09,1,development,0.4926692490053283,0.4745454140407622,0.49491968120556423
AMZN|2018-09-25 14:30:00+00:00,AMZN,2018-09,1,development,0.4256680383893373,0.2790107860656148,0.394375862999094
AMZN|2018-09-25 15:30:00+00:00,AMZN,2018-09,1,development,0.4334703772600954,0.32672336671514396,0.37878049562896077
AMZN|2018-09-26 13:30:00+00:00,AMZN,2018-09,1,development,0.5959840500202246,0.594024800183049,0.595052017996912
AMZN|2018-09-26 14:30:00+00:00,AMZN,2018-09,1,development,0.6265580669975809,0.6117569238909389,0.6149644246826511
AMZN|2018-09-26 15:30:00+00:00,AMZN,2018-09,1,development,0.6234263464062099,0.6323630980044208,0.5996553839600073
AMZN|2018-09-27 13:30:00+00:00,AMZN,2018-09,1,development,0.596789807753876,0.6124651409031605,0.5992645979875162
AMZN|2018-09-27 14:30:00+00:00,AMZN,2018-09,1,development,0.5894433994247218,0.5974224221580129,0.6005055827430763
AMZN|2018-09-27 15:30:00+00:00,AMZN,2018-09,1,development,0.6085383535018827,0.5193064918906772,0.5557578355911849
AMZN|2018-09-28 13:30:00+00:00,AMZN,2018-09,1,development,0.5353540996612525,0.5224093313183651,0.5322022330962718
AMZN|2018-09-28 14:30:00+00:00,AMZN,2018-09,0,development,0.5227658341867581,0.4390370647267658,0.46874878144212984
AMZN|2018-09-28 15:30:00+00:00,AMZN,2018-09,0,development,0.6057729890599185,0.5522860358707498,0.5677101196087448
AMZN|2018-10-01 13:30:00+00:00,AMZN,2018-10,1,development,0.7126205176769206,0.7721801549288729,0.7154780449672414
AMZN|2018-10-01 14:30:00+00:00,AMZN,2018-10,0,development,0.6783406703108167,0.6898682924622137,0.6603031280191357
AMZN|2018-10-01 15:30:00+00:00,AMZN,2018-10,0,development,0.46108824327888054,0.3306096418043847,0.3918041565630585
AMZN|2018-10-02 13:30:00+00:00,AMZN,2018-10,0,development,0.5275384253079839,0.5320359141023511,0.5294701626147269
AMZN|2018-10-02 14:30:00+00:00,AMZN,2018-10,0,development,0.4597161551525879,0.410316807384011,0.4468895007574342
AMZN|2018-10-02 15:30:00+00:00,AMZN,2018-10,0,development,0.6681594859493163,0.6920293553750569,0.630985728563676
AMZN|2018-10-03 13:30:00+00:00,AMZN,2018-10,0,development,0.45456576244276947,0.45727987409479465,0.45898331888937205
AMZN|2018-10-03 14:30:00+00:00,AMZN,2018-10,0,development,0.42583587531230294,0.33309378389540745,0.3854602597489612
AMZN|2018-10-03 15:30:00+00:00,AMZN,2018-10,0,development,0.27134866502084265,0.20508062598041993,0.2569429305823351
AMZN|2018-10-04 13:30:00+00:00,AMZN,2018-10,0,development,0.547441723134445,0.566056120599762,0.5600746986905611
AMZN|2018-10-04 14:30:00+00:00,AMZN,2018-10,0,development,0.5989511520100177,0.6334063785838943,0.628547466554328
AMZN|2018-10-04 15:30:00+00:00,AMZN,2018-10,0,development,0.23419973089388596,0.12265622624358291,0.20694613041171633
AMZN|2018-10-05 13:30:00+00:00,AMZN,2018-10,0,development,0.5649688177182328,0.5690111609908997,0.5650007617410622
AMZN|2018-10-05 14:30:00+00:00,AMZN,2018-10,0,development,0.6396732602006793,0.704314022237721,0.6593987472858694
AMZN|2018-10-05 15:30:00+00:00,AMZN,2018-10,1,development,0.41130506776385956,0.3329985620041283,0.41267630007093814
AMZN|2018-10-08 13:30:00+00:00,AMZN,2018-10,0,development,0.7141319103276738,0.7334882550562748,0.720673955263555
AMZN|2018-10-08 14:30:00+00:00,AMZN,2018-10,0,development,0.7261628229305996,0.7871705031369426,0.7342084109065432
AMZN|2018-10-08 15:30:00+00:00,AMZN,2018-10,0,development,0.5936589630988391,0.5588426760926561,0.5788316455008033
AMZN|2018-10-09 13:30:00+00:00,AMZN,2018-10,1,development,0.5887206579384774,0.5851526538699736,0.6089415819506794
AMZN|2018-10-09 14:30:00+00:00,AMZN,2018-10,0,development,0.542811639199925,0.5395297233846967,0.5751209820580733
AMZN|2018-10-09 15:30:00+00:00,AMZN,2018-10,0,development,0.7861227860384562,0.8175035980218488,0.7709736138626616
AMZN|2018-10-10 13:30:00+00:00,AMZN,2018-10,0,development,0.5979156216408478,0.6418704896553007,0.606944782367364
AMZN|2018-10-10 14:30:00+00:00,AMZN,2018-10,0,development,0.6196280066243818,0.7665232301915788,0.6663883807840445
AMZN|2018-10-10 15:30:00+00:00,AMZN,2018-10,0,development,0.3361855526533585,0.2274833554128803,0.3424952231699563
AMZN|2018-10-11 13:30:00+00:00,AMZN,2018-10,1,development,0.28680478540060683,0.25487378350472073,0.3082731212640015
AMZN|2018-10-11 14:30:00+00:00,AMZN,2018-10,0,development,0.3760827763575799,0.21067005420514068,0.34469239149196645
AMZN|2018-10-11 15:30:00+00:00,AMZN,2018-10,1,development,0.55540773461197,0.6514780967840497,0.5736316484162975
AMZN|2018-10-12 13:30:00+00:00,AMZN,2018-10,0,development,0.27520570280516626,0.23295852889555474,0.30219274312126165
AMZN|2018-10-12 14:30:00+00:00,AMZN,2018-10,0,development,0.23755032458501674,0.2064538386471426,0.2530377897057044
AMZN|2018-10-12 15:30:00+00:00,AMZN,2018-10,0,development,0.13709090031243534,0.08470137337184651,0.13073311691079526
AMZN|2018-10-15 13:30:00+00:00,AMZN,2018-10,0,development,0.8991865608128989,0.9476638919848254,0.9001701984038127
AMZN|2018-10-15 14:30:00+00:00,AMZN,2018-10,1,development,0.9272558686508529,0.9520095867055844,0.9206210828022914
AMZN|2018-10-15 15:30:00+00:00,AMZN,2018-10,0,development,0.647609815000588,0.6753259915252847,0.6018137431845394
AMZN|2018-10-16 13:30:00+00:00,AMZN,2018-10,1,development,0.4636747859098064,0.4333004259635952,0.4627068794061675
AMZN|2018-10-16 14:30:00+00:00,AMZN,2018-10,1,development,0.49870626317519895,0.4792706604928336,0.4832490139582088
AMZN|2018-10-16 15:30:00+00:00,AMZN,2018-10,1,development,0.47007585699001125,0.41636861910240497,0.44244490122040525
AMZN|2018-10-17 13:30:00+00:00,AMZN,2018-10,0,development,0.6292822094689147,0.6631075183057187,0.6305650886907127
AMZN|2018-10-17 14:30:00+00:00,AMZN,2018-10,0,development,0.6464306152805335,0.6696874540048069,0.6053996168983388
AMZN|2018-10-17 15:30:00+00:00,AMZN,2018-10,0,development,0.4371346431978942,0.3247505110318558,0.3665359445889206
AMZN|2018-10-18 13:30:00+00:00,AMZN,2018-10,0,development,0.4797842841733448,0.45863907307075524,0.4865711722312444
AMZN|2018-10-18 14:30:00+00:00,AMZN,2018-10,0,development,0.45965348604833806,0.31367359559580865,0.4186942561187463
AMZN|2018-10-18 15:30:00+00:00,AMZN,2018-10,0,development,0.5459026245244597,0.411262734638047,0.5079862613791768
AMZN|2018-10-19 13:30:00+00:00,AMZN,2018-10,0,development,0.6118988928445637,0.6619745070469144,0.6295695069690288
AMZN|2018-10-19 14:30:00+00:00,AMZN,2018-10,0,development,0.5667097974366673,0.531759864349846,0.5523936010382532
AMZN|2018-10-19 15:30:00+00:00,AMZN,2018-10,0,development,0.5682080307639228,0.49716603019478744,0.5158884035902078
AMZN|2018-10-22 13:30:00+00:00,AMZN,2018-10,1,development,0.8226025585362596,0.8899522401775197,0.8299588609275328
AMZN|2018-10-22 14:30:00+00:00,AMZN,2018-10,1,development,0.7918807757696066,0.8706823017972894,0.7643349633757709
AMZN|2018-10-22 15:30:00+00:00,AMZN,2018-10,0,development,0.7793661805921372,0.9159162382808372,0.7424923731603176
AMZN|2018-10-23 13:30:00+00:00,AMZN,2018-10,0,development,0.5987019491599167,0.6496258172028567,0.6096555567199945
AMZN|2018-10-23 14:30:00+00:00,AMZN,2018-10,1,development,0.6608819304531443,0.6693696386385389,0.631041842701349
AMZN|2018-10-23 15:30:00+00:00,AMZN,2018-10,1,development,0.5486652040589286,0.5046420575716548,0.5130706344688661
AMZN|2018-10-24 13:30:00+00:00,AMZN,2018-10,0,development,0.6528990038918278,0.6522537131355599,0.6572469212506487
AMZN|2018-10-24 14:30:00+00:00,AMZN,2018-10,0,development,0.6875628622762922,0.6242303167889479,0.6374136571314021
AMZN|2018-10-24 15:30:00+00:00,AMZN,2018-10,0,development,0.41478793319448765,0.33699331285056167,0.36512950077879114
AMZN|2018-10-25 13:30:00+00:00,AMZN,2018-10,1,development,0.30738806764250215,0.2730726955342616,0.32424996917305315
AMZN|2018-10-25 14:30:00+00:00,AMZN,2018-10,1,development,0.22665004236696545,0.11120587772966363,0.1982188628872129
AMZN|2018-10-25 15:30:00+00:00,AMZN,2018-10,1,development,0.787644103773268,0.8701202944970173,0.760440569793909
AMZN|2018-10-26 13:30:00+00:00,AMZN,2018-10,1,development,0.6989559071420742,0.7145661247456491,0.706440135283844
AMZN|2018-10-26 14:30:00+00:00,AMZN,2018-10,1,development,0.8031889280824444,0.7582934232914171,0.779982081937505
AMZN|2018-10-26 15:30:00+00:00,AMZN,2018-10,0,development,0.8423931032941704,0.9279765194400114,0.8289028030901829
AMZN|2018-10-29 13:30:00+00:00,AMZN,2018-10,0,development,0.3867745635896116,0.3880886795619258,0.4003987924469503
AMZN|2018-10-29 14:30:00+00:00,AMZN,2018-10,0,development,0.3614917440962747,0.35856220986752496,0.317923787485775
AMZN|2018-10-29 15:30:00+00:00,AMZN,2018-10,0,development,0.3158591555606644,0.2848048377264956,0.299821888192352
AMZN|2018-10-30 13:30:00+00:00,AMZN,2018-10,1,development,0.6449834406500295,0.791689161862135,0.7001874635494064
AMZN|2018-10-30 14:30:00+00:00,AMZN,2018-10,0,development,0.9214465782070417,0.987998583586937,0.9356036277863372
AMZN|2018-10-30 15:30:00+00:00,AMZN,2018-10,0,development,0.29025990781924504,0.2600727772285638,0.2852283370319325
AMZN|2018-10-31 13:30:00+00:00,AMZN,2018-10,1,development,0.5369159864786951,0.5655126060628854,0.563798090409518
AMZN|2018-10-31 14:30:00+00:00,AMZN,2018-10,0,development,0.3293933271349217,0.23600407412820842,0.3326614448001077
AMZN|2018-10-31 15:30:00+00:00,AMZN,2018-10,1,development,0.9486260168761035,0.9771669297450515,0.9422829984162923
AMZN|2018-11-01 13:30:00+00:00,AMZN,2018-11,1,later,0.5016236324626061,0.509971362849533,0.5245835739922271
AMZN|2018-11-01 14:30:00+00:00,AMZN,2018-11,1,later,0.4661952426536116,0.39871304265517,0.4566967653157662
AMZN|2018-11-01 15:30:00+00:00,AMZN,2018-11,1,later,0.3977944910806063,0.46492996378261087,0.33116122844452733
AMZN|2018-11-02 13:30:00+00:00,AMZN,2018-11,0,later,0.5539897299364935,0.5180821430628438,0.5581590520153323
AMZN|2018-11-02 14:30:00+00:00,AMZN,2018-11,0,later,0.5688245988955006,0.4383387841289138,0.5232110018863434
AMZN|2018-11-02 15:30:00+00:00,AMZN,2018-11,1,later,0.6068767555768462,0.6277251737674927,0.535169380190207
AMZN|2018-11-05 14:30:00+00:00,AMZN,2018-11,0,later,0.5904233222269318,0.6035610419443769,0.5959028956867585
AMZN|2018-11-05 15:30:00+00:00,AMZN,2018-11,1,later,0.6019709666024312,0.518093779545837,0.5620483855366526
AMZN|2018-11-05 16:30:00+00:00,AMZN,2018-11,1,later,0.24568556705883846,0.16947588152186915,0.194295212082358
AMZN|2018-11-06 14:30:00+00:00,AMZN,2018-11,1,later,0.34054744002323734,0.21762946651616222,0.33384535770996077
AMZN|2018-11-06 15:30:00+00:00,AMZN,2018-11,0,later,0.28609193302420005,0.0918289378877007,0.23555452984273598
AMZN|2018-11-06 16:30:00+00:00,AMZN,2018-11,1,later,0.7096661623810561,0.7113970301794451,0.641474702970836
AMZN|2018-11-07 14:30:00+00:00,AMZN,2018-11,1,later,0.3363070239501418,0.2578297366315795,0.34116628842268876
AMZN|2018-11-07 15:30:00+00:00,AMZN,2018-11,1,later,0.17726785603237766,0.05491373288223844,0.16151994349555845
AMZN|2018-11-07 16:30:00+00:00,AMZN,2018-11,1,later,0.9177712734928591,0.9436416552667608,0.8881468653669381
AMZN|2018-11-08 14:30:00+00:00,AMZN,2018-11,0,later,0.5046154440844869,0.4808678452750568,0.506695534590446
AMZN|2018-11-08 15:30:00+00:00,AMZN,2018-11,0,later,0.41446707366333607,0.23049647504333323,0.3482333502589232
AMZN|2018-11-08 16:30:00+00:00,AMZN,2018-11,0,later,0.7506777856243013,0.7509935750827751,0.7110775181398401
AMZN|2018-11-09 14:30:00+00:00,AMZN,2018-11,0,later,0.3012588499554502,0.24075769430154315,0.3114272200575062
AMZN|2018-11-09 15:30:00+00:00,AMZN,2018-11,0,later,0.33838012448514676,0.2140299905628349,0.3151091795357991
AMZN|2018-11-09 16:30:00+00:00,AMZN,2018-11,1,later,0.502511870220031,0.5154876673061031,0.5045513250031157
AMZN|2018-11-12 14:30:00+00:00,AMZN,2018-11,0,later,0.7310631418005132,0.773547840351383,0.7307366691068828
AMZN|2018-11-12 15:30:00+00:00,AMZN,2018-11,0,later,0.7904680528777609,0.7854072377768044,0.7525889197224993
AMZN|2018-11-12 16:30:00+00:00,AMZN,2018-11,1,later,0.29756172145104,0.22518289348544848,0.283406247438404
AMZN|2018-11-13 14:30:00+00:00,AMZN,2018-11,0,later,0.28287346857838847,0.1943196327046342,0.2903082341609706
AMZN|2018-11-13 15:30:00+00:00,AMZN,2018-11,1,later,0.2287985667878555,0.04806281509774708,0.16833612731971878
AMZN|2018-11-13 16:30:00+00:00,AMZN,2018-11,0,later,0.6690829616506008,0.6947935958728263,0.6101637957399682
AMZN|2018-11-14 14:30:00+00:00,AMZN,2018-11,0,later,0.2834234457295623,0.25532940472074583,0.3022859730060946
AMZN|2018-11-14 15:30:00+00:00,AMZN,2018-11,0,later,0.291207486415999,0.19571078614493675,0.27330693174411474
AMZN|2018-11-14 16:30:00+00:00,AMZN,2018-11,0,later,0.1932718828130154,0.11695613524197447,0.17016674810423602
AMZN|2018-11-15 14:30:00+00:00,AMZN,2018-11,1,later,0.30723140457083314,0.24523259188333446,0.32031383559802723
AMZN|2018-11-15 15:30:00+00:00,AMZN,2018-11,1,later,0.37140967457930835,0.2989057386885389,0.337952169949557
AMZN|2018-11-15 16:30:00+00:00,AMZN,2018-11,1,later,0.7017718717972888,0.8121559009653149,0.6856292671899168
AMZN|2018-11-16 14:30:00+00:00,AMZN,2018-11,1,later,0.6001790266427659,0.6208908031411806,0.6070938266843834
AMZN|2018-11-16 15:30:00+00:00,AMZN,2018-11,0,later,0.6448890592799524,0.6837503074056069,0.6028415158865471
AMZN|2018-11-16 16:30:00+00:00,AMZN,2018-11,1,later,0.6640779022167468,0.6722705830914036,0.6308605996305776
AMZN|2018-11-19 14:30:00+00:00,AMZN,2018-11,0,later,0.7636994790410989,0.8284755674080432,0.7732228218305314
AMZN|2018-11-19 15:30:00+00:00,AMZN,2018-11,0,later,0.8918474767799246,0.9040047525884972,0.8673578803324085
AMZN|2018-11-19 16:30:00+00:00,AMZN,2018-11,0,later,0.44241214854823957,0.40956267964865906,0.40226692302314093
AMZN|2018-11-20 14:30:00+00:00,AMZN,2018-11,1,later,0.5380791011481191,0.5427674047216444,0.5492042867536647
AMZN|2018-11-20 15:30:00+00:00,AMZN,2018-11,1,later,0.7963487292001757,0.8417783120597356,0.7925604402922574
AMZN|2018-11-20 16:30:00+00:00,AMZN,2018-11,0,later,0.9866408077983984,0.9967094224344699,0.9831902829338113
AMZN|2018-11-21 14:30:00+00:00,AMZN,2018-11,0,later,0.2901511108043892,0.2562913255874665,0.3011813110906448
AMZN|2018-11-21 15:30:00+00:00,AMZN,2018-11,1,later,0.21324535051079505,0.13914698541618836,0.1913996556707577
AMZN|2018-11-21 16:30:00+00:00,AMZN,2018-11,0,later,0.5117179971029111,0.5196501181076371,0.48375789534742086
AMZN|2018-11-26 14:30:00+00:00,AMZN,2018-11,1,later,0.7953102347783096,0.860371323939256,0.7965294103541833
AMZN|2018-11-26 15:30:00+00:00,AMZN,2018-11,1,later,0.6052285028820676,0.47503624948273737,0.5653778001044182
AMZN|2018-11-26 16:30:00+00:00,AMZN,2018-11,1,later,0.8035075600026317,0.880857811148597,0.768068854490405
AMZN|2018-11-27 14:30:00+00:00,AMZN,2018-11,1,later,0.6732978702456613,0.7187411617614842,0.6839510644459872
AMZN|2018-11-27 15:30:00+00:00,AMZN,2018-11,1,later,0.5993554521738543,0.5529008373686676,0.5740699174364655
AMZN|2018-11-27 16:30:00+00:00,AMZN,2018-11,0,later,0.6392960410036438,0.5693409002436249,0.5900086070458274
AMZN|2018-11-28 14:30:00+00:00,AMZN,2018-11,1,later,0.5071053490749371,0.5023376234879202,0.5157256475214922
AMZN|2018-11-28 15:30:00+00:00,AMZN,2018-11,1,later,0.4040462241590534,0.21936250674931504,0.35887120181747906
AMZN|2018-11-28 16:30:00+00:00,AMZN,2018-11,1,later,0.25913367301783985,0.16275332093140385,0.2270027029635169
AMZN|2018-11-29 14:30:00+00:00,AMZN,2018-11,1,later,0.7565520082881441,0.7798920015186499,0.7493767992969752
AMZN|2018-11-29 15:30:00+00:00,AMZN,2018-11,1,later,0.8245595989400527,0.8196782283435695,0.7898672025302517
AMZN|2018-11-29 16:30:00+00:00,AMZN,2018-11,1,later,0.7020548436169489,0.8109982010303357,0.6856964357358061
AMZN|2018-11-30 14:30:00+00:00,AMZN,2018-11,1,later,0.5561421251575258,0.5495075379732859,0.5570792428210243
AMZN|2018-11-30 15:30:00+00:00,AMZN,2018-11,1,later,0.5313706934502522,0.37902705490845856,0.46051090242539955
AMZN|2018-11-30 16:30:00+00:00,AMZN,2018-11,1,later,0.7037159052776595,0.7646264740107287,0.6717786466939052
AMZN|2018-12-03 14:30:00+00:00,AMZN,2018-12,0,later,0.7315614201083305,0.7766111647650237,0.7319684036104138
AMZN|2018-12-03 15:30:00+00:00,AMZN,2018-12,0,later,0.5641195658076718,0.5278696047191471,0.5357343072403778
AMZN|2018-12-03 16:30:00+00:00,AMZN,2018-12,0,later,0.47087037805376347,0.4612254345511851,0.4275481060463761
AMZN|2018-12-04 14:30:00+00:00,AMZN,2018-12,0,later,0.5797497804447217,0.5998017382333654,0.5867905138764442
AMZN|2018-12-04 15:30:00+00:00,AMZN,2018-12,0,later,0.48336455792199684,0.2930271223362754,0.4463517102078909
AMZN|2018-12-04 16:30:00+00:00,AMZN,2018-12,0,later,0.5282678983211014,0.47286530860002973,0.5003635890737599
AMZN|2018-12-06 14:30:00+00:00,AMZN,2018-12,1,later,0.8555220220792054,0.9298957272416039,0.8716398569791298
AMZN|2018-12-06 15:30:00+00:00,AMZN,2018-12,1,later,0.9438065471883149,0.9812806806311538,0.9471431414861018
AMZN|2018-12-06 16:30:00+00:00,AMZN,2018-12,1,later,0.687147059028008,0.6103889505098407,0.6758227453304363
AMZN|2018-12-07 14:30:00+00:00,AMZN,2018-12,0,later,0.5874549813599041,0.5669973317140993,0.5894717519541256
AMZN|2018-12-07 15:30:00+00:00,AMZN,2018-12,0,later,0.6986239990238323,0.6778644693043665,0.6576358936651713
AMZN|2018-12-07 16:30:00+00:00,AMZN,2018-12,0,later,0.3952003106994017,0.31023106321441574,0.37041290239408076
AMZN|2018-12-10 14:30:00+00:00,AMZN,2018-12,0,later,0.4266641547720727,0.4240938418548959,0.4498053372403506
AMZN|2018-12-10 15:30:00+00:00,AMZN,2018-12,1,later,0.3158175897872984,0.2583730462259051,0.27375218058740736
AMZN|2018-12-10 16:30:00+00:00,AMZN,2018-12,1,later,0.2972399829778959,0.1893345948064604,0.2646467042067782
AMZN|2018-12-11 14:30:00+00:00,AMZN,2018-12,0,later,0.607848642330871,0.6234431633241072,0.6362316394628048
AMZN|2018-12-11 15:30:00+00:00,AMZN,2018-12,0,later,0.5427830736810035,0.41639159308490176,0.5387929040816356
AMZN|2018-12-11 16:30:00+00:00,AMZN,2018-12,0,later,0.34028157050369306,0.3376203516046582,0.2992537159874119
AMZN|2018-12-12 14:30:00+00:00,AMZN,2018-12,1,later,0.6686238103894758,0.6970111020473232,0.6792960350760344
AMZN|2018-12-12 15:30:00+00:00,AMZN,2018-12,0,later,0.5738254362124561,0.531349166182626,0.580457233108199
AMZN|2018-12-12 16:30:00+00:00,AMZN,2018-12,0,later,0.6835475063943401,0.7342105764360136,0.6652625635901246
AMZN|2018-12-13 14:30:00+00:00,AMZN,2018-12,0,later,0.2641641161153319,0.2211779230772152,0.2759188328779097
AMZN|2018-12-13 15:30:00+00:00,AMZN,2018-12,0,later,0.22438471638876872,0.12754126856528356,0.21015929785438164
AMZN|2018-12-13 16:30:00+00:00,AMZN,2018-12,0,later,0.32562288164289355,0.27071646771925284,0.3001372728156499
AMZN|2018-12-14 14:30:00+00:00,AMZN,2018-12,0,later,0.6749062653196494,0.7254833494919474,0.6900316459047817
AMZN|2018-12-14 15:30:00+00:00,AMZN,2018-12,0,later,0.6862944376673187,0.6169412235638799,0.6531862629881253
AMZN|2018-12-14 16:30:00+00:00,AMZN,2018-12,0,later,0.431373465503427,0.31464279416546875,0.3929510655594287
AMZN|2018-12-17 14:30:00+00:00,AMZN,2018-12,0,later,0.6024227493273486,0.6574372845812068,0.6079302586000167
AMZN|2018-12-17 15:30:00+00:00,AMZN,2018-12,0,later,0.43266073006982536,0.33651881856451454,0.3910118249253536
AMZN|2018-12-17 16:30:00+00:00,AMZN,2018-12,0,later,0.42979253428322167,0.2724568073736188,0.38710726964983755
AMZN|2018-12-18 14:30:00+00:00,AMZN,2018-12,1,later,0.3854886078526116,0.4200857283544486,0.4090747768019541
AMZN|2018-12-18 15:30:00+00:00,AMZN,2018-12,1,later,0.31221988931625194,0.2736331058507846,0.26876446616857036
AMZN|2018-12-18 16:30:00+00:00,AMZN,2018-12,0,later,0.5424582173327289,0.5865199073701979,0.5247007331172961
AMZN|2018-12-19 14:30:00+00:00,AMZN,2018-12,1,later,0.43976411556095635,0.4326862399457057,0.4437152080009851
AMZN|2018-12-19 15:30:00+00:00,AMZN,2018-12,0,later,0.47229464270518945,0.37614875322072827,0.4037883252186886
AMZN|2018-12-19 16:30:00+00:00,AMZN,2018-12,0,later,0.45990258508232307,0.3582663440845155,0.4275264341492244
AMZN|2018-12-20 14:30:00+00:00,AMZN,2018-12,0,later,0.07099215947881375,0.0369930501349379,0.08054229323349774
AMZN|2018-12-20 15:30:00+00:00,AMZN,2018-12,0,later,0.09833876716268725,0.03808379565143303,0.08507141679095083
AMZN|2018-12-20 16:30:00+00:00,AMZN,2018-12,1,later,0.17444048594259984,0.06279938412192142,0.1578102217436942
AMZN|2018-12-21 14:30:00+00:00,AMZN,2018-12,0,later,0.5464194418457432,0.5571721211235499,0.57684520546478
AMZN|2018-12-21 15:30:00+00:00,AMZN,2018-12,0,later,0.40832261659997243,0.4535429406736689,0.3751288271538206
AMZN|2018-12-21 16:30:00+00:00,AMZN,2018-12,0,later,0.16233700164997045,0.11644642723815048,0.14889798024108958
AMZN|2018-12-26 14:30:00+00:00,AMZN,2018-12,1,later,0.8190881435433371,0.9006402008848498,0.8408034293485258
AMZN|2018-12-26 15:30:00+00:00,AMZN,2018-12,1,later,0.9145160289300116,0.9639970368806462,0.9107340850191181
AMZN|2018-12-26 16:30:00+00:00,AMZN,2018-12,1,later,0.7660675026795218,0.9095376774382024,0.748790640223056
AMZN|2018-12-27 14:30:00+00:00,AMZN,2018-12,0,later,0.746033974600773,0.8110545723409206,0.754078415740485
AMZN|2018-12-27 15:30:00+00:00,AMZN,2018-12,0,later,0.817491878929157,0.694332147680921,0.7566998450081222
AMZN|2018-12-27 16:30:00+00:00,AMZN,2018-12,1,later,0.6059958515059302,0.7079429413074667,0.5434865669989772
AMZN|2018-12-28 14:30:00+00:00,AMZN,2018-12,1,later,0.8144086752190991,0.8532831552294905,0.8165039432089619
AMZN|2018-12-28 15:30:00+00:00,AMZN,2018-12,1,later,0.8537062295620156,0.8333949676948685,0.8241204769896958
AMZN|2018-12-28 16:30:00+00:00,AMZN,2018-12,1,later,0.48763367472536007,0.39915077346931854,0.4612905023427568
AMZN|2018-12-31 14:30:00+00:00,AMZN,2018-12,1,later,0.6193196365508322,0.635261320563614,0.6184168279146637
AMZN|2018-12-31 15:30:00+00:00,AMZN,2018-12,0,later,0.6675381676678745,0.6202379356830563,0.600838951918022
AMZN|2018-12-31 16:30:00+00:00,AMZN,2018-12,1,later,0.2572482147033761,0.1442851945227847,0.22082063170763044
AMZN|2019-01-02 14:30:00+00:00,AMZN,2019-01,1,later,0.45103456337825604,0.4116307806821836,0.4516311426001184
AMZN|2019-01-02 15:30:00+00:00,AMZN,2019-01,1,later,0.4009158322570358,0.16201654184589467,0.3664161203446314
AMZN|2019-01-02 16:30:00+00:00,AMZN,2019-01,1,later,0.9310105083851162,0.9672010048235739,0.9128527286845094
AMZN|2019-01-03 14:30:00+00:00,AMZN,2019-01,0,later,0.4584841165344303,0.46883449038500563,0.4738609035018533
AMZN|2019-01-03 15:30:00+00:00,AMZN,2019-01,0,later,0.709634868983289,0.7696378136989716,0.7039679417743656
AMZN|2019-01-03 16:30:00+00:00,AMZN,2019-01,0,later,0.47821680294901536,0.5076675897913088,0.4005947588917977
AMZN|2019-01-04 14:30:00+00:00,AMZN,2019-01,1,later,0.47057821377197534,0.4922182474226924,0.48591849699391265
AMZN|2019-01-04 15:30:00+00:00,AMZN,2019-01,1,later,0.8152499344482264,0.932800600895997,0.8099411171022097
AMZN|2019-01-04 16:30:00+00:00,AMZN,2019-01,1,later,0.7222246639958433,0.7041026023024973,0.6698275244498517
AMZN|2019-01-07 14:30:00+00:00,AMZN,2019-01,1,later,0.5278505017518651,0.5374457550309032,0.5282443703685658
AMZN|2019-01-07 15:30:00+00:00,AMZN,2019-01,1,later,0.5626372135054325,0.5606103513613576,0.5112019138613944
AMZN|2019-01-07 16:30:00+00:00,AMZN,2019-01,1,later,0.6247100341846031,0.6558696960987097,0.5576582214753834
AMZN|2019-01-08 14:30:00+00:00,AMZN,2019-01,0,later,0.5183953764892711,0.5101757592981485,0.5247575872087832
AMZN|2019-01-08 15:30:00+00:00,AMZN,2019-01,1,later,0.5905650808827845,0.5531795827551561,0.5509717066798142
AMZN|2019-01-08 16:30:00+00:00,AMZN,2019-01,1,later,0.3364533357880446,0.21838241252635807,0.27707404503042565
AMZN|2019-01-09 14:30:00+00:00,AMZN,2019-01,1,later,0.4751189069596636,0.4610645382136686,0.4869783187400414
AMZN|2019-01-09 15:30:00+00:00,AMZN,2019-01,1,later,0.5453801636076757,0.5316914810198728,0.5287041102324314
AMZN|2019-01-09 16:30:00+00:00,AMZN,2019-01,1,later,0.4993985618852282,0.4331937328716433,0.42031476538121215
AMZN|2019-01-10 14:30:00+00:00,AMZN,2019-01,1,later,0.5544912961524108,0.5513601844008412,0.5579532185538898
AMZN|2019-01-10 15:30:00+00:00,AMZN,2019-01,1,later,0.4878486369133859,0.3411764561067533,0.452748175951221
AMZN|2019-01-10 16:30:00+00:00,AMZN,2019-01,1,later,0.716421926431977,0.7186666860658842,0.6625042256798152
AMZN|2019-01-11 14:30:00+00:00,AMZN,2019-01,1,later,0.5615609075228746,0.5751917489895138,0.5687540933086618
AMZN|2019-01-11 15:30:00+00:00,AMZN,2019-01,0,later,0.4203297620931477,0.1622313782194293,0.3539946678520515
AMZN|2019-01-11 16:30:00+00:00,AMZN,2019-01,0,later,0.6965291932058518,0.711485493454939,0.6662333666364725
AMZN|2019-01-14 14:30:00+00:00,AMZN,2019-01,1,later,0.6447042086205366,0.6726777309282027,0.6414110887491291
AMZN|2019-01-14 15:30:00+00:00,AMZN,2019-01,0,later,0.6385425662751953,0.6089644394706827,0.5817161807927627
AMZN|2019-01-14 16:30:00+00:00,AMZN,2019-01,0,later,0.8214339818448246,0.8284438356766645,0.7702656579654614
AMZN|2019-01-15 14:30:00+00:00,AMZN,2019-01,1,later,0.44363448797735205,0.42942182957263725,0.4495204114117457
AMZN|2019-01-15 15:30:00+00:00,AMZN,2019-01,1,later,0.4096900933422911,0.32041852586934993,0.3913496662174696
AMZN|2019-01-15 16:30:00+00:00,AMZN,2019-01,1,later,0.5569434080311562,0.4794412326593625,0.4914746497944877
AMZN|2019-01-16 14:30:00+00:00,AMZN,2019-01,1,later,0.5634841135110631,0.5528146103958538,0.5618082367435242
AMZN|2019-01-16 15:30:00+00:00,AMZN,2019-01,0,later,0.604901774632281,0.5376623542428726,0.5758117730494187
AMZN|2019-01-16 16:30:00+00:00,AMZN,2019-01,0,later,0.5496520162085712,0.4129128343508025,0.4833305296705663
AMZN|2019-01-17 14:30:00+00:00,AMZN,2019-01,1,later,0.5571397877773049,0.5780429972761257,0.5661409572011289
AMZN|2019-01-17 15:30:00+00:00,AMZN,2019-01,1,later,0.5713121267527081,0.49592745682159534,0.5023456465931236
AMZN|2019-01-17 16:30:00+00:00,AMZN,2019-01,1,later,0.5326301107811225,0.4863294727293111,0.4784002891546651
AMZN|2019-01-18 14:30:00+00:00,AMZN,2019-01,1,later,0.6354429785105306,0.6544254838360997,0.6339756305733912
AMZN|2019-01-18 15:30:00+00:00,AMZN,2019-01,0,later,0.6400273112535315,0.6678194180285035,0.615851980555571
AMZN|2019-01-18 16:30:00+00:00,AMZN,2019-01,0,later,0.4952971614331928,0.3950899016226393,0.43145764256440666
AMZN|2019-01-22 14:30:00+00:00,AMZN,2019-01,0,later,0.6455535381074888,0.6810768186371174,0.6395995214692264
AMZN|2019-01-22 15:30:00+00:00,AMZN,2019-01,0,later,0.6783922985677026,0.6375353894143778,0.6356763823546849
AMZN|2019-01-22 16:30:00+00:00,AMZN,2019-01,0,later,0.4835313877894668,0.44379582783410937,0.4299511441387636
AMZN|2019-01-23 14:30:00+00:00,AMZN,2019-01,0,later,0.6143360300939227,0.6706273207365349,0.6213579352121538
AMZN|2019-01-23 15:30:00+00:00,AMZN,2019-01,0,later,0.5901214677264853,0.5566781329944561,0.5541412719538569
AMZN|2019-01-23 16:30:00+00:00,AMZN,2019-01,1,later,0.5143999448080846,0.4611115703206867,0.4616666992125729
AMZN|2019-01-24 14:30:00+00:00,AMZN,2019-01,1,later,0.7831893042608684,0.839850595769861,0.7888964422820988
AMZN|2019-01-24 15:30:00+00:00,AMZN,2019-01,0,later,0.7529400166794377,0.7420365328291507,0.7207184365928574
AMZN|2019-01-24 16:30:00+00:00,AMZN,2019-01,1,later,0.40682886461042106,0.28973470574841775,0.36373654178663883
AMZN|2019-01-25 14:30:00+00:00,AMZN,2019-01,1,later,0.5273767378221448,0.5056621558607096,0.5295591186116592
AMZN|2019-01-25 15:30:00+00:00,AMZN,2019-01,0,later,0.4770118691730762,0.3419138992087775,0.4460185646117649
AMZN|2019-01-25 16:30:00+00:00,AMZN,2019-01,0,later,0.6043443815613185,0.5491056612275447,0.5351776365772215
AMZN|2019-01-28 14:30:00+00:00,AMZN,2019-01,0,later,0.6709842386140162,0.7015069158994444,0.6688144689058942
AMZN|2019-01-28 15:30:00+00:00,AMZN,2019-01,0,later,0.6042897230336358,0.4775737517312962,0.5941302872111102
AMZN|2019-01-28 16:30:00+00:00,AMZN,2019-01,1,later,0.46308609013742563,0.4165079917717337,0.430849053643043
AMZN|2019-01-29 14:30:00+00:00,AMZN,2019-01,0,later,0.5617739014273226,0.5344301759810436,0.5583253017295744
AMZN|2019-01-29 15:30:00+00:00,AMZN,2019-01,0,later,0.5716219784837006,0.4432070668615358,0.5262382326253223
AMZN|2019-01-29 16:30:00+00:00,AMZN,2019-01,0,later,0.3404092813698452,0.17468395461105815,0.2801723434526937
AMZN|2019-01-30 14:30:00+00:00,AMZN,2019-01,1,later,0.3991585229924228,0.35117949229775375,0.40589264175115675
AMZN|2019-01-30 15:30:00+00:00,AMZN,2019-01,1,later,0.35434737994986,0.252364345899104,0.3293423119249149
AMZN|2019-01-30 16:30:00+00:00,AMZN,2019-01,1,later,0.41572661957564266,0.2529645714078139,0.3465465223061309
AMZN|2019-01-31 14:30:00+00:00,AMZN,2019-01,1,later,0.6223440595423698,0.6115254167711514,0.621080576642912
AMZN|2019-01-31 15:30:00+00:00,AMZN,2019-01,1,later,0.49749655029490614,0.3762224451040966,0.48584360458971027
AMZN|2019-01-31 16:30:00+00:00,AMZN,2019-01,1,later,0.7032321395321665,0.7411710840647431,0.6817540511488657
AMZN|2019-02-01 14:30:00+00:00,AMZN,2019-02,1,later,0.5869523122311956,0.6151565583865277,0.5876305506182492
AMZN|2019-02-01 15:30:00+00:00,AMZN,2019-02,0,later,0.593543994323022,0.5158340062175841,0.5565161291798076
