key,symbol,day,month,phase,label,has_original_news,has_usable_text,articles,clusters,n_cases,BASE,D,U,A,AL,DUA,DUAL,DUAL_PARTIAL
AAPL|2018-01-03 14:30:00+00:00,AAPL,2018-01-03,2018-01,warmup,1,1,1,6,6,0,,,,,,,,
AMZN|2018-01-03 14:30:00+00:00,AMZN,2018-01-03,2018-01,warmup,1,1,1,2,1,0,,,,,,,,
AAPL|2018-01-03 15:30:00+00:00,AAPL,2018-01-03,2018-01,warmup,0,1,1,6,6,0,,,,,,,,
AMZN|2018-01-03 15:30:00+00:00,AMZN,2018-01-03,2018-01,warmup,1,1,1,2,1,0,,,,,,,,
AAPL|2018-01-03 16:30:00+00:00,AAPL,2018-01-03,2018-01,warmup,0,1,1,6,6,0,,,,,,,,
AMZN|2018-01-03 16:30:00+00:00,AMZN,2018-01-03,2018-01,warmup,1,1,1,3,2,0,,,,,,,,
AAPL|2018-01-04 14:30:00+00:00,AAPL,2018-01-04,2018-01,warmup,1,1,1,7,7,0,,,,,,,,
AMZN|2018-01-04 14:30:00+00:00,AMZN,2018-01-04,2018-01,warmup,0,0,0,0,0,0,,,,,,,,
AAPL|2018-01-04 15:30:00+00:00,AAPL,2018-01-04,2018-01,warmup,0,1,1,9,9,0,,,,,,,,
AMZN|2018-01-04 15:30:00+00:00,AMZN,2018-01-04,2018-01,warmup,0,0,0,0,0,0,,,,,,,,
AAPL|2018-01-04 16:30:00+00:00,AAPL,2018-01-04,2018-01,warmup,0,1,1,11,10,0,,,,,,,,
AMZN|2018-01-04 16:30:00+00:00,AMZN,2018-01-04,2018-01,warmup,1,0,0,0,0,0,,,,,,,,
AAPL|2018-01-05 14:30:00+00:00,AAPL,2018-01-05,2018-01,warmup,1,1,1,15,13,0,,,,,,,,
AMZN|2018-01-05 14:30:00+00:00,AMZN,2018-01-05,2018-01,warmup,1,0,0,0,0,0,,,,,,,,
AAPL|2018-01-05 15:30:00+00:00,AAPL,2018-01-05,2018-01,warmup,1,1,1,20,18,0,,,,,,,,
AMZN|2018-01-05 15:30:00+00:00,AMZN,2018-01-05,2018-01,warmup,1,1,1,1,1,0,,,,,,,,
AAPL|2018-01-05 16:30:00+00:00,AAPL,2018-01-05,2018-01,warmup,0,1,1,15,15,0,,,,,,,,
AMZN|2018-01-05 16:30:00+00:00,AMZN,2018-01-05,2018-01,warmup,1,1,1,1,1,0,,,,,,,,
AAPL|2018-01-08 14:30:00+00:00,AAPL,2018-01-08,2018-01,warmup,1,1,1,11,11,0,,,,,,,,
AMZN|2018-01-08 14:30:00+00:00,AMZN,2018-01-08,2018-01,warmup,1,0,0,0,0,0,,,,,,,,
AAPL|2018-01-08 15:30:00+00:00,AAPL,2018-01-08,2018-01,warmup,0,1,1,10,10,0,,,,,,,,
AMZN|2018-01-08 15:30:00+00:00,AMZN,2018-01-08,2018-01,warmup,1,0,0,0,0,0,,,,,,,,
AAPL|2018-01-08 16:30:00+00:00,AAPL,2018-01-08,2018-01,warmup,0,1,1,10,10,0,,,,,,,,
AMZN|2018-01-08 16:30:00+00:00,AMZN,2018-01-08,2018-01,warmup,0,0,0,0,0,0,,,,,,,,
AAPL|2018-01-09 14:30:00+00:00,AAPL,2018-01-09,2018-01,warmup,1,1,1,12,11,0,,,,,,,,
AMZN|2018-01-09 14:30:00+00:00,AMZN,2018-01-09,2018-01,warmup,0,1,1,2,1,0,,,,,,,,
AAPL|2018-01-09 15:30:00+00:00,AAPL,2018-01-09,2018-01,warmup,1,1,1,13,13,0,,,,,,,,
AMZN|2018-01-09 15:30:00+00:00,AMZN,2018-01-09,2018-01,warmup,1,1,1,3,2,0,,,,,,,,
AAPL|2018-01-09 16:30:00+00:00,AAPL,2018-01-09,2018-01,warmup,1,1,1,10,10,0,,,,,,,,
AMZN|2018-01-09 16:30:00+00:00,AMZN,2018-01-09,2018-01,warmup,1,1,1,3,2,0,,,,,,,,
AAPL|2018-01-10 14:30:00+00:00,AAPL,2018-01-10,2018-01,warmup,1,1,1,15,12,0,,,,,,,,
AMZN|2018-01-10 14:30:00+00:00,AMZN,2018-01-10,2018-01,warmup,1,0,0,0,0,0,,,,,,,,
AMZN|2018-01-10 15:30:00+00:00,AMZN,2018-01-10,2018-01,warmup,1,0,0,0,0,0,,,,,,,,
AAPL|2018-01-10 16:30:00+00:00,AAPL,2018-01-10,2018-01,warmup,1,1,1,16,15,0,,,,,,,,
AMZN|2018-01-10 16:30:00+00:00,AMZN,2018-01-10,2018-01,warmup,1,0,0,0,0,0,,,,,,,,
AAPL|2018-01-11 14:30:00+00:00,AAPL,2018-01-11,2018-01,warmup,1,1,1,3,3,0,,,,,,,,
AMZN|2018-01-11 14:30:00+00:00,AMZN,2018-01-11,2018-01,warmup,1,1,1,1,1,0,,,,,,,,
AAPL|2018-01-11 15:30:00+00:00,AAPL,2018-01-11,2018-01,warmup,1,1,1,1,1,0,,,,,,,,
AMZN|2018-01-11 15:30:00+00:00,AMZN,2018-01-11,2018-01,warmup,1,1,1,1,1,0,,,,,,,,
AAPL|2018-01-11 16:30:00+00:00,AAPL,2018-01-11,2018-01,warmup,0,1,1,1,1,0,,,,,,,,
AMZN|2018-01-11 16:30:00+00:00,AMZN,2018-01-11,2018-01,warmup,1,0,0,0,0,0,,,,,,,,
AAPL|2018-01-12 14:30:00+00:00,AAPL,2018-01-12,2018-01,warmup,1,1,1,5,4,0,,,,,,,,
AMZN|2018-01-12 14:30:00+00:00,AMZN,2018-01-12,2018-01,warmup,1,0,0,0,0,0,,,,,,,,
AAPL|2018-01-12 15:30:00+00:00,AAPL,2018-01-12,2018-01,warmup,1,1,1,5,4,0,,,,,,,,
AMZN|2018-01-12 15:30:00+00:00,AMZN,2018-01-12,2018-01,warmup,1,0,0,0,0,0,,,,,,,,
AAPL|2018-01-12 16:30:00+00:00,AAPL,2018-01-12,2018-01,warmup,1,1,1,8,8,0,,,,,,,,
AMZN|2018-01-12 16:30:00+00:00,AMZN,2018-01-12,2018-01,warmup,1,0,0,0,0,0,,,,,,,,
AAPL|2018-01-16 14:30:00+00:00,AAPL,2018-01-16,2018-01,warmup,0,1,1,9,8,0,,,,,,,,
AMZN|2018-01-16 14:30:00+00:00,AMZN,2018-01-16,2018-01,warmup,0,0,0,0,0,0,,,,,,,,
AAPL|2018-01-16 15:30:00+00:00,AAPL,2018-01-16,2018-01,warmup,0,1,1,6,4,0,,,,,,,,
AMZN|2018-01-16 15:30:00+00:00,AMZN,2018-01-16,2018-01,warmup,0,0,0,0,0,0,,,,,,,,
AAPL|2018-01-16 16:30:00+00:00,AAPL,2018-01-16,2018-01,warmup,0,1,1,5,3,0,,,,,,,,
AMZN|2018-01-16 16:30:00+00:00,AMZN,2018-01-16,2018-01,warmup,0,0,0,0,0,0,,,,,,,,
AAPL|2018-01-17 14:30:00+00:00,AAPL,2018-01-17,2018-01,warmup,1,1,1,7,7,0,,,,,,,,
AMZN|2018-01-17 14:30:00+00:00,AMZN,2018-01-17,2018-01,warmup,0,1,1,1,1,0,,,,,,,,
AAPL|2018-01-17 15:30:00+00:00,AAPL,2018-01-17,2018-01,warmup,1,1,1,9,9,0,,,,,,,,
AMZN|2018-01-17 15:30:00+00:00,AMZN,2018-01-17,2018-01,warmup,1,1,1,1,1,0,,,,,,,,
AAPL|2018-01-17 16:30:00+00:00,AAPL,2018-01-17,2018-01,warmup,1,1,1,10,10,0,,,,,,,,
AMZN|2018-01-17 16:30:00+00:00,AMZN,2018-01-17,2018-01,warmup,1,0,0,0,0,0,,,,,,,,
AAPL|2018-01-18 14:30:00+00:00,AAPL,2018-01-18,2018-01,warmup,1,1,1,16,16,0,,,,,,,,
AMZN|2018-01-18 14:30:00+00:00,AMZN,2018-01-18,2018-01,warmup,1,1,1,1,1,0,,,,,,,,
AAPL|2018-01-18 15:30:00+00:00,AAPL,2018-01-18,2018-01,warmup,1,1,1,19,19,0,,,,,,,,
AMZN|2018-01-18 15:30:00+00:00,AMZN,2018-01-18,2018-01,warmup,1,1,1,1,1,0,,,,,,,,
AAPL|2018-01-18 16:30:00+00:00,AAPL,2018-01-18,2018-01,warmup,1,1,1,18,17,0,,,,,,,,
AMZN|2018-01-18 16:30:00+00:00,AMZN,2018-01-18,2018-01,warmup,0,1,1,2,2,0,,,,,,,,
AAPL|2018-01-19 14:30:00+00:00,AAPL,2018-01-19,2018-01,warmup,1,1,1,9,8,0,,,,,,,,
AMZN|2018-01-19 14:30:00+00:00,AMZN,2018-01-19,2018-01,warmup,0,1,1,1,1,0,,,,,,,,
AAPL|2018-01-19 15:30:00+00:00,AAPL,2018-01-19,2018-01,warmup,1,1,1,15,14,0,,,,,,,,
AMZN|2018-01-19 15:30:00+00:00,AMZN,2018-01-19,2018-01,warmup,0,1,1,3,2,0,,,,,,,,
AAPL|2018-01-19 16:30:00+00:00,AAPL,2018-01-19,2018-01,warmup,1,1,1,14,13,0,,,,,,,,
AMZN|2018-01-19 16:30:00+00:00,AMZN,2018-01-19,2018-01,warmup,0,1,1,4,2,0,,,,,,,,
AAPL|2018-01-22 14:30:00+00:00,AAPL,2018-01-22,2018-01,warmup,1,1,1,6,6,0,,,,,,,,
AMZN|2018-01-22 14:30:00+00:00,AMZN,2018-01-22,2018-01,warmup,1,0,0,0,0,0,,,,,,,,
AAPL|2018-01-22 15:30:00+00:00,AAPL,2018-01-22,2018-01,warmup,0,1,1,12,12,0,,,,,,,,
AMZN|2018-01-22 15:30:00+00:00,AMZN,2018-01-22,2018-01,warmup,1,0,0,0,0,0,,,,,,,,
AAPL|2018-01-22 16:30:00+00:00,AAPL,2018-01-22,2018-01,warmup,0,1,1,16,16,0,,,,,,,,
AMZN|2018-01-22 16:30:00+00:00,AMZN,2018-01-22,2018-01,warmup,1,1,1,1,1,0,,,,,,,,
AAPL|2018-01-23 14:30:00+00:00,AAPL,2018-01-23,2018-01,warmup,1,1,1,15,14,0,,,,,,,,
AMZN|2018-01-23 14:30:00+00:00,AMZN,2018-01-23,2018-01,warmup,1,1,1,1,1,0,,,,,,,,
AAPL|2018-01-23 15:30:00+00:00,AAPL,2018-01-23,2018-01,warmup,1,1,1,17,16,0,,,,,,,,
AMZN|2018-01-23 15:30:00+00:00,AMZN,2018-01-23,2018-01,warmup,1,1,1,1,1,0,,,,,,,,
AAPL|2018-01-23 16:30:00+00:00,AAPL,2018-01-23,2018-01,warmup,0,1,1,17,17,0,,,,,,,,
AMZN|2018-01-23 16:30:00+00:00,AMZN,2018-01-23,2018-01,warmup,1,1,1,1,1,0,,,,,,,,
AAPL|2018-01-24 14:30:00+00:00,AAPL,2018-01-24,2018-01,warmup,0,1,1,14,13,0,,,,,,,,
AMZN|2018-01-24 14:30:00+00:00,AMZN,2018-01-24,2018-01,warmup,0,0,0,0,0,0,,,,,,,,
AAPL|2018-01-24 15:30:00+00:00,AAPL,2018-01-24,2018-01,warmup,0,1,1,17,13,0,,,,,,,,
AMZN|2018-01-24 15:30:00+00:00,AMZN,2018-01-24,2018-01,warmup,0,0,0,0,0,0,,,,,,,,
AAPL|2018-01-24 16:30:00+00:00,AAPL,2018-01-24,2018-01,warmup,0,1,1,19,15,0,,,,,,,,
AMZN|2018-01-24 16:30:00+00:00,AMZN,2018-01-24,2018-01,warmup,0,0,0,0,0,0,,,,,,,,
AAPL|2018-01-25 14:30:00+00:00,AAPL,2018-01-25,2018-01,warmup,0,1,1,8,8,0,,,,,,,,
AMZN|2018-01-25 14:30:00+00:00,AMZN,2018-01-25,2018-01,warmup,1,0,0,0,0,0,,,,,,,,
AAPL|2018-01-25 15:30:00+00:00,AAPL,2018-01-25,2018-01,warmup,0,1,1,11,11,0,,,,,,,,
AMZN|2018-01-25 15:30:00+00:00,AMZN,2018-01-25,2018-01,warmup,1,0,0,0,0,0,,,,,,,,
AAPL|2018-01-25 16:30:00+00:00,AAPL,2018-01-25,2018-01,warmup,0,1,1,11,11,0,,,,,,,,
AMZN|2018-01-25 16:30:00+00:00,AMZN,2018-01-25,2018-01,warmup,1,0,0,0,0,0,,,,,,,,
AAPL|2018-01-26 14:30:00+00:00,AAPL,2018-01-26,2018-01,warmup,0,1,1,5,3,0,,,,,,,,
AMZN|2018-01-26 14:30:00+00:00,AMZN,2018-01-26,2018-01,warmup,1,0,0,0,0,0,,,,,,,,
AAPL|2018-01-26 15:30:00+00:00,AAPL,2018-01-26,2018-01,warmup,1,1,1,12,9,0,,,,,,,,
AMZN|2018-01-26 15:30:00+00:00,AMZN,2018-01-26,2018-01,warmup,1,0,0,0,0,0,,,,,,,,
AAPL|2018-01-26 16:30:00+00:00,AAPL,2018-01-26,2018-01,warmup,0,1,1,14,11,0,,,,,,,,
AMZN|2018-01-26 16:30:00+00:00,AMZN,2018-01-26,2018-01,warmup,1,0,0,0,0,0,,,,,,,,
AAPL|2018-01-29 14:30:00+00:00,AAPL,2018-01-29,2018-01,warmup,0,1,1,18,16,0,,,,,,,,
AMZN|2018-01-29 14:30:00+00:00,AMZN,2018-01-29,2018-01,warmup,1,0,0,0,0,0,,,,,,,,
AAPL|2018-01-29 15:30:00+00:00,AAPL,2018-01-29,2018-01,warmup,1,1,1,24,21,0,,,,,,,,
AMZN|2018-01-29 15:30:00+00:00,AMZN,2018-01-29,2018-01,warmup,1,0,0,0,0,0,,,,,,,,
AAPL|2018-01-29 16:30:00+00:00,AAPL,2018-01-29,2018-01,warmup,0,1,1,21,20,0,,,,,,,,
AMZN|2018-01-29 16:30:00+00:00,AMZN,2018-01-29,2018-01,warmup,1,0,0,0,0,0,,,,,,,,
AAPL|2018-01-30 14:30:00+00:00,AAPL,2018-01-30,2018-01,warmup,0,1,1,17,17,0,,,,,,,,
AMZN|2018-01-30 14:30:00+00:00,AMZN,2018-01-30,2018-01,warmup,1,1,1,2,2,0,,,,,,,,
AAPL|2018-01-30 15:30:00+00:00,AAPL,2018-01-30,2018-01,warmup,0,1,1,22,20,0,,,,,,,,
AMZN|2018-01-30 15:30:00+00:00,AMZN,2018-01-30,2018-01,warmup,1,1,1,4,3,0,,,,,,,,
AAPL|2018-01-30 16:30:00+00:00,AAPL,2018-01-30,2018-01,warmup,1,1,1,25,22,0,,,,,,,,
AMZN|2018-01-30 16:30:00+00:00,AMZN,2018-01-30,2018-01,warmup,1,1,1,5,4,0,,,,,,,,
AAPL|2018-01-31 14:30:00+00:00,AAPL,2018-01-31,2018-01,warmup,1,1,1,11,10,0,,,,,,,,
AMZN|2018-01-31 14:30:00+00:00,AMZN,2018-01-31,2018-01,warmup,1,1,1,3,3,0,,,,,,,,
AAPL|2018-01-31 15:30:00+00:00,AAPL,2018-01-31,2018-01,warmup,0,1,1,19,16,0,,,,,,,,
AMZN|2018-01-31 15:30:00+00:00,AMZN,2018-01-31,2018-01,warmup,1,1,1,3,3,0,,,,,,,,
AAPL|2018-01-31 16:30:00+00:00,AAPL,2018-01-31,2018-01,warmup,1,1,1,25,22,0,,,,,,,,
AMZN|2018-01-31 16:30:00+00:00,AMZN,2018-01-31,2018-01,warmup,1,1,1,4,4,0,,,,,,,,
AAPL|2018-02-01 14:30:00+00:00,AAPL,2018-02-01,2018-02,warmup,1,1,1,8,8,1,,,,,,,,
AMZN|2018-02-01 14:30:00+00:00,AMZN,2018-02-01,2018-02,warmup,0,1,1,2,1,0,,,,,,,,
AAPL|2018-02-01 15:30:00+00:00,AAPL,2018-02-01,2018-02,warmup,1,1,1,9,9,0,,,,,,,,
AMZN|2018-02-01 15:30:00+00:00,AMZN,2018-02-01,2018-02,warmup,0,1,1,2,1,0,,,,,,,,
AAPL|2018-02-01 16:30:00+00:00,AAPL,2018-02-01,2018-02,warmup,0,1,1,11,11,0,,,,,,,,
AMZN|2018-02-01 16:30:00+00:00,AMZN,2018-02-01,2018-02,warmup,0,1,1,4,3,0,,,,,,,,
AAPL|2018-02-02 14:30:00+00:00,AAPL,2018-02-02,2018-02,warmup,0,1,1,24,23,0,,,,,,,,
AMZN|2018-02-02 14:30:00+00:00,AMZN,2018-02-02,2018-02,warmup,0,1,1,5,5,0,,,,,,,,
AAPL|2018-02-02 15:30:00+00:00,AAPL,2018-02-02,2018-02,warmup,0,1,1,28,26,0,,,,,,,,
AMZN|2018-02-02 15:30:00+00:00,AMZN,2018-02-02,2018-02,warmup,0,1,1,9,7,0,,,,,,,,
AAPL|2018-02-02 16:30:00+00:00,AAPL,2018-02-02,2018-02,warmup,0,1,1,32,31,0,,,,,,,,
AMZN|2018-02-02 16:30:00+00:00,AMZN,2018-02-02,2018-02,warmup,0,1,1,8,7,0,,,,,,,,
AAPL|2018-02-05 14:30:00+00:00,AAPL,2018-02-05,2018-02,warmup,1,1,1,13,12,0,,,,,,,,
AMZN|2018-02-05 14:30:00+00:00,AMZN,2018-02-05,2018-02,warmup,1,1,1,1,1,0,,,,,,,,
AAPL|2018-02-05 15:30:00+00:00,AAPL,2018-02-05,2018-02,warmup,0,1,1,16,16,0,,,,,,,,
AMZN|2018-02-05 15:30:00+00:00,AMZN,2018-02-05,2018-02,warmup,0,1,1,1,1,0,,,,,,,,
AAPL|2018-02-05 16:30:00+00:00,AAPL,2018-02-05,2018-02,warmup,0,1,1,20,18,0,,,,,,,,
AMZN|2018-02-05 16:30:00+00:00,AMZN,2018-02-05,2018-02,warmup,0,1,1,1,1,0,,,,,,,,
AAPL|2018-02-06 14:30:00+00:00,AAPL,2018-02-06,2018-02,warmup,1,1,1,12,12,0,,,,,,,,
AMZN|2018-02-06 14:30:00+00:00,AMZN,2018-02-06,2018-02,warmup,1,0,0,0,0,0,,,,,,,,
AAPL|2018-02-06 15:30:00+00:00,AAPL,2018-02-06,2018-02,warmup,1,1,1,13,13,0,,,,,,,,
AMZN|2018-02-06 15:30:00+00:00,AMZN,2018-02-06,2018-02,warmup,1,0,0,0,0,0,,,,,,,,
AAPL|2018-02-06 16:30:00+00:00,AAPL,2018-02-06,2018-02,warmup,1,1,1,14,14,0,,,,,,,,
AMZN|2018-02-06 16:30:00+00:00,AMZN,2018-02-06,2018-02,warmup,1,1,1,1,1,0,,,,,,,,
AAPL|2018-02-07 14:30:00+00:00,AAPL,2018-02-07,2018-02,warmup,0,1,1,10,9,0,,,,,,,,
AMZN|2018-02-07 14:30:00+00:00,AMZN,2018-02-07,2018-02,warmup,0,1,1,1,1,0,,,,,,,,
AAPL|2018-02-07 15:30:00+00:00,AAPL,2018-02-07,2018-02,warmup,0,1,1,15,12,0,,,,,,,,
AMZN|2018-02-07 15:30:00+00:00,AMZN,2018-02-07,2018-02,warmup,0,1,1,1,1,0,,,,,,,,
AAPL|2018-02-07 16:30:00+00:00,AAPL,2018-02-07,2018-02,warmup,0,1,1,16,14,0,,,,,,,,
AMZN|2018-02-07 16:30:00+00:00,AMZN,2018-02-07,2018-02,warmup,0,1,1,1,1,0,,,,,,,,
AAPL|2018-02-08 14:30:00+00:00,AAPL,2018-02-08,2018-02,warmup,0,1,1,5,4,0,,,,,,,,
AMZN|2018-02-08 14:30:00+00:00,AMZN,2018-02-08,2018-02,warmup,0,0,0,0,0,0,,,,,,,,
AAPL|2018-02-08 15:30:00+00:00,AAPL,2018-02-08,2018-02,warmup,0,1,1,7,6,0,,,,,,,,
AMZN|2018-02-08 15:30:00+00:00,AMZN,2018-02-08,2018-02,warmup,0,0,0,0,0,0,,,,,,,,
AAPL|2018-02-08 16:30:00+00:00,AAPL,2018-02-08,2018-02,warmup,0,1,1,8,7,0,,,,,,,,
AMZN|2018-02-08 16:30:00+00:00,AMZN,2018-02-08,2018-02,warmup,0,0,0,0,0,0,,,,,,,,
AAPL|2018-02-09 14:30:00+00:00,AAPL,2018-02-09,2018-02,warmup,0,1,1,6,6,0,,,,,,,,
AMZN|2018-02-09 14:30:00+00:00,AMZN,2018-02-09,2018-02,warmup,0,0,0,0,0,0,,,,,,,,
AAPL|2018-02-09 15:30:00+00:00,AAPL,2018-02-09,2018-02,warmup,0,1,1,7,7,0,,,,,,,,
AMZN|2018-02-09 15:30:00+00:00,AMZN,2018-02-09,2018-02,warmup,0,0,0,0,0,0,,,,,,,,
AAPL|2018-02-09 16:30:00+00:00,AAPL,2018-02-09,2018-02,warmup,0,1,1,7,7,0,,,,,,,,
AMZN|2018-02-09 16:30:00+00:00,AMZN,2018-02-09,2018-02,warmup,1,0,0,0,0,0,,,,,,,,
AAPL|2018-02-12 14:30:00+00:00,AAPL,2018-02-12,2018-02,warmup,1,1,1,4,4,0,,,,,,,,
AMZN|2018-02-12 14:30:00+00:00,AMZN,2018-02-12,2018-02,warmup,1,0,0,0,0,0,,,,,,,,
AAPL|2018-02-12 15:30:00+00:00,AAPL,2018-02-12,2018-02,warmup,1,1,1,6,6,0,,,,,,,,
AMZN|2018-02-12 15:30:00+00:00,AMZN,2018-02-12,2018-02,warmup,1,1,1,2,2,0,,,,,,,,
AAPL|2018-02-12 16:30:00+00:00,AAPL,2018-02-12,2018-02,warmup,1,1,1,10,9,0,,,,,,,,
AMZN|2018-02-12 16:30:00+00:00,AMZN,2018-02-12,2018-02,warmup,1,1,1,3,2,0,,,,,,,,
AAPL|2018-02-13 14:30:00+00:00,AAPL,2018-02-13,2018-02,warmup,1,1,1,4,4,0,,,,,,,,
AMZN|2018-02-13 14:30:00+00:00,AMZN,2018-02-13,2018-02,warmup,1,0,0,0,0,0,,,,,,,,
AAPL|2018-02-13 15:30:00+00:00,AAPL,2018-02-13,2018-02,warmup,1,1,1,8,8,0,,,,,,,,
AMZN|2018-02-13 15:30:00+00:00,AMZN,2018-02-13,2018-02,warmup,0,0,0,0,0,0,,,,,,,,
AAPL|2018-02-13 16:30:00+00:00,AAPL,2018-02-13,2018-02,warmup,1,1,1,8,8,0,,,,,,,,
AMZN|2018-02-13 16:30:00+00:00,AMZN,2018-02-13,2018-02,warmup,1,0,0,0,0,0,,,,,,,,
AAPL|2018-02-14 14:30:00+00:00,AAPL,2018-02-14,2018-02,warmup,1,1,1,7,7,0,,,,,,,,
AMZN|2018-02-14 14:30:00+00:00,AMZN,2018-02-14,2018-02,warmup,1,1,1,1,1,0,,,,,,,,
AAPL|2018-02-14 15:30:00+00:00,AAPL,2018-02-14,2018-02,warmup,1,1,1,10,9,0,,,,,,,,
AMZN|2018-02-14 15:30:00+00:00,AMZN,2018-02-14,2018-02,warmup,1,1,1,1,1,0,,,,,,,,
AAPL|2018-02-14 16:30:00+00:00,AAPL,2018-02-14,2018-02,warmup,1,1,1,13,11,0,,,,,,,,
AMZN|2018-02-14 16:30:00+00:00,AMZN,2018-02-14,2018-02,warmup,1,1,1,1,1,0,,,,,,,,
AAPL|2018-02-15 14:30:00+00:00,AAPL,2018-02-15,2018-02,warmup,1,1,1,9,8,0,,,,,,,,
AMZN|2018-02-15 14:30:00+00:00,AMZN,2018-02-15,2018-02,warmup,0,1,1,2,2,0,,,,,,,,
AAPL|2018-02-15 15:30:00+00:00,AAPL,2018-02-15,2018-02,warmup,1,1,1,11,10,0,,,,,,,,
AMZN|2018-02-15 15:30:00+00:00,AMZN,2018-02-15,2018-02,warmup,1,1,1,2,2,0,,,,,,,,
AAPL|2018-02-15 16:30:00+00:00,AAPL,2018-02-15,2018-02,warmup,1,1,1,13,12,0,,,,,,,,
AMZN|2018-02-15 16:30:00+00:00,AMZN,2018-02-15,2018-02,warmup,1,1,1,1,1,0,,,,,,,,
AAPL|2018-02-16 14:30:00+00:00,AAPL,2018-02-16,2018-02,warmup,1,1,1,10,7,0,,,,,,,,
AMZN|2018-02-16 14:30:00+00:00,AMZN,2018-02-16,2018-02,warmup,0,0,0,0,0,0,,,,,,,,
AAPL|2018-02-16 15:30:00+00:00,AAPL,2018-02-16,2018-02,warmup,0,1,1,9,7,0,,,,,,,,
AMZN|2018-02-16 15:30:00+00:00,AMZN,2018-02-16,2018-02,warmup,0,0,0,0,0,0,,,,,,,,
AAPL|2018-02-16 16:30:00+00:00,AAPL,2018-02-16,2018-02,warmup,0,1,1,11,9,0,,,,,,,,
AMZN|2018-02-16 16:30:00+00:00,AMZN,2018-02-16,2018-02,warmup,0,0,0,0,0,0,,,,,,,,
AAPL|2018-02-20 14:30:00+00:00,AAPL,2018-02-20,2018-02,warmup,1,1,1,4,4,0,,,,,,,,
AMZN|2018-02-20 14:30:00+00:00,AMZN,2018-02-20,2018-02,warmup,1,0,0,0,0,0,,,,,,,,
AAPL|2018-02-20 15:30:00+00:00,AAPL,2018-02-20,2018-02,warmup,0,1,1,6,6,0,,,,,,,,
AMZN|2018-02-20 15:30:00+00:00,AMZN,2018-02-20,2018-02,warmup,1,1,1,1,1,0,,,,,,,,
AAPL|2018-02-20 16:30:00+00:00,AAPL,2018-02-20,2018-02,warmup,0,1,1,6,5,0,,,,,,,,
AMZN|2018-02-20 16:30:00+00:00,AMZN,2018-02-20,2018-02,warmup,0,1,1,1,1,0,,,,,,,,
AAPL|2018-02-21 14:30:00+00:00,AAPL,2018-02-21,2018-02,warmup,1,1,1,7,6,1,,,,,,,,
AMZN|2018-02-21 14:30:00+00:00,AMZN,2018-02-21,2018-02,warmup,1,0,0,0,0,0,,,,,,,,
AAPL|2018-02-21 15:30:00+00:00,AAPL,2018-02-21,2018-02,warmup,1,1,1,9,8,0,,,,,,,,
AMZN|2018-02-21 15:30:00+00:00,AMZN,2018-02-21,2018-02,warmup,1,0,0,0,0,0,,,,,,,,
AAPL|2018-02-21 16:30:00+00:00,AAPL,2018-02-21,2018-02,warmup,0,1,1,12,11,0,,,,,,,,
AMZN|2018-02-21 16:30:00+00:00,AMZN,2018-02-21,2018-02,warmup,0,0,0,0,0,0,,,,,,,,
AAPL|2018-02-22 14:30:00+00:00,AAPL,2018-02-22,2018-02,warmup,1,1,1,3,3,0,,,,,,,,
AMZN|2018-02-22 14:30:00+00:00,AMZN,2018-02-22,2018-02,warmup,0,1,1,3,2,0,,,,,,,,
AAPL|2018-02-22 15:30:00+00:00,AAPL,2018-02-22,2018-02,warmup,0,1,1,4,4,0,,,,,,,,
AMZN|2018-02-22 15:30:00+00:00,AMZN,2018-02-22,2018-02,warmup,0,1,1,3,2,0,,,,,,,,
AAPL|2018-02-22 16:30:00+00:00,AAPL,2018-02-22,2018-02,warmup,0,1,1,6,6,0,,,,,,,,
AMZN|2018-02-22 16:30:00+00:00,AMZN,2018-02-22,2018-02,warmup,0,1,1,3,2,0,,,,,,,,
AAPL|2018-02-23 14:30:00+00:00,AAPL,2018-02-23,2018-02,warmup,1,1,1,2,2,0,,,,,,,,
AMZN|2018-02-23 14:30:00+00:00,AMZN,2018-02-23,2018-02,warmup,0,0,0,0,0,0,,,,,,,,
AAPL|2018-02-23 15:30:00+00:00,AAPL,2018-02-23,2018-02,warmup,1,1,1,4,4,1,,,,,,,,
AMZN|2018-02-23 15:30:00+00:00,AMZN,2018-02-23,2018-02,warmup,1,0,0,0,0,0,,,,,,,,
AAPL|2018-02-23 16:30:00+00:00,AAPL,2018-02-23,2018-02,warmup,1,1,1,5,5,0,,,,,,,,
AMZN|2018-02-23 16:30:00+00:00,AMZN,2018-02-23,2018-02,warmup,1,0,0,0,0,0,,,,,,,,
AAPL|2018-02-26 14:30:00+00:00,AAPL,2018-02-26,2018-02,warmup,1,1,1,14,14,0,,,,,,,,
AMZN|2018-02-26 14:30:00+00:00,AMZN,2018-02-26,2018-02,warmup,1,1,1,1,1,0,,,,,,,,
AAPL|2018-02-26 15:30:00+00:00,AAPL,2018-02-26,2018-02,warmup,1,1,1,13,13,0,,,,,,,,
AMZN|2018-02-26 15:30:00+00:00,AMZN,2018-02-26,2018-02,warmup,1,1,1,1,1,0,,,,,,,,
AAPL|2018-02-26 16:30:00+00:00,AAPL,2018-02-26,2018-02,warmup,1,1,1,16,16,0,,,,,,,,
AMZN|2018-02-26 16:30:00+00:00,AMZN,2018-02-26,2018-02,warmup,0,1,1,2,2,0,,,,,,,,
AAPL|2018-02-27 14:30:00+00:00,AAPL,2018-02-27,2018-02,warmup,1,1,1,16,15,2,,,,,,,,
AMZN|2018-02-27 14:30:00+00:00,AMZN,2018-02-27,2018-02,warmup,0,1,1,3,2,0,,,,,,,,
AAPL|2018-02-27 15:30:00+00:00,AAPL,2018-02-27,2018-02,warmup,0,1,1,20,19,0,,,,,,,,
AMZN|2018-02-27 15:30:00+00:00,AMZN,2018-02-27,2018-02,warmup,0,1,1,4,3,0,,,,,,,,
AAPL|2018-02-27 16:30:00+00:00,AAPL,2018-02-27,2018-02,warmup,1,1,1,27,25,0,,,,,,,,
AMZN|2018-02-27 16:30:00+00:00,AMZN,2018-02-27,2018-02,warmup,0,1,1,4,3,0,,,,,,,,
AAPL|2018-02-28 14:30:00+00:00,AAPL,2018-02-28,2018-02,warmup,1,1,1,7,7,0,,,,,,,,
AMZN|2018-02-28 14:30:00+00:00,AMZN,2018-02-28,2018-02,warmup,1,0,0,0,0,0,,,,,,,,
AAPL|2018-02-28 15:30:00+00:00,AAPL,2018-02-28,2018-02,warmup,0,1,1,6,6,0,,,,,,,,
AMZN|2018-02-28 15:30:00+00:00,AMZN,2018-02-28,2018-02,warmup,1,0,0,0,0,0,,,,,,,,
AAPL|2018-02-28 16:30:00+00:00,AAPL,2018-02-28,2018-02,warmup,0,1,1,10,10,0,,,,,,,,
AMZN|2018-02-28 16:30:00+00:00,AMZN,2018-02-28,2018-02,warmup,0,0,0,0,0,0,,,,,,,,
AAPL|2018-03-01 14:30:00+00:00,AAPL,2018-03-01,2018-03,train_forward_oof,0,1,1,13,12,3,0.8774296087379244,0.8774296087379244,0.8774296087379244,0.8774296087379244,0.8774296087379244,0.8774296087379244,0.8774296087379244,0.8774296087379244
AMZN|2018-03-01 14:30:00+00:00,AMZN,2018-03-01,2018-03,train_forward_oof,0,1,1,2,2,0,0.7845843276931805,0.7845843276931805,0.7845843276931805,0.7845843276931805,0.7845843276931805,0.7845843276931805,0.7845843276931805,0.7845843276931805
AAPL|2018-03-01 15:30:00+00:00,AAPL,2018-03-01,2018-03,train_forward_oof,0,1,1,15,14,1,0.8496427072559024,0.8496427072559024,0.8496427072559024,0.8496427072559024,0.8496427072559024,0.8496427072559024,0.8496427072559024,0.8496427072559024
AMZN|2018-03-01 15:30:00+00:00,AMZN,2018-03-01,2018-03,train_forward_oof,0,1,1,3,3,0,0.7931612281016177,0.7931612281016177,0.7931612281016177,0.7931612281016177,0.7931612281016177,0.7931612281016177,0.7931612281016177,0.7931612281016177
AAPL|2018-03-01 16:30:00+00:00,AAPL,2018-03-01,2018-03,train_forward_oof,0,1,1,13,13,0,0.4052964975333264,0.4052964975333264,0.4052964975333264,0.4052964975333264,0.4052964975333264,0.4052964975333264,0.4052964975333264,0.4052964975333264
AMZN|2018-03-01 16:30:00+00:00,AMZN,2018-03-01,2018-03,train_forward_oof,0,1,1,4,4,0,0.7416929653217545,0.7416929653217545,0.7416929653217545,0.7416929653217545,0.7416929653217545,0.7416929653217545,0.7416929653217545,0.7416929653217545
AAPL|2018-03-02 14:30:00+00:00,AAPL,2018-03-02,2018-03,train_forward_oof,1,1,1,16,16,2,0.6352899994695096,0.6352899994695096,0.6352899994695096,0.6352899994695096,0.6352899994695096,0.6352899994695096,0.6352899994695096,0.6352899994695096
AMZN|2018-03-02 14:30:00+00:00,AMZN,2018-03-02,2018-03,train_forward_oof,1,0,0,0,0,0,0.4002984683798877,0.4002984683798877,0.4002984683798877,0.4002984683798877,0.4002984683798877,0.4002984683798877,0.4002984683798877,0.4002984683798877
AAPL|2018-03-02 15:30:00+00:00,AAPL,2018-03-02,2018-03,train_forward_oof,1,1,1,21,21,2,0.5324491255343186,0.5324491255343186,0.5324491255343186,0.5324491255343186,0.5324491255343186,0.5324491255343186,0.5324491255343186,0.5324491255343186
AMZN|2018-03-02 15:30:00+00:00,AMZN,2018-03-02,2018-03,train_forward_oof,1,0,0,0,0,0,0.5111010136603082,0.5111010136603082,0.5111010136603082,0.5111010136603082,0.5111010136603082,0.5111010136603082,0.5111010136603082,0.5111010136603082
AAPL|2018-03-02 16:30:00+00:00,AAPL,2018-03-02,2018-03,train_forward_oof,1,1,1,25,24,0,0.3339844968933119,0.3339844968933119,0.3339844968933119,0.3339844968933119,0.3339844968933119,0.3339844968933119,0.3339844968933119,0.3339844968933119
AMZN|2018-03-02 16:30:00+00:00,AMZN,2018-03-02,2018-03,train_forward_oof,1,1,1,1,1,0,0.5684595984882069,0.5684595984882069,0.5684595984882069,0.5684595984882069,0.5684595984882069,0.5684595984882069,0.5684595984882069,0.5684595984882069
AAPL|2018-03-05 14:30:00+00:00,AAPL,2018-03-05,2018-03,train_forward_oof,1,1,1,20,20,3,0.7219502326452697,0.7219502326452697,0.7219502326452697,0.7219502326452697,0.7219502326452697,0.7219502326452697,0.7219502326452697,0.7219502326452697
AMZN|2018-03-05 14:30:00+00:00,AMZN,2018-03-05,2018-03,train_forward_oof,1,0,0,0,0,0,0.6058070129615731,0.6058070129615731,0.6058070129615731,0.6058070129615731,0.6058070129615731,0.6058070129615731,0.6058070129615731,0.6058070129615731
AAPL|2018-03-05 15:30:00+00:00,AAPL,2018-03-05,2018-03,train_forward_oof,1,1,1,18,18,0,0.6807178936313398,0.6807178936313398,0.6807178936313398,0.6807178936313398,0.6807178936313398,0.6807178936313398,0.6807178936313398,0.6807178936313398
AMZN|2018-03-05 15:30:00+00:00,AMZN,2018-03-05,2018-03,train_forward_oof,1,0,0,0,0,0,0.5602069409916295,0.5602069409916295,0.5602069409916295,0.5602069409916295,0.5602069409916295,0.5602069409916295,0.5602069409916295,0.5602069409916295
AAPL|2018-03-05 16:30:00+00:00,AAPL,2018-03-05,2018-03,train_forward_oof,1,1,1,21,21,0,0.232751671666785,0.232751671666785,0.232751671666785,0.232751671666785,0.232751671666785,0.232751671666785,0.232751671666785,0.232751671666785
AMZN|2018-03-05 16:30:00+00:00,AMZN,2018-03-05,2018-03,train_forward_oof,1,0,0,0,0,0,0.5785382952782346,0.5785382952782346,0.5785382952782346,0.5785382952782346,0.5785382952782346,0.5785382952782346,0.5785382952782346,0.5785382952782346
AAPL|2018-03-06 14:30:00+00:00,AAPL,2018-03-06,2018-03,train_forward_oof,0,1,1,11,11,0,0.6467590413166108,0.6467590413166108,0.6467590413166108,0.6467590413166108,0.6467590413166108,0.6467590413166108,0.6467590413166108,0.6467590413166108
AMZN|2018-03-06 14:30:00+00:00,AMZN,2018-03-06,2018-03,train_forward_oof,1,1,1,1,1,0,0.5306020710298148,0.5306020710298148,0.5306020710298148,0.5306020710298148,0.5306020710298148,0.5306020710298148,0.5306020710298148,0.5306020710298148
AAPL|2018-03-06 15:30:00+00:00,AAPL,2018-03-06,2018-03,train_forward_oof,0,1,1,16,16,2,0.5552340181158532,0.5552340181158532,0.5552340181158532,0.5552340181158532,0.5552340181158532,0.5552340181158532,0.5552340181158532,0.5552340181158532
AMZN|2018-03-06 15:30:00+00:00,AMZN,2018-03-06,2018-03,train_forward_oof,0,0,0,0,0,0,0.5395863659121043,0.5395863659121043,0.5395863659121043,0.5395863659121043,0.5395863659121043,0.5395863659121043,0.5395863659121043,0.5395863659121043
AAPL|2018-03-06 16:30:00+00:00,AAPL,2018-03-06,2018-03,train_forward_oof,0,1,1,15,15,0,0.3959432870063034,0.3959432870063034,0.3959432870063034,0.3959432870063034,0.3959432870063034,0.3959432870063034,0.3959432870063034,0.3959432870063034
AMZN|2018-03-06 16:30:00+00:00,AMZN,2018-03-06,2018-03,train_forward_oof,1,1,1,1,1,0,0.4817397610258253,0.4817397610258253,0.4817397610258253,0.4817397610258253,0.4817397610258253,0.4817397610258253,0.4817397610258253,0.4817397610258253
AAPL|2018-03-07 14:30:00+00:00,AAPL,2018-03-07,2018-03,train_forward_oof,1,1,1,18,18,0,0.826893123768402,0.826893123768402,0.826893123768402,0.826893123768402,0.826893123768402,0.826893123768402,0.826893123768402,0.826893123768402
AMZN|2018-03-07 14:30:00+00:00,AMZN,2018-03-07,2018-03,train_forward_oof,1,1,1,4,4,0,0.414600407406377,0.414600407406377,0.414600407406377,0.414600407406377,0.414600407406377,0.414600407406377,0.414600407406377,0.414600407406377
AAPL|2018-03-07 15:30:00+00:00,AAPL,2018-03-07,2018-03,train_forward_oof,1,1,1,20,20,0,0.7203083289892499,0.7203083289892499,0.7203083289892499,0.7203083289892499,0.7203083289892499,0.7203083289892499,0.7203083289892499,0.7203083289892499
AMZN|2018-03-07 15:30:00+00:00,AMZN,2018-03-07,2018-03,train_forward_oof,0,1,1,4,4,0,0.422371244144576,0.422371244144576,0.422371244144576,0.422371244144576,0.422371244144576,0.422371244144576,0.422371244144576,0.422371244144576
AAPL|2018-03-07 16:30:00+00:00,AAPL,2018-03-07,2018-03,train_forward_oof,1,1,1,25,25,0,0.5258269559115692,0.5258269559115692,0.5258269559115692,0.5258269559115692,0.5258269559115692,0.5258269559115692,0.5258269559115692,0.5258269559115692
AMZN|2018-03-07 16:30:00+00:00,AMZN,2018-03-07,2018-03,train_forward_oof,1,1,1,4,4,0,0.4672444357104487,0.4672444357104487,0.4672444357104487,0.4672444357104487,0.4672444357104487,0.4672444357104487,0.4672444357104487,0.4672444357104487
AAPL|2018-03-08 14:30:00+00:00,AAPL,2018-03-08,2018-03,train_forward_oof,1,1,1,14,14,0,0.6997633945934266,0.6997633945934266,0.6997633945934266,0.6997633945934266,0.6997633945934266,0.6997633945934266,0.6997633945934266,0.6997633945934266
AMZN|2018-03-08 14:30:00+00:00,AMZN,2018-03-08,2018-03,train_forward_oof,0,1,1,1,1,0,0.5458141452259704,0.5458141452259704,0.5458141452259704,0.5458141452259704,0.5458141452259704,0.5458141452259704,0.5458141452259704,0.5458141452259704
AAPL|2018-03-08 15:30:00+00:00,AAPL,2018-03-08,2018-03,train_forward_oof,1,1,1,16,16,0,0.6814369988158019,0.6814369988158019,0.6814369988158019,0.6814369988158019,0.6814369988158019,0.6814369988158019,0.6814369988158019,0.6814369988158019
AMZN|2018-03-08 15:30:00+00:00,AMZN,2018-03-08,2018-03,train_forward_oof,0,1,1,2,2,0,0.4838213711446577,0.4838213711446577,0.4838213711446577,0.4838213711446577,0.4838213711446577,0.4838213711446577,0.4838213711446577,0.4838213711446577
AAPL|2018-03-08 16:30:00+00:00,AAPL,2018-03-08,2018-03,train_forward_oof,1,1,1,18,18,0,0.4872028441237412,0.4872028441237412,0.4872028441237412,0.4872028441237412,0.4872028441237412,0.4872028441237412,0.4872028441237412,0.4872028441237412
AMZN|2018-03-08 16:30:00+00:00,AMZN,2018-03-08,2018-03,train_forward_oof,0,1,1,2,2,0,0.5138326276130348,0.5138326276130348,0.5138326276130348,0.5138326276130348,0.5138326276130348,0.5138326276130348,0.5138326276130348,0.5138326276130348
AAPL|2018-03-09 14:30:00+00:00,AAPL,2018-03-09,2018-03,train_forward_oof,1,1,1,16,16,0,0.7092547335909628,0.7092547335909628,0.7092547335909628,0.7092547335909628,0.7092547335909628,0.7092547335909628,0.7092547335909628,0.7092547335909628
AMZN|2018-03-09 14:30:00+00:00,AMZN,2018-03-09,2018-03,train_forward_oof,1,0,0,0,0,0,0.5369398477963956,0.5369398477963956,0.5369398477963956,0.5369398477963956,0.5369398477963956,0.5369398477963956,0.5369398477963956,0.5369398477963956
AAPL|2018-03-09 15:30:00+00:00,AAPL,2018-03-09,2018-03,train_forward_oof,1,1,1,12,12,0,0.6825349653737676,0.6825349653737676,0.6825349653737676,0.6825349653737676,0.6825349653737676,0.6825349653737676,0.6825349653737676,0.6825349653737676
AMZN|2018-03-09 15:30:00+00:00,AMZN,2018-03-09,2018-03,train_forward_oof,1,0,0,0,0,0,0.6473065218199795,0.6473065218199795,0.6473065218199795,0.6473065218199795,0.6473065218199795,0.6473065218199795,0.6473065218199795,0.6473065218199795
AAPL|2018-03-09 16:30:00+00:00,AAPL,2018-03-09,2018-03,train_forward_oof,1,1,1,16,16,0,0.4780443621795809,0.4780443621795809,0.4780443621795809,0.4780443621795809,0.4780443621795809,0.4780443621795809,0.4780443621795809,0.4780443621795809
AMZN|2018-03-09 16:30:00+00:00,AMZN,2018-03-09,2018-03,train_forward_oof,1,0,0,0,0,0,0.5917283629367203,0.5917283629367203,0.5917283629367203,0.5917283629367203,0.5917283629367203,0.5917283629367203,0.5917283629367203,0.5917283629367203
AAPL|2018-03-12 14:30:00+00:00,AAPL,2018-03-12,2018-03,train_forward_oof,0,1,1,14,11,0,0.4986042557908263,0.4986042557908263,0.4986042557908263,0.4986042557908263,0.4986042557908263,0.4986042557908263,0.4986042557908263,0.4986042557908263
AMZN|2018-03-12 14:30:00+00:00,AMZN,2018-03-12,2018-03,train_forward_oof,0,1,1,1,1,0,0.680722420509946,0.680722420509946,0.680722420509946,0.680722420509946,0.680722420509946,0.680722420509946,0.680722420509946,0.680722420509946
AAPL|2018-03-12 15:30:00+00:00,AAPL,2018-03-12,2018-03,train_forward_oof,1,1,1,16,15,0,0.4954619414298098,0.4954619414298098,0.4954619414298098,0.4954619414298098,0.4954619414298098,0.4954619414298098,0.4954619414298098,0.4954619414298098
AMZN|2018-03-12 15:30:00+00:00,AMZN,2018-03-12,2018-03,train_forward_oof,1,1,1,1,1,0,0.6876222662227195,0.6876222662227195,0.6876222662227195,0.6876222662227195,0.6876222662227195,0.6876222662227195,0.6876222662227195,0.6876222662227195
AAPL|2018-03-13 13:30:00+00:00,AAPL,2018-03-13,2018-03,train_forward_oof,0,1,1,13,13,3,0.4491876003635581,0.4491876003635581,0.4491876003635581,0.4491876003635581,0.4491876003635581,0.4491876003635581,0.4491876003635581,0.4491876003635581
AMZN|2018-03-13 13:30:00+00:00,AMZN,2018-03-13,2018-03,train_forward_oof,0,0,0,0,0,0,0.4661088699813637,0.4661088699813637,0.4661088699813637,0.4661088699813637,0.4661088699813637,0.4661088699813637,0.4661088699813637,0.4661088699813637
AAPL|2018-03-13 14:30:00+00:00,AAPL,2018-03-13,2018-03,train_forward_oof,0,1,1,18,18,0,0.4279776373330672,0.4279776373330672,0.4279776373330672,0.4279776373330672,0.4279776373330672,0.4279776373330672,0.4279776373330672,0.4279776373330672
AMZN|2018-03-13 14:30:00+00:00,AMZN,2018-03-13,2018-03,train_forward_oof,0,0,0,0,0,0,0.5619561581454942,0.5619561581454942,0.5619561581454942,0.5619561581454942,0.5619561581454942,0.5619561581454942,0.5619561581454942,0.5619561581454942
AAPL|2018-03-13 15:30:00+00:00,AAPL,2018-03-13,2018-03,train_forward_oof,0,1,1,16,16,0,0.2421711632352382,0.2421711632352382,0.2421711632352382,0.2421711632352382,0.2421711632352382,0.2421711632352382,0.2421711632352382,0.2421711632352382
AMZN|2018-03-13 15:30:00+00:00,AMZN,2018-03-13,2018-03,train_forward_oof,1,1,1,1,1,0,0.5139577367382513,0.5139577367382513,0.5139577367382513,0.5139577367382513,0.5139577367382513,0.5139577367382513,0.5139577367382513,0.5139577367382513
AAPL|2018-03-14 13:30:00+00:00,AAPL,2018-03-14,2018-03,train_forward_oof,0,1,1,12,8,2,0.6915026078241355,0.6915026078241355,0.6915026078241355,0.6915026078241355,0.6915026078241355,0.6915026078241355,0.6915026078241355,0.6915026078241355
AMZN|2018-03-14 13:30:00+00:00,AMZN,2018-03-14,2018-03,train_forward_oof,0,0,0,0,0,0,0.5902108374670707,0.5902108374670707,0.5902108374670707,0.5902108374670707,0.5902108374670707,0.5902108374670707,0.5902108374670707,0.5902108374670707
AAPL|2018-03-14 14:30:00+00:00,AAPL,2018-03-14,2018-03,train_forward_oof,1,1,1,13,10,0,0.5818691254661724,0.5818691254661724,0.5818691254661724,0.5818691254661724,0.5818691254661724,0.5818691254661724,0.5818691254661724,0.5818691254661724
AMZN|2018-03-14 14:30:00+00:00,AMZN,2018-03-14,2018-03,train_forward_oof,0,1,1,2,2,0,0.5908983490589734,0.5908983490589734,0.5908983490589734,0.5908983490589734,0.5908983490589734,0.5908983490589734,0.5908983490589734,0.5908983490589734
AAPL|2018-03-14 15:30:00+00:00,AAPL,2018-03-14,2018-03,train_forward_oof,0,1,1,14,11,2,0.3709874816764951,0.3709874816764951,0.3709874816764951,0.3709874816764951,0.3709874816764951,0.3709874816764951,0.3709874816764951,0.3709874816764951
AMZN|2018-03-14 15:30:00+00:00,AMZN,2018-03-14,2018-03,train_forward_oof,0,1,1,2,2,0,0.3910295205025405,0.3910295205025405,0.3910295205025405,0.3910295205025405,0.3910295205025405,0.3910295205025405,0.3910295205025405,0.3910295205025405
AAPL|2018-03-15 13:30:00+00:00,AAPL,2018-03-15,2018-03,train_forward_oof,1,1,1,8,8,2,0.5614356307637263,0.5614356307637263,0.5614356307637263,0.5614356307637263,0.5614356307637263,0.5614356307637263,0.5614356307637263,0.5614356307637263
AMZN|2018-03-15 13:30:00+00:00,AMZN,2018-03-15,2018-03,train_forward_oof,0,0,0,0,0,0,0.5399402737661584,0.5399402737661584,0.5399402737661584,0.5399402737661584,0.5399402737661584,0.5399402737661584,0.5399402737661584,0.5399402737661584
AAPL|2018-03-15 14:30:00+00:00,AAPL,2018-03-15,2018-03,train_forward_oof,0,1,1,8,8,2,0.437214781418003,0.437214781418003,0.437214781418003,0.437214781418003,0.437214781418003,0.437214781418003,0.437214781418003,0.437214781418003
AMZN|2018-03-15 14:30:00+00:00,AMZN,2018-03-15,2018-03,train_forward_oof,1,0,0,0,0,0,0.6647361790855035,0.6647361790855035,0.6647361790855035,0.6647361790855035,0.6647361790855035,0.6647361790855035,0.6647361790855035,0.6647361790855035
AAPL|2018-03-15 15:30:00+00:00,AAPL,2018-03-15,2018-03,train_forward_oof,0,1,1,8,8,3,0.3133385440848537,0.3133385440848537,0.3133385440848537,0.3133385440848537,0.3133385440848537,0.3133385440848537,0.3133385440848537,0.3133385440848537
AMZN|2018-03-15 15:30:00+00:00,AMZN,2018-03-15,2018-03,train_forward_oof,0,0,0,0,0,0,0.6170827681492747,0.6170827681492747,0.6170827681492747,0.6170827681492747,0.6170827681492747,0.6170827681492747,0.6170827681492747,0.6170827681492747
AAPL|2018-03-16 13:30:00+00:00,AAPL,2018-03-16,2018-03,train_forward_oof,0,1,1,9,9,0,0.673261851993094,0.673261851993094,0.673261851993094,0.673261851993094,0.673261851993094,0.673261851993094,0.673261851993094,0.673261851993094
AMZN|2018-03-16 13:30:00+00:00,AMZN,2018-03-16,2018-03,train_forward_oof,0,0,0,0,0,0,0.5652690812087743,0.5652690812087743,0.5652690812087743,0.5652690812087743,0.5652690812087743,0.5652690812087743,0.5652690812087743,0.5652690812087743
AAPL|2018-03-16 14:30:00+00:00,AAPL,2018-03-16,2018-03,train_forward_oof,0,1,1,10,10,0,0.5704932736789047,0.5704932736789047,0.5704932736789047,0.5704932736789047,0.5704932736789047,0.5704932736789047,0.5704932736789047,0.5704932736789047
AMZN|2018-03-16 14:30:00+00:00,AMZN,2018-03-16,2018-03,train_forward_oof,0,0,0,0,0,0,0.6541239821780788,0.6541239821780788,0.6541239821780788,0.6541239821780788,0.6541239821780788,0.6541239821780788,0.6541239821780788,0.6541239821780788
AAPL|2018-03-16 15:30:00+00:00,AAPL,2018-03-16,2018-03,train_forward_oof,1,1,1,13,13,2,0.324409487932475,0.324409487932475,0.324409487932475,0.324409487932475,0.324409487932475,0.324409487932475,0.324409487932475,0.324409487932475
AMZN|2018-03-16 15:30:00+00:00,AMZN,2018-03-16,2018-03,train_forward_oof,0,0,0,0,0,0,0.5323165964499607,0.5323165964499607,0.5323165964499607,0.5323165964499607,0.5323165964499607,0.5323165964499607,0.5323165964499607,0.5323165964499607
AAPL|2018-03-19 13:30:00+00:00,AAPL,2018-03-19,2018-03,train_forward_oof,0,1,1,15,13,0,0.6977627029276485,0.6977627029276485,0.6977627029276485,0.6977627029276485,0.6977627029276485,0.6977627029276485,0.6977627029276485,0.6977627029276485
AMZN|2018-03-19 13:30:00+00:00,AMZN,2018-03-19,2018-03,train_forward_oof,0,0,0,0,0,0,0.6421829970062372,0.6421829970062372,0.6421829970062372,0.6421829970062372,0.6421829970062372,0.6421829970062372,0.6421829970062372,0.6421829970062372
AAPL|2018-03-19 14:30:00+00:00,AAPL,2018-03-19,2018-03,train_forward_oof,0,1,1,21,18,0,0.3530055015066873,0.3530055015066873,0.3530055015066873,0.3530055015066873,0.3530055015066873,0.3530055015066873,0.3530055015066873,0.3530055015066873
AMZN|2018-03-19 14:30:00+00:00,AMZN,2018-03-19,2018-03,train_forward_oof,0,0,0,0,0,0,0.7687746172954725,0.7687746172954725,0.7687746172954725,0.7687746172954725,0.7687746172954725,0.7687746172954725,0.7687746172954725,0.7687746172954725
AAPL|2018-03-19 15:30:00+00:00,AAPL,2018-03-19,2018-03,train_forward_oof,0,1,1,26,24,3,0.2260877398825649,0.2260877398825649,0.2260877398825649,0.2260877398825649,0.2260877398825649,0.2260877398825649,0.2260877398825649,0.2260877398825649
AMZN|2018-03-19 15:30:00+00:00,AMZN,2018-03-19,2018-03,train_forward_oof,0,0,0,0,0,0,0.5109665986710028,0.5109665986710028,0.5109665986710028,0.5109665986710028,0.5109665986710028,0.5109665986710028,0.5109665986710028,0.5109665986710028
AAPL|2018-03-20 13:30:00+00:00,AAPL,2018-03-20,2018-03,train_forward_oof,0,1,1,4,4,3,0.6249460087170315,0.6249460087170315,0.6249460087170315,0.6249460087170315,0.6249460087170315,0.6249460087170315,0.6249460087170315,0.6249460087170315
AMZN|2018-03-20 13:30:00+00:00,AMZN,2018-03-20,2018-03,train_forward_oof,1,0,0,0,0,0,0.5394672099887681,0.5394672099887681,0.5394672099887681,0.5394672099887681,0.5394672099887681,0.5394672099887681,0.5394672099887681,0.5394672099887681
AAPL|2018-03-20 14:30:00+00:00,AAPL,2018-03-20,2018-03,train_forward_oof,0,1,1,6,6,0,0.5293752433780495,0.5293752433780495,0.5293752433780495,0.5293752433780495,0.5293752433780495,0.5293752433780495,0.5293752433780495,0.5293752433780495
AMZN|2018-03-20 14:30:00+00:00,AMZN,2018-03-20,2018-03,train_forward_oof,1,0,0,0,0,0,0.6065817014730893,0.6065817014730893,0.6065817014730893,0.6065817014730893,0.6065817014730893,0.6065817014730893,0.6065817014730893,0.6065817014730893
AAPL|2018-03-20 15:30:00+00:00,AAPL,2018-03-20,2018-03,train_forward_oof,0,1,1,14,14,3,0.5649147438609878,0.5649147438609878,0.5649147438609878,0.5649147438609878,0.5649147438609878,0.5649147438609878,0.5649147438609878,0.5649147438609878
AMZN|2018-03-20 15:30:00+00:00,AMZN,2018-03-20,2018-03,train_forward_oof,1,1,1,1,1,0,0.4141411361870782,0.4141411361870782,0.4141411361870782,0.4141411361870782,0.4141411361870782,0.4141411361870782,0.4141411361870782,0.4141411361870782
AAPL|2018-03-21 13:30:00+00:00,AAPL,2018-03-21,2018-03,train_forward_oof,0,1,1,3,3,0,0.6736851948687265,0.6736851948687265,0.6736851948687265,0.6736851948687265,0.6736851948687265,0.6736851948687265,0.6736851948687265,0.6736851948687265
AMZN|2018-03-21 13:30:00+00:00,AMZN,2018-03-21,2018-03,train_forward_oof,0,1,1,1,1,0,0.4317913615583134,0.4317913615583134,0.4317913615583134,0.4317913615583134,0.4317913615583134,0.4317913615583134,0.4317913615583134,0.4317913615583134
AAPL|2018-03-21 14:30:00+00:00,AAPL,2018-03-21,2018-03,train_forward_oof,0,1,1,3,3,0,0.5561216004909366,0.5561216004909366,0.5561216004909366,0.5561216004909366,0.5561216004909366,0.5561216004909366,0.5561216004909366,0.5561216004909366
AMZN|2018-03-21 14:30:00+00:00,AMZN,2018-03-21,2018-03,train_forward_oof,0,1,1,2,2,0,0.4164309605546515,0.4164309605546515,0.4164309605546515,0.4164309605546515,0.4164309605546515,0.4164309605546515,0.4164309605546515,0.4164309605546515
AAPL|2018-03-21 15:30:00+00:00,AAPL,2018-03-21,2018-03,train_forward_oof,0,1,1,5,5,0,0.4339379357124506,0.4339379357124506,0.4339379357124506,0.4339379357124506,0.4339379357124506,0.4339379357124506,0.4339379357124506,0.4339379357124506
AMZN|2018-03-21 15:30:00+00:00,AMZN,2018-03-21,2018-03,train_forward_oof,0,1,1,2,2,0,0.5495181186159772,0.5495181186159772,0.5495181186159772,0.5495181186159772,0.5495181186159772,0.5495181186159772,0.5495181186159772,0.5495181186159772
AAPL|2018-03-22 13:30:00+00:00,AAPL,2018-03-22,2018-03,train_forward_oof,1,1,1,14,14,0,0.6228605493414364,0.6228605493414364,0.6228605493414364,0.6228605493414364,0.6228605493414364,0.6228605493414364,0.6228605493414364,0.6228605493414364
AMZN|2018-03-22 13:30:00+00:00,AMZN,2018-03-22,2018-03,train_forward_oof,0,0,0,0,0,0,0.514778161333839,0.514778161333839,0.514778161333839,0.514778161333839,0.514778161333839,0.514778161333839,0.514778161333839,0.514778161333839
AAPL|2018-03-22 14:30:00+00:00,AAPL,2018-03-22,2018-03,train_forward_oof,1,1,1,20,20,0,0.3720795667259335,0.3720795667259335,0.3720795667259335,0.3720795667259335,0.3720795667259335,0.3720795667259335,0.3720795667259335,0.3720795667259335
AMZN|2018-03-22 14:30:00+00:00,AMZN,2018-03-22,2018-03,train_forward_oof,0,0,0,0,0,0,0.6752533335618052,0.6752533335618052,0.6752533335618052,0.6752533335618052,0.6752533335618052,0.6752533335618052,0.6752533335618052,0.6752533335618052
AAPL|2018-03-22 15:30:00+00:00,AAPL,2018-03-22,2018-03,train_forward_oof,1,1,1,20,20,0,0.2648146660856095,0.2648146660856095,0.2648146660856095,0.2648146660856095,0.2648146660856095,0.2648146660856095,0.2648146660856095,0.2648146660856095
AMZN|2018-03-22 15:30:00+00:00,AMZN,2018-03-22,2018-03,train_forward_oof,0,0,0,0,0,0,0.5558366250055996,0.5558366250055996,0.5558366250055996,0.5558366250055996,0.5558366250055996,0.5558366250055996,0.5558366250055996,0.5558366250055996
AAPL|2018-03-23 13:30:00+00:00,AAPL,2018-03-23,2018-03,train_forward_oof,1,1,1,9,8,0,0.6053740872795897,0.6053740872795897,0.6053740872795897,0.6053740872795897,0.6053740872795897,0.6053740872795897,0.6053740872795897,0.6053740872795897
AMZN|2018-03-23 13:30:00+00:00,AMZN,2018-03-23,2018-03,train_forward_oof,0,1,1,1,1,0,0.5621499382400271,0.5621499382400271,0.5621499382400271,0.5621499382400271,0.5621499382400271,0.5621499382400271,0.5621499382400271,0.5621499382400271
AAPL|2018-03-23 14:30:00+00:00,AAPL,2018-03-23,2018-03,train_forward_oof,0,1,1,11,10,2,0.5366356062147702,0.5366356062147702,0.5366356062147702,0.5366356062147702,0.5366356062147702,0.5366356062147702,0.5366356062147702,0.5366356062147702
AMZN|2018-03-23 14:30:00+00:00,AMZN,2018-03-23,2018-03,train_forward_oof,0,1,1,1,1,0,0.5699935553751818,0.5699935553751818,0.5699935553751818,0.5699935553751818,0.5699935553751818,0.5699935553751818,0.5699935553751818,0.5699935553751818
AAPL|2018-03-23 15:30:00+00:00,AAPL,2018-03-23,2018-03,train_forward_oof,0,1,1,12,11,3,0.3383552793463136,0.3383552793463136,0.3383552793463136,0.3383552793463136,0.3383552793463136,0.3383552793463136,0.3383552793463136,0.3383552793463136
AMZN|2018-03-23 15:30:00+00:00,AMZN,2018-03-23,2018-03,train_forward_oof,0,1,1,1,1,0,0.5091078879796364,0.5091078879796364,0.5091078879796364,0.5091078879796364,0.5091078879796364,0.5091078879796364,0.5091078879796364,0.5091078879796364
AAPL|2018-03-26 13:30:00+00:00,AAPL,2018-03-26,2018-03,train_forward_oof,1,1,1,7,7,0,0.6875803491105033,0.6875803491105033,0.6875803491105033,0.6875803491105033,0.6875803491105033,0.6875803491105033,0.6875803491105033,0.6875803491105033
AMZN|2018-03-26 13:30:00+00:00,AMZN,2018-03-26,2018-03,train_forward_oof,1,0,0,0,0,0,0.6370048549665999,0.6370048549665999,0.6370048549665999,0.6370048549665999,0.6370048549665999,0.6370048549665999,0.6370048549665999,0.6370048549665999
AAPL|2018-03-26 14:30:00+00:00,AAPL,2018-03-26,2018-03,train_forward_oof,1,1,1,16,15,2,0.5487952212417863,0.5487952212417863,0.5487952212417863,0.5487952212417863,0.5487952212417863,0.5487952212417863,0.5487952212417863,0.5487952212417863
AMZN|2018-03-26 14:30:00+00:00,AMZN,2018-03-26,2018-03,train_forward_oof,1,0,0,0,0,0,0.4991707910539481,0.4991707910539481,0.4991707910539481,0.4991707910539481,0.4991707910539481,0.4991707910539481,0.4991707910539481,0.4991707910539481
AAPL|2018-03-26 15:30:00+00:00,AAPL,2018-03-26,2018-03,train_forward_oof,1,1,1,18,17,0,0.2471762611434241,0.2471762611434241,0.2471762611434241,0.2471762611434241,0.2471762611434241,0.2471762611434241,0.2471762611434241,0.2471762611434241
AMZN|2018-03-26 15:30:00+00:00,AMZN,2018-03-26,2018-03,train_forward_oof,1,0,0,0,0,0,0.0495212626912181,0.0495212626912181,0.0495212626912181,0.0495212626912181,0.0495212626912181,0.0495212626912181,0.0495212626912181,0.0495212626912181
AAPL|2018-03-27 13:30:00+00:00,AAPL,2018-03-27,2018-03,train_forward_oof,0,1,1,11,11,1,0.7081589735375156,0.7081589735375156,0.7081589735375156,0.7081589735375156,0.7081589735375156,0.7081589735375156,0.7081589735375156,0.7081589735375156
AMZN|2018-03-27 13:30:00+00:00,AMZN,2018-03-27,2018-03,train_forward_oof,0,1,1,2,2,0,0.4209372674868766,0.4209372674868766,0.4209372674868766,0.4209372674868766,0.4209372674868766,0.4209372674868766,0.4209372674868766,0.4209372674868766
AAPL|2018-03-27 14:30:00+00:00,AAPL,2018-03-27,2018-03,train_forward_oof,0,1,1,10,10,1,0.5556471856687358,0.5556471856687358,0.5556471856687358,0.5556471856687358,0.5556471856687358,0.5556471856687358,0.5556471856687358,0.5556471856687358
AMZN|2018-03-27 14:30:00+00:00,AMZN,2018-03-27,2018-03,train_forward_oof,0,1,1,2,2,0,0.4287398888479719,0.4287398888479719,0.4287398888479719,0.4287398888479719,0.4287398888479719,0.4287398888479719,0.4287398888479719,0.4287398888479719
AAPL|2018-03-27 15:30:00+00:00,AAPL,2018-03-27,2018-03,train_forward_oof,0,1,1,10,9,2,0.4070920988800339,0.4070920988800339,0.4070920988800339,0.4070920988800339,0.4070920988800339,0.4070920988800339,0.4070920988800339,0.4070920988800339
AMZN|2018-03-27 15:30:00+00:00,AMZN,2018-03-27,2018-03,train_forward_oof,0,1,1,2,2,0,0.5426628213729577,0.5426628213729577,0.5426628213729577,0.5426628213729577,0.5426628213729577,0.5426628213729577,0.5426628213729577,0.5426628213729577
AAPL|2018-03-28 13:30:00+00:00,AAPL,2018-03-28,2018-03,train_forward_oof,1,1,1,17,16,0,0.4050919950749835,0.4050919950749835,0.4050919950749835,0.4050919950749835,0.4050919950749835,0.4050919950749835,0.4050919950749835,0.4050919950749835
AMZN|2018-03-28 13:30:00+00:00,AMZN,2018-03-28,2018-03,train_forward_oof,0,0,0,0,0,0,0.2814206497752972,0.2814206497752972,0.2814206497752972,0.2814206497752972,0.2814206497752972,0.2814206497752972,0.2814206497752972,0.2814206497752972
AAPL|2018-03-28 14:30:00+00:00,AAPL,2018-03-28,2018-03,train_forward_oof,1,1,1,19,18,0,0.3019779454722953,0.3019779454722953,0.3019779454722953,0.3019779454722953,0.3019779454722953,0.3019779454722953,0.3019779454722953,0.3019779454722953
AMZN|2018-03-28 14:30:00+00:00,AMZN,2018-03-28,2018-03,train_forward_oof,1,1,1,1,1,0,0.37355036078411,0.37355036078411,0.37355036078411,0.37355036078411,0.37355036078411,0.37355036078411,0.37355036078411,0.37355036078411
AAPL|2018-03-28 15:30:00+00:00,AAPL,2018-03-28,2018-03,train_forward_oof,1,1,1,23,22,0,0.0919876054631702,0.0919876054631702,0.0919876054631702,0.0919876054631702,0.0919876054631702,0.0919876054631702,0.0919876054631702,0.0919876054631702
AMZN|2018-03-28 15:30:00+00:00,AMZN,2018-03-28,2018-03,train_forward_oof,1,1,1,3,2,0,0.2485957461801086,0.2485957461801086,0.2485957461801086,0.2485957461801086,0.2485957461801086,0.2485957461801086,0.2485957461801086,0.2485957461801086
AAPL|2018-03-29 13:30:00+00:00,AAPL,2018-03-29,2018-03,train_forward_oof,1,1,1,13,13,0,0.5720803992666501,0.5720803992666501,0.5720803992666501,0.5720803992666501,0.5720803992666501,0.5720803992666501,0.5720803992666501,0.5720803992666501
AMZN|2018-03-29 13:30:00+00:00,AMZN,2018-03-29,2018-03,train_forward_oof,1,0,0,0,0,0,0.196431477579485,0.196431477579485,0.196431477579485,0.196431477579485,0.196431477579485,0.196431477579485,0.196431477579485,0.196431477579485
AAPL|2018-03-29 14:30:00+00:00,AAPL,2018-03-29,2018-03,train_forward_oof,1,1,1,15,15,0,0.439971555861703,0.439971555861703,0.439971555861703,0.439971555861703,0.439971555861703,0.439971555861703,0.439971555861703,0.439971555861703
AMZN|2018-03-29 14:30:00+00:00,AMZN,2018-03-29,2018-03,train_forward_oof,1,0,0,0,0,0,0.2470652373513473,0.2470652373513473,0.2470652373513473,0.2470652373513473,0.2470652373513473,0.2470652373513473,0.2470652373513473,0.2470652373513473
AAPL|2018-03-29 15:30:00+00:00,AAPL,2018-03-29,2018-03,train_forward_oof,1,1,1,17,17,0,0.4040102473771644,0.4040102473771644,0.4040102473771644,0.4040102473771644,0.4040102473771644,0.4040102473771644,0.4040102473771644,0.4040102473771644
AMZN|2018-03-29 15:30:00+00:00,AMZN,2018-03-29,2018-03,train_forward_oof,1,0,0,0,0,0,0.631192829328596,0.631192829328596,0.631192829328596,0.631192829328596,0.631192829328596,0.631192829328596,0.631192829328596,0.631192829328596
AAPL|2018-04-02 13:30:00+00:00,AAPL,2018-04-02,2018-04,train_forward_oof,0,1,1,14,13,0,0.5970506070425171,0.615721684426481,0.5970506070425171,0.5970506070425171,0.5970506070425171,0.6155013578530673,0.6165334814141268,0.6151393478682102
AMZN|2018-04-02 13:30:00+00:00,AMZN,2018-04-02,2018-04,train_forward_oof,0,1,1,1,1,0,0.6662757432877617,0.5799469078343688,0.6662757432877617,0.6662757432877617,0.6662757432877617,0.5808795980497404,0.5804884725852728,0.5832429891920513
AAPL|2018-04-02 14:30:00+00:00,AAPL,2018-04-02,2018-04,train_forward_oof,0,1,1,16,14,3,0.5972426358907728,0.6188274939449236,0.5972426358907728,0.5373990616502407,0.5123453571169574,0.5617615458659887,0.5374044176373947,0.5127259359989527
AMZN|2018-04-02 14:30:00+00:00,AMZN,2018-04-02,2018-04,train_forward_oof,0,1,1,1,1,0,0.6746337970580174,0.5891337742011341,0.6746337970580174,0.6746337970580174,0.6746337970580174,0.5900604847053948,0.589671874781154,0.5924084317027911
AAPL|2018-04-02 15:30:00+00:00,AAPL,2018-04-02,2018-04,train_forward_oof,0,1,1,15,13,0,0.5441662664817108,0.5624628603303613,0.5441662664817108,0.5441662664817108,0.5441662664817108,0.5619643461082169,0.563302544362338,0.5564940253552643
AMZN|2018-04-02 15:30:00+00:00,AMZN,2018-04-02,2018-04,train_forward_oof,0,1,1,1,1,0,0.5343311035602311,0.44243333903199217,0.5343311035602311,0.5343311035602311,0.5343311035602311,0.4433783097531581,0.4429819132539228,0.44577728260197835
AAPL|2018-04-03 13:30:00+00:00,AAPL,2018-04-03,2018-04,train_forward_oof,0,1,1,9,9,0,0.5685678256433703,0.5706515420393115,0.5685678256433703,0.5685678256433703,0.5685678256433703,0.5711289729740591,0.57155239140117,0.5768939783941387
AMZN|2018-04-03 13:30:00+00:00,AMZN,2018-04-03,2018-04,train_forward_oof,0,1,1,1,1,0,0.4531060028812371,0.36425068836866,0.4531060028812371,0.4531060028812371,0.4531060028812371,0.3651380284032253,0.3647657421095373,0.36739308562512457
AAPL|2018-04-03 14:30:00+00:00,AAPL,2018-04-03,2018-04,train_forward_oof,1,1,1,13,12,0,0.4978160787783274,0.512832713274779,0.4978160787783274,0.4978160787783274,0.4978160787783274,0.5125690562817707,0.5136607868973487,0.5109003336475372
AMZN|2018-04-03 14:30:00+00:00,AMZN,2018-04-03,2018-04,train_forward_oof,0,1,1,3,1,0,0.4532050140244483,0.35700981633257883,0.4532050140244483,0.4532050140244483,0.4532050140244483,0.3562307094023392,0.3579190628181419,0.40441079253024015
AAPL|2018-04-03 15:30:00+00:00,AAPL,2018-04-03,2018-04,train_forward_oof,1,1,1,14,12,0,0.4763369228891946,0.4901948549843324,0.4763369228891946,0.4763369228891946,0.4763369228891946,0.4896284882521758,0.49101317971074887,0.4823581828287898
AMZN|2018-04-03 15:30:00+00:00,AMZN,2018-04-03,2018-04,train_forward_oof,1,1,1,4,2,0,0.4432833284446695,0.36982966751331625,0.4432833284446695,0.4432833284446695,0.4432833284446695,0.368849301894695,0.3705216827259206,0.40987175141163906
AAPL|2018-04-04 13:30:00+00:00,AAPL,2018-04-04,2018-04,train_forward_oof,1,1,1,11,11,0,0.6509314263486221,0.6624834026924251,0.6509314263486221,0.6509314263486221,0.6509314263486221,0.662871421969869,0.663342048613276,0.6693448528685739
AMZN|2018-04-04 13:30:00+00:00,AMZN,2018-04-04,2018-04,train_forward_oof,1,1,1,1,1,2,0.4126517277100899,0.32698637253924934,0.4126517277100899,0.34698746004510683,0.3129541620219695,0.2722256941692963,0.24154894930153614,0.25872416362592277
AAPL|2018-04-04 14:30:00+00:00,AAPL,2018-04-04,2018-04,train_forward_oof,1,1,1,17,17,0,0.5687908412371095,0.6042548772715547,0.5406111322090152,0.5687908412371095,0.5687908412371095,0.578414385827573,0.5794474784504973,0.5832818998783098
AMZN|2018-04-04 14:30:00+00:00,AMZN,2018-04-04,2018-04,train_forward_oof,1,1,1,1,1,2,0.4218499302730674,0.3353653562777131,0.4218499302730674,0.3541615043075941,0.3213315423712842,0.2786169984956629,0.24884465020569882,0.26628400870695595
AAPL|2018-04-04 15:30:00+00:00,AAPL,2018-04-04,2018-04,train_forward_oof,1,1,1,18,18,0,0.5589981446730905,0.5977453138674204,0.5307064893666166,0.5589981446730905,0.5589981446730905,0.5717655233063429,0.5728302919546598,0.5770539016768366
AMZN|2018-04-04 15:30:00+00:00,AMZN,2018-04-04,2018-04,train_forward_oof,1,1,1,1,1,2,0.4118345882782112,0.3262446441475641,0.4118345882782112,0.3451181716391505,0.3080837823522275,0.27065818854816454,0.23738630050763834,0.25507521478193257
AAPL|2018-04-05 13:30:00+00:00,AAPL,2018-04-05,2018-04,train_forward_oof,1,1,1,9,9,3,0.5627883551035653,0.5648786229712767,0.5627883551035653,0.48959158471943215,0.45905188138259495,0.49591169383392475,0.46475872005604,0.4476362237062507
AMZN|2018-04-05 13:30:00+00:00,AMZN,2018-04-05,2018-04,train_forward_oof,1,1,1,1,1,0,0.4449681398451645,0.3566679121099928,0.4449681398451645,0.4449681398451645,0.4449681398451645,0.35754716877361387,0.3571782676619161,0.3597819131270925
AAPL|2018-04-05 14:30:00+00:00,AAPL,2018-04-05,2018-04,train_forward_oof,1,1,1,10,10,3,0.5637081851771455,0.5712787885869703,0.5571152527939739,0.49370693311424907,0.463612854266434,0.4969797648791311,0.4665321807493012,0.44894097621044743
AMZN|2018-04-05 14:30:00+00:00,AMZN,2018-04-05,2018-04,train_forward_oof,1,0,0,0,0,0,0.5652490968028586,0.5652490968028586,0.5652490968028586,0.5652490968028586,0.5652490968028586,0.5652490968028586,0.5652490968028586,0.5652490968028586
AAPL|2018-04-05 15:30:00+00:00,AAPL,2018-04-05,2018-04,train_forward_oof,1,1,1,10,10,3,0.6060737458543609,0.613413364437998,0.5996663564633081,0.5636682242207096,0.5259312891481087,0.5639586930640063,0.525594900787289,0.5112857898354269
AMZN|2018-04-05 15:30:00+00:00,AMZN,2018-04-05,2018-04,train_forward_oof,1,0,0,0,0,0,0.5880307891642302,0.5880307891642302,0.5880307891642302,0.5880307891642302,0.5880307891642302,0.5880307891642302,0.5880307891642302,0.5880307891642302
AAPL|2018-04-06 13:30:00+00:00,AAPL,2018-04-06,2018-04,train_forward_oof,0,1,1,10,10,3,0.5747126605971431,0.5822338273875176,0.5747126605971431,0.5246251094378264,0.5086814506861642,0.5343190300288424,0.5183573244293671,0.5095307860395354
AMZN|2018-04-06 13:30:00+00:00,AMZN,2018-04-06,2018-04,train_forward_oof,1,1,1,1,1,0,0.5229220594872961,0.43116966534197393,0.5229220594872961,0.5229220594872961,0.5229220594872961,0.43210922291160725,0.43171508724995533,0.4344948177748125
AAPL|2018-04-06 14:30:00+00:00,AAPL,2018-04-06,2018-04,train_forward_oof,0,1,1,17,16,0,0.4648545977832244,0.49638002025805933,0.4648545977832244,0.4648545977832244,0.4648545977832244,0.49627728452498693,0.4973391424859563,0.49964171069883384
AMZN|2018-04-06 14:30:00+00:00,AMZN,2018-04-06,2018-04,train_forward_oof,0,1,1,2,1,0,0.5323504210752423,0.43138116496970047,0.5323504210752423,0.5323504210752423,0.5323504210752423,0.43100851313917593,0.4322333050597228,0.46981961538293293
AAPL|2018-04-06 15:30:00+00:00,AAPL,2018-04-06,2018-04,train_forward_oof,0,1,1,20,19,0,0.4425190327060513,0.4836219674059149,0.4425190327060513,0.4425190327060513,0.4425190327060513,0.4835340207354002,0.48462757871957013,0.489082244550183
AMZN|2018-04-06 15:30:00+00:00,AMZN,2018-04-06,2018-04,train_forward_oof,0,1,1,2,1,0,0.5396200661930669,0.4385650577166421,0.5396200661930669,0.5396200661930669,0.5396200661930669,0.43819098240725507,0.4394204221820409,0.4771065284258213
AAPL|2018-04-09 13:30:00+00:00,AAPL,2018-04-09,2018-04,train_forward_oof,1,1,1,10,8,0,0.611149846357003,0.6016661497708391,0.611149846357003,0.611149846357003,0.611149846357003,0.6005903220442134,0.6021985630770006,0.5825699059936366
AMZN|2018-04-09 13:30:00+00:00,AMZN,2018-04-09,2018-04,train_forward_oof,1,1,1,1,1,2,0.3640491865144141,0.28360173633673985,0.3640491865144141,0.3079875945109808,0.27476179958376695,0.23801899051575756,0.2088860468782954,0.22387424938790712
AAPL|2018-04-09 14:30:00+00:00,AAPL,2018-04-09,2018-04,train_forward_oof,1,1,1,9,8,0,0.575594092457732,0.5682324257170335,0.575594092457732,0.575594092457732,0.575594092457732,0.5678402258304689,0.5689219478764692,0.5597861915142581
AMZN|2018-04-09 14:30:00+00:00,AMZN,2018-04-09,2018-04,train_forward_oof,0,1,1,1,1,2,0.3728517466615756,0.29135026482103393,0.3728517466615756,0.31592696175522256,0.2663775185411229,0.2448026262670062,0.20156911206046377,0.218915297381446
AAPL|2018-04-09 15:30:00+00:00,AAPL,2018-04-09,2018-04,train_forward_oof,0,1,1,11,11,0,0.417919318718241,0.4304352020049404,0.417919318718241,0.417919318718241,0.417919318718241,0.43086080924316206,0.4313774865430613,0.43801225373391733
AMZN|2018-04-09 15:30:00+00:00,AMZN,2018-04-09,2018-04,train_forward_oof,0,1,1,1,1,2,0.3456107946209413,0.2675238398050095,0.3456107946209413,0.29167337375706964,0.24995054874390898,0.224168747769521,0.18820436455941258,0.20365078740973508
AAPL|2018-04-10 13:30:00+00:00,AAPL,2018-04-10,2018-04,train_forward_oof,0,1,1,4,4,0,0.539267610248523,0.5008464572046085,0.539267610248523,0.539267610248523,0.539267610248523,0.501536195348709,0.5016093140015186,0.5021745539665542
AMZN|2018-04-10 13:30:00+00:00,AMZN,2018-04-10,2018-04,train_forward_oof,0,0,0,0,0,0,0.4605732629485885,0.4605732629485885,0.4605732629485885,0.4605732629485885,0.4605732629485885,0.4605732629485885,0.4605732629485885,0.4605732629485885
AAPL|2018-04-10 14:30:00+00:00,AAPL,2018-04-10,2018-04,train_forward_oof,0,1,1,10,10,3,0.5266754388271384,0.5343578323896604,0.5266754388271384,0.5026370558319798,0.4719265885752344,0.5105061422360362,0.47918425133394277,0.47343744510248875
AMZN|2018-04-10 14:30:00+00:00,AMZN,2018-04-10,2018-04,train_forward_oof,1,0,0,0,0,0,0.4664002844879732,0.4664002844879732,0.4664002844879732,0.4664002844879732,0.4664002844879732,0.4664002844879732,0.4664002844879732,0.4664002844879732
AAPL|2018-04-10 15:30:00+00:00,AAPL,2018-04-10,2018-04,train_forward_oof,1,1,1,14,14,0,0.4524734403991841,0.4782335173023159,0.4524734403991841,0.4524734403991841,0.4524734403991841,0.47860159031183563,0.47924272531221085,0.4875597821367593
AMZN|2018-04-10 15:30:00+00:00,AMZN,2018-04-10,2018-04,train_forward_oof,1,1,1,1,1,0,0.474336066300801,0.3842425550784194,0.474336066300801,0.474336066300801,0.474336066300801,0.3851490923439825,0.38476876870298,0.3874523119545728
AAPL|2018-04-11 13:30:00+00:00,AAPL,2018-04-11,2018-04,train_forward_oof,1,1,1,14,11,3,0.6516365995809511,0.6580501654980772,0.6516365995809511,0.6266939720506879,0.6129789112479876,0.6328403005960631,0.6204550692366737,0.5939170726393148
AMZN|2018-04-11 13:30:00+00:00,AMZN,2018-04-11,2018-04,train_forward_oof,1,0,0,0,0,0,0.50726642236242,0.50726642236242,0.50726642236242,0.50726642236242,0.50726642236242,0.50726642236242,0.50726642236242,0.50726642236242
AAPL|2018-04-11 14:30:00+00:00,AAPL,2018-04-11,2018-04,train_forward_oof,1,1,1,13,13,0,0.6644468876186951,0.6836420697770853,0.6644468876186951,0.6644468876186951,0.6644468876186951,0.6839784273082614,0.6845026065635149,0.691234732140723
AMZN|2018-04-11 14:30:00+00:00,AMZN,2018-04-11,2018-04,train_forward_oof,0,0,0,0,0,0,0.5269955421349779,0.5269955421349779,0.5269955421349779,0.5269955421349779,0.5269955421349779,0.5269955421349779,0.5269955421349779,0.5269955421349779
AAPL|2018-04-11 15:30:00+00:00,AAPL,2018-04-11,2018-04,train_forward_oof,0,1,1,15,14,3,0.6593972789315904,0.6805617899649996,0.6593972789315904,0.615974587861348,0.5901411360060352,0.6394502103795281,0.6143339253587101,0.5990223345170138
AMZN|2018-04-11 15:30:00+00:00,AMZN,2018-04-11,2018-04,train_forward_oof,0,0,0,0,0,0,0.5131465164544459,0.5131465164544459,0.5131465164544459,0.5131465164544459,0.5131465164544459,0.5131465164544459,0.5131465164544459,0.5131465164544459
AAPL|2018-04-12 13:30:00+00:00,AAPL,2018-04-12,2018-04,train_forward_oof,1,1,1,5,4,0,0.5465165622083056,0.5023826023977983,0.5924777869074976,0.5465165622083056,0.5465165622083056,0.5457873208352502,0.5469498811976635,0.5345124156486148
AMZN|2018-04-12 13:30:00+00:00,AMZN,2018-04-12,2018-04,train_forward_oof,1,0,0,0,0,0,0.4601712017247106,0.4601712017247106,0.4601712017247106,0.4601712017247106,0.4601712017247106,0.4601712017247106,0.4601712017247106,0.4601712017247106
AAPL|2018-04-12 14:30:00+00:00,AAPL,2018-04-12,2018-04,train_forward_oof,0,1,1,12,12,0,0.6369776109681701,0.6530064730512193,0.7205091665010047,0.6369776109681701,0.6369776109681701,0.7308393334716132,0.730899731650433,0.7515190236293532
AMZN|2018-04-12 14:30:00+00:00,AMZN,2018-04-12,2018-04,train_forward_oof,0,0,0,0,0,0,0.4808374711448478,0.4808374711448478,0.4808374711448478,0.4808374711448478,0.4808374711448478,0.4808374711448478,0.4808374711448478,0.4808374711448478
AAPL|2018-04-12 15:30:00+00:00,AAPL,2018-04-12,2018-04,train_forward_oof,1,1,1,16,14,0,0.6162366802273301,0.6379004928468494,0.7885227841994055,0.6162366802273301,0.6162366802273301,0.7980784290890051,0.7982826549541285,0.8230290584964155
AMZN|2018-04-12 15:30:00+00:00,AMZN,2018-04-12,2018-04,train_forward_oof,1,0,0,0,0,0,0.4831700321882864,0.4831700321882864,0.4831700321882864,0.4831700321882864,0.4831700321882864,0.4831700321882864,0.4831700321882864,0.4831700321882864
AAPL|2018-04-13 13:30:00+00:00,AAPL,2018-04-13,2018-04,train_forward_oof,1,1,1,13,13,0,0.638496228961583,0.6584127391696865,0.638496228961583,0.638496228961583,0.638496228961583,0.6587625317410725,0.6593077028770121,0.666315362874617
AMZN|2018-04-13 13:30:00+00:00,AMZN,2018-04-13,2018-04,train_forward_oof,0,0,0,0,0,0,0.4952026644189087,0.4952026644189087,0.4952026644189087,0.4952026644189087,0.4952026644189087,0.4952026644189087,0.4952026644189087,0.4952026644189087
AAPL|2018-04-13 14:30:00+00:00,AAPL,2018-04-13,2018-04,train_forward_oof,1,1,1,15,13,0,0.6665066020396857,0.6822934947094831,0.6665066020396857,0.6665066020396857,0.6665066020396857,0.681699777199942,0.6829669352384117,0.675417592986053
AMZN|2018-04-13 14:30:00+00:00,AMZN,2018-04-13,2018-04,train_forward_oof,0,0,0,0,0,0,0.5281244372068938,0.5281244372068938,0.5281244372068938,0.5281244372068938,0.5281244372068938,0.5281244372068938,0.5281244372068938,0.5281244372068938
AAPL|2018-04-13 15:30:00+00:00,AAPL,2018-04-13,2018-04,train_forward_oof,0,1,1,14,12,0,0.5666084103170754,0.5798222877788688,0.5666084103170754,0.5666084103170754,0.5666084103170754,0.5791495095722661,0.5805683890887342,0.5709158909881128
AMZN|2018-04-13 15:30:00+00:00,AMZN,2018-04-13,2018-04,train_forward_oof,0,0,0,0,0,0,0.5001294956559369,0.5001294956559369,0.5001294956559369,0.5001294956559369,0.5001294956559369,0.5001294956559369,0.5001294956559369,0.5001294956559369
AAPL|2018-04-16 13:30:00+00:00,AAPL,2018-04-16,2018-04,train_forward_oof,1,1,1,5,5,0,0.643283637007637,0.6173655768860895,0.643283637007637,0.643283637007637,0.643283637007637,0.6179668012551947,0.6181250353015124,0.6198733220867412
AMZN|2018-04-16 13:30:00+00:00,AMZN,2018-04-16,2018-04,train_forward_oof,1,0,0,0,0,0,0.5139442309814981,0.5139442309814981,0.5139442309814981,0.5139442309814981,0.5139442309814981,0.5139442309814981,0.5139442309814981,0.5139442309814981
AAPL|2018-04-16 14:30:00+00:00,AAPL,2018-04-16,2018-04,train_forward_oof,1,1,1,8,8,0,0.5756038679266842,0.5716411727248552,0.5756038679266842,0.5756038679266842,0.5756038679266842,0.5721484708811022,0.5725182010776797,0.5771301975123649
AMZN|2018-04-16 14:30:00+00:00,AMZN,2018-04-16,2018-04,train_forward_oof,0,0,0,0,0,0,0.5257983170921693,0.5257983170921693,0.5257983170921693,0.5257983170921693,0.5257983170921693,0.5257983170921693,0.5257983170921693,0.5257983170921693
AAPL|2018-04-16 15:30:00+00:00,AAPL,2018-04-16,2018-04,train_forward_oof,1,1,1,11,10,0,0.4974654563154957,0.5026651371495281,0.4974654563154957,0.4974654563154957,0.4974654563154957,0.5024744352100381,0.5034914075525736,0.49916200728051374
AMZN|2018-04-16 15:30:00+00:00,AMZN,2018-04-16,2018-04,train_forward_oof,1,1,1,1,1,0,0.4131202837014132,0.327411880385931,0.4131202837014132,0.4131202837014132,0.4131202837014132,0.3282558148667911,0.3279017104955545,0.3304016353092795
AAPL|2018-04-17 13:30:00+00:00,AAPL,2018-04-17,2018-04,train_forward_oof,1,1,1,7,6,0,0.528143546056052,0.5044460608853621,0.5358101298932113,0.528143546056052,0.528143546056052,0.5114805174254673,0.512825058360433,0.4983090953438077
AMZN|2018-04-17 13:30:00+00:00,AMZN,2018-04-17,2018-04,train_forward_oof,1,1,1,1,1,0,0.4679270814242333,0.37817511488499633,0.4679270814242333,0.4679270814242333,0.4679270814242333,0.3790761499049863,0.37869812954457854,0.3813655785265018
AAPL|2018-04-17 14:30:00+00:00,AAPL,2018-04-17,2018-04,train_forward_oof,1,1,1,8,7,0,0.5219027293566975,0.5070196487932447,0.5219027293566975,0.5219027293566975,0.5219027293566975,0.5065329516840416,0.507668450149896,0.4957246440438249
AMZN|2018-04-17 14:30:00+00:00,AMZN,2018-04-17,2018-04,train_forward_oof,1,1,1,1,1,0,0.4773560209797199,0.38711132280090815,0.4773560209797199,0.4773560209797199,0.4773560209797199,0.38802036329019135,0.387638991893796,0.39032985290600536
AAPL|2018-04-17 15:30:00+00:00,AAPL,2018-04-17,2018-04,train_forward_oof,1,1,1,16,15,3,0.5015250765455749,0.5291141163467,0.5015250765455749,0.4650334683886121,0.4239688990374226,0.49106974520351593,0.44935971183849605,0.43172805193995556
AMZN|2018-04-17 15:30:00+00:00,AMZN,2018-04-17,2018-04,train_forward_oof,1,1,1,2,2,2,0.2973543618393887,0.24347893869825546,0.2973543618393887,0.269560417242388,0.23786301909135701,0.21934844560296404,0.19100913367268707,0.20081029586989516
AAPL|2018-04-18 13:30:00+00:00,AAPL,2018-04-18,2018-04,train_forward_oof,1,1,1,12,12,0,0.6173439912782692,0.6337412910661553,0.6173439912782692,0.6173439912782692,0.6173439912782692,0.6341224021967454,0.6346495009654863,0.6414073448180638
AMZN|2018-04-18 13:30:00+00:00,AMZN,2018-04-18,2018-04,train_forward_oof,1,1,1,1,1,0,0.2695934458362302,0.20334473120343727,0.2695934458362302,0.2695934458362302,0.2695934458362302,0.2039658504755749,0.20370516464302604,0.20554779700544304
AAPL|2018-04-18 14:30:00+00:00,AAPL,2018-04-18,2018-04,train_forward_oof,1,1,1,12,12,0,0.5896265446600499,0.606454417443117,0.6582556804055512,0.5896265446600499,0.5896265446600499,0.6729068713692483,0.6733181425967567,0.693818542262721
AMZN|2018-04-18 14:30:00+00:00,AMZN,2018-04-18,2018-04,train_forward_oof,1,1,1,1,1,0,0.2771072850430707,0.20954185995875124,0.2771072850430707,0.2771072850430707,0.2771072850430707,0.21017691446134318,0.20991038364106004,0.21179421672713009
AAPL|2018-04-18 15:30:00+00:00,AAPL,2018-04-18,2018-04,train_forward_oof,1,1,1,16,16,0,0.6309685894379337,0.6613418595427757,0.6962456319972967,0.6309685894379337,0.6309685894379337,0.7227002630726772,0.723185993596553,0.743206682569127
AMZN|2018-04-18 15:30:00+00:00,AMZN,2018-04-18,2018-04,train_forward_oof,1,0,0,0,0,0,0.496837719754403,0.496837719754403,0.496837719754403,0.496837719754403,0.496837719754403,0.496837719754403,0.496837719754403,0.496837719754403
AAPL|2018-04-19 13:30:00+00:00,AAPL,2018-04-19,2018-04,train_forward_oof,0,1,1,14,14,3,0.6990297017456195,0.7203588993674868,0.6990297017456195,0.6799220389329084,0.6574487711461031,0.7025948379547821,0.6807647285753394,0.6790782241683413
AMZN|2018-04-19 13:30:00+00:00,AMZN,2018-04-19,2018-04,train_forward_oof,1,1,1,1,1,0,0.2937147070923534,0.22335109573426667,0.2937147070923534,0.2937147070923534,0.2937147070923534,0.22401614092428448,0.22373703166140188,0.2257095029118273
AAPL|2018-04-19 14:30:00+00:00,AAPL,2018-04-19,2018-04,train_forward_oof,0,1,1,22,20,3,0.5986325655789169,0.6395342662577175,0.5986325655789169,0.574256172103095,0.5314276613514866,0.6131901613175896,0.5712272457976091,0.555873073402972
AMZN|2018-04-19 14:30:00+00:00,AMZN,2018-04-19,2018-04,train_forward_oof,0,1,1,1,1,0,0.3016232087664967,0.22998192319492172,0.3016232087664967,0.3016232087664967,0.3016232087664967,0.2306608483765933,0.23037591809764293,0.2323893962667623
AAPL|2018-04-19 15:30:00+00:00,AAPL,2018-04-19,2018-04,train_forward_oof,0,1,1,27,25,2,0.6174456871290256,0.669106843925136,0.6174456871290256,0.5583150226195461,0.5241089894109613,0.6136822919962039,0.5806447588983904,0.5639599910625485
AMZN|2018-04-19 15:30:00+00:00,AMZN,2018-04-19,2018-04,train_forward_oof,1,1,1,1,1,0,0.297320556292319,0.22636997692078484,0.297320556292319,0.297320556292319,0.297320556292319,0.2270413832811161,0.22675960622522742,0.22875087214471754
AAPL|2018-04-20 13:30:00+00:00,AAPL,2018-04-20,2018-04,train_forward_oof,0,1,1,13,13,0,0.6883479510015608,0.7067792508260471,0.7681111351726757,0.6883479510015608,0.6883479510015608,0.7805503599698835,0.7806656423488695,0.8000700516727668
AMZN|2018-04-20 13:30:00+00:00,AMZN,2018-04-20,2018-04,train_forward_oof,0,1,1,2,2,0,0.3600718017768151,0.2996795416579411,0.3284661882609402,0.3600718017768151,0.3600718017768151,0.27407778523029436,0.2741605547994707,0.2798397112900084
AAPL|2018-04-20 14:30:00+00:00,AAPL,2018-04-20,2018-04,train_forward_oof,0,1,1,27,26,0,0.7483557542309829,0.7902194606434864,0.8615675012529502,0.7483557542309829,0.7483557542309829,0.8847442950642125,0.8849668599313489,0.9028234668623875
AMZN|2018-04-20 14:30:00+00:00,AMZN,2018-04-20,2018-04,train_forward_oof,0,1,1,4,4,0,0.2169401007139273,0.19191779769045125,0.19408753646590587,0.2169401007139273,0.2169401007139273,0.17315927706803272,0.1733704971171599,0.17591233620644223
AAPL|2018-04-20 15:30:00+00:00,AAPL,2018-04-20,2018-04,train_forward_oof,0,1,1,38,35,1,0.7339819940797192,0.7884010499994665,0.9067873379478303,0.6958622873534923,0.6747353835576533,0.9131702741643195,0.904855066551694,0.92316711577106
AMZN|2018-04-20 15:30:00+00:00,AMZN,2018-04-20,2018-04,train_forward_oof,0,1,1,3,3,0,0.2683841828695629,0.2298495708296381,0.24178574752594323,0.2683841828695629,0.2683841828695629,0.20838239787027213,0.20854940737416489,0.21225725594741088
AAPL|2018-04-23 13:30:00+00:00,AAPL,2018-04-23,2018-04,train_forward_oof,0,1,1,15,15,3,0.5057599707946774,0.5353740205894421,0.5057599707946774,0.46271606024992024,0.42166542094505505,0.49194655199751075,0.44976935233732845,0.43898550968650557
AMZN|2018-04-23 13:30:00+00:00,AMZN,2018-04-23,2018-04,train_forward_oof,0,0,0,0,0,0,0.5312135674380021,0.5312135674380021,0.5312135674380021,0.5312135674380021,0.5312135674380021,0.5312135674380021,0.5312135674380021,0.5312135674380021
AAPL|2018-04-23 14:30:00+00:00,AAPL,2018-04-23,2018-04,train_forward_oof,0,1,1,14,14,3,0.478551272820666,0.5044282137822191,0.478551272820666,0.4170042361224058,0.3980992560579391,0.44480356046608294,0.4255421583146129,0.41583346176406677
AMZN|2018-04-23 14:30:00+00:00,AMZN,2018-04-23,2018-04,train_forward_oof,0,1,1,1,1,0,0.4576429463971672,0.36849740987128293,0.4576429463971672,0.4576429463971672,0.4576429463971672,0.3693890842855565,0.3690149830228054,0.37165502617944274
AAPL|2018-04-23 15:30:00+00:00,AAPL,2018-04-23,2018-04,train_forward_oof,0,1,1,21,20,0,0.4340878884113329,0.47768652341347717,0.4413224385260837,0.4340878884113329,0.4340878884113329,0.48385387393552903,0.484939280054722,0.49032558472458393
AMZN|2018-04-23 15:30:00+00:00,AMZN,2018-04-23,2018-04,train_forward_oof,0,1,1,1,1,0,0.4022870847813742,0.31760987981823574,0.4022870847813742,0.4022870847813742,0.4022870847813742,0.3184405108533584,0.3180919808428478,0.32055278653802216
AAPL|2018-04-24 13:30:00+00:00,AAPL,2018-04-24,2018-04,train_forward_oof,0,0,0,0,0,0,0.6148034229906966,0.6148034229906966,0.6148034229906966,0.6148034229906966,0.6148034229906966,0.6148034229906966,0.6148034229906966,0.6148034229906966
AMZN|2018-04-24 13:30:00+00:00,AMZN,2018-04-24,2018-04,train_forward_oof,0,0,0,0,0,0,0.4771362371711052,0.4771362371711052,0.4771362371711052,0.4771362371711052,0.4771362371711052,0.4771362371711052,0.4771362371711052,0.4771362371711052
AAPL|2018-04-24 14:30:00+00:00,AAPL,2018-04-24,2018-04,train_forward_oof,0,0,0,0,0,0,0.5184100734547394,0.5184100734547394,0.5184100734547394,0.5184100734547394,0.5184100734547394,0.5184100734547394,0.5184100734547394,0.5184100734547394
AMZN|2018-04-24 14:30:00+00:00,AMZN,2018-04-24,2018-04,train_forward_oof,0,0,0,0,0,0,0.5400600325112586,0.5400600325112586,0.5400600325112586,0.5400600325112586,0.5400600325112586,0.5400600325112586,0.5400600325112586,0.5400600325112586
AAPL|2018-04-24 15:30:00+00:00,AAPL,2018-04-24,2018-04,train_forward_oof,0,0,0,0,0,0,0.4800766764826932,0.4800766764826932,0.4800766764826932,0.4800766764826932,0.4800766764826932,0.4800766764826932,0.4800766764826932,0.4800766764826932
AMZN|2018-04-24 15:30:00+00:00,AMZN,2018-04-24,2018-04,train_forward_oof,0,0,0,0,0,0,0.5217485271698652,0.5217485271698652,0.5217485271698652,0.5217485271698652,0.5217485271698652,0.5217485271698652,0.5217485271698652,0.5217485271698652
AAPL|2018-04-25 13:30:00+00:00,AAPL,2018-04-25,2018-04,train_forward_oof,1,1,1,12,11,0,0.5683982863902498,0.5782007493781355,0.5683982863902498,0.5683982863902498,0.5683982863902498,0.5778800812530066,0.5789657163629519,0.5745872748936727
AMZN|2018-04-25 13:30:00+00:00,AMZN,2018-04-25,2018-04,train_forward_oof,0,1,1,3,2,0,0.4652211569317604,0.3896312896033615,0.4652211569317604,0.4652211569317604,0.4652211569317604,0.38853889741053516,0.3900027959639342,0.42459343861880555
AAPL|2018-04-25 14:30:00+00:00,AAPL,2018-04-25,2018-04,train_forward_oof,0,1,1,17,16,0,0.5518119176556983,0.5824371365396644,0.5534758778171636,0.5518119176556983,0.5518119176556983,0.5826399374821487,0.583634641837982,0.5846495339144492
AMZN|2018-04-25 14:30:00+00:00,AMZN,2018-04-25,2018-04,train_forward_oof,1,1,1,3,2,0,0.4746442113278519,0.3986646488290468,0.4746442113278519,0.4746442113278519,0.4746442113278519,0.3975634265653826,0.39903913734125357,0.4338612015635863
AAPL|2018-04-25 15:30:00+00:00,AAPL,2018-04-25,2018-04,train_forward_oof,0,1,1,17,15,0,0.4673366544513761,0.49415002024368804,0.46901245028498634,0.4673366544513761,0.4673366544513761,0.4941941817707028,0.4953961665369183,0.49161359810219496
AMZN|2018-04-25 15:30:00+00:00,AMZN,2018-04-25,2018-04,train_forward_oof,0,1,1,3,2,0,0.4662123152938186,0.3905790231805102,0.4662123152938186,0.4662123152938186,0.4662123152938186,0.3894856694171645,0.39095085438773886,0.42556692025360326
AAPL|2018-04-26 13:30:00+00:00,AAPL,2018-04-26,2018-04,train_forward_oof,1,1,1,25,25,0,0.7178293421190566,0.76246453744357,0.7178293421190566,0.7178293421190566,0.7178293421190566,0.7626152282655044,0.7632860180967921,0.77199829108108
AMZN|2018-04-26 13:30:00+00:00,AMZN,2018-04-26,2018-04,train_forward_oof,1,1,1,1,1,0,0.6221229473073325,0.5323885240950362,0.6221229473073325,0.6221229473073325,0.6221229473073325,0.5333418423934014,0.5329420242305278,0.5357590595057004
AAPL|2018-04-26 14:30:00+00:00,AAPL,2018-04-26,2018-04,train_forward_oof,0,1,1,26,26,0,0.7176404430252452,0.7638952079542283,0.7190108585854793,0.7176404430252452,0.7176404430252452,0.7643616208356606,0.7649617768113361,0.7738262031030103
AMZN|2018-04-26 14:30:00+00:00,AMZN,2018-04-26,2018-04,train_forward_oof,1,1,1,1,1,0,0.4421899429236799,0.3540893103130765,0.4421899429236799,0.4421899429236799,0.4421899429236799,0.3549657176299244,0.3545980098818387,0.35719329795440363
AAPL|2018-04-26 15:30:00+00:00,AAPL,2018-04-26,2018-04,train_forward_oof,0,1,1,30,30,3,0.6801056654952976,0.736530741259762,0.681577422408485,0.6587309933038049,0.6305881187180367,0.7175387994599532,0.6918427737399031,0.6930431823345766
AMZN|2018-04-26 15:30:00+00:00,AMZN,2018-04-26,2018-04,train_forward_oof,1,1,1,1,1,0,0.3675024220087846,0.2866358192783399,0.3675024220087846,0.3675024220087846,0.3675024220087846,0.28741956419461256,0.2870906847838296,0.2894134481399845
AAPL|2018-04-27 13:30:00+00:00,AAPL,2018-04-27,2018-04,train_forward_oof,0,1,1,18,17,3,0.7390244333424053,0.7649510920176081,0.7390244333424053,0.6878379506548904,0.6624193656396712,0.720028857074204,0.6962344201343331,0.6812474038776145
AMZN|2018-04-27 13:30:00+00:00,AMZN,2018-04-27,2018-04,train_forward_oof,0,1,1,2,1,0,0.4951365680328192,0.3952598896911727,0.4951365680328192,0.4951365680328192,0.4951365680328192,0.394896771064814,0.3960903800561276,0.4329302897168254
AAPL|2018-04-27 14:30:00+00:00,AAPL,2018-04-27,2018-04,train_forward_oof,1,1,1,16,15,0,0.719958300054161,0.741713983078075,0.719958300054161,0.719958300054161,0.719958300054161,0.7415604025334646,0.7424051705260807,0.7428434327486644
AMZN|2018-04-27 14:30:00+00:00,AMZN,2018-04-27,2018-04,train_forward_oof,0,1,1,2,1,0,0.5045938238739317,0.4043372980154741,0.5045938238739317,0.5045938238739317,0.5045938238739317,0.40397141082309557,0.40517408245034947,0.4422401663729403
AAPL|2018-04-27 15:30:00+00:00,AAPL,2018-04-27,2018-04,train_forward_oof,1,1,1,16,15,3,0.6055910570440768,0.6317369451499796,0.6055910570440768,0.5566606017698372,0.5299030742104255,0.5851503567995241,0.5589395280337323,0.5427481158857597
AMZN|2018-04-27 15:30:00+00:00,AMZN,2018-04-27,2018-04,train_forward_oof,0,1,1,3,2,0,0.498167806675214,0.4207257689730817,0.498167806675214,0.498167806675214,0.498167806675214,0.4193666436575458,0.4210040549096042,0.45891022392566366
AAPL|2018-04-30 13:30:00+00:00,AAPL,2018-04-30,2018-04,train_forward_oof,1,1,1,17,17,3,0.727368876301145,0.7553994587035723,0.729354325699894,0.6841444855034117,0.6651430044733655,0.7189274685902856,0.7011913130512022,0.6961438163133836
AMZN|2018-04-30 13:30:00+00:00,AMZN,2018-04-30,2018-04,train_forward_oof,0,0,0,0,0,0,0.6027294105144332,0.6027294105144332,0.6027294105144332,0.6027294105144332,0.6027294105144332,0.6027294105144332,0.6027294105144332,0.6027294105144332
AAPL|2018-04-30 14:30:00+00:00,AAPL,2018-04-30,2018-04,train_forward_oof,0,1,1,22,22,3,0.6196803539090636,0.6664043244538778,0.6220425376239387,0.570183869150755,0.5433416700317225,0.623521393578491,0.5976369665303147,0.5928256090090681
AMZN|2018-04-30 14:30:00+00:00,AMZN,2018-04-30,2018-04,train_forward_oof,0,0,0,0,0,0,0.6244019550173613,0.6244019550173613,0.6244019550173613,0.6244019550173613,0.6244019550173613,0.6244019550173613,0.6244019550173613,0.6244019550173613
AAPL|2018-04-30 15:30:00+00:00,AAPL,2018-04-30,2018-04,train_forward_oof,0,1,1,26,26,0,0.5735531961197491,0.6312843280017862,0.693409395548677,0.5735531961197491,0.5735531961197491,0.7381124957714571,0.7383899005929746,0.7681895234365027
AMZN|2018-04-30 15:30:00+00:00,AMZN,2018-04-30,2018-04,train_forward_oof,0,1,1,1,1,0,0.4789436067840891,0.388621944760862,0.45688801133653756,0.4789436067840891,0.4789436067840891,0.3696577568949809,0.36938304878321554,0.37584327526697436
AAPL|2018-05-01 13:30:00+00:00,AAPL,2018-05-01,2018-05,train_forward_oof,1,1,1,19,18,3,0.6047519666620988,0.5913619817024651,0.6047170852549114,0.273507391359133,0.4150751965583514,0.1425425595122119,0.37076250108088116,0.5382103448932793
AMZN|2018-05-01 13:30:00+00:00,AMZN,2018-05-01,2018-05,train_forward_oof,1,0,0,0,0,0,0.6121204201494991,0.6121204201494991,0.6121204201494991,0.6121204201494991,0.6121204201494991,0.6121204201494991,0.6121204201494991,0.6121204201494991
AAPL|2018-05-01 14:30:00+00:00,AAPL,2018-05-01,2018-05,train_forward_oof,1,1,1,29,27,0,0.5699092091729873,0.5535771652738117,0.5698734398599071,0.5699092091729873,0.5699092091729873,0.33664106449473385,0.5454196502970285,0.5672239132138294
AMZN|2018-05-01 14:30:00+00:00,AMZN,2018-05-01,2018-05,train_forward_oof,1,0,0,0,0,0,0.6686875668349029,0.6686875668349029,0.6686875668349029,0.6686875668349029,0.6686875668349029,0.6686875668349029,0.6686875668349029,0.6686875668349029
AAPL|2018-05-01 15:30:00+00:00,AAPL,2018-05-01,2018-05,train_forward_oof,1,1,1,38,35,2,0.4330653407007369,0.4148253759958251,0.4330295127024539,0.12400786516763503,0.2615141681469024,0.12472471444809442,0.27528125557430216,0.36764349636273463
AMZN|2018-05-01 15:30:00+00:00,AMZN,2018-05-01,2018-05,train_forward_oof,1,1,1,1,1,0,0.5071282222944973,0.5033814173000596,0.5071282222944973,0.5071282222944973,0.5071282222944973,0.4918922828028987,0.4962326722945957,0.5020891525690362
AAPL|2018-05-02 13:30:00+00:00,AAPL,2018-05-02,2018-05,train_forward_oof,1,1,1,29,26,1,0.3968256334048442,0.3771722081403491,0.3381550148988589,0.1644336364558048,0.22462301383817201,0.004375948636437647,0.06522148158341905,0.26323663035617556
AMZN|2018-05-02 13:30:00+00:00,AMZN,2018-05-02,2018-05,train_forward_oof,0,0,0,0,0,0,0.4804669236401593,0.4804669236401593,0.4804669236401593,0.4804669236401593,0.4804669236401593,0.4804669236401593,0.4804669236401593,0.4804669236401593
AAPL|2018-05-02 14:30:00+00:00,AAPL,2018-05-02,2018-05,train_forward_oof,1,1,1,37,35,0,0.385483816710825,0.370814791774127,0.32924573486021486,0.385483816710825,0.385483816710825,0.01515727736215994,0.14646933064421147,0.32050530299234603
AMZN|2018-05-02 14:30:00+00:00,AMZN,2018-05-02,2018-05,train_forward_oof,0,0,0,0,0,0,0.4932801529669151,0.4932801529669151,0.4932801529669151,0.4932801529669151,0.4932801529669151,0.4932801529669151,0.4932801529669151,0.4932801529669151
AAPL|2018-05-02 15:30:00+00:00,AAPL,2018-05-02,2018-05,train_forward_oof,1,1,1,43,41,0,0.339857885590024,0.32646604949018904,0.2871656170150426,0.339857885590024,0.339857885590024,0.01286628151461344,0.12528133468373737,0.28046207601081213
AMZN|2018-05-02 15:30:00+00:00,AMZN,2018-05-02,2018-05,train_forward_oof,0,0,0,0,0,0,0.5478055922402425,0.5478055922402425,0.5478055922402425,0.5478055922402425,0.5478055922402425,0.5478055922402425,0.5478055922402425,0.5478055922402425
AAPL|2018-05-03 13:30:00+00:00,AAPL,2018-05-03,2018-05,train_forward_oof,1,1,1,23,23,3,0.5672201891318864,0.5580305947628914,0.5672201891318864,0.301970612962531,0.38261815974395974,0.3908275119290915,0.3869020786355372,0.5064038578743842
AMZN|2018-05-03 13:30:00+00:00,AMZN,2018-05-03,2018-05,train_forward_oof,1,1,1,2,2,0,0.4775194636804826,0.47287174705037066,0.4775194636804826,0.4775194636804826,0.4775194636804826,0.47565559618271713,0.472315345457866,0.4728600216609534
AAPL|2018-05-03 14:30:00+00:00,AAPL,2018-05-03,2018-05,train_forward_oof,1,1,1,23,22,2,0.551502702072526,0.5387780511926518,0.551502702072526,0.1803153847178469,0.3484323687013602,0.4984924468808879,0.4246367339267421,0.48072742916753575
AMZN|2018-05-03 14:30:00+00:00,AMZN,2018-05-03,2018-05,train_forward_oof,1,1,1,4,3,0,0.4635963221984922,0.43404263540382926,0.4635963221984922,0.4635963221984922,0.4635963221984922,0.43899986834330323,0.4278912541175318,0.4390293962689622
AAPL|2018-05-03 15:30:00+00:00,AAPL,2018-05-03,2018-05,train_forward_oof,1,1,1,27,26,0,0.5163673546692785,0.5038325522733776,0.5163673546692785,0.5163673546692785,0.5163673546692785,0.5910156266141904,0.542101667143604,0.5169802624622649
AMZN|2018-05-03 15:30:00+00:00,AMZN,2018-05-03,2018-05,train_forward_oof,1,1,1,5,4,0,0.4068279471925153,0.3836973040926572,0.4068279471925153,0.4068279471925153,0.4068279471925153,0.4134107502459413,0.39126976934754304,0.38922417041726726
AAPL|2018-05-04 13:30:00+00:00,AAPL,2018-05-04,2018-05,train_forward_oof,1,1,1,17,17,2,0.5425129737759614,0.5338746178019136,0.5896104695470092,0.24497196094353288,0.3695713658774363,0.8890749137843827,0.6771465059733992,0.5432674588921923
AMZN|2018-05-04 13:30:00+00:00,AMZN,2018-05-04,2018-05,train_forward_oof,1,0,0,0,0,0,0.5733303219997724,0.5733303219997724,0.5733303219997724,0.5733303219997724,0.5733303219997724,0.5733303219997724,0.5733303219997724,0.5733303219997724
AAPL|2018-05-04 14:30:00+00:00,AAPL,2018-05-04,2018-05,train_forward_oof,1,1,1,30,29,3,0.4442994022505561,0.43151281208673625,0.478515935213607,0.20439958872461642,0.28534967659552024,0.776184235353297,0.4995556340709102,0.4326675291610881
AMZN|2018-05-04 14:30:00+00:00,AMZN,2018-05-04,2018-05,train_forward_oof,1,0,0,0,0,0,0.5257722997902848,0.5257722997902848,0.5257722997902848,0.5257722997902848,0.5257722997902848,0.5257722997902848,0.5257722997902848,0.5257722997902848
AAPL|2018-05-04 15:30:00+00:00,AAPL,2018-05-04,2018-05,train_forward_oof,1,1,1,41,40,0,0.3737857172326222,0.3619193150905973,0.2438065444150467,0.3737857172326222,0.3737857172326222,9.737050038283983e-05,0.02686649231990003,0.23631359455180942
AMZN|2018-05-04 15:30:00+00:00,AMZN,2018-05-04,2018-05,train_forward_oof,1,0,0,0,0,0,0.6176831251940663,0.6176831251940663,0.6176831251940663,0.6176831251940663,0.6176831251940663,0.6176831251940663,0.6176831251940663,0.6176831251940663
AAPL|2018-05-07 13:30:00+00:00,AAPL,2018-05-07,2018-05,train_forward_oof,1,1,1,22,22,0,0.558018108158671,0.5488833638894016,0.558018108158671,0.558018108158671,0.558018108158671,0.6211175569316789,0.5808746323071716,0.5604601270585488
AMZN|2018-05-07 13:30:00+00:00,AMZN,2018-05-07,2018-05,train_forward_oof,1,0,0,0,0,0,0.5576768579519937,0.5576768579519937,0.5576768579519937,0.5576768579519937,0.5576768579519937,0.5576768579519937,0.5576768579519937,0.5576768579519937
AAPL|2018-05-07 14:30:00+00:00,AAPL,2018-05-07,2018-05,train_forward_oof,0,1,1,30,29,3,0.5400737408712244,0.5280106099094364,0.5400737408712244,0.25454689112045115,0.30724249068705817,0.3465123598073201,0.32259670534290574,0.4660058738379887
AMZN|2018-05-07 14:30:00+00:00,AMZN,2018-05-07,2018-05,train_forward_oof,1,0,0,0,0,0,0.5828166332508802,0.5828166332508802,0.5828166332508802,0.5828166332508802,0.5828166332508802,0.5828166332508802,0.5828166332508802,0.5828166332508802
AAPL|2018-05-07 15:30:00+00:00,AAPL,2018-05-07,2018-05,train_forward_oof,0,1,1,36,34,3,0.3723974672235114,0.35858078860503095,0.37738384442185047,0.13804894341957125,0.1960773242760767,0.2357592169643037,0.22450441156099857,0.321878875969076
AMZN|2018-05-07 15:30:00+00:00,AMZN,2018-05-07,2018-05,train_forward_oof,0,0,0,0,0,0,0.596521544625066,0.596521544625066,0.596521544625066,0.596521544625066,0.596521544625066,0.596521544625066,0.596521544625066,0.596521544625066
AAPL|2018-05-08 13:30:00+00:00,AAPL,2018-05-08,2018-05,train_forward_oof,1,1,1,17,17,3,0.4892382427715496,0.4805571095718324,0.4829374662487227,0.2488464547080196,0.3367131241123469,0.08698549668334643,0.2788975773644934,0.4269870903111275
AMZN|2018-05-08 13:30:00+00:00,AMZN,2018-05-08,2018-05,train_forward_oof,0,1,1,1,1,0,0.4600157151060708,0.4562947418768,0.4600157151060708,0.4600157151060708,0.4600157151060708,0.44491749058837826,0.44920983294851546,0.4550126042461393
AAPL|2018-05-08 14:30:00+00:00,AAPL,2018-05-08,2018-05,train_forward_oof,1,1,1,23,22,0,0.5219511343548116,0.5097179642084563,0.5156543935161665,0.5219511343548116,0.5219511343548116,0.33707611915227337,0.5111448849433383,0.5173210585838814
AMZN|2018-05-08 14:30:00+00:00,AMZN,2018-05-08,2018-05,train_forward_oof,0,1,1,2,2,0,0.4526461311642233,0.44803291010026713,0.4526461311642233,0.4526461311642233,0.4526461311642233,0.45079558402199243,0.4474809245292015,0.44802127714099893
AAPL|2018-05-08 15:30:00+00:00,AAPL,2018-05-08,2018-05,train_forward_oof,0,1,1,23,22,0,0.5109169942824371,0.4987518290430935,0.5046128566161691,0.5109169942824371,0.5109169942824371,0.328245756219893,0.5007086811697463,0.5063126680130582
AMZN|2018-05-08 15:30:00+00:00,AMZN,2018-05-08,2018-05,train_forward_oof,0,1,1,1,1,0,0.4489231938513561,0.44521796723063933,0.4489231938513561,0.4489231938513561,0.4489231938513561,0.43389649596268515,0.4381664432583427,0.44394154059253216
AAPL|2018-05-09 13:30:00+00:00,AAPL,2018-05-09,2018-05,train_forward_oof,0,1,1,10,10,3,0.5104327298872237,0.5028526220258172,0.5104327298872237,0.49078564173689443,0.5127963292830715,0.3992448932213813,0.4798481858544424,0.47937012388159606
AMZN|2018-05-09 13:30:00+00:00,AMZN,2018-05-09,2018-05,train_forward_oof,1,0,0,0,0,0,0.47707878848794,0.47707878848794,0.47707878848794,0.47707878848794,0.47707878848794,0.47707878848794,0.47707878848794,0.47707878848794
AAPL|2018-05-09 14:30:00+00:00,AAPL,2018-05-09,2018-05,train_forward_oof,1,1,1,19,19,0,0.5930237879860418,0.5843787045557821,0.5930237879860418,0.5930237879860418,0.5930237879860418,0.6500407878926998,0.6134629887890675,0.5945256522418256
AMZN|2018-05-09 14:30:00+00:00,AMZN,2018-05-09,2018-05,train_forward_oof,1,1,1,1,1,0,0.4829309782016907,0.47918913621796666,0.4829309782016907,0.4829309782016907,0.4829309782016907,0.46773211897188355,0.47205738288226606,0.4778992124760868
AAPL|2018-05-09 15:30:00+00:00,AAPL,2018-05-09,2018-05,train_forward_oof,1,1,1,17,17,0,0.5869601487828462,0.5785090121117595,0.5869601487828462,0.5869601487828462,0.5869601487828462,0.6411262189542494,0.6060940043136213,0.5877967358602567
AMZN|2018-05-09 15:30:00+00:00,AMZN,2018-05-09,2018-05,train_forward_oof,1,1,1,2,2,3,0.4683319289835423,0.46369427363469407,0.4683319289835423,0.2343645886779829,0.2860987149424007,0.14474088090736306,0.2372304321095085,0.41790901579318895
AAPL|2018-05-10 13:30:00+00:00,AAPL,2018-05-10,2018-05,train_forward_oof,1,1,1,17,17,0,0.4929163434036173,0.4842318202212468,0.4929163434036173,0.4929163434036173,0.4929163434036173,0.5499592957739329,0.5127905677824374,0.49377913195059214
AMZN|2018-05-10 13:30:00+00:00,AMZN,2018-05-10,2018-05,train_forward_oof,1,1,1,1,1,0,0.4462608196808082,0.4425599201608976,0.48878084168612823,0.4462608196808082,0.4462608196808082,0.9288573181494144,0.6998037748317849,0.4670966158922943
AAPL|2018-05-10 14:30:00+00:00,AAPL,2018-05-10,2018-05,train_forward_oof,1,1,1,27,27,0,0.4811956332071764,0.4715345142642819,0.33478098715213306,0.4811956332071764,0.4811956332071764,2.329956655242694e-05,0.038065458015144195,0.3336073545481344
AMZN|2018-05-10 14:30:00+00:00,AMZN,2018-05-10,2018-05,train_forward_oof,0,1,1,1,1,0,0.4504370492059951,0.4467294566851807,0.4930007175304707,0.4504370492059951,0.4504370492059951,0.9299650684323352,0.7033389823877901,0.47130187389384354
AAPL|2018-05-10 15:30:00+00:00,AAPL,2018-05-10,2018-05,train_forward_oof,1,1,1,28,28,0,0.4513297629676495,0.44167983771954505,0.29369284522622036,0.4513297629676495,0.4513297629676495,8.985735572961792e-06,0.023050864423733268,0.2845244427811497
AMZN|2018-05-10 15:30:00+00:00,AMZN,2018-05-10,2018-05,train_forward_oof,1,1,1,1,1,0,0.4666897482842453,0.4629610746647652,0.5093657499830425,0.4666897482842453,0.4666897482842453,0.9341107205145313,0.7168145504288941,0.4876394020058742
AAPL|2018-05-11 13:30:00+00:00,AAPL,2018-05-11,2018-05,train_forward_oof,0,1,1,11,10,3,0.5721777459704029,0.5589575862979232,0.5721777459704029,0.3094201188280423,0.3989390797750658,0.44697907633616724,0.4132721212873442,0.5015653593451046
AMZN|2018-05-11 13:30:00+00:00,AMZN,2018-05-11,2018-05,train_forward_oof,0,0,0,0,0,0,0.4831243034267176,0.4831243034267176,0.4831243034267176,0.4831243034267176,0.4831243034267176,0.4831243034267176,0.4831243034267176,0.4831243034267176
AAPL|2018-05-11 14:30:00+00:00,AAPL,2018-05-11,2018-05,train_forward_oof,0,1,1,16,15,0,0.5082200466054688,0.49574512357168654,0.5082200466054688,0.5082200466054688,0.5082200466054688,0.5820027851444858,0.5338257616191323,0.5037420740326104
AMZN|2018-05-11 14:30:00+00:00,AMZN,2018-05-11,2018-05,train_forward_oof,0,1,1,1,1,0,0.4813917413526419,0.47765080855807074,0.4813917413526419,0.4813917413526419,0.4813917413526419,0.46619764814793324,0.47052126595553817,0.4763612382385274
AAPL|2018-05-11 15:30:00+00:00,AAPL,2018-05-11,2018-05,train_forward_oof,0,1,1,24,23,0,0.5395456453263644,0.5277056310188523,0.5395456453263644,0.5395456453263644,0.5395456453263644,0.6200746803732511,0.5691481828034413,0.5393182760029853
AMZN|2018-05-11 15:30:00+00:00,AMZN,2018-05-11,2018-05,train_forward_oof,0,1,1,1,1,0,0.4732604209296739,0.46952546856163563,0.4732604209296739,0.4732604209296739,0.4732604209296739,0.45809627375089707,0.4624098429000857,0.46823817072619517
AAPL|2018-05-14 13:30:00+00:00,AAPL,2018-05-14,2018-05,train_forward_oof,0,1,1,22,21,3,0.5791606356370138,0.567782732134067,0.5791606356370138,0.5214597266055886,0.48239477609906584,0.4749865488818095,0.4819457829557191,0.5306085386182685
AMZN|2018-05-14 13:30:00+00:00,AMZN,2018-05-14,2018-05,train_forward_oof,1,1,1,2,2,3,0.3501054647751745,0.34587692295700223,0.3501054647751745,0.19299218057696255,0.21401621438070476,0.1862977117057903,0.20099860004413977,0.32258597922474797
AAPL|2018-05-14 14:30:00+00:00,AAPL,2018-05-14,2018-05,train_forward_oof,0,1,1,26,25,0,0.5849813260899203,0.5736052572683519,0.5849813260899203,0.5849813260899203,0.5849813260899203,0.6663587768863501,0.6158863583967625,0.5855742944670391
AMZN|2018-05-14 14:30:00+00:00,AMZN,2018-05-14,2018-05,train_forward_oof,0,1,1,2,2,3,0.3912926273115826,0.3868627506412239,0.3912926273115826,0.22384446388279886,0.23174665302632577,0.20892518711069488,0.21426833370467438,0.35569620443564204
AAPL|2018-05-14 15:30:00+00:00,AAPL,2018-05-14,2018-05,train_forward_oof,0,1,1,25,24,0,0.4502375311699949,0.43884243098476716,0.4502375311699949,0.4502375311699949,0.4502375311699949,0.5383565306100769,0.48303628720703357,0.4505320643759526
AMZN|2018-05-14 15:30:00+00:00,AMZN,2018-05-14,2018-05,train_forward_oof,0,1,1,2,2,3,0.373885452034974,0.36953300805334033,0.373885452034974,0.21338881796102677,0.22509368867824356,0.16960627908925996,0.20113658336828646,0.3378640462322823
AAPL|2018-05-15 13:30:00+00:00,AAPL,2018-05-15,2018-05,train_forward_oof,0,1,1,16,15,3,0.4917103067840413,0.47971233887121134,0.4917103067840413,0.20217336873701808,0.31857481361540585,0.2655725072086493,0.3378288544649601,0.42676011471906833
AMZN|2018-05-15 13:30:00+00:00,AMZN,2018-05-15,2018-05,train_forward_oof,0,0,0,0,0,0,0.4668382261908317,0.4668382261908317,0.4668382261908317,0.4668382261908317,0.4668382261908317,0.4668382261908317,0.4668382261908317,0.4668382261908317
AAPL|2018-05-15 14:30:00+00:00,AAPL,2018-05-15,2018-05,train_forward_oof,0,1,1,19,18,3,0.4898863601360869,0.4777968088570205,0.4898863601360869,0.23100716221761908,0.3209348661001913,0.21692358892355923,0.31486614888943404,0.42838584620132336
AMZN|2018-05-15 14:30:00+00:00,AMZN,2018-05-15,2018-05,train_forward_oof,0,1,1,1,1,0,0.4348300287763908,0.4311501158182173,0.4348300287763908,0.4348300287763908,0.4348300287763908,0.41991560853164733,0.4241510559020349,0.42988276923427543
AAPL|2018-05-15 15:30:00+00:00,AAPL,2018-05-15,2018-05,train_forward_oof,0,1,1,28,26,0,0.4405709327186755,0.4249521274142796,0.4405709327186755,0.4405709327186755,0.4405709327186755,0.511857706199577,0.4615686308167337,0.4382589128855915
AMZN|2018-05-15 15:30:00+00:00,AMZN,2018-05-15,2018-05,train_forward_oof,1,1,1,1,1,0,0.4384154576822181,0.4347285415389489,0.4384154576822181,0.4384154576822181,0.4384154576822181,0.42347020427861437,0.4277150691103136,0.4334586914317026
AAPL|2018-05-16 13:30:00+00:00,AAPL,2018-05-16,2018-05,train_forward_oof,1,1,1,14,14,3,0.4586971785643677,0.4504864561726785,0.16270927799966434,0.18954153052362638,0.2515639186627503,3.038044101874936e-14,5.7938986890736565e-05,0.10817311611147648
AMZN|2018-05-16 13:30:00+00:00,AMZN,2018-05-16,2018-05,train_forward_oof,1,1,1,1,1,1,0.4259492507387154,0.4222883383387375,0.4259492507387154,0.22227341403039463,0.23034118177866317,0.21782247518504322,0.21077133758207112,0.37800777918587775
AAPL|2018-05-16 14:30:00+00:00,AAPL,2018-05-16,2018-05,train_forward_oof,1,1,1,23,22,0,0.5599264523717462,0.5480337848937168,0.22587456089170377,0.5599264523717462,0.5599264523717462,1.9754519279720118e-13,0.00024012963771426825,0.1945654862958467
AAPL|2018-05-16 15:30:00+00:00,AAPL,2018-05-16,2018-05,train_forward_oof,1,1,1,32,30,0,0.5230265474391337,0.5073114311440456,0.2009373305112574,0.5230265474391337,0.5230265474391337,1.6449691772783107e-13,0.00020099632843256058,0.17223923244080727
AMZN|2018-05-16 15:30:00+00:00,AMZN,2018-05-16,2018-05,train_forward_oof,1,0,0,0,0,0,0.5609130217975555,0.5609130217975555,0.5609130217975555,0.5609130217975555,0.5609130217975555,0.5609130217975555,0.5609130217975555,0.5609130217975555
AAPL|2018-05-17 13:30:00+00:00,AAPL,2018-05-17,2018-05,train_forward_oof,0,1,1,19,19,3,0.6272266175102609,0.6188411008388982,0.6272266175102609,0.3176101490946072,0.4143009935414827,0.3291085810101503,0.411106961579567,0.5634681054692414
AMZN|2018-05-17 13:30:00+00:00,AMZN,2018-05-17,2018-05,train_forward_oof,1,0,0,0,0,0,0.4518829590903364,0.4518829590903364,0.4518829590903364,0.4518829590903364,0.4518829590903364,0.4518829590903364,0.4518829590903364,0.4518829590903364
AAPL|2018-05-17 14:30:00+00:00,AAPL,2018-05-17,2018-05,train_forward_oof,0,1,1,20,20,3,0.5942985501951146,0.5855551031311477,0.5942985501951146,0.2995084501912454,0.4482421056620617,0.2618293085841842,0.4257186302221306,0.5435509790563378
AMZN|2018-05-17 14:30:00+00:00,AMZN,2018-05-17,2018-05,train_forward_oof,0,1,1,1,1,2,0.4141654386550273,0.4105333752642635,0.4141654386550273,0.28540161150167637,0.21981300380299565,0.11563618220910152,0.1718720277497331,0.34992180954255364
AAPL|2018-05-17 15:30:00+00:00,AAPL,2018-05-17,2018-05,train_forward_oof,0,1,1,12,12,3,0.504017183305978,0.4960600184453751,0.504017183305978,0.2212178286478735,0.30740408084619875,0.20988151707389133,0.2994414571632062,0.4378781797611578
AMZN|2018-05-17 15:30:00+00:00,AMZN,2018-05-17,2018-05,train_forward_oof,0,1,1,1,1,2,0.4475554009386374,0.44385237088623974,0.4475554009386374,0.3109109194398142,0.25237610665125026,0.14389863797414637,0.20172898022179864,0.3853896991723785
AAPL|2018-05-18 13:30:00+00:00,AAPL,2018-05-18,2018-05,train_forward_oof,1,1,1,8,8,3,0.4900927418397475,0.4829677988836862,0.4900927418397475,0.2531442921890927,0.26045878081852697,0.20246602480157383,0.23449315222899847,0.40868189696179535
AMZN|2018-05-18 13:30:00+00:00,AMZN,2018-05-18,2018-05,train_forward_oof,0,1,1,1,1,0,0.491842489449739,0.4880967785852867,0.491842489449739,0.491842489449739,0.491842489449739,0.4766216911287243,0.4809548799325731,0.4868052892105481
AAPL|2018-05-18 14:30:00+00:00,AAPL,2018-05-18,2018-05,train_forward_oof,0,1,1,15,15,0,0.4725197631647839,0.4641294141124053,0.4725197631647839,0.4725197631647839,0.4725197631647839,0.5257962160099067,0.49072096855600555,0.4726069754202644
AMZN|2018-05-18 14:30:00+00:00,AMZN,2018-05-18,2018-05,train_forward_oof,0,1,1,1,1,0,0.4960631489374585,0.49231643605665193,0.4960631489374585,0.4960631489374585,0.4960631489374585,0.4808353278415857,0.4851713131663277,0.49102449129734144
AAPL|2018-05-18 15:30:00+00:00,AAPL,2018-05-18,2018-05,train_forward_oof,0,1,1,14,14,3,0.4179840827049915,0.40995020331195564,0.4179840827049915,0.16985871849237835,0.24838498915354423,0.18885275169928667,0.2354684854848428,0.35660143453114823
AMZN|2018-05-18 15:30:00+00:00,AMZN,2018-05-18,2018-05,train_forward_oof,0,1,1,1,1,0,0.5061235506669588,0.5023766025270493,0.5061235506669588,0.5061235506669588,0.5061235506669588,0.490887732680086,0.49522789748149626,0.5010843146001912
AAPL|2018-05-21 13:30:00+00:00,AAPL,2018-05-21,2018-05,train_forward_oof,1,1,1,13,13,0,0.6130012058051406,0.6052644095275925,0.6130012058051406,0.6130012058051406,0.6130012058051406,0.6582808130381292,0.6284039884865307,0.6122496989393729
AMZN|2018-05-21 13:30:00+00:00,AMZN,2018-05-21,2018-05,train_forward_oof,0,1,1,1,1,0,0.4085056241799329,0.40488889124139654,0.4085056241799329,0.4085056241799329,0.4085056241799329,0.3938648798617198,0.3980178572135111,0.40364396332512575
AAPL|2018-05-21 14:30:00+00:00,AAPL,2018-05-21,2018-05,train_forward_oof,0,1,1,13,13,3,0.5538433980385418,0.5458002243782164,0.48714108938026546,0.3301380390071897,0.33223191744372504,0.0023099636624481987,0.08360283966400027,0.4059928087328452
AMZN|2018-05-21 14:30:00+00:00,AMZN,2018-05-21,2018-05,train_forward_oof,0,1,1,1,1,0,0.4125917920514268,0.40896389512429954,0.4125917920514268,0.4125917920514268,0.4125917920514268,0.3979031167380858,0.40207042924883696,0.40771502173724095
AAPL|2018-05-21 15:30:00+00:00,AAPL,2018-05-21,2018-05,train_forward_oof,0,1,1,13,12,0,0.4873845102010096,0.47313791076282463,0.4211311551528798,0.4873845102010096,0.4873845102010096,0.007299101004257602,0.17077528703843786,0.40649076444686083
AMZN|2018-05-21 15:30:00+00:00,AMZN,2018-05-21,2018-05,train_forward_oof,1,1,1,1,1,0,0.4055112135206289,0.4019029782111648,0.4055112135206289,0.4055112135206289,0.4055112135206289,0.39090686319897316,0.3950489787159354,0.4006610501171272
AAPL|2018-05-22 13:30:00+00:00,AAPL,2018-05-22,2018-05,train_forward_oof,0,1,1,21,21,3,0.5762078436891224,0.5672556063240304,0.5762078436891224,0.2845843268450006,0.39032381289495893,0.2923500247773184,0.3841168218254182,0.5165349889899482
AMZN|2018-05-22 13:30:00+00:00,AMZN,2018-05-22,2018-05,train_forward_oof,0,0,0,0,0,0,0.4361996896122686,0.4361996896122686,0.4361996896122686,0.4361996896122686,0.4361996896122686,0.4361996896122686,0.4361996896122686,0.4361996896122686
AAPL|2018-05-22 14:30:00+00:00,AAPL,2018-05-22,2018-05,train_forward_oof,1,1,1,21,21,0,0.5459537665201435,0.536876104076925,0.5459537665201435,0.5459537665201435,0.5459537665201435,0.6081743004114091,0.5683414086445661,0.5481185616304989
AMZN|2018-05-22 14:30:00+00:00,AMZN,2018-05-22,2018-05,train_forward_oof,1,0,0,0,0,0,0.3769380720431784,0.3769380720431784,0.3769380720431784,0.3769380720431784,0.3769380720431784,0.3769380720431784,0.3769380720431784,0.3769380720431784
AAPL|2018-05-22 15:30:00+00:00,AAPL,2018-05-22,2018-05,train_forward_oof,1,1,1,22,21,0,0.4806673152509731,0.46754860735961556,0.4806673152509731,0.4806673152509731,0.4806673152509731,0.54493828303027,0.5005494024126267,0.4791090660542894
AMZN|2018-05-22 15:30:00+00:00,AMZN,2018-05-22,2018-05,train_forward_oof,1,0,0,0,0,0,0.4539459607339169,0.4539459607339169,0.4539459607339169,0.4539459607339169,0.4539459607339169,0.4539459607339169,0.4539459607339169,0.4539459607339169
AAPL|2018-05-23 13:30:00+00:00,AAPL,2018-05-23,2018-05,train_forward_oof,1,1,1,14,14,3,0.5095737947019057,0.5012957638215769,0.5095737947019057,0.29160022488810305,0.29095351018946464,0.24185022941215212,0.2703890793722831,0.43511774064566106
AMZN|2018-05-23 13:30:00+00:00,AMZN,2018-05-23,2018-05,train_forward_oof,1,0,0,0,0,0,0.4767156960469031,0.4767156960469031,0.4767156960469031,0.4767156960469031,0.4767156960469031,0.4767156960469031,0.4767156960469031,0.4767156960469031
AAPL|2018-05-23 14:30:00+00:00,AAPL,2018-05-23,2018-05,train_forward_oof,1,1,1,19,18,0,0.4647390138827879,0.4521807163943866,0.4647390138827879,0.4647390138827879,0.4647390138827879,0.5355814358562895,0.4883214312655237,0.46195983090819365
AMZN|2018-05-23 14:30:00+00:00,AMZN,2018-05-23,2018-05,train_forward_oof,1,1,1,3,2,0,0.4370891453483764,0.4011395551293653,0.4370891453483764,0.4370891453483764,0.4370891453483764,0.39932548190698475,0.39026955384256584,0.406780337950513
AAPL|2018-05-23 15:30:00+00:00,AAPL,2018-05-23,2018-05,train_forward_oof,1,1,1,14,13,0,0.4687342243287294,0.45517695857333096,0.4687342243287294,0.4687342243287294,0.4687342243287294,0.5295126925505218,0.4867522930848839,0.4624017035580316
AMZN|2018-05-23 15:30:00+00:00,AMZN,2018-05-23,2018-05,train_forward_oof,1,1,1,3,2,0,0.4389086701322734,0.4029165448765117,0.4389086701322734,0.4389086701322734,0.4389086701322734,0.40109981791365923,0.3920299129846889,0.40856526788894776
AAPL|2018-05-24 13:30:00+00:00,AAPL,2018-05-24,2018-05,train_forward_oof,0,1,1,17,17,0,0.4631648656398001,0.45453466324905367,0.4101692913285371,0.4631648656398001,0.4631648656398001,0.00963901939587028,0.17807060327645613,0.38351417175970864
AMZN|2018-05-24 13:30:00+00:00,AMZN,2018-05-24,2018-05,train_forward_oof,1,1,1,1,1,0,0.4927524061793543,0.4890064341560827,0.4927524061793543,0.4927524061793543,0.4927524061793543,0.47752991067932404,0.48186375443493823,0.48771483104978686
AAPL|2018-05-24 14:30:00+00:00,AAPL,2018-05-24,2018-05,train_forward_oof,1,1,1,19,19,3,0.5139095049880051,0.5049866707265239,0.4561847790027312,0.2399798444647075,0.32489438749102006,0.004375186879027842,0.08650022819727093,0.36808855755224434
AMZN|2018-05-24 14:30:00+00:00,AMZN,2018-05-24,2018-05,train_forward_oof,1,1,1,2,2,0,0.4737398791435136,0.46909592122172855,0.4737398791435136,0.4737398791435136,0.4737398791435136,0.47187744045742724,0.46854001342924567,0.469084206141803
AAPL|2018-05-24 15:30:00+00:00,AAPL,2018-05-24,2018-05,train_forward_oof,1,1,1,18,17,3,0.5048562769403101,0.4924043881036883,0.33052461243457837,0.23052279975952503,0.3159506779607446,5.24718677856197e-07,0.005518556212383396,0.23809116065941593
AMZN|2018-05-24 15:30:00+00:00,AMZN,2018-05-24,2018-05,train_forward_oof,1,1,1,2,2,0,0.4629542753188449,0.45832396616013904,0.4629542753188449,0.4629542753188449,0.4629542753188449,0.4610970869716679,0.4577698168599072,0.4583122878634196
AAPL|2018-05-25 13:30:00+00:00,AAPL,2018-05-25,2018-05,train_forward_oof,1,1,1,7,7,0,0.505076795996533,0.4982116595307622,0.505076795996533,0.505076795996533,0.505076795996533,0.5354895441828919,0.5135934915075966,0.5006008686512495
AMZN|2018-05-25 13:30:00+00:00,AMZN,2018-05-25,2018-05,train_forward_oof,1,1,1,1,1,3,0.4643807133257284,0.4606545530180396,0.4643807133257284,0.4534662413029275,0.3398584543563515,0.3552715850196476,0.31224186146729416,0.4277233682748826
AAPL|2018-05-25 14:30:00+00:00,AAPL,2018-05-25,2018-05,train_forward_oof,0,1,1,8,8,3,0.4954303427987361,0.4883021119681214,0.4954303427987361,0.24463831905668737,0.362335419604932,0.22548724034030937,0.3313803853758691,0.43924467398651806
AMZN|2018-05-25 14:30:00+00:00,AMZN,2018-05-25,2018-05,train_forward_oof,0,1,1,1,1,3,0.4685830201171966,0.4648524047965712,0.4685830201171966,0.45861615628011904,0.35330330195587234,0.3738922587596159,0.3255411252635889,0.4345080633072367
AAPL|2018-05-25 15:30:00+00:00,AAPL,2018-05-25,2018-05,train_forward_oof,0,1,1,9,9,0,0.4785314701903802,0.47118301544736435,0.4785314701903802,0.4785314701903802,0.4785314701903802,0.5163423769706903,0.49016467707083,0.47553086695749974
AMZN|2018-05-25 15:30:00+00:00,AMZN,2018-05-25,2018-05,train_forward_oof,0,1,1,1,1,3,0.4967485078769698,0.49300168267000977,0.4967485078769698,0.4879507377527927,0.3843470100910848,0.3987238861691077,0.3540422034780781,0.46312690099528026
AAPL|2018-05-29 13:30:00+00:00,AAPL,2018-05-29,2018-05,train_forward_oof,0,1,1,11,11,3,0.5880355994050013,0.5804793197300578,0.6182407830662701,0.24711201018327802,0.4107703079334846,0.7609364922869911,0.597802655548763,0.575648238020628
AMZN|2018-05-29 13:30:00+00:00,AMZN,2018-05-29,2018-05,train_forward_oof,1,0,0,0,0,0,0.5387604509316264,0.5387604509316264,0.5387604509316264,0.5387604509316264,0.5387604509316264,0.5387604509316264,0.5387604509316264,0.5387604509316264
AAPL|2018-05-29 14:30:00+00:00,AAPL,2018-05-29,2018-05,train_forward_oof,0,1,1,11,11,0,0.5762426717142761,0.5686287636383677,0.6067342478042933,0.5762426717142761,0.5762426717142761,0.9341797655623792,0.7681479683508445,0.6232294444568309
AMZN|2018-05-29 14:30:00+00:00,AMZN,2018-05-29,2018-05,train_forward_oof,1,0,0,0,0,0,0.5159269590900035,0.5159269590900035,0.5159269590900035,0.5159269590900035,0.5159269590900035,0.5159269590900035,0.5159269590900035,0.5159269590900035
AAPL|2018-05-29 15:30:00+00:00,AAPL,2018-05-29,2018-05,train_forward_oof,0,1,1,13,13,3,0.4486527299684503,0.44062848443418023,0.4800410248866953,0.16896825316503541,0.31105970376809233,0.6916231073765841,0.49471662418016316,0.44407700387251964
AMZN|2018-05-29 15:30:00+00:00,AMZN,2018-05-29,2018-05,train_forward_oof,0,0,0,0,0,0,0.6098457007995775,0.6098457007995775,0.6098457007995775,0.6098457007995775,0.6098457007995775,0.6098457007995775,0.6098457007995775,0.6098457007995775
AAPL|2018-05-30 13:30:00+00:00,AAPL,2018-05-30,2018-05,train_forward_oof,1,1,1,20,18,0,0.5860713126216853,0.5685687958742162,0.5860713126216853,0.5860713126216853,0.5860713126216853,0.6394445487079591,0.5979429838074718,0.5791377225749634
AMZN|2018-05-30 13:30:00+00:00,AMZN,2018-05-30,2018-05,train_forward_oof,1,0,0,0,0,0,0.5327070614888982,0.5327070614888982,0.5327070614888982,0.5327070614888982,0.5327070614888982,0.5327070614888982,0.5327070614888982,0.5327070614888982
AAPL|2018-05-30 14:30:00+00:00,AAPL,2018-05-30,2018-05,train_forward_oof,1,1,1,21,17,0,0.5442222360559109,0.5131752938411468,0.5442222360559109,0.5442222360559109,0.5442222360559109,0.5259278444210032,0.5093599862731019,0.5272788809943839
AMZN|2018-05-30 14:30:00+00:00,AMZN,2018-05-30,2018-05,train_forward_oof,1,0,0,0,0,0,0.5095539151304987,0.5095539151304987,0.5095539151304987,0.5095539151304987,0.5095539151304987,0.5095539151304987,0.5095539151304987,0.5095539151304987
AAPL|2018-05-30 15:30:00+00:00,AAPL,2018-05-30,2018-05,train_forward_oof,1,1,1,22,18,3,0.4674675450699282,0.4371980301892301,0.46172717734594143,0.5010980793339695,0.44801292691643674,0.13697490115061078,0.3398837834945093,0.4115994251773195
AMZN|2018-05-30 15:30:00+00:00,AMZN,2018-05-30,2018-05,train_forward_oof,1,1,1,1,1,3,0.4260988207947392,0.4224375688767608,0.4260988207947392,0.22475819354565726,0.22446553036039965,0.13449312510992203,0.19723977100210063,0.37338368610566003
AAPL|2018-05-31 13:30:00+00:00,AAPL,2018-05-31,2018-05,train_forward_oof,1,1,1,7,7,3,0.5537891971337071,0.5469937209724951,0.519570113294257,0.5628121240826479,0.5430685774348788,0.08268508008595855,0.35384746810753515,0.47631626033769897
AMZN|2018-05-31 13:30:00+00:00,AMZN,2018-05-31,2018-05,train_forward_oof,1,1,1,1,1,0,0.3888681919561652,0.38531206338010116,0.3888681919561652,0.3888681919561652,0.3888681919561652,0.3744856596093894,0.3785619184307186,0.3840884797501748
AAPL|2018-05-31 14:30:00+00:00,AAPL,2018-05-31,2018-05,train_forward_oof,0,1,1,10,10,3,0.4428542053202818,0.43538516548962586,0.4092036316826628,0.16386550678852496,0.2802805113084633,0.008558106163791889,0.12286914993276801,0.3448391990869139
AMZN|2018-05-31 14:30:00+00:00,AMZN,2018-05-31,2018-05,train_forward_oof,1,1,1,1,1,3,0.4596253288199651,0.455904847275862,0.4596253288199651,0.29391011643650816,0.3367414886382059,0.29081248075111915,0.3127970556409565,0.42954352785875705
AAPL|2018-05-31 15:30:00+00:00,AAPL,2018-05-31,2018-05,train_forward_oof,0,1,1,12,12,3,0.4748800630137258,0.466949824956553,0.4407209680021803,0.24141556432733333,0.321544934599163,0.01907604945383017,0.1603208558329687,0.37704475351069805
AMZN|2018-05-31 15:30:00+00:00,AMZN,2018-05-31,2018-05,train_forward_oof,0,1,1,1,1,3,0.4671768306232337,0.46344764721138226,0.4671768306232337,0.30351080181652607,0.3547820998724347,0.3177126491131468,0.33193033139956074,0.4404875813691395
AAPL|2018-06-01 13:30:00+00:00,AAPL,2018-06-01,2018-06,train_forward_oof,1,1,1,12,12,0,0.5619119274396681,0.5636715215397065,0.5619119274396681,0.5619119274396681,0.5619119274396681,0.6015699125904325,0.5884639712016487,0.6011883013472298
AMZN|2018-06-01 13:30:00+00:00,AMZN,2018-06-01,2018-06,train_forward_oof,1,1,1,1,1,0,0.5003727261066812,0.4839399919104558,0.5003727261066812,0.5003727261066812,0.5003727261066812,0.48703852350449395,0.4919568147528123,0.4935765449298028
AAPL|2018-06-01 14:30:00+00:00,AAPL,2018-06-01,2018-06,train_forward_oof,1,1,1,13,13,0,0.4855683767375642,0.48807602186233073,0.4855683767375642,0.4855683767375642,0.4855683767375642,0.5284472543736796,0.5141431626361781,0.5355982481939263
AMZN|2018-06-01 14:30:00+00:00,AMZN,2018-06-01,2018-06,train_forward_oof,1,1,1,1,1,0,0.499838387095302,0.48340622262494987,0.499838387095302,0.499838387095302,0.499838387095302,0.48650455848990515,0.49142262332512043,0.4930423015708557
AAPL|2018-06-01 15:30:00+00:00,AAPL,2018-06-01,2018-06,train_forward_oof,1,1,1,12,11,0,0.4591774973771055,0.46952692162554777,0.45830305944840993,0.4591774973771055,0.4591774973771055,0.7180581884213069,0.5498535337506164,0.5791320763720498
AMZN|2018-06-01 15:30:00+00:00,AMZN,2018-06-01,2018-06,train_forward_oof,0,1,1,1,1,0,0.452484269157761,0.4362510278496532,0.452484269157761,0.452484269157761,0.452484269157761,0.43930414503553733,0.44415778022622304,0.4457582166181105
AAPL|2018-06-04 13:30:00+00:00,AAPL,2018-06-04,2018-06,train_forward_oof,1,1,1,8,8,3,0.4638796424767263,0.4620966618154034,0.4638796424767263,0.3353482814370949,0.3427144687563197,0.31083079305509465,0.32601202376109956,0.2965535763552326
AMZN|2018-06-04 13:30:00+00:00,AMZN,2018-06-04,2018-06,train_forward_oof,1,0,0,0,0,0,0.6021996005151355,0.6021996005151355,0.6021996005151355,0.6021996005151355,0.6021996005151355,0.6021996005151355,0.6021996005151355,0.6021996005151355
AAPL|2018-06-04 14:30:00+00:00,AAPL,2018-06-04,2018-06,train_forward_oof,0,1,1,10,10,3,0.4368897655582253,0.4370483624887394,0.4368897655582253,0.3153870217226432,0.34388933344201433,0.295918274676312,0.3441322038620464,0.18574415512170023
AMZN|2018-06-04 14:30:00+00:00,AMZN,2018-06-04,2018-06,train_forward_oof,1,1,1,1,1,0,0.5381786895502818,0.5218010577118342,0.5381786895502818,0.5381786895502818,0.5381786895502818,0.5248954389553278,0.5298011801423352,0.5314151782420473
AAPL|2018-06-04 15:30:00+00:00,AAPL,2018-06-04,2018-06,train_forward_oof,0,1,1,14,13,3,0.4250350200314879,0.4366557033928664,0.4250350200314879,0.34496210417067674,0.3331087090913321,0.40717883034819763,0.3674415530358756,0.3324170928151741
AMZN|2018-06-04 15:30:00+00:00,AMZN,2018-06-04,2018-06,train_forward_oof,1,1,1,1,1,0,0.3884449982074859,0.37294428576625804,0.3884449982074859,0.3884449982074859,0.3884449982074859,0.3758497316050522,0.3804780289882315,0.3820067042150296
AAPL|2018-06-05 13:30:00+00:00,AAPL,2018-06-05,2018-06,train_forward_oof,1,1,1,31,30,0,0.498594746404867,0.5125368645857693,0.498594746404867,0.498594746404867,0.498594746404867,0.5810625885901721,0.5531413653596196,0.6484991533656762
AMZN|2018-06-05 13:30:00+00:00,AMZN,2018-06-05,2018-06,train_forward_oof,1,0,0,0,0,0,0.563463978406071,0.563463978406071,0.563463978406071,0.563463978406071,0.563463978406071,0.563463978406071,0.563463978406071,0.563463978406071
AAPL|2018-06-05 14:30:00+00:00,AAPL,2018-06-05,2018-06,train_forward_oof,0,1,1,42,38,3,0.5207387640742602,0.5402663239544356,0.5168531428565776,0.3662866601182505,0.3648312071471345,0.6611618670954319,0.45405049086046667,0.716979200397549
AMZN|2018-06-05 14:30:00+00:00,AMZN,2018-06-05,2018-06,train_forward_oof,1,0,0,0,0,0,0.5062889837818383,0.5062889837818383,0.5062889837818383,0.5062889837818383,0.5062889837818383,0.5062889837818383,0.5062889837818383,0.5062889837818383
AAPL|2018-06-05 15:30:00+00:00,AAPL,2018-06-05,2018-06,train_forward_oof,0,1,1,51,47,3,0.5170780777026214,0.5371931335898275,0.5559664741795439,0.44175382434648663,0.413559666935952,0.7998991104339056,0.621990028785216,0.7503519306877886
AMZN|2018-06-05 15:30:00+00:00,AMZN,2018-06-05,2018-06,train_forward_oof,1,1,1,2,2,2,0.4472545888277432,0.43493842193406274,0.4472545888277432,0.4585693170773217,0.42859169582170253,0.4223392032072363,0.41195799924795456,0.4476462953983642
AAPL|2018-06-06 13:30:00+00:00,AAPL,2018-06-06,2018-06,train_forward_oof,0,1,1,14,14,0,0.5144261597092814,0.517604073914339,0.5144261597092814,0.5144261597092814,0.5144261597092814,0.5590611803801617,0.544208805046399,0.573047755252605
AMZN|2018-06-06 13:30:00+00:00,AMZN,2018-06-06,2018-06,train_forward_oof,0,1,1,1,1,0,0.4064854392357456,0.39072477532813676,0.4064854392357456,0.4064854392357456,0.4064854392357456,0.3936817747397807,0.3983894989900285,0.3999436806400073
AAPL|2018-06-06 14:30:00+00:00,AAPL,2018-06-06,2018-06,train_forward_oof,1,1,1,15,15,3,0.3983370521047849,0.40199476414804836,0.3983370521047849,0.32720158561130974,0.3325334647986149,0.30923497329524896,0.34262529668936137,0.2881083308580876
AMZN|2018-06-06 14:30:00+00:00,AMZN,2018-06-06,2018-06,train_forward_oof,1,1,1,1,1,0,0.4059698945135965,0.3902160775790638,0.4059698945135965,0.4059698945135965,0.4059698945135965,0.39317171150105773,0.3978773388788281,0.3994308490664323
AAPL|2018-06-06 15:30:00+00:00,AAPL,2018-06-06,2018-06,train_forward_oof,1,1,1,14,14,0,0.3457035082629713,0.3485873767313092,0.3457035082629713,0.3457035082629713,0.3457035082629713,0.3873780380539277,0.3732260790910625,0.40097533054003737
AMZN|2018-06-06 15:30:00+00:00,AMZN,2018-06-06,2018-06,train_forward_oof,0,1,1,1,1,0,0.4082577965571085,0.39247385530576945,0.4082577965571085,0.4082577965571085,0.4082577965571085,0.3954355005635572,0.40015035576992364,0.4017068199857317
AAPL|2018-06-07 13:30:00+00:00,AAPL,2018-06-07,2018-06,train_forward_oof,0,1,1,14,14,0,0.6186797712113464,0.6216771660969521,0.6291920297482655,0.6186797712113464,0.6186797712113464,0.8481821601025747,0.7400488295878811,0.8009349766243646
AMZN|2018-06-07 13:30:00+00:00,AMZN,2018-06-07,2018-06,train_forward_oof,0,1,1,1,1,0,0.2855538743825185,0.2723306261784008,0.2855538743825185,0.2855538743825185,0.2855538743825185,0.27479573728254497,0.278735362692229,0.2800400375606881
AAPL|2018-06-07 14:30:00+00:00,AAPL,2018-06-07,2018-06,train_forward_oof,0,1,1,12,12,3,0.5107068643782103,0.5124936918527453,0.521895461049859,0.37146425979746156,0.38573158743484237,0.5620510138098188,0.47214808856665025,0.49969119931010586
AMZN|2018-06-07 14:30:00+00:00,AMZN,2018-06-07,2018-06,train_forward_oof,1,1,1,2,2,0,0.2851180261395949,0.27504498244143444,0.2851180261395949,0.2851180261395949,0.2851180261395949,0.28380211740759115,0.28454182146246076,0.27134483200187043
AAPL|2018-06-07 15:30:00+00:00,AAPL,2018-06-07,2018-06,train_forward_oof,1,1,1,13,13,0,0.4750866602592469,0.4775904287559559,0.48627043605237097,0.4750866602592469,0.4750866602592469,0.7556085576639624,0.6123712943759417,0.6840105743812475
AMZN|2018-06-07 15:30:00+00:00,AMZN,2018-06-07,2018-06,train_forward_oof,0,1,1,2,2,0,0.5932972088282116,0.581187981758109,0.5932972088282116,0.5932972088282116,0.5932972088282116,0.5917362870266951,0.5926144839315606,0.5766452756457207
AAPL|2018-06-08 13:30:00+00:00,AAPL,2018-06-08,2018-06,train_forward_oof,1,1,1,23,21,3,0.6006447264395416,0.6173232962559064,0.6027767212123482,0.5420671136837131,0.5148088737791292,0.6529784485425003,0.5664765697822118,0.5237798142609223
AMZN|2018-06-08 13:30:00+00:00,AMZN,2018-06-08,2018-06,train_forward_oof,1,0,0,0,0,0,0.5499954638166757,0.5499954638166757,0.5499954638166757,0.5499954638166757,0.5499954638166757,0.5499954638166757,0.5499954638166757,0.5499954638166757
AAPL|2018-06-08 14:30:00+00:00,AAPL,2018-06-08,2018-06,train_forward_oof,1,1,1,30,28,0,0.5819872761601792,0.5980053915434423,0.6108822572994393,0.5819872761601792,0.5819872761601792,0.8123831310569053,0.716404919594258,0.7812142304880403
AMZN|2018-06-08 14:30:00+00:00,AMZN,2018-06-08,2018-06,train_forward_oof,1,0,0,0,0,0,0.5548554219534851,0.5548554219534851,0.5548554219534851,0.5548554219534851,0.5548554219534851,0.5548554219534851,0.5548554219534851,0.5548554219534851
AAPL|2018-06-08 15:30:00+00:00,AAPL,2018-06-08,2018-06,train_forward_oof,1,1,1,32,29,2,0.5499611691621213,0.5645865941704971,0.5967586020393716,0.536418944615786,0.5177281905426211,0.7286492582233847,0.6410073305500144,0.44713614937831603
AMZN|2018-06-08 15:30:00+00:00,AMZN,2018-06-08,2018-06,train_forward_oof,0,0,0,0,0,0,0.5704863500248424,0.5704863500248424,0.5704863500248424,0.5704863500248424,0.5704863500248424,0.5704863500248424,0.5704863500248424,0.5704863500248424
AAPL|2018-06-11 13:30:00+00:00,AAPL,2018-06-11,2018-06,train_forward_oof,1,1,1,22,22,3,0.5901671357610486,0.5972523372667712,0.5952416974676003,0.46258919248844316,0.4784252936388473,0.43119551933523553,0.4958272379728019,0.5413441687510206
AMZN|2018-06-11 13:30:00+00:00,AMZN,2018-06-11,2018-06,train_forward_oof,1,0,0,0,0,0,0.5723931168096973,0.5723931168096973,0.5723931168096973,0.5723931168096973,0.5723931168096973,0.5723931168096973,0.5723931168096973,0.5723931168096973
AAPL|2018-06-11 14:30:00+00:00,AAPL,2018-06-11,2018-06,train_forward_oof,1,1,1,18,18,0,0.5295186060946041,0.5349786881001953,0.534752119948567,0.5295186060946041,0.5295186060946041,0.5791947799699083,0.5821805439242485,0.665050297659654
AMZN|2018-06-11 14:30:00+00:00,AMZN,2018-06-11,2018-06,train_forward_oof,1,1,1,2,2,0,0.5440264991022133,0.5316084289879469,0.5440264991022133,0.5440264991022133,0.5440264991022133,0.5424223196580426,0.5433247281284361,0.526965648569522
AAPL|2018-06-11 15:30:00+00:00,AAPL,2018-06-11,2018-06,train_forward_oof,1,1,1,20,20,0,0.4785653983560731,0.4850142182536891,0.48381318239641036,0.4785653983560731,0.4785653983560731,0.5317169558111063,0.533783496216314,0.6305067739057171
AMZN|2018-06-11 15:30:00+00:00,AMZN,2018-06-11,2018-06,train_forward_oof,1,1,1,2,2,0,0.4113599842407743,0.399318181413823,0.4113599842407743,0.4113599842407743,0.4113599842407743,0.40979542260658064,0.41067521443805144,0.3948567845378752
AAPL|2018-06-12 13:30:00+00:00,AAPL,2018-06-12,2018-06,train_forward_oof,1,1,1,15,15,3,0.5786062100245754,0.5823171468248853,0.5786062100245754,0.4355106345298453,0.45589757472407927,0.3641194276486452,0.4383968144005386,0.5058583276052216
AMZN|2018-06-12 13:30:00+00:00,AMZN,2018-06-12,2018-06,train_forward_oof,1,1,1,1,1,3,0.6077650454185004,0.5919842593371796,0.6077650454185004,0.3492094977777409,0.44121018661432354,0.16505236810055773,0.3698877453669889,0.5515045136301836
AAPL|2018-06-12 14:30:00+00:00,AAPL,2018-06-12,2018-06,train_forward_oof,1,1,1,17,17,0,0.4623475842169647,0.4672794812802791,0.4623475842169647,0.4623475842169647,0.4623475842169647,0.5124520219413687,0.4956372937595328,0.5452116428255362
AMZN|2018-06-12 14:30:00+00:00,AMZN,2018-06-12,2018-06,train_forward_oof,1,0,0,0,0,0,0.4753069756183083,0.4753069756183083,0.4753069756183083,0.4753069756183083,0.4753069756183083,0.4753069756183083,0.4753069756183083,0.4753069756183083
AAPL|2018-06-12 15:30:00+00:00,AAPL,2018-06-12,2018-06,train_forward_oof,1,1,1,16,16,3,0.5051749926445572,0.5095739303333703,0.5051749926445572,0.38276973052184077,0.4084381891114698,0.34103473930806616,0.41216042379587425,0.3084461277956984
AMZN|2018-06-12 15:30:00+00:00,AMZN,2018-06-12,2018-06,train_forward_oof,0,0,0,0,0,0,0.5118375107022228,0.5118375107022228,0.5118375107022228,0.5118375107022228,0.5118375107022228,0.5118375107022228,0.5118375107022228,0.5118375107022228
AAPL|2018-06-13 13:30:00+00:00,AAPL,2018-06-13,2018-06,train_forward_oof,0,1,1,17,16,0,0.6173489272700385,0.6298068664133986,0.6173489272700385,0.6173489272700385,0.6173489272700385,0.7001499639123754,0.6725750660679323,0.6860410158210403
AMZN|2018-06-13 13:30:00+00:00,AMZN,2018-06-13,2018-06,train_forward_oof,1,1,1,1,1,3,0.2659065044548311,0.25327054452965986,0.2659065044548311,0.11395995664050049,0.14929425761399392,0.04655077852862682,0.11148321303334181,0.21538695958453533
AAPL|2018-06-13 14:30:00+00:00,AAPL,2018-06-13,2018-06,train_forward_oof,0,1,1,17,17,0,0.5266794271117323,0.5316190248938498,0.5266794271117323,0.5266794271117323,0.5266794271117323,0.5762829513545753,0.5597785156851515,0.6080341632262298
AMZN|2018-06-13 14:30:00+00:00,AMZN,2018-06-13,2018-06,train_forward_oof,0,1,1,1,1,3,0.2654895007962996,0.25286653112749746,0.2654895007962996,0.11134892406328764,0.15139812028932778,0.04430760546937385,0.11661407841455124,0.19910545810795882
AAPL|2018-06-13 15:30:00+00:00,AAPL,2018-06-13,2018-06,train_forward_oof,0,1,1,15,15,3,0.4109885918551652,0.4146824070683958,0.4109885918551652,0.2786809118879959,0.29911056907775224,0.25524094194767016,0.29443281757301026,0.21523886737181105
AMZN|2018-06-13 15:30:00+00:00,AMZN,2018-06-13,2018-06,train_forward_oof,0,1,1,1,1,3,0.244331795132898,0.23239650654288346,0.244331795132898,0.10102434060330508,0.1381137716861544,0.03953466594799699,0.10555439606113634,0.1864361086902955
AAPL|2018-06-14 13:30:00+00:00,AAPL,2018-06-14,2018-06,train_forward_oof,0,1,1,14,14,3,0.5760095866035776,0.5791142138340892,0.5760095866035776,0.3627108813555636,0.4375930150068017,0.24651798411545875,0.4120477845513478,0.3994366358941371
AMZN|2018-06-14 13:30:00+00:00,AMZN,2018-06-14,2018-06,train_forward_oof,1,0,0,0,0,0,0.5665994282410521,0.5665994282410521,0.5665994282410521,0.5665994282410521,0.5665994282410521,0.5665994282410521,0.5665994282410521,0.5665994282410521
AAPL|2018-06-14 14:30:00+00:00,AAPL,2018-06-14,2018-06,train_forward_oof,0,1,1,20,20,3,0.4045613493141149,0.41079858116234996,0.4045613493141149,0.4009283034654515,0.3602445463792767,0.46640520269912217,0.3871499190282422,0.36476237366068903
AMZN|2018-06-14 14:30:00+00:00,AMZN,2018-06-14,2018-06,train_forward_oof,1,1,1,1,1,0,0.2777896286433862,0.2647926665085185,0.2777896286433862,0.2777896286433862,0.2777896286433862,0.26721460118517787,0.2710861672614576,0.27236855895061574
AAPL|2018-06-14 15:30:00+00:00,AAPL,2018-06-14,2018-06,train_forward_oof,0,1,1,16,16,3,0.3537815914598446,0.3578155131200369,0.3537815914598446,0.2985456393229815,0.28915018283311267,0.3580034360542562,0.31387358800316756,0.2067763762458636
AMZN|2018-06-14 15:30:00+00:00,AMZN,2018-06-14,2018-06,train_forward_oof,1,1,1,1,1,0,0.2628403496793255,0.2503004141602913,0.2628403496793255,0.2628403496793255,0.2628403496793255,0.25263534375111046,0.25636957797972376,0.2576069556185882
AAPL|2018-06-15 13:30:00+00:00,AAPL,2018-06-15,2018-06,train_forward_oof,0,1,1,13,12,0,0.6696978509070196,0.6777599849242698,0.6696978509070196,0.6696978509070196,0.6696978509070196,0.7314200768088176,0.7108758756811657,0.7045801934980086
AMZN|2018-06-15 13:30:00+00:00,AMZN,2018-06-15,2018-06,train_forward_oof,1,1,1,1,1,1,0.5790119330314452,0.5629062900701899,0.5790119330314452,0.6154851374285037,0.5958806335789886,0.5546531256170565,0.5566343355526582,0.7299286062903484
AAPL|2018-06-15 14:30:00+00:00,AAPL,2018-06-15,2018-06,train_forward_oof,1,1,1,15,14,0,0.6250337093272408,0.6339251123215842,0.6282018406155213,0.6250337093272408,0.6250337093272408,0.8724963519368125,0.7424126305712814,0.8112331957698948
AMZN|2018-06-15 14:30:00+00:00,AMZN,2018-06-15,2018-06,train_forward_oof,1,0,0,0,0,0,0.5250753141989777,0.5250753141989777,0.5250753141989777,0.5250753141989777,0.5250753141989777,0.5250753141989777,0.5250753141989777,0.5250753141989777
AAPL|2018-06-15 15:30:00+00:00,AAPL,2018-06-15,2018-06,train_forward_oof,1,1,1,19,16,3,0.5399480807957349,0.5538433483670019,0.5433098365288674,0.38899222477028256,0.38583560021582675,0.6151979364619407,0.4587463224238328,0.6561749336713358
AMZN|2018-06-15 15:30:00+00:00,AMZN,2018-06-15,2018-06,train_forward_oof,1,0,0,0,0,0,0.5142124037410178,0.5142124037410178,0.5142124037410178,0.5142124037410178,0.5142124037410178,0.5142124037410178,0.5142124037410178,0.5142124037410178
AAPL|2018-06-18 13:30:00+00:00,AAPL,2018-06-18,2018-06,train_forward_oof,1,1,1,11,10,0,0.6656540637255788,0.6744315929717439,0.6656540637255788,0.6656540637255788,0.6656540637255788,0.7334972026331841,0.7108602725752756,0.6821005012167716
AMZN|2018-06-18 13:30:00+00:00,AMZN,2018-06-18,2018-06,train_forward_oof,1,0,0,0,0,0,0.5578319123234394,0.5578319123234394,0.5578319123234394,0.5578319123234394,0.5578319123234394,0.5578319123234394,0.5578319123234394,0.5578319123234394
AAPL|2018-06-18 14:30:00+00:00,AAPL,2018-06-18,2018-06,train_forward_oof,1,1,1,15,14,0,0.6426699101169493,0.6521053577230098,0.6426699101169493,0.6426699101169493,0.6426699101169493,0.7106272913136975,0.6879861642065548,0.6951852569566334
AMZN|2018-06-18 14:30:00+00:00,AMZN,2018-06-18,2018-06,train_forward_oof,1,1,1,2,2,0,0.2981460490788084,0.2877980302260746,0.2981460490788084,0.2981460490788084,0.2981460490788084,0.29679497524138126,0.2975544744226471,0.2839935233478618
AAPL|2018-06-18 15:30:00+00:00,AAPL,2018-06-18,2018-06,train_forward_oof,0,1,1,18,18,0,0.5543248620315953,0.5597364186083317,0.5543248620315953,0.5543248620315953,0.5543248620315953,0.6047092157246934,0.58800319079053,0.640783408421066
AMZN|2018-06-18 15:30:00+00:00,AMZN,2018-06-18,2018-06,train_forward_oof,0,1,1,3,3,0,0.1154575824948631,0.1115581579769417,0.1154575824948631,0.1154575824948631,0.1154575824948631,0.11822284524510049,0.11741751228043168,0.10582224203401465
AAPL|2018-06-19 13:30:00+00:00,AAPL,2018-06-19,2018-06,train_forward_oof,1,1,1,15,14,0,0.514906981487391,0.5319475474731633,0.514906981487391,0.514906981487391,0.514906981487391,0.628885496218835,0.5900286328297759,0.5739025083624735
AMZN|2018-06-19 13:30:00+00:00,AMZN,2018-06-19,2018-06,train_forward_oof,1,1,1,1,1,3,0.2956795558874897,0.2821726049608465,0.2956795558874897,0.13979023419847358,0.17449961837393876,0.06540578119781178,0.13386236311101893,0.2507906506631748
AAPL|2018-06-19 14:30:00+00:00,AAPL,2018-06-19,2018-06,train_forward_oof,1,1,1,11,10,0,0.4355192569811244,0.4543143499629947,0.4125300850629025,0.4355192569811244,0.4355192569811244,0.6550476586717652,0.5173576924474163,0.5231820759033737
AMZN|2018-06-19 14:30:00+00:00,AMZN,2018-06-19,2018-06,train_forward_oof,1,1,1,1,1,3,0.2952346391500685,0.2817398824424125,0.2952346391500685,0.13706457643272152,0.1732966056561635,0.06284438065242073,0.13365812097443555,0.2405883790743237
AAPL|2018-06-19 15:30:00+00:00,AAPL,2018-06-19,2018-06,train_forward_oof,1,1,1,9,9,0,0.4257706256111812,0.42502080601355197,0.40292872660227724,0.4257706256111812,0.4257706256111812,0.5497107988513098,0.4431480617863179,0.5002885919308935
AMZN|2018-06-19 15:30:00+00:00,AMZN,2018-06-19,2018-06,train_forward_oof,1,0,0,0,0,0,0.5330209448868773,0.5330209448868773,0.5330209448868773,0.5330209448868773,0.5330209448868773,0.5330209448868773,0.5330209448868773,0.5330209448868773
AAPL|2018-06-20 13:30:00+00:00,AAPL,2018-06-20,2018-06,train_forward_oof,1,1,1,5,5,0,0.5329207150701771,0.5272006412749422,0.5329207150701771,0.5329207150701771,0.5329207150701771,0.5512088862227066,0.5453159235396744,0.47195143805154766
AMZN|2018-06-20 13:30:00+00:00,AMZN,2018-06-20,2018-06,train_forward_oof,1,1,1,1,1,1,0.4626084566109231,0.44630807571075043,0.4626084566109231,0.5058336664812088,0.4674741939096735,0.44603321313200023,0.41338135251130637,0.6452799342702332
AAPL|2018-06-20 14:30:00+00:00,AAPL,2018-06-20,2018-06,train_forward_oof,1,1,1,7,7,0,0.4807106340642243,0.4777760291665205,0.5430292624579048,0.4807106340642243,0.4807106340642243,0.8203949197781688,0.7218631802954177,0.7241707114521024
AMZN|2018-06-20 14:30:00+00:00,AMZN,2018-06-20,2018-06,train_forward_oof,1,0,0,0,0,0,0.5009621114669505,0.5009621114669505,0.5009621114669505,0.5009621114669505,0.5009621114669505,0.5009621114669505,0.5009621114669505,0.5009621114669505
AAPL|2018-06-20 15:30:00+00:00,AAPL,2018-06-20,2018-06,train_forward_oof,1,1,1,11,11,3,0.3663858742496033,0.36732276934645675,0.44499729152236867,0.2920519730262457,0.29474965743208537,0.6803267716062065,0.5505968018595876,0.5114747474950335
AMZN|2018-06-20 15:30:00+00:00,AMZN,2018-06-20,2018-06,train_forward_oof,1,0,0,0,0,0,0.5786723067559817,0.5786723067559817,0.5786723067559817,0.5786723067559817,0.5786723067559817,0.5786723067559817,0.5786723067559817,0.5786723067559817
AAPL|2018-06-21 13:30:00+00:00,AAPL,2018-06-21,2018-06,train_forward_oof,0,1,1,6,6,0,0.4664526148923869,0.4622343056616395,0.4535821506685535,0.4664526148923869,0.4664526148923869,0.5032365708998489,0.47411097626406257,0.4820605642422472
AMZN|2018-06-21 13:30:00+00:00,AMZN,2018-06-21,2018-06,train_forward_oof,0,0,0,0,0,0,0.5429712320976186,0.5429712320976186,0.5429712320976186,0.5429712320976186,0.5429712320976186,0.5429712320976186,0.5429712320976186,0.5429712320976186
AAPL|2018-06-21 14:30:00+00:00,AAPL,2018-06-21,2018-06,train_forward_oof,0,1,1,8,8,0,0.4378848550034561,0.4361205108538039,0.42517449785143285,0.4378848550034561,0.4378848550034561,0.4816698028968072,0.45019216963408487,0.48618165292940085
AMZN|2018-06-21 14:30:00+00:00,AMZN,2018-06-21,2018-06,train_forward_oof,1,0,0,0,0,0,0.5648832195201406,0.5648832195201406,0.5648832195201406,0.5648832195201406,0.5648832195201406,0.5648832195201406,0.5648832195201406,0.5648832195201406
AAPL|2018-06-21 15:30:00+00:00,AAPL,2018-06-21,2018-06,train_forward_oof,0,1,1,10,10,1,0.5086926259419717,0.5088537343136423,0.4957395732806236,0.4755169425815348,0.47699973239264637,0.4030578020423819,0.4376111896703101,0.3690058441891725
AMZN|2018-06-21 15:30:00+00:00,AMZN,2018-06-21,2018-06,train_forward_oof,0,0,0,0,0,0,0.467330090655255,0.467330090655255,0.467330090655255,0.467330090655255,0.467330090655255,0.467330090655255,0.467330090655255,0.467330090655255
AAPL|2018-06-22 13:30:00+00:00,AAPL,2018-06-22,2018-06,train_forward_oof,0,1,1,9,9,0,0.5813080963218346,0.5805612971371766,0.5782143823800009,0.5813080963218346,0.5813080963218346,0.8229403689325295,0.6941175367122671,0.7116741621210253
AMZN|2018-06-22 13:30:00+00:00,AMZN,2018-06-22,2018-06,train_forward_oof,0,0,0,0,0,0,0.479548695194726,0.479548695194726,0.479548695194726,0.479548695194726,0.479548695194726,0.479548695194726,0.479548695194726,0.479548695194726
AAPL|2018-06-22 14:30:00+00:00,AAPL,2018-06-22,2018-06,train_forward_oof,1,1,1,7,7,3,0.5774292749571888,0.5745575108373178,0.5743278875945648,0.4049071865289712,0.44247758042058166,0.5819904761389316,0.5075335163157656,0.4072401169991507
AMZN|2018-06-22 14:30:00+00:00,AMZN,2018-06-22,2018-06,train_forward_oof,1,0,0,0,0,0,0.4263189577440756,0.4263189577440756,0.4263189577440756,0.4263189577440756,0.4263189577440756,0.4263189577440756,0.4263189577440756,0.4263189577440756
AAPL|2018-06-22 15:30:00+00:00,AAPL,2018-06-22,2018-06,train_forward_oof,1,1,1,7,7,3,0.5075782457176148,0.5046390134564237,0.545621502162436,0.4452122603724606,0.4304041749923065,0.7802270496613923,0.6235891969260962,0.5685590718183298
AMZN|2018-06-22 15:30:00+00:00,AMZN,2018-06-22,2018-06,train_forward_oof,0,0,0,0,0,0,0.3487699932679914,0.3487699932679914,0.3487699932679914,0.3487699932679914,0.3487699932679914,0.3487699932679914,0.3487699932679914,0.3487699932679914
AAPL|2018-06-25 13:30:00+00:00,AAPL,2018-06-25,2018-06,train_forward_oof,0,1,1,6,6,0,0.5175956881888472,0.5133598793883803,0.5599970634315028,0.5175956881888472,0.5175956881888472,0.9646235555973055,0.822207851100625,0.8218900611483851
AMZN|2018-06-25 13:30:00+00:00,AMZN,2018-06-25,2018-06,train_forward_oof,0,0,0,0,0,0,0.5213913050525607,0.5213913050525607,0.5213913050525607,0.5213913050525607,0.5213913050525607,0.5213913050525607,0.5213913050525607,0.5213913050525607
AAPL|2018-06-25 14:30:00+00:00,AAPL,2018-06-25,2018-06,train_forward_oof,0,1,1,12,11,0,0.5063791947018115,0.522539995160406,0.6004308240115479,0.5063791947018115,0.5063791947018115,0.9782065400641534,0.8675789516970231,0.8578222069458334
AMZN|2018-06-25 14:30:00+00:00,AMZN,2018-06-25,2018-06,train_forward_oof,0,0,0,0,0,0,0.4042365261402864,0.4042365261402864,0.4042365261402864,0.4042365261402864,0.4042365261402864,0.4042365261402864,0.4042365261402864,0.4042365261402864
AAPL|2018-06-25 15:30:00+00:00,AAPL,2018-06-25,2018-06,train_forward_oof,0,1,1,14,12,0,0.4997095216853773,0.5196398895746794,0.5940130937713572,0.4997095216853773,0.4997095216853773,0.9786539360925925,0.8679928227056758,0.8599119577126199
AMZN|2018-06-25 15:30:00+00:00,AMZN,2018-06-25,2018-06,train_forward_oof,0,0,0,0,0,0,0.3905110405799823,0.3905110405799823,0.3905110405799823,0.3905110405799823,0.3905110405799823,0.3905110405799823,0.3905110405799823,0.3905110405799823
AAPL|2018-06-26 13:30:00+00:00,AAPL,2018-06-26,2018-06,train_forward_oof,1,1,1,5,5,0,0.4997132656310745,0.4939726693765229,0.4997132656310745,0.4997132656310745,0.4997132656310745,0.5181259800405925,0.5121830586768525,0.4389726026746401
AMZN|2018-06-26 13:30:00+00:00,AMZN,2018-06-26,2018-06,train_forward_oof,1,1,1,1,1,3,0.4643551908278373,0.44804457699782024,0.4643551908278373,0.23748342918157492,0.3063189879044235,0.10863708466175592,0.2478759598149398,0.3988475932809823
AAPL|2018-06-26 14:30:00+00:00,AAPL,2018-06-26,2018-06,train_forward_oof,1,1,1,10,10,0,0.4378391986855307,0.43799787219229414,0.5296011377291321,0.4378391986855307,0.4378391986855307,0.9903405797396516,0.8868475395965218,0.9077621255969018
AMZN|2018-06-26 14:30:00+00:00,AMZN,2018-06-26,2018-06,train_forward_oof,1,1,1,2,2,0,0.4389283253336628,0.4266644576645223,0.4389283253336628,0.4389283253336628,0.4389283253336628,0.4373368124063137,0.43823182939610644,0.4221122342064117
AAPL|2018-06-26 15:30:00+00:00,AAPL,2018-06-26,2018-06,train_forward_oof,1,1,1,10,10,0,0.3794330349658837,0.37958483412468014,0.46917015919150207,0.3794330349658837,0.3794330349658837,0.9877281088665404,0.8601958749708766,0.8854000650989441
AMZN|2018-06-26 15:30:00+00:00,AMZN,2018-06-26,2018-06,train_forward_oof,1,1,1,2,2,0,0.3794696245920764,0.36777808935972833,0.3794696245920764,0.3794696245920764,0.3794696245920764,0.37794847671420356,0.37880377877814303,0.3634558582635152
AAPL|2018-06-27 13:30:00+00:00,AAPL,2018-06-27,2018-06,train_forward_oof,0,1,1,8,8,3,0.5923434292489855,0.590610634145136,0.5923434292489855,0.6418538464973519,0.5815890389486521,0.6717917941838754,0.5888292605256538,0.4966059475568166
AMZN|2018-06-27 13:30:00+00:00,AMZN,2018-06-27,2018-06,train_forward_oof,0,1,1,1,1,0,0.511274837058575,0.49483867131927045,0.511274837058575,0.511274837058575,0.511274837058575,0.497939653131667,0.502860112172523,0.5044800941171201
AAPL|2018-06-27 14:30:00+00:00,AAPL,2018-06-27,2018-06,train_forward_oof,0,1,1,11,11,3,0.5838545487432031,0.5848342557634597,0.552407177833557,0.4587161160813555,0.49028215729611246,0.19003606731140216,0.3713066508298532,0.25631744290555697
AMZN|2018-06-27 14:30:00+00:00,AMZN,2018-06-27,2018-06,train_forward_oof,0,0,0,0,0,0,0.4820104626247085,0.4820104626247085,0.4820104626247085,0.4820104626247085,0.4820104626247085,0.4820104626247085,0.4820104626247085,0.4820104626247085
AAPL|2018-06-27 15:30:00+00:00,AAPL,2018-06-27,2018-06,train_forward_oof,0,1,1,15,15,3,0.5702010616218391,0.5739315119134167,0.5862827837567366,0.48163871084397647,0.48561488820197835,0.48420101240595753,0.5190860757566446,0.4773040467321276
AMZN|2018-06-27 15:30:00+00:00,AMZN,2018-06-27,2018-06,train_forward_oof,0,0,0,0,0,0,0.3835705282272105,0.3835705282272105,0.3835705282272105,0.3835705282272105,0.3835705282272105,0.3835705282272105,0.3835705282272105,0.3835705282272105
AAPL|2018-06-28 13:30:00+00:00,AAPL,2018-06-28,2018-06,train_forward_oof,1,1,1,6,6,0,0.5324481509183291,0.5282238868549174,0.5324481509183291,0.5324481509183291,0.5324481509183291,0.5551452967001637,0.5477510427765877,0.49166819400287903
AMZN|2018-06-28 13:30:00+00:00,AMZN,2018-06-28,2018-06,train_forward_oof,1,0,0,0,0,0,0.5420206326192593,0.5420206326192593,0.5420206326192593,0.5420206326192593,0.5420206326192593,0.5420206326192593,0.5420206326192593,0.5420206326192593
AAPL|2018-06-28 14:30:00+00:00,AAPL,2018-06-28,2018-06,train_forward_oof,1,1,1,8,8,0,0.4940927675529997,0.4923002951117384,0.4940927675529997,0.4940927675529997,0.4940927675529997,0.5242150425937664,0.5142702594842705,0.48623466861778153
AMZN|2018-06-28 14:30:00+00:00,AMZN,2018-06-28,2018-06,train_forward_oof,1,0,0,0,0,0,0.5217520187324636,0.5217520187324636,0.5217520187324636,0.5217520187324636,0.5217520187324636,0.5217520187324636,0.5217520187324636,0.5217520187324636
AAPL|2018-06-28 15:30:00+00:00,AAPL,2018-06-28,2018-06,train_forward_oof,1,1,1,8,8,0,0.4594330239973196,0.45765254483558426,0.5077487750467395,0.4594330239973196,0.4594330239973196,0.8006593261961262,0.6660657493521202,0.6758570903204768
AMZN|2018-06-28 15:30:00+00:00,AMZN,2018-06-28,2018-06,train_forward_oof,1,0,0,0,0,0,0.7321466022696211,0.7321466022696211,0.7321466022696211,0.7321466022696211,0.7321466022696211,0.7321466022696211,0.7321466022696211,0.7321466022696211
AAPL|2018-06-29 13:30:00+00:00,AAPL,2018-06-29,2018-06,train_forward_oof,0,1,1,9,9,0,0.5439822033405738,0.543221142024337,0.5415581296080079,0.5439822033405738,0.5439822033405738,0.7326897393819575,0.5983622166605711,0.5999434324369715
AMZN|2018-06-29 13:30:00+00:00,AMZN,2018-06-29,2018-06,train_forward_oof,0,0,0,0,0,0,0.6530175613468666,0.6530175613468666,0.6530175613468666,0.6530175613468666,0.6530175613468666,0.6530175613468666,0.6530175613468666,0.6530175613468666
AAPL|2018-06-29 14:30:00+00:00,AAPL,2018-06-29,2018-06,train_forward_oof,1,1,1,9,9,0,0.518685314477015,0.517919448944854,0.5162463523144573,0.518685314477015,0.518685314477015,0.7123251673799756,0.5737180333007739,0.5753274121950882
AMZN|2018-06-29 14:30:00+00:00,AMZN,2018-06-29,2018-06,train_forward_oof,0,1,1,2,2,0,0.7527153953361856,0.7432990302075537,0.7527153953361856,0.7527153953361856,0.7527153953361856,0.7515100606091515,0.7521885051650777,0.7397272404414627
AAPL|2018-06-29 15:30:00+00:00,AAPL,2018-06-29,2018-06,train_forward_oof,0,1,1,8,8,0,0.4157736335359163,0.41403275944773865,0.41340294948518563,0.4157736335359163,0.4157736335359163,0.6176527969183131,0.468566549893995,0.45845011646965717
AMZN|2018-06-29 15:30:00+00:00,AMZN,2018-06-29,2018-06,train_forward_oof,0,1,1,2,2,0,0.6620408184460576,0.6507735972726945,0.6620408184460576,0.6620408184460576,0.6620408184460576,0.6605928007236396,0.6614076346691464,0.6465266169687159
AAPL|2018-07-02 13:30:00+00:00,AAPL,2018-07-02,2018-07,train_forward_oof,1,1,1,3,3,0,0.531638847130712,0.5519256794812976,0.5867650716987498,0.531638847130712,0.531638847130712,0.8162963422676397,0.7475701894193227,0.7219067984430735
AMZN|2018-07-02 13:30:00+00:00,AMZN,2018-07-02,2018-07,train_forward_oof,1,0,0,0,0,0,0.7588004240323845,0.7588004240323845,0.7588004240323845,0.7588004240323845,0.7588004240323845,0.7588004240323845,0.7588004240323845,0.7588004240323845
AAPL|2018-07-02 14:30:00+00:00,AAPL,2018-07-02,2018-07,train_forward_oof,1,1,1,2,2,0,0.4851611834883112,0.507717073728846,0.4851611834883112,0.4851611834883112,0.4851611834883112,0.5456693493642638,0.5420677163301553,0.3949859509893187
AMZN|2018-07-02 14:30:00+00:00,AMZN,2018-07-02,2018-07,train_forward_oof,1,0,0,0,0,0,0.758140942264717,0.758140942264717,0.758140942264717,0.758140942264717,0.758140942264717,0.758140942264717,0.758140942264717,0.758140942264717
AAPL|2018-07-02 15:30:00+00:00,AAPL,2018-07-02,2018-07,train_forward_oof,1,1,1,4,3,3,0.4276628414239796,0.44161345662389084,0.4276628414239796,0.18743706020257128,0.27435478967547955,0.15843255992602398,0.27854970100227977,0.11659218160536186
AMZN|2018-07-02 15:30:00+00:00,AMZN,2018-07-02,2018-07,train_forward_oof,1,0,0,0,0,0,0.5916133981392181,0.5916133981392181,0.5916133981392181,0.5916133981392181,0.5916133981392181,0.5916133981392181,0.5916133981392181,0.5916133981392181
AAPL|2018-07-05 13:30:00+00:00,AAPL,2018-07-05,2018-07,train_forward_oof,1,1,1,4,4,0,0.5104861108927568,0.5292356892733999,0.4699215089146005,0.5104861108927568,0.5104861108927568,0.49188087868274044,0.4774990380583579,0.43264612814001835
AMZN|2018-07-05 13:30:00+00:00,AMZN,2018-07-05,2018-07,train_forward_oof,0,0,0,0,0,0,0.6772346856365127,0.6772346856365127,0.6772346856365127,0.6772346856365127,0.6772346856365127,0.6772346856365127,0.6772346856365127,0.6772346856365127
AAPL|2018-07-05 14:30:00+00:00,AAPL,2018-07-05,2018-07,train_forward_oof,1,1,1,5,4,3,0.458212482130772,0.4780421775328125,0.4182525728985559,0.2073098423787242,0.2750132594715528,0.15345490962265987,0.23994033381740185,0.13562208758308578
AMZN|2018-07-05 14:30:00+00:00,AMZN,2018-07-05,2018-07,train_forward_oof,1,0,0,0,0,0,0.6653192020105608,0.6653192020105608,0.6653192020105608,0.6653192020105608,0.6653192020105608,0.6653192020105608,0.6653192020105608,0.6653192020105608
AAPL|2018-07-05 15:30:00+00:00,AAPL,2018-07-05,2018-07,train_forward_oof,1,1,1,4,3,3,0.4466674586590524,0.46395085955785104,0.4466674586590524,0.3698100635486672,0.3573743469796875,0.38125381940501657,0.38398569852083875,0.1617690585604362
AMZN|2018-07-05 15:30:00+00:00,AMZN,2018-07-05,2018-07,train_forward_oof,1,0,0,0,0,0,0.4716067973672591,0.4716067973672591,0.4716067973672591,0.4716067973672591,0.4716067973672591,0.4716067973672591,0.4716067973672591,0.4716067973672591
AAPL|2018-07-06 13:30:00+00:00,AAPL,2018-07-06,2018-07,train_forward_oof,1,1,1,3,3,0,0.545137278470812,0.5653174816263311,0.545137278470812,0.545137278470812,0.545137278470812,0.6018917991138366,0.5970112474741206,0.48294299042038286
AMZN|2018-07-06 13:30:00+00:00,AMZN,2018-07-06,2018-07,train_forward_oof,1,0,0,0,0,0,0.5286418763170717,0.5286418763170717,0.5286418763170717,0.5286418763170717,0.5286418763170717,0.5286418763170717,0.5286418763170717,0.5286418763170717
AAPL|2018-07-06 14:30:00+00:00,AAPL,2018-07-06,2018-07,train_forward_oof,1,1,1,3,3,0,0.4910181764877225,0.5114476038978701,0.4910181764877225,0.4910181764877225,0.4910181764877225,0.5489380041053844,0.5439002062646593,0.4291726116181956
AMZN|2018-07-06 14:30:00+00:00,AMZN,2018-07-06,2018-07,train_forward_oof,1,0,0,0,0,0,0.543490702753595,0.543490702753595,0.543490702753595,0.543490702753595,0.543490702753595,0.543490702753595,0.543490702753595,0.543490702753595
AAPL|2018-07-06 15:30:00+00:00,AAPL,2018-07-06,2018-07,train_forward_oof,1,1,1,5,5,0,0.4842929180863329,0.5017202298199857,0.4820378060552728,0.4842929180863329,0.4842929180863329,0.6053707401891236,0.5471396277020085,0.5361721992043688
AMZN|2018-07-06 15:30:00+00:00,AMZN,2018-07-06,2018-07,train_forward_oof,1,0,0,0,0,0,0.598122433395616,0.598122433395616,0.598122433395616,0.598122433395616,0.598122433395616,0.598122433395616,0.598122433395616,0.598122433395616
AAPL|2018-07-09 13:30:00+00:00,AAPL,2018-07-09,2018-07,train_forward_oof,1,1,1,4,4,0,0.5675273172137295,0.585864526744257,0.609512908627794,0.5675273172137295,0.5675273172137295,0.6097247568758591,0.6747869978506539,0.5934684797906585
AMZN|2018-07-09 13:30:00+00:00,AMZN,2018-07-09,2018-07,train_forward_oof,1,0,0,0,0,0,0.5860355704882126,0.5860355704882126,0.5860355704882126,0.5860355704882126,0.5860355704882126,0.5860355704882126,0.5860355704882126,0.5860355704882126
AAPL|2018-07-09 14:30:00+00:00,AAPL,2018-07-09,2018-07,train_forward_oof,1,1,1,4,3,0,0.5219973436875887,0.5446131940704844,0.5331929997758734,0.5219973436875887,0.5219973436875887,0.663543873706818,0.6326451795487673,0.4595087932902927
AMZN|2018-07-09 14:30:00+00:00,AMZN,2018-07-09,2018-07,train_forward_oof,1,0,0,0,0,0,0.6117699521755442,0.6117699521755442,0.6117699521755442,0.6117699521755442,0.6117699521755442,0.6117699521755442,0.6117699521755442,0.6117699521755442
AAPL|2018-07-09 15:30:00+00:00,AAPL,2018-07-09,2018-07,train_forward_oof,1,1,1,4,3,0,0.4963895712230626,0.5186685404032597,0.4963895712230626,0.4963895712230626,0.4963895712230626,0.5975688427195638,0.580182206770617,0.3833829541831733
AMZN|2018-07-09 15:30:00+00:00,AMZN,2018-07-09,2018-07,train_forward_oof,1,0,0,0,0,0,0.540937856678892,0.540937856678892,0.540937856678892,0.540937856678892,0.540937856678892,0.540937856678892,0.540937856678892,0.540937856678892
AAPL|2018-07-10 13:30:00+00:00,AAPL,2018-07-10,2018-07,train_forward_oof,1,1,1,5,5,2,0.483482603169613,0.5009090781909683,0.5430002024900538,0.23380721913334948,0.3991795547231798,0.3268094556330383,0.5493603096133131,0.3613999002596929
AMZN|2018-07-10 13:30:00+00:00,AMZN,2018-07-10,2018-07,train_forward_oof,1,0,0,0,0,0,0.6197000007277829,0.6197000007277829,0.6197000007277829,0.6197000007277829,0.6197000007277829,0.6197000007277829,0.6197000007277829,0.6197000007277829
AAPL|2018-07-10 14:30:00+00:00,AAPL,2018-07-10,2018-07,train_forward_oof,0,1,1,7,7,0,0.4901326899930329,0.5054352157614691,0.5272519336665585,0.4901326899930329,0.4901326899930329,0.7909184308512962,0.6663521331597466,0.696394282292412
AMZN|2018-07-10 14:30:00+00:00,AMZN,2018-07-10,2018-07,train_forward_oof,0,0,0,0,0,0,0.5919559434590584,0.5919559434590584,0.5919559434590584,0.5919559434590584,0.5919559434590584,0.5919559434590584,0.5919559434590584,0.5919559434590584
AAPL|2018-07-10 15:30:00+00:00,AAPL,2018-07-10,2018-07,train_forward_oof,0,1,1,6,6,0,0.452027187804895,0.46821406464973786,0.5837319907515625,0.452027187804895,0.452027187804895,0.7763969802194693,0.753956714056937,0.7816501430051649
AMZN|2018-07-10 15:30:00+00:00,AMZN,2018-07-10,2018-07,train_forward_oof,0,0,0,0,0,0,0.5167902758687765,0.5167902758687765,0.5167902758687765,0.5167902758687765,0.5167902758687765,0.5167902758687765,0.5167902758687765,0.5167902758687765
AAPL|2018-07-11 13:30:00+00:00,AAPL,2018-07-11,2018-07,train_forward_oof,1,1,1,6,6,0,0.5364239139353525,0.5525853514792937,0.6526416870432041,0.5364239139353525,0.5364239139353525,0.8183872607686636,0.8097780929199547,0.8180219475592295
AMZN|2018-07-11 13:30:00+00:00,AMZN,2018-07-11,2018-07,train_forward_oof,1,0,0,0,0,0,0.5319455627919023,0.5319455627919023,0.5319455627919023,0.5319455627919023,0.5319455627919023,0.5319455627919023,0.5319455627919023,0.5319455627919023
AAPL|2018-07-11 14:30:00+00:00,AAPL,2018-07-11,2018-07,train_forward_oof,0,1,1,8,8,0,0.4841210243584765,0.49854826912548483,0.5748808732718416,0.4841210243584765,0.4841210243584765,0.8280134541784895,0.7530200495028404,0.7997915415190786
AMZN|2018-07-11 14:30:00+00:00,AMZN,2018-07-11,2018-07,train_forward_oof,0,1,1,1,1,1,0.5184999388711782,0.543955394380507,0.5184999388711782,0.8608254439621444,0.6911402026957242,0.894116583002432,0.7075513378462035,0.7005316995702946
AAPL|2018-07-11 15:30:00+00:00,AAPL,2018-07-11,2018-07,train_forward_oof,0,1,1,11,11,0,0.5048697392963303,0.5171672575438753,0.4788127204853552,0.5048697392963303,0.5048697392963303,0.48172280747236323,0.4773788298860583,0.54325258260349
AMZN|2018-07-11 15:30:00+00:00,AMZN,2018-07-11,2018-07,train_forward_oof,1,1,1,1,1,1,0.5526706981406403,0.5777906676758833,0.5526706981406403,0.8800486809847086,0.7350956123545291,0.9093556007142741,0.7479115860349566,0.7601416272428613
AAPL|2018-07-12 13:30:00+00:00,AAPL,2018-07-12,2018-07,train_forward_oof,1,1,1,6,6,1,0.5844714676228806,0.6002062581344181,0.5093344638179591,0.6716579247753297,0.5993814378865234,0.36065090012027345,0.38441682271821354,0.2042639624225426
AMZN|2018-07-12 13:30:00+00:00,AMZN,2018-07-12,2018-07,train_forward_oof,1,0,0,0,0,0,0.5008291946232052,0.5008291946232052,0.5008291946232052,0.5008291946232052,0.5008291946232052,0.5008291946232052,0.5008291946232052,0.5008291946232052
AAPL|2018-07-12 14:30:00+00:00,AAPL,2018-07-12,2018-07,train_forward_oof,1,1,1,6,6,1,0.5511418456927257,0.5672041600980986,0.4753876075227398,0.6305910525029412,0.5494510098177889,0.3210793421310728,0.33817288751208757,0.1839064549923469
AMZN|2018-07-12 14:30:00+00:00,AMZN,2018-07-12,2018-07,train_forward_oof,1,0,0,0,0,0,0.483886211962433,0.483886211962433,0.483886211962433,0.483886211962433,0.483886211962433,0.483886211962433,0.483886211962433,0.483886211962433
AAPL|2018-07-12 15:30:00+00:00,AAPL,2018-07-12,2018-07,train_forward_oof,1,1,1,7,7,0,0.4433384071043886,0.45849372706871844,0.39595990445173446,0.4433384071043886,0.4433384071043886,0.2896015280799656,0.3223670162255605,0.2644194932337969
AMZN|2018-07-12 15:30:00+00:00,AMZN,2018-07-12,2018-07,train_forward_oof,1,0,0,0,0,0,0.56172361090954,0.56172361090954,0.56172361090954,0.56172361090954,0.56172361090954,0.56172361090954,0.56172361090954,0.56172361090954
AAPL|2018-07-13 13:30:00+00:00,AAPL,2018-07-13,2018-07,train_forward_oof,1,1,1,2,2,0,0.546433490987775,0.5686914105658706,0.546433490987775,0.546433490987775,0.546433490987775,0.6055945716489648,0.6021216021154551,0.4549331167848627
AMZN|2018-07-13 13:30:00+00:00,AMZN,2018-07-13,2018-07,train_forward_oof,1,0,0,0,0,0,0.5624319865330891,0.5624319865330891,0.5624319865330891,0.5624319865330891,0.5624319865330891,0.5624319865330891,0.5624319865330891,0.5624319865330891
AAPL|2018-07-13 14:30:00+00:00,AAPL,2018-07-13,2018-07,train_forward_oof,0,1,1,4,4,0,0.5123393668718569,0.5310831649518751,0.5123393668718569,0.5123393668718569,0.5123393668718569,0.5680083320571979,0.5619052497887631,0.47287446451024384
AMZN|2018-07-13 14:30:00+00:00,AMZN,2018-07-13,2018-07,train_forward_oof,0,1,1,1,1,0,0.526777802275123,0.5521736077143596,0.526777802275123,0.526777802275123,0.526777802275123,0.5900614273771623,0.5885288817166244,0.5742614045546643
AAPL|2018-07-13 15:30:00+00:00,AAPL,2018-07-13,2018-07,train_forward_oof,0,1,1,5,5,0,0.4269343751578051,0.4440749887096814,0.4269343751578051,0.4269343751578051,0.4269343751578051,0.48088359507375333,0.47377018141166843,0.406673997665895
AMZN|2018-07-13 15:30:00+00:00,AMZN,2018-07-13,2018-07,train_forward_oof,0,1,1,2,2,0,0.4662361501600615,0.4887474505402678,0.4662361501600615,0.4662361501600615,0.4662361501600615,0.526799148345813,0.5231786412373989,0.49236505938916536
AAPL|2018-07-16 13:30:00+00:00,AAPL,2018-07-16,2018-07,train_forward_oof,0,1,1,6,5,3,0.4430422187075171,0.4609151241362389,0.5378598394852492,0.3892525311357661,0.386375428693499,0.7391938060955392,0.6353592977636174,0.5457531593474482
AMZN|2018-07-16 13:30:00+00:00,AMZN,2018-07-16,2018-07,train_forward_oof,1,0,0,0,0,0,0.6652137245784007,0.6652137245784007,0.6652137245784007,0.6652137245784007,0.6652137245784007,0.6652137245784007,0.6652137245784007,0.6652137245784007
AAPL|2018-07-16 14:30:00+00:00,AAPL,2018-07-16,2018-07,train_forward_oof,0,1,1,6,5,0,0.4383690012762554,0.4616562536222424,0.5331438590127237,0.4383690012762554,0.4383690012762554,0.8582628734013887,0.7513028052451586,0.7462199505934334
AMZN|2018-07-16 14:30:00+00:00,AMZN,2018-07-16,2018-07,train_forward_oof,1,1,1,1,1,0,0.5325799144455226,0.557925652297808,0.5325799144455226,0.5325799144455226,0.5325799144455226,0.5956831619616887,0.594157177772547,0.5799455670543293
AAPL|2018-07-16 15:30:00+00:00,AAPL,2018-07-16,2018-07,train_forward_oof,0,1,1,8,8,0,0.3871204760442742,0.4009034607942301,0.4802906493433337,0.3871204760442742,0.3871204760442742,0.7949006560817112,0.6709227082821034,0.7681911234970847
AMZN|2018-07-16 15:30:00+00:00,AMZN,2018-07-16,2018-07,train_forward_oof,0,1,1,2,1,0,0.4967356544896812,0.4335428345392367,0.4967356544896812,0.4967356544896812,0.4967356544896812,0.20699483902061214,0.2806462351557882,0.21166214774938485
AAPL|2018-07-17 13:30:00+00:00,AAPL,2018-07-17,2018-07,train_forward_oof,1,1,1,8,8,3,0.5707311507360087,0.5848135003544451,0.5876324144207506,0.49203523938662913,0.495978422516943,0.5845446189400444,0.5720196724604236,0.4431466295746527
AMZN|2018-07-17 13:30:00+00:00,AMZN,2018-07-17,2018-07,train_forward_oof,1,1,1,1,1,0,0.4283987705599901,0.45359789326649597,0.4283987705599901,0.4283987705599901,0.4283987705599901,0.49215524394205334,0.4905726802819925,0.4759331746809182
AAPL|2018-07-17 14:30:00+00:00,AAPL,2018-07-17,2018-07,train_forward_oof,1,1,1,2,2,0,0.5245576212024383,0.5469990973744003,0.5245576212024383,0.5245576212024383,0.5245576212024383,0.5844019026930991,0.5808714737008586,0.4332215579698401
AMZN|2018-07-17 14:30:00+00:00,AMZN,2018-07-17,2018-07,train_forward_oof,1,1,1,1,1,0,0.4196742643540379,0.44475950717093526,0.4196742643540379,0.4196742643540379,0.4196742643540379,0.4832299973836605,0.4816489141290765,0.46703157064858924
AAPL|2018-07-17 15:30:00+00:00,AAPL,2018-07-17,2018-07,train_forward_oof,1,1,1,3,3,0,0.5185302702355302,0.5388924301567041,0.5185302702355302,0.5185302702355302,0.5185302702355302,0.576022642879769,0.5710509669774606,0.4563262154090813
AMZN|2018-07-17 15:30:00+00:00,AMZN,2018-07-17,2018-07,train_forward_oof,1,1,1,1,1,0,0.4143110624349017,0.43931841197778354,0.4143110624349017,0.4143110624349017,0.4143110624349017,0.4777231959993669,0.47614352923015735,0.46154449625198407
AAPL|2018-07-18 13:30:00+00:00,AAPL,2018-07-18,2018-07,train_forward_oof,0,1,1,4,4,0,0.5552695482913681,0.5737361264627993,0.5765122085603925,0.5552695482913681,0.5552695482913681,0.7542013519734244,0.7053566191245388,0.6490698063053738
AMZN|2018-07-18 13:30:00+00:00,AMZN,2018-07-18,2018-07,train_forward_oof,0,1,1,3,2,0,0.4760042771147911,0.48559189244652173,0.4760042771147911,0.4760042771147911,0.4760042771147911,0.515041466821429,0.5155123773369964,0.6831147026408355
AAPL|2018-07-18 14:30:00+00:00,AAPL,2018-07-18,2018-07,train_forward_oof,1,1,1,3,3,0,0.5531859940135391,0.573288623811712,0.5531859940135391,0.5531859940135391,0.5531859940135391,0.6096553530223302,0.6048074864143307,0.49106479028829475
AMZN|2018-07-18 14:30:00+00:00,AMZN,2018-07-18,2018-07,train_forward_oof,1,1,1,5,4,0,0.4741709460461513,0.4918455280164857,0.4741709460461513,0.4741709460461513,0.4741709460461513,0.55219399656897,0.5392877013406331,0.6456685502990567
AAPL|2018-07-18 15:30:00+00:00,AAPL,2018-07-18,2018-07,train_forward_oof,1,1,1,3,3,0,0.5485095946457132,0.5686585662183123,0.5485095946457132,0.5485095946457132,0.5485095946457132,0.6051481149410721,0.6002809723679312,0.4863419332377965
AMZN|2018-07-18 15:30:00+00:00,AMZN,2018-07-18,2018-07,train_forward_oof,0,1,1,6,4,0,0.4330718382292455,0.42310381679292486,0.4330718382292455,0.4330718382292455,0.4330718382292455,0.3864574726329875,0.40502922295347016,0.4708286025826923
AAPL|2018-07-19 13:30:00+00:00,AAPL,2018-07-19,2018-07,train_forward_oof,1,1,1,4,4,3,0.4929595525783834,0.51173835703923,0.5721947596319257,0.32737362414495796,0.3835200206911297,0.4372085580421831,0.54304194067281,0.40753011867526623
AMZN|2018-07-19 13:30:00+00:00,AMZN,2018-07-19,2018-07,train_forward_oof,0,0,0,0,0,0,0.5816882467266815,0.5816882467266815,0.5816882467266815,0.5816882467266815,0.5816882467266815,0.5816882467266815,0.5816882467266815,0.5816882467266815
AAPL|2018-07-19 14:30:00+00:00,AAPL,2018-07-19,2018-07,train_forward_oof,1,1,1,4,4,0,0.4697704903871002,0.48851702339628733,0.4939832869570792,0.4697704903871002,0.4697704903871002,0.5227871161094779,0.550207011657879,0.5078524868171824
AMZN|2018-07-19 14:30:00+00:00,AMZN,2018-07-19,2018-07,train_forward_oof,0,0,0,0,0,0,0.5671041646318546,0.5671041646318546,0.5671041646318546,0.5671041646318546,0.5671041646318546,0.5671041646318546,0.5671041646318546,0.5671041646318546
AAPL|2018-07-19 15:30:00+00:00,AAPL,2018-07-19,2018-07,train_forward_oof,0,1,1,7,7,0,0.4666018561968927,0.48186403243689074,0.49080250878325704,0.4666018561968927,0.4666018561968927,0.5154304673223997,0.540547698031689,0.5525632622842678
AMZN|2018-07-19 15:30:00+00:00,AMZN,2018-07-19,2018-07,train_forward_oof,0,0,0,0,0,0,0.4505842499520501,0.4505842499520501,0.4505842499520501,0.4505842499520501,0.4505842499520501,0.4505842499520501,0.4505842499520501,0.4505842499520501
AAPL|2018-07-20 13:30:00+00:00,AAPL,2018-07-20,2018-07,train_forward_oof,1,1,1,8,8,0,0.5739756773663214,0.588028419233204,0.5961023276547396,0.5739756773663214,0.5739756773663214,0.8109950458110128,0.7345905203535571,0.7487323429325873
AMZN|2018-07-20 13:30:00+00:00,AMZN,2018-07-20,2018-07,train_forward_oof,0,0,0,0,0,0,0.5884809717531606,0.5884809717531606,0.5884809717531606,0.5884809717531606,0.5884809717531606,0.5884809717531606,0.5884809717531606,0.5884809717531606
AAPL|2018-07-20 14:30:00+00:00,AAPL,2018-07-20,2018-07,train_forward_oof,0,1,1,7,7,0,0.5404660960932928,0.5556275835132015,0.6216922874507046,0.5404660960932928,0.5404660960932928,0.9030606558534405,0.8089613021170609,0.789797320054558
AMZN|2018-07-20 14:30:00+00:00,AMZN,2018-07-20,2018-07,train_forward_oof,0,0,0,0,0,0,0.5869236025208189,0.5869236025208189,0.5869236025208189,0.5869236025208189,0.5869236025208189,0.5869236025208189,0.5869236025208189,0.5869236025208189
AAPL|2018-07-20 15:30:00+00:00,AAPL,2018-07-20,2018-07,train_forward_oof,0,1,1,4,4,0,0.4471550527747044,0.4657919087511054,0.5305483999110738,0.4471550527747044,0.4471550527747044,0.8669270059352299,0.7493440617728301,0.6806947560242086
AMZN|2018-07-20 15:30:00+00:00,AMZN,2018-07-20,2018-07,train_forward_oof,0,0,0,0,0,0,0.4996311277761234,0.4996311277761234,0.4996311277761234,0.4996311277761234,0.4996311277761234,0.4996311277761234,0.4996311277761234,0.4996311277761234
AAPL|2018-07-23 13:30:00+00:00,AAPL,2018-07-23,2018-07,train_forward_oof,1,1,1,6,6,0,0.5726715046359802,0.5885385613010897,0.5471096748492316,0.5726715046359802,0.5726715046359802,0.5880795986523579,0.5740096558151541,0.5588116892045967
AMZN|2018-07-23 13:30:00+00:00,AMZN,2018-07-23,2018-07,train_forward_oof,0,0,0,0,0,0,0.7082405077270179,0.7082405077270179,0.7082405077270179,0.7082405077270179,0.7082405077270179,0.7082405077270179,0.7082405077270179,0.7082405077270179
AAPL|2018-07-23 14:30:00+00:00,AAPL,2018-07-23,2018-07,train_forward_oof,1,1,1,6,6,0,0.5214777925502483,0.5377112418736716,0.5187271615073339,0.5214777925502483,0.5214777925502483,0.6351418411672495,0.5796227171220912,0.5859169256789983
AMZN|2018-07-23 14:30:00+00:00,AMZN,2018-07-23,2018-07,train_forward_oof,1,1,1,2,1,0,0.5427393689277831,0.47926749164079246,0.5427393689277831,0.5427393689277831,0.5427393689277831,0.23890310625786274,0.31933597183757434,0.24406844612572506
AAPL|2018-07-23 15:30:00+00:00,AAPL,2018-07-23,2018-07,train_forward_oof,1,1,1,7,7,0,0.4627153115105314,0.4779642760917471,0.4599766929685377,0.4627153115105314,0.4627153115105314,0.5779106817308786,0.519587858885307,0.5414988608869171
AMZN|2018-07-23 15:30:00+00:00,AMZN,2018-07-23,2018-07,train_forward_oof,0,1,1,2,1,0,0.4357474658698158,0.37453916591980185,0.4357474658698158,0.4357474658698158,0.4357474658698158,0.16959259913593763,0.23386044271519446,0.1736011852129896
AAPL|2018-07-24 13:30:00+00:00,AAPL,2018-07-24,2018-07,train_forward_oof,1,1,1,2,2,0,0.4860091414660401,0.5085655120737652,0.497520676223682,0.4860091414660401,0.4860091414660401,0.641440430096144,0.5930156486150523,0.4925996420517943
AMZN|2018-07-24 13:30:00+00:00,AMZN,2018-07-24,2018-07,train_forward_oof,0,0,0,0,0,0,0.4629327325094403,0.4629327325094403,0.4629327325094403,0.4629327325094403,0.4629327325094403,0.4629327325094403,0.4629327325094403,0.4629327325094403
AAPL|2018-07-24 14:30:00+00:00,AAPL,2018-07-24,2018-07,train_forward_oof,0,1,1,7,7,0,0.5002937745759538,0.5155927379639064,0.5744014423404796,0.5002937745759538,0.5002937745759538,0.7129511161617212,0.6960406452152335,0.6306140059750265
AMZN|2018-07-24 14:30:00+00:00,AMZN,2018-07-24,2018-07,train_forward_oof,0,1,1,1,1,0,0.4878184511154409,0.5133736175522614,0.4878184511154409,0.4878184511154409,0.4878184511154409,0.5518800275884415,0.5503135241801271,0.5357661927758455
AAPL|2018-07-24 15:30:00+00:00,AAPL,2018-07-24,2018-07,train_forward_oof,1,1,1,8,8,0,0.5205783198101244,0.5349653679215247,0.5941182912751825,0.5205783198101244,0.5205783198101244,0.7284453038569307,0.7115912059631851,0.6602118772111673
AMZN|2018-07-24 15:30:00+00:00,AMZN,2018-07-24,2018-07,train_forward_oof,0,1,1,1,1,0,0.5095551351421798,0.5350594381298445,0.5095551351421798,0.5095551351421798,0.5095551351421798,0.5732762155778616,0.57172646430022,0.5573146098530812
AAPL|2018-07-25 13:30:00+00:00,AAPL,2018-07-25,2018-07,train_forward_oof,1,1,1,2,2,0,0.5312880959227746,0.5536821878667922,0.5837962931324798,0.5312880959227746,0.5312880959227746,0.8305211517391017,0.7606811845301381,0.6948135626744378
AMZN|2018-07-25 13:30:00+00:00,AMZN,2018-07-25,2018-07,train_forward_oof,1,0,0,0,0,0,0.6511822164503437,0.6511822164503437,0.6511822164503437,0.6511822164503437,0.6511822164503437,0.6511822164503437,0.6511822164503437,0.6511822164503437
AAPL|2018-07-25 14:30:00+00:00,AAPL,2018-07-25,2018-07,train_forward_oof,1,1,1,3,3,0,0.4625475272742569,0.4829162921843552,0.4898627571392878,0.4625475272742569,0.4625475272742569,0.7769351614708984,0.6620822801495989,0.6217173827812197
AMZN|2018-07-25 14:30:00+00:00,AMZN,2018-07-25,2018-07,train_forward_oof,1,1,1,1,1,0,0.5260708157620853,0.5514722571265394,0.5260708157620853,0.5260708157620853,0.5260708157620853,0.5893752877251672,0.5878419686824351,0.573567931332523
AAPL|2018-07-25 15:30:00+00:00,AAPL,2018-07-25,2018-07,train_forward_oof,1,1,1,4,4,0,0.3989561696998108,0.4170997694832402,0.4254890829284227,0.3989561696998108,0.3989561696998108,0.7271517784120411,0.5987855261681385,0.5813795136818545
AMZN|2018-07-25 15:30:00+00:00,AMZN,2018-07-25,2018-07,train_forward_oof,1,1,1,1,1,0,0.4940801975953022,0.5196305932168491,0.4940801975953022,0.4940801975953022,0.4940801975953022,0.5580681030969133,0.5565058480422415,0.5419921170982046
AAPL|2018-07-26 13:30:00+00:00,AAPL,2018-07-26,2018-07,train_forward_oof,1,1,1,6,6,0,0.5307568196382891,0.5469489640886773,0.5472033455121398,0.5307568196382891,0.5307568196382891,0.7041780974653044,0.6434496773937695,0.6422322335989054
AMZN|2018-07-26 13:30:00+00:00,AMZN,2018-07-26,2018-07,train_forward_oof,0,0,0,0,0,0,0.605661055148586,0.605661055148586,0.605661055148586,0.605661055148586,0.605661055148586,0.605661055148586,0.605661055148586,0.605661055148586
AAPL|2018-07-26 14:30:00+00:00,AAPL,2018-07-26,2018-07,train_forward_oof,0,1,1,4,4,0,0.4711812878481742,0.48993209957017914,0.48770042690275556,0.4711812878481742,0.4711812878481742,0.6549060544294139,0.5915950360479152,0.552006466629852
AMZN|2018-07-26 14:30:00+00:00,AMZN,2018-07-26,2018-07,train_forward_oof,0,1,1,1,1,0,0.4934674650041273,0.5190186810218007,0.4934674650041273,0.4934674650041273,0.4934674650041273,0.5574634552249708,0.5559007636563279,0.5413835495553737
AAPL|2018-07-26 15:30:00+00:00,AAPL,2018-07-26,2018-07,train_forward_oof,0,1,1,4,4,0,0.4525449690103711,0.47121499477671325,0.502696304640672,0.4525449690103711,0.4525449690103711,0.7309258332408831,0.6579912151314469,0.6194835447147434
AMZN|2018-07-26 15:30:00+00:00,AMZN,2018-07-26,2018-07,train_forward_oof,0,1,1,1,1,0,0.4276972131409341,0.45288776532589337,0.4276972131409341,0.4276972131409341,0.4276972131409341,0.4914390440076834,0.48985656192128163,0.475218491359618
AAPL|2018-07-27 13:30:00+00:00,AAPL,2018-07-27,2018-07,train_forward_oof,0,1,1,8,7,0,0.5407243655937537,0.5645555994154218,0.594282709267819,0.5407243655937537,0.5407243655937537,0.8724879889267152,0.7855253843264246,0.7212408651598374
AMZN|2018-07-27 13:30:00+00:00,AMZN,2018-07-27,2018-07,train_forward_oof,0,1,1,6,5,0,0.4101854649833197,0.42394617765991904,0.41968661409772146,0.4101854649833197,0.4101854649833197,0.6353392839454285,0.5248739487362346,0.42469346852368733
AAPL|2018-07-27 14:30:00+00:00,AAPL,2018-07-27,2018-07,train_forward_oof,0,1,1,8,7,0,0.5068465023494813,0.5230611681711053,0.5611491582130453,0.5068465023494813,0.5068465023494813,0.8351882625187997,0.7390607518923931,0.7017677390716883
AMZN|2018-07-27 14:30:00+00:00,AMZN,2018-07-27,2018-07,train_forward_oof,0,1,1,8,6,0,0.4260426377104975,0.4257579616093308,0.4356397974662895,0.4260426377104975,0.4260426377104975,0.5950408835732159,0.4961386788074493,0.38691874556061623
AAPL|2018-07-27 15:30:00+00:00,AAPL,2018-07-27,2018-07,train_forward_oof,0,1,1,7,6,0,0.4848512824232981,0.4989054535669044,0.5393748064129363,0.4848512824232981,0.4848512824232981,0.8151030697911372,0.7148082289983037,0.6715222350824497
AMZN|2018-07-27 15:30:00+00:00,AMZN,2018-07-27,2018-07,train_forward_oof,0,1,1,9,7,0,0.3089860009513902,0.31295669962670214,0.31740451600769154,0.3089860009513902,0.3089860009513902,0.49526690849852145,0.3894412996202272,0.2938069007275364
AAPL|2018-07-30 13:30:00+00:00,AAPL,2018-07-30,2018-07,train_forward_oof,0,1,1,8,7,3,0.5375023312278996,0.5528513223559653,0.5670695830018642,0.47038307848945693,0.5149919588121813,0.5480929626868957,0.5964975133095036,0.435928821795088
AMZN|2018-07-30 13:30:00+00:00,AMZN,2018-07-30,2018-07,train_forward_oof,0,0,0,0,0,0,0.731686203585386,0.731686203585386,0.731686203585386,0.731686203585386,0.731686203585386,0.731686203585386,0.731686203585386,0.731686203585386
AAPL|2018-07-30 14:30:00+00:00,AAPL,2018-07-30,2018-07,train_forward_oof,0,1,1,10,9,0,0.5186248647882776,0.5323816514952776,0.5999902839070654,0.5186248647882776,0.5186248647882776,0.77286484845953,0.734691472692079,0.7500387691482836
AMZN|2018-07-30 14:30:00+00:00,AMZN,2018-07-30,2018-07,train_forward_oof,0,1,1,1,1,0,0.5361250554553976,0.5614368580120671,0.5361250554553976,0.5361250554553976,0.5361250554553976,0.5991099591876922,0.5975881713198252,0.5834124670717286
AAPL|2018-07-30 15:30:00+00:00,AAPL,2018-07-30,2018-07,train_forward_oof,1,1,1,12,11,0,0.490723776008422,0.5033400910784868,0.582010373182449,0.490723776008422,0.490723776008422,0.7478406048823998,0.7140325099249661,0.7278524729672505
AMZN|2018-07-30 15:30:00+00:00,AMZN,2018-07-30,2018-07,train_forward_oof,0,1,1,1,1,0,0.4515881508053216,0.47701299365574534,0.4515881508053216,0.4515881508053216,0.4515881508053216,0.515682246640571,0.5141006149069712,0.49944735452582173
AAPL|2018-07-31 13:30:00+00:00,AAPL,2018-07-31,2018-07,train_forward_oof,1,1,1,15,14,3,0.5331734169053169,0.5436977468109593,0.5331734169053169,0.47496469830098714,0.5224664758344472,0.45278247669449534,0.5031197327305579,0.384072146488492
AMZN|2018-07-31 13:30:00+00:00,AMZN,2018-07-31,2018-07,train_forward_oof,0,0,0,0,0,0,0.5406213616865957,0.5406213616865957,0.5406213616865957,0.5406213616865957,0.5406213616865957,0.5406213616865957,0.5406213616865957,0.5406213616865957
AAPL|2018-07-31 14:30:00+00:00,AAPL,2018-07-31,2018-07,train_forward_oof,1,1,1,13,12,3,0.4992543726251232,0.5100995886197482,0.4992543726251232,0.6309491140551402,0.45910190835636244,0.5759808867016292,0.44521795288650806,0.3649273010138245
AMZN|2018-07-31 14:30:00+00:00,AMZN,2018-07-31,2018-07,train_forward_oof,1,0,0,0,0,0,0.7752317448036297,0.7752317448036297,0.7752317448036297,0.7752317448036297,0.7752317448036297,0.7752317448036297,0.7752317448036297,0.7752317448036297
AAPL|2018-07-31 15:30:00+00:00,AAPL,2018-07-31,2018-07,train_forward_oof,1,1,1,17,16,0,0.4748748182769375,0.48705939713665275,0.4748748182769375,0.4748748182769375,0.4748748182769375,0.5411158164928795,0.5229386562382485,0.5455569305894085
AMZN|2018-07-31 15:30:00+00:00,AMZN,2018-07-31,2018-07,train_forward_oof,1,0,0,0,0,0,0.4898847771168581,0.4898847771168581,0.4898847771168581,0.4898847771168581,0.4898847771168581,0.4898847771168581,0.4898847771168581,0.4898847771168581
AAPL|2018-08-01 13:30:00+00:00,AAPL,2018-08-01,2018-08,train_forward_oof,1,1,1,15,13,0,0.3100371101259409,0.3093771767873336,0.3100371101259409,0.3100371101259409,0.3100371101259409,0.3167728710601405,0.3197416961488131,0.3791708006978318
AMZN|2018-08-01 13:30:00+00:00,AMZN,2018-08-01,2018-08,train_forward_oof,0,0,0,0,0,0,0.420262599127111,0.420262599127111,0.420262599127111,0.420262599127111,0.420262599127111,0.420262599127111,0.420262599127111,0.420262599127111
AAPL|2018-08-01 14:30:00+00:00,AAPL,2018-08-01,2018-08,train_forward_oof,1,1,1,26,23,0,0.1552565505301172,0.15261421399693345,0.15506396650016724,0.1552565505301172,0.1552565505301172,0.13701248715953132,0.13948144225868703,0.21019513509339843
AMZN|2018-08-01 14:30:00+00:00,AMZN,2018-08-01,2018-08,train_forward_oof,0,0,0,0,0,0,0.419685098201931,0.419685098201931,0.419685098201931,0.419685098201931,0.419685098201931,0.419685098201931,0.419685098201931,0.419685098201931
AAPL|2018-08-01 15:30:00+00:00,AAPL,2018-08-01,2018-08,train_forward_oof,0,1,1,34,32,3,0.442460392297869,0.44275664785011487,0.44209800011232003,0.3632702404937664,0.33083152414297395,0.3572114070318389,0.33994961132645474,0.4101082854264509
AMZN|2018-08-01 15:30:00+00:00,AMZN,2018-08-01,2018-08,train_forward_oof,1,0,0,0,0,0,0.5014528697846757,0.5014528697846757,0.5014528697846757,0.5014528697846757,0.5014528697846757,0.5014528697846757,0.5014528697846757,0.5014528697846757
AAPL|2018-08-02 13:30:00+00:00,AAPL,2018-08-02,2018-08,train_forward_oof,1,1,1,8,8,0,0.6977082994159491,0.7165848138893096,0.7279605415615171,0.6977082994159491,0.6977082994159491,0.805081046264207,0.8062548626026328,0.8526427881787497
AMZN|2018-08-02 13:30:00+00:00,AMZN,2018-08-02,2018-08,train_forward_oof,1,0,0,0,0,0,0.6355699871530952,0.6355699871530952,0.6355699871530952,0.6355699871530952,0.6355699871530952,0.6355699871530952,0.6355699871530952,0.6355699871530952
AAPL|2018-08-02 14:30:00+00:00,AAPL,2018-08-02,2018-08,train_forward_oof,1,1,1,10,10,0,0.6012226177707218,0.620818713693485,0.5935470243569126,0.6012226177707218,0.6012226177707218,0.5720044853237052,0.572266864933155,0.5891044808229162
AMZN|2018-08-02 14:30:00+00:00,AMZN,2018-08-02,2018-08,train_forward_oof,1,0,0,0,0,0,0.7059346674461302,0.7059346674461302,0.7059346674461302,0.7059346674461302,0.7059346674461302,0.7059346674461302,0.7059346674461302,0.7059346674461302
AAPL|2018-08-02 15:30:00+00:00,AAPL,2018-08-02,2018-08,train_forward_oof,1,1,1,12,12,0,0.6148625117113674,0.6325119311222888,0.5682033746137335,0.6148625117113674,0.6148625117113674,0.48976675713255224,0.49419797299665175,0.4787608670825491
AMZN|2018-08-02 15:30:00+00:00,AMZN,2018-08-02,2018-08,train_forward_oof,1,0,0,0,0,0,0.6134593596296626,0.6134593596296626,0.6134593596296626,0.6134593596296626,0.6134593596296626,0.6134593596296626,0.6134593596296626,0.6134593596296626
AAPL|2018-08-03 13:30:00+00:00,AAPL,2018-08-03,2018-08,train_forward_oof,1,1,1,15,12,0,0.3680051097128814,0.35943887707619854,0.395090340475487,0.3680051097128814,0.3680051097128814,0.4416938957610202,0.4409545364633811,0.5370849407830676
AMZN|2018-08-03 13:30:00+00:00,AMZN,2018-08-03,2018-08,train_forward_oof,0,1,1,2,1,0,0.4572712650657789,0.38409773319592716,0.4572712650657789,0.4572712650657789,0.4572712650657789,0.24858746963374775,0.24853322849151563,0.20314302584112107
AAPL|2018-08-03 14:30:00+00:00,AAPL,2018-08-03,2018-08,train_forward_oof,1,1,1,20,17,0,0.4262564022820936,0.4221298440054013,0.453419570509987,0.4262564022820936,0.4262564022820936,0.5036282868993506,0.5026256526059213,0.5692233296125366
AMZN|2018-08-03 14:30:00+00:00,AMZN,2018-08-03,2018-08,train_forward_oof,0,1,1,3,2,0,0.3740607779437336,0.3612354645190706,0.3740607779437336,0.3740607779437336,0.3740607779437336,0.36781351522885614,0.3687547614666357,0.4333748994096601
AAPL|2018-08-03 15:30:00+00:00,AAPL,2018-08-03,2018-08,train_forward_oof,1,1,1,20,18,0,0.3040845202369613,0.3105923941462506,0.3279118821068975,0.3040845202369613,0.3040845202369613,0.4061509937596975,0.4054278896832674,0.42501594153542643
AMZN|2018-08-03 15:30:00+00:00,AMZN,2018-08-03,2018-08,train_forward_oof,0,1,1,2,2,0,0.4524449617275969,0.4870217797567434,0.4524449617275969,0.4524449617275969,0.4524449617275969,0.5156502546456873,0.5180410232405828,0.47092781786671534
AAPL|2018-08-06 13:30:00+00:00,AAPL,2018-08-06,2018-08,train_forward_oof,1,1,1,5,5,0,0.5413142099946759,0.5681760091236198,0.5413142099946759,0.5413142099946759,0.5413142099946759,0.5898775315011807,0.5928746171887106,0.6121361044398692
AMZN|2018-08-06 13:30:00+00:00,AMZN,2018-08-06,2018-08,train_forward_oof,1,0,0,0,0,0,0.6185188823347665,0.6185188823347665,0.6185188823347665,0.6185188823347665,0.6185188823347665,0.6185188823347665,0.6185188823347665,0.6185188823347665
AAPL|2018-08-06 14:30:00+00:00,AAPL,2018-08-06,2018-08,train_forward_oof,1,1,1,7,7,0,0.4281423708901386,0.4518631594303814,0.4281423708901386,0.4281423708901386,0.4281423708901386,0.47136060614082975,0.4747448863818036,0.49818872520869745
AMZN|2018-08-06 14:30:00+00:00,AMZN,2018-08-06,2018-08,train_forward_oof,1,0,0,0,0,0,0.6523499829125953,0.6523499829125953,0.6523499829125953,0.6523499829125953,0.6523499829125953,0.6523499829125953,0.6523499829125953,0.6523499829125953
AAPL|2018-08-06 15:30:00+00:00,AAPL,2018-08-06,2018-08,train_forward_oof,1,1,1,6,6,0,0.4618732717052769,0.48732335581236746,0.4618732717052769,0.4618732717052769,0.4618732717052769,0.5081636461935526,0.5114203057555867,0.5332807447726948
AMZN|2018-08-06 15:30:00+00:00,AMZN,2018-08-06,2018-08,train_forward_oof,1,0,0,0,0,0,0.4582056114003644,0.4582056114003644,0.4582056114003644,0.4582056114003644,0.4582056114003644,0.4582056114003644,0.4582056114003644,0.4582056114003644
AAPL|2018-08-07 13:30:00+00:00,AAPL,2018-08-07,2018-08,train_forward_oof,0,1,1,4,4,0,0.5804508779268398,0.6085732551138713,0.6166896225653794,0.5804508779268398,0.5804508779268398,0.733478870908736,0.7338270140985297,0.7923267770110776
AMZN|2018-08-07 13:30:00+00:00,AMZN,2018-08-07,2018-08,train_forward_oof,1,1,1,2,2,0,0.487045876910325,0.5217473266545665,0.487045876910325,0.487045876910325,0.487045876910325,0.550227577457904,0.5525957573197782,0.5056369423724963
AAPL|2018-08-07 14:30:00+00:00,AAPL,2018-08-07,2018-08,train_forward_oof,0,1,1,4,4,0,0.668806163189103,0.6941269685091745,0.7013399418056712,0.668806163189103,0.668806163189103,0.8006738358396239,0.800958024425157,0.8477644720974381
AMZN|2018-08-07 14:30:00+00:00,AMZN,2018-08-07,2018-08,train_forward_oof,1,1,1,2,2,0,0.4803095558545411,0.5150129319613539,0.4803095558545411,0.4803095558545411,0.4803095558545411,0.5435433680070867,0.5459176976195561,0.4988935730720486
AAPL|2018-08-07 15:30:00+00:00,AAPL,2018-08-07,2018-08,train_forward_oof,0,1,1,4,4,0,0.6996911998242421,0.7236264995960829,0.7304140028949893,0.6996911998242421,0.6996911998242421,0.822524912083954,0.8227848419880848,0.8653215815109134
AMZN|2018-08-07 15:30:00+00:00,AMZN,2018-08-07,2018-08,train_forward_oof,1,1,1,2,2,0,0.4761547957050569,0.5108530670544055,0.4761547957050569,0.4761547957050569,0.4761547957050569,0.5394093623659411,0.5417870678219894,0.49473109228969187
AAPL|2018-08-08 13:30:00+00:00,AAPL,2018-08-08,2018-08,train_forward_oof,1,1,1,2,2,3,0.6432567489931759,0.674454047805572,0.6432567489931759,0.6736778148177945,0.6820498380563409,0.6792926423275741,0.6747178781777087,0.5911964824494098
AMZN|2018-08-08 13:30:00+00:00,AMZN,2018-08-08,2018-08,train_forward_oof,1,0,0,0,0,0,0.5800494519832455,0.5800494519832455,0.5800494519832455,0.5800494519832455,0.5800494519832455,0.5800494519832455,0.5800494519832455,0.5800494519832455
AAPL|2018-08-08 14:30:00+00:00,AAPL,2018-08-08,2018-08,train_forward_oof,1,1,1,2,2,3,0.5668086682112535,0.6005397589212071,0.5668086682112535,0.5902121480278125,0.5999171767641075,0.5976601333728538,0.5920027853300303,0.5151002884530967
AMZN|2018-08-08 14:30:00+00:00,AMZN,2018-08-08,2018-08,train_forward_oof,1,0,0,0,0,0,0.5918443531834808,0.5918443531834808,0.5918443531834808,0.5918443531834808,0.5918443531834808,0.5918443531834808,0.5918443531834808,0.5918443531834808
AAPL|2018-08-08 15:30:00+00:00,AAPL,2018-08-08,2018-08,train_forward_oof,1,1,1,5,5,0,0.3140681129921636,0.33796193946720837,0.3140681129921636,0.3140681129921636,0.3140681129921636,0.35816354653230487,0.3610196766717954,0.379775133741334
AMZN|2018-08-08 15:30:00+00:00,AMZN,2018-08-08,2018-08,train_forward_oof,1,0,0,0,0,0,0.6321895070694423,0.6321895070694423,0.6321895070694423,0.6321895070694423,0.6321895070694423,0.6321895070694423,0.6321895070694423,0.6321895070694423
AAPL|2018-08-09 13:30:00+00:00,AAPL,2018-08-09,2018-08,train_forward_oof,1,1,1,2,2,0,0.7683170255502416,0.7921122446751035,0.7683170255502416,0.7683170255502416,0.7683170255502416,0.8103445968189449,0.8118116126264082,0.8190496011053282
AMZN|2018-08-09 13:30:00+00:00,AMZN,2018-08-09,2018-08,train_forward_oof,1,0,0,0,0,0,0.5923874770953503,0.5923874770953503,0.5923874770953503,0.5923874770953503,0.5923874770953503,0.5923874770953503,0.5923874770953503,0.5923874770953503
AAPL|2018-08-09 14:30:00+00:00,AAPL,2018-08-09,2018-08,train_forward_oof,1,1,1,4,3,0,0.7534139507175179,0.7590835250806102,0.7534139507175179,0.7534139507175179,0.7534139507175179,0.7985645117300547,0.7996202673960877,0.8067100592174503
AMZN|2018-08-09 14:30:00+00:00,AMZN,2018-08-09,2018-08,train_forward_oof,1,0,0,0,0,0,0.554040691470739,0.554040691470739,0.554040691470739,0.554040691470739,0.554040691470739,0.554040691470739,0.554040691470739,0.554040691470739
AAPL|2018-08-09 15:30:00+00:00,AAPL,2018-08-09,2018-08,train_forward_oof,1,1,1,5,4,0,0.614113847068821,0.6228670399848596,0.614113847068821,0.614113847068821,0.614113847068821,0.6652012252789418,0.667054067568677,0.6840913158027807
AMZN|2018-08-09 15:30:00+00:00,AMZN,2018-08-09,2018-08,train_forward_oof,1,0,0,0,0,0,0.5113460367339239,0.5113460367339239,0.5113460367339239,0.5113460367339239,0.5113460367339239,0.5113460367339239,0.5113460367339239,0.5113460367339239
AAPL|2018-08-10 13:30:00+00:00,AAPL,2018-08-10,2018-08,train_forward_oof,1,1,1,2,2,0,0.8637194974541202,0.8792561699960469,0.8637194974541202,0.8637194974541202,0.8637194974541202,0.8908984271965676,0.8918255242980186,0.8963788768366159
AMZN|2018-08-10 13:30:00+00:00,AMZN,2018-08-10,2018-08,train_forward_oof,1,0,0,0,0,0,0.5135048726816271,0.5135048726816271,0.5135048726816271,0.5135048726816271,0.5135048726816271,0.5135048726816271,0.5135048726816271,0.5135048726816271
AAPL|2018-08-10 14:30:00+00:00,AAPL,2018-08-10,2018-08,train_forward_oof,0,1,1,2,2,0,0.7782717133837175,0.801308926681149,0.7782717133837175,0.7782717133837175,0.7782717133837175,0.8189190907023085,0.8203344866577205,0.8273144022543358
AMZN|2018-08-10 14:30:00+00:00,AMZN,2018-08-10,2018-08,train_forward_oof,0,1,1,1,1,0,0.5203169400846583,0.559168585853052,0.5203169400846583,0.5203169400846583,0.5203169400846583,0.5907945785846752,0.5927077351952602,0.5618912805910115
AAPL|2018-08-10 15:30:00+00:00,AAPL,2018-08-10,2018-08,train_forward_oof,0,1,1,4,4,0,0.5043428389283323,0.5334664233049298,0.5043428389283323,0.5043428389283323,0.5043428389283323,0.5572033174272385,0.5600778631407286,0.5777172761698788
AMZN|2018-08-10 15:30:00+00:00,AMZN,2018-08-10,2018-08,train_forward_oof,0,1,1,1,1,0,0.5037587097057192,0.5427729705875816,0.5037587097057192,0.5037587097057192,0.5037587097057192,0.5746805240430302,0.5766150286858223,0.5455146231456519
AAPL|2018-08-13 13:30:00+00:00,AAPL,2018-08-13,2018-08,train_forward_oof,1,1,1,1,1,0,0.6600726438552383,0.6942562758893449,0.6600726438552383,0.6600726438552383,0.6600726438552383,0.7210259815336465,0.7226161383805875,0.7284265480639323
AMZN|2018-08-13 13:30:00+00:00,AMZN,2018-08-13,2018-08,train_forward_oof,1,0,0,0,0,0,0.6146312237926993,0.6146312237926993,0.6146312237926993,0.6146312237926993,0.6146312237926993,0.6146312237926993,0.6146312237926993,0.6146312237926993
AAPL|2018-08-13 14:30:00+00:00,AAPL,2018-08-13,2018-08,train_forward_oof,0,1,1,2,2,0,0.5373954852948382,0.571686191617422,0.5373954852948382,0.5373954852948382,0.5373954852948382,0.5994754883137053,0.6017720357262052,0.6132397513880589
AMZN|2018-08-13 14:30:00+00:00,AMZN,2018-08-13,2018-08,train_forward_oof,0,0,0,0,0,0,0.5723439369494047,0.5723439369494047,0.5723439369494047,0.5723439369494047,0.5723439369494047,0.5723439369494047,0.5723439369494047,0.5723439369494047
AAPL|2018-08-13 15:30:00+00:00,AAPL,2018-08-13,2018-08,train_forward_oof,0,1,1,4,4,0,0.4576576705454481,0.4867327151454917,0.4576576705454481,0.4576576705454481,0.4576576705454481,0.5106663186389787,0.5135792417747028,0.5315235863305126
AMZN|2018-08-13 15:30:00+00:00,AMZN,2018-08-13,2018-08,train_forward_oof,0,0,0,0,0,0,0.598896427425134,0.598896427425134,0.598896427425134,0.598896427425134,0.598896427425134,0.598896427425134,0.598896427425134,0.598896427425134
AAPL|2018-08-14 13:30:00+00:00,AAPL,2018-08-14,2018-08,train_forward_oof,0,1,1,4,4,3,0.8163357458197836,0.8331906139141657,0.8266682995122827,0.7601695736683654,0.780567281072395,0.8359895810188462,0.838734835927003,0.7776379193638413
AMZN|2018-08-14 13:30:00+00:00,AMZN,2018-08-14,2018-08,train_forward_oof,0,1,1,1,1,0,0.4374168310203682,0.4762238371464506,0.4374168310203682,0.4374168310203682,0.4374168310203682,0.5085707022660827,0.5105498021137945,0.47898148355029274
AAPL|2018-08-14 14:30:00+00:00,AAPL,2018-08-14,2018-08,train_forward_oof,1,1,1,5,4,0,0.7690756817426125,0.7742658785764699,0.7943103671171201,0.7690756817426125,0.7690756817426125,0.8658623218722462,0.8662757637314455,0.8980448216488979
AMZN|2018-08-14 14:30:00+00:00,AMZN,2018-08-14,2018-08,train_forward_oof,1,1,1,1,1,0,0.4307904586668358,0.46950019589463066,0.4307904586668358,0.4307904586668358,0.4307904586668358,0.5018279237632447,0.5038076845452197,0.47225401246198206
AAPL|2018-08-14 15:30:00+00:00,AAPL,2018-08-14,2018-08,train_forward_oof,1,1,1,7,6,0,0.5204965354393105,0.5319419875252537,0.5534011825990598,0.5204965354393105,0.5204965354393105,0.6583512787683391,0.6580581774581871,0.69909747901742
AMZN|2018-08-14 15:30:00+00:00,AMZN,2018-08-14,2018-08,train_forward_oof,1,1,1,1,1,0,0.3740082766656194,0.41130256112640007,0.3740082766656194,0.3740082766656194,0.3740082766656194,0.44296910871915945,0.4449240499717871,0.41398140314624465
AAPL|2018-08-15 13:30:00+00:00,AAPL,2018-08-15,2018-08,train_forward_oof,1,1,1,4,4,0,0.7319515107512734,0.7542187850235386,0.7564830354570149,0.7319515107512734,0.7319515107512734,0.8426564155598907,0.8437678609975396,0.877963890723411
AMZN|2018-08-15 13:30:00+00:00,AMZN,2018-08-15,2018-08,train_forward_oof,0,0,0,0,0,0,0.5574646712439179,0.5574646712439179,0.5574646712439179,0.5574646712439179,0.5574646712439179,0.5574646712439179,0.5574646712439179,0.5574646712439179
AAPL|2018-08-15 14:30:00+00:00,AAPL,2018-08-15,2018-08,train_forward_oof,1,1,1,5,5,0,0.567828359477018,0.5943011520045829,0.5991545139367127,0.567828359477018,0.567828359477018,0.717471619658617,0.7193228901258805,0.774930898030853
AMZN|2018-08-15 14:30:00+00:00,AMZN,2018-08-15,2018-08,train_forward_oof,1,0,0,0,0,0,0.6328141470551493,0.6328141470551493,0.6328141470551493,0.6328141470551493,0.6328141470551493,0.6328141470551493,0.6328141470551493,0.6328141470551493
AAPL|2018-08-15 15:30:00+00:00,AAPL,2018-08-15,2018-08,train_forward_oof,1,1,1,4,4,0,0.5287823747505619,0.5577292224432321,0.5607494081534344,0.5287823747505619,0.5287823747505619,0.6875817714635462,0.6893848482753888,0.7472500168820231
AMZN|2018-08-15 15:30:00+00:00,AMZN,2018-08-15,2018-08,train_forward_oof,0,0,0,0,0,0,0.4492187137396793,0.4492187137396793,0.4492187137396793,0.4492187137396793,0.4492187137396793,0.4492187137396793,0.4492187137396793,0.4492187137396793
AAPL|2018-08-16 13:30:00+00:00,AAPL,2018-08-16,2018-08,train_forward_oof,1,1,1,3,3,0,0.476828115472085,0.508406295405688,0.5294599551118274,0.476828115472085,0.476828115472085,0.672223028736475,0.6712747224658198,0.7438048862605491
AMZN|2018-08-16 13:30:00+00:00,AMZN,2018-08-16,2018-08,train_forward_oof,0,1,1,1,1,0,0.4761150488759848,0.515211150130117,0.4761150488759848,0.4761150488759848,0.4761150488759848,0.5474383813930588,0.5493996389838434,0.5179712985903426
AAPL|2018-08-16 14:30:00+00:00,AAPL,2018-08-16,2018-08,train_forward_oof,1,1,1,5,4,0,0.3833678149810108,0.3876466093050334,0.43424619111394813,0.3833678149810108,0.3833678149810108,0.5586988713863819,0.5570457621880117,0.6721593089706995
AMZN|2018-08-16 14:30:00+00:00,AMZN,2018-08-16,2018-08,train_forward_oof,0,1,1,1,1,0,0.4693915671039533,0.5084714247740421,0.4693915671039533,0.4693915671039533,0.4693915671039533,0.5407473183938426,0.5427133511769987,0.5112335428218361
AAPL|2018-08-16 15:30:00+00:00,AAPL,2018-08-16,2018-08,train_forward_oof,1,1,1,5,4,0,0.2589259626594863,0.26146153715886844,0.3013604419694908,0.2589259626594863,0.2589259626594863,0.4100195129961128,0.40840015302522503,0.5372322027391805
AMZN|2018-08-16 15:30:00+00:00,AMZN,2018-08-16,2018-08,train_forward_oof,0,1,1,1,1,0,0.4642999998880165,0.5033580871263986,0.4642999998880165,0.4642999998880165,0.4642999998880165,0.5356631245423599,0.5376323121121558,0.5061210298053405
AAPL|2018-08-17 13:30:00+00:00,AAPL,2018-08-17,2018-08,train_forward_oof,1,1,1,2,2,0,0.6460797541047385,0.6771540838917784,0.6896455878264922,0.6460797541047385,0.6460797541047385,0.7924380600671729,0.7918683626645815,0.8220354175178244
AMZN|2018-08-17 13:30:00+00:00,AMZN,2018-08-17,2018-08,train_forward_oof,0,0,0,0,0,0,0.4855617810960878,0.4855617810960878,0.4855617810960878,0.4855617810960878,0.4855617810960878,0.4855617810960878,0.4855617810960878,0.4855617810960878
AAPL|2018-08-17 14:30:00+00:00,AAPL,2018-08-17,2018-08,train_forward_oof,1,1,1,1,1,0,0.5698320738245308,0.6076970258320299,0.5698320738245308,0.5698320738245308,0.5698320738245308,0.6380948111768523,0.6399216075191747,0.6466171236682954
AMZN|2018-08-17 14:30:00+00:00,AMZN,2018-08-17,2018-08,train_forward_oof,1,0,0,0,0,0,0.5202730900615592,0.5202730900615592,0.5202730900615592,0.5202730900615592,0.5202730900615592,0.5202730900615592,0.5202730900615592,0.5202730900615592
AAPL|2018-08-17 15:30:00+00:00,AAPL,2018-08-17,2018-08,train_forward_oof,1,1,1,2,2,0,0.4201563651263883,0.4543129866091063,0.4201563651263883,0.4201563651263883,0.4201563651263883,0.48282845606009506,0.48521949791830005,0.49723944415263
AMZN|2018-08-17 15:30:00+00:00,AMZN,2018-08-17,2018-08,train_forward_oof,1,0,0,0,0,0,0.4788744871767707,0.4788744871767707,0.4788744871767707,0.4788744871767707,0.4788744871767707,0.4788744871767707,0.4788744871767707,0.4788744871767707
AAPL|2018-08-20 13:30:00+00:00,AAPL,2018-08-20,2018-08,train_forward_oof,0,1,1,1,1,0,0.6559039166206839,0.6903100776030828,0.6949852272476941,0.6559039166206839,0.6559039166206839,0.7888567827197639,0.7866946206055115,0.7943607777539456
AMZN|2018-08-20 13:30:00+00:00,AMZN,2018-08-20,2018-08,train_forward_oof,0,0,0,0,0,0,0.6191814365732305,0.6191814365732305,0.6191814365732305,0.6191814365732305,0.6191814365732305,0.6191814365732305,0.6191814365732305,0.6191814365732305
AAPL|2018-08-20 14:30:00+00:00,AAPL,2018-08-20,2018-08,train_forward_oof,0,1,1,2,2,0,0.5134897424085286,0.54806223908248,0.557842143881329,0.5134897424085286,0.5134897424085286,0.6669464769397537,0.6644365693855064,0.678818226090045
AMZN|2018-08-20 14:30:00+00:00,AMZN,2018-08-20,2018-08,train_forward_oof,1,1,1,1,1,0,0.5589856183485785,0.5971303131946645,0.5589856183485785,0.5589856183485785,0.5589856183485785,0.6278454513636431,0.6296939596750539,0.5997863573951537
AAPL|2018-08-20 15:30:00+00:00,AAPL,2018-08-20,2018-08,train_forward_oof,0,1,1,4,4,0,0.574257820737425,0.6025110466660599,0.6172002479169758,0.574257820737425,0.574257820737425,0.710684005100774,0.708790042149818,0.7268238163844344
AMZN|2018-08-20 15:30:00+00:00,AMZN,2018-08-20,2018-08,train_forward_oof,1,1,1,1,1,0,0.4667962538980025,0.5058660358712824,0.4667962538980025,0.4667962538980025,0.4667962538980025,0.5381576183737788,0.5401253091995707,0.5086286462956568
AAPL|2018-08-21 13:30:00+00:00,AAPL,2018-08-21,2018-08,train_forward_oof,1,0,0,0,0,0,0.6029945370951487,0.6029945370951487,0.6029945370951487,0.6029945370951487,0.6029945370951487,0.6029945370951487,0.6029945370951487,0.6029945370951487
AMZN|2018-08-21 13:30:00+00:00,AMZN,2018-08-21,2018-08,train_forward_oof,1,1,1,1,1,0,0.4577913176011158,0.49680965590417153,0.4577913176011158,0.4577913176011158,0.4577913176011158,0.5291421959512657,0.5311148310246271,0.49957281070691745
AAPL|2018-08-21 14:30:00+00:00,AAPL,2018-08-21,2018-08,train_forward_oof,1,1,1,7,6,0,0.6363401227565135,0.6438340800767324,0.6675917141859135,0.6363401227565135,0.6363401227565135,0.7480425359104625,0.7493822899543964,0.7891856073543013
AMZN|2018-08-21 14:30:00+00:00,AMZN,2018-08-21,2018-08,train_forward_oof,0,0,0,0,0,0,0.5570557308341809,0.5570557308341809,0.5570557308341809,0.5570557308341809,0.5570557308341809,0.5570557308341809,0.5570557308341809,0.5570557308341809
AAPL|2018-08-21 15:30:00+00:00,AAPL,2018-08-21,2018-08,train_forward_oof,0,1,1,11,8,0,0.6011001430085519,0.5886692921582751,0.6211256302130077,0.6011001430085519,0.6011001430085519,0.6679620425446761,0.66963310044108,0.7545597314086694
AMZN|2018-08-21 15:30:00+00:00,AMZN,2018-08-21,2018-08,train_forward_oof,0,1,1,1,1,0,0.4587844781292696,0.497809747924687,0.4587844781292696,0.4587844781292696,0.4587844781292696,0.5301388022607411,0.5321109540120155,0.500572931660536
AAPL|2018-08-22 13:30:00+00:00,AAPL,2018-08-22,2018-08,train_forward_oof,1,1,1,6,6,0,0.5807334796087458,0.6053652190240417,0.61397699577503,0.5807334796087458,0.5807334796087458,0.7114425622198798,0.7140312649695322,0.7695042264488864
AMZN|2018-08-22 13:30:00+00:00,AMZN,2018-08-22,2018-08,train_forward_oof,1,1,1,1,1,0,0.4408863568395795,0.4797386904489595,0.4408863568395795,0.4408863568395795,0.4408863568395795,0.5120908818205075,0.5140693505690981,0.48249794087326603
AAPL|2018-08-22 14:30:00+00:00,AAPL,2018-08-22,2018-08,train_forward_oof,1,1,1,7,7,0,0.5483434574355113,0.5720618674998034,0.5823079968190291,0.5483434574355113,0.5483434574355113,0.6813288450439814,0.684185491800335,0.7445539567065395
AMZN|2018-08-22 14:30:00+00:00,AMZN,2018-08-22,2018-08,train_forward_oof,1,1,1,1,1,0,0.43424799475504,0.4730102393954808,0.43424799475504,0.43424799475504,0.43424799475504,0.5053494253270708,0.5073289307491384,0.47576618009094107
AAPL|2018-08-22 15:30:00+00:00,AAPL,2018-08-22,2018-08,train_forward_oof,0,1,1,5,5,0,0.4349634652575938,0.4618618065005347,0.4692007994858397,0.4349634652575938,0.4349634652575938,0.5811146154111527,0.5840363471715097,0.6508193013286194
AMZN|2018-08-22 15:30:00+00:00,AMZN,2018-08-22,2018-08,train_forward_oof,1,0,0,0,0,0,0.5411080784575022,0.5411080784575022,0.5411080784575022,0.5411080784575022,0.5411080784575022,0.5411080784575022,0.5411080784575022,0.5411080784575022
AAPL|2018-08-23 13:30:00+00:00,AAPL,2018-08-23,2018-08,train_forward_oof,1,1,1,6,6,3,0.8187628640542373,0.8334216980155015,0.8305220279546532,0.7624654410291074,0.7623901881776163,0.8347346442602193,0.8288381140958133,0.8068699762316155
AMZN|2018-08-23 13:30:00+00:00,AMZN,2018-08-23,2018-08,train_forward_oof,1,1,1,1,1,0,0.4380959409125511,0.4769121219535492,0.4380959409125511,0.4380959409125511,0.4380959409125511,0.5092602827207799,0.5112392743941576,0.47967010397764004
AAPL|2018-08-23 14:30:00+00:00,AAPL,2018-08-23,2018-08,train_forward_oof,0,1,1,5,5,0,0.6890433188247979,0.711858856303602,0.6881761810372545,0.6890433188247979,0.6890433188247979,0.6989486040548704,0.7002529578391444,0.7295448258357643
AMZN|2018-08-23 14:30:00+00:00,AMZN,2018-08-23,2018-08,train_forward_oof,0,1,1,2,1,0,0.4379001923071508,0.3657375474242234,0.4379001923071508,0.4379001923071508,0.4379001923071508,0.2342412482901741,0.23418916184800997,0.19075366266124058
AAPL|2018-08-23 15:30:00+00:00,AAPL,2018-08-23,2018-08,train_forward_oof,1,1,1,4,4,0,0.5668084876072691,0.5952075993064213,0.5448376221623414,0.5668084876072691,0.5668084876072691,0.5087924706716709,0.510993527473391,0.5387991598824029
AMZN|2018-08-23 15:30:00+00:00,AMZN,2018-08-23,2018-08,train_forward_oof,1,1,1,2,1,0,0.4477093492765654,0.37500867157615514,0.4477093492765654,0.4477093492765654,0.4477093492765654,0.24144796759491982,0.2413947838163222,0.1969665769737387
AAPL|2018-08-24 13:30:00+00:00,AAPL,2018-08-24,2018-08,train_forward_oof,0,1,1,1,1,0,0.8462777712770072,0.8655504160170961,0.8462777712770072,0.8462777712770072,0.8462777712770072,0.8799164210929123,0.880750688280793,0.8837813713553583
AMZN|2018-08-24 13:30:00+00:00,AMZN,2018-08-24,2018-08,train_forward_oof,0,0,0,0,0,0,0.5095522580686448,0.5095522580686448,0.5095522580686448,0.5095522580686448,0.5095522580686448,0.5095522580686448,0.5095522580686448,0.5095522580686448
AAPL|2018-08-24 14:30:00+00:00,AAPL,2018-08-24,2018-08,train_forward_oof,1,1,1,2,2,0,0.7551741250202828,0.7799325623143358,0.7551741250202828,0.7551741250202828,0.7551741250202828,0.7989620002392298,0.8004953855599558,0.8080657099016618
AMZN|2018-08-24 14:30:00+00:00,AMZN,2018-08-24,2018-08,train_forward_oof,0,0,0,0,0,0,0.4817201477191124,0.4817201477191124,0.4817201477191124,0.4817201477191124,0.4817201477191124,0.4817201477191124,0.4817201477191124,0.4817201477191124
AAPL|2018-08-24 15:30:00+00:00,AAPL,2018-08-24,2018-08,train_forward_oof,1,1,1,2,2,0,0.6054453920400827,0.638088927574105,0.6054453920400827,0.6054453920400827,0.6054453920400827,0.6641013178920014,0.6662336220800623,0.6768418949440004
AMZN|2018-08-24 15:30:00+00:00,AMZN,2018-08-24,2018-08,train_forward_oof,0,1,1,1,1,0,0.47369621001965,0.5127881040834964,0.47369621001965,0.47369621001965,0.47369621001965,0.5450341705408581,0.5469972254706683,0.5155490761995206
AAPL|2018-08-27 13:30:00+00:00,AAPL,2018-08-27,2018-08,train_forward_oof,1,1,1,2,2,0,0.6163907747093906,0.6486542520509974,0.6163907747093906,0.6163907747093906,0.6163907747093906,0.6742948773410713,0.6763940040390886,0.6868311414608054
AMZN|2018-08-27 13:30:00+00:00,AMZN,2018-08-27,2018-08,train_forward_oof,1,0,0,0,0,0,0.65778860567531,0.65778860567531,0.65778860567531,0.65778860567531,0.65778860567531,0.65778860567531,0.65778860567531,0.65778860567531
AAPL|2018-08-27 14:30:00+00:00,AAPL,2018-08-27,2018-08,train_forward_oof,1,1,1,2,2,0,0.4707542841347122,0.5054387273915956,0.4707542841347122,0.4707542841347122,0.4707542841347122,0.5340227894353782,0.536404403166119,0.5483416844616861
AMZN|2018-08-27 14:30:00+00:00,AMZN,2018-08-27,2018-08,train_forward_oof,1,0,0,0,0,0,0.6277500407696699,0.6277500407696699,0.6277500407696699,0.6277500407696699,0.6277500407696699,0.6277500407696699,0.6277500407696699,0.6277500407696699
AAPL|2018-08-27 15:30:00+00:00,AAPL,2018-08-27,2018-08,train_forward_oof,1,1,1,4,4,3,0.3478186375430961,0.37473717846029436,0.37234367799264884,0.3048955984355735,0.3319446009047839,0.40829835379859364,0.4131047420124845,0.3474756806234482
AMZN|2018-08-27 15:30:00+00:00,AMZN,2018-08-27,2018-08,train_forward_oof,1,0,0,0,0,0,0.4503010604380534,0.4503010604380534,0.4503010604380534,0.4503010604380534,0.4503010604380534,0.4503010604380534,0.4503010604380534,0.4503010604380534
AAPL|2018-08-28 13:30:00+00:00,AAPL,2018-08-28,2018-08,train_forward_oof,1,1,1,3,3,0,0.6858115574682815,0.7123842964460619,0.6858115574682815,0.6858115574682815,0.6858115574682815,0.7332069668922281,0.7353041464021101,0.747103349697839
AMZN|2018-08-28 13:30:00+00:00,AMZN,2018-08-28,2018-08,train_forward_oof,0,1,1,1,1,0,0.5082039568936472,0.54718287698154,0.5082039568936472,0.5082039568936472,0.5082039568936472,0.5790213746795364,0.580950532458358,0.5499200136996284
AAPL|2018-08-28 14:30:00+00:00,AAPL,2018-08-28,2018-08,train_forward_oof,1,1,1,4,4,3,0.612996298943725,0.6402890650199322,0.6383023848321452,0.5880547686755756,0.5895630023126882,0.6674098440404952,0.660115749076374,0.6613985769108905
AMZN|2018-08-28 14:30:00+00:00,AMZN,2018-08-28,2018-08,train_forward_oof,1,1,1,1,1,0,0.5014610791319649,0.5404912072241976,0.5014610791319649,0.5014610791319649,0.5014610791319649,0.5724325583933018,0.5743697148947615,0.5432350278445409
AAPL|2018-08-28 15:30:00+00:00,AAPL,2018-08-28,2018-08,train_forward_oof,1,1,1,5,5,0,0.5862398470232986,0.6123547661609294,0.6121886500625893,0.5862398470232986,0.5862398470232986,0.6890361133778587,0.6907950483121243,0.7616600425605686
AMZN|2018-08-28 15:30:00+00:00,AMZN,2018-08-28,2018-08,train_forward_oof,0,0,0,0,0,0,0.4734389634207612,0.4734389634207612,0.4734389634207612,0.4734389634207612,0.4734389634207612,0.4734389634207612,0.4734389634207612,0.4734389634207612
AAPL|2018-08-29 13:30:00+00:00,AAPL,2018-08-29,2018-08,train_forward_oof,1,1,1,4,4,3,0.701956700073636,0.7257822002023316,0.7495005576981119,0.6555208600147844,0.6733444150559663,0.8453548391411296,0.8433921614997952,0.8543844234303516
AMZN|2018-08-29 13:30:00+00:00,AMZN,2018-08-29,2018-08,train_forward_oof,1,0,0,0,0,0,0.5826565391000876,0.5826565391000876,0.5826565391000876,0.5826565391000876,0.5826565391000876,0.5826565391000876,0.5826565391000876,0.5826565391000876
AAPL|2018-08-29 14:30:00+00:00,AAPL,2018-08-29,2018-08,train_forward_oof,1,1,1,2,2,3,0.6308692317022283,0.6625815848750672,0.6308692317022283,0.5757861309250303,0.5918891125931112,0.6568919557371655,0.6534539629214533,0.6103750335264113
AMZN|2018-08-29 14:30:00+00:00,AMZN,2018-08-29,2018-08,train_forward_oof,1,0,0,0,0,0,0.5616429847771356,0.5616429847771356,0.5616429847771356,0.5616429847771356,0.5616429847771356,0.5616429847771356,0.5616429847771356,0.5616429847771356
AAPL|2018-08-29 15:30:00+00:00,AAPL,2018-08-29,2018-08,train_forward_oof,1,1,1,6,6,0,0.4744514845282681,0.499950737602162,0.4744514845282681,0.4744514845282681,0.4744514845282681,0.5207824900126964,0.5240338555022522,0.5458311160500585
AMZN|2018-08-29 15:30:00+00:00,AMZN,2018-08-29,2018-08,train_forward_oof,1,0,0,0,0,0,0.5962362038899145,0.5962362038899145,0.5962362038899145,0.5962362038899145,0.5962362038899145,0.5962362038899145,0.5962362038899145,0.5962362038899145
AAPL|2018-08-30 13:30:00+00:00,AAPL,2018-08-30,2018-08,train_forward_oof,1,1,1,4,4,0,0.6333115752152833,0.6599663708283647,0.6576033358968671,0.6333115752152833,0.6333115752152833,0.7400917209179722,0.7409004178305698,0.8014498046206687
AMZN|2018-08-30 13:30:00+00:00,AMZN,2018-08-30,2018-08,train_forward_oof,1,1,1,1,1,0,0.5099767726019206,0.5489398933179731,0.5099767726019206,0.5099767726019206,0.5099767726019206,0.5807495072697141,0.5826764535108007,0.55167511124044
AAPL|2018-08-30 14:30:00+00:00,AAPL,2018-08-30,2018-08,train_forward_oof,1,1,1,3,3,0,0.5562026589237365,0.5871381319650459,0.6091045652584945,0.5562026589237365,0.5562026589237365,0.7475400201652909,0.7474896887367416,0.8140104713272992
AMZN|2018-08-30 14:30:00+00:00,AMZN,2018-08-30,2018-08,train_forward_oof,0,1,1,1,1,0,0.5032344419204928,0.5422524674508747,0.5032344419204928,0.5032344419204928,0.5032344419204928,0.5741678467807176,0.5761029632466053,0.5449946246933198
AAPL|2018-08-30 15:30:00+00:00,AAPL,2018-08-30,2018-08,train_forward_oof,1,1,1,4,3,0,0.6185323600869929,0.6235698361957871,0.6185323600869929,0.6185323600869929,0.6185323600869929,0.6679311634525245,0.6693897953719442,0.6920182942222235
AMZN|2018-08-30 15:30:00+00:00,AMZN,2018-08-30,2018-08,train_forward_oof,0,1,1,1,1,0,0.4967986559947597,0.535855947378397,0.4967986559947597,0.4967986559947597,0.4967986559947597,0.5678618916650361,0.569804193661211,0.5386038183856646
AAPL|2018-08-31 13:30:00+00:00,AAPL,2018-08-31,2018-08,train_forward_oof,1,1,1,8,8,0,0.6349987633199129,0.6558596731343967,0.673065437826259,0.6349987633199129,0.6349987633199129,0.7667281342676625,0.7664224852642183,0.8239149537726089
AMZN|2018-08-31 13:30:00+00:00,AMZN,2018-08-31,2018-08,train_forward_oof,1,0,0,0,0,0,0.4161403042580215,0.4161403042580215,0.4161403042580215,0.4161403042580215,0.4161403042580215,0.4161403042580215,0.4161403042580215,0.4161403042580215
AAPL|2018-08-31 14:30:00+00:00,AAPL,2018-08-31,2018-08,train_forward_oof,0,1,1,11,11,3,0.7202739759126903,0.7358493996100524,0.7564877089182749,0.6165813964566252,0.6266101751401983,0.7720866668675671,0.7684596935693767,0.7584313254871248
AMZN|2018-08-31 14:30:00+00:00,AMZN,2018-08-31,2018-08,train_forward_oof,0,1,1,1,1,0,0.4387832942287663,0.4776086114689527,0.4387832942287663,0.4387832942287663,0.4387832942287663,0.509957958041079,0.5119368326073974,0.48036692244612256
AAPL|2018-08-31 15:30:00+00:00,AAPL,2018-08-31,2018-08,train_forward_oof,0,1,1,10,10,0,0.4646768293273397,0.4852378638694122,0.5115402991808962,0.4646768293273397,0.4646768293273397,0.6382891915216065,0.6388199938533764,0.7257095610188906
AMZN|2018-08-31 15:30:00+00:00,AMZN,2018-08-31,2018-08,train_forward_oof,0,1,1,1,1,0,0.4909227843503161,0.5300046817382805,0.4909227843503161,0.4909227843503161,0.4909227843503161,0.5620843724772328,0.5640327058975323,0.5327569883347076
AAPL|2018-09-04 13:30:00+00:00,AAPL,2018-09-04,2018-09,development,0,1,1,12,11,2,0.5755377379934393,0.6023660715665402,0.6018591793601944,0.5199968913393047,0.4758980475921973,0.588107756580776,0.5683774855565876,0.52438047321607
AMZN|2018-09-04 13:30:00+00:00,AMZN,2018-09-04,2018-09,development,1,1,1,2,2,0,0.4343843915509399,0.4685619203539491,0.4343843915509399,0.4343843915509399,0.4343843915509399,0.49707067300172286,0.4993573320878643,0.44952861749978507
AAPL|2018-09-04 14:30:00+00:00,AAPL,2018-09-04,2018-09,development,1,1,1,6,5,2,0.5323319690733437,0.5682511996394898,0.5592810189664638,0.48011843334908055,0.43666843661070803,0.5681068331777681,0.545961584987425,0.5162087005422411
AMZN|2018-09-04 14:30:00+00:00,AMZN,2018-09-04,2018-09,development,1,0,0,0,0,0,0.5586626293940858,0.5586626293940858,0.5586626293940858,0.5586626293940858,0.5586626293940858,0.5586626293940858,0.5586626293940858,0.5586626293940858
AAPL|2018-09-04 15:30:00+00:00,AAPL,2018-09-04,2018-09,development,0,1,1,9,7,0,0.4734339840025225,0.48989732625935883,0.4601902862718949,0.4734339840025225,0.4734339840025225,0.3954432712067169,0.39465064723861193,0.5277821832347267
AMZN|2018-09-04 15:30:00+00:00,AMZN,2018-09-04,2018-09,development,0,0,0,0,0,0,0.6313749338731318,0.6313749338731318,0.6313749338731318,0.6313749338731318,0.6313749338731318,0.6313749338731318,0.6313749338731318,0.6313749338731318
AAPL|2018-09-05 13:30:00+00:00,AAPL,2018-09-05,2018-09,development,0,1,1,7,7,2,0.569648060011646,0.5983819249193418,0.5501573663676911,0.50216145350922,0.4968012491255362,0.3969570344734719,0.38558807373828435,0.2588858610753518
AMZN|2018-09-05 13:30:00+00:00,AMZN,2018-09-05,2018-09,development,0,1,1,2,2,0,0.5316554796372227,0.5658301060798685,0.5451427377340555,0.5316554796372227,0.5316554796372227,0.6003662882970924,0.6003463410951647,0.3116213074021901
AAPL|2018-09-05 14:30:00+00:00,AAPL,2018-09-05,2018-09,development,1,1,1,4,4,2,0.5163782332274662,0.5481787156994995,0.5277450727743966,0.4521486956408968,0.4198897246791395,0.48417741474260806,0.4664179333479584,0.41438835023642634
AMZN|2018-09-05 14:30:00+00:00,AMZN,2018-09-05,2018-09,development,0,1,1,4,4,0,0.5394034599020635,0.5709479022093067,0.5528552506855962,0.5394034599020635,0.5394034599020635,0.6029160212967577,0.6035950130107851,0.2986136030726126
AAPL|2018-09-05 15:30:00+00:00,AAPL,2018-09-05,2018-09,development,1,1,1,5,5,0,0.5067002690388968,0.5376557980952837,0.5840156839883114,0.5067002690388968,0.5067002690388968,0.6983049331721787,0.6965878561288221,0.7238889194947002
AMZN|2018-09-05 15:30:00+00:00,AMZN,2018-09-05,2018-09,development,0,1,1,3,3,0,0.4150918070191625,0.4475232794193481,0.428326398504861,0.4150918070191625,0.4150918070191625,0.4814319209663023,0.481821737052573,0.21175235257240427
AAPL|2018-09-06 13:30:00+00:00,AAPL,2018-09-06,2018-09,development,0,1,1,3,3,0,0.5666974286569904,0.5988466313805716,0.5564680882413192,0.5666974286569904,0.5666974286569904,0.5543357602850429,0.5579060470070708,0.6490200167325284
AMZN|2018-09-06 13:30:00+00:00,AMZN,2018-09-06,2018-09,development,0,0,0,0,0,0,0.3318389126686551,0.3318389126686551,0.3318389126686551,0.3318389126686551,0.3318389126686551,0.3318389126686551,0.3318389126686551,0.3318389126686551
AAPL|2018-09-06 14:30:00+00:00,AAPL,2018-09-06,2018-09,development,0,1,1,7,6,0,0.5350240613333906,0.5704889102910079,0.5561631830372337,0.5350240613333906,0.5350240613333906,0.6345202688336335,0.6380024302573802,0.7043361974666819
AMZN|2018-09-06 14:30:00+00:00,AMZN,2018-09-06,2018-09,development,0,0,0,0,0,0,0.2394710592993392,0.2394710592993392,0.2394710592993392,0.2394710592993392,0.2394710592993392,0.2394710592993392,0.2394710592993392,0.2394710592993392
AAPL|2018-09-06 15:30:00+00:00,AAPL,2018-09-06,2018-09,development,1,1,1,9,8,3,0.5462227198297296,0.5795501875262485,0.5672645049188425,0.5199536898463195,0.49792051186469705,0.5509056126795367,0.536813652470251,0.5246164804505205
AMZN|2018-09-06 15:30:00+00:00,AMZN,2018-09-06,2018-09,development,0,1,1,1,1,0,0.3637144905600221,0.3981820800893444,0.3637144905600221,0.3637144905600221,0.3637144905600221,0.4278251482767995,0.42949763291983556,0.39545452622286537
AAPL|2018-09-07 13:30:00+00:00,AAPL,2018-09-07,2018-09,development,1,1,1,4,3,0,0.6189398487718715,0.6512137505850019,0.6351621832232299,0.6189398487718715,0.6189398487718715,0.6995370774352851,0.7008498255577006,0.7921772682100702
AMZN|2018-09-07 13:30:00+00:00,AMZN,2018-09-07,2018-09,development,1,0,0,0,0,0,0.5824291617253742,0.5824291617253742,0.5824291617253742,0.5824291617253742,0.5824291617253742,0.5824291617253742,0.5824291617253742,0.5824291617253742
AAPL|2018-09-07 14:30:00+00:00,AAPL,2018-09-07,2018-09,development,0,1,1,12,10,0,0.6148384734641394,0.6381102678234899,0.6334798329471703,0.6148384734641394,0.6148384734641394,0.680134025067838,0.6825923048780496,0.7701348227346807
AMZN|2018-09-07 14:30:00+00:00,AMZN,2018-09-07,2018-09,development,1,1,1,2,1,0,0.5146829813861334,0.45060021402386774,0.5146829813861334,0.5146829813861334,0.5146829813861334,0.32112606404798044,0.3209883209266183,0.2667480518972852
AAPL|2018-09-07 15:30:00+00:00,AAPL,2018-09-07,2018-09,development,0,1,1,13,11,2,0.5624476550242902,0.5844877792224987,0.5710010645029107,0.5065962861122908,0.49608640822633504,0.4902251312317066,0.47997220927896644,0.4652456310380375
AMZN|2018-09-07 15:30:00+00:00,AMZN,2018-09-07,2018-09,development,0,1,1,3,2,0,0.4882657696542902,0.5158947918252403,0.4882657696542902,0.4882657696542902,0.4882657696542902,0.5568519103886209,0.557711587539217,0.5920768903668682
AAPL|2018-09-10 13:30:00+00:00,AAPL,2018-09-10,2018-09,development,0,1,1,14,12,0,0.6399215494588759,0.6665385240088428,0.629997664017627,0.6399215494588759,0.6399215494588759,0.6354709698570049,0.6406787076188653,0.7339685526970123
AMZN|2018-09-10 13:30:00+00:00,AMZN,2018-09-10,2018-09,development,0,1,1,2,2,0,0.5618202959770143,0.5954686184949177,0.5695275247994533,0.5618202959770143,0.5618202959770143,0.5974475697547571,0.5985781122144005,0.41264709355708035
AAPL|2018-09-10 14:30:00+00:00,AAPL,2018-09-10,2018-09,development,1,1,1,9,9,0,0.5813663174179565,0.6087838021494191,0.5709107392671083,0.5813663174179565,0.5813663174179565,0.5611262927555641,0.5669017248436357,0.6514639475803626
AMZN|2018-09-10 14:30:00+00:00,AMZN,2018-09-10,2018-09,development,1,1,1,3,3,0,0.4148437857662758,0.4472706982125177,0.4224787672143847,0.4148437857662758,0.4148437857662758,0.4478800412241014,0.44945016184251413,0.2694016200392442
AAPL|2018-09-10 15:30:00+00:00,AAPL,2018-09-10,2018-09,development,0,1,1,6,6,0,0.5619667344941784,0.591495081957093,0.5514005077285944,0.5619667344941784,0.5619667344941784,0.5450819742347641,0.5503950632926188,0.6390941176843103
AMZN|2018-09-10 15:30:00+00:00,AMZN,2018-09-10,2018-09,development,0,1,1,3,3,0,0.2570237867639994,0.28308238735740443,0.26305994921136494,0.2570237867639994,0.2570237867639994,0.2835828098110244,0.28487413925217225,0.15249315603054506
AAPL|2018-09-11 13:30:00+00:00,AAPL,2018-09-11,2018-09,development,1,1,1,6,6,0,0.598490871884391,0.6271904679169586,0.598490871884391,0.598490871884391,0.598490871884391,0.6496330783519457,0.6528107006501316,0.6838843473491256
AMZN|2018-09-11 13:30:00+00:00,AMZN,2018-09-11,2018-09,development,1,0,0,0,0,0,0.4828862978850241,0.4828862978850241,0.4828862978850241,0.4828862978850241,0.4828862978850241,0.4828862978850241,0.4828862978850241,0.4828862978850241
AAPL|2018-09-11 14:30:00+00:00,AAPL,2018-09-11,2018-09,development,1,1,1,15,12,0,0.5187549037517475,0.5330378699379474,0.5307275329358961,0.5187549037517475,0.5187549037517475,0.5534399022600841,0.5567985967076915,0.6372845108382104
AMZN|2018-09-11 14:30:00+00:00,AMZN,2018-09-11,2018-09,development,1,1,1,1,1,0,0.4847941067572487,0.5213346121583903,0.4847941067572487,0.4847941067572487,0.4847941067572487,0.5517405687627995,0.5534289242252972,0.5184902539268805
AAPL|2018-09-11 15:30:00+00:00,AAPL,2018-09-11,2018-09,development,1,1,1,17,13,0,0.5603604868356021,0.575004297695354,0.572151728175298,0.5603604868356021,0.5603604868356021,0.5993084755251548,0.6025315142261923,0.6820632910609821
AMZN|2018-09-11 15:30:00+00:00,AMZN,2018-09-11,2018-09,development,1,1,1,3,3,0,0.4077190675792339,0.4400078369678811,0.4077190675792339,0.4077190675792339,0.4077190675792339,0.46687693112932194,0.46956384589663236,0.409969603528038
AAPL|2018-09-12 13:30:00+00:00,AAPL,2018-09-12,2018-09,development,0,1,1,9,8,0,0.4959568979101342,0.530801314226463,0.4902361901792482,0.4959568979101342,0.4959568979101342,0.5094897151601206,0.511060782413595,0.5468474665998851
AMZN|2018-09-12 13:30:00+00:00,AMZN,2018-09-12,2018-09,development,0,1,1,1,1,0,0.5796270895471947,0.6147860387264159,0.5796270895471947,0.5796270895471947,0.5796270895471947,0.6433171629757178,0.6448825995252396,0.612083794668546
AAPL|2018-09-12 14:30:00+00:00,AAPL,2018-09-12,2018-09,development,1,1,1,12,11,0,0.470022165438422,0.4995680547890486,0.4643250303396337,0.470022165438422,0.470022165438422,0.4666200118512975,0.46872458007640627,0.5124396615795158
AMZN|2018-09-12 14:30:00+00:00,AMZN,2018-09-12,2018-09,development,1,1,1,2,2,0,0.5415973763736905,0.5756256164979277,0.5415973763736905,0.5415973763736905,0.5415973763736905,0.6032540866986112,0.6054411806949694,0.5567998606520614
AAPL|2018-09-12 15:30:00+00:00,AAPL,2018-09-12,2018-09,development,0,1,1,20,18,3,0.4240854769735552,0.44653923052011557,0.4504537174459491,0.3916278660861744,0.4247301730258802,0.4145596835110929,0.4135962777416033,0.32365423884174654
AMZN|2018-09-12 15:30:00+00:00,AMZN,2018-09-12,2018-09,development,0,1,1,3,2,0,0.4736741724366675,0.4985440956923138,0.4736741724366675,0.4736741724366675,0.4736741724366675,0.5340208156846994,0.5348961139791689,0.5649527138927166
AAPL|2018-09-13 13:30:00+00:00,AAPL,2018-09-13,2018-09,development,1,1,1,21,18,3,0.4238255438580702,0.44179464903164917,0.4440605160084087,0.37346265923175326,0.39864463446996284,0.4109274553218606,0.4077217615993089,0.3883120718679852
AMZN|2018-09-13 13:30:00+00:00,AMZN,2018-09-13,2018-09,development,0,0,0,0,0,0,0.5439390328120218,0.5439390328120218,0.5439390328120218,0.5439390328120218,0.5439390328120218,0.5439390328120218,0.5439390328120218,0.5439390328120218
AAPL|2018-09-13 14:30:00+00:00,AAPL,2018-09-13,2018-09,development,1,1,1,27,23,0,0.369789137406743,0.3807280906224967,0.390862035085327,0.369789137406743,0.369789137406743,0.4371238799371706,0.43780806448922976,0.5638357653772007
AMZN|2018-09-13 14:30:00+00:00,AMZN,2018-09-13,2018-09,development,0,0,0,0,0,0,0.5145414401187642,0.5145414401187642,0.5145414401187642,0.5145414401187642,0.5145414401187642,0.5145414401187642,0.5145414401187642,0.5145414401187642
AAPL|2018-09-13 15:30:00+00:00,AAPL,2018-09-13,2018-09,development,0,1,1,33,29,0,0.2872394848406578,0.2979615087825134,0.26439679479113837,0.2872394848406578,0.2872394848406578,0.2034462362113225,0.20260617077429416,0.22016812470023397
AMZN|2018-09-13 15:30:00+00:00,AMZN,2018-09-13,2018-09,development,0,0,0,0,0,0,0.4043522196431299,0.4043522196431299,0.4043522196431299,0.4043522196431299,0.4043522196431299,0.4043522196431299,0.4043522196431299,0.4043522196431299
AAPL|2018-09-14 13:30:00+00:00,AAPL,2018-09-14,2018-09,development,0,1,1,15,15,2,0.5468700162544986,0.5725797201299824,0.537334070730517,0.4663712294277033,0.4381211133190782,0.4440171018352119,0.4321787500890116,0.4208633317821702
AMZN|2018-09-14 13:30:00+00:00,AMZN,2018-09-14,2018-09,development,0,0,0,0,0,0,0.5833363333156966,0.5833363333156966,0.5833363333156966,0.5833363333156966,0.5833363333156966,0.5833363333156966,0.5833363333156966,0.5833363333156966
AAPL|2018-09-14 14:30:00+00:00,AAPL,2018-09-14,2018-09,development,0,1,1,19,19,0,0.4916372972742488,0.5165948916115906,0.4770122080093118,0.4916372972742488,0.4916372972742488,0.45024317814894593,0.4575295594691714,0.5329263032419299
AMZN|2018-09-14 14:30:00+00:00,AMZN,2018-09-14,2018-09,development,0,0,0,0,0,0,0.5838241282674648,0.5838241282674648,0.5838241282674648,0.5838241282674648,0.5838241282674648,0.5838241282674648,0.5838241282674648,0.5838241282674648
AAPL|2018-09-14 15:30:00+00:00,AAPL,2018-09-14,2018-09,development,0,1,1,18,18,0,0.5190312202195497,0.544147888518749,0.5074829823172212,0.5190312202195497,0.5190312202195497,0.48584925534699525,0.48822519640793977,0.5195326452385871
AMZN|2018-09-14 15:30:00+00:00,AMZN,2018-09-14,2018-09,development,0,0,0,0,0,0,0.5393996758870806,0.5393996758870806,0.5393996758870806,0.5393996758870806,0.5393996758870806,0.5393996758870806,0.5393996758870806,0.5393996758870806
AAPL|2018-09-17 13:30:00+00:00,AAPL,2018-09-17,2018-09,development,0,1,1,5,5,0,0.5741075457996383,0.6041377974855348,0.5719161499197938,0.5741075457996383,0.5741075457996383,0.5987256802683245,0.5974602024560082,0.6531454774050975
AMZN|2018-09-17 13:30:00+00:00,AMZN,2018-09-17,2018-09,development,0,0,0,0,0,0,0.7402968502142048,0.7402968502142048,0.7402968502142048,0.7402968502142048,0.7402968502142048,0.7402968502142048,0.7402968502142048,0.7402968502142048
AAPL|2018-09-17 14:30:00+00:00,AAPL,2018-09-17,2018-09,development,0,1,1,7,7,0,0.4947803185827331,0.5243389408144365,0.4925415373527498,0.4947803185827331,0.4947803185827331,0.5172675152852267,0.5163635316159167,0.5727467599586338
AMZN|2018-09-17 14:30:00+00:00,AMZN,2018-09-17,2018-09,development,1,0,0,0,0,0,0.4735188331212061,0.4735188331212061,0.4735188331212061,0.4735188331212061,0.4735188331212061,0.4735188331212061,0.4735188331212061,0.4735188331212061
AAPL|2018-09-17 15:30:00+00:00,AAPL,2018-09-17,2018-09,development,0,1,1,11,11,0,0.4680538463361395,0.4955469032824162,0.40783175749637585,0.4680538463361395,0.4680538463361395,0.2863505778283395,0.2875318782145775,0.26463380140020343
AMZN|2018-09-17 15:30:00+00:00,AMZN,2018-09-17,2018-09,development,0,1,1,1,1,0,0.3461459184343087,0.3799427655486625,0.3461459184343087,0.3461459184343087,0.3461459184343087,0.40915113167702893,0.4108030274500106,0.37726183035008654
AAPL|2018-09-18 13:30:00+00:00,AAPL,2018-09-18,2018-09,development,1,1,1,6,5,0,0.5908545809010142,0.6274023817022348,0.6067993097328095,0.5908545809010142,0.5908545809010142,0.6842969223841734,0.6886089121218839,0.7166499201908538
AMZN|2018-09-18 13:30:00+00:00,AMZN,2018-09-18,2018-09,development,1,1,1,2,2,0,0.2641282663517039,0.2918213603800593,0.2641282663517039,0.2641282663517039,0.2641282663517039,0.31597020519038144,0.3179504436154607,0.27623564690162095
AAPL|2018-09-18 14:30:00+00:00,AAPL,2018-09-18,2018-09,development,0,1,1,8,6,3,0.5223932042998839,0.5320507875000867,0.5355355350308937,0.4803389407345944,0.4955888784864599,0.4460839107467099,0.4435733467242317,0.5105473467877868
AMZN|2018-09-18 14:30:00+00:00,AMZN,2018-09-18,2018-09,development,0,1,1,3,2,0,0.2579184170310892,0.28616852636113427,0.2579184170310892,0.2579184170310892,0.2579184170310892,0.3356604142017244,0.3364159324795314,0.3817202729850199
AAPL|2018-09-18 15:30:00+00:00,AAPL,2018-09-18,2018-09,development,0,1,1,8,8,0,0.4121686571474621,0.44051619318463076,0.4362877396375479,0.4121686571474621,0.4121686571474621,0.5342842362418778,0.5403074822034896,0.5903555803376968
AMZN|2018-09-18 15:30:00+00:00,AMZN,2018-09-18,2018-09,development,0,1,1,2,2,0,0.3883889196195145,0.42164529260874317,0.3883889196195145,0.3883889196195145,0.3883889196195145,0.44971508051357184,0.4519796702845696,0.40307232102464763
AAPL|2018-09-19 13:30:00+00:00,AAPL,2018-09-19,2018-09,development,0,1,1,20,20,0,0.6112781705350524,0.634498228353738,0.6112781705350524,0.6112781705350524,0.6112781705350524,0.6517683148193297,0.6563547481601303,0.6786545196521906
AMZN|2018-09-19 13:30:00+00:00,AMZN,2018-09-19,2018-09,development,0,1,1,3,3,0,0.5135742845599564,0.5465108770397903,0.5135742845599564,0.5135742845599564,0.5135742845599564,0.5732262734816643,0.5758641196110711,0.5159001722727519
AAPL|2018-09-19 14:30:00+00:00,AAPL,2018-09-19,2018-09,development,1,1,1,24,24,0,0.5975914550816769,0.620295625446935,0.635935684580307,0.5975914550816769,0.5975914550816769,0.7240541037674633,0.7262070359433279,0.7683655736898252
AMZN|2018-09-19 14:30:00+00:00,AMZN,2018-09-19,2018-09,development,1,1,1,3,3,0,0.5055286758247403,0.5385205284804242,0.5055286758247403,0.5055286758247403,0.5055286758247403,0.5653322570142317,0.5679821225839172,0.5078561688486648
AAPL|2018-09-19 15:30:00+00:00,AAPL,2018-09-19,2018-09,development,1,1,1,7,7,0,0.5303091818308997,0.5596391771581323,0.570456270224531,0.5303091818308997,0.5303091818308997,0.6761992123862578,0.6771374090481127,0.7321438459719809
AMZN|2018-09-19 15:30:00+00:00,AMZN,2018-09-19,2018-09,development,1,1,1,2,2,0,0.4380006343108275,0.4722251422667021,0.4380006343108275,0.4380006343108275,0.4380006343108275,0.5007467666542598,0.5030334222401939,0.4531699243444908
AAPL|2018-09-20 13:30:00+00:00,AAPL,2018-09-20,2018-09,development,1,1,1,4,4,2,0.5691187186282938,0.6001366987493543,0.5589522760263693,0.5012406303872724,0.47929999151723934,0.46576387650753903,0.4475031818807103,0.3051987937219211
AMZN|2018-09-20 13:30:00+00:00,AMZN,2018-09-20,2018-09,development,1,0,0,0,0,0,0.4848397660757765,0.4848397660757765,0.4848397660757765,0.4848397660757765,0.4848397660757765,0.4848397660757765,0.4848397660757765,0.4848397660757765
AAPL|2018-09-20 14:30:00+00:00,AAPL,2018-09-20,2018-09,development,0,1,1,2,2,2,0.5538609635259025,0.5876719191505682,0.5505977872079567,0.48945028285032455,0.47882729986425776,0.4815493039775809,0.4714767468783818,0.37948492559291896
AMZN|2018-09-20 14:30:00+00:00,AMZN,2018-09-20,2018-09,development,1,0,0,0,0,0,0.4037792540462292,0.4037792540462292,0.4037792540462292,0.4037792540462292,0.4037792540462292,0.4037792540462292,0.4037792540462292,0.4037792540462292
AAPL|2018-09-20 15:30:00+00:00,AAPL,2018-09-20,2018-09,development,0,1,1,6,6,3,0.5364407020751377,0.5663619917095608,0.5553513935653223,0.5223160901604567,0.6042514013601686,0.5288664492792648,0.5395532911226273,0.38413078774469817
AMZN|2018-09-20 15:30:00+00:00,AMZN,2018-09-20,2018-09,development,0,0,0,0,0,0,0.449662576801937,0.449662576801937,0.449662576801937,0.449662576801937,0.449662576801937,0.449662576801937,0.449662576801937,0.449662576801937
AAPL|2018-09-21 13:30:00+00:00,AAPL,2018-09-21,2018-09,development,0,1,1,2,2,0,0.6193153092361893,0.6512888967466839,0.633919800834032,0.6193153092361893,0.6193153092361893,0.6625123094979125,0.6593487680964156,0.6763972417460455
AMZN|2018-09-21 13:30:00+00:00,AMZN,2018-09-21,2018-09,development,0,1,1,3,3,0,0.4923735318353069,0.5254191179870984,0.4923735318353069,0.4923735318353069,0.4923735318353069,0.5523593029160928,0.5550260059798842,0.4947010529984851
AAPL|2018-09-21 14:30:00+00:00,AAPL,2018-09-21,2018-09,development,1,0,0,0,0,0,0.5737643054669467,0.5737643054669467,0.5737643054669467,0.5737643054669467,0.5737643054669467,0.5737643054669467,0.5737643054669467,0.5737643054669467
AMZN|2018-09-21 14:30:00+00:00,AMZN,2018-09-21,2018-09,development,0,1,1,2,2,0,0.4843293544850699,0.5188319191071731,0.4843293544850699,0.4843293544850699,0.4843293544850699,0.5472496714134145,0.5495149484072107,0.4996765756257604
AAPL|2018-09-21 15:30:00+00:00,AAPL,2018-09-21,2018-09,development,0,1,1,1,1,0,0.5066562226893038,0.5431074884887382,0.5554374009294244,0.5066562226893038,0.5066562226893038,0.7035224941330656,0.7060513081321433,0.7706525474525397
AMZN|2018-09-21 15:30:00+00:00,AMZN,2018-09-21,2018-09,development,0,1,1,2,2,0,0.4739251589520609,0.5084172983561468,0.4739251589520609,0.4739251589520609,0.4739251589520609,0.5369011234211001,0.5391745773784503,0.4892554920938411
AAPL|2018-09-24 13:30:00+00:00,AAPL,2018-09-24,2018-09,development,1,1,1,3,3,0,0.586364428788082,0.6180379504122472,0.6057563472843077,0.586364428788082,0.586364428788082,0.6581169994895745,0.660795871846826,0.7158492789491582
AMZN|2018-09-24 13:30:00+00:00,AMZN,2018-09-24,2018-09,development,1,1,1,1,1,0,0.4471521807233521,0.48351818466313384,0.4471521807233521,0.4471521807233521,0.4471521807233521,0.5140873574788061,0.5157930718219355,0.4806729610899748
AAPL|2018-09-24 14:30:00+00:00,AAPL,2018-09-24,2018-09,development,1,1,1,12,9,0,0.5436572169554805,0.5498785316482835,0.575311131434418,0.5436572169554805,0.5436572169554805,0.6234560206332126,0.6266002147919819,0.8035233564774419
AMZN|2018-09-24 14:30:00+00:00,AMZN,2018-09-24,2018-09,development,1,1,1,1,1,1,0.509832235069733,0.5462589926174201,0.509832235069733,0.5406124370589589,0.5328655383994712,0.5530004826997168,0.5437785938194509,0.7814901857816392
AAPL|2018-09-24 15:30:00+00:00,AAPL,2018-09-24,2018-09,development,1,1,1,12,9,0,0.5355322661563305,0.5417709864026201,0.5673012055961213,0.5355322661563305,0.5355322661563305,0.615747653620554,0.6189168704841476,0.7983087000087923
AMZN|2018-09-24 15:30:00+00:00,AMZN,2018-09-24,2018-09,development,1,1,1,1,1,1,0.4901832820443151,0.5267147136388622,0.4901832820443151,0.5202480438122916,0.5124746859007557,0.5328040369579249,0.5233879924324136,0.7654347148933843
AAPL|2018-09-25 13:30:00+00:00,AAPL,2018-09-25,2018-09,development,1,1,1,8,8,0,0.5798913219112295,0.6078460958224564,0.5768362707446877,0.5798913219112295,0.5798913219112295,0.6103922151234944,0.6158406138838038,0.6653178210956259
AMZN|2018-09-25 13:30:00+00:00,AMZN,2018-09-25,2018-09,development,1,0,0,0,0,0,0.4926692490053283,0.4926692490053283,0.4926692490053283,0.4926692490053283,0.4926692490053283,0.4926692490053283,0.4926692490053283,0.4926692490053283
AAPL|2018-09-25 14:30:00+00:00,AAPL,2018-09-25,2018-09,development,1,1,1,9,8,0,0.5291685044184685,0.5631606272292449,0.5291685044184685,0.5291685044184685,0.5291685044184685,0.6049374560464693,0.6081526552951002,0.6408402441794891
AMZN|2018-09-25 14:30:00+00:00,AMZN,2018-09-25,2018-09,development,1,0,0,0,0,0,0.4256680383893373,0.4256680383893373,0.4256680383893373,0.4256680383893373,0.4256680383893373,0.4256680383893373,0.4256680383893373,0.4256680383893373
AAPL|2018-09-25 15:30:00+00:00,AAPL,2018-09-25,2018-09,development,1,1,1,14,13,0,0.5361139914702623,0.5645456258156681,0.5361139914702623,0.5361139914702623,0.5361139914702623,0.5944540051729091,0.5984777532967904,0.6329001783362377
AMZN|2018-09-25 15:30:00+00:00,AMZN,2018-09-25,2018-09,development,1,1,1,1,1,0,0.4722787262354544,0.5088075164214668,0.4722787262354544,0.4722787262354544,0.4722787262354544,0.5393060332288617,0.541002261132905,0.5059592610027005
AAPL|2018-09-26 13:30:00+00:00,AAPL,2018-09-26,2018-09,development,1,1,1,15,15,0,0.5360715647442796,0.5619031320342941,0.5249083700534235,0.5360715647442796,0.5360715647442796,0.5091030516726026,0.5156423720374972,0.5993411489454799
AMZN|2018-09-26 13:30:00+00:00,AMZN,2018-09-26,2018-09,development,1,1,1,1,1,0,0.5156982030182271,0.5520720297324369,0.5156982030182271,0.5156982030182271,0.5156982030182271,0.5820906359130172,0.5837509195146415,0.5492524017161097
AAPL|2018-09-26 14:30:00+00:00,AAPL,2018-09-26,2018-09,development,1,1,1,12,12,2,0.5300023527893568,0.5569240657901354,0.5242837719153745,0.4997651391508106,0.4923849238968081,0.43174978977392053,0.42574781399817174,0.3827667688616545
AMZN|2018-09-26 14:30:00+00:00,AMZN,2018-09-26,2018-09,development,1,1,1,2,2,0,0.476231385827907,0.5107284215760737,0.476231385827907,0.476231385827907,0.476231385827907,0.5391997046479178,0.5414715114200883,0.4915666124629036
AAPL|2018-09-26 15:30:00+00:00,AAPL,2018-09-26,2018-09,development,0,1,1,16,16,0,0.5820534618650633,0.6069095053931726,0.5163221035428129,0.5820534618650633,0.5820534618650633,0.3390695327680277,0.34188601575747507,0.33294655640924264
AMZN|2018-09-26 15:30:00+00:00,AMZN,2018-09-26,2018-09,development,1,1,1,2,2,0,0.4520363681216919,0.4864083895631013,0.4520363681216919,0.4520363681216919,0.4520363681216919,0.5149508289600773,0.517235148344903,0.4672875788909449
AAPL|2018-09-27 13:30:00+00:00,AAPL,2018-09-27,2018-09,development,1,1,1,8,7,0,0.6665783911031586,0.6976093360607863,0.6336127271177575,0.6665783911031586,0.6665783911031586,0.6064566580612551,0.6100299936329927,0.6706432736585168
AMZN|2018-09-27 13:30:00+00:00,AMZN,2018-09-27,2018-09,development,1,1,1,1,1,0,0.564760677100655,0.6003056098005953,0.564760677100655,0.564760677100655,0.564760677100655,0.6292624799476111,0.6308542053281049,0.5975682791595415
AAPL|2018-09-27 14:30:00+00:00,AAPL,2018-09-27,2018-09,development,1,1,1,10,9,0,0.6116248898645411,0.6434978712084258,0.576676449606641,0.6116248898645411,0.6116248898645411,0.5423639112889214,0.5465077073297183,0.6056998057430816
AMZN|2018-09-27 14:30:00+00:00,AMZN,2018-09-27,2018-09,development,1,1,1,1,1,0,0.5227499373803031,0.559047000276623,0.5673150245966154,0.5227499373803031,0.5227499373803031,0.6968667005500618,0.6930007725101139,0.33925198500417775
AAPL|2018-09-27 15:30:00+00:00,AAPL,2018-09-27,2018-09,development,0,1,1,12,11,0,0.5006379931663064,0.5354636316667098,0.4335140169035661,0.5006379931663064,0.5006379931663064,0.3315694679206345,0.3344316032744099,0.34777001166658633
AMZN|2018-09-27 15:30:00+00:00,AMZN,2018-09-27,2018-09,development,1,1,1,2,2,0,0.5164197673276685,0.5507667452973469,0.5528221635341264,0.5164197673276685,0.5164197673276685,0.650980297664413,0.6464637997938696,0.33486062651518705
AAPL|2018-09-28 13:30:00+00:00,AAPL,2018-09-28,2018-09,development,1,1,1,7,7,0,0.6052382171912768,0.6331262066824126,0.6410783961328133,0.6052382171912768,0.6052382171912768,0.7308151150686982,0.7328333865725366,0.7850213318498781
AMZN|2018-09-28 13:30:00+00:00,AMZN,2018-09-28,2018-09,development,1,1,1,2,2,0,0.4170814219362997,0.45098303673661166,0.4170814219362997,0.4170814219362997,0.4170814219362997,0.47938703328715393,0.4816702536889851,0.43208323191030706
AAPL|2018-09-28 14:30:00+00:00,AAPL,2018-09-28,2018-09,development,0,1,1,9,9,0,0.5917361394596148,0.6189196513736602,0.6133884386043374,0.5917361394596148,0.5917361394596148,0.6637009273009831,0.6662501452687487,0.7231899031817103
AMZN|2018-09-28 14:30:00+00:00,AMZN,2018-09-28,2018-09,development,0,1,1,1,1,0,0.4736830933818459,0.5102154868195832,0.4736830933818459,0.4736830933818459,0.4736830933818459,0.5407054964323932,0.5424009436852465,0.5073674909452467
AAPL|2018-09-28 15:30:00+00:00,AAPL,2018-09-28,2018-09,development,0,1,1,12,12,0,0.4698719975532768,0.4969689877881489,0.4829450771001235,0.4698719975532768,0.4698719975532768,0.5000203251996022,0.4989521395930885,0.5141705456936891
AMZN|2018-09-28 15:30:00+00:00,AMZN,2018-09-28,2018-09,development,0,1,1,2,2,0,0.3493658351600148,0.3813643031003774,0.3493658351600148,0.3493658351600148,0.3493658351600148,0.4086472287523812,0.41085942125220143,0.3634506338933235
AAPL|2018-10-01 13:30:00+00:00,AAPL,2018-10-01,2018-10,development,0,1,1,1,1,0,0.5937115076682647,0.6284475832016391,0.5937115076682647,0.5937115076682647,0.5937115076682647,0.6565321559137925,0.6580704205380851,0.6985303864548099
AMZN|2018-10-01 13:30:00+00:00,AMZN,2018-10-01,2018-10,development,1,0,0,0,0,0,0.7126205176769206,0.7126205176769206,0.7126205176769206,0.7126205176769206,0.7126205176769206,0.7126205176769206,0.7126205176769206,0.7126205176769206
AAPL|2018-10-01 14:30:00+00:00,AAPL,2018-10-01,2018-10,development,0,1,1,3,3,0,0.550803273938872,0.5832645425340055,0.550803273938872,0.550803273938872,0.550803273938872,0.6093623944911365,0.6119280964583631,0.6492947882877163
AMZN|2018-10-01 14:30:00+00:00,AMZN,2018-10-01,2018-10,development,0,0,0,0,0,0,0.6783406703108167,0.6783406703108167,0.6783406703108167,0.6783406703108167,0.6783406703108167,0.6783406703108167,0.6783406703108167,0.6783406703108167
AAPL|2018-10-01 15:30:00+00:00,AAPL,2018-10-01,2018-10,development,0,1,1,4,4,0,0.512215355474779,0.5440478695137961,0.512215355474779,0.512215355474779,0.512215355474779,0.5697000127047862,0.5726555844773915,0.6094819340400255
AMZN|2018-10-01 15:30:00+00:00,AMZN,2018-10-01,2018-10,development,0,0,0,0,0,0,0.4610882432788805,0.4610882432788805,0.4610882432788805,0.4610882432788805,0.4610882432788805,0.4610882432788805,0.4610882432788805,0.4610882432788805
AAPL|2018-10-02 13:30:00+00:00,AAPL,2018-10-02,2018-10,development,1,1,1,5,5,0,0.5777841527544144,0.6077322933130496,0.6061010747887611,0.5777841527544144,0.5777841527544144,0.673951932109804,0.6728425551426218,0.7243636549091899
AMZN|2018-10-02 13:30:00+00:00,AMZN,2018-10-02,2018-10,development,0,1,1,4,3,0,0.2947977739178816,0.3284764943730554,0.2947977739178816,0.2947977739178816,0.2947977739178816,0.3835295266970964,0.385050000948317,0.40719498546697713
AAPL|2018-10-02 14:30:00+00:00,AAPL,2018-10-02,2018-10,development,1,1,1,4,3,0,0.575742078295731,0.6096482414706408,0.5784623364633823,0.575742078295731,0.575742078295731,0.6291974902514104,0.6322358486319329,0.7415466479079333
AMZN|2018-10-02 14:30:00+00:00,AMZN,2018-10-02,2018-10,development,0,1,1,2,1,0,0.4006204318252504,0.34076761518149934,0.4006204318252504,0.4006204318252504,0.4006204318252504,0.22966015608848736,0.22954838019558038,0.18651524065180708
AAPL|2018-10-02 15:30:00+00:00,AAPL,2018-10-02,2018-10,development,0,1,1,6,5,0,0.430504848315746,0.4581506478646047,0.4212705508130244,0.430504848315746,0.430504848315746,0.421386017947578,0.4247966956226526,0.5662151229880659
AMZN|2018-10-02 15:30:00+00:00,AMZN,2018-10-02,2018-10,development,0,1,1,2,2,0,0.3537430316663728,0.38590462078272814,0.3537430316663728,0.3537430316663728,0.3537430316663728,0.41329536075116696,0.41551503526051964,0.3679045136918414
AAPL|2018-10-03 13:30:00+00:00,AAPL,2018-10-03,2018-10,development,1,1,1,7,7,3,0.6202952040912335,0.6477385883821941,0.6202952040912335,0.4516238047285077,0.45634614961254805,0.4943012238665622,0.49114203050076655,0.3743585915845967
AMZN|2018-10-03 13:30:00+00:00,AMZN,2018-10-03,2018-10,development,0,0,0,0,0,0,0.4545657624427694,0.4545657624427694,0.4545657624427694,0.4545657624427694,0.4545657624427694,0.4545657624427694,0.4545657624427694,0.4545657624427694
AAPL|2018-10-03 14:30:00+00:00,AAPL,2018-10-03,2018-10,development,0,1,1,7,7,0,0.6235313724784888,0.6508725070211526,0.6524705222832509,0.6235313724784888,0.6235313724784888,0.735752186937226,0.7388030119655371,0.7908865110166874
AMZN|2018-10-03 14:30:00+00:00,AMZN,2018-10-03,2018-10,development,0,0,0,0,0,0,0.4258358753123029,0.4258358753123029,0.4258358753123029,0.4258358753123029,0.4258358753123029,0.4258358753123029,0.4258358753123029,0.4258358753123029
AAPL|2018-10-03 15:30:00+00:00,AAPL,2018-10-03,2018-10,development,0,1,1,6,6,0,0.5272106167528062,0.5572359439903729,0.55830904660977,0.5272106167528062,0.5272106167528062,0.6533400609143735,0.6567266016685023,0.7199259094595348
AMZN|2018-10-03 15:30:00+00:00,AMZN,2018-10-03,2018-10,development,0,0,0,0,0,0,0.2713486650208426,0.2713486650208426,0.2713486650208426,0.2713486650208426,0.2713486650208426,0.2713486650208426,0.2713486650208426,0.2713486650208426
AAPL|2018-10-04 13:30:00+00:00,AAPL,2018-10-04,2018-10,development,0,1,1,5,5,0,0.5934505848110769,0.6230125395163078,0.5963194324503315,0.5934505848110769,0.5934505848110769,0.6195755341041714,0.6235231393423146,0.7002342868268945
AMZN|2018-10-04 13:30:00+00:00,AMZN,2018-10-04,2018-10,development,0,1,1,1,1,0,0.4888696691603912,0.5254040939466523,0.4888696691603912,0.4888696691603912,0.4888696691603912,0.555771817426656,0.5574571678318507,0.5225617718360523
AAPL|2018-10-04 14:30:00+00:00,AAPL,2018-10-04,2018-10,development,0,1,1,6,6,0,0.5449134074000876,0.5747213703908647,0.5478638137803169,0.5449134074000876,0.5449134074000876,0.570391357545931,0.5747142244932855,0.6546217001666613
AMZN|2018-10-04 14:30:00+00:00,AMZN,2018-10-04,2018-10,development,0,1,1,2,2,0,0.4720092823427114,0.5064962324059603,0.4720092823427114,0.4720092823427114,0.4720092823427114,0.5349895609371758,0.5372643112024258,0.48733505176350617
AAPL|2018-10-04 15:30:00+00:00,AAPL,2018-10-04,2018-10,development,0,1,1,9,9,0,0.4920015017296551,0.5204439340303927,0.494977020173259,0.4920015017296551,0.4920015017296551,0.5142437770855146,0.5191638414356311,0.5991897371517803
AMZN|2018-10-04 15:30:00+00:00,AMZN,2018-10-04,2018-10,development,0,1,1,2,2,0,0.3690160886983757,0.4017031440306531,0.3690160886983757,0.3690160886983757,0.3690160886983757,0.4294310838573867,0.43167365734855934,0.38342623745719395
AAPL|2018-10-05 13:30:00+00:00,AAPL,2018-10-05,2018-10,development,0,1,1,18,17,0,0.6467351190437604,0.6730615478068548,0.6467351190437604,0.6467351190437604,0.6467351190437604,0.700599691863598,0.7044452648015694,0.7227417669505976
AMZN|2018-10-05 13:30:00+00:00,AMZN,2018-10-05,2018-10,development,0,1,1,5,5,0,0.3835085288369158,0.4132426590361798,0.3835085288369158,0.3835085288369158,0.3835085288369158,0.4377626454534093,0.44099172774166545,0.3684670924620867
AAPL|2018-10-05 14:30:00+00:00,AAPL,2018-10-05,2018-10,development,0,1,1,17,15,0,0.6360977220513107,0.6632921627477941,0.6360977220513107,0.6360977220513107,0.6360977220513107,0.6959728603121252,0.6994919567292728,0.7301623194729603
AMZN|2018-10-05 14:30:00+00:00,AMZN,2018-10-05,2018-10,development,0,1,1,4,4,0,0.3832069261995818,0.4138237854778172,0.3832069261995818,0.3832069261995818,0.3832069261995818,0.43925102117709536,0.44222534877703656,0.3758836911664902
AAPL|2018-10-05 15:30:00+00:00,AAPL,2018-10-05,2018-10,development,1,1,1,12,11,0,0.6105214640853821,0.6408497284391182,0.6105214640853821,0.6105214640853821,0.6105214640853821,0.6753719817838694,0.6787823465361129,0.7026694494650371
AMZN|2018-10-05 15:30:00+00:00,AMZN,2018-10-05,2018-10,development,1,1,1,1,1,0,0.5012422509573468,0.5377285596258957,0.5012422509573468,0.5012422509573468,0.5012422509573468,0.5679561551142954,0.5696310752131666,0.5348947084754707
AAPL|2018-10-08 13:30:00+00:00,AAPL,2018-10-08,2018-10,development,0,1,1,3,3,0,0.5603430256536804,0.5926247780826478,0.5883918999209297,0.5603430256536804,0.5603430256536804,0.6595345036007084,0.6629066900416128,0.7205106186796851
AMZN|2018-10-08 13:30:00+00:00,AMZN,2018-10-08,2018-10,development,0,1,1,1,1,0,0.6267469488040741,0.6602747623493601,0.6267469488040741,0.6267469488040741,0.6267469488040741,0.6871512092826901,0.6886173817495785,0.6577139571707272
AAPL|2018-10-08 14:30:00+00:00,AAPL,2018-10-08,2018-10,development,0,1,1,3,3,0,0.5165079295002627,0.549420156854779,0.5364175058807282,0.5165079295002627,0.5165079295002627,0.6053682971192204,0.6046719736540258,0.6844667177815796
AMZN|2018-10-08 14:30:00+00:00,AMZN,2018-10-08,2018-10,development,0,1,1,1,1,0,0.6191852296899952,0.653016237334083,0.6191852296899952,0.6191852296899952,0.6191852296899952,0.6801887842231519,0.6816724703774488,0.6504296855558529
AAPL|2018-10-08 15:30:00+00:00,AAPL,2018-10-08,2018-10,development,1,1,1,7,7,0,0.4175703332942646,0.44659370752926747,0.3997317294029955,0.4175703332942646,0.4175703332942646,0.35615838329195526,0.3552642386607369,0.3896245589248667
AMZN|2018-10-08 15:30:00+00:00,AMZN,2018-10-08,2018-10,development,0,1,1,2,2,0,0.556669499492802,0.5904250065210279,0.556669499492802,0.556669499492802,0.556669499492802,0.6177298325455287,0.6198874092844093,0.5717673568802619
AAPL|2018-10-09 13:30:00+00:00,AAPL,2018-10-09,2018-10,development,1,1,1,7,6,3,0.5990203694667263,0.6280810204044253,0.6207340083148702,0.8210330359764839,0.793485800267751,0.7012617400421911,0.6820660557635716,0.6702212498411733
AMZN|2018-10-09 13:30:00+00:00,AMZN,2018-10-09,2018-10,development,1,0,0,0,0,0,0.5887206579384774,0.5887206579384774,0.5887206579384774,0.5887206579384774,0.5887206579384774,0.5887206579384774,0.5887206579384774,0.5887206579384774
AAPL|2018-10-09 14:30:00+00:00,AAPL,2018-10-09,2018-10,development,0,1,1,12,11,0,0.5705056048506016,0.5973797874676157,0.5833241096313572,0.5705056048506016,0.5705056048506016,0.6266054645710302,0.6271637102747635,0.6634665958599412
AMZN|2018-10-09 14:30:00+00:00,AMZN,2018-10-09,2018-10,development,0,1,1,1,1,0,0.6002801254714417,0.6348000521544391,0.6002801254714417,0.6002801254714417,0.6002801254714417,0.662662202721015,0.6641870558335997,0.6321542010197826
AAPL|2018-10-09 15:30:00+00:00,AAPL,2018-10-09,2018-10,development,1,1,1,9,8,0,0.515439411206271,0.546072797669633,0.5285432506098964,0.515439411206271,0.515439411206271,0.5832937856088168,0.5833537898111926,0.6229824948593687
AMZN|2018-10-09 15:30:00+00:00,AMZN,2018-10-09,2018-10,development,0,1,1,1,1,0,0.6138013024348036,0.647838577066965,0.6138013024348036,0.6138013024348036,0.6138013024348036,0.6752149269588125,0.6767107207155058,0.6452343972915914
AAPL|2018-10-10 13:30:00+00:00,AAPL,2018-10-10,2018-10,development,0,1,1,5,5,0,0.6304076408380717,0.658827212774865,0.6689146292730923,0.6304076408380717,0.6304076408380717,0.7537303596896773,0.7557019262469029,0.7985189740472277
AMZN|2018-10-10 13:30:00+00:00,AMZN,2018-10-10,2018-10,development,0,1,1,1,1,0,0.4853391094516431,0.5218790827831116,0.4853391094516431,0.4853391094516431,0.4853391094516431,0.5522801556817895,0.553968121766082,0.5190349750843319
AAPL|2018-10-10 14:30:00+00:00,AAPL,2018-10-10,2018-10,development,0,1,1,5,5,0,0.592140826852736,0.6217373153395611,0.592140826852736,0.592140826852736,0.592140826852736,0.6450287124959269,0.6480245181548739,0.6805302147797816
AMZN|2018-10-10 14:30:00+00:00,AMZN,2018-10-10,2018-10,development,0,1,1,1,1,0,0.4773017975230411,0.5138408066461762,0.4773017975230411,0.4773017975230411,0.4773017975230411,0.5443066995265768,0.5460000150770519,0.5109936870676781
AAPL|2018-10-10 15:30:00+00:00,AAPL,2018-10-10,2018-10,development,0,1,1,4,4,0,0.5403975815446095,0.5719279716047997,0.5403975815446095,0.5403975815446095,0.5403975815446095,0.5971729592002925,0.6000722973523368,0.6360376316448756
AMZN|2018-10-10 15:30:00+00:00,AMZN,2018-10-10,2018-10,development,0,1,1,1,1,0,0.4695873359983555,0.5061076003368441,0.4695873359983555,0.4695873359983555,0.4695873359983555,0.5366210847770134,0.5383187355754615,0.5032589736351952
AAPL|2018-10-11 13:30:00+00:00,AAPL,2018-10-11,2018-10,development,1,1,1,9,8,0,0.6071042745162821,0.6398911953466154,0.6684492909985197,0.6071042745162821,0.6071042745162821,0.8120324053146576,0.8120411330681212,0.8425679292626314
AMZN|2018-10-11 13:30:00+00:00,AMZN,2018-10-11,2018-10,development,1,0,0,0,0,0,0.2868047854006068,0.2868047854006068,0.2868047854006068,0.2868047854006068,0.2868047854006068,0.2868047854006068,0.2868047854006068,0.2868047854006068
AAPL|2018-10-11 14:30:00+00:00,AAPL,2018-10-11,2018-10,development,0,1,1,9,8,0,0.5589668131573107,0.5927062784295666,0.6231625408960365,0.5589668131573107,0.5589668131573107,0.77908751564915,0.7790981661139089,0.8147611170414287
AMZN|2018-10-11 14:30:00+00:00,AMZN,2018-10-11,2018-10,development,0,0,0,0,0,0,0.3760827763575799,0.3760827763575799,0.3760827763575799,0.3760827763575799,0.3760827763575799,0.3760827763575799,0.3760827763575799,0.3760827763575799
AAPL|2018-10-11 15:30:00+00:00,AAPL,2018-10-11,2018-10,development,1,1,1,9,8,0,0.4770213298309279,0.5115516720137637,0.5434014938153371,0.4770213298309279,0.4770213298309279,0.7173607106212997,0.7173732574460867,0.7599306357298075
AMZN|2018-10-11 15:30:00+00:00,AMZN,2018-10-11,2018-10,development,1,0,0,0,0,0,0.55540773461197,0.55540773461197,0.55540773461197,0.55540773461197,0.55540773461197,0.55540773461197,0.55540773461197,0.55540773461197
AAPL|2018-10-12 13:30:00+00:00,AAPL,2018-10-12,2018-10,development,0,1,1,7,7,0,0.5365089324702034,0.5657687873045544,0.5921636705688917,0.5365089324702034,0.5365089324702034,0.7171245943410468,0.7196196340410327,0.7640984161456147
AMZN|2018-10-12 13:30:00+00:00,AMZN,2018-10-12,2018-10,development,0,0,0,0,0,0,0.2752057028051662,0.2752057028051662,0.2752057028051662,0.2752057028051662,0.2752057028051662,0.2752057028051662,0.2752057028051662,0.2752057028051662
AAPL|2018-10-12 14:30:00+00:00,AAPL,2018-10-12,2018-10,development,0,1,1,9,8,0,0.4616757895780512,0.4940174165823461,0.5182476218073716,0.4616757895780512,0.4616757895780512,0.6689973583746229,0.6714451024403308,0.7279345858859801
AMZN|2018-10-12 14:30:00+00:00,AMZN,2018-10-12,2018-10,development,0,0,0,0,0,0,0.2375503245850167,0.2375503245850167,0.2375503245850167,0.2375503245850167,0.2375503245850167,0.2375503245850167,0.2375503245850167,0.2375503245850167
AAPL|2018-10-12 15:30:00+00:00,AAPL,2018-10-12,2018-10,development,1,1,1,8,7,0,0.4354383058670217,0.46483518332720564,0.4354383058670217,0.4354383058670217,0.4354383058670217,0.4987776808439511,0.501933770418072,0.5632346721918318
AMZN|2018-10-12 15:30:00+00:00,AMZN,2018-10-12,2018-10,development,0,1,1,1,1,0,0.4393105394149305,0.475587418557073,0.4393105394149305,0.4393105394149305,0.4393105394149305,0.5061465578767553,0.5078534618946704,0.47274614682490784
AAPL|2018-10-15 13:30:00+00:00,AAPL,2018-10-15,2018-10,development,0,1,1,3,3,3,0.527247791538266,0.5600516538543946,0.527247791538266,0.45691808816864193,0.4916588991794302,0.5126796677556058,0.5103932241306386,0.41108411482408447
AMZN|2018-10-15 13:30:00+00:00,AMZN,2018-10-15,2018-10,development,0,0,0,0,0,0,0.8991865608128989,0.8991865608128989,0.8991865608128989,0.8991865608128989,0.8991865608128989,0.8991865608128989,0.8991865608128989,0.8991865608128989
AAPL|2018-10-15 14:30:00+00:00,AAPL,2018-10-15,2018-10,development,0,1,1,3,3,3,0.4865808829345512,0.5196356665001342,0.4865808829345512,0.42104470098597446,0.46082603048743104,0.46990309717843853,0.468770076932537,0.372320754988779
AMZN|2018-10-15 14:30:00+00:00,AMZN,2018-10-15,2018-10,development,1,1,1,1,1,0,0.6795893125794669,0.7105625406793301,0.6795893125794669,0.6795893125794669,0.6795893125794669,0.7350569781656608,0.7363847696569847,0.7082132839684073
AAPL|2018-10-15 15:30:00+00:00,AAPL,2018-10-15,2018-10,development,0,1,1,4,4,0,0.504056638462715,0.5359392077406386,0.504056638462715,0.504056638462715,0.504056638462715,0.5616800064932715,0.5646485689414892,0.6016849847473726
AMZN|2018-10-15 15:30:00+00:00,AMZN,2018-10-15,2018-10,development,0,1,1,1,1,0,0.4919307457156854,0.5284574155837981,0.4919307457156854,0.4919307457156854,0.4919307457156854,0.5587938300970613,0.5604767823784883,0.5256168692037279
AAPL|2018-10-16 13:30:00+00:00,AAPL,2018-10-16,2018-10,development,1,1,1,5,5,3,0.5613937812524284,0.5916829135168835,0.6038993618470756,0.5537116023371119,0.5462032228921821,0.6892135996999954,0.6778758978119674,0.587432980511785
AMZN|2018-10-16 13:30:00+00:00,AMZN,2018-10-16,2018-10,development,1,0,0,0,0,0,0.4636747859098064,0.4636747859098064,0.4636747859098064,0.4636747859098064,0.4636747859098064,0.4636747859098064,0.4636747859098064,0.4636747859098064
AAPL|2018-10-16 14:30:00+00:00,AAPL,2018-10-16,2018-10,development,1,1,1,4,4,0,0.5046498784142879,0.5365293769122483,0.5046498784142879,0.5046498784142879,0.5046498784142879,0.5622641772763902,0.5652318457854564,0.6022535943835626
AMZN|2018-10-16 14:30:00+00:00,AMZN,2018-10-16,2018-10,development,1,0,0,0,0,0,0.4987062631751989,0.4987062631751989,0.4987062631751989,0.4987062631751989,0.4987062631751989,0.4987062631751989,0.4987062631751989,0.4987062631751989
AAPL|2018-10-16 15:30:00+00:00,AAPL,2018-10-16,2018-10,development,1,1,1,4,4,0,0.5440360386075612,0.5755128892596696,0.5440360386075612,0.5440360386075612,0.5440360386075612,0.6006940663184357,0.6035848846218222,0.6394241450036022
AMZN|2018-10-16 15:30:00+00:00,AMZN,2018-10-16,2018-10,development,1,0,0,0,0,0,0.4700758569900112,0.4700758569900112,0.4700758569900112,0.4700758569900112,0.4700758569900112,0.4700758569900112,0.4700758569900112,0.4700758569900112
AAPL|2018-10-17 13:30:00+00:00,AAPL,2018-10-17,2018-10,development,0,1,1,2,2,0,0.6352577261864135,0.6666131184814276,0.6650283205229915,0.6352577261864135,0.6352577261864135,0.7412268500636916,0.7439808459836472,0.794816829150764
AMZN|2018-10-17 13:30:00+00:00,AMZN,2018-10-17,2018-10,development,0,0,0,0,0,0,0.6292822094689147,0.6292822094689147,0.6292822094689147,0.6292822094689147,0.6292822094689147,0.6292822094689147,0.6292822094689147,0.6292822094689147
AAPL|2018-10-17 14:30:00+00:00,AAPL,2018-10-17,2018-10,development,0,1,1,3,3,0,0.5584202959218718,0.590740113137995,0.5584202959218718,0.5584202959218718,0.5584202959218718,0.6166774827845904,0.6192251616861143,0.6562838905681869
AMZN|2018-10-17 14:30:00+00:00,AMZN,2018-10-17,2018-10,development,0,0,0,0,0,0,0.6464306152805335,0.6464306152805335,0.6464306152805335,0.6464306152805335,0.6464306152805335,0.6464306152805335,0.6464306152805335,0.6464306152805335
AAPL|2018-10-17 15:30:00+00:00,AAPL,2018-10-17,2018-10,development,1,1,1,3,3,0,0.5546606900068923,0.5870521911494467,0.5546606900068923,0.5546606900068923,0.5546606900068923,0.6130701985028157,0.6156269089079044,0.6528395019566329
AMZN|2018-10-17 15:30:00+00:00,AMZN,2018-10-17,2018-10,development,0,0,0,0,0,0,0.4371346431978942,0.4371346431978942,0.4371346431978942,0.4371346431978942,0.4371346431978942,0.4371346431978942,0.4371346431978942,0.4371346431978942
AAPL|2018-10-18 13:30:00+00:00,AAPL,2018-10-18,2018-10,development,0,1,1,2,2,3,0.5712664059147812,0.6046997310343373,0.5985038106887286,0.6054920370154832,0.6065658067975587,0.6130241710626987,0.6085809945097687,0.5520683498822576
AMZN|2018-10-18 13:30:00+00:00,AMZN,2018-10-18,2018-10,development,0,0,0,0,0,0,0.4797842841733448,0.4797842841733448,0.4797842841733448,0.4797842841733448,0.4797842841733448,0.4797842841733448,0.4797842841733448,0.4797842841733448
AAPL|2018-10-18 14:30:00+00:00,AAPL,2018-10-18,2018-10,development,0,1,1,3,3,0,0.510224676910322,0.5431863362508068,0.5823444385337747,0.510224676910322,0.510224676910322,0.7501464857618727,0.7496007588718303,0.7945903613948574
AMZN|2018-10-18 14:30:00+00:00,AMZN,2018-10-18,2018-10,development,0,0,0,0,0,0,0.459653486048338,0.459653486048338,0.459653486048338,0.459653486048338,0.459653486048338,0.459653486048338,0.459653486048338,0.459653486048338
AAPL|2018-10-18 15:30:00+00:00,AAPL,2018-10-18,2018-10,development,0,1,1,4,4,0,0.42782195349082,0.45934871778617403,0.5001893759105865,0.42782195349082,0.42782195349082,0.6810901620902857,0.6807351457767508,0.7321214817223899
AMZN|2018-10-18 15:30:00+00:00,AMZN,2018-10-18,2018-10,development,0,1,1,2,1,0,0.4435974792664122,0.3814096854998229,0.4435974792664122,0.4435974792664122,0.4435974792664122,0.26232388551005686,0.2622016231847186,0.21475329939941515
AAPL|2018-10-19 13:30:00+00:00,AAPL,2018-10-19,2018-10,development,1,1,1,5,4,0,0.5563509411386399,0.6070781907855252,0.5536291846725507,0.5563509411386399,0.5563509411386399,0.6178288784672225,0.6139256995275741,0.5561372391589987
AMZN|2018-10-19 13:30:00+00:00,AMZN,2018-10-19,2018-10,development,0,0,0,0,0,0,0.6118988928445637,0.6118988928445637,0.6118988928445637,0.6118988928445637,0.6118988928445637,0.6118988928445637,0.6118988928445637,0.6118988928445637
AAPL|2018-10-19 14:30:00+00:00,AAPL,2018-10-19,2018-10,development,0,1,1,3,2,0,0.5071992281318685,0.540062713868122,0.5071992281318685,0.5071992281318685,0.5071992281318685,0.5912951837015948,0.5921213280108932,0.7056967571706583
AMZN|2018-10-19 14:30:00+00:00,AMZN,2018-10-19,2018-10,development,0,1,1,1,1,0,0.5548722100655383,0.5906393535795073,0.5548722100655383,0.5548722100655383,0.5548722100655383,0.6198530534275316,0.6214608751692312,0.5878812702460519
AAPL|2018-10-19 15:30:00+00:00,AAPL,2018-10-19,2018-10,development,0,1,1,5,4,0,0.5138452535120993,0.5611011045649145,0.5138452535120993,0.5138452535120993,0.5138452535120993,0.6325872675245678,0.6345502206935166,0.6489465515213004
AMZN|2018-10-19 15:30:00+00:00,AMZN,2018-10-19,2018-10,development,0,1,1,1,1,0,0.559745927177199,0.5954070072249139,0.559745927177199,0.559745927177199,0.559745927177199,0.624496777160091,0.6260968057955201,0.5926588926693906
AAPL|2018-10-22 13:30:00+00:00,AAPL,2018-10-22,2018-10,development,1,1,1,6,6,0,0.5298579347378854,0.5598554973922455,0.5587842358293529,0.5298579347378854,0.5298579347378854,0.6195371208716803,0.6228451582650271,0.6746761403865424
AMZN|2018-10-22 13:30:00+00:00,AMZN,2018-10-22,2018-10,development,1,0,0,0,0,0,0.8226025585362596,0.8226025585362596,0.8226025585362596,0.8226025585362596,0.8226025585362596,0.8226025585362596,0.8226025585362596,0.8226025585362596
AAPL|2018-10-22 14:30:00+00:00,AAPL,2018-10-22,2018-10,development,1,1,1,5,5,0,0.5243040597904807,0.5551248021470008,0.5243040597904807,0.5243040597904807,0.5243040597904807,0.5797453943338721,0.5829359202158724,0.6179084095675882
AMZN|2018-10-22 14:30:00+00:00,AMZN,2018-10-22,2018-10,development,1,0,0,0,0,0,0.7918807757696066,0.7918807757696066,0.7918807757696066,0.7918807757696066,0.7918807757696066,0.7918807757696066,0.7918807757696066,0.7918807757696066
AAPL|2018-10-22 15:30:00+00:00,AAPL,2018-10-22,2018-10,development,0,1,1,4,4,0,0.4817251112757446,0.5136581345892239,0.4817251112757446,0.4817251112757446,0.4817251112757446,0.5395730680232789,0.5425694191706387,0.5800873050260394
AMZN|2018-10-22 15:30:00+00:00,AMZN,2018-10-22,2018-10,development,0,0,0,0,0,0,0.7793661805921372,0.7793661805921372,0.7793661805921372,0.7793661805921372,0.7793661805921372,0.7793661805921372,0.7793661805921372,0.7793661805921372
AAPL|2018-10-23 13:30:00+00:00,AAPL,2018-10-23,2018-10,development,1,1,1,6,6,0,0.5320840277903278,0.5620569512458119,0.4955531334071253,0.5320840277903278,0.5320840277903278,0.4384570089568792,0.4425078788249435,0.508225589881477
AMZN|2018-10-23 13:30:00+00:00,AMZN,2018-10-23,2018-10,development,0,0,0,0,0,0,0.5987019491599167,0.5987019491599167,0.5987019491599167,0.5987019491599167,0.5987019491599167,0.5987019491599167,0.5987019491599167,0.5987019491599167
AAPL|2018-10-23 14:30:00+00:00,AAPL,2018-10-23,2018-10,development,1,1,1,5,5,0,0.5006329019409838,0.5316172231122621,0.4979222228258532,0.5006329019409838,0.5006329019409838,0.5053576337946234,0.5082712901974465,0.549790045246782
AMZN|2018-10-23 14:30:00+00:00,AMZN,2018-10-23,2018-10,development,1,0,0,0,0,0,0.6608819304531443,0.6608819304531443,0.6608819304531443,0.6608819304531443,0.6608819304531443,0.6608819304531443,0.6608819304531443,0.6608819304531443
AAPL|2018-10-23 15:30:00+00:00,AAPL,2018-10-23,2018-10,development,1,1,1,8,8,0,0.5503767340646831,0.5788691917616604,0.5828482952164621,0.5503767340646831,0.5503767340646831,0.6471410924967084,0.6438830213718062,0.6545354182850011
AMZN|2018-10-23 15:30:00+00:00,AMZN,2018-10-23,2018-10,development,1,0,0,0,0,0,0.5486652040589286,0.5486652040589286,0.5486652040589286,0.5486652040589286,0.5486652040589286,0.5486652040589286,0.5486652040589286,0.5486652040589286
AAPL|2018-10-24 13:30:00+00:00,AAPL,2018-10-24,2018-10,development,0,1,1,5,5,0,0.5324036755753935,0.5631368974398242,0.5781321121650782,0.5324036755753935,0.5324036755753935,0.6823924029517918,0.6849477562241003,0.7339197525833803
AMZN|2018-10-24 13:30:00+00:00,AMZN,2018-10-24,2018-10,development,0,0,0,0,0,0,0.6528990038918278,0.6528990038918278,0.6528990038918278,0.6528990038918278,0.6528990038918278,0.6528990038918278,0.6528990038918278,0.6528990038918278
AAPL|2018-10-24 14:30:00+00:00,AAPL,2018-10-24,2018-10,development,0,1,1,5,5,0,0.4693723220233855,0.500360491957866,0.5156572040278373,0.4693723220233855,0.4693723220233855,0.6253518906520518,0.6281160690518395,0.6818183528468047
AMZN|2018-10-24 14:30:00+00:00,AMZN,2018-10-24,2018-10,development,0,0,0,0,0,0,0.6875628622762922,0.6875628622762922,0.6875628622762922,0.6875628622762922,0.6875628622762922,0.6875628622762922,0.6875628622762922,0.6875628622762922
AAPL|2018-10-24 15:30:00+00:00,AAPL,2018-10-24,2018-10,development,0,1,1,2,2,0,0.5281360022262807,0.5623560403202632,0.5281360022262807,0.5281360022262807,0.5281360022262807,0.5902334328115989,0.5924438116700542,0.6329760264932697
AMZN|2018-10-24 15:30:00+00:00,AMZN,2018-10-24,2018-10,development,0,0,0,0,0,0,0.4147879331944876,0.4147879331944876,0.4147879331944876,0.4147879331944876,0.4147879331944876,0.4147879331944876,0.4147879331944876,0.4147879331944876
AAPL|2018-10-25 13:30:00+00:00,AAPL,2018-10-25,2018-10,development,1,1,1,3,3,0,0.5669911150517488,0.5991339413362408,0.5704364267758804,0.5669911150517488,0.5669911150517488,0.6024445526755069,0.6065041490575956,0.6481926742211407
AMZN|2018-10-25 13:30:00+00:00,AMZN,2018-10-25,2018-10,development,1,0,0,0,0,0,0.3073880676425021,0.3073880676425021,0.3073880676425021,0.3073880676425021,0.3073880676425021,0.3073880676425021,0.3073880676425021,0.3073880676425021
AAPL|2018-10-25 14:30:00+00:00,AAPL,2018-10-25,2018-10,development,1,0,0,0,0,0,0.4925647986371839,0.4925647986371839,0.4925647986371839,0.4925647986371839,0.4925647986371839,0.4925647986371839,0.4925647986371839,0.4925647986371839
AMZN|2018-10-25 14:30:00+00:00,AMZN,2018-10-25,2018-10,development,1,1,1,1,1,0,0.4289720809177493,0.4651034187867625,0.4289720809177493,0.4289720809177493,0.4289720809177493,0.49562557859984147,0.4973327325841242,0.46226956918558704
AAPL|2018-10-25 15:30:00+00:00,AAPL,2018-10-25,2018-10,development,1,1,1,2,2,0,0.5061426300408134,0.540570162066191,0.5148707403414424,0.5061426300408134,0.5061426300408134,0.5591461341837597,0.5623039622670793,0.6477953126429801
AMZN|2018-10-25 15:30:00+00:00,AMZN,2018-10-25,2018-10,development,1,1,1,1,1,0,0.5285957578272372,0.5648183434454941,0.5285957578272372,0.5285957578272372,0.5285957578272372,0.5946099902745987,0.5962550349604978,0.5620152963977038
AAPL|2018-10-26 13:30:00+00:00,AAPL,2018-10-26,2018-10,development,1,1,1,1,1,3,0.6231381406516355,0.6568126162412574,0.654750878938921,0.4207264737396953,0.42213622034565185,0.5845604244098136,0.5737338442244748,0.4738270249228621
AMZN|2018-10-26 13:30:00+00:00,AMZN,2018-10-26,2018-10,development,1,0,0,0,0,0,0.6989559071420742,0.6989559071420742,0.6989559071420742,0.6989559071420742,0.6989559071420742,0.6989559071420742,0.6989559071420742,0.6989559071420742
AAPL|2018-10-26 14:30:00+00:00,AAPL,2018-10-26,2018-10,development,1,1,1,2,2,0,0.6302122998811166,0.6617704939557855,0.6615539280076882,0.6302122998811166,0.6302122998811166,0.7461728741194554,0.7448418284106407,0.7699245630585341
AMZN|2018-10-26 14:30:00+00:00,AMZN,2018-10-26,2018-10,development,1,0,0,0,0,0,0.8031889280824444,0.8031889280824444,0.8031889280824444,0.8031889280824444,0.8031889280824444,0.8031889280824444,0.8031889280824444,0.8031889280824444
AAPL|2018-10-26 15:30:00+00:00,AAPL,2018-10-26,2018-10,development,1,1,1,1,1,0,0.600329924238142,0.6348481663721957,0.600329924238142,0.600329924238142,0.600329924238142,0.6627085965761461,0.664233346236401,0.7042917560216644
AMZN|2018-10-26 15:30:00+00:00,AMZN,2018-10-26,2018-10,development,0,1,1,1,1,0,0.4864042417659638,0.5229429246439773,0.4864042417659638,0.4864042417659638,0.4864042417659638,0.5533342486973899,0.5550214426647786,0.5200993259729383
AAPL|2018-10-29 13:30:00+00:00,AAPL,2018-10-29,2018-10,development,0,1,1,12,11,0,0.6198759769161801,0.6510542853638112,0.6066040448510306,0.6198759769161801,0.6198759769161801,0.6029114196836991,0.6045287424776261,0.5896431852736712
AMZN|2018-10-29 13:30:00+00:00,AMZN,2018-10-29,2018-10,development,0,1,1,1,1,0,0.4575945553327329,0.49405088024683036,0.4575945553327329,0.4575945553327329,0.4575945553327329,0.5246095739098464,0.5263123855873323,0.4912026231228476
AAPL|2018-10-29 14:30:00+00:00,AAPL,2018-10-29,2018-10,development,0,1,1,15,14,0,0.5640738403001977,0.5938007927852218,0.5502671355352062,0.5640738403001977,0.5640738403001977,0.536655660994641,0.5387300399721374,0.5263943288297269
AMZN|2018-10-29 14:30:00+00:00,AMZN,2018-10-29,2018-10,development,0,1,1,1,1,0,0.4496153118094319,0.486005535709756,0.4496153118094319,0.4496153118094319,0.4496153118094319,0.5165746802503001,0.5182798448646325,0.48315936780933744
AAPL|2018-10-29 15:30:00+00:00,AAPL,2018-10-29,2018-10,development,0,1,1,14,13,0,0.413717319705959,0.4573629258592871,0.4002121253615124,0.413717319705959,0.413717319705959,0.4283360847412142,0.4302235134183036,0.36365014675264773
AMZN|2018-10-29 15:30:00+00:00,AMZN,2018-10-29,2018-10,development,0,1,1,1,1,0,0.4162937861811155,0.4522029126361119,0.4162937861811155,0.4162937861811155,0.4162937861811155,0.482642368935067,0.4843477472715313,0.44938162930096653
AAPL|2018-10-30 13:30:00+00:00,AAPL,2018-10-30,2018-10,development,1,1,1,7,7,0,0.5338393375190529,0.5631304913504511,0.5338393375190529,0.5338393375190529,0.5338393375190529,0.5862413247285813,0.5898153811167691,0.622138086614667
AMZN|2018-10-30 13:30:00+00:00,AMZN,2018-10-30,2018-10,development,1,1,1,2,2,0,0.4715220679748362,0.5060075359002321,0.4715220679748362,0.4715220679748362,0.4715220679748362,0.5345031484152809,0.5367782178783871,0.48684660465062557
AAPL|2018-10-30 14:30:00+00:00,AAPL,2018-10-30,2018-10,development,0,1,1,9,9,0,0.4454890734419484,0.4737502275605865,0.4454890734419484,0.4454890734419484,0.4454890734419484,0.496252653982302,0.5002598788165697,0.5320546682825651
AMZN|2018-10-30 14:30:00+00:00,AMZN,2018-10-30,2018-10,development,0,1,1,2,2,0,0.4107311961197293,0.44451025253588394,0.4107311961197293,0.4107311961197293,0.4107311961197293,0.4728576971657123,0.47513820121542083,0.4256713910200598
AAPL|2018-10-30 15:30:00+00:00,AAPL,2018-10-30,2018-10,development,0,1,1,12,12,0,0.3590833567960694,0.3844243391889537,0.3590833567960694,0.3590833567960694,0.3590833567960694,0.40469131476475206,0.4089212855993989,0.43768407621941513
AMZN|2018-10-30 15:30:00+00:00,AMZN,2018-10-30,2018-10,development,0,1,1,2,2,0,0.3145306227399619,0.34503047960339334,0.3145306227399619,0.3145306227399619,0.3145306227399619,0.3712740611189916,0.3734116900423222,0.3279188408335829
AAPL|2018-10-31 13:30:00+00:00,AAPL,2018-10-31,2018-10,development,1,1,1,2,2,0,0.5949109891975167,0.6277021156369889,0.6317273157524117,0.5949109891975167,0.5949109891975167,0.7396780064622945,0.7388090906053328,0.8026131250172727
AMZN|2018-10-31 13:30:00+00:00,AMZN,2018-10-31,2018-10,development,1,1,1,1,1,0,0.5577166470076246,0.593422706285371,0.5577166470076246,0.5577166470076246,0.5577166470076246,0.6225647056958935,0.6241680124250414,0.5906703795813812
AAPL|2018-10-31 14:30:00+00:00,AAPL,2018-10-31,2018-10,development,1,1,1,4,4,0,0.5571714516631975,0.588427515455308,0.5749901903839025,0.5571714516631975,0.5571714516631975,0.6420502048359688,0.6432082303933747,0.683754244252716
AMZN|2018-10-31 14:30:00+00:00,AMZN,2018-10-31,2018-10,development,0,1,1,1,1,0,0.5497610794063084,0.5856322181861301,0.5497610794063084,0.5497610794063084,0.5497610794063084,0.614970309604237,0.6165860087081055,0.5828642247835187
AAPL|2018-10-31 15:30:00+00:00,AAPL,2018-10-31,2018-10,development,1,1,1,5,5,0,0.5161699438325843,0.5470624218453102,0.5342594180317667,0.5161699438325843,0.5161699438325843,0.6015589505785989,0.6030164483018822,0.6441022460498096
AMZN|2018-10-31 15:30:00+00:00,AMZN,2018-10-31,2018-10,development,1,1,1,2,1,0,0.7406319631825129,0.6883166227071549,0.7406319631825129,0.7406319631825129,0.7406319631825129,0.5601831231013406,0.5600274287908005,0.4948307308971538
AAPL|2018-11-01 13:30:00+00:00,AAPL,2018-11-01,2018-11,later,1,1,1,8,8,0,0.6217928225285005,0.648648743320069,0.6217928225285005,0.6217928225285005,0.6217928225285005,0.6693661177600352,0.6727713582162197,0.7009686501233106
AMZN|2018-11-01 13:30:00+00:00,AMZN,2018-11-01,2018-11,later,1,0,0,0,0,0,0.5016236324626061,0.5016236324626061,0.5016236324626061,0.5016236324626061,0.5016236324626061,0.5016236324626061,0.5016236324626061,0.5016236324626061
AAPL|2018-11-01 14:30:00+00:00,AAPL,2018-11-01,2018-11,later,1,1,1,12,12,0,0.4847539870809411,0.5118805182847531,0.4847539870809411,0.4847539870809411,0.4847539870809411,0.5330483495355034,0.53740880777401,0.5665466925340942
AMZN|2018-11-01 14:30:00+00:00,AMZN,2018-11-01,2018-11,later,1,1,1,1,1,0,0.5657164899269,0.6012384789057775,0.5657164899269,0.5657164899269,0.5657164899269,0.6301694015409267,0.6317595117575001,0.5985032641069484
AAPL|2018-11-01 15:30:00+00:00,AAPL,2018-11-01,2018-11,later,1,1,1,10,10,3,0.4451952906192728,0.47297520387149705,0.4451952906192728,0.475167049636124,0.4716049611667088,0.48676292005421834,0.4835937542506841,0.4922652678314657
AMZN|2018-11-01 15:30:00+00:00,AMZN,2018-11-01,2018-11,later,1,1,1,1,1,0,0.4468328535708758,0.48319558556920167,0.4468328535708758,0.4468328535708758,0.4468328535708758,0.5137646510860714,0.5154704305606405,0.480350494795264
AAPL|2018-11-02 13:30:00+00:00,AAPL,2018-11-02,2018-11,later,0,1,1,29,23,0,0.6080902537851961,0.6171335424770665,0.6080902537851961,0.6080902537851961,0.6080902537851961,0.621777742420232,0.6259467719389816,0.7405283669221087
AMZN|2018-11-02 13:30:00+00:00,AMZN,2018-11-02,2018-11,later,0,0,0,0,0,0,0.5539897299364935,0.5539897299364935,0.5539897299364935,0.5539897299364935,0.5539897299364935,0.5539897299364935,0.5539897299364935,0.5539897299364935
AAPL|2018-11-02 14:30:00+00:00,AAPL,2018-11-02,2018-11,later,0,1,1,42,33,0,0.5831869118857738,0.5845670330606408,0.5831869118857738,0.5831869118857738,0.5831869118857738,0.5754647738630081,0.5802757226920908,0.7235205578099873
AMZN|2018-11-02 14:30:00+00:00,AMZN,2018-11-02,2018-11,later,0,0,0,0,0,0,0.5688245988955006,0.5688245988955006,0.5688245988955006,0.5688245988955006,0.5688245988955006,0.5688245988955006,0.5688245988955006,0.5688245988955006
AAPL|2018-11-02 15:30:00+00:00,AAPL,2018-11-02,2018-11,later,0,1,1,46,38,1,0.5407348182960996,0.542709922552629,0.5554431457681552,0.7329480247810349,0.7781615312094504,0.5915147124305802,0.5950827203378547,0.5644676757874397
AMZN|2018-11-02 15:30:00+00:00,AMZN,2018-11-02,2018-11,later,1,0,0,0,0,0,0.6068767555768462,0.6068767555768462,0.6068767555768462,0.6068767555768462,0.6068767555768462,0.6068767555768462,0.6068767555768462,0.6068767555768462
AAPL|2018-11-05 14:30:00+00:00,AAPL,2018-11-05,2018-11,later,0,1,1,13,12,0,0.6056217192779914,0.6330619284304788,0.620134091343547,0.6056217192779914,0.6056217192779914,0.6967551727011572,0.7020113181561911,0.7501229566296986
AMZN|2018-11-05 14:30:00+00:00,AMZN,2018-11-05,2018-11,later,0,1,1,1,1,0,0.492386324149884,0.528911606326002,0.492386324149884,0.492386324149884,0.492386324149884,0.5592431715944212,0.5609257566608927,0.5260713422615152
AAPL|2018-11-05 15:30:00+00:00,AAPL,2018-11-05,2018-11,later,1,1,1,17,16,3,0.5642757916768832,0.5921607991825727,0.6385552920660804,0.5909635027626379,0.603044952683959,0.7279003080163524,0.7222197239612119,0.6775914195563589
AMZN|2018-11-05 15:30:00+00:00,AMZN,2018-11-05,2018-11,later,1,1,1,2,2,0,0.375315525239923,0.4081995952259787,0.375315525239923,0.375315525239923,0.375315525239923,0.43604913977042553,0.4382997251377658,0.38981969382677706
AAPL|2018-11-05 16:30:00+00:00,AAPL,2018-11-05,2018-11,later,1,1,1,24,23,0,0.544736634798717,0.569055164605219,0.6365946212694515,0.544736634798717,0.544736634798717,0.7484805705404965,0.7457532805048198,0.7486886553688633
AMZN|2018-11-05 16:30:00+00:00,AMZN,2018-11-05,2018-11,later,1,1,1,2,2,0,0.2574245797685348,0.2846867278124471,0.2574245797685348,0.2574245797685348,0.2574245797685348,0.3085023638389126,0.310457041925073,0.26933714157246474
AAPL|2018-11-06 14:30:00+00:00,AAPL,2018-11-06,2018-11,later,1,1,1,8,8,0,0.5780041330356073,0.6059991619854567,0.5656618787116566,0.5780041330356073,0.5780041330356073,0.5447433279466101,0.5510277023575254,0.6259778339235142
AMZN|2018-11-06 14:30:00+00:00,AMZN,2018-11-06,2018-11,later,1,1,1,1,1,0,0.4210669647228951,0.45706542005994033,0.4210669647228951,0.4210669647228951,0.4210669647228951,0.4875408799555304,0.48924719874273553,0.45423895546405146
AAPL|2018-11-06 15:30:00+00:00,AAPL,2018-11-06,2018-11,later,0,1,1,12,12,0,0.6221100882456457,0.647267148177311,0.6438692774476338,0.6221100882456457,0.6221100882456457,0.686725584677472,0.6873172707895673,0.7324058000328424
AMZN|2018-11-06 15:30:00+00:00,AMZN,2018-11-06,2018-11,later,0,1,1,1,1,0,0.4132394004651141,0.449087763940677,0.4132394004651141,0.4132394004651141,0.4132394004651141,0.47950107708857703,0.4812056798131332,0.4462700826907621
AAPL|2018-11-06 16:30:00+00:00,AAPL,2018-11-06,2018-11,later,0,1,1,13,13,0,0.623519123903892,0.6482951200393443,0.6559592357112228,0.623519123903892,0.623519123903892,0.740602138701226,0.7419816015617514,0.7911177160285677
AMZN|2018-11-06 16:30:00+00:00,AMZN,2018-11-06,2018-11,later,1,1,1,2,2,0,0.3128372651395747,0.343255144712951,0.3128372651395747,0.3128372651395747,0.3128372651395747,0.36943985866369966,0.37157316827271397,0.32618770379181294
AAPL|2018-11-07 14:30:00+00:00,AAPL,2018-11-07,2018-11,later,1,1,1,5,5,0,0.5941607303062562,0.6237037898258244,0.6194977887716134,0.5941607303062562,0.5941607303062562,0.6477665828570063,0.6489815190547232,0.6796923145663755
AMZN|2018-11-07 14:30:00+00:00,AMZN,2018-11-07,2018-11,later,1,0,0,0,0,0,0.3363070239501418,0.3363070239501418,0.3363070239501418,0.3363070239501418,0.3363070239501418,0.3363070239501418,0.3363070239501418,0.3363070239501418
AAPL|2018-11-07 15:30:00+00:00,AAPL,2018-11-07,2018-11,later,1,1,1,7,7,0,0.5302742475351788,0.5596046127324011,0.5566234984163984,0.5302742475351788,0.5302742475351788,0.5836408612494234,0.5853344635870068,0.615878897454043
AMZN|2018-11-07 15:30:00+00:00,AMZN,2018-11-07,2018-11,later,1,0,0,0,0,0,0.1772678560323776,0.1772678560323776,0.1772678560323776,0.1772678560323776,0.1772678560323776,0.1772678560323776,0.1772678560323776,0.1772678560323776
AAPL|2018-11-07 16:30:00+00:00,AAPL,2018-11-07,2018-11,later,1,1,1,9,9,0,0.4303283482117336,0.45842284199879296,0.45653816995721486,0.4303283482117336,0.4303283482117336,0.481763288604975,0.4838231211553866,0.5136404736480737
AMZN|2018-11-07 16:30:00+00:00,AMZN,2018-11-07,2018-11,later,1,0,0,0,0,0,0.9177712734928593,0.9177712734928593,0.9177712734928593,0.9177712734928593,0.9177712734928593,0.9177712734928593,0.9177712734928593,0.9177712734928593
AAPL|2018-11-08 14:30:00+00:00,AAPL,2018-11-08,2018-11,later,0,1,1,8,8,0,0.6282481814555994,0.6549001243737286,0.5944370509194358,0.6282481814555994,0.6282481814555994,0.5378319297695574,0.5422715201875123,0.6040962049168066
AMZN|2018-11-08 14:30:00+00:00,AMZN,2018-11-08,2018-11,later,0,0,0,0,0,0,0.5046154440844869,0.5046154440844869,0.5046154440844869,0.5046154440844869,0.5046154440844869,0.5046154440844869,0.5046154440844869,0.5046154440844869
AAPL|2018-11-08 15:30:00+00:00,AAPL,2018-11-08,2018-11,later,1,1,1,11,11,3,0.5756841454764112,0.6023405745524775,0.5405882307927419,0.6167575095341193,0.6534353526430379,0.4640256478600091,0.4726696653751876,0.48961295468224164
AMZN|2018-11-08 15:30:00+00:00,AMZN,2018-11-08,2018-11,later,0,0,0,0,0,0,0.414467073663336,0.414467073663336,0.414467073663336,0.414467073663336,0.414467073663336,0.414467073663336,0.414467073663336,0.414467073663336
AAPL|2018-11-08 16:30:00+00:00,AAPL,2018-11-08,2018-11,later,1,1,1,11,11,3,0.5826408001114655,0.6091569066863574,0.5476681762669813,0.6236987477896099,0.6300064777347456,0.4691265242641917,0.46807985625620163,0.5167422642564726
AMZN|2018-11-08 16:30:00+00:00,AMZN,2018-11-08,2018-11,later,0,0,0,0,0,0,0.7506777856243013,0.7506777856243013,0.7506777856243013,0.7506777856243013,0.7506777856243013,0.7506777856243013,0.7506777856243013,0.7506777856243013
AAPL|2018-11-09 14:30:00+00:00,AAPL,2018-11-09,2018-11,later,0,1,1,7,6,0,0.6143703941040611,0.6454654330266891,0.6047662637844057,0.6143703941040611,0.6143703941040611,0.6180637193170537,0.6216429706186599,0.7177365196605947
AMZN|2018-11-09 14:30:00+00:00,AMZN,2018-11-09,2018-11,later,0,0,0,0,0,0,0.3012588499554502,0.3012588499554502,0.3012588499554502,0.3012588499554502,0.3012588499554502,0.3012588499554502,0.3012588499554502,0.3012588499554502
AAPL|2018-11-09 15:30:00+00:00,AAPL,2018-11-09,2018-11,later,0,1,1,4,4,0,0.543847035106107,0.5753267484321677,0.5338192537706961,0.543847035106107,0.543847035106107,0.5301193502958897,0.5340378914521451,0.6247661880636418
AMZN|2018-11-09 15:30:00+00:00,AMZN,2018-11-09,2018-11,later,0,0,0,0,0,0,0.3383801244851467,0.3383801244851467,0.3383801244851467,0.3383801244851467,0.3383801244851467,0.3383801244851467,0.3383801244851467,0.3383801244851467
AAPL|2018-11-09 16:30:00+00:00,AAPL,2018-11-09,2018-11,later,1,1,1,8,8,0,0.5188689910576209,0.5477173102540712,0.5087880660602313,0.5188689910576209,0.5188689910576209,0.4991734913053124,0.503948174659492,0.5909722726118224
AMZN|2018-11-09 16:30:00+00:00,AMZN,2018-11-09,2018-11,later,1,0,0,0,0,0,0.502511870220031,0.502511870220031,0.502511870220031,0.502511870220031,0.502511870220031,0.502511870220031,0.502511870220031,0.502511870220031
AAPL|2018-11-12 14:30:00+00:00,AAPL,2018-11-12,2018-11,later,0,1,1,5,5,0,0.5687067272217676,0.5988517068383515,0.5914458319437544,0.5687067272217676,0.5687067272217676,0.656774859207192,0.65863179861121,0.7241142564184238
AMZN|2018-11-12 14:30:00+00:00,AMZN,2018-11-12,2018-11,later,0,0,0,0,0,0,0.7310631418005132,0.7310631418005132,0.7310631418005132,0.7310631418005132,0.7310631418005132,0.7310631418005132,0.7310631418005132,0.7310631418005132
AAPL|2018-11-12 15:30:00+00:00,AAPL,2018-11-12,2018-11,later,0,1,1,12,11,0,0.4979756877688543,0.5278142003760893,0.5003561280213423,0.4979756877688543,0.4979756877688543,0.545370728186592,0.544690149528615,0.6032289054724118
AMZN|2018-11-12 15:30:00+00:00,AMZN,2018-11-12,2018-11,later,0,1,1,1,1,0,0.5063039869715247,0.5427577910134057,0.5063039869715247,0.5063039869715247,0.5063039869715247,0.5729177187319369,0.574587811368795,0.5399283923106762
AAPL|2018-11-12 16:30:00+00:00,AAPL,2018-11-12,2018-11,later,1,1,1,17,16,0,0.6243270284992994,0.6497571927858389,0.6636589064780746,0.6243270284992994,0.6243270284992994,0.739118165365991,0.7391604418178864,0.7646935801235252
AMZN|2018-11-12 16:30:00+00:00,AMZN,2018-11-12,2018-11,later,1,1,1,1,1,0,0.3974520205887961,0.43294135682816376,0.3974520205887961,0.3974520205887961,0.3974520205887961,0.4631805363936569,0.4648789392971483,0.4301458830987174
AAPL|2018-11-13 14:30:00+00:00,AAPL,2018-11-13,2018-11,later,1,1,1,7,7,0,0.5969385299502716,0.6250496137429976,0.6138872529902182,0.5969385299502716,0.5969385299502716,0.646932517580176,0.6518080341007262,0.7240861728259559
AMZN|2018-11-13 14:30:00+00:00,AMZN,2018-11-13,2018-11,later,0,1,1,4,4,0,0.3269746638780814,0.35568963070421056,0.3269746638780814,0.3269746638780814,0.3269746638780814,0.3798596181679337,0.38270625622225996,0.3201682296883201
AAPL|2018-11-13 15:30:00+00:00,AAPL,2018-11-13,2018-11,later,1,1,1,13,13,0,0.5930949489092789,0.6186485758435614,0.5798994384377327,0.5930949489092789,0.5930949489092789,0.5346279707143884,0.5394723818896219,0.5851067213404902
AMZN|2018-11-13 15:30:00+00:00,AMZN,2018-11-13,2018-11,later,1,1,1,4,4,0,0.2388738926580272,0.26287380351663464,0.2388738926580272,0.2388738926580272,0.2388738926580272,0.2835119859379555,0.28596955314301453,0.2332657683520063
AAPL|2018-11-13 16:30:00+00:00,AAPL,2018-11-13,2018-11,later,0,1,1,24,24,0,0.5511783985232924,0.5746372784323623,0.5376831585637505,0.5511783985232924,0.5511783985232924,0.48603134686716715,0.49172828408933006,0.5328227581743935
AMZN|2018-11-13 16:30:00+00:00,AMZN,2018-11-13,2018-11,later,0,1,1,4,4,0,0.199902332320004,0.22112427445904273,0.199902332320004,0.199902332320004,0.199902332320004,0.23954990454410946,0.24175497676739993,0.19497477777950548
AAPL|2018-11-14 14:30:00+00:00,AAPL,2018-11-14,2018-11,later,0,1,1,8,8,0,0.5062369927419917,0.5351641856012781,0.5905017104703421,0.5062369927419917,0.5062369927419917,0.7353084737185335,0.737368664188842,0.7815397979978254
AMZN|2018-11-14 14:30:00+00:00,AMZN,2018-11-14,2018-11,later,0,0,0,0,0,0,0.2834234457295623,0.2834234457295623,0.2834234457295623,0.2834234457295623,0.2834234457295623,0.2834234457295623,0.2834234457295623,0.2834234457295623
AAPL|2018-11-14 15:30:00+00:00,AAPL,2018-11-14,2018-11,later,0,1,1,10,9,0,0.479544320882331,0.5171501413150382,0.5769579553085314,0.479544320882331,0.479544320882331,0.7434127257187162,0.7447259910585912,0.7520229153555581
AMZN|2018-11-14 15:30:00+00:00,AMZN,2018-11-14,2018-11,later,0,0,0,0,0,0,0.291207486415999,0.291207486415999,0.291207486415999,0.291207486415999,0.291207486415999,0.291207486415999,0.291207486415999,0.291207486415999
AAPL|2018-11-14 16:30:00+00:00,AAPL,2018-11-14,2018-11,later,0,1,1,8,7,0,0.514938764764748,0.555097318353594,0.6595223154885732,0.514938764764748,0.514938764764748,0.8785375996778185,0.8793691313464501,0.898077036576175
AMZN|2018-11-14 16:30:00+00:00,AMZN,2018-11-14,2018-11,later,0,0,0,0,0,0,0.1932718828130154,0.1932718828130154,0.1932718828130154,0.1932718828130154,0.1932718828130154,0.1932718828130154,0.1932718828130154,0.1932718828130154
AAPL|2018-11-15 14:30:00+00:00,AAPL,2018-11-15,2018-11,later,1,1,1,7,7,0,0.6520905783348961,0.6784272751190341,0.6587653614718395,0.6520905783348961,0.6520905783348961,0.7030468061786136,0.7030934096842064,0.7099651136465739
AMZN|2018-11-15 14:30:00+00:00,AMZN,2018-11-15,2018-11,later,1,1,1,1,1,0,0.426419054369078,0.46250952678158447,0.426419054369078,0.426419054369078,0.426419054369078,0.4930183594831824,0.49472534166501325,0.45967789964602673
AAPL|2018-11-15 15:30:00+00:00,AAPL,2018-11-15,2018-11,later,1,1,1,12,10,0,0.6287486813325982,0.647289808099848,0.7161244852968919,0.6287486813325982,0.6287486813325982,0.8679872719172664,0.8674114088544232,0.9129987432492808
AMZN|2018-11-15 15:30:00+00:00,AMZN,2018-11-15,2018-11,later,1,1,1,1,1,0,0.4185639293489155,0.45451639612533085,0.4185639293489155,0.4185639293489155,0.4185639293489155,0.4849737120144045,0.4866795788214469,0.45169258055646244
AAPL|2018-11-15 16:30:00+00:00,AAPL,2018-11-15,2018-11,later,1,1,1,12,10,0,0.5989820418209144,0.6174269425774084,0.689908427499689,0.5989820418209144,0.5989820418209144,0.8518038812626361,0.8511706406393732,0.9028126327584978
AMZN|2018-11-15 16:30:00+00:00,AMZN,2018-11-15,2018-11,later,1,1,1,1,1,0,0.4161958617030927,0.4521030837146476,0.4161958617030927,0.4161958617030927,0.4161958617030927,0.4825417395228763,0.48424709510335856,0.44928191238855936
AAPL|2018-11-16 14:30:00+00:00,AAPL,2018-11-16,2018-11,later,1,1,1,3,3,0,0.7492195963101883,0.7732451914904492,0.7751606622649557,0.7492195963101883,0.7492195963101883,0.8372872462396819,0.8397981974766341,0.8746844776024909
AMZN|2018-11-16 14:30:00+00:00,AMZN,2018-11-16,2018-11,later,1,0,0,0,0,0,0.6001790266427659,0.6001790266427659,0.6001790266427659,0.6001790266427659,0.6001790266427659,0.6001790266427659,0.6001790266427659,0.6001790266427659
AAPL|2018-11-16 15:30:00+00:00,AAPL,2018-11-16,2018-11,later,0,1,1,6,6,0,0.6938347919955008,0.718919976492622,0.7233897738866047,0.6938347919955008,0.6938347919955008,0.7923855017585404,0.795940134682282,0.8357800375150063
AMZN|2018-11-16 15:30:00+00:00,AMZN,2018-11-16,2018-11,later,0,0,0,0,0,0,0.6448890592799524,0.6448890592799524,0.6448890592799524,0.6448890592799524,0.6448890592799524,0.6448890592799524,0.6448890592799524,0.6448890592799524
AAPL|2018-11-16 16:30:00+00:00,AAPL,2018-11-16,2018-11,later,1,1,1,7,7,0,0.5942725920073226,0.6224520110249772,0.5942725920073226,0.5942725920073226,0.5942725920073226,0.6444063003078403,0.6477797920155781,0.6780282764810961
AMZN|2018-11-16 16:30:00+00:00,AMZN,2018-11-16,2018-11,later,1,0,0,0,0,0,0.6640779022167468,0.6640779022167468,0.6640779022167468,0.6640779022167468,0.6640779022167468,0.6640779022167468,0.6640779022167468,0.6640779022167468
AAPL|2018-11-19 14:30:00+00:00,AAPL,2018-11-19,2018-11,later,0,1,1,7,7,0,0.7317193585991356,0.7542994095611618,0.7651162073727894,0.7317193585991356,0.7317193585991356,0.8395897480168817,0.8425592289868264,0.8748792656969815
AMZN|2018-11-19 14:30:00+00:00,AMZN,2018-11-19,2018-11,later,0,0,0,0,0,0,0.7636994790410989,0.7636994790410989,0.7636994790410989,0.7636994790410989,0.7636994790410989,0.7636994790410989,0.7636994790410989,0.7636994790410989
AAPL|2018-11-19 15:30:00+00:00,AAPL,2018-11-19,2018-11,later,0,1,1,12,12,0,0.7199161244182763,0.7412699415048507,0.7452967205769434,0.7199161244182763,0.7199161244182763,0.8049043083456828,0.8084128619635035,0.8429713551158531
AMZN|2018-11-19 15:30:00+00:00,AMZN,2018-11-19,2018-11,later,0,1,1,1,1,0,0.675638902175514,0.7068292669351729,0.675638902175514,0.675638902175514,0.675638902175514,0.731520268379042,0.732859342855319,0.7044623116871788
AAPL|2018-11-19 16:30:00+00:00,AAPL,2018-11-19,2018-11,later,0,1,1,17,17,0,0.5780820931247005,0.6027376192600449,0.6089928716511911,0.5780820931247005,0.5780820931247005,0.6940199272090132,0.6991920330190052,0.7520294314509188
AMZN|2018-11-19 16:30:00+00:00,AMZN,2018-11-19,2018-11,later,0,1,1,1,1,0,0.485594798876592,0.5221344926677073,0.485594798876592,0.485594798876592,0.485594798876592,0.5525332499644884,0.5542210320416222,0.519290504822952
AAPL|2018-11-20 14:30:00+00:00,AAPL,2018-11-20,2018-11,later,1,1,1,10,10,2,0.5691512413765489,0.5963519266828808,0.673774896742042,0.6514970051541209,0.6803147945353608,0.8632453604422635,0.8622769020355908,0.8025962805556467
AMZN|2018-11-20 14:30:00+00:00,AMZN,2018-11-20,2018-11,later,1,1,1,1,1,0,0.5440964810400657,0.580074203322908,0.5440964810400657,0.5440964810400657,0.5440964810400657,0.6095434441329894,0.6111675172644087,0.5772958806461825
AAPL|2018-11-20 15:30:00+00:00,AAPL,2018-11-20,2018-11,later,0,1,1,12,12,0,0.5248733018097969,0.5518403824685225,0.6337547920010416,0.5248733018097969,0.5248733018097969,0.8270902896620751,0.8284156236164371,0.860870979652096
AMZN|2018-11-20 15:30:00+00:00,AMZN,2018-11-20,2018-11,later,1,1,1,1,1,0,0.5360997019886006,0.5722123244410826,0.5360997019886006,0.5360997019886006,0.5360997019886006,0.60185460292146,0.6034898533444338,0.5694205963880059
AAPL|2018-11-20 16:30:00+00:00,AAPL,2018-11-20,2018-11,later,0,1,1,17,17,0,0.390440417550404,0.41496404137968257,0.5008305780305378,0.390440417550404,0.390440417550404,0.7324406403216038,0.7346211785981778,0.7780817261059421
AMZN|2018-11-20 16:30:00+00:00,AMZN,2018-11-20,2018-11,later,0,1,1,1,1,0,0.6973987144765317,0.7273410761523944,0.6973987144765317,0.6973987144765317,0.6973987144765317,0.7509133383496677,0.7521884544618425,0.7250753130228832
AAPL|2018-11-21 14:30:00+00:00,AAPL,2018-11-21,2018-11,later,0,1,1,12,11,0,0.5017241132726846,0.5342505072164143,0.7040540728003911,0.5017241132726846,0.5017241132726846,0.9593740588901514,0.9604409699696072,0.9811778707143636
AMZN|2018-11-21 14:30:00+00:00,AMZN,2018-11-21,2018-11,later,0,1,1,2,2,0,0.3612845836488393,0.39371411438576587,0.3612845836488393,0.3612845836488393,0.3612845836488393,0.4212788967231719,0.42351049762488147,0.3755725217219916
AAPL|2018-11-21 15:30:00+00:00,AAPL,2018-11-21,2018-11,later,1,1,1,13,12,0,0.4915306882886305,0.5219175378375234,0.6954876128353551,0.4915306882886305,0.4915306882886305,0.9566457680973136,0.9578049713157043,0.9803264870383808
AMZN|2018-11-21 15:30:00+00:00,AMZN,2018-11-21,2018-11,later,1,1,1,1,1,0,0.4206112445920488,0.4566014672512727,0.4206112445920488,0.4206112445920488,0.4206112445920488,0.4870737443740808,0.48877998761751756,0.4537754738032139
AAPL|2018-11-21 16:30:00+00:00,AAPL,2018-11-21,2018-11,later,0,1,1,13,13,0,0.494293766861877,0.5210414410559429,0.6978237269337543,0.494293766861877,0.494293766861877,0.9542232590235257,0.9555194394240473,0.9789172704310396
AMZN|2018-11-21 16:30:00+00:00,AMZN,2018-11-21,2018-11,later,0,1,1,1,1,0,0.5144795239518016,0.5508651648011244,0.5144795239518016,0.5144795239518016,0.5144795239518016,0.5809032522032012,0.5825648701767865,0.5480441590968245
AAPL|2018-11-26 14:30:00+00:00,AAPL,2018-11-26,2018-11,later,0,1,1,8,7,0,0.5308866375736975,0.5734218900167278,0.5308866375736975,0.5308866375736975,0.5308866375736975,0.6322908411530064,0.6351833844494795,0.6386209088063911
AMZN|2018-11-26 14:30:00+00:00,AMZN,2018-11-26,2018-11,later,1,0,0,0,0,0,0.7953102347783096,0.7953102347783096,0.7953102347783096,0.7953102347783096,0.7953102347783096,0.7953102347783096,0.7953102347783096,0.7953102347783096
AAPL|2018-11-26 15:30:00+00:00,AAPL,2018-11-26,2018-11,later,0,1,1,6,5,0,0.4902301053454254,0.531568673438557,0.5379610667950075,0.4902301053454254,0.4902301053454254,0.7005921390954603,0.7042709686329732,0.7522678836757881
AMZN|2018-11-26 15:30:00+00:00,AMZN,2018-11-26,2018-11,later,1,0,0,0,0,0,0.6052285028820676,0.6052285028820676,0.6052285028820676,0.6052285028820676,0.6052285028820676,0.6052285028820676,0.6052285028820676,0.6052285028820676
AAPL|2018-11-26 16:30:00+00:00,AAPL,2018-11-26,2018-11,later,1,1,1,7,7,0,0.4737594405787074,0.5033133242476792,0.5215273892692841,0.4737594405787074,0.4737594405787074,0.643751729744384,0.6488302498434483,0.7058496751390957
AMZN|2018-11-26 16:30:00+00:00,AMZN,2018-11-26,2018-11,later,1,0,0,0,0,0,0.8035075600026317,0.8035075600026317,0.8035075600026317,0.8035075600026317,0.8035075600026317,0.8035075600026317,0.8035075600026317,0.8035075600026317
AAPL|2018-11-27 14:30:00+00:00,AAPL,2018-11-27,2018-11,later,1,1,1,17,15,0,0.6773892041965328,0.6939771775883152,0.7269738098906353,0.6773892041965328,0.6773892041965328,0.7948985177151703,0.7973479057379648,0.8498991851627192
AMZN|2018-11-27 14:30:00+00:00,AMZN,2018-11-27,2018-11,later,1,0,0,0,0,0,0.6732978702456613,0.6732978702456613,0.6732978702456613,0.6732978702456613,0.6732978702456613,0.6732978702456613,0.6732978702456613,0.6732978702456613
AAPL|2018-11-27 15:30:00+00:00,AAPL,2018-11-27,2018-11,later,1,1,1,20,18,0,0.6812645600748741,0.6977462176859375,0.7241090823735932,0.6812645600748741,0.6812645600748741,0.7665584918897319,0.7678735532622147,0.8146905362642508
AMZN|2018-11-27 15:30:00+00:00,AMZN,2018-11-27,2018-11,later,1,0,0,0,0,0,0.5993554521738543,0.5993554521738543,0.5993554521738543,0.5993554521738543,0.5993554521738543,0.5993554521738543,0.5993554521738543,0.5993554521738543
AAPL|2018-11-27 16:30:00+00:00,AAPL,2018-11-27,2018-11,later,0,1,1,20,18,0,0.5941525455898297,0.6128695857749095,0.6075323789581527,0.5941525455898297,0.5941525455898297,0.5759797846589211,0.5765246963930741,0.6144890442620842
AMZN|2018-11-27 16:30:00+00:00,AMZN,2018-11-27,2018-11,later,0,0,0,0,0,0,0.6392960410036438,0.6392960410036438,0.6392960410036438,0.6392960410036438,0.6392960410036438,0.6392960410036438,0.6392960410036438,0.6392960410036438
AAPL|2018-11-28 14:30:00+00:00,AAPL,2018-11-28,2018-11,later,1,1,1,6,6,0,0.6758599195653333,0.7017848522091715,0.6429711678070411,0.6758599195653333,0.6758599195653333,0.5885868397773565,0.5925610923630901,0.6544273851542508
AMZN|2018-11-28 14:30:00+00:00,AMZN,2018-11-28,2018-11,later,1,1,1,1,1,0,0.4736180944634351,0.5101503339202168,0.4736180944634351,0.4736180944634351,0.4736180944634351,0.54064074780797,0.5423362317686924,0.507302325038367
AAPL|2018-11-28 15:30:00+00:00,AAPL,2018-11-28,2018-11,later,1,1,1,8,8,0,0.621884959438843,0.6487380337052427,0.5979363946582973,0.621884959438843,0.621884959438843,0.5731391716480797,0.5787914123236587,0.5807880385713757
AMZN|2018-11-28 15:30:00+00:00,AMZN,2018-11-28,2018-11,later,1,1,1,2,2,0,0.3992184869697016,0.43274604720460785,0.3992184869697016,0.3992184869697016,0.3992184869697016,0.46096583020214155,0.4632393817154949,0.414034149385477
AAPL|2018-11-28 16:30:00+00:00,AAPL,2018-11-28,2018-11,later,1,1,1,13,12,0,0.5780834708075827,0.6065059414536601,0.7008720178466041,0.5780834708075827,0.5780834708075827,0.9176150625330352,0.9198452367483245,0.948563218802204
AMZN|2018-11-28 16:30:00+00:00,AMZN,2018-11-28,2018-11,later,1,1,1,2,2,0,0.3289444075748585,0.3601076885579024,0.3289444075748585,0.3289444075748585,0.3289444075748585,0.3868207762099974,0.38899253570171505,0.3426394773534315
AAPL|2018-11-29 14:30:00+00:00,AAPL,2018-11-29,2018-11,later,0,1,1,15,15,0,0.3389731168702344,0.36273301180905165,0.5091122791967984,0.3389731168702344,0.3389731168702344,0.8028918772243494,0.8042189282507224,0.8627793857676962
AMZN|2018-11-29 14:30:00+00:00,AMZN,2018-11-29,2018-11,later,1,0,0,0,0,0,0.7565520082881441,0.7565520082881441,0.7565520082881441,0.7565520082881441,0.7565520082881441,0.7565520082881441,0.7565520082881441,0.7565520082881441
AAPL|2018-11-29 15:30:00+00:00,AAPL,2018-11-29,2018-11,later,1,1,1,15,15,0,0.293735284016574,0.3158393440303626,0.45686144489960323,0.293735284016574,0.293735284016574,0.7676395016581083,0.7691356479123858,0.8360506451214209
AMZN|2018-11-29 15:30:00+00:00,AMZN,2018-11-29,2018-11,later,1,0,0,0,0,0,0.8245595989400527,0.8245595989400527,0.8245595989400527,0.8245595989400527,0.8245595989400527,0.8245595989400527,0.8245595989400527,0.8245595989400527
AAPL|2018-11-29 16:30:00+00:00,AAPL,2018-11-29,2018-11,later,1,1,1,19,18,1,0.5510605214177683,0.5823195384148827,0.7085209609477404,0.7564377547262505,0.8163248069043504,0.9314620261609352,0.9341133281541164,0.8640515542422397
AMZN|2018-11-29 16:30:00+00:00,AMZN,2018-11-29,2018-11,later,1,1,1,1,1,0,0.3988546174765022,0.43437890800949597,0.3988546174765022,0.3988546174765022,0.3988546174765022,0.46463622314894026,0.46633532689663215,0.43158121665243315
AAPL|2018-11-30 14:30:00+00:00,AAPL,2018-11-30,2018-11,later,0,1,1,13,13,0,0.5936973666922346,0.619237449553305,0.5936973666922346,0.5936973666922346,0.5936973666922346,0.6386905167691278,0.642822946344501,0.6688117600251134
AMZN|2018-11-30 14:30:00+00:00,AMZN,2018-11-30,2018-11,later,1,1,1,1,1,0,0.5614766238307165,0.5970984222033883,0.5614766238307165,0.5614766238307165,0.5614766238307165,0.6261429409685096,0.6277401364799717,0.5943539691527048
AAPL|2018-11-30 15:30:00+00:00,AAPL,2018-11-30,2018-11,later,0,1,1,11,11,0,0.6118609017494462,0.6376750258195022,0.6118609017494462,0.6118609017494462,0.6118609017494462,0.6574034824668644,0.6612379785194176,0.6877395969044304
AMZN|2018-11-30 15:30:00+00:00,AMZN,2018-11-30,2018-11,later,1,1,1,2,2,0,0.5372851521298485,0.5713801665480207,0.5372851521298485,0.5372851521298485,0.5372851521298485,0.5990925304403322,0.6012874028658026,0.5525124864654832
AAPL|2018-11-30 16:30:00+00:00,AAPL,2018-11-30,2018-11,later,1,1,1,13,13,0,0.5247046523084146,0.5513039467249564,0.48788251655546155,0.5247046523084146,0.5247046523084146,0.4235002851661759,0.42848820946724914,0.48781789850677515
AMZN|2018-11-30 16:30:00+00:00,AMZN,2018-11-30,2018-11,later,1,1,1,3,3,0,0.5351665213237907,0.5678712548839077,0.5351665213237907,0.5351665213237907,0.5351665213237907,0.5942625166832209,0.5968617823264762,0.5374821450276149
AAPL|2018-12-03 14:30:00+00:00,AAPL,2018-12-03,2018-12,later,0,1,1,4,4,0,0.5626013855669268,0.5937536330011781,0.547908909027439,0.5626013855669268,0.5626013855669268,0.5227714361834577,0.5242310054414261,0.5194113873062391
AMZN|2018-12-03 14:30:00+00:00,AMZN,2018-12-03,2018-12,later,0,1,1,2,2,0,0.4171711073828174,0.4510743710085327,0.4171711073828174,0.4171711073828174,0.4171711073828174,0.4794790961581543,0.4817623492811696,0.43217375157434873
AAPL|2018-12-03 15:30:00+00:00,AAPL,2018-12-03,2018-12,later,0,1,1,5,5,0,0.4616555536835451,0.49260721954161174,0.4616555536835451,0.4616555536835451,0.4616555536835451,0.5176815875393409,0.5209539556714007,0.5571756748839871
AMZN|2018-12-03 15:30:00+00:00,AMZN,2018-12-03,2018-12,later,0,1,1,3,3,0,0.4093647557688025,0.4416866625794876,0.4093647557688025,0.4093647557688025,0.4093647557688025,0.46857249290405545,0.47126053998121786,0.41161806257157524
AAPL|2018-12-03 16:30:00+00:00,AAPL,2018-12-03,2018-12,later,1,1,1,9,9,0,0.4535796480864497,0.48190800327773115,0.4535796480864497,0.4535796480864497,0.4535796480864497,0.5044264983596027,0.5084331092413297,0.5401858567871053
AMZN|2018-12-03 16:30:00+00:00,AMZN,2018-12-03,2018-12,later,0,1,1,4,4,0,0.3144280117120659,0.34260202328505335,0.3144280117120659,0.3144280117120659,0.3144280117120659,0.3663883978153018,0.3691941844954385,0.3077633221154454
AAPL|2018-12-04 14:30:00+00:00,AAPL,2018-12-04,2018-12,later,0,1,1,13,13,3,0.6468033063757812,0.6708558661560162,0.6441229747941309,0.6284530387345395,0.6416301647668777,0.5888675639916694,0.5887962478148885,0.4696026861302567
AMZN|2018-12-04 14:30:00+00:00,AMZN,2018-12-04,2018-12,later,0,1,1,1,1,0,0.4681745541985883,0.5046894900575987,0.4681745541985883,0.4681745541985883,0.4681745541985883,0.5352101270828579,0.5369084861864317,0.501840734902279
AAPL|2018-12-04 15:30:00+00:00,AAPL,2018-12-04,2018-12,later,0,1,1,18,16,0,0.5560090632333702,0.583111971101782,0.5524197151139065,0.5560090632333702,0.5560090632333702,0.5883516050234703,0.5961731099827544,0.6482054893172862
AMZN|2018-12-04 15:30:00+00:00,AMZN,2018-12-04,2018-12,later,0,1,1,1,1,0,0.4601673391886431,0.4966409582794435,0.4601673391886431,0.4601673391886431,0.4601673391886431,0.5271929252522402,0.52889479318903,0.49379234237235703
AAPL|2018-12-04 16:30:00+00:00,AAPL,2018-12-04,2018-12,later,0,1,1,17,15,0,0.496010018805033,0.5233149783100677,0.49237845855051476,0.496010018805033,0.496010018805033,0.5282333864684616,0.5361852229141256,0.5952300521511434
AMZN|2018-12-04 16:30:00+00:00,AMZN,2018-12-04,2018-12,later,0,0,0,0,0,0,0.5282678983211014,0.5282678983211014,0.5282678983211014,0.5282678983211014,0.5282678983211014,0.5282678983211014,0.5282678983211014,0.5282678983211014
AAPL|2018-12-06 14:30:00+00:00,AAPL,2018-12-06,2018-12,later,1,1,1,5,4,1,0.54003625425876,0.5751460638708917,0.54003625425876,0.7422781297926448,0.8039222020775919,0.7042690018243724,0.712347428649279,0.5255873878872064
AMZN|2018-12-06 14:30:00+00:00,AMZN,2018-12-06,2018-12,later,1,1,1,1,1,0,0.6729493519358015,0.704285146523403,0.6729493519358015,0.6729493519358015,0.6729493519358015,0.7291082974672334,0.7304549692146605,0.7019063135025111
AAPL|2018-12-06 15:30:00+00:00,AAPL,2018-12-06,2018-12,later,1,1,1,12,11,0,0.4648704801305541,0.49812450565088384,0.7351845221553664,0.4648704801305541,0.4648704801305541,0.9729835093793001,0.9731437285442779,0.9858927706913948
AMZN|2018-12-06 15:30:00+00:00,AMZN,2018-12-06,2018-12,later,1,1,1,1,1,0,0.6658245725772832,0.6975361924583998,0.6658245725772832,0.6658245725772832,0.6658245725772832,0.7227028122394701,0.7240692762041474,0.6951265701554018
AAPL|2018-12-06 16:30:00+00:00,AAPL,2018-12-06,2018-12,later,1,1,1,13,13,0,0.4838129152788225,0.5105660397444554,0.749710193827275,0.4838129152788225,0.4838129152788225,0.9722368143024246,0.9724647600863546,0.9858052298274667
AMZN|2018-12-06 16:30:00+00:00,AMZN,2018-12-06,2018-12,later,1,1,1,2,2,0,0.5452898536638633,0.5792569297986556,0.5452898536638633,0.5452898536638633,0.5452898536638633,0.6068104723619638,0.6089906687181923,0.5604692602406507
AAPL|2018-12-07 14:30:00+00:00,AAPL,2018-12-07,2018-12,later,0,1,1,9,9,0,0.4998930990131613,0.5283172839329033,0.46706510574045923,0.4998930990131613,0.4998930990131613,0.398047324094431,0.40252527876062666,0.4481503709993366
AMZN|2018-12-07 14:30:00+00:00,AMZN,2018-12-07,2018-12,later,0,0,0,0,0,0,0.5874549813599041,0.5874549813599041,0.5874549813599041,0.5874549813599041,0.5874549813599041,0.5874549813599041,0.5874549813599041,0.5874549813599041
AAPL|2018-12-07 15:30:00+00:00,AAPL,2018-12-07,2018-12,later,0,1,1,10,10,0,0.4323421812633491,0.4599850230988747,0.5989975737675394,0.4323421812633491,0.4323421812633491,0.848967450447179,0.8498578924894632,0.8890434790752779
AMZN|2018-12-07 15:30:00+00:00,AMZN,2018-12-07,2018-12,later,0,0,0,0,0,0,0.6986239990238323,0.6986239990238323,0.6986239990238323,0.6986239990238323,0.6986239990238323,0.6986239990238323,0.6986239990238323,0.6986239990238323
AAPL|2018-12-07 16:30:00+00:00,AAPL,2018-12-07,2018-12,later,0,1,1,9,9,0,0.4406665350927999,0.46888044519587835,0.6070989786897334,0.4406665350927999,0.4406665350927999,0.8537344662178051,0.8545339040200132,0.8929833304115585
AMZN|2018-12-07 16:30:00+00:00,AMZN,2018-12-07,2018-12,later,0,0,0,0,0,0,0.3952003106994017,0.3952003106994017,0.3952003106994017,0.3952003106994017,0.3952003106994017,0.3952003106994017,0.3952003106994017,0.3952003106994017
AAPL|2018-12-10 14:30:00+00:00,AAPL,2018-12-10,2018-12,later,1,1,1,7,7,0,0.5966892540816638,0.6248067960731388,0.6237596843352406,0.5966892540816638,0.5966892540816638,0.6855717380036668,0.6896564061687314,0.7397276442883657
AMZN|2018-12-10 14:30:00+00:00,AMZN,2018-12-10,2018-12,later,0,1,1,1,1,0,0.444297847995627,0.4806335296194859,0.444297847995627,0.444297847995627,0.444297847995627,0.5112008376703828,0.5129070840728487,0.4777895776924855
AAPL|2018-12-10 15:30:00+00:00,AAPL,2018-12-10,2018-12,later,1,1,1,15,14,0,0.5703345919604647,0.6024343972943023,0.6163396965243002,0.5703345919604647,0.5703345919604647,0.6881471696111539,0.6907369552736277,0.6949995010168472
AMZN|2018-12-10 15:30:00+00:00,AMZN,2018-12-10,2018-12,later,1,1,1,1,1,0,0.4363639335465062,0.4726025857821222,0.4363639335465062,0.4363639335465062,0.4363639335465062,0.5031539502349288,0.5048610791990179,0.4697631723455045
AAPL|2018-12-10 16:30:00+00:00,AAPL,2018-12-10,2018-12,later,1,1,1,21,20,0,0.5260115619347039,0.5545304481829418,0.5989051374006578,0.5260115619347039,0.5260115619347039,0.733298668828669,0.7367443738519539,0.751328091223509
AMZN|2018-12-10 16:30:00+00:00,AMZN,2018-12-10,2018-12,later,1,1,1,1,1,0,0.4193989784302694,0.45536699717945733,0.4193989784302694,0.4193989784302694,0.4193989784302694,0.48583054638241563,0.48753657405559103,0.45254228120156664
AAPL|2018-12-11 14:30:00+00:00,AAPL,2018-12-11,2018-12,later,0,1,1,12,12,0,0.724714317579855,0.7458314697632499,0.724714317579855,0.724714317579855,0.724714317579855,0.7615792927664621,0.7647475285206651,0.7852869170446085
AMZN|2018-12-11 14:30:00+00:00,AMZN,2018-12-11,2018-12,later,0,0,0,0,0,0,0.607848642330871,0.607848642330871,0.607848642330871,0.607848642330871,0.607848642330871,0.607848642330871,0.607848642330871,0.607848642330871
AAPL|2018-12-11 15:30:00+00:00,AAPL,2018-12-11,2018-12,later,0,1,1,17,16,0,0.7072250203960654,0.7312805988735273,0.7366460765940935,0.7072250203960654,0.7072250203960654,0.8095606461232586,0.8135023547597995,0.8440651847823314
AMZN|2018-12-11 15:30:00+00:00,AMZN,2018-12-11,2018-12,later,0,0,0,0,0,0,0.5427830736810035,0.5427830736810035,0.5427830736810035,0.5427830736810035,0.5427830736810035,0.5427830736810035,0.5427830736810035,0.5427830736810035
AAPL|2018-12-11 16:30:00+00:00,AAPL,2018-12-11,2018-12,later,0,1,1,17,16,0,0.4589342935459636,0.48959525357316713,0.4955077385329135,0.4589342935459636,0.4589342935459636,0.6016412888688817,0.6077988555743328,0.6541460254548834
AMZN|2018-12-11 16:30:00+00:00,AMZN,2018-12-11,2018-12,later,0,0,0,0,0,0,0.340281570503693,0.340281570503693,0.340281570503693,0.340281570503693,0.340281570503693,0.340281570503693,0.340281570503693,0.340281570503693
AAPL|2018-12-12 14:30:00+00:00,AAPL,2018-12-12,2018-12,later,1,1,1,6,6,0,0.5541632286053804,0.5838280510971829,0.5941342629574106,0.5541632286053804,0.5541632286053804,0.6960603030894089,0.7005795693323839,0.7555544908225401
AMZN|2018-12-12 14:30:00+00:00,AMZN,2018-12-12,2018-12,later,1,0,0,0,0,0,0.6686238103894758,0.6686238103894758,0.6686238103894758,0.6686238103894758,0.6686238103894758,0.6686238103894758,0.6686238103894758,0.6686238103894758
AAPL|2018-12-12 15:30:00+00:00,AAPL,2018-12-12,2018-12,later,0,1,1,8,8,0,0.5574593278780383,0.5858407029562108,0.607553999885478,0.5574593278780383,0.5574593278780383,0.6815256205500436,0.6844670797987328,0.7133024203410138
AMZN|2018-12-12 15:30:00+00:00,AMZN,2018-12-12,2018-12,later,0,0,0,0,0,0,0.5738254362124561,0.5738254362124561,0.5738254362124561,0.5738254362124561,0.5738254362124561,0.5738254362124561,0.5738254362124561,0.5738254362124561
AAPL|2018-12-12 16:30:00+00:00,AAPL,2018-12-12,2018-12,later,0,1,1,8,8,0,0.5353771968551659,0.5640673024029398,0.5899797715298919,0.5353771968551659,0.5353771968551659,0.6841602859879007,0.6871134866627459,0.7217413707538561
AMZN|2018-12-12 16:30:00+00:00,AMZN,2018-12-12,2018-12,later,0,0,0,0,0,0,0.6835475063943401,0.6835475063943401,0.6835475063943401,0.6835475063943401,0.6835475063943401,0.6835475063943401,0.6835475063943401,0.6835475063943401
AAPL|2018-12-13 14:30:00+00:00,AAPL,2018-12-13,2018-12,later,1,1,1,23,22,0,0.5867963341280972,0.6111822977302862,0.6840799583684616,0.5867963341280972,0.5867963341280972,0.8643585444550669,0.867538500753052,0.9202540464373867
AMZN|2018-12-13 14:30:00+00:00,AMZN,2018-12-13,2018-12,later,0,0,0,0,0,0,0.2641641161153319,0.2641641161153319,0.2641641161153319,0.2641641161153319,0.2641641161153319,0.2641641161153319,0.2641641161153319,0.2641641161153319
AAPL|2018-12-13 15:30:00+00:00,AAPL,2018-12-13,2018-12,later,0,1,1,32,31,0,0.5780016219961973,0.6009415363473092,0.6641225202496891,0.5780016219961973,0.5780016219961973,0.8166911945576212,0.819365826144118,0.8574097280997222
AMZN|2018-12-13 15:30:00+00:00,AMZN,2018-12-13,2018-12,later,0,1,1,1,1,0,0.3654758969703022,0.400005471253415,0.3654758969703022,0.3654758969703022,0.3654758969703022,0.42968736468026864,0.4313616409214846,0.3972736722312082
AAPL|2018-12-13 16:30:00+00:00,AAPL,2018-12-13,2018-12,later,0,1,1,35,34,0,0.4321667577335617,0.45457641846491026,0.5235148242459123,0.4321667577335617,0.4321667577335617,0.7099856696997489,0.7137866769432774,0.7684504555839438
AMZN|2018-12-13 16:30:00+00:00,AMZN,2018-12-13,2018-12,later,0,1,1,2,2,0,0.2641794679766781,0.291875801051768,0.2641794679766781,0.2641794679766781,0.2641794679766781,0.3160271405361676,0.3180075698963373,0.27628831434877
AAPL|2018-12-14 14:30:00+00:00,AAPL,2018-12-14,2018-12,later,0,1,1,13,13,0,0.6328459308625374,0.6573454440389411,0.6555760078168693,0.6328459308625374,0.6328459308625374,0.7077358374704128,0.7122494270841431,0.7613082151388488
AMZN|2018-12-14 14:30:00+00:00,AMZN,2018-12-14,2018-12,later,0,0,0,0,0,0,0.6749062653196494,0.6749062653196494,0.6749062653196494,0.6749062653196494,0.6749062653196494,0.6749062653196494,0.6749062653196494,0.6749062653196494
AAPL|2018-12-14 15:30:00+00:00,AAPL,2018-12-14,2018-12,later,1,1,1,11,11,1,0.6524663823926865,0.6770055391686605,0.8373749676561026,0.6517644703960173,0.6721219210837864,0.9845344615467836,0.9848878460008638,0.9862997984526948
AMZN|2018-12-14 15:30:00+00:00,AMZN,2018-12-14,2018-12,later,0,0,0,0,0,0,0.6862944376673187,0.6862944376673187,0.6862944376673187,0.6862944376673187,0.6862944376673187,0.6862944376673187,0.6862944376673187,0.6862944376673187
AAPL|2018-12-14 16:30:00+00:00,AAPL,2018-12-14,2018-12,later,0,1,1,14,14,0,0.586065960129427,0.6114419866445333,0.7842370834391061,0.586065960129427,0.586065960129427,0.9757836528324911,0.9765174707825949,0.9906223860584019
AMZN|2018-12-14 16:30:00+00:00,AMZN,2018-12-14,2018-12,later,0,0,0,0,0,0,0.431373465503427,0.431373465503427,0.431373465503427,0.431373465503427,0.431373465503427,0.431373465503427,0.431373465503427,0.431373465503427
AAPL|2018-12-17 14:30:00+00:00,AAPL,2018-12-17,2018-12,later,1,1,1,3,3,0,0.5442765430290588,0.5768471191985848,0.5338866184168377,0.5442765430290588,0.5442765430290588,0.5315844092152758,0.5351841285817216,0.6278848330834907
AMZN|2018-12-17 14:30:00+00:00,AMZN,2018-12-17,2018-12,later,0,1,1,1,1,0,0.4908744824372065,0.5274041369794489,0.4908744824372065,0.4908744824372065,0.4908744824372065,0.5577516057434453,0.5594353991579235,0.5245629540135273
AAPL|2018-12-17 15:30:00+00:00,AAPL,2018-12-17,2018-12,later,0,1,1,6,6,0,0.4379321501874927,0.46790494869475147,0.43700626962197553,0.4379321501874927,0.4379321501874927,0.46983545323769604,0.4775256235807567,0.5622191771152124
AMZN|2018-12-17 15:30:00+00:00,AMZN,2018-12-17,2018-12,later,0,1,1,2,2,0,0.4769515924039813,0.5114498551628083,0.4769515924039813,0.4769515924039813,0.4769515924039813,0.5399169752638983,0.5421882482685277,0.49228821293396324
AAPL|2018-12-17 16:30:00+00:00,AAPL,2018-12-17,2018-12,later,0,1,1,11,10,0,0.4269485784209417,0.4579266112534393,0.4260283182669296,0.4269485784209417,0.4269485784209417,0.4719758967178784,0.4799185403245838,0.5661297358526751
AMZN|2018-12-17 16:30:00+00:00,AMZN,2018-12-17,2018-12,later,0,1,1,3,2,0,0.4127369077029942,0.4395958520341213,0.4127369077029942,0.4127369077029942,0.4127369077029942,0.48015394313086823,0.4810242629298802,0.5158790752797511
AAPL|2018-12-18 14:30:00+00:00,AAPL,2018-12-18,2018-12,later,1,1,1,7,7,0,0.5692824407673704,0.5980234910938745,0.7481882022852981,0.5692824407673704,0.5692824407673704,0.9423046353791388,0.9419393986196124,0.9590473532392948
AMZN|2018-12-18 14:30:00+00:00,AMZN,2018-12-18,2018-12,later,1,1,1,2,2,0,0.3095293227166547,0.3397846057612809,0.3095293227166547,0.3095293227166547,0.3095293227166547,0.3658520559039585,0.3679767381224395,0.3228049093534245
AAPL|2018-12-18 15:30:00+00:00,AAPL,2018-12-18,2018-12,later,1,1,1,9,9,0,0.5473905181609016,0.5754080541167758,0.7310942111162961,0.5473905181609016,0.5473905181609016,0.9367546931779641,0.9364326690212226,0.9547381482963229
AMZN|2018-12-18 15:30:00+00:00,AMZN,2018-12-18,2018-12,later,1,1,1,3,3,0,0.2611967987638131,0.2875147600292428,0.2611967987638131,0.2611967987638131,0.2611967987638131,0.3102306205828693,0.3125445365691762,0.2629976890106645
AAPL|2018-12-18 16:30:00+00:00,AAPL,2018-12-18,2018-12,later,0,1,1,10,10,3,0.4381575798425375,0.4658670956213099,0.6585903984818574,0.35104208108302265,0.3448396977492724,0.8685826905473896,0.8612508516513195,0.8574788929532223
AMZN|2018-12-18 16:30:00+00:00,AMZN,2018-12-18,2018-12,later,0,1,1,3,3,0,0.3270232860338523,0.3567709488840526,0.3270232860338523,0.3270232860338523,0.3270232860338523,0.38202469120622534,0.3845755389937263,0.32907587803022686
AMZN|2018-12-19 14:30:00+00:00,AMZN,2018-12-19,2018-12,later,1,1,1,1,1,0,0.3754863803035032,0.41035009166389913,0.3754863803035032,0.3754863803035032,0.3754863803035032,0.4402363733647422,0.44191990326786385,0.4075956382374415
AAPL|2018-12-19 15:30:00+00:00,AAPL,2018-12-19,2018-12,later,0,1,1,9,9,0,0.5673044408631517,0.5950013122991975,0.5673044408631517,0.5673044408631517,0.5673044408631517,0.616515872108363,0.6202984103483309,0.6498022901957565
AMZN|2018-12-19 15:30:00+00:00,AMZN,2018-12-19,2018-12,later,0,1,1,1,1,0,0.3679675883642756,0.4025832136490024,0.3679675883642756,0.3679675883642756,0.3679675883642756,0.4323185621224767,0.4339952889279763,0.3998455420536672
AAPL|2018-12-19 16:30:00+00:00,AAPL,2018-12-19,2018-12,later,0,1,1,7,7,0,0.5519357229398637,0.5809823052539135,0.7442364350425068,0.5519357229398637,0.5519357229398637,0.9690061318689254,0.969994507706951,0.9889482445793565
AMZN|2018-12-19 16:30:00+00:00,AMZN,2018-12-19,2018-12,later,0,0,0,0,0,0,0.459902585082323,0.459902585082323,0.459902585082323,0.459902585082323,0.459902585082323,0.459902585082323,0.459902585082323,0.459902585082323
AAPL|2018-12-20 14:30:00+00:00,AAPL,2018-12-20,2018-12,later,0,1,1,3,3,0,0.6781657824922432,0.7063303721263956,0.6781657824922432,0.6781657824922432,0.6781657824922432,0.7283112332266084,0.7304412781063441,0.7608561853666127
AMZN|2018-12-20 14:30:00+00:00,AMZN,2018-12-20,2018-12,later,0,0,0,0,0,0,0.0709921594788137,0.0709921594788137,0.0709921594788137,0.0709921594788137,0.0709921594788137,0.0709921594788137,0.0709921594788137,0.0709921594788137
AAPL|2018-12-20 15:30:00+00:00,AAPL,2018-12-20,2018-12,later,0,1,1,5,5,0,0.641657767222518,0.6696655663162064,0.8660034150688974,0.641657767222518,0.641657767222518,0.9958797632251576,0.9960508191458811,0.9990601411526024
AMZN|2018-12-20 15:30:00+00:00,AMZN,2018-12-20,2018-12,later,0,0,0,0,0,0,0.0983387671626872,0.0983387671626872,0.0983387671626872,0.0983387671626872,0.0983387671626872,0.0983387671626872,0.0983387671626872,0.0983387671626872
AAPL|2018-12-20 16:30:00+00:00,AAPL,2018-12-20,2018-12,later,0,1,1,7,7,0,0.3417490881451615,0.3688398433744234,0.6784659193134718,0.3417490881451615,0.3417490881451615,0.9873870771042642,0.987767561841171,0.9963546248451833
AMZN|2018-12-20 16:30:00+00:00,AMZN,2018-12-20,2018-12,later,1,0,0,0,0,0,0.1744404859425998,0.1744404859425998,0.1744404859425998,0.1744404859425998,0.1744404859425998,0.1744404859425998,0.1744404859425998,0.1744404859425998
AAPL|2018-12-21 14:30:00+00:00,AAPL,2018-12-21,2018-12,later,0,1,1,10,9,0,0.5691071532374778,0.5992287902492003,0.5782018476062376,0.5691071532374778,0.5691071532374778,0.644959566356659,0.6514041147329457,0.7347219940783534
AMZN|2018-12-21 14:30:00+00:00,AMZN,2018-12-21,2018-12,later,0,0,0,0,0,0,0.5464194418457432,0.5464194418457432,0.5464194418457432,0.5464194418457432,0.5464194418457432,0.5464194418457432,0.5464194418457432,0.5464194418457432
AAPL|2018-12-21 15:30:00+00:00,AAPL,2018-12-21,2018-12,later,0,1,1,12,12,0,0.5227277813913902,0.5497121664638206,0.5319963823285632,0.5227277813913902,0.5227277813913902,0.5830918419210398,0.5907265831209544,0.6692630755868386
AMZN|2018-12-21 15:30:00+00:00,AMZN,2018-12-21,2018-12,later,0,0,0,0,0,0,0.4083226165999724,0.4083226165999724,0.4083226165999724,0.4083226165999724,0.4083226165999724,0.4083226165999724,0.4083226165999724,0.4083226165999724
AAPL|2018-12-21 16:30:00+00:00,AAPL,2018-12-21,2018-12,later,0,1,1,11,11,0,0.5081707516442211,0.535647412646063,0.5009945173771064,0.5081707516442211,0.5081707516442211,0.5015547029079219,0.5083366860247602,0.589026176986174
AMZN|2018-12-21 16:30:00+00:00,AMZN,2018-12-21,2018-12,later,0,1,1,1,1,0,0.4936837757770439,0.5302047746105591,0.4936837757770439,0.4936837757770439,0.4936837757770439,0.5605222610550641,0.5622037857334244,0.5273653401270537
AAPL|2018-12-26 14:30:00+00:00,AAPL,2018-12-26,2018-12,later,1,1,1,4,4,0,0.6349525213730055,0.6640290204000837,0.6349525213730055,0.6349525213730055,0.6349525213730055,0.6868167371564385,0.6894064437312163,0.7210722861876148
AMZN|2018-12-26 14:30:00+00:00,AMZN,2018-12-26,2018-12,later,1,0,0,0,0,0,0.8190881435433371,0.8190881435433371,0.8190881435433371,0.8190881435433371,0.8190881435433371,0.8190881435433371,0.8190881435433371,0.8190881435433371
AAPL|2018-12-26 15:30:00+00:00,AAPL,2018-12-26,2018-12,later,1,1,1,3,3,0,0.5691510214023363,0.6012462738213036,0.5691510214023363,0.5691510214023363,0.5691510214023363,0.6269382914274314,0.6294587508750858,0.6660586212952663
AMZN|2018-12-26 15:30:00+00:00,AMZN,2018-12-26,2018-12,later,1,0,0,0,0,0,0.9145160289300116,0.9145160289300116,0.9145160289300116,0.9145160289300116,0.9145160289300116,0.9145160289300116,0.9145160289300116,0.9145160289300116
AAPL|2018-12-26 16:30:00+00:00,AAPL,2018-12-26,2018-12,later,1,1,1,5,5,0,0.4062093195151703,0.43645743270508564,0.4062093195151703,0.4062093195151703,0.4062093195151703,0.4612720063904081,0.464531224522146,0.5009321757418397
AMZN|2018-12-26 16:30:00+00:00,AMZN,2018-12-26,2018-12,later,1,0,0,0,0,0,0.7660675026795218,0.7660675026795218,0.7660675026795218,0.7660675026795218,0.7660675026795218,0.7660675026795218,0.7660675026795218,0.7660675026795218
AAPL|2018-12-27 14:30:00+00:00,AAPL,2018-12-27,2018-12,later,0,1,1,7,6,0,0.5508322160513054,0.5955405153640646,0.8327769827444048,0.5508322160513054,0.5508322160513054,0.9952613767972602,0.9953770538395621,0.9981924792786904
AMZN|2018-12-27 14:30:00+00:00,AMZN,2018-12-27,2018-12,later,0,1,1,3,3,0,0.4541872093896358,0.48712931088281886,0.4444703516881895,0.4541872093896358,0.4541872093896358,0.443626961434422,0.4471997161988191,0.22688836034734725
AAPL|2018-12-27 15:30:00+00:00,AAPL,2018-12-27,2018-12,later,0,1,1,12,11,0,0.5141207677699752,0.5483546501732094,0.8112115609084306,0.5141207677699752,0.5141207677699752,0.9936506530250473,0.9938312491493548,0.9977628236981411
AMZN|2018-12-27 15:30:00+00:00,AMZN,2018-12-27,2018-12,later,0,1,1,3,3,0,0.4462185021918639,0.4790899499558282,0.43653577666221743,0.4462185021918639,0.4462185021918639,0.4356956341564028,0.43925494304575785,0.22129075759982486
AAPL|2018-12-27 16:30:00+00:00,AAPL,2018-12-27,2018-12,later,1,1,1,15,14,0,0.592827057863436,0.6234252599205173,0.8616380919741818,0.592827057863436,0.592827057863436,0.9957774490097979,0.9958635636384529,0.9984097425457783
AMZN|2018-12-27 16:30:00+00:00,AMZN,2018-12-27,2018-12,later,1,1,1,2,2,0,0.3654519935355093,0.398022489949119,0.3563939552753716,0.3654519935355093,0.3654519935355093,0.35826211185795254,0.3612146478774904,0.1762622819908947
AAPL|2018-12-28 14:30:00+00:00,AAPL,2018-12-28,2018-12,later,0,1,1,6,6,0,0.5199708250728798,0.5500635424327357,0.5199708250728798,0.5199708250728798,0.5199708250728798,0.5739954816417481,0.5774128560827541,0.6112157634579766
AMZN|2018-12-28 14:30:00+00:00,AMZN,2018-12-28,2018-12,later,1,0,0,0,0,0,0.8144086752190991,0.8144086752190991,0.8144086752190991,0.8144086752190991,0.8144086752190991,0.8144086752190991,0.8144086752190991,0.8144086752190991
AAPL|2018-12-28 15:30:00+00:00,AAPL,2018-12-28,2018-12,later,1,1,1,9,9,0,0.6003351426089653,0.6273067141333748,0.6003351426089653,0.6003351426089653,0.6003351426089653,0.648120046044202,0.6517669314252298,0.6800867047091295
AMZN|2018-12-28 15:30:00+00:00,AMZN,2018-12-28,2018-12,later,1,0,0,0,0,0,0.8537062295620156,0.8537062295620156,0.8537062295620156,0.8537062295620156,0.8537062295620156,0.8537062295620156,0.8537062295620156,0.8537062295620156
AAPL|2018-12-28 16:30:00+00:00,AAPL,2018-12-28,2018-12,later,1,1,1,12,12,0,0.7587504388548801,0.7780562725840185,0.9378891532676428,0.7587504388548801,0.7587504388548801,0.9990209695676658,0.9990626126801375,0.9997331217944464
AMZN|2018-12-28 16:30:00+00:00,AMZN,2018-12-28,2018-12,later,1,0,0,0,0,0,0.48763367472536,0.48763367472536,0.48763367472536,0.48763367472536,0.48763367472536,0.48763367472536,0.48763367472536,0.48763367472536
AAPL|2018-12-31 14:30:00+00:00,AAPL,2018-12-31,2018-12,later,0,1,1,9,9,0,0.5936515674427411,0.6207892743206525,0.7873235425704752,0.5936515674427411,0.5936515674427411,0.9732477955237129,0.9732982361127288,0.9853132145369146
AMZN|2018-12-31 14:30:00+00:00,AMZN,2018-12-31,2018-12,later,1,1,1,1,1,0,0.5737011642679007,0.6090214237283805,0.5737011642679007,0.5737011642679007,0.5737011642679007,0.6377279152550295,0.6393041285184694,0.6063046371632301
AAPL|2018-12-31 15:30:00+00:00,AAPL,2018-12-31,2018-12,later,0,1,1,3,3,0,0.5212818280437531,0.5541496001991272,0.5212818280437531,0.5212818280437531,0.5212818280437531,0.580760200225227,0.5833853238971548,0.6218017573058535
AMZN|2018-12-31 15:30:00+00:00,AMZN,2018-12-31,2018-12,later,0,0,0,0,0,0,0.6675381676678745,0.6675381676678745,0.6675381676678745,0.6675381676678745,0.6675381676678745,0.6675381676678745,0.6675381676678745,0.6675381676678745
AAPL|2018-12-31 16:30:00+00:00,AAPL,2018-12-31,2018-12,later,0,1,1,4,4,0,0.5044049951407442,0.5362857720477998,0.5044049951407442,0.5044049951407442,0.5044049951407442,0.5620230570229008,0.5649910955069527,0.6020189101757487
AMZN|2018-12-31 16:30:00+00:00,AMZN,2018-12-31,2018-12,later,1,1,1,1,1,1,0.4798589407464463,0.5164003085173315,0.4798589407464463,0.5137849785649726,0.509267601556263,0.4996148442315315,0.4875354127105072,0.6793512197059144
AAPL|2019-01-02 14:30:00+00:00,AAPL,2019-01-02,2019-01,later,1,1,1,11,11,0,0.4632346420838987,0.49070575291013285,0.4656919498392131,0.4632346420838987,0.4632346420838987,0.4791869092903035,0.47969558987368893,0.5157389280052137
AMZN|2019-01-02 14:30:00+00:00,AMZN,2019-01-02,2019-01,later,1,0,0,0,0,0,0.451034563378256,0.451034563378256,0.451034563378256,0.451034563378256,0.451034563378256,0.451034563378256,0.451034563378256,0.451034563378256
AAPL|2019-01-02 15:30:00+00:00,AAPL,2019-01-02,2019-01,later,1,1,1,12,12,0,0.5301175491950633,0.557038178544256,0.5325776249636189,0.5301175491950633,0.5301175491950633,0.5452332628254539,0.5458520177443955,0.5806072821717824
AMZN|2019-01-02 15:30:00+00:00,AMZN,2019-01-02,2019-01,later,1,0,0,0,0,0,0.4009158322570358,0.4009158322570358,0.4009158322570358,0.4009158322570358,0.4009158322570358,0.4009158322570358,0.4009158322570358,0.4009158322570358
AAPL|2019-01-02 16:30:00+00:00,AAPL,2019-01-02,2019-01,later,0,1,1,8,8,0,0.5275982105683107,0.5563706333111833,0.4907702718189806,0.5275982105683107,0.5275982105683107,0.43064078234573927,0.4350283887555702,0.4984829651244767
AMZN|2019-01-02 16:30:00+00:00,AMZN,2019-01-02,2019-01,later,1,0,0,0,0,0,0.9310105083851162,0.9310105083851162,0.9310105083851162,0.9310105083851162,0.9310105083851162,0.9310105083851162,0.9310105083851162,0.9310105083851162
AAPL|2019-01-03 14:30:00+00:00,AAPL,2019-01-03,2019-01,later,1,1,1,96,94,0,0.5864722398201855,0.6025569200083131,0.5684687670593909,0.5864722398201855,0.5864722398201855,0.5463258157702438,0.5572527899306583,0.5960364117435181
AMZN|2019-01-03 14:30:00+00:00,AMZN,2019-01-03,2019-01,later,0,1,1,2,1,0,0.5416458877884229,0.47750911003120344,0.5416458877884229,0.5416458877884229,0.5416458877884229,0.34516062033224676,0.3450178072957394,0.28844193840456883
AAPL|2019-01-03 15:30:00+00:00,AAPL,2019-01-03,2019-01,later,0,1,1,121,113,0,0.5981429142669847,0.6071372956963915,0.563255660229982,0.5981429142669847,0.5981429142669847,0.4899814698686791,0.5027127576556917,0.5830488730367217
AMZN|2019-01-03 15:30:00+00:00,AMZN,2019-01-03,2019-01,later,0,1,1,4,2,0,0.4320035287510821,0.4479688774112645,0.4320035287510821,0.4320035287510821,0.4320035287510821,0.47899251511892427,0.4792341904719238,0.5419710275381645
AAPL|2019-01-03 16:30:00+00:00,AAPL,2019-01-03,2019-01,later,0,1,1,138,129,0,0.4884657433176818,0.4971108773594526,0.6729041390900288,0.4884657433176818,0.4884657433176818,0.9432859473661388,0.9465850240864686,0.9790260075379632
AMZN|2019-01-03 16:30:00+00:00,AMZN,2019-01-03,2019-01,later,0,1,1,2,2,0,0.3625280615616071,0.3950001819992595,0.3625280615616071,0.3625280615616071,0.3625280615616071,0.42259224494488307,0.42482569589483965,0.37683616248390384
AAPL|2019-01-04 14:30:00+00:00,AAPL,2019-01-04,2019-01,later,1,1,1,29,28,0,0.5676196117987733,0.5900105397383348,0.5676196117987733,0.5676196117987733,0.5676196117987733,0.6089529744670543,0.6140686470625988,0.6425971823241956
AMZN|2019-01-04 14:30:00+00:00,AMZN,2019-01-04,2019-01,later,1,0,0,0,0,0,0.4705782137719753,0.4705782137719753,0.4705782137719753,0.4705782137719753,0.4705782137719753,0.4705782137719753,0.4705782137719753,0.4705782137719753
AAPL|2019-01-04 15:30:00+00:00,AAPL,2019-01-04,2019-01,later,1,1,1,28,27,0,0.5994434108968081,0.6214070168459813,0.5994434108968081,0.5994434108968081,0.5994434108968081,0.6399467269838028,0.6448427932581027,0.673018981407714
AMZN|2019-01-04 15:30:00+00:00,AMZN,2019-01-04,2019-01,later,1,0,0,0,0,0,0.8152499344482264,0.8152499344482264,0.8152499344482264,0.8152499344482264,0.8152499344482264,0.8152499344482264,0.8152499344482264,0.8152499344482264
AAPL|2019-01-04 16:30:00+00:00,AAPL,2019-01-04,2019-01,later,0,1,1,31,29,0,0.6343533724591364,0.6530882591924858,0.6343533724591364,0.6343533724591364,0.6343533724591364,0.6684114034500638,0.6731046480513342,0.7133073257796146
AMZN|2019-01-04 16:30:00+00:00,AMZN,2019-01-04,2019-01,later,1,0,0,0,0,0,0.7222246639958433,0.7222246639958433,0.7222246639958433,0.7222246639958433,0.7222246639958433,0.7222246639958433,0.7222246639958433,0.7222246639958433
AAPL|2019-01-07 14:30:00+00:00,AAPL,2019-01-07,2019-01,later,0,1,1,17,15,0,0.7110283871621763,0.731797936841186,0.6797576120805626,0.7110283871621763,0.7110283871621763,0.6275418867876913,0.632014163960914,0.7080411156402286
AMZN|2019-01-07 14:30:00+00:00,AMZN,2019-01-07,2019-01,later,1,1,1,1,1,0,0.5544698465895912,0.5902454457220493,0.5544698465895912,0.5544698465895912,0.5544698465895912,0.6194691454861976,0.6210775983549511,0.5874865620004115
AAPL|2019-01-07 15:30:00+00:00,AAPL,2019-01-07,2019-01,later,0,1,1,8,8,0,0.6206415302916344,0.6475328612460184,0.5852944477990859,0.6206415302916344,0.6206415302916344,0.5253657670025617,0.5298203934572369,0.5926304321905128
AMZN|2019-01-07 15:30:00+00:00,AMZN,2019-01-07,2019-01,later,1,1,1,1,1,0,0.5465033654975545,0.5824369159685434,0.5465033654975545,0.5465033654975545,0.5465033654975545,0.6118512966998286,0.6134718576985093,0.5796628979956956
AAPL|2019-01-07 16:30:00+00:00,AAPL,2019-01-07,2019-01,later,1,1,1,8,8,0,0.4490110962590021,0.47783279016195734,0.43167435463920906,0.4490110962590021,0.4490110962590021,0.38391520928544864,0.387185116759654,0.3749893305712329
AMZN|2019-01-07 16:30:00+00:00,AMZN,2019-01-07,2019-01,later,1,1,1,2,2,0,0.4424971556147204,0.47677494395710707,0.4424971556147204,0.4424971556147204,0.4424971556147204,0.5053082661963293,0.5075945737614661,0.45769534794695504
AAPL|2019-01-08 14:30:00+00:00,AAPL,2019-01-08,2019-01,later,1,1,1,10,9,0,0.593334871193696,0.6211437143854427,0.593334871193696,0.593334871193696,0.593334871193696,0.6508279067751814,0.6540753888928401,0.6990256213748335
AMZN|2019-01-08 14:30:00+00:00,AMZN,2019-01-08,2019-01,later,0,1,1,2,2,0,0.4603726553461129,0.494806168541315,0.4603726553461129,0.4603726553461129,0.4603726553461129,0.523339255254615,0.5256204621734214,0.47566097741146807
AAPL|2019-01-08 15:30:00+00:00,AAPL,2019-01-08,2019-01,later,1,1,1,13,12,0,0.5524619776668044,0.5797830351855449,0.5524619776668044,0.5524619776668044,0.5524619776668044,0.6076059070023995,0.6114652659607653,0.6522852874524186
AMZN|2019-01-08 15:30:00+00:00,AMZN,2019-01-08,2019-01,later,1,1,1,2,2,0,0.5030910296270412,0.5375369201550804,0.5030910296270412,0.5030910296270412,0.5030910296270412,0.5657745253057801,0.5680202792377681,0.518435063695535
AAPL|2019-01-08 16:30:00+00:00,AAPL,2019-01-08,2019-01,later,1,1,1,13,12,0,0.5776484998841547,0.6037874007001364,0.5776484998841547,0.5776484998841547,0.5776484998841547,0.6295311571609631,0.6333072224779367,0.6760322878927142
AMZN|2019-01-08 16:30:00+00:00,AMZN,2019-01-08,2019-01,later,1,1,1,2,2,0,0.4688592322457681,0.503335434859588,0.4688592322457681,0.4688592322457681,0.4688592322457681,0.531842577147325,0.5341193160428899,0.48417651420458774
AAPL|2019-01-09 14:30:00+00:00,AAPL,2019-01-09,2019-01,later,1,1,1,16,16,2,0.5728525056213588,0.5978777052847751,0.5577614913804394,0.7511627437553658,0.7755272636860558,0.5773815587234037,0.5815262775871572,0.4854670549093531
AMZN|2019-01-09 14:30:00+00:00,AMZN,2019-01-09,2019-01,later,1,0,0,0,0,0,0.4751189069596636,0.4751189069596636,0.4751189069596636,0.4751189069596636,0.4751189069596636,0.4751189069596636,0.4751189069596636,0.4751189069596636
AAPL|2019-01-09 15:30:00+00:00,AAPL,2019-01-09,2019-01,later,1,1,1,11,11,0,0.5408607623388342,0.5680634521671337,0.5161535997509468,0.5408607623388342,0.5408607623388342,0.4970512695599783,0.5064053761581425,0.6025983467236675
AMZN|2019-01-09 15:30:00+00:00,AMZN,2019-01-09,2019-01,later,1,1,1,1,1,0,0.4201397216330568,0.4561213603921855,0.4201397216330568,0.4201397216330568,0.4201397216330568,0.48659028787273123,0.4882964497938616,0.45329585965366814
AAPL|2019-01-09 16:30:00+00:00,AAPL,2019-01-09,2019-01,later,1,1,1,13,13,0,0.3306211771130641,0.35472460043878196,0.3010420849228794,0.3306211771130641,0.3306211771130641,0.2716987820245301,0.280630735944857,0.3659383855364804
AMZN|2019-01-09 16:30:00+00:00,AMZN,2019-01-09,2019-01,later,1,1,1,2,2,0,0.251507069242086,0.2783774648080966,0.251507069242086,0.251507069242086,0.251507069242086,0.30188804854981754,0.30381923125178145,0.26324286837838823
AAPL|2019-01-10 14:30:00+00:00,AAPL,2019-01-10,2019-01,later,1,1,1,13,11,0,0.578057598733253,0.6014638537471686,0.578057598733253,0.578057598733253,0.578057598733253,0.6271931610235159,0.6305816424092167,0.7010884006080991
AMZN|2019-01-10 14:30:00+00:00,AMZN,2019-01-10,2019-01,later,1,0,0,0,0,0,0.5544912961524108,0.5544912961524108,0.5544912961524108,0.5544912961524108,0.5544912961524108,0.5544912961524108,0.5544912961524108,0.5544912961524108
AAPL|2019-01-10 15:30:00+00:00,AAPL,2019-01-10,2019-01,later,1,1,1,12,10,0,0.5379310047341311,0.5606815001979908,0.5379310047341311,0.5379310047341311,0.5379310047341311,0.585355218991297,0.588706864385666,0.6725652389225539
AMZN|2019-01-10 15:30:00+00:00,AMZN,2019-01-10,2019-01,later,1,0,0,0,0,0,0.4878486369133859,0.4878486369133859,0.4878486369133859,0.4878486369133859,0.4878486369133859,0.4878486369133859,0.4878486369133859,0.4878486369133859
AAPL|2019-01-10 16:30:00+00:00,AAPL,2019-01-10,2019-01,later,1,1,1,11,9,0,0.5374709295379929,0.5575323100491805,0.5374709295379929,0.5374709295379929,0.5374709295379929,0.5774426414502489,0.5806271913920844,0.6812392518264885
AMZN|2019-01-10 16:30:00+00:00,AMZN,2019-01-10,2019-01,later,1,0,0,0,0,0,0.716421926431977,0.716421926431977,0.716421926431977,0.716421926431977,0.716421926431977,0.716421926431977,0.716421926431977,0.716421926431977
AAPL|2019-01-11 14:30:00+00:00,AAPL,2019-01-11,2019-01,later,0,1,1,12,12,0,0.605578615089356,0.6311837632613403,0.669286361114147,0.605578615089356,0.605578615089356,0.7226410556477203,0.7233024677034071,0.7165502671995535
AMZN|2019-01-11 14:30:00+00:00,AMZN,2019-01-11,2019-01,later,1,0,0,0,0,0,0.5615609075228746,0.5615609075228746,0.5615609075228746,0.5615609075228746,0.5615609075228746,0.5615609075228746,0.5615609075228746,0.5615609075228746
AAPL|2019-01-11 15:30:00+00:00,AAPL,2019-01-11,2019-01,later,0,1,1,8,8,3,0.5644914451797491,0.5927512985627531,0.6307895291617678,0.5945524439983594,0.6247662427501229,0.6188874019996712,0.6158191404570688,0.46250294189571967
AMZN|2019-01-11 15:30:00+00:00,AMZN,2019-01-11,2019-01,later,0,0,0,0,0,0,0.4203297620931477,0.4203297620931477,0.4203297620931477,0.4203297620931477,0.4203297620931477,0.4203297620931477,0.4203297620931477,0.4203297620931477
AAPL|2019-01-11 16:30:00+00:00,AAPL,2019-01-11,2019-01,later,1,1,1,10,10,3,0.5735125929822739,0.6006311408726543,0.4756282079598028,0.5230386976109851,0.4998972658654385,0.21147475707910196,0.19967717960491016,0.14878253704103075
AMZN|2019-01-11 16:30:00+00:00,AMZN,2019-01-11,2019-01,later,0,0,0,0,0,0,0.6965291932058518,0.6965291932058518,0.6965291932058518,0.6965291932058518,0.6965291932058518,0.6965291932058518,0.6965291932058518,0.6965291932058518
AAPL|2019-01-14 14:30:00+00:00,AAPL,2019-01-14,2019-01,later,0,1,1,8,8,0,0.4871171969550781,0.5160938005437382,0.4871171969550781,0.4871171969550781,0.4871171969550781,0.5390731851729487,0.542903971483704,0.5752263818185263
AMZN|2019-01-14 14:30:00+00:00,AMZN,2019-01-14,2019-01,later,1,0,0,0,0,0,0.6447042086205366,0.6447042086205366,0.6447042086205366,0.6447042086205366,0.6447042086205366,0.6447042086205366,0.6447042086205366,0.6447042086205366
AAPL|2019-01-14 15:30:00+00:00,AAPL,2019-01-14,2019-01,later,0,1,1,10,10,0,0.5195358283817904,0.5473778387941913,0.536854509638432,0.5195358283817904,0.5195358283817904,0.6072523312404765,0.6145109254075887,0.6891250443038777
AMZN|2019-01-14 15:30:00+00:00,AMZN,2019-01-14,2019-01,later,0,0,0,0,0,0,0.6385425662751953,0.6385425662751953,0.6385425662751953,0.6385425662751953,0.6385425662751953,0.6385425662751953,0.6385425662751953,0.6385425662751953
AAPL|2019-01-14 16:30:00+00:00,AAPL,2019-01-14,2019-01,later,1,1,1,27,26,0,0.4559444220791028,0.48369315528636503,0.42650920311379276,0.4559444220791028,0.4559444220791028,0.3948964307059522,0.4020537001424142,0.43860105953784645
AMZN|2019-01-14 16:30:00+00:00,AMZN,2019-01-14,2019-01,later,0,1,1,1,1,0,0.5650251055709132,0.6005637166234149,0.5650251055709132,0.5650251055709132,0.5650251055709132,0.6295134280294187,0.6311047076100855,0.5978269694035286
AAPL|2019-01-15 14:30:00+00:00,AAPL,2019-01-15,2019-01,later,1,1,1,9,9,0,0.6116472763371856,0.6383153725058869,0.6116472763371856,0.6116472763371856,0.6116472763371856,0.6588482606443796,0.6624418680417461,0.6903060122081129
AMZN|2019-01-15 14:30:00+00:00,AMZN,2019-01-15,2019-01,later,1,0,0,0,0,0,0.443634487977352,0.443634487977352,0.443634487977352,0.443634487977352,0.443634487977352,0.443634487977352,0.443634487977352,0.443634487977352
AAPL|2019-01-15 15:30:00+00:00,AAPL,2019-01-15,2019-01,later,1,1,1,8,8,0,0.5560824832872838,0.5844863423939942,0.5460863197206145,0.5560824832872838,0.5560824832872838,0.5365071939910636,0.5412530518116723,0.6265873607385282
AMZN|2019-01-15 15:30:00+00:00,AMZN,2019-01-15,2019-01,later,1,0,0,0,0,0,0.4096900933422911,0.4096900933422911,0.4096900933422911,0.4096900933422911,0.4096900933422911,0.4096900933422911,0.4096900933422911,0.4096900933422911
AAPL|2019-01-15 16:30:00+00:00,AAPL,2019-01-15,2019-01,later,1,1,1,11,11,0,0.4983261791214073,0.5258396486592768,0.799186401178856,0.4983261791214073,0.4983261791214073,0.9933331908557633,0.9935326641678738,0.9979375059834193
AMZN|2019-01-15 16:30:00+00:00,AMZN,2019-01-15,2019-01,later,1,0,0,0,0,0,0.5569434080311562,0.5569434080311562,0.5569434080311562,0.5569434080311562,0.5569434080311562,0.5569434080311562,0.5569434080311562,0.5569434080311562
AAPL|2019-01-16 14:30:00+00:00,AAPL,2019-01-16,2019-01,later,1,1,1,12,11,0,0.6139991610839419,0.6356239862166019,0.6482690986322642,0.6139991610839419,0.6139991610839419,0.7340091154415025,0.7390898534561318,0.8113230880086121
AMZN|2019-01-16 14:30:00+00:00,AMZN,2019-01-16,2019-01,later,1,1,1,2,2,0,0.4015405312632273,0.4351218642153878,0.4015405312632273,0.4015405312632273,0.4015405312632273,0.4633700201567875,0.4656451861008886,0.4163826434930522
AAPL|2019-01-16 15:30:00+00:00,AAPL,2019-01-16,2019-01,later,1,1,1,7,7,0,0.5690314233689715,0.5977773890871376,0.6047235330767965,0.5690314233689715,0.5690314233689715,0.705363616793065,0.7105789257031501,0.7644325652491217
AMZN|2019-01-16 15:30:00+00:00,AMZN,2019-01-16,2019-01,later,0,1,1,2,2,0,0.3938290278927616,0.42722583299159705,0.3938290278927616,0.3938290278927616,0.3938290278927616,0.4553746175440325,0.4576440051821686,0.40858070293834187
AAPL|2019-01-16 16:30:00+00:00,AAPL,2019-01-16,2019-01,later,1,1,1,11,11,0,0.64624034676508,0.6709974460760703,0.6791436649753338,0.64624034676508,0.64624034676508,0.7651893745834893,0.7701020939216698,0.8135361248714433
AMZN|2019-01-16 16:30:00+00:00,AMZN,2019-01-16,2019-01,later,0,1,1,2,2,0,0.4533166855277696,0.4876994137062604,0.4533166855277696,0.4533166855277696,0.4533166855277696,0.5162414622370881,0.5185253864878149,0.4685741546463748
AAPL|2019-01-17 14:30:00+00:00,AAPL,2019-01-17,2019-01,later,1,1,1,6,6,0,0.6316008384941252,0.6592810987577585,0.6988522998822942,0.6316008384941252,0.6316008384941252,0.8326571020491819,0.8332259455242113,0.8618530901049055
AMZN|2019-01-17 14:30:00+00:00,AMZN,2019-01-17,2019-01,later,1,0,0,0,0,0,0.5571397877773049,0.5571397877773049,0.5571397877773049,0.5571397877773049,0.5571397877773049,0.5571397877773049,0.5571397877773049,0.5571397877773049
AAPL|2019-01-17 15:30:00+00:00,AAPL,2019-01-17,2019-01,later,1,1,1,5,5,0,0.5559909924732738,0.5863783345611109,0.5559909924732738,0.5559909924732738,0.5559909924732738,0.6104829271279885,0.613595630451507,0.6475515940344305
AMZN|2019-01-17 15:30:00+00:00,AMZN,2019-01-17,2019-01,later,1,1,1,1,1,0,0.515509860772405,0.5518855413054433,0.515509860772405,0.515509860772405,0.515509860772405,0.581907180510365,0.5835676715332594,0.5490656982324202
AAPL|2019-01-17 16:30:00+00:00,AAPL,2019-01-17,2019-01,later,1,1,1,7,7,0,0.436942272387925,0.46623426567460596,0.436942272387925,0.436942272387925,0.436942272387925,0.4898271470686084,0.4935145064035243,0.5273445883375866
AMZN|2019-01-17 16:30:00+00:00,AMZN,2019-01-17,2019-01,later,1,1,1,1,1,0,0.4836129192047021,0.5201542797097062,0.4836129192047021,0.4836129192047021,0.4836129192047021,0.5505705776030012,0.5522597637131501,0.5173094015752454
AAPL|2019-01-18 14:30:00+00:00,AAPL,2019-01-18,2019-01,later,0,1,1,6,6,0,0.5634067893817577,0.5929083832504349,0.6380974283843261,0.5634067893817577,0.5634067893817577,0.7324469391678662,0.7331072117634946,0.7403966297488382
AMZN|2019-01-18 14:30:00+00:00,AMZN,2019-01-18,2019-01,later,1,0,0,0,0,0,0.6354429785105306,0.6354429785105306,0.6354429785105306,0.6354429785105306,0.6354429785105306,0.6354429785105306,0.6354429785105306,0.6354429785105306
AAPL|2019-01-18 15:30:00+00:00,AAPL,2019-01-18,2019-01,later,0,1,1,7,7,0,0.5197366807405247,0.5491656174458601,0.5965483635026823,0.5197366807405247,0.5197366807405247,0.6954447474125705,0.6963198895071898,0.7032010367656791
AMZN|2019-01-18 15:30:00+00:00,AMZN,2019-01-18,2019-01,later,0,0,0,0,0,0,0.6400273112535315,0.6400273112535315,0.6400273112535315,0.6400273112535315,0.6400273112535315,0.6400273112535315,0.6400273112535315,0.6400273112535315
AAPL|2019-01-18 16:30:00+00:00,AAPL,2019-01-18,2019-01,later,0,1,1,8,8,0,0.5323090635358533,0.5610332860369259,0.5610208862690007,0.5323090635358533,0.5323090635358533,0.5522388367287893,0.5521595959241588,0.534204783499054
AMZN|2019-01-18 16:30:00+00:00,AMZN,2019-01-18,2019-01,later,0,0,0,0,0,0,0.4952971614331928,0.4952971614331928,0.4952971614331928,0.4952971614331928,0.4952971614331928,0.4952971614331928,0.4952971614331928,0.4952971614331928
AAPL|2019-01-22 14:30:00+00:00,AAPL,2019-01-22,2019-01,later,0,1,1,8,8,0,0.5328161381097287,0.5615348702168651,0.5328161381097287,0.5328161381097287,0.5328161381097287,0.5840953476734104,0.5878380423596571,0.6192116543549219
AMZN|2019-01-22 14:30:00+00:00,AMZN,2019-01-22,2019-01,later,0,0,0,0,0,0,0.6455535381074888,0.6455535381074888,0.6455535381074888,0.6455535381074888,0.6455535381074888,0.6455535381074888,0.6455535381074888,0.6455535381074888
AAPL|2019-01-22 15:30:00+00:00,AAPL,2019-01-22,2019-01,later,0,1,1,7,6,0,0.5456778576528165,0.5750984591248067,0.5456778576528165,0.5456778576528165,0.5456778576528165,0.6089542429771164,0.6117036092129016,0.6750151364040103
AMZN|2019-01-22 15:30:00+00:00,AMZN,2019-01-22,2019-01,later,0,0,0,0,0,0,0.6783922985677026,0.6783922985677026,0.6783922985677026,0.6783922985677026,0.6783922985677026,0.6783922985677026,0.6783922985677026,0.6783922985677026
AAPL|2019-01-22 16:30:00+00:00,AAPL,2019-01-22,2019-01,later,0,1,1,8,7,0,0.4592989370525202,0.4857094377488929,0.4592989370525202,0.4592989370525202,0.4592989370525202,0.5130786455771001,0.5162417895510972,0.5907954471376712
AMZN|2019-01-22 16:30:00+00:00,AMZN,2019-01-22,2019-01,later,0,0,0,0,0,0,0.4835313877894668,0.4835313877894668,0.4835313877894668,0.4835313877894668,0.4835313877894668,0.4835313877894668,0.4835313877894668,0.4835313877894668
AAPL|2019-01-23 14:30:00+00:00,AAPL,2019-01-23,2019-01,later,0,1,1,4,4,1,0.5671957916923908,0.5982544818712916,0.6161627726412612,0.7381896010961699,0.7722040132050932,0.7590927835946322,0.7597069331544994,0.6003251642553431
AMZN|2019-01-23 14:30:00+00:00,AMZN,2019-01-23,2019-01,later,0,0,0,0,0,0,0.6143360300939227,0.6143360300939227,0.6143360300939227,0.6143360300939227,0.6143360300939227,0.6143360300939227,0.6143360300939227,0.6143360300939227
AAPL|2019-01-23 15:30:00+00:00,AAPL,2019-01-23,2019-01,later,0,1,1,7,7,0,0.4538769173805852,0.4833296637293594,0.45129157031749806,0.4538769173805852,0.4538769173805852,0.4050109564339517,0.4061441026657741,0.41496432952429024
AMZN|2019-01-23 15:30:00+00:00,AMZN,2019-01-23,2019-01,later,0,0,0,0,0,0,0.5901214677264853,0.5901214677264853,0.5901214677264853,0.5901214677264853,0.5901214677264853,0.5901214677264853,0.5901214677264853,0.5901214677264853
AAPL|2019-01-23 16:30:00+00:00,AAPL,2019-01-23,2019-01,later,1,1,1,11,11,0,0.4437378854466191,0.4710674806392324,0.4411636380067684,0.4437378854466191,0.4437378854466191,0.39128908695474773,0.3929619209502994,0.3981679393813795
AMZN|2019-01-23 16:30:00+00:00,AMZN,2019-01-23,2019-01,later,1,0,0,0,0,0,0.5143999448080846,0.5143999448080846,0.5143999448080846,0.5143999448080846,0.5143999448080846,0.5143999448080846,0.5143999448080846,0.5143999448080846
AAPL|2019-01-24 14:30:00+00:00,AAPL,2019-01-24,2019-01,later,0,1,1,2,2,0,0.7401568636482695,0.7658188080225494,0.7401568636482695,0.7401568636482695,0.7401568636482695,0.7856752996591962,0.7872114958429672,0.8144405874017749
AMZN|2019-01-24 14:30:00+00:00,AMZN,2019-01-24,2019-01,later,1,0,0,0,0,0,0.7831893042608684,0.7831893042608684,0.7831893042608684,0.7831893042608684,0.7831893042608684,0.7831893042608684,0.7831893042608684,0.7831893042608684
AAPL|2019-01-24 15:30:00+00:00,AAPL,2019-01-24,2019-01,later,0,1,1,5,5,0,0.6932748510125188,0.7190149569155839,0.6985916212655489,0.6932748510125188,0.6932748510125188,0.6807367022592807,0.6823598478821281,0.7289380179828834
AMZN|2019-01-24 15:30:00+00:00,AMZN,2019-01-24,2019-01,later,0,0,0,0,0,0,0.7529400166794377,0.7529400166794377,0.7529400166794377,0.7529400166794377,0.7529400166794377,0.7529400166794377,0.7529400166794377,0.7529400166794377
AAPL|2019-01-24 16:30:00+00:00,AAPL,2019-01-24,2019-01,later,1,1,1,7,7,0,0.5910479075951972,0.6193078200784072,0.6203176153992118,0.5910479075951972,0.5910479075951972,0.6439011439646568,0.6434492285903036,0.6726420493630157
AMZN|2019-01-24 16:30:00+00:00,AMZN,2019-01-24,2019-01,later,1,0,0,0,0,0,0.406828864610421,0.406828864610421,0.406828864610421,0.406828864610421,0.406828864610421,0.406828864610421,0.406828864610421,0.406828864610421
AAPL|2019-01-25 14:30:00+00:00,AAPL,2019-01-25,2019-01,later,1,1,1,7,7,0,0.621299436478397,0.6487113439938763,0.667330472908112,0.621299436478397,0.621299436478397,0.7776174448158921,0.7790565451013157,0.824951248414928
AMZN|2019-01-25 14:30:00+00:00,AMZN,2019-01-25,2019-01,later,1,0,0,0,0,0,0.5273767378221448,0.5273767378221448,0.5273767378221448,0.5273767378221448,0.5273767378221448,0.5273767378221448,0.5273767378221448,0.5273767378221448
AAPL|2019-01-25 15:30:00+00:00,AAPL,2019-01-25,2019-01,later,1,1,1,7,7,1,0.6016079405274306,0.6295954375201395,0.765291679251172,0.6041433895567959,0.6154707398195123,0.9525745870141088,0.9529358843053487,0.9393022462715833
AMZN|2019-01-25 15:30:00+00:00,AMZN,2019-01-25,2019-01,later,0,0,0,0,0,0,0.4770118691730762,0.4770118691730762,0.4770118691730762,0.4770118691730762,0.4770118691730762,0.4770118691730762,0.4770118691730762,0.4770118691730762
AAPL|2019-01-25 16:30:00+00:00,AAPL,2019-01-25,2019-01,later,1,1,1,10,10,0,0.5394374292093721,0.5670871547009055,0.7072252837172245,0.5394374292093721,0.5394374292093721,0.9357095616935913,0.9373531838327207,0.9640358357351276
AMZN|2019-01-25 16:30:00+00:00,AMZN,2019-01-25,2019-01,later,0,0,0,0,0,0,0.6043443815613185,0.6043443815613185,0.6043443815613185,0.6043443815613185,0.6043443815613185,0.6043443815613185,0.6043443815613185,0.6043443815613185
AAPL|2019-01-28 14:30:00+00:00,AAPL,2019-01-28,2019-01,later,1,1,1,10,10,0,0.644104711891509,0.6693226837192618,0.644104711891509,0.644104711891509,0.644104711891509,0.6885441569255886,0.6920873189776549,0.7178459471412665
AMZN|2019-01-28 14:30:00+00:00,AMZN,2019-01-28,2019-01,later,0,1,1,1,1,0,0.5965508200286201,0.631194938341021,0.5965508200286201,0.5965508200286201,0.5965508200286201,0.6591844657309737,0.6607169903316218,0.6285382521603607
AAPL|2019-01-28 15:30:00+00:00,AAPL,2019-01-28,2019-01,later,1,1,1,9,9,0,0.6193378320887314,0.6457836571223302,0.6193378320887314,0.6193378320887314,0.6193378320887314,0.6661143399374041,0.6696697830615922,0.6972100020387624
AMZN|2019-01-28 15:30:00+00:00,AMZN,2019-01-28,2019-01,later,0,1,1,2,2,0,0.4963340960914083,0.5308115509374528,0.4963340960914083,0.4963340960914083,0.4963340960914083,0.5591229983603409,0.5613764834520564,0.5116842579196874
AAPL|2019-01-28 16:30:00+00:00,AAPL,2019-01-28,2019-01,later,1,1,1,10,10,0,0.5231298085604872,0.5509435661450515,0.5231298085604872,0.5231298085604872,0.5231298085604872,0.5726527108331381,0.5767037587170152,0.606628552168976
AMZN|2019-01-28 16:30:00+00:00,AMZN,2019-01-28,2019-01,later,1,1,1,3,3,0,0.2313979457882874,0.2557527834973658,0.2313979457882874,0.2313979457882874,0.2313979457882874,0.2769345946002768,0.27910065319280186,0.2330581918500872
AAPL|2019-01-29 14:30:00+00:00,AAPL,2019-01-29,2019-01,later,0,1,1,14,13,0,0.6538101911491744,0.6793125767713655,0.6538101911491744,0.6538101911491744,0.6538101911491744,0.7053915333502108,0.7088537594282178,0.7380732989989005
AMZN|2019-01-29 14:30:00+00:00,AMZN,2019-01-29,2019-01,later,0,1,1,1,1,0,0.4789387505725488,0.5154794903432506,0.4789387505725488,0.4789387505725488,0.4789387505725488,0.5459334374015568,0.5476257319939801,0.5126328651982981
AAPL|2019-01-29 15:30:00+00:00,AAPL,2019-01-29,2019-01,later,0,1,1,18,17,3,0.5460677373084615,0.572529531805692,0.5460677373084615,0.6085910127315632,0.6048720551608979,0.5410533738392823,0.5353086946352075,0.47093114572011335
AMZN|2019-01-29 15:30:00+00:00,AMZN,2019-01-29,2019-01,later,0,1,1,1,1,0,0.4709104487755954,0.5074351707353071,0.4709104487755954,0.4709104487755954,0.4709104487755954,0.5379415166030785,0.539638479930078,0.504586705830676
AAPL|2019-01-29 16:30:00+00:00,AAPL,2019-01-29,2019-01,later,0,1,1,25,23,3,0.4239052414169596,0.44264820965573365,0.4239052414169596,0.2322485345074733,0.25500041270031565,0.27549260321279156,0.27728968286665173,0.2268970371335015
AMZN|2019-01-29 16:30:00+00:00,AMZN,2019-01-29,2019-01,later,0,0,0,0,0,0,0.3404092813698452,0.3404092813698452,0.3404092813698452,0.3404092813698452,0.3404092813698452,0.3404092813698452,0.3404092813698452,0.3404092813698452
AAPL|2019-01-30 14:30:00+00:00,AAPL,2019-01-30,2019-01,later,0,1,1,31,30,0,0.5886631806215318,0.6134523144745124,0.9958226704239821,0.5886631806215318,0.5886631806215318,0.9999999982608212,0.9999999984898793,0.9999999999866886
AMZN|2019-01-30 14:30:00+00:00,AMZN,2019-01-30,2019-01,later,1,0,0,0,0,0,0.3991585229924228,0.3991585229924228,0.3991585229924228,0.3991585229924228,0.3991585229924228,0.3991585229924228,0.3991585229924228,0.3991585229924228
AAPL|2019-01-30 15:30:00+00:00,AAPL,2019-01-30,2019-01,later,1,1,1,39,37,0,0.5601024709284436,0.5818272083191371,0.9951300244910504,0.5601024709284436,0.5601024709284436,0.9999999975147962,0.9999999978100347,0.9999999999810842
AMZN|2019-01-30 15:30:00+00:00,AMZN,2019-01-30,2019-01,later,1,1,1,1,1,0,0.4669730031641591,0.5034829447301744,0.5374632231736599,0.4669730031641591,0.4669730031641591,0.7141027257231041,0.7164521946741462,0.356556615479154
AAPL|2019-01-30 16:30:00+00:00,AAPL,2019-01-30,2019-01,later,1,1,1,44,42,3,0.4225342815708121,0.44263613978171057,0.991556073404475,0.40707491739389184,0.41670438927072856,0.9999999945567817,0.9999999950516576,0.9999999999345321
AMZN|2019-01-30 16:30:00+00:00,AMZN,2019-01-30,2019-01,later,1,1,1,3,3,1,0.2140600962847467,0.23715316185080307,0.2653803815089416,0.34710524607397647,0.383630667950692,0.4827938452537031,0.48168013569683094,0.4884342878629753
AAPL|2019-01-31 14:30:00+00:00,AAPL,2019-01-31,2019-01,later,1,1,1,17,17,0,0.6559337871474136,0.6785695110399683,0.6926405926391287,0.6559337871474136,0.6559337871474136,0.7604363626137151,0.7642801621035917,0.8232333898768366
AMZN|2019-01-31 14:30:00+00:00,AMZN,2019-01-31,2019-01,later,1,0,0,0,0,0,0.6223440595423698,0.6223440595423698,0.6223440595423698,0.6223440595423698,0.6223440595423698,0.6223440595423698,0.6223440595423698,0.6223440595423698
AAPL|2019-01-31 15:30:00+00:00,AAPL,2019-01-31,2019-01,later,0,1,1,16,16,0,0.5972651174541578,0.6218043121189973,0.7231429425063021,0.5972651174541578,0.5972651174541578,0.9021479130820798,0.9039269944551165,0.9426544680340981
AMZN|2019-01-31 15:30:00+00:00,AMZN,2019-01-31,2019-01,later,1,1,1,2,2,0,0.4761053443164375,0.5106021505517362,0.4761053443164375,0.4761053443164375,0.4761053443164375,0.5390741501339781,0.5413460493725546,0.4914403204391078
AAPL|2019-01-31 16:30:00+00:00,AAPL,2019-01-31,2019-01,later,0,1,1,15,15,0,0.554922975570617,0.5805262400670298,0.6871018784718547,0.554922975570617,0.554922975570617,0.885973391825441,0.8879755730671134,0.9327917519711914
AMZN|2019-01-31 16:30:00+00:00,AMZN,2019-01-31,2019-01,later,1,1,1,2,2,0,0.4788104511493984,0.5133112169096822,0.4788104511493984,0.4788104511493984,0.4788104511493984,0.5417670517463221,0.5440369045931588,0.49415037406788864
AAPL|2019-02-01 14:30:00+00:00,AAPL,2019-02-01,2019-02,later,0,1,1,9,8,0,0.6587951821962565,0.69068952814431,0.6646967585681537,0.6587951821962565,0.6587951821962565,0.722461498090909,0.7243209429331268,0.7851320715479859
AMZN|2019-02-01 14:30:00+00:00,AMZN,2019-02-01,2019-02,later,1,0,0,0,0,0,0.5869523122311956,0.5869523122311956,0.5869523122311956,0.5869523122311956,0.5869523122311956,0.5869523122311956,0.5869523122311956,0.5869523122311956
AAPL|2019-02-01 15:30:00+00:00,AAPL,2019-02-01,2019-02,later,0,1,1,13,12,0,0.6186038182787709,0.648878943142014,0.6248046494854651,0.6186038182787709,0.6186038182787709,0.6755783658099402,0.6782033848709863,0.7433954837976152
AMZN|2019-02-01 15:30:00+00:00,AMZN,2019-02-01,2019-02,later,0,0,0,0,0,0,0.593543994323022,0.593543994323022,0.593543994323022,0.593543994323022,0.593543994323022,0.593543994323022,0.593543994323022,0.593543994323022
