key,symbol,month,phase,label,P_own_tabpfn,P_cross_tabpfn,F1_new,R1,own_n8,cross_n8
AAPL|2018-01-03 14:30:00+00:00,AAPL,2018-01,warmup,1,,,,,,
AMZN|2018-01-03 14:30:00+00:00,AMZN,2018-01,warmup,1,,,,,,
AAPL|2018-01-03 15:30:00+00:00,AAPL,2018-01,warmup,0,,,,,,
AMZN|2018-01-03 15:30:00+00:00,AMZN,2018-01,warmup,1,,,,,,
AAPL|2018-01-03 16:30:00+00:00,AAPL,2018-01,warmup,0,,,,,,
AMZN|2018-01-03 16:30:00+00:00,AMZN,2018-01,warmup,1,,,,,,
AAPL|2018-01-04 14:30:00+00:00,AAPL,2018-01,warmup,1,,,,,,
AMZN|2018-01-04 14:30:00+00:00,AMZN,2018-01,warmup,0,,,,,,
AAPL|2018-01-04 15:30:00+00:00,AAPL,2018-01,warmup,0,,,,,,
AMZN|2018-01-04 15:30:00+00:00,AMZN,2018-01,warmup,0,,,,,,
AAPL|2018-01-04 16:30:00+00:00,AAPL,2018-01,warmup,0,,,,,,
AMZN|2018-01-04 16:30:00+00:00,AMZN,2018-01,warmup,1,,,,,,
AAPL|2018-01-05 14:30:00+00:00,AAPL,2018-01,warmup,1,,,,,,
AMZN|2018-01-05 14:30:00+00:00,AMZN,2018-01,warmup,1,,,,,,
AAPL|2018-01-05 15:30:00+00:00,AAPL,2018-01,warmup,1,,,,,,
AMZN|2018-01-05 15:30:00+00:00,AMZN,2018-01,warmup,1,,,,,,
AAPL|2018-01-05 16:30:00+00:00,AAPL,2018-01,warmup,0,,,,,,
AMZN|2018-01-05 16:30:00+00:00,AMZN,2018-01,warmup,1,,,,,,
AAPL|2018-01-08 14:30:00+00:00,AAPL,2018-01,warmup,1,,,,,,
AMZN|2018-01-08 14:30:00+00:00,AMZN,2018-01,warmup,1,,,,,,
AAPL|2018-01-08 15:30:00+00:00,AAPL,2018-01,warmup,0,,,,,,
AMZN|2018-01-08 15:30:00+00:00,AMZN,2018-01,warmup,1,,,,,,
AAPL|2018-01-08 16:30:00+00:00,AAPL,2018-01,warmup,0,,,,,,
AMZN|2018-01-08 16:30:00+00:00,AMZN,2018-01,warmup,0,,,,,,
AAPL|2018-01-09 14:30:00+00:00,AAPL,2018-01,warmup,1,,,,,,
AMZN|2018-01-09 14:30:00+00:00,AMZN,2018-01,warmup,0,,,,,,
AAPL|2018-01-09 15:30:00+00:00,AAPL,2018-01,warmup,1,,,,,,
AMZN|2018-01-09 15:30:00+00:00,AMZN,2018-01,warmup,1,,,,,,
AAPL|2018-01-09 16:30:00+00:00,AAPL,2018-01,warmup,1,,,,,,
AMZN|2018-01-09 16:30:00+00:00,AMZN,2018-01,warmup,1,,,,,,
AAPL|2018-01-10 14:30:00+00:00,AAPL,2018-01,warmup,1,,,,,,
AMZN|2018-01-10 14:30:00+00:00,AMZN,2018-01,warmup,1,,,,,,
AMZN|2018-01-10 15:30:00+00:00,AMZN,2018-01,warmup,1,,,,,,
AAPL|2018-01-10 16:30:00+00:00,AAPL,2018-01,warmup,1,,,,,,
AMZN|2018-01-10 16:30:00+00:00,AMZN,2018-01,warmup,1,,,,,,
AAPL|2018-01-11 14:30:00+00:00,AAPL,2018-01,warmup,1,,,,,,
AMZN|2018-01-11 14:30:00+00:00,AMZN,2018-01,warmup,1,,,,,,
AAPL|2018-01-11 15:30:00+00:00,AAPL,2018-01,warmup,1,,,,,,
AMZN|2018-01-11 15:30:00+00:00,AMZN,2018-01,warmup,1,,,,,,
AAPL|2018-01-11 16:30:00+00:00,AAPL,2018-01,warmup,0,,,,,,
AMZN|2018-01-11 16:30:00+00:00,AMZN,2018-01,warmup,1,,,,,,
AAPL|2018-01-12 14:30:00+00:00,AAPL,2018-01,warmup,1,,,,,,
AMZN|2018-01-12 14:30:00+00:00,AMZN,2018-01,warmup,1,,,,,,
AAPL|2018-01-12 15:30:00+00:00,AAPL,2018-01,warmup,1,,,,,,
AMZN|2018-01-12 15:30:00+00:00,AMZN,2018-01,warmup,1,,,,,,
AAPL|2018-01-12 16:30:00+00:00,AAPL,2018-01,warmup,1,,,,,,
AMZN|2018-01-12 16:30:00+00:00,AMZN,2018-01,warmup,1,,,,,,
AAPL|2018-01-16 14:30:00+00:00,AAPL,2018-01,warmup,0,,,,,,
AMZN|2018-01-16 14:30:00+00:00,AMZN,2018-01,warmup,0,,,,,,
AAPL|2018-01-16 15:30:00+00:00,AAPL,2018-01,warmup,0,,,,,,
AMZN|2018-01-16 15:30:00+00:00,AMZN,2018-01,warmup,0,,,,,,
AAPL|2018-01-16 16:30:00+00:00,AAPL,2018-01,warmup,0,,,,,,
AMZN|2018-01-16 16:30:00+00:00,AMZN,2018-01,warmup,0,,,,,,
AAPL|2018-01-17 14:30:00+00:00,AAPL,2018-01,warmup,1,,,,,,
AMZN|2018-01-17 14:30:00+00:00,AMZN,2018-01,warmup,0,,,,,,
AAPL|2018-01-17 15:30:00+00:00,AAPL,2018-01,warmup,1,,,,,,
AMZN|2018-01-17 15:30:00+00:00,AMZN,2018-01,warmup,1,,,,,,
AAPL|2018-01-17 16:30:00+00:00,AAPL,2018-01,warmup,1,,,,,,
AMZN|2018-01-17 16:30:00+00:00,AMZN,2018-01,warmup,1,,,,,,
AAPL|2018-01-18 14:30:00+00:00,AAPL,2018-01,warmup,1,,,,,,
AMZN|2018-01-18 14:30:00+00:00,AMZN,2018-01,warmup,1,,,,,,
AAPL|2018-01-18 15:30:00+00:00,AAPL,2018-01,warmup,1,,,,,,
AMZN|2018-01-18 15:30:00+00:00,AMZN,2018-01,warmup,1,,,,,,
AAPL|2018-01-18 16:30:00+00:00,AAPL,2018-01,warmup,1,,,,,,
AMZN|2018-01-18 16:30:00+00:00,AMZN,2018-01,warmup,0,,,,,,
AAPL|2018-01-19 14:30:00+00:00,AAPL,2018-01,warmup,1,,,,,,
AMZN|2018-01-19 14:30:00+00:00,AMZN,2018-01,warmup,0,,,,,,
AAPL|2018-01-19 15:30:00+00:00,AAPL,2018-01,warmup,1,,,,,,
AMZN|2018-01-19 15:30:00+00:00,AMZN,2018-01,warmup,0,,,,,,
AAPL|2018-01-19 16:30:00+00:00,AAPL,2018-01,warmup,1,,,,,,
AMZN|2018-01-19 16:30:00+00:00,AMZN,2018-01,warmup,0,,,,,,
AAPL|2018-01-22 14:30:00+00:00,AAPL,2018-01,warmup,1,,,,,,
AMZN|2018-01-22 14:30:00+00:00,AMZN,2018-01,warmup,1,,,,,,
AAPL|2018-01-22 15:30:00+00:00,AAPL,2018-01,warmup,0,,,,,,
AMZN|2018-01-22 15:30:00+00:00,AMZN,2018-01,warmup,1,,,,,,
AAPL|2018-01-22 16:30:00+00:00,AAPL,2018-01,warmup,0,,,,,,
AMZN|2018-01-22 16:30:00+00:00,AMZN,2018-01,warmup,1,,,,,,
AAPL|2018-01-23 14:30:00+00:00,AAPL,2018-01,warmup,1,,,,,,
AMZN|2018-01-23 14:30:00+00:00,AMZN,2018-01,warmup,1,,,,,,
AAPL|2018-01-23 15:30:00+00:00,AAPL,2018-01,warmup,1,,,,,,
AMZN|2018-01-23 15:30:00+00:00,AMZN,2018-01,warmup,1,,,,,,
AAPL|2018-01-23 16:30:00+00:00,AAPL,2018-01,warmup,0,,,,,,
AMZN|2018-01-23 16:30:00+00:00,AMZN,2018-01,warmup,1,,,,,,
AAPL|2018-01-24 14:30:00+00:00,AAPL,2018-01,warmup,0,,,,,,
AMZN|2018-01-24 14:30:00+00:00,AMZN,2018-01,warmup,0,,,,,,
AAPL|2018-01-24 15:30:00+00:00,AAPL,2018-01,warmup,0,,,,,,
AMZN|2018-01-24 15:30:00+00:00,AMZN,2018-01,warmup,0,,,,,,
AAPL|2018-01-24 16:30:00+00:00,AAPL,2018-01,warmup,0,,,,,,
AMZN|2018-01-24 16:30:00+00:00,AMZN,2018-01,warmup,0,,,,,,
AAPL|2018-01-25 14:30:00+00:00,AAPL,2018-01,warmup,0,,,,,,
AMZN|2018-01-25 14:30:00+00:00,AMZN,2018-01,warmup,1,,,,,,
AAPL|2018-01-25 15:30:00+00:00,AAPL,2018-01,warmup,0,,,,,,
AMZN|2018-01-25 15:30:00+00:00,AMZN,2018-01,warmup,1,,,,,,
AAPL|2018-01-25 16:30:00+00:00,AAPL,2018-01,warmup,0,,,,,,
AMZN|2018-01-25 16:30:00+00:00,AMZN,2018-01,warmup,1,,,,,,
AAPL|2018-01-26 14:30:00+00:00,AAPL,2018-01,warmup,0,,,,,,
AMZN|2018-01-26 14:30:00+00:00,AMZN,2018-01,warmup,1,,,,,,
AAPL|2018-01-26 15:30:00+00:00,AAPL,2018-01,warmup,1,,,,,,
AMZN|2018-01-26 15:30:00+00:00,AMZN,2018-01,warmup,1,,,,,,
AAPL|2018-01-26 16:30:00+00:00,AAPL,2018-01,warmup,0,,,,,,
AMZN|2018-01-26 16:30:00+00:00,AMZN,2018-01,warmup,1,,,,,,
AAPL|2018-01-29 14:30:00+00:00,AAPL,2018-01,warmup,0,,,,,,
AMZN|2018-01-29 14:30:00+00:00,AMZN,2018-01,warmup,1,,,,,,
AAPL|2018-01-29 15:30:00+00:00,AAPL,2018-01,warmup,1,,,,,,
AMZN|2018-01-29 15:30:00+00:00,AMZN,2018-01,warmup,1,,,,,,
AAPL|2018-01-29 16:30:00+00:00,AAPL,2018-01,warmup,0,,,,,,
AMZN|2018-01-29 16:30:00+00:00,AMZN,2018-01,warmup,1,,,,,,
AAPL|2018-01-30 14:30:00+00:00,AAPL,2018-01,warmup,0,,,,,,
AMZN|2018-01-30 14:30:00+00:00,AMZN,2018-01,warmup,1,,,,,,
AAPL|2018-01-30 15:30:00+00:00,AAPL,2018-01,warmup,0,,,,,,
AMZN|2018-01-30 15:30:00+00:00,AMZN,2018-01,warmup,1,,,,,,
AAPL|2018-01-30 16:30:00+00:00,AAPL,2018-01,warmup,1,,,,,,
AMZN|2018-01-30 16:30:00+00:00,AMZN,2018-01,warmup,1,,,,,,
AAPL|2018-01-31 14:30:00+00:00,AAPL,2018-01,warmup,1,,,,,,
AMZN|2018-01-31 14:30:00+00:00,AMZN,2018-01,warmup,1,,,,,,
AAPL|2018-01-31 15:30:00+00:00,AAPL,2018-01,warmup,0,,,,,,
AMZN|2018-01-31 15:30:00+00:00,AMZN,2018-01,warmup,1,,,,,,
AAPL|2018-01-31 16:30:00+00:00,AAPL,2018-01,warmup,1,,,,,,
AMZN|2018-01-31 16:30:00+00:00,AMZN,2018-01,warmup,1,,,,,,
AAPL|2018-02-01 14:30:00+00:00,AAPL,2018-02,warmup,1,,,,,,
AMZN|2018-02-01 14:30:00+00:00,AMZN,2018-02,warmup,0,,,,,,
AAPL|2018-02-01 15:30:00+00:00,AAPL,2018-02,warmup,1,,,,,,
AMZN|2018-02-01 15:30:00+00:00,AMZN,2018-02,warmup,0,,,,,,
AAPL|2018-02-01 16:30:00+00:00,AAPL,2018-02,warmup,0,,,,,,
AMZN|2018-02-01 16:30:00+00:00,AMZN,2018-02,warmup,0,,,,,,
AAPL|2018-02-02 14:30:00+00:00,AAPL,2018-02,warmup,0,,,,,,
AMZN|2018-02-02 14:30:00+00:00,AMZN,2018-02,warmup,0,,,,,,
AAPL|2018-02-02 15:30:00+00:00,AAPL,2018-02,warmup,0,,,,,,
AMZN|2018-02-02 15:30:00+00:00,AMZN,2018-02,warmup,0,,,,,,
AAPL|2018-02-02 16:30:00+00:00,AAPL,2018-02,warmup,0,,,,,,
AMZN|2018-02-02 16:30:00+00:00,AMZN,2018-02,warmup,0,,,,,,
AAPL|2018-02-05 14:30:00+00:00,AAPL,2018-02,warmup,1,,,,,,
AMZN|2018-02-05 14:30:00+00:00,AMZN,2018-02,warmup,1,,,,,,
AAPL|2018-02-05 15:30:00+00:00,AAPL,2018-02,warmup,0,,,,,,
AMZN|2018-02-05 15:30:00+00:00,AMZN,2018-02,warmup,0,,,,,,
AAPL|2018-02-05 16:30:00+00:00,AAPL,2018-02,warmup,0,,,,,,
AMZN|2018-02-05 16:30:00+00:00,AMZN,2018-02,warmup,0,,,,,,
AAPL|2018-02-06 14:30:00+00:00,AAPL,2018-02,warmup,1,,,,,,
AMZN|2018-02-06 14:30:00+00:00,AMZN,2018-02,warmup,1,,,,,,
AAPL|2018-02-06 15:30:00+00:00,AAPL,2018-02,warmup,1,,,,,,
AMZN|2018-02-06 15:30:00+00:00,AMZN,2018-02,warmup,1,,,,,,
AAPL|2018-02-06 16:30:00+00:00,AAPL,2018-02,warmup,1,,,,,,
AMZN|2018-02-06 16:30:00+00:00,AMZN,2018-02,warmup,1,,,,,,
AAPL|2018-02-07 14:30:00+00:00,AAPL,2018-02,warmup,0,,,,,,
AMZN|2018-02-07 14:30:00+00:00,AMZN,2018-02,warmup,0,,,,,,
AAPL|2018-02-07 15:30:00+00:00,AAPL,2018-02,warmup,0,,,,,,
AMZN|2018-02-07 15:30:00+00:00,AMZN,2018-02,warmup,0,,,,,,
AAPL|2018-02-07 16:30:00+00:00,AAPL,2018-02,warmup,0,,,,,,
AMZN|2018-02-07 16:30:00+00:00,AMZN,2018-02,warmup,0,,,,,,
AAPL|2018-02-08 14:30:00+00:00,AAPL,2018-02,warmup,0,,,,,,
AMZN|2018-02-08 14:30:00+00:00,AMZN,2018-02,warmup,0,,,,,,
AAPL|2018-02-08 15:30:00+00:00,AAPL,2018-02,warmup,0,,,,,,
AMZN|2018-02-08 15:30:00+00:00,AMZN,2018-02,warmup,0,,,,,,
AAPL|2018-02-08 16:30:00+00:00,AAPL,2018-02,warmup,0,,,,,,
AMZN|2018-02-08 16:30:00+00:00,AMZN,2018-02,warmup,0,,,,,,
AAPL|2018-02-09 14:30:00+00:00,AAPL,2018-02,warmup,0,,,,,,
AMZN|2018-02-09 14:30:00+00:00,AMZN,2018-02,warmup,0,,,,,,
AAPL|2018-02-09 15:30:00+00:00,AAPL,2018-02,warmup,0,,,,,,
AMZN|2018-02-09 15:30:00+00:00,AMZN,2018-02,warmup,0,,,,,,
AAPL|2018-02-09 16:30:00+00:00,AAPL,2018-02,warmup,0,,,,,,
AMZN|2018-02-09 16:30:00+00:00,AMZN,2018-02,warmup,1,,,,,,
AAPL|2018-02-12 14:30:00+00:00,AAPL,2018-02,warmup,1,,,,,,
AMZN|2018-02-12 14:30:00+00:00,AMZN,2018-02,warmup,1,,,,,,
AAPL|2018-02-12 15:30:00+00:00,AAPL,2018-02,warmup,1,,,,,,
AMZN|2018-02-12 15:30:00+00:00,AMZN,2018-02,warmup,1,,,,,,
AAPL|2018-02-12 16:30:00+00:00,AAPL,2018-02,warmup,1,,,,,,
AMZN|2018-02-12 16:30:00+00:00,AMZN,2018-02,warmup,1,,,,,,
AAPL|2018-02-13 14:30:00+00:00,AAPL,2018-02,warmup,1,,,,,,
AMZN|2018-02-13 14:30:00+00:00,AMZN,2018-02,warmup,1,,,,,,
AAPL|2018-02-13 15:30:00+00:00,AAPL,2018-02,warmup,1,,,,,,
AMZN|2018-02-13 15:30:00+00:00,AMZN,2018-02,warmup,0,,,,,,
AAPL|2018-02-13 16:30:00+00:00,AAPL,2018-02,warmup,1,,,,,,
AMZN|2018-02-13 16:30:00+00:00,AMZN,2018-02,warmup,1,,,,,,
AAPL|2018-02-14 14:30:00+00:00,AAPL,2018-02,warmup,1,,,,,,
AMZN|2018-02-14 14:30:00+00:00,AMZN,2018-02,warmup,1,,,,,,
AAPL|2018-02-14 15:30:00+00:00,AAPL,2018-02,warmup,1,,,,,,
AMZN|2018-02-14 15:30:00+00:00,AMZN,2018-02,warmup,1,,,,,,
AAPL|2018-02-14 16:30:00+00:00,AAPL,2018-02,warmup,1,,,,,,
AMZN|2018-02-14 16:30:00+00:00,AMZN,2018-02,warmup,1,,,,,,
AAPL|2018-02-15 14:30:00+00:00,AAPL,2018-02,warmup,1,,,,,,
AMZN|2018-02-15 14:30:00+00:00,AMZN,2018-02,warmup,0,,,,,,
AAPL|2018-02-15 15:30:00+00:00,AAPL,2018-02,warmup,1,,,,,,
AMZN|2018-02-15 15:30:00+00:00,AMZN,2018-02,warmup,1,,,,,,
AAPL|2018-02-15 16:30:00+00:00,AAPL,2018-02,warmup,1,,,,,,
AMZN|2018-02-15 16:30:00+00:00,AMZN,2018-02,warmup,1,,,,,,
AAPL|2018-02-16 14:30:00+00:00,AAPL,2018-02,warmup,1,,,,,,
AMZN|2018-02-16 14:30:00+00:00,AMZN,2018-02,warmup,0,,,,,,
AAPL|2018-02-16 15:30:00+00:00,AAPL,2018-02,warmup,0,,,,,,
AMZN|2018-02-16 15:30:00+00:00,AMZN,2018-02,warmup,0,,,,,,
AAPL|2018-02-16 16:30:00+00:00,AAPL,2018-02,warmup,0,,,,,,
AMZN|2018-02-16 16:30:00+00:00,AMZN,2018-02,warmup,0,,,,,,
AAPL|2018-02-20 14:30:00+00:00,AAPL,2018-02,warmup,1,,,,,,
AMZN|2018-02-20 14:30:00+00:00,AMZN,2018-02,warmup,1,,,,,,
AAPL|2018-02-20 15:30:00+00:00,AAPL,2018-02,warmup,0,,,,,,
AMZN|2018-02-20 15:30:00+00:00,AMZN,2018-02,warmup,1,,,,,,
AAPL|2018-02-20 16:30:00+00:00,AAPL,2018-02,warmup,0,,,,,,
AMZN|2018-02-20 16:30:00+00:00,AMZN,2018-02,warmup,0,,,,,,
AAPL|2018-02-21 14:30:00+00:00,AAPL,2018-02,warmup,1,,,,,,
AMZN|2018-02-21 14:30:00+00:00,AMZN,2018-02,warmup,1,,,,,,
AAPL|2018-02-21 15:30:00+00:00,AAPL,2018-02,warmup,1,,,,,,
AMZN|2018-02-21 15:30:00+00:00,AMZN,2018-02,warmup,1,,,,,,
AAPL|2018-02-21 16:30:00+00:00,AAPL,2018-02,warmup,0,,,,,,
AMZN|2018-02-21 16:30:00+00:00,AMZN,2018-02,warmup,0,,,,,,
AAPL|2018-02-22 14:30:00+00:00,AAPL,2018-02,warmup,1,,,,,,
AMZN|2018-02-22 14:30:00+00:00,AMZN,2018-02,warmup,0,,,,,,
AAPL|2018-02-22 15:30:00+00:00,AAPL,2018-02,warmup,0,,,,,,
AMZN|2018-02-22 15:30:00+00:00,AMZN,2018-02,warmup,0,,,,,,
AAPL|2018-02-22 16:30:00+00:00,AAPL,2018-02,warmup,0,,,,,,
AMZN|2018-02-22 16:30:00+00:00,AMZN,2018-02,warmup,0,,,,,,
AAPL|2018-02-23 14:30:00+00:00,AAPL,2018-02,warmup,1,,,,,,
AMZN|2018-02-23 14:30:00+00:00,AMZN,2018-02,warmup,0,,,,,,
AAPL|2018-02-23 15:30:00+00:00,AAPL,2018-02,warmup,1,,,,,,
AMZN|2018-02-23 15:30:00+00:00,AMZN,2018-02,warmup,1,,,,,,
AAPL|2018-02-23 16:30:00+00:00,AAPL,2018-02,warmup,1,,,,,,
AMZN|2018-02-23 16:30:00+00:00,AMZN,2018-02,warmup,1,,,,,,
AAPL|2018-02-26 14:30:00+00:00,AAPL,2018-02,warmup,1,,,,,,
AMZN|2018-02-26 14:30:00+00:00,AMZN,2018-02,warmup,1,,,,,,
AAPL|2018-02-26 15:30:00+00:00,AAPL,2018-02,warmup,1,,,,,,
AMZN|2018-02-26 15:30:00+00:00,AMZN,2018-02,warmup,1,,,,,,
AAPL|2018-02-26 16:30:00+00:00,AAPL,2018-02,warmup,1,,,,,,
AMZN|2018-02-26 16:30:00+00:00,AMZN,2018-02,warmup,0,,,,,,
AAPL|2018-02-27 14:30:00+00:00,AAPL,2018-02,warmup,1,,,,,,
AMZN|2018-02-27 14:30:00+00:00,AMZN,2018-02,warmup,0,,,,,,
AAPL|2018-02-27 15:30:00+00:00,AAPL,2018-02,warmup,0,,,,,,
AMZN|2018-02-27 15:30:00+00:00,AMZN,2018-02,warmup,0,,,,,,
AAPL|2018-02-27 16:30:00+00:00,AAPL,2018-02,warmup,1,,,,,,
AMZN|2018-02-27 16:30:00+00:00,AMZN,2018-02,warmup,0,,,,,,
AAPL|2018-02-28 14:30:00+00:00,AAPL,2018-02,warmup,1,,,,,,
AMZN|2018-02-28 14:30:00+00:00,AMZN,2018-02,warmup,1,,,,,,
AAPL|2018-02-28 15:30:00+00:00,AAPL,2018-02,warmup,0,,,,,,
AMZN|2018-02-28 15:30:00+00:00,AMZN,2018-02,warmup,1,,,,,,
AAPL|2018-02-28 16:30:00+00:00,AAPL,2018-02,warmup,0,,,,,,
AMZN|2018-02-28 16:30:00+00:00,AMZN,2018-02,warmup,0,,,,,,
AAPL|2018-03-01 14:30:00+00:00,AAPL,2018-03,train_forward_oof,0,0.8781957626342773,0.932086944580078,0.8774296087379244,0.8114002562081383,0.8510754108428955,0.8900262117385864
AMZN|2018-03-01 14:30:00+00:00,AMZN,2018-03,train_forward_oof,0,0.6752777099609375,0.4936593472957611,0.7845843276931805,0.6292984015322189,0.6276478171348572,0.443061500787735
AAPL|2018-03-01 15:30:00+00:00,AAPL,2018-03,train_forward_oof,0,0.4694921672344208,0.4954424500465393,0.8496427072559024,0.5557866061585397,0.45158982276916504,0.4664929211139679
AMZN|2018-03-01 15:30:00+00:00,AMZN,2018-03,train_forward_oof,0,0.6765548586845398,0.5776489973068237,0.7931612281016177,0.6554680215959053,0.6418444514274597,0.5421192646026611
AAPL|2018-03-01 16:30:00+00:00,AAPL,2018-03,train_forward_oof,0,0.4434271156787872,0.4973575472831726,0.4052964975333264,0.334785580672221,0.39874497056007385,0.4856586158275604
AMZN|2018-03-01 16:30:00+00:00,AMZN,2018-03,train_forward_oof,0,0.6664006114006042,0.5162560343742371,0.7416929653217545,0.6013305247976193,0.5829926133155823,0.5645999908447266
AAPL|2018-03-02 14:30:00+00:00,AAPL,2018-03,train_forward_oof,1,0.5670008063316345,0.5822114944458008,0.6352899994695096,0.6314023230282787,0.592691957950592,0.633113443851471
AMZN|2018-03-02 14:30:00+00:00,AMZN,2018-03,train_forward_oof,1,0.3843807876110077,0.5482358932495117,0.3893681460404072,0.4002984683798877,0.4823731482028961,0.4977479577064514
AAPL|2018-03-02 15:30:00+00:00,AAPL,2018-03,train_forward_oof,1,0.4080440402030945,0.3738134205341339,0.5324491255343186,0.3750526214572981,0.4028388559818268,0.4346282482147217
AMZN|2018-03-02 15:30:00+00:00,AMZN,2018-03,train_forward_oof,1,0.4665396511554718,0.5628529191017151,0.5099523923592348,0.5111010136603082,0.5374094247817993,0.48808595538139343
AAPL|2018-03-02 16:30:00+00:00,AAPL,2018-03,train_forward_oof,1,0.4153905212879181,0.484605461359024,0.3339844968933119,0.4793087951862897,0.4524265229701996,0.48456278443336487
AMZN|2018-03-02 16:30:00+00:00,AMZN,2018-03,train_forward_oof,1,0.3366226255893707,0.4875738024711609,0.5684595984882069,0.6642956454578592,0.5690841674804688,0.5226427912712097
AAPL|2018-03-05 14:30:00+00:00,AAPL,2018-03,train_forward_oof,1,0.6274234652519226,0.7071000933647156,0.7219502326452697,0.6266138655432044,0.7296698689460754,0.7537519335746765
AMZN|2018-03-05 14:30:00+00:00,AMZN,2018-03,train_forward_oof,1,0.5139099359512329,0.6501739025115967,0.6025298913640103,0.6058070129615731,0.6410070657730103,0.6104705333709717
AAPL|2018-03-05 15:30:00+00:00,AAPL,2018-03,train_forward_oof,1,0.4004878103733063,0.4862139523029327,0.6807178936313398,0.3792696292620282,0.42525914311408997,0.4856785833835602
AMZN|2018-03-05 15:30:00+00:00,AMZN,2018-03,train_forward_oof,1,0.5011395812034607,0.5380107760429382,0.5359600272727861,0.5602069409916295,0.6027838587760925,0.5608862638473511
AAPL|2018-03-05 16:30:00+00:00,AAPL,2018-03,train_forward_oof,1,0.4330636262893677,0.5968154668807983,0.232751671666785,0.5763991933844181,0.47913429141044617,0.6122579574584961
AMZN|2018-03-05 16:30:00+00:00,AMZN,2018-03,train_forward_oof,1,0.5081377029418945,0.6479671597480774,0.6433879113776653,0.5785382952782346,0.6148306131362915,0.5831897258758545
AAPL|2018-03-06 14:30:00+00:00,AAPL,2018-03,train_forward_oof,0,0.7157065272331238,0.6517437696456909,0.6467590413166108,0.6947735807434617,0.7175754904747009,0.7330011129379272
AMZN|2018-03-06 14:30:00+00:00,AMZN,2018-03,train_forward_oof,1,0.4677561223506927,0.70958411693573,0.5306020710298148,0.4904467381126586,0.5779256224632263,0.5695695877075195
AAPL|2018-03-06 15:30:00+00:00,AAPL,2018-03,train_forward_oof,0,0.4592704772949219,0.4768718779087066,0.5552340181158532,0.3926275810242677,0.48600149154663086,0.5369758009910583
AMZN|2018-03-06 15:30:00+00:00,AMZN,2018-03,train_forward_oof,0,0.4823384284973144,0.7165806293487549,0.5381551013433231,0.5395863659121043,0.5743271112442017,0.5557211637496948
AAPL|2018-03-06 16:30:00+00:00,AAPL,2018-03,train_forward_oof,0,0.4563240110874176,0.5103805661201477,0.3959432870063034,0.4303339655150687,0.5321107506752014,0.5671983957290649
AMZN|2018-03-06 16:30:00+00:00,AMZN,2018-03,train_forward_oof,1,0.673211932182312,0.761618435382843,0.4817397610258253,0.5281841509962302,0.6208041906356812,0.6212106943130493
AAPL|2018-03-07 14:30:00+00:00,AAPL,2018-03,train_forward_oof,1,0.7740907669067383,0.8439162969589233,0.826893123768402,0.7569707975505018,0.7279617190361023,0.7948076128959656
AMZN|2018-03-07 14:30:00+00:00,AMZN,2018-03,train_forward_oof,1,0.3867287933826446,0.3682723343372345,0.414600407406377,0.5063065315474335,0.5747313499450684,0.3883077800273895
AAPL|2018-03-07 15:30:00+00:00,AAPL,2018-03,train_forward_oof,1,0.4625109732151031,0.4734399318695068,0.7203083289892499,0.481896200470086,0.44366806745529175,0.4713936448097229
AMZN|2018-03-07 15:30:00+00:00,AMZN,2018-03,train_forward_oof,0,0.416267842054367,0.3599748611450195,0.422371244144576,0.4972899798156019,0.5731372833251953,0.3776848316192627
AAPL|2018-03-07 16:30:00+00:00,AAPL,2018-03,train_forward_oof,1,0.3949252367019653,0.3713454306125641,0.5258269559115692,0.212947658030391,0.37110432982444763,0.358613520860672
AMZN|2018-03-07 16:30:00+00:00,AMZN,2018-03,train_forward_oof,1,0.4856753051280975,0.5708668231964111,0.4672444357104487,0.5211261820619904,0.5657976865768433,0.40839144587516785
AAPL|2018-03-08 14:30:00+00:00,AAPL,2018-03,train_forward_oof,1,0.8443910479545593,0.915151298046112,0.6997633945934266,0.7818238848311765,0.8318673372268677,0.8782594799995422
AMZN|2018-03-08 14:30:00+00:00,AMZN,2018-03,train_forward_oof,0,0.7125022411346436,0.5326761603355408,0.5458141452259704,0.5685038476430457,0.5898083448410034,0.6409360766410828
AAPL|2018-03-08 15:30:00+00:00,AAPL,2018-03,train_forward_oof,1,0.4776966571807861,0.4922253787517547,0.6814369988158019,0.4744129609019426,0.5064671039581299,0.5145408511161804
AMZN|2018-03-08 15:30:00+00:00,AMZN,2018-03,train_forward_oof,0,0.7255652546882629,0.6473273038864136,0.4838213711446577,0.6566257974313414,0.6552214026451111,0.7289199233055115
AAPL|2018-03-08 16:30:00+00:00,AAPL,2018-03,train_forward_oof,1,0.4419029653072357,0.3163623213768005,0.4872028441237412,0.2775696562183195,0.4494175910949707,0.40435096621513367
AMZN|2018-03-08 16:30:00+00:00,AMZN,2018-03,train_forward_oof,0,0.5856819748878479,0.8432716131210327,0.5138326276130348,0.6008147885765648,0.675084114074707,0.905587911605835
AAPL|2018-03-09 14:30:00+00:00,AAPL,2018-03,train_forward_oof,1,0.7926105260848999,0.8964584469795227,0.7092547335909628,0.7767914802524932,0.8267471194267273,0.9033291935920715
AMZN|2018-03-09 14:30:00+00:00,AMZN,2018-03,train_forward_oof,1,0.5948718190193176,0.6665372252464294,0.5403167229872686,0.5369398477963956,0.6084981560707092,0.6149289608001709
AAPL|2018-03-09 15:30:00+00:00,AAPL,2018-03,train_forward_oof,1,0.5383933186531067,0.5879145860671997,0.6825349653737676,0.4531054536587849,0.5614194273948669,0.6087710857391357
AMZN|2018-03-09 15:30:00+00:00,AMZN,2018-03,train_forward_oof,1,0.6535605788230896,0.7725480794906616,0.6591251699478404,0.6473065218199795,0.6785756349563599,0.6955193877220154
AAPL|2018-03-09 16:30:00+00:00,AAPL,2018-03,train_forward_oof,1,0.49766406416893,0.4490503966808319,0.4780443621795809,0.4907803859075588,0.49226075410842896,0.4574597179889679
AMZN|2018-03-09 16:30:00+00:00,AMZN,2018-03,train_forward_oof,1,0.6866787075996399,0.8094489574432373,0.5879779437628563,0.5917283629367203,0.6761156916618347,0.718277096748352
AAPL|2018-03-12 14:30:00+00:00,AAPL,2018-03,train_forward_oof,0,0.5785067677497864,0.6599388718605042,0.4986042557908263,0.613239935649321,0.5852161645889282,0.6261632442474365
AMZN|2018-03-12 14:30:00+00:00,AMZN,2018-03,train_forward_oof,0,0.7024971842765808,0.8076891899108887,0.680722420509946,0.6787176610323552,0.6958842277526855,0.7703022360801697
AAPL|2018-03-12 15:30:00+00:00,AAPL,2018-03,train_forward_oof,1,0.4538435339927673,0.461396187543869,0.4954619414298098,0.3418987949195545,0.4628041088581085,0.46895673871040344
AMZN|2018-03-12 15:30:00+00:00,AMZN,2018-03,train_forward_oof,1,0.6339945197105408,0.8502142429351807,0.6876222662227195,0.6974985915878834,0.6522043347358704,0.8006327748298645
AAPL|2018-03-13 13:30:00+00:00,AAPL,2018-03,train_forward_oof,0,0.794611930847168,0.8658723831176758,0.4491876003635581,0.7428648773333556,0.7673027515411377,0.7837335467338562
AMZN|2018-03-13 13:30:00+00:00,AMZN,2018-03,train_forward_oof,0,0.7311449646949768,0.6633092761039734,0.4652134219854388,0.4661088699813637,0.6452441215515137,0.713128924369812
AAPL|2018-03-13 14:30:00+00:00,AAPL,2018-03,train_forward_oof,0,0.4968726933002472,0.5373021364212036,0.4279776373330672,0.4602042262064581,0.5085270404815674,0.5214217305183411
AMZN|2018-03-13 14:30:00+00:00,AMZN,2018-03,train_forward_oof,0,0.7883920669555664,0.6930667161941528,0.5719895629777781,0.5619561581454942,0.7037085294723511,0.731184184551239
AAPL|2018-03-13 15:30:00+00:00,AAPL,2018-03,train_forward_oof,0,0.3658637106418609,0.3168248236179352,0.2421711632352382,0.2816561304942281,0.41753050684928894,0.35913020372390747
AMZN|2018-03-13 15:30:00+00:00,AMZN,2018-03,train_forward_oof,1,0.6483715176582336,0.5676138997077942,0.5139577367382513,0.2757377802744191,0.5674768686294556,0.5776702165603638
AAPL|2018-03-14 13:30:00+00:00,AAPL,2018-03,train_forward_oof,0,0.7259715795516968,0.767071008682251,0.6915026078241355,0.6425606865806571,0.6348043084144592,0.7155629992485046
AMZN|2018-03-14 13:30:00+00:00,AMZN,2018-03,train_forward_oof,0,0.6113661527633667,0.6145416498184204,0.5874896679921404,0.5902108374670707,0.5697793364524841,0.7011030316352844
AAPL|2018-03-14 14:30:00+00:00,AAPL,2018-03,train_forward_oof,1,0.4842940866947174,0.5755006074905396,0.5818691254661724,0.4661842187634579,0.4063229560852051,0.5065683722496033
AMZN|2018-03-14 14:30:00+00:00,AMZN,2018-03,train_forward_oof,0,0.5813459157943726,0.5917779803276062,0.5908983490589734,0.6163865331865734,0.5868280529975891,0.6633888483047485
AAPL|2018-03-14 15:30:00+00:00,AAPL,2018-03,train_forward_oof,0,0.3602860867977142,0.2334865629673004,0.3709874816764951,0.1174515523715175,0.33382338285446167,0.27960851788520813
AMZN|2018-03-14 15:30:00+00:00,AMZN,2018-03,train_forward_oof,0,0.6049677133560181,0.6205838322639465,0.3910295205025405,0.3245155105578368,0.568054735660553,0.6089770197868347
AAPL|2018-03-15 13:30:00+00:00,AAPL,2018-03,train_forward_oof,1,0.6132239699363708,0.6171250939369202,0.5614356307637263,0.5790814516359409,0.5016769766807556,0.5561928749084473
AMZN|2018-03-15 13:30:00+00:00,AMZN,2018-03,train_forward_oof,0,0.6094463467597961,0.4679012298583984,0.5454206904501506,0.5399402737661584,0.6001880764961243,0.5978090763092041
AAPL|2018-03-15 14:30:00+00:00,AAPL,2018-03,train_forward_oof,0,0.3834660649299621,0.3585163354873657,0.437214781418003,0.2562955271831651,0.3748810887336731,0.358620822429657
AMZN|2018-03-15 14:30:00+00:00,AMZN,2018-03,train_forward_oof,1,0.6973873376846313,0.4641709923744201,0.677234136671869,0.6647361790855035,0.6356504559516907,0.6543842554092407
AAPL|2018-03-15 15:30:00+00:00,AAPL,2018-03,train_forward_oof,0,0.3899328708648681,0.2939606606960296,0.3133385440848537,0.3375112372325819,0.35111677646636963,0.3530810475349426
AMZN|2018-03-15 15:30:00+00:00,AMZN,2018-03,train_forward_oof,0,0.6136744022369385,0.6741673946380615,0.6384048254989834,0.6170827681492747,0.6341391801834106,0.681404709815979
AAPL|2018-03-16 13:30:00+00:00,AAPL,2018-03,train_forward_oof,0,0.7830953001976013,0.8373317122459412,0.673261851993094,0.7768982179638955,0.7618913650512695,0.8872746229171753
AMZN|2018-03-16 13:30:00+00:00,AMZN,2018-03,train_forward_oof,0,0.6909181475639343,0.7989895343780518,0.5658732848231617,0.5652690812087743,0.6744294762611389,0.7712785005569458
AAPL|2018-03-16 14:30:00+00:00,AAPL,2018-03,train_forward_oof,0,0.4665932059288025,0.4560155570507049,0.5704932736789047,0.4546992766793846,0.4501434564590454,0.4599438011646271
AMZN|2018-03-16 14:30:00+00:00,AMZN,2018-03,train_forward_oof,0,0.7120096683502197,0.8291605114936829,0.6572959819518424,0.6541239821780788,0.7223411202430725,0.8115456104278564
AAPL|2018-03-16 15:30:00+00:00,AAPL,2018-03,train_forward_oof,1,0.3932932615280151,0.2673938274383545,0.324409487932475,0.323824713570632,0.36111849546432495,0.3212091326713562
AMZN|2018-03-16 15:30:00+00:00,AMZN,2018-03,train_forward_oof,0,0.4302528798580169,0.587590754032135,0.4885284072329108,0.5323165964499607,0.5587903261184692,0.492341011762619
AAPL|2018-03-19 13:30:00+00:00,AAPL,2018-03,train_forward_oof,0,0.8201500177383423,0.8879877328872681,0.6977627029276485,0.7647785047810527,0.8283829092979431,0.8903002738952637
AMZN|2018-03-19 13:30:00+00:00,AMZN,2018-03,train_forward_oof,0,0.9206594824790956,0.9042848944664,0.6504014942323952,0.6421829970062372,0.7170985341072083,0.9101607203483582
AAPL|2018-03-19 14:30:00+00:00,AAPL,2018-03,train_forward_oof,0,0.5254141092300415,0.5714823603630066,0.3530055015066873,0.5023136332058046,0.5614650249481201,0.5687681436538696
AMZN|2018-03-19 14:30:00+00:00,AMZN,2018-03,train_forward_oof,0,0.9337009191513062,0.9016828536987304,0.7858669677211473,0.7687746172954725,0.7329080104827881,0.921339750289917
AAPL|2018-03-19 15:30:00+00:00,AAPL,2018-03,train_forward_oof,0,0.4162870347499847,0.4777868688106537,0.2260877398825649,0.2973944584916692,0.438419908285141,0.4508250951766968
AMZN|2018-03-19 15:30:00+00:00,AMZN,2018-03,train_forward_oof,0,0.690211296081543,0.5623014569282532,0.4944434762129994,0.5109665986710028,0.5858595967292786,0.671903133392334
AAPL|2018-03-20 13:30:00+00:00,AAPL,2018-03,train_forward_oof,0,0.571435809135437,0.572868287563324,0.6249460087170315,0.6554724334663253,0.5797776579856873,0.6114779710769653
AMZN|2018-03-20 13:30:00+00:00,AMZN,2018-03,train_forward_oof,1,0.3777764141559601,0.5523585081100464,0.5489137692762974,0.5394672099887681,0.5943557024002075,0.5452183485031128
AAPL|2018-03-20 14:30:00+00:00,AAPL,2018-03,train_forward_oof,0,0.4474373757839203,0.4512809216976166,0.5293752433780495,0.4078917445318515,0.43214884400367737,0.436270147562027
AMZN|2018-03-20 14:30:00+00:00,AMZN,2018-03,train_forward_oof,1,0.4638306200504303,0.564278781414032,0.6143419794244814,0.6065817014730893,0.6325290203094482,0.5634403228759766
AAPL|2018-03-20 15:30:00+00:00,AAPL,2018-03,train_forward_oof,0,0.366532951593399,0.3454121053218841,0.5649147438609878,0.3591289770475096,0.3504709005355835,0.366077184677124
AMZN|2018-03-20 15:30:00+00:00,AMZN,2018-03,train_forward_oof,1,0.6512724161148071,0.6470861434936523,0.4141411361870782,0.5892878474004808,0.5756264328956604,0.7075536847114563
AAPL|2018-03-21 13:30:00+00:00,AAPL,2018-03,train_forward_oof,0,0.7090901732444763,0.6865124702453613,0.6736851948687265,0.745453667748708,0.7857208251953125,0.7075644731521606
AMZN|2018-03-21 13:30:00+00:00,AMZN,2018-03,train_forward_oof,0,0.5027977824211121,0.4773310124874115,0.4317913615583134,0.4698101308779435,0.5629260540008545,0.5704059600830078
AAPL|2018-03-21 14:30:00+00:00,AAPL,2018-03,train_forward_oof,0,0.476994127035141,0.5166707038879395,0.5561216004909366,0.5484468172991278,0.5168407559394836,0.5314229130744934
AMZN|2018-03-21 14:30:00+00:00,AMZN,2018-03,train_forward_oof,0,0.5476691722869873,0.5090329647064209,0.4164309605546515,0.6030478773024815,0.6109267473220825,0.6111284494400024
AAPL|2018-03-21 15:30:00+00:00,AAPL,2018-03,train_forward_oof,0,0.3529341220855713,0.2649301588535309,0.4339379357124506,0.3066429383558239,0.3222896456718445,0.2851642370223999
AMZN|2018-03-21 15:30:00+00:00,AMZN,2018-03,train_forward_oof,0,0.5432121753692627,0.5584980845451355,0.5495181186159772,0.595729133193091,0.5464060306549072,0.6018807888031006
AAPL|2018-03-22 13:30:00+00:00,AAPL,2018-03,train_forward_oof,1,0.5226423740386963,0.5486866235733032,0.6228605493414364,0.5771053535769733,0.4915471374988556,0.5661429762840271
AMZN|2018-03-22 13:30:00+00:00,AMZN,2018-03,train_forward_oof,0,0.7494071125984192,0.6361782550811768,0.5142850870721349,0.514778161333839,0.5908886790275574,0.7276586890220642
AAPL|2018-03-22 14:30:00+00:00,AAPL,2018-03,train_forward_oof,1,0.436171293258667,0.521761417388916,0.3720795667259335,0.3462811393410971,0.4107332229614258,0.48361608386039734
AMZN|2018-03-22 14:30:00+00:00,AMZN,2018-03,train_forward_oof,0,0.8212275505065918,0.6412783265113831,0.6880910747899391,0.6752533335618052,0.6417787075042725,0.7405813336372375
AAPL|2018-03-22 15:30:00+00:00,AAPL,2018-03,train_forward_oof,1,0.404394119977951,0.3102350831031799,0.2648146660856095,0.3214434032843668,0.4037612974643707,0.3920017182826996
AMZN|2018-03-22 15:30:00+00:00,AMZN,2018-03,train_forward_oof,0,0.617643415927887,0.512294352054596,0.5249419467928508,0.5558366250055996,0.525921106338501,0.6537722945213318
AAPL|2018-03-23 13:30:00+00:00,AAPL,2018-03,train_forward_oof,1,0.6416438221931458,0.6649223566055298,0.6053740872795897,0.5712760793524246,0.5496379733085632,0.6948559880256653
AMZN|2018-03-23 13:30:00+00:00,AMZN,2018-03,train_forward_oof,0,0.3280938863754272,0.5047242641448975,0.5621499382400271,0.5480995463178694,0.5285887122154236,0.3388204872608185
AAPL|2018-03-23 14:30:00+00:00,AAPL,2018-03,train_forward_oof,0,0.40380859375,0.4532806277275085,0.5366356062147702,0.3288096583672901,0.3784652650356293,0.4572470188140869
AMZN|2018-03-23 14:30:00+00:00,AMZN,2018-03,train_forward_oof,0,0.3754941821098327,0.492862343788147,0.5699935553751818,0.6872896842674928,0.5637787580490112,0.3830329179763794
AAPL|2018-03-23 15:30:00+00:00,AAPL,2018-03,train_forward_oof,0,0.3655345141887665,0.372439444065094,0.3383552793463136,0.1934493728128298,0.3737243413925171,0.37843236327171326
AMZN|2018-03-23 15:30:00+00:00,AMZN,2018-03,train_forward_oof,0,0.2762211561203003,0.4482959806919098,0.5091078879796364,0.4744419183842041,0.5028026700019836,0.4398377537727356
AAPL|2018-03-26 13:30:00+00:00,AAPL,2018-03,train_forward_oof,1,0.5813032984733582,0.4336980879306793,0.6875803491105033,0.5690264926828943,0.5526393055915833,0.4442741870880127
AMZN|2018-03-26 13:30:00+00:00,AMZN,2018-03,train_forward_oof,1,0.5525788068771362,0.4767543077468872,0.6428610764547599,0.6370048549665999,0.5885016918182373,0.5349259972572327
AAPL|2018-03-26 14:30:00+00:00,AAPL,2018-03,train_forward_oof,1,0.4772231876850128,0.3412105739116668,0.5487952212417863,0.3974372806559246,0.4001308083534241,0.32180705666542053
AMZN|2018-03-26 14:30:00+00:00,AMZN,2018-03,train_forward_oof,1,0.5301546454429626,0.4415428638458252,0.4726105347603518,0.4991707910539481,0.5496203303337097,0.49386271834373474
AAPL|2018-03-26 15:30:00+00:00,AAPL,2018-03,train_forward_oof,1,0.5067575573921204,0.3344371616840362,0.2471762611434241,0.4474351899911045,0.44885408878326416,0.3201822340488434
AMZN|2018-03-26 15:30:00+00:00,AMZN,2018-03,train_forward_oof,1,0.5545633435249329,0.4631492495536804,0.0312127274417754,0.0495212626912181,0.46572962403297424,0.4543244540691376
AAPL|2018-03-27 13:30:00+00:00,AAPL,2018-03,train_forward_oof,0,0.8330753445625305,0.8708915710449219,0.7081589735375156,0.8471018820233033,0.7937660813331604,0.8392391800880432
AMZN|2018-03-27 13:30:00+00:00,AMZN,2018-03,train_forward_oof,0,0.4973637759685516,0.5594179630279541,0.4209372674868766,0.5671720415951078,0.5818309783935547,0.5848846435546875
AAPL|2018-03-27 14:30:00+00:00,AAPL,2018-03,train_forward_oof,0,0.6016590595245361,0.6413314938545227,0.5556471856687358,0.7318464457641417,0.607155442237854,0.6723243594169617
AMZN|2018-03-27 14:30:00+00:00,AMZN,2018-03,train_forward_oof,0,0.4915280640125274,0.5219182372093201,0.4287398888479719,0.5721306814264026,0.5937222838401794,0.540711522102356
AAPL|2018-03-27 15:30:00+00:00,AAPL,2018-03,train_forward_oof,0,0.4641179144382477,0.530562698841095,0.4070920988800339,0.3446470289942682,0.4648771584033966,0.5960716605186462
AMZN|2018-03-27 15:30:00+00:00,AMZN,2018-03,train_forward_oof,0,0.6454225182533264,0.6624688506126404,0.5426628213729577,0.6631056679284507,0.6684592962265015,0.680914580821991
AAPL|2018-03-28 13:30:00+00:00,AAPL,2018-03,train_forward_oof,1,0.4923822581768036,0.4144904017448425,0.4050919950749835,0.3220555390391374,0.4792889356613159,0.3597460985183716
AMZN|2018-03-28 13:30:00+00:00,AMZN,2018-03,train_forward_oof,0,0.3714592754840851,0.4656096994876861,0.2799310351125026,0.2814206497752972,0.48161014914512634,0.4658021628856659
AAPL|2018-03-28 14:30:00+00:00,AAPL,2018-03,train_forward_oof,1,0.4483023881912231,0.3594793677330017,0.3019779454722953,0.2379360883181651,0.36799752712249756,0.2940938472747803
AMZN|2018-03-28 14:30:00+00:00,AMZN,2018-03,train_forward_oof,1,0.4396959543228149,0.4911012351512909,0.37355036078411,0.4067756950737971,0.5185700058937073,0.5227643847465515
AAPL|2018-03-28 15:30:00+00:00,AAPL,2018-03,train_forward_oof,1,0.3865951001644134,0.2041603028774261,0.0919876054631702,0.1709884083671727,0.3634052872657776,0.20261625945568085
AMZN|2018-03-28 15:30:00+00:00,AMZN,2018-03,train_forward_oof,1,0.4898374378681183,0.5467251539230347,0.2485957461801086,0.2200287640440509,0.5239490866661072,0.548290491104126
AAPL|2018-03-29 13:30:00+00:00,AAPL,2018-03,train_forward_oof,1,0.4387684166431427,0.4243146777153015,0.5720803992666501,0.2702942348360216,0.4764058291912079,0.50478595495224
AMZN|2018-03-29 13:30:00+00:00,AMZN,2018-03,train_forward_oof,1,0.6125166416168213,0.6392355561256409,0.1883977215107319,0.196431477579485,0.5503548383712769,0.6089144349098206
AAPL|2018-03-29 14:30:00+00:00,AAPL,2018-03,train_forward_oof,1,0.3830645084381103,0.2746011018753052,0.439971555861703,0.1073920284704509,0.3659726679325104,0.34254997968673706
AMZN|2018-03-29 14:30:00+00:00,AMZN,2018-03,train_forward_oof,1,0.6113466024398804,0.6389968395233154,0.2566646376105428,0.2470652373513473,0.5655597448348999,0.6153901815414429
AAPL|2018-03-29 15:30:00+00:00,AAPL,2018-03,train_forward_oof,1,0.4053255021572113,0.5253600478172302,0.4040102473771644,0.467916303173821,0.41094762086868286,0.5397650003433228
AMZN|2018-03-29 15:30:00+00:00,AMZN,2018-03,train_forward_oof,1,0.6431719660758972,0.6317530274391174,0.7551741381418564,0.631192829328596,0.596555233001709,0.6011784672737122
AAPL|2018-04-02 13:30:00+00:00,AAPL,2018-04,train_forward_oof,0,0.6614902019500732,0.5614659190177917,0.5970506070425171,0.606349264048004,0.6759030222892761,0.5370511412620544
AMZN|2018-04-02 13:30:00+00:00,AMZN,2018-04,train_forward_oof,0,0.6323193907737732,0.6807724833488464,0.6662757432877617,0.7122193993252535,0.626663088798523,0.6649027466773987
AAPL|2018-04-02 14:30:00+00:00,AAPL,2018-04,train_forward_oof,0,0.517346978187561,0.4242274165153503,0.5972426358907728,0.47366272738285,0.5243820548057556,0.4532833695411682
AMZN|2018-04-02 14:30:00+00:00,AMZN,2018-04,train_forward_oof,0,0.6149367690086365,0.6705669164657593,0.6746337970580174,0.7391215673388443,0.6164098978042603,0.6552523970603943
AAPL|2018-04-02 15:30:00+00:00,AAPL,2018-04,train_forward_oof,0,0.5021160840988159,0.419920951128006,0.5441662664817108,0.4828088154400583,0.5202125310897827,0.49673157930374146
AMZN|2018-04-02 15:30:00+00:00,AMZN,2018-04,train_forward_oof,0,0.6053696274757385,0.6321870684623718,0.5343311035602311,0.5909939782300135,0.6106171607971191,0.6384592652320862
AAPL|2018-04-03 13:30:00+00:00,AAPL,2018-04,train_forward_oof,0,0.6348766684532166,0.6026470065116882,0.5685678256433703,0.614025870179502,0.6213827133178711,0.6247612237930298
AMZN|2018-04-03 13:30:00+00:00,AMZN,2018-04,train_forward_oof,0,0.5640556812286377,0.4901900291442871,0.4531060028812371,0.5443007991157887,0.5534687042236328,0.5496628284454346
AAPL|2018-04-03 14:30:00+00:00,AAPL,2018-04,train_forward_oof,1,0.5280699729919434,0.5210698246955872,0.4978160787783274,0.5507146893058353,0.5340700149536133,0.5790276527404785
AMZN|2018-04-03 14:30:00+00:00,AMZN,2018-04,train_forward_oof,0,0.5290712118148804,0.4570925831794739,0.4532050140244483,0.5312052247969539,0.5264496803283691,0.5057124495506287
AAPL|2018-04-03 15:30:00+00:00,AAPL,2018-04,train_forward_oof,1,0.5133379101753235,0.5527526140213013,0.4763369228891946,0.5101120315312346,0.5260072946548462,0.5907953977584839
AMZN|2018-04-03 15:30:00+00:00,AMZN,2018-04,train_forward_oof,1,0.6173232793807983,0.587176501750946,0.4432833284446695,0.5840119331906909,0.5899613499641418,0.5842545032501221
AAPL|2018-04-04 13:30:00+00:00,AAPL,2018-04,train_forward_oof,1,0.6187250018119812,0.5985078811645508,0.6509314263486221,0.5262634502715546,0.5741982460021973,0.49503400921821594
AMZN|2018-04-04 13:30:00+00:00,AMZN,2018-04,train_forward_oof,1,0.6040285229682922,0.5978171229362488,0.4126517277100899,0.5944854327255639,0.5746002197265625,0.609714925289154
AAPL|2018-04-04 14:30:00+00:00,AAPL,2018-04,train_forward_oof,1,0.5395901799201965,0.5391290187835693,0.5687908412371095,0.4467750240495787,0.49019116163253784,0.4621751010417938
AMZN|2018-04-04 14:30:00+00:00,AMZN,2018-04,train_forward_oof,1,0.6025670170783997,0.5751062035560608,0.4218499302730674,0.6547127949796883,0.5685417652130127,0.5887170433998108
AAPL|2018-04-04 15:30:00+00:00,AAPL,2018-04,train_forward_oof,1,0.6478447914123535,0.6459285020828247,0.5589981446730905,0.7129569180767511,0.6374095678329468,0.6541926264762878
AMZN|2018-04-04 15:30:00+00:00,AMZN,2018-04,train_forward_oof,1,0.5965055227279663,0.6858028173446655,0.4118345882782112,0.6573718709650036,0.5991395115852356,0.6523891687393188
AAPL|2018-04-05 13:30:00+00:00,AAPL,2018-04,train_forward_oof,1,0.6584469079971313,0.6412268877029419,0.5627883551035653,0.5829094542202166,0.6154367327690125,0.5684630870819092
AMZN|2018-04-05 13:30:00+00:00,AMZN,2018-04,train_forward_oof,1,0.5519232749938965,0.5453235507011414,0.4449681398451645,0.5555515585389984,0.5546778440475464,0.551948606967926
AAPL|2018-04-05 14:30:00+00:00,AAPL,2018-04,train_forward_oof,1,0.4150940179824829,0.3653274178504944,0.5637081851771455,0.4518703098894354,0.40008094906806946,0.3563046157360077
AMZN|2018-04-05 14:30:00+00:00,AMZN,2018-04,train_forward_oof,1,0.5389097929000854,0.5359123945236206,0.6351887762281728,0.5652490968028586,0.5427979826927185,0.5375447273254395
AAPL|2018-04-05 15:30:00+00:00,AAPL,2018-04,train_forward_oof,1,0.4528852105140686,0.4340876042842865,0.6060737458543609,0.5047274362681453,0.463600754737854,0.4151321351528168
AMZN|2018-04-05 15:30:00+00:00,AMZN,2018-04,train_forward_oof,1,0.6126487851142883,0.6769405007362366,0.7409172870816677,0.5880307891642302,0.5921081304550171,0.6127262115478516
AAPL|2018-04-06 13:30:00+00:00,AAPL,2018-04,train_forward_oof,0,0.6406161189079285,0.6239887475967407,0.5747126605971431,0.6232133355906592,0.6318374872207642,0.5736345648765564
AMZN|2018-04-06 13:30:00+00:00,AMZN,2018-04,train_forward_oof,1,0.5754943490028381,0.5601896643638611,0.5229220594872961,0.5094820607401654,0.5748271346092224,0.579207718372345
AAPL|2018-04-06 14:30:00+00:00,AAPL,2018-04,train_forward_oof,0,0.603747546672821,0.6900777220726013,0.4648545977832244,0.5304227461908783,0.6229570508003235,0.7148849368095398
AMZN|2018-04-06 14:30:00+00:00,AMZN,2018-04,train_forward_oof,0,0.5724561810493469,0.553820788860321,0.5323504210752423,0.5615161688390302,0.5684298276901245,0.5699161291122437
AAPL|2018-04-06 15:30:00+00:00,AAPL,2018-04,train_forward_oof,0,0.5796098113059998,0.664516806602478,0.4425190327060513,0.5033391887219739,0.5988399982452393,0.6935152411460876
AMZN|2018-04-06 15:30:00+00:00,AMZN,2018-04,train_forward_oof,0,0.5684208273887634,0.5661043524742126,0.5396200661930669,0.5723173824724994,0.5632697939872742,0.5411171317100525
AAPL|2018-04-09 13:30:00+00:00,AAPL,2018-04,train_forward_oof,1,0.6392639875411987,0.6963043808937073,0.611149846357003,0.6341866372261372,0.6766417622566223,0.7099295854568481
AMZN|2018-04-09 13:30:00+00:00,AMZN,2018-04,train_forward_oof,1,0.561413586139679,0.601655900478363,0.3640491865144141,0.5031421867099575,0.5570967197418213,0.6107962727546692
AAPL|2018-04-09 14:30:00+00:00,AAPL,2018-04,train_forward_oof,1,0.5029551386833191,0.6024903655052185,0.575594092457732,0.5260356604579239,0.5011757016181946,0.5734115839004517
AMZN|2018-04-09 14:30:00+00:00,AMZN,2018-04,train_forward_oof,0,0.5362151265144348,0.6439439058303833,0.3728517466615756,0.5185946393884489,0.5543651580810547,0.6260165572166443
AAPL|2018-04-09 15:30:00+00:00,AAPL,2018-04,train_forward_oof,0,0.4053920805454254,0.4507093727588653,0.417919318718241,0.354880917694198,0.38321608304977417,0.37367361783981323
AMZN|2018-04-09 15:30:00+00:00,AMZN,2018-04,train_forward_oof,0,0.4863766133785248,0.4901699721813202,0.3456107946209413,0.4836373611906104,0.5241712927818298,0.5277193188667297
AAPL|2018-04-10 13:30:00+00:00,AAPL,2018-04,train_forward_oof,0,0.6847805380821228,0.7964504361152649,0.539267610248523,0.6236311009911322,0.6756168603897095,0.7848567962646484
AMZN|2018-04-10 13:30:00+00:00,AMZN,2018-04,train_forward_oof,0,0.4914855360984802,0.4444624483585357,0.3903442098632079,0.4605732629485885,0.5057656168937683,0.47244417667388916
AAPL|2018-04-10 14:30:00+00:00,AAPL,2018-04,train_forward_oof,0,0.5509980916976929,0.6923742294311523,0.5266754388271384,0.4812852188215337,0.5564783811569214,0.6883141398429871
AMZN|2018-04-10 14:30:00+00:00,AMZN,2018-04,train_forward_oof,1,0.5073347687721252,0.4670707583427429,0.3528701401313596,0.4664002844879732,0.5148488879203796,0.5073633790016174
AAPL|2018-04-10 15:30:00+00:00,AAPL,2018-04,train_forward_oof,1,0.5713366270065308,0.6933650970458984,0.4524734403991841,0.4239226163242732,0.6052876710891724,0.7020443081855774
AMZN|2018-04-10 15:30:00+00:00,AMZN,2018-04,train_forward_oof,1,0.5438694357872009,0.4763645529747009,0.474336066300801,0.4748262403781083,0.4964137077331543,0.5017656087875366
AAPL|2018-04-11 13:30:00+00:00,AAPL,2018-04,train_forward_oof,1,0.6562816500663757,0.7004799842834473,0.6516365995809511,0.6277829383341126,0.6417481303215027,0.648110568523407
AMZN|2018-04-11 13:30:00+00:00,AMZN,2018-04,train_forward_oof,1,0.5446664094924927,0.5116181969642639,0.5843467425938451,0.50726642236242,0.5166810750961304,0.49817347526550293
AAPL|2018-04-11 14:30:00+00:00,AAPL,2018-04,train_forward_oof,1,0.4966937601566314,0.7247727513313293,0.6644468876186951,0.471724779262009,0.48471716046333313,0.5632202625274658
AMZN|2018-04-11 14:30:00+00:00,AMZN,2018-04,train_forward_oof,0,0.5507551431655884,0.5348300337791443,0.6083037410164973,0.5269955421349779,0.5311270952224731,0.5055286884307861
AAPL|2018-04-11 15:30:00+00:00,AAPL,2018-04,train_forward_oof,0,0.4961661398410797,0.6911108493804932,0.6593972789315904,0.3931231181211488,0.4775165617465973,0.5223768949508667
AMZN|2018-04-11 15:30:00+00:00,AMZN,2018-04,train_forward_oof,0,0.5367349982261658,0.581424355506897,0.5302740971664669,0.5131465164544459,0.548947811126709,0.5350990295410156
AAPL|2018-04-12 13:30:00+00:00,AAPL,2018-04,train_forward_oof,1,0.6660043001174927,0.767393171787262,0.5465165622083056,0.6061476154791648,0.6499037146568298,0.773114025592804
AMZN|2018-04-12 13:30:00+00:00,AMZN,2018-04,train_forward_oof,1,0.4733272194862366,0.4501113593578338,0.3818713483050448,0.4601712017247106,0.502521276473999,0.45423999428749084
AAPL|2018-04-12 14:30:00+00:00,AAPL,2018-04,train_forward_oof,0,0.424025148153305,0.4605131447315216,0.6369776109681701,0.4359979750208765,0.4140920341014862,0.5412363409996033
AMZN|2018-04-12 14:30:00+00:00,AMZN,2018-04,train_forward_oof,0,0.5165853500366211,0.4961415827274322,0.4059672694089279,0.4808374711448478,0.527045726776123,0.5018430948257446
AAPL|2018-04-12 15:30:00+00:00,AAPL,2018-04,train_forward_oof,1,0.3558436334133148,0.3971852958202362,0.6162366802273301,0.3781583836743525,0.33212342858314514,0.3254915773868561
AMZN|2018-04-12 15:30:00+00:00,AMZN,2018-04,train_forward_oof,1,0.4945419728755951,0.4861345589160919,0.4295134595882506,0.4831700321882864,0.4701348543167114,0.4778982400894165
AAPL|2018-04-13 13:30:00+00:00,AAPL,2018-04,train_forward_oof,1,0.6876225471496582,0.7623854875564575,0.638496228961583,0.6319345563307361,0.6700890064239502,0.7260355949401855
AMZN|2018-04-13 13:30:00+00:00,AMZN,2018-04,train_forward_oof,0,0.5268836617469788,0.4914611876010895,0.5450532947005796,0.4952026644189087,0.4971902072429657,0.49428072571754456
AAPL|2018-04-13 14:30:00+00:00,AAPL,2018-04,train_forward_oof,1,0.4194327890872955,0.2881021201610565,0.6665066020396857,0.5090532173494363,0.41311657428741455,0.33659088611602783
AMZN|2018-04-13 14:30:00+00:00,AMZN,2018-04,train_forward_oof,0,0.5388355255126953,0.5248929858207703,0.6231939295746042,0.5281244372068938,0.5220268964767456,0.5319098234176636
AAPL|2018-04-13 15:30:00+00:00,AAPL,2018-04,train_forward_oof,0,0.4858891367912292,0.355248212814331,0.5666084103170754,0.5144704398541848,0.44097164273262024,0.3887890875339508
AMZN|2018-04-13 15:30:00+00:00,AMZN,2018-04,train_forward_oof,0,0.5109909176826477,0.5399883985519409,0.4934743221064464,0.5001294956559369,0.5061636567115784,0.5059945583343506
AAPL|2018-04-16 13:30:00+00:00,AAPL,2018-04,train_forward_oof,1,0.6084988713264465,0.6868818998336792,0.643283637007637,0.5816405466597233,0.5925102233886719,0.6263954639434814
AMZN|2018-04-16 13:30:00+00:00,AMZN,2018-04,train_forward_oof,1,0.5474463701248169,0.5435488820075989,0.6063598223689958,0.5139442309814981,0.551088809967041,0.5018563270568848
AAPL|2018-04-16 14:30:00+00:00,AAPL,2018-04,train_forward_oof,1,0.4160866439342499,0.3714083731174469,0.5756038679266842,0.4298455375852401,0.4145781099796295,0.4345859885215759
AMZN|2018-04-16 14:30:00+00:00,AMZN,2018-04,train_forward_oof,0,0.5557143688201904,0.541136622428894,0.5833314274565482,0.5257983170921693,0.5551620721817017,0.5316858887672424
AAPL|2018-04-16 15:30:00+00:00,AAPL,2018-04,train_forward_oof,1,0.4244464039802551,0.4935798048973083,0.4974654563154957,0.4351827813051079,0.41640782356262207,0.5052411556243896
AMZN|2018-04-16 15:30:00+00:00,AMZN,2018-04,train_forward_oof,1,0.4610835015773773,0.4083111584186554,0.4131202837014132,0.442915867362469,0.4470703601837158,0.46101275086402893
AAPL|2018-04-17 13:30:00+00:00,AAPL,2018-04,train_forward_oof,1,0.7068085074424744,0.7979328036308289,0.528143546056052,0.6257826760523234,0.737917423248291,0.8427749872207642
AMZN|2018-04-17 13:30:00+00:00,AMZN,2018-04,train_forward_oof,1,0.4798528552055359,0.4731667339801788,0.4679270814242333,0.4590424645275881,0.5193341374397278,0.5080673098564148
AAPL|2018-04-17 14:30:00+00:00,AAPL,2018-04,train_forward_oof,1,0.5154049396514893,0.639298677444458,0.5219027293566975,0.4581673739386264,0.5683193802833557,0.702019989490509
AMZN|2018-04-17 14:30:00+00:00,AMZN,2018-04,train_forward_oof,1,0.5180851817131042,0.4765138924121856,0.4773560209797199,0.469772742362173,0.5215739011764526,0.5194360017776489
AAPL|2018-04-17 15:30:00+00:00,AAPL,2018-04,train_forward_oof,1,0.473932683467865,0.5412365794181824,0.5015250765455749,0.3962542917005358,0.46740013360977173,0.5926982164382935
AMZN|2018-04-17 15:30:00+00:00,AMZN,2018-04,train_forward_oof,1,0.5161809325218201,0.5195996165275574,0.2973543618393887,0.4799197334863364,0.5159321427345276,0.5345842242240906
AAPL|2018-04-18 13:30:00+00:00,AAPL,2018-04,train_forward_oof,1,0.6838662624359131,0.6082050800323486,0.6173439912782692,0.6188368055710286,0.6760668158531189,0.504971981048584
AMZN|2018-04-18 13:30:00+00:00,AMZN,2018-04,train_forward_oof,1,0.5428293347358704,0.5393192172050476,0.2695934458362302,0.4716293527691593,0.5614560842514038,0.5448858141899109
AAPL|2018-04-18 14:30:00+00:00,AAPL,2018-04,train_forward_oof,1,0.5102888345718384,0.4793511033058166,0.5896265446600499,0.4706795072570446,0.5013649463653564,0.43089938163757324
AMZN|2018-04-18 14:30:00+00:00,AMZN,2018-04,train_forward_oof,1,0.532364010810852,0.5575660467147827,0.2771072850430707,0.4792824902500595,0.5620988011360168,0.5540004968643188
AAPL|2018-04-18 15:30:00+00:00,AAPL,2018-04,train_forward_oof,1,0.4453935921192169,0.4107707440853119,0.6309685894379337,0.4085203700848895,0.4571411609649658,0.4236666262149811
AMZN|2018-04-18 15:30:00+00:00,AMZN,2018-04,train_forward_oof,1,0.5798020362854004,0.5753781795501709,0.562464298378843,0.496837719754403,0.5851796269416809,0.5836178660392761
AAPL|2018-04-19 13:30:00+00:00,AAPL,2018-04,train_forward_oof,0,0.6747657060623169,0.7489042282104492,0.6990297017456195,0.5906353387464386,0.6972472071647644,0.7536231279373169
AMZN|2018-04-19 13:30:00+00:00,AMZN,2018-04,train_forward_oof,1,0.5255993008613586,0.5166116952896118,0.2937147070923534,0.4800175942027512,0.5257143974304199,0.5175470113754272
AAPL|2018-04-19 14:30:00+00:00,AAPL,2018-04,train_forward_oof,0,0.5829499959945679,0.5967056155204773,0.5986325655789169,0.4595688275935574,0.5784653425216675,0.6711965203285217
AMZN|2018-04-19 14:30:00+00:00,AMZN,2018-04,train_forward_oof,0,0.5294221043586731,0.4938382804393768,0.3016232087664967,0.5013233740602226,0.5106107592582703,0.4933304786682129
AAPL|2018-04-19 15:30:00+00:00,AAPL,2018-04,train_forward_oof,0,0.5873628258705139,0.5987882614135742,0.6174456871290256,0.4524361651870525,0.5624120235443115,0.6583529710769653
AMZN|2018-04-19 15:30:00+00:00,AMZN,2018-04,train_forward_oof,1,0.5517800450325012,0.5207946300506592,0.297320556292319,0.4897682818863932,0.5366697907447815,0.5346847772598267
AAPL|2018-04-20 13:30:00+00:00,AAPL,2018-04,train_forward_oof,0,0.6528818607330322,0.6790010333061218,0.6883479510015608,0.6078507299897916,0.6850662231445312,0.7653353214263916
AMZN|2018-04-20 13:30:00+00:00,AMZN,2018-04,train_forward_oof,0,0.5391501784324646,0.5854341387748718,0.3600718017768151,0.4598328626371878,0.5312972664833069,0.5582140684127808
AAPL|2018-04-20 14:30:00+00:00,AAPL,2018-04,train_forward_oof,0,0.6007140278816223,0.6662956476211548,0.7483557542309829,0.5073948767183512,0.6326899528503418,0.7433328628540039
AMZN|2018-04-20 14:30:00+00:00,AMZN,2018-04,train_forward_oof,0,0.5279268622398376,0.5656422972679138,0.2169401007139273,0.4862193442601445,0.5313748121261597,0.563812792301178
AAPL|2018-04-20 15:30:00+00:00,AAPL,2018-04,train_forward_oof,0,0.4422787725925445,0.509924054145813,0.7339819940797192,0.382488504300884,0.42834872007369995,0.36500221490859985
AMZN|2018-04-20 15:30:00+00:00,AMZN,2018-04,train_forward_oof,0,0.4475114047527313,0.5088960528373718,0.2683841828695629,0.5148628571818357,0.47976499795913696,0.4623705744743347
AAPL|2018-04-23 13:30:00+00:00,AAPL,2018-04,train_forward_oof,0,0.6027020812034607,0.5439637303352356,0.5057599707946774,0.5244944710880135,0.5764833092689514,0.5265927314758301
AMZN|2018-04-23 13:30:00+00:00,AMZN,2018-04,train_forward_oof,0,0.5668314695358276,0.6038237810134888,0.6134043618418376,0.5312135674380021,0.5695582032203674,0.6014934182167053
AAPL|2018-04-23 14:30:00+00:00,AAPL,2018-04,train_forward_oof,0,0.4308566749095917,0.3769479691982269,0.478551272820666,0.4280972398677667,0.40657278895378113,0.365632027387619
AMZN|2018-04-23 14:30:00+00:00,AMZN,2018-04,train_forward_oof,0,0.5820810198783875,0.6457319855690002,0.4576429463971672,0.5472961344769642,0.5858562588691711,0.6199266910552979
AAPL|2018-04-23 15:30:00+00:00,AAPL,2018-04,train_forward_oof,0,0.4528556168079376,0.4177074432373047,0.4340878884113329,0.3562535064832987,0.4871607720851898,0.48489633202552795
AMZN|2018-04-23 15:30:00+00:00,AMZN,2018-04,train_forward_oof,0,0.5278761982917786,0.4690186679363251,0.4022870847813742,0.4758419604698809,0.511642336845398,0.5329939126968384
AAPL|2018-04-24 13:30:00+00:00,AAPL,2018-04,train_forward_oof,0,0.5932585000991821,0.5725648999214172,0.7061304454502931,0.6148034229906966,0.5669775605201721,0.5257009863853455
AMZN|2018-04-24 13:30:00+00:00,AMZN,2018-04,train_forward_oof,0,0.5157792568206787,0.4829120337963104,0.415151654493263,0.4771362371711052,0.47667360305786133,0.4850703775882721
AAPL|2018-04-24 14:30:00+00:00,AAPL,2018-04,train_forward_oof,0,0.4731498658657074,0.4158367216587066,0.6107271187628927,0.5184100734547394,0.4523000121116638,0.44432002305984497
AMZN|2018-04-24 14:30:00+00:00,AMZN,2018-04,train_forward_oof,0,0.5730249881744385,0.5249893665313721,0.6625868556134917,0.5400600325112586,0.5739540457725525,0.53194260597229
AAPL|2018-04-24 15:30:00+00:00,AAPL,2018-04,train_forward_oof,0,0.4410971999168396,0.3370610177516937,0.495320869992911,0.4800766764826932,0.4213336110115051,0.4164699912071228
AMZN|2018-04-24 15:30:00+00:00,AMZN,2018-04,train_forward_oof,0,0.5513961911201477,0.5961849689483643,0.4586787840503629,0.5217485271698652,0.5652191638946533,0.5930396318435669
AAPL|2018-04-25 13:30:00+00:00,AAPL,2018-04,train_forward_oof,1,0.598988950252533,0.491471916437149,0.5683982863902498,0.6043094206195992,0.5791566371917725,0.41319119930267334
AMZN|2018-04-25 13:30:00+00:00,AMZN,2018-04,train_forward_oof,0,0.5871211290359497,0.5316824316978455,0.4652211569317604,0.5742582489810972,0.576798141002655,0.5819256901741028
AAPL|2018-04-25 14:30:00+00:00,AAPL,2018-04,train_forward_oof,0,0.5277890563011169,0.4319598376750946,0.5518119176556983,0.5491783063319959,0.5008504390716553,0.3614943027496338
AMZN|2018-04-25 14:30:00+00:00,AMZN,2018-04,train_forward_oof,1,0.5776717066764832,0.5318188667297363,0.4746442113278519,0.584029151854351,0.5760016441345215,0.5844103097915649
AAPL|2018-04-25 15:30:00+00:00,AAPL,2018-04,train_forward_oof,0,0.455470472574234,0.4940278232097626,0.4673366544513761,0.4628625253824577,0.44277480244636536,0.5666688680648804
AMZN|2018-04-25 15:30:00+00:00,AMZN,2018-04,train_forward_oof,0,0.6273433566093445,0.6036402583122253,0.4662123152938186,0.6110467170182737,0.6125451326370239,0.6097609400749207
AAPL|2018-04-26 13:30:00+00:00,AAPL,2018-04,train_forward_oof,1,0.7001497745513916,0.7828606367111206,0.7178293421190566,0.6386304064253814,0.7136602997779846,0.8023222088813782
AMZN|2018-04-26 13:30:00+00:00,AMZN,2018-04,train_forward_oof,1,0.6273596286773682,0.6371086239814758,0.6221229473073325,0.6054663463592671,0.6252429485321045,0.6547839641571045
AAPL|2018-04-26 14:30:00+00:00,AAPL,2018-04,train_forward_oof,0,0.405394047498703,0.3552672266960144,0.7176404430252452,0.501425355256518,0.3976209759712219,0.4678419232368469
AMZN|2018-04-26 14:30:00+00:00,AMZN,2018-04,train_forward_oof,1,0.6186704635620117,0.642963707447052,0.4421899429236799,0.6115607662625352,0.6185837388038635,0.6561309695243835
AAPL|2018-04-26 15:30:00+00:00,AAPL,2018-04,train_forward_oof,0,0.4300613701343536,0.4343136847019195,0.6801056654952976,0.4214129054729391,0.4337102472782135,0.45714321732521057
AMZN|2018-04-26 15:30:00+00:00,AMZN,2018-04,train_forward_oof,1,0.5868299603462219,0.656204342842102,0.3675024220087846,0.5570925280070236,0.6168115735054016,0.6613446474075317
AAPL|2018-04-27 13:30:00+00:00,AAPL,2018-04,train_forward_oof,0,0.6759372353553772,0.6499114036560059,0.7390244333424053,0.6434220671163373,0.6493666172027588,0.6102843284606934
AMZN|2018-04-27 13:30:00+00:00,AMZN,2018-04,train_forward_oof,0,0.5714985132217407,0.5629658102989197,0.4951365680328192,0.5039835786476788,0.559894859790802,0.5634265542030334
AAPL|2018-04-27 14:30:00+00:00,AAPL,2018-04,train_forward_oof,1,0.5492862462997437,0.4689656496047973,0.719958300054161,0.6434855590170041,0.5071125030517578,0.4756985306739807
AMZN|2018-04-27 14:30:00+00:00,AMZN,2018-04,train_forward_oof,0,0.527479350566864,0.5733448266983032,0.5045938238739317,0.4508959523145274,0.5237547159194946,0.5413312315940857
AAPL|2018-04-27 15:30:00+00:00,AAPL,2018-04,train_forward_oof,1,0.43923220038414,0.416143387556076,0.6055910570440768,0.454496396627327,0.4009642004966736,0.386890172958374
AMZN|2018-04-27 15:30:00+00:00,AMZN,2018-04,train_forward_oof,0,0.5411252975463867,0.6093137860298157,0.498167806675214,0.4455229606036039,0.5311212539672852,0.5644435286521912
AAPL|2018-04-30 13:30:00+00:00,AAPL,2018-04,train_forward_oof,1,0.5824352502822876,0.5658863186836243,0.727368876301145,0.5311225255899787,0.5441439151763916,0.5270540118217468
AMZN|2018-04-30 13:30:00+00:00,AMZN,2018-04,train_forward_oof,0,0.6359053254127502,0.6362121105194092,0.7557895855768771,0.6027294105144332,0.6004802584648132,0.6365866661071777
AAPL|2018-04-30 14:30:00+00:00,AAPL,2018-04,train_forward_oof,0,0.4202436506748199,0.3999944627285003,0.6196803539090636,0.4379589259395142,0.3710396885871887,0.36321067810058594
AMZN|2018-04-30 14:30:00+00:00,AMZN,2018-04,train_forward_oof,0,0.6219518780708313,0.5867655277252197,0.7604955787096735,0.6244019550173613,0.5821572542190552,0.6220740675926208
AAPL|2018-04-30 15:30:00+00:00,AAPL,2018-04,train_forward_oof,0,0.3917292654514313,0.3909935355186462,0.5735531961197491,0.3688094138314811,0.3451125919818878,0.3416787385940552
AMZN|2018-04-30 15:30:00+00:00,AMZN,2018-04,train_forward_oof,0,0.5025732517242432,0.4538143575191498,0.4789436067840891,0.4660675980106841,0.5091779828071594,0.48340389132499695
AAPL|2018-05-01 13:30:00+00:00,AAPL,2018-05,train_forward_oof,1,0.673000156879425,0.7116503119468689,0.6047519666620988,0.6735220709562014,0.6800065636634827,0.6413208842277527
AMZN|2018-05-01 13:30:00+00:00,AMZN,2018-05,train_forward_oof,1,0.4824000000953674,0.4583517611026764,0.616184485116226,0.6121204201494991,0.4975474774837494,0.4843062162399292
AAPL|2018-05-01 14:30:00+00:00,AAPL,2018-05,train_forward_oof,1,0.5515480041503906,0.504034698009491,0.5699092091729873,0.6218944089235035,0.544940710067749,0.48735153675079346
AMZN|2018-05-01 14:30:00+00:00,AMZN,2018-05,train_forward_oof,1,0.4893744587898254,0.555740237236023,0.6897729980166929,0.6686875668349029,0.5062077641487122,0.5144461393356323
AAPL|2018-05-01 15:30:00+00:00,AAPL,2018-05,train_forward_oof,1,0.3777066469192505,0.3925713002681732,0.4330653407007369,0.3954047553817637,0.3795413672924042,0.3619749844074249
AMZN|2018-05-01 15:30:00+00:00,AMZN,2018-05,train_forward_oof,1,0.4283864200115204,0.443873256444931,0.5071282222944973,0.3952727745956345,0.38636890053749084,0.3754429817199707
AAPL|2018-05-02 13:30:00+00:00,AAPL,2018-05,train_forward_oof,1,0.6372155547142029,0.6333329081535339,0.3968256334048442,0.591728773604801,0.6868799924850464,0.642208993434906
AMZN|2018-05-02 13:30:00+00:00,AMZN,2018-05,train_forward_oof,0,0.4831606745719909,0.5092258453369141,0.4779185406085985,0.4804669236401593,0.4667193293571472,0.4823840260505676
AAPL|2018-05-02 14:30:00+00:00,AAPL,2018-05,train_forward_oof,1,0.5189749598503113,0.491677463054657,0.385483816710825,0.5194735649172552,0.5207629799842834,0.4180462062358856
AMZN|2018-05-02 14:30:00+00:00,AMZN,2018-05,train_forward_oof,0,0.4943146705627441,0.5365042686462402,0.494141787738131,0.4932801529669151,0.4666903018951416,0.4799868166446686
AAPL|2018-05-02 15:30:00+00:00,AAPL,2018-05,train_forward_oof,1,0.4306721687316894,0.3934476673603058,0.339857885590024,0.4297543590417521,0.4330461919307709,0.3579401969909668
AMZN|2018-05-02 15:30:00+00:00,AMZN,2018-05,train_forward_oof,0,0.512767493724823,0.4739787876605987,0.5423860537966587,0.5478055922402425,0.5104554891586304,0.5214412808418274
AAPL|2018-05-03 13:30:00+00:00,AAPL,2018-05,train_forward_oof,1,0.6472719311714172,0.7933817505836487,0.5672201891318864,0.6064270799500424,0.6448656916618347,0.7008956074714661
AMZN|2018-05-03 13:30:00+00:00,AMZN,2018-05,train_forward_oof,1,0.5934594869613647,0.4341199100017547,0.4775194636804826,0.4596833391538984,0.4587903320789337,0.4593746066093445
AAPL|2018-05-03 14:30:00+00:00,AAPL,2018-05,train_forward_oof,1,0.4798863232135772,0.5505044460296631,0.551502702072526,0.5327314838463432,0.4897591173648834,0.4762539267539978
AMZN|2018-05-03 14:30:00+00:00,AMZN,2018-05,train_forward_oof,1,0.461023598909378,0.5131510496139526,0.4635963221984922,0.4350448450273616,0.42226696014404297,0.4329550564289093
AAPL|2018-05-03 15:30:00+00:00,AAPL,2018-05,train_forward_oof,1,0.4109304845333099,0.5251982808113098,0.5163673546692785,0.3905070373693883,0.46187520027160645,0.46748435497283936
AMZN|2018-05-03 15:30:00+00:00,AMZN,2018-05,train_forward_oof,1,0.4480124413967132,0.2889224588871002,0.4068279471925153,0.3999258839406602,0.4256055951118469,0.4469339847564697
AAPL|2018-05-04 13:30:00+00:00,AAPL,2018-05,train_forward_oof,1,0.6160424947738647,0.7161374688148499,0.5425129737759614,0.6081508810617857,0.6217940449714661,0.631853461265564
AMZN|2018-05-04 13:30:00+00:00,AMZN,2018-05,train_forward_oof,1,0.5426360368728638,0.5387228727340698,0.5711943211482833,0.5733303219997724,0.5175280570983887,0.5503236055374146
AAPL|2018-05-04 14:30:00+00:00,AAPL,2018-05,train_forward_oof,1,0.5428088307380676,0.5344277024269104,0.4442994022505561,0.5707105043237669,0.5221720933914185,0.4615078866481781
AMZN|2018-05-04 14:30:00+00:00,AMZN,2018-05,train_forward_oof,1,0.5730111598968506,0.5231428742408752,0.5077036061500978,0.5257722997902848,0.5380262136459351,0.5435788035392761
AAPL|2018-05-04 15:30:00+00:00,AAPL,2018-05,train_forward_oof,1,0.4027242362499237,0.3587395846843719,0.3737857172326222,0.3490243604588484,0.39647600054740906,0.3705013394355774
AMZN|2018-05-04 15:30:00+00:00,AMZN,2018-05,train_forward_oof,1,0.5066280961036682,0.536350667476654,0.6331584893982546,0.6176831251940663,0.5258452892303467,0.4962218403816223
AAPL|2018-05-07 13:30:00+00:00,AAPL,2018-05,train_forward_oof,1,0.6749065518379211,0.7564144730567932,0.558018108158671,0.663773688274611,0.6710031032562256,0.6712533831596375
AMZN|2018-05-07 13:30:00+00:00,AMZN,2018-05,train_forward_oof,1,0.652129590511322,0.4949942529201507,0.5605415901583971,0.5576768579519937,0.5710214376449585,0.5164228677749634
AAPL|2018-05-07 14:30:00+00:00,AAPL,2018-05,train_forward_oof,0,0.5340335965156555,0.4764495491981506,0.5400737408712244,0.5833269173419864,0.5247011184692383,0.4670937657356262
AMZN|2018-05-07 14:30:00+00:00,AMZN,2018-05,train_forward_oof,1,0.5507957935333252,0.4160919487476349,0.5977403664623799,0.5828166332508802,0.5553115606307983,0.5150297284126282
AAPL|2018-05-07 15:30:00+00:00,AAPL,2018-05,train_forward_oof,0,0.4282219707965851,0.3720746040344238,0.3723974672235114,0.4061669883700047,0.4149338901042938,0.3931276798248291
AMZN|2018-05-07 15:30:00+00:00,AMZN,2018-05,train_forward_oof,0,0.5705872774124146,0.6668177843093872,0.6082689686877923,0.596521544625066,0.5255298018455505,0.5410365462303162
AAPL|2018-05-08 13:30:00+00:00,AAPL,2018-05,train_forward_oof,1,0.6523066759109497,0.7229399085044861,0.4892382427715496,0.6338731735214155,0.6647673845291138,0.6639951467514038
AMZN|2018-05-08 13:30:00+00:00,AMZN,2018-05,train_forward_oof,0,0.4925378859043121,0.4511822760105133,0.4600157151060708,0.4761619088862096,0.4568900465965271,0.46583813428878784
AAPL|2018-05-08 14:30:00+00:00,AAPL,2018-05,train_forward_oof,1,0.4643404483795166,0.4015298783779144,0.5219511343548116,0.5124991560373845,0.44504696130752563,0.3986636698246002
AMZN|2018-05-08 14:30:00+00:00,AMZN,2018-05,train_forward_oof,0,0.4933772087097168,0.477783054113388,0.4526461311642233,0.4880130363057597,0.4731428921222687,0.48207834362983704
AAPL|2018-05-08 15:30:00+00:00,AAPL,2018-05,train_forward_oof,0,0.4608739912509918,0.4936902225017547,0.5109169942824371,0.5094334580378489,0.4470013380050659,0.3948352336883545
AMZN|2018-05-08 15:30:00+00:00,AMZN,2018-05,train_forward_oof,0,0.4760579764842987,0.4521900713443756,0.4489231938513561,0.493963505053591,0.4704504907131195,0.4575611650943756
AAPL|2018-05-09 13:30:00+00:00,AAPL,2018-05,train_forward_oof,0,0.6417723298072815,0.8038918375968933,0.5104327298872237,0.6096633964474337,0.667003870010376,0.8008966445922852
AMZN|2018-05-09 13:30:00+00:00,AMZN,2018-05,train_forward_oof,1,0.6484788656234741,0.492550641298294,0.4782300765182795,0.47707878848794,0.5515686869621277,0.5469552874565125
AAPL|2018-05-09 14:30:00+00:00,AAPL,2018-05,train_forward_oof,1,0.4668470323085785,0.5110858678817749,0.5930237879860418,0.4719259091532529,0.48490816354751587,0.6205494999885559
AMZN|2018-05-09 14:30:00+00:00,AMZN,2018-05,train_forward_oof,1,0.5421259999275208,0.5917417407035828,0.4829309782016907,0.4956494335590737,0.5441871881484985,0.5271477699279785
AAPL|2018-05-09 15:30:00+00:00,AAPL,2018-05,train_forward_oof,1,0.4527714550495147,0.4678907692432403,0.5869601487828462,0.3993545526339409,0.49376121163368225,0.5713192224502563
AMZN|2018-05-09 15:30:00+00:00,AMZN,2018-05,train_forward_oof,1,0.5495713353157043,0.4298916757106781,0.4683319289835423,0.4706408255435515,0.5244584083557129,0.5343590378761292
AAPL|2018-05-10 13:30:00+00:00,AAPL,2018-05,train_forward_oof,1,0.617328941822052,0.723829448223114,0.4929163434036173,0.5681047951517749,0.6435304284095764,0.7565311193466187
AMZN|2018-05-10 13:30:00+00:00,AMZN,2018-05,train_forward_oof,1,0.5369332432746887,0.5093086957931519,0.4462608196808082,0.4667075150214703,0.5900158286094666,0.5792149901390076
AAPL|2018-05-10 14:30:00+00:00,AAPL,2018-05,train_forward_oof,1,0.4479235410690307,0.5100896954536438,0.4811956332071764,0.4149764942287912,0.4695098400115967,0.5935826301574707
AMZN|2018-05-10 14:30:00+00:00,AMZN,2018-05,train_forward_oof,0,0.5812559127807617,0.6040618419647217,0.4504370492059951,0.5084785192494258,0.6056529879570007,0.5841130018234253
AAPL|2018-05-10 15:30:00+00:00,AAPL,2018-05,train_forward_oof,1,0.5354074835777283,0.546699047088623,0.4513297629676495,0.4992503321962589,0.5471231937408447,0.596760630607605
AMZN|2018-05-10 15:30:00+00:00,AMZN,2018-05,train_forward_oof,1,0.5724802613258362,0.4811117053031921,0.4666897482842453,0.4792219108746254,0.5691390633583069,0.5363557934761047
AAPL|2018-05-11 13:30:00+00:00,AAPL,2018-05,train_forward_oof,0,0.6785637736320496,0.8415461182594299,0.5721777459704029,0.6268834978139727,0.7172470688819885,0.827375590801239
AMZN|2018-05-11 13:30:00+00:00,AMZN,2018-05,train_forward_oof,0,0.5247551202774048,0.4844677150249481,0.485158869698215,0.4831243034267176,0.488547146320343,0.5071377754211426
AAPL|2018-05-11 14:30:00+00:00,AAPL,2018-05,train_forward_oof,0,0.4948372840881347,0.5881935358047485,0.5082200466054688,0.4893692045112509,0.503366231918335,0.621721625328064
AMZN|2018-05-11 14:30:00+00:00,AMZN,2018-05,train_forward_oof,0,0.5501782298088074,0.4870302677154541,0.4813917413526419,0.4919008855113652,0.523841142654419,0.531448245048523
AAPL|2018-05-11 15:30:00+00:00,AAPL,2018-05,train_forward_oof,0,0.4632642567157745,0.5189536213874817,0.5395456453263644,0.406165748226455,0.4855045974254608,0.6079803109169006
AMZN|2018-05-11 15:30:00+00:00,AMZN,2018-05,train_forward_oof,0,0.5376125574111938,0.6655565500259399,0.4732604209296739,0.4566690485898622,0.5544956922531128,0.5703544020652771
AAPL|2018-05-14 13:30:00+00:00,AAPL,2018-05,train_forward_oof,0,0.6141349673271179,0.6860805749893188,0.5791606356370138,0.5963075109215464,0.6498974561691284,0.7211401462554932
AMZN|2018-05-14 13:30:00+00:00,AMZN,2018-05,train_forward_oof,1,0.5779151320457458,0.5575839877128601,0.3501054647751745,0.5650308986606708,0.5309524536132812,0.5573514699935913
AAPL|2018-05-14 14:30:00+00:00,AAPL,2018-05,train_forward_oof,0,0.4532923698425293,0.4586076736450195,0.5849813260899203,0.4467955845499959,0.45989954471588135,0.5124285817146301
AMZN|2018-05-14 14:30:00+00:00,AMZN,2018-05,train_forward_oof,0,0.5887472629547119,0.3798728883266449,0.3912926273115826,0.5583102368962058,0.5439590215682983,0.564167857170105
AAPL|2018-05-14 15:30:00+00:00,AAPL,2018-05,train_forward_oof,0,0.4135932028293609,0.3990128934383392,0.4502375311699949,0.3783351485111766,0.46185022592544556,0.4842081367969513
AMZN|2018-05-14 15:30:00+00:00,AMZN,2018-05,train_forward_oof,0,0.4634822010993957,0.5807444453239441,0.373885452034974,0.4553147879615409,0.5102108716964722,0.5138581991195679
AAPL|2018-05-15 13:30:00+00:00,AAPL,2018-05,train_forward_oof,0,0.64873868227005,0.7398603558540344,0.4917103067840413,0.6101560663696182,0.6910732984542847,0.8014224171638489
AMZN|2018-05-15 13:30:00+00:00,AMZN,2018-05,train_forward_oof,0,0.5052450299263,0.4653913080692291,0.4692172663777344,0.4668382261908317,0.5416938066482544,0.5316157937049866
AAPL|2018-05-15 14:30:00+00:00,AAPL,2018-05,train_forward_oof,0,0.5024979710578918,0.5872499942779541,0.4898863601360869,0.4520767265895419,0.5216045379638672,0.648882269859314
AMZN|2018-05-15 14:30:00+00:00,AMZN,2018-05,train_forward_oof,0,0.5147342085838318,0.4394355118274688,0.4348300287763908,0.4611430721190681,0.5179250836372375,0.533621072769165
AAPL|2018-05-15 15:30:00+00:00,AAPL,2018-05,train_forward_oof,0,0.4167731702327728,0.4892794787883758,0.4405709327186755,0.3874401937661912,0.42049640417099,0.5044465065002441
AMZN|2018-05-15 15:30:00+00:00,AMZN,2018-05,train_forward_oof,1,0.4868803322315216,0.3826045989990234,0.4384154576822181,0.5154161684364341,0.489209920167923,0.488541841506958
AAPL|2018-05-16 13:30:00+00:00,AAPL,2018-05,train_forward_oof,1,0.617440402507782,0.6207193732261658,0.4586971785643677,0.5925001188274811,0.6396371126174927,0.6630021929740906
AMZN|2018-05-16 13:30:00+00:00,AMZN,2018-05,train_forward_oof,1,0.4730338752269745,0.4742517173290252,0.4259492507387154,0.4096360871114108,0.5431651473045349,0.5399035811424255
AAPL|2018-05-16 14:30:00+00:00,AAPL,2018-05,train_forward_oof,1,0.4741421043872833,0.4860857427120209,0.5599264523717462,0.4544885347560408,0.5016735196113586,0.5032358765602112
AAPL|2018-05-16 15:30:00+00:00,AAPL,2018-05,train_forward_oof,1,0.4344379007816314,0.5020319223403931,0.5230265474391337,0.3930504447439617,0.4427289366722107,0.45069533586502075
AMZN|2018-05-16 15:30:00+00:00,AMZN,2018-05,train_forward_oof,1,0.4410023987293243,0.548771321773529,0.555988213324699,0.5609130217975555,0.4779799282550812,0.5257402658462524
AAPL|2018-05-17 13:30:00+00:00,AAPL,2018-05,train_forward_oof,0,0.6763051748275757,0.8158662915229797,0.6272266175102609,0.6143949964642255,0.7026145458221436,0.7789402008056641
AMZN|2018-05-17 13:30:00+00:00,AMZN,2018-05,train_forward_oof,1,0.4401876330375671,0.5276995897293091,0.4542088444509122,0.4518829590903364,0.4882366359233856,0.4934006929397583
AAPL|2018-05-17 14:30:00+00:00,AAPL,2018-05,train_forward_oof,0,0.4692606627941131,0.4280221462249756,0.5942985501951146,0.4982258078638036,0.4616813063621521,0.45275795459747314
AMZN|2018-05-17 14:30:00+00:00,AMZN,2018-05,train_forward_oof,0,0.5097934603691101,0.4486415088176727,0.4141654386550273,0.4736212116875598,0.4979425370693207,0.4946972131729126
AAPL|2018-05-17 15:30:00+00:00,AAPL,2018-05,train_forward_oof,0,0.45033860206604,0.4538935720920563,0.504017183305978,0.3888342375443468,0.46982258558273315,0.48150113224983215
AMZN|2018-05-17 15:30:00+00:00,AMZN,2018-05,train_forward_oof,0,0.5366827845573425,0.6235005855560303,0.4475554009386374,0.5408342390604924,0.5494793057441711,0.5973175764083862
AAPL|2018-05-18 13:30:00+00:00,AAPL,2018-05,train_forward_oof,1,0.6249592304229736,0.690654456615448,0.4900927418397475,0.623242238213299,0.6200399398803711,0.7428355813026428
AMZN|2018-05-18 13:30:00+00:00,AMZN,2018-05,train_forward_oof,0,0.4694044291973114,0.4663810729980469,0.491842489449739,0.4937381581420636,0.4985703229904175,0.4778597354888916
AAPL|2018-05-18 14:30:00+00:00,AAPL,2018-05,train_forward_oof,0,0.4779984354972839,0.5012146830558777,0.4725197631647839,0.5165809159259822,0.5051307678222656,0.6110148429870605
AMZN|2018-05-18 14:30:00+00:00,AMZN,2018-05,train_forward_oof,0,0.4789693653583526,0.3925175964832306,0.4960631489374585,0.5601783483591062,0.5137397646903992,0.5073358416557312
AAPL|2018-05-18 15:30:00+00:00,AAPL,2018-05,train_forward_oof,0,0.4467272460460663,0.4736123383045196,0.4179840827049915,0.3946856402584123,0.4594931900501251,0.5189038515090942
AMZN|2018-05-18 15:30:00+00:00,AMZN,2018-05,train_forward_oof,0,0.5491231083869934,0.5816522240638733,0.5061235506669588,0.5600855320684469,0.5064454078674316,0.5125265121459961
AAPL|2018-05-21 13:30:00+00:00,AAPL,2018-05,train_forward_oof,1,0.6486973762512207,0.7303801774978638,0.6130012058051406,0.6053831080910721,0.6777745485305786,0.7465196847915649
AMZN|2018-05-21 13:30:00+00:00,AMZN,2018-05,train_forward_oof,0,0.5568290948867798,0.5140389800071716,0.4085056241799329,0.5488928732338525,0.5598942637443542,0.5652512311935425
AAPL|2018-05-21 14:30:00+00:00,AAPL,2018-05,train_forward_oof,0,0.4870275855064392,0.4957362711429596,0.5538433980385418,0.4599105093599779,0.5135811567306519,0.5686231851577759
AMZN|2018-05-21 14:30:00+00:00,AMZN,2018-05,train_forward_oof,0,0.5515084862709045,0.5822303295135498,0.4125917920514268,0.5325935017758416,0.5562214255332947,0.5652310848236084
AAPL|2018-05-21 15:30:00+00:00,AAPL,2018-05,train_forward_oof,0,0.4417977929115295,0.5727764964103699,0.4873845102010096,0.4008517397623722,0.45889896154403687,0.4930785298347473
AMZN|2018-05-21 15:30:00+00:00,AMZN,2018-05,train_forward_oof,1,0.5010368824005127,0.5566062927246094,0.4055112135206289,0.4214039855777259,0.5095482468605042,0.5273063778877258
AAPL|2018-05-22 13:30:00+00:00,AAPL,2018-05,train_forward_oof,0,0.6475953459739685,0.7893279194831848,0.5762078436891224,0.6071509500325531,0.6565408110618591,0.7750128507614136
AMZN|2018-05-22 13:30:00+00:00,AMZN,2018-05,train_forward_oof,0,0.5647140741348267,0.5402266979217529,0.4363007798623073,0.4361996896122686,0.532090425491333,0.5114593505859375
AAPL|2018-05-22 14:30:00+00:00,AAPL,2018-05,train_forward_oof,1,0.4521920382976532,0.550596296787262,0.5459537665201435,0.4738877453437157,0.4669506847858429,0.5773375034332275
AMZN|2018-05-22 14:30:00+00:00,AMZN,2018-05,train_forward_oof,1,0.4358172118663788,0.5079805254936218,0.3733827591511108,0.3769380720431784,0.4535912871360779,0.45110049843788147
AAPL|2018-05-22 15:30:00+00:00,AAPL,2018-05,train_forward_oof,1,0.366570383310318,0.3206011652946472,0.4806673152509731,0.318153776448501,0.3824065923690796,0.40976718068122864
AMZN|2018-05-22 15:30:00+00:00,AMZN,2018-05,train_forward_oof,1,0.5313147902488708,0.6423165798187256,0.4645955869515063,0.4539459607339169,0.5591685771942139,0.5813944935798645
AAPL|2018-05-23 13:30:00+00:00,AAPL,2018-05,train_forward_oof,1,0.6287953853607178,0.6103496551513672,0.5095737947019057,0.5754460839254288,0.6505000591278076,0.6947483420372009
AMZN|2018-05-23 13:30:00+00:00,AMZN,2018-05,train_forward_oof,1,0.4875754415988922,0.3506807684898376,0.4802540328210394,0.4767156960469031,0.5321507453918457,0.5372169613838196
AAPL|2018-05-23 14:30:00+00:00,AAPL,2018-05,train_forward_oof,1,0.4642136394977569,0.4282050132751465,0.4647390138827879,0.4223686802502607,0.47986331582069397,0.5029661655426025
AMZN|2018-05-23 14:30:00+00:00,AMZN,2018-05,train_forward_oof,1,0.5401749014854431,0.5415012240409851,0.4370891453483764,0.4813710985318332,0.5527337193489075,0.5473924875259399
AAPL|2018-05-23 15:30:00+00:00,AAPL,2018-05,train_forward_oof,1,0.4586930572986603,0.3875332772731781,0.4687342243287294,0.3766478056655374,0.46160629391670227,0.4436778426170349
AMZN|2018-05-23 15:30:00+00:00,AMZN,2018-05,train_forward_oof,1,0.538539707660675,0.5788711309432983,0.4389086701322734,0.5123540497054163,0.5175802707672119,0.5357176661491394
AAPL|2018-05-24 13:30:00+00:00,AAPL,2018-05,train_forward_oof,0,0.656913161277771,0.6444159746170044,0.4631648656398001,0.6170911135166778,0.6806789636611938,0.5786888599395752
AMZN|2018-05-24 13:30:00+00:00,AMZN,2018-05,train_forward_oof,1,0.4712705910205841,0.3770672380924225,0.4927524061793543,0.5408336136147585,0.49298295378685,0.5010108947753906
AAPL|2018-05-24 14:30:00+00:00,AAPL,2018-05,train_forward_oof,1,0.4882755875587463,0.4798354804515838,0.5139095049880051,0.4697728821687443,0.5222234129905701,0.46458494663238525
AMZN|2018-05-24 14:30:00+00:00,AMZN,2018-05,train_forward_oof,1,0.494332492351532,0.5789778828620911,0.4737398791435136,0.5221343651744467,0.4850374162197113,0.5052605867385864
AAPL|2018-05-24 15:30:00+00:00,AAPL,2018-05,train_forward_oof,1,0.3868358433246612,0.4465849101543426,0.5048562769403101,0.3692679069200953,0.4017726480960846,0.3522060215473175
AMZN|2018-05-24 15:30:00+00:00,AMZN,2018-05,train_forward_oof,1,0.5396281480789185,0.3974272310733795,0.4629542753188449,0.4906743923927256,0.5223745107650757,0.5294758677482605
AAPL|2018-05-25 13:30:00+00:00,AAPL,2018-05,train_forward_oof,1,0.5875995755195618,0.6718003749847412,0.505076795996533,0.5436144196524938,0.5858666896820068,0.6827177405357361
AMZN|2018-05-25 13:30:00+00:00,AMZN,2018-05,train_forward_oof,1,0.5411210656166077,0.5462474822998047,0.4643807133257284,0.5123420478671847,0.5541971325874329,0.5510625839233398
AAPL|2018-05-25 14:30:00+00:00,AAPL,2018-05,train_forward_oof,0,0.4470331370830536,0.4482433199882507,0.4954303427987361,0.4171554572308078,0.43385007977485657,0.48535093665122986
AMZN|2018-05-25 14:30:00+00:00,AMZN,2018-05,train_forward_oof,0,0.5490957498550415,0.3728812038898468,0.4685830201171966,0.5456628986327514,0.5499097108840942,0.5375860929489136
AAPL|2018-05-25 15:30:00+00:00,AAPL,2018-05,train_forward_oof,0,0.4133982956409454,0.4269609451293945,0.4785314701903802,0.3637834080991315,0.45092451572418213,0.4512248635292053
AMZN|2018-05-25 15:30:00+00:00,AMZN,2018-05,train_forward_oof,0,0.5437714457511902,0.6063498854637146,0.4967485078769698,0.5396876415544194,0.5355271697044373,0.581499457359314
AAPL|2018-05-29 13:30:00+00:00,AAPL,2018-05,train_forward_oof,0,0.6658248901367188,0.8010473847389221,0.5880355994050013,0.6087115109463797,0.6635714173316956,0.7898131608963013
AMZN|2018-05-29 13:30:00+00:00,AMZN,2018-05,train_forward_oof,1,0.4513648152351379,0.5558137893676758,0.5432975082037068,0.5387604509316264,0.5286920070648193,0.5444782972335815
AAPL|2018-05-29 14:30:00+00:00,AAPL,2018-05,train_forward_oof,0,0.4746282398700714,0.5890799760818481,0.5762426717142761,0.4457878452936833,0.46125757694244385,0.5617357492446899
AMZN|2018-05-29 14:30:00+00:00,AMZN,2018-05,train_forward_oof,1,0.4597007930278778,0.5635179281234741,0.5205687659580676,0.5159269590900035,0.4712073802947998,0.5037064552307129
AAPL|2018-05-29 15:30:00+00:00,AAPL,2018-05,train_forward_oof,0,0.4438990652561188,0.492344856262207,0.4486527299684503,0.3835735625606662,0.4466521143913269,0.5019339919090271
AMZN|2018-05-29 15:30:00+00:00,AMZN,2018-05,train_forward_oof,0,0.5533419251441956,0.5794380307197571,0.632340192123869,0.6098457007995775,0.5430343151092529,0.5601403117179871
AAPL|2018-05-30 13:30:00+00:00,AAPL,2018-05,train_forward_oof,1,0.6542890071868896,0.7806380987167358,0.5860713126216853,0.6163812675785267,0.6692326068878174,0.7468096613883972
AMZN|2018-05-30 13:30:00+00:00,AMZN,2018-05,train_forward_oof,1,0.4706133008003235,0.5544912219047546,0.5361809433360176,0.5327070614888982,0.47693389654159546,0.5179712176322937
AAPL|2018-05-30 14:30:00+00:00,AAPL,2018-05,train_forward_oof,1,0.4759038984775543,0.478039026260376,0.5442222360559109,0.4522571214021801,0.47970566153526306,0.5782677531242371
AMZN|2018-05-30 14:30:00+00:00,AMZN,2018-05,train_forward_oof,1,0.5226873159408569,0.5793865919113159,0.5104934297009673,0.5095539151304987,0.47774580121040344,0.5232870578765869
AAPL|2018-05-30 15:30:00+00:00,AAPL,2018-05,train_forward_oof,1,0.3953145444393158,0.3554105460643768,0.4674675450699282,0.3642787248894871,0.420159250497818,0.4144415259361267
AMZN|2018-05-30 15:30:00+00:00,AMZN,2018-05,train_forward_oof,1,0.54305100440979,0.5946375131607056,0.4260988207947392,0.4670682656551443,0.5108134150505066,0.5278482437133789
AAPL|2018-05-31 13:30:00+00:00,AAPL,2018-05,train_forward_oof,1,0.6508016586303711,0.7495545148849487,0.5537891971337071,0.5702023115990223,0.6794241070747375,0.7527902722358704
AMZN|2018-05-31 13:30:00+00:00,AMZN,2018-05,train_forward_oof,1,0.5993009209632874,0.5131881833076477,0.3888681919561652,0.4876035153083844,0.5673621892929077,0.5692723393440247
AAPL|2018-05-31 14:30:00+00:00,AAPL,2018-05,train_forward_oof,0,0.4618800282478332,0.5197188258171082,0.4428542053202818,0.4091493982495937,0.49427610635757446,0.5953794121742249
AMZN|2018-05-31 14:30:00+00:00,AMZN,2018-05,train_forward_oof,1,0.5614700317382812,0.5570278167724609,0.4596253288199651,0.4682942624310878,0.5744115710258484,0.5746526122093201
AAPL|2018-05-31 15:30:00+00:00,AAPL,2018-05,train_forward_oof,0,0.4294232428073883,0.391754001379013,0.4748800630137258,0.3718046255260291,0.4350079596042633,0.4627710282802582
AMZN|2018-05-31 15:30:00+00:00,AMZN,2018-05,train_forward_oof,0,0.5417498350143433,0.6195316910743713,0.4671768306232337,0.5092154225563073,0.5212199687957764,0.5352770686149597
AAPL|2018-06-01 13:30:00+00:00,AAPL,2018-06,train_forward_oof,1,0.6202519536018372,0.6353856921195984,0.5619119274396681,0.5922034957281703,0.5990524291992188,0.5949841737747192
AMZN|2018-06-01 13:30:00+00:00,AMZN,2018-06,train_forward_oof,1,0.5306915044784546,0.5500912666320801,0.4783676557437126,0.5421748621471262,0.5216751098632812,0.5480669736862183
AAPL|2018-06-01 14:30:00+00:00,AAPL,2018-06,train_forward_oof,1,0.4697405099868774,0.4639906883239746,0.4855683767375642,0.5126248454998568,0.4814245104789734,0.4540655314922333
AMZN|2018-06-01 14:30:00+00:00,AMZN,2018-06,train_forward_oof,1,0.5666742324829102,0.4785126447677612,0.4765533504204623,0.504960595353246,0.5431842803955078,0.500262439250946
AAPL|2018-06-01 15:30:00+00:00,AAPL,2018-06,train_forward_oof,1,0.4512834846973419,0.462230771780014,0.4591774973771055,0.4199883890732854,0.45560330152511597,0.4480544924736023
AMZN|2018-06-01 15:30:00+00:00,AMZN,2018-06,train_forward_oof,0,0.5901163816452026,0.6628634333610535,0.4641827036482503,0.5329502841779404,0.584925651550293,0.5961196422576904
AAPL|2018-06-04 13:30:00+00:00,AAPL,2018-06,train_forward_oof,1,0.6364021301269531,0.647736132144928,0.4638796424767263,0.5813477017095505,0.6239382028579712,0.5968829393386841
AMZN|2018-06-04 13:30:00+00:00,AMZN,2018-06,train_forward_oof,1,0.5947739481925964,0.6877545118331909,0.6054024887847741,0.6021996005151355,0.5885767936706543,0.6132132411003113
AAPL|2018-06-04 14:30:00+00:00,AAPL,2018-06,train_forward_oof,0,0.4687114655971527,0.4632399976253509,0.4368897655582253,0.4501229693571284,0.4745355248451233,0.4546710252761841
AMZN|2018-06-04 14:30:00+00:00,AMZN,2018-06,train_forward_oof,1,0.5777236819267273,0.5590567588806152,0.480430856599856,0.5572574222082423,0.5747760534286499,0.5669867396354675
AAPL|2018-06-04 15:30:00+00:00,AAPL,2018-06,train_forward_oof,0,0.4417963325977325,0.4420724809169769,0.4250350200314879,0.4072824241451913,0.44169163703918457,0.4587918221950531
AMZN|2018-06-04 15:30:00+00:00,AMZN,2018-06,train_forward_oof,1,0.5192673802375793,0.5888933539390564,0.447760592272011,0.4534220507042287,0.5238528251647949,0.5529051423072815
AAPL|2018-06-05 13:30:00+00:00,AAPL,2018-06,train_forward_oof,1,0.6197027564048767,0.6496478915214539,0.498594746404867,0.5718514126453551,0.6002702713012695,0.6406029462814331
AMZN|2018-06-05 13:30:00+00:00,AMZN,2018-06,train_forward_oof,1,0.5566536784172058,0.5446271896362305,0.5652564437970135,0.563463978406071,0.5582921504974365,0.5616192817687988
AAPL|2018-06-05 14:30:00+00:00,AAPL,2018-06,train_forward_oof,0,0.4725334346294403,0.4627819657325744,0.5207387640742602,0.4446621633297013,0.4602150321006775,0.46153366565704346
AMZN|2018-06-05 14:30:00+00:00,AMZN,2018-06,train_forward_oof,1,0.5391377210617065,0.5139903426170349,0.5091868903009181,0.5062889837818383,0.5582345724105835,0.534115195274353
AAPL|2018-06-05 15:30:00+00:00,AAPL,2018-06,train_forward_oof,0,0.452833354473114,0.4382405579090118,0.5170780777026214,0.4062039958818712,0.4420444071292877,0.43033716082572937
AMZN|2018-06-05 15:30:00+00:00,AMZN,2018-06,train_forward_oof,1,0.5133545398712158,0.5163905620574951,0.4562772928174691,0.5683992917867955,0.5347262024879456,0.5412547588348389
AAPL|2018-06-06 13:30:00+00:00,AAPL,2018-06,train_forward_oof,0,0.6407715678215027,0.6962200403213501,0.5144261597092814,0.6074283022518098,0.6391041874885559,0.6744160652160645
AMZN|2018-06-06 13:30:00+00:00,AMZN,2018-06,train_forward_oof,0,0.5181606411933899,0.4843044877052307,0.4372826216577489,0.5646789983505733,0.5101317763328552,0.5216988325119019
AAPL|2018-06-06 14:30:00+00:00,AAPL,2018-06,train_forward_oof,1,0.4621956646442413,0.4847469329833984,0.3983370521047849,0.5152915925257302,0.49127092957496643,0.5158714652061462
AMZN|2018-06-06 14:30:00+00:00,AMZN,2018-06,train_forward_oof,1,0.5235142707824707,0.5300211906433105,0.4354940477682142,0.4406381732600885,0.5192171931266785,0.5108124613761902
AAPL|2018-06-06 15:30:00+00:00,AAPL,2018-06,train_forward_oof,1,0.4572655260562897,0.4802590906620025,0.3457035082629713,0.4050172950083182,0.48646360635757446,0.49368342757225037
AMZN|2018-06-06 15:30:00+00:00,AMZN,2018-06,train_forward_oof,0,0.5322950482368469,0.5542706251144409,0.413203281284427,0.5621686117446133,0.532561719417572,0.5478254556655884
AAPL|2018-06-07 13:30:00+00:00,AAPL,2018-06,train_forward_oof,0,0.6288426518440247,0.6844529509544373,0.6186797712113464,0.5882358509568884,0.6215193867683411,0.6724231839179993
AMZN|2018-06-07 13:30:00+00:00,AMZN,2018-06,train_forward_oof,0,0.5560994148254395,0.6409299969673157,0.4040599712352349,0.5260614325428051,0.540921688079834,0.5682550668716431
AAPL|2018-06-07 14:30:00+00:00,AAPL,2018-06,train_forward_oof,0,0.4701460003852844,0.4713011682033539,0.5107068643782103,0.4348364721642756,0.4875389337539673,0.5175435543060303
AMZN|2018-06-07 14:30:00+00:00,AMZN,2018-06,train_forward_oof,1,0.4737374484539032,0.4822986125946045,0.4023101331517442,0.4831653316271707,0.4953741133213043,0.5000612735748291
AAPL|2018-06-07 15:30:00+00:00,AAPL,2018-06,train_forward_oof,1,0.4522562026977539,0.4688650667667389,0.4750866602592469,0.4219038576636235,0.4842560291290283,0.48775067925453186
AMZN|2018-06-07 15:30:00+00:00,AMZN,2018-06,train_forward_oof,0,0.5079793930053711,0.4926326274871826,0.494442827649023,0.4320048927439909,0.4995180070400238,0.5208354592323303
AAPL|2018-06-08 13:30:00+00:00,AAPL,2018-06,train_forward_oof,1,0.6193692684173584,0.7086469531059265,0.6006447264395416,0.5790388283182563,0.6166795492172241,0.692558765411377
AMZN|2018-06-08 13:30:00+00:00,AMZN,2018-06,train_forward_oof,1,0.5478469133377075,0.6127142906188965,0.5523542909463689,0.5499954638166757,0.5529888272285461,0.5574119687080383
AAPL|2018-06-08 14:30:00+00:00,AAPL,2018-06,train_forward_oof,1,0.4630408883094787,0.4365857243537903,0.5819872761601792,0.415173768178171,0.46821704506874084,0.5043251514434814
AMZN|2018-06-08 14:30:00+00:00,AMZN,2018-06,train_forward_oof,1,0.5430395603179932,0.5199011564254761,0.5724813174324794,0.5548554219534851,0.5254828333854675,0.5342285633087158
AAPL|2018-06-08 15:30:00+00:00,AAPL,2018-06,train_forward_oof,1,0.467196375131607,0.4580305218696594,0.5499611691621213,0.4186696584411314,0.48698702454566956,0.5012744665145874
AMZN|2018-06-08 15:30:00+00:00,AMZN,2018-06,train_forward_oof,0,0.5548526644706726,0.4760635793209076,0.5638956504354834,0.5704863500248424,0.5008825063705444,0.5024929046630859
AAPL|2018-06-11 13:30:00+00:00,AAPL,2018-06,train_forward_oof,1,0.6236393451690674,0.6656798124313354,0.5901671357610486,0.554081407850621,0.6094551086425781,0.6669609546661377
AMZN|2018-06-11 13:30:00+00:00,AMZN,2018-06,train_forward_oof,1,0.565531849861145,0.684364914894104,0.5757001649098703,0.5723931168096973,0.5614879727363586,0.5887693166732788
AAPL|2018-06-11 14:30:00+00:00,AAPL,2018-06,train_forward_oof,1,0.4672164618968963,0.4351714253425598,0.5295186060946041,0.4018053814956304,0.46457788348197937,0.4833560287952423
AMZN|2018-06-11 14:30:00+00:00,AMZN,2018-06,train_forward_oof,1,0.5376284718513489,0.6147236227989197,0.5015618479479909,0.5444902835749288,0.5273232460021973,0.5715427398681641
AAPL|2018-06-11 15:30:00+00:00,AAPL,2018-06,train_forward_oof,1,0.4588818848133087,0.4477513432502746,0.4785653983560731,0.3983977204101548,0.48073357343673706,0.48472216725349426
AMZN|2018-06-11 15:30:00+00:00,AMZN,2018-06,train_forward_oof,1,0.4914040863513946,0.4702880978584289,0.4744398228581054,0.464550159788993,0.4765978753566742,0.5358847975730896
AAPL|2018-06-12 13:30:00+00:00,AAPL,2018-06,train_forward_oof,1,0.6339846849441528,0.6458788514137268,0.5786062100245754,0.5681318054443601,0.6227136850357056,0.6437001824378967
AMZN|2018-06-12 13:30:00+00:00,AMZN,2018-06,train_forward_oof,1,0.5400996208190918,0.5377476811408997,0.4584374203662449,0.5351195748755523,0.5747659206390381,0.5726187825202942
AAPL|2018-06-12 14:30:00+00:00,AAPL,2018-06,train_forward_oof,1,0.4610407650470733,0.4582998156547546,0.4623475842169647,0.4120149786529589,0.48773396015167236,0.46042436361312866
AMZN|2018-06-12 14:30:00+00:00,AMZN,2018-06,train_forward_oof,1,0.511285126209259,0.5024860501289368,0.4754696449945485,0.4753069756183083,0.5326969623565674,0.5391658544540405
AAPL|2018-06-12 15:30:00+00:00,AAPL,2018-06,train_forward_oof,1,0.4396078288555145,0.4283429682254791,0.5051749926445572,0.3691755470350471,0.43155786395072937,0.41657355427742004
AMZN|2018-06-12 15:30:00+00:00,AMZN,2018-06,train_forward_oof,0,0.5370994210243225,0.628767728805542,0.510483736373727,0.5118375107022228,0.5473446249961853,0.5830773115158081
AAPL|2018-06-13 13:30:00+00:00,AAPL,2018-06,train_forward_oof,0,0.6237286925315857,0.6565055847167969,0.6173489272700385,0.6087486372928355,0.6144582033157349,0.6346372365951538
AMZN|2018-06-13 13:30:00+00:00,AMZN,2018-06,train_forward_oof,1,0.5248779058456421,0.5648229122161865,0.4102864615042695,0.5264749720908894,0.5480917692184448,0.5735411047935486
AAPL|2018-06-13 14:30:00+00:00,AAPL,2018-06,train_forward_oof,0,0.462550550699234,0.4675368368625641,0.5266794271117323,0.4447528697626653,0.4755311906337738,0.4764871895313263
AMZN|2018-06-13 14:30:00+00:00,AMZN,2018-06,train_forward_oof,0,0.5357066988945007,0.483473539352417,0.4085281435365874,0.479179462306614,0.5260589718818665,0.5495778918266296
AAPL|2018-06-13 15:30:00+00:00,AAPL,2018-06,train_forward_oof,0,0.4545522034168243,0.4386509358882904,0.4109885918551652,0.3677526822469063,0.458659827709198,0.4617375135421753
AMZN|2018-06-13 15:30:00+00:00,AMZN,2018-06,train_forward_oof,0,0.5333213806152344,0.6159613132476807,0.4045083936437595,0.5080971513848318,0.5277201533317566,0.5867751240730286
AAPL|2018-06-14 13:30:00+00:00,AAPL,2018-06,train_forward_oof,0,0.6180816292762756,0.638186514377594,0.5760095866035776,0.5968661797761435,0.6051861047744751,0.6070348024368286
AMZN|2018-06-14 13:30:00+00:00,AMZN,2018-06,train_forward_oof,1,0.556646466255188,0.5064839124679565,0.5669826059109556,0.5665994282410521,0.5377039909362793,0.5394499897956848
AAPL|2018-06-14 14:30:00+00:00,AAPL,2018-06,train_forward_oof,0,0.4628710448741913,0.4613071978092193,0.4045613493141149,0.466534139574055,0.4776524305343628,0.45419561862945557
AMZN|2018-06-14 14:30:00+00:00,AMZN,2018-06,train_forward_oof,1,0.5945899486541748,0.5198386311531067,0.4013718123876273,0.5040741470988567,0.5516517162322998,0.5444004535675049
AAPL|2018-06-14 15:30:00+00:00,AAPL,2018-06,train_forward_oof,0,0.4489888548851013,0.4326489567756653,0.3537815914598446,0.4195968054421504,0.46527498960494995,0.4409945011138916
AMZN|2018-06-14 15:30:00+00:00,AMZN,2018-06,train_forward_oof,1,0.55046147108078,0.4750542342662811,0.4025248672548202,0.4812355836837643,0.5201057195663452,0.49496299028396606
AAPL|2018-06-15 13:30:00+00:00,AAPL,2018-06,train_forward_oof,0,0.6359139680862427,0.6552780866622925,0.6696978509070196,0.5986349568992682,0.6320921182632446,0.6611847877502441
AMZN|2018-06-15 13:30:00+00:00,AMZN,2018-06,train_forward_oof,1,0.5444873571395874,0.5168578028678894,0.501406070256399,0.5301110917421276,0.5526896715164185,0.5288907289505005
AAPL|2018-06-15 14:30:00+00:00,AAPL,2018-06,train_forward_oof,1,0.4615435898303985,0.4487440288066864,0.6250337093272408,0.4349939242526338,0.4812358617782593,0.4780016541481018
AMZN|2018-06-15 14:30:00+00:00,AMZN,2018-06,train_forward_oof,1,0.5421320796012878,0.5268217325210571,0.5387563634277149,0.5250753141989777,0.5508296489715576,0.5470107197761536
AAPL|2018-06-15 15:30:00+00:00,AAPL,2018-06,train_forward_oof,1,0.4480937421321869,0.4456638395786285,0.5399480807957349,0.3906386780155826,0.45856377482414246,0.4379917085170746
AMZN|2018-06-15 15:30:00+00:00,AMZN,2018-06,train_forward_oof,1,0.5358988046646118,0.4453074932098388,0.5118926359322908,0.5142124037410178,0.5565471053123474,0.4906645715236664
AAPL|2018-06-18 13:30:00+00:00,AAPL,2018-06,train_forward_oof,1,0.615576982498169,0.6390012502670288,0.6656540637255788,0.5395260598200338,0.601392924785614,0.6071738004684448
AMZN|2018-06-18 13:30:00+00:00,AMZN,2018-06,train_forward_oof,1,0.5378418564796448,0.5616556406021118,0.5613706343548513,0.5578319123234394,0.545960009098053,0.534051239490509
AAPL|2018-06-18 14:30:00+00:00,AAPL,2018-06,train_forward_oof,1,0.4621857404708862,0.4338190853595733,0.6426699101169493,0.3715326899278456,0.45967862010002136,0.4514724612236023
AMZN|2018-06-18 14:30:00+00:00,AMZN,2018-06,train_forward_oof,1,0.5215069055557251,0.4635426104068756,0.3784658200473589,0.5571792132801447,0.520693302154541,0.5196350812911987
AAPL|2018-06-18 15:30:00+00:00,AAPL,2018-06,train_forward_oof,0,0.458029955625534,0.4395984411239624,0.5543248620315953,0.4206387452207321,0.4570257067680359,0.43090271949768066
AMZN|2018-06-18 15:30:00+00:00,AMZN,2018-06,train_forward_oof,0,0.5356467962265015,0.5263935923576355,0.3032145783404167,0.5587574946991628,0.5183359384536743,0.531104326248169
AAPL|2018-06-19 13:30:00+00:00,AAPL,2018-06,train_forward_oof,1,0.632164716720581,0.7132518887519836,0.514906981487391,0.6012074107452163,0.6396538615226746,0.6719119548797607
AMZN|2018-06-19 13:30:00+00:00,AMZN,2018-06,train_forward_oof,1,0.4830763936042785,0.5254054069519043,0.4253479951666484,0.5307895525871811,0.4702078700065613,0.49600693583488464
AAPL|2018-06-19 14:30:00+00:00,AAPL,2018-06,train_forward_oof,1,0.4832131564617157,0.470055878162384,0.4355192569811244,0.4615164537711703,0.497600793838501,0.5006818771362305
AMZN|2018-06-19 14:30:00+00:00,AMZN,2018-06,train_forward_oof,1,0.4854589998722076,0.4628971517086029,0.4235714920073449,0.4908846003559273,0.4863545894622803,0.49262112379074097
AAPL|2018-06-19 15:30:00+00:00,AAPL,2018-06,train_forward_oof,1,0.4907202124595642,0.4715851247310638,0.4257706256111812,0.4117864631661915,0.4832904636859894,0.4673839509487152
AMZN|2018-06-19 15:30:00+00:00,AMZN,2018-06,train_forward_oof,1,0.5241597890853882,0.4949841797351837,0.5480566487964726,0.5330209448868773,0.5283685922622681,0.49989035725593567
AAPL|2018-06-20 13:30:00+00:00,AAPL,2018-06,train_forward_oof,1,0.6217204928398132,0.5637478232383728,0.5329207150701771,0.5793202559660151,0.6187472343444824,0.5511659383773804
AMZN|2018-06-20 13:30:00+00:00,AMZN,2018-06,train_forward_oof,1,0.576904833316803,0.6218522191047668,0.4696419728204402,0.5519185914030796,0.5573348999023438,0.5670663118362427
AAPL|2018-06-20 14:30:00+00:00,AAPL,2018-06,train_forward_oof,1,0.4622346460819244,0.4722898006439209,0.4807106340642243,0.443864958004359,0.4719201326370239,0.4512748122215271
AMZN|2018-06-20 14:30:00+00:00,AMZN,2018-06,train_forward_oof,1,0.5071672797203064,0.5932976603507996,0.5037132854113265,0.5009621114669505,0.5269849300384521,0.5510954856872559
AAPL|2018-06-20 15:30:00+00:00,AAPL,2018-06,train_forward_oof,1,0.4504601061344147,0.4559415578842163,0.3663858742496033,0.4472811447026135,0.46011433005332947,0.4416755735874176
AMZN|2018-06-20 15:30:00+00:00,AMZN,2018-06,train_forward_oof,1,0.5232259631156921,0.5694245100021362,0.5830642062150058,0.5786723067559817,0.5291248559951782,0.5403462052345276
AAPL|2018-06-21 13:30:00+00:00,AAPL,2018-06,train_forward_oof,0,0.6301876902580261,0.7056209444999695,0.4664526148923869,0.5782516256346056,0.6263102293014526,0.6788196563720703
AMZN|2018-06-21 13:30:00+00:00,AMZN,2018-06,train_forward_oof,0,0.4939073324203491,0.5297616124153137,0.5455843654445577,0.5429712320976186,0.5412136316299438,0.5348273515701294
AAPL|2018-06-21 14:30:00+00:00,AAPL,2018-06,train_forward_oof,0,0.4845017492771148,0.5015804767608643,0.4378848550034561,0.4902771362640543,0.5141679644584656,0.4922752380371094
AMZN|2018-06-21 14:30:00+00:00,AMZN,2018-06,train_forward_oof,1,0.5052342414855957,0.4777720868587494,0.6068905681736082,0.5648832195201406,0.5146912336349487,0.5137640237808228
AAPL|2018-06-21 15:30:00+00:00,AAPL,2018-06,train_forward_oof,0,0.4442527890205383,0.4509678184986114,0.5086926259419717,0.3992448726653284,0.43741729855537415,0.43518438935279846
AMZN|2018-06-21 15:30:00+00:00,AMZN,2018-06,train_forward_oof,0,0.5371734499931335,0.5333714485168457,0.4822474542501652,0.467330090655255,0.5217888355255127,0.5357068777084351
AAPL|2018-06-22 13:30:00+00:00,AAPL,2018-06,train_forward_oof,0,0.6195024847984314,0.5406013131141663,0.5813080963218346,0.5828104393273242,0.60645991563797,0.5655595660209656
AMZN|2018-06-22 13:30:00+00:00,AMZN,2018-06,train_forward_oof,0,0.5602225065231323,0.6008084416389465,0.4819148249515928,0.479548695194726,0.5196769833564758,0.5063914060592651
AAPL|2018-06-22 14:30:00+00:00,AAPL,2018-06,train_forward_oof,1,0.4599497616291046,0.4778653383255005,0.5774292749571888,0.4422991559066107,0.4720194339752197,0.4602329730987549
AMZN|2018-06-22 14:30:00+00:00,AMZN,2018-06,train_forward_oof,1,0.4688104093074798,0.4662649929523468,0.4306226050374108,0.4263189577440756,0.5070376992225647,0.4961041510105133
AAPL|2018-06-22 15:30:00+00:00,AAPL,2018-06,train_forward_oof,1,0.4505366683006286,0.4584752321243286,0.5075782457176148,0.3954553083829875,0.4493156969547272,0.4387179911136627
AMZN|2018-06-22 15:30:00+00:00,AMZN,2018-06,train_forward_oof,0,0.4879226386547088,0.5374572277069092,0.3415084060657014,0.3487699932679914,0.5106116533279419,0.49526435136795044
AAPL|2018-06-25 13:30:00+00:00,AAPL,2018-06,train_forward_oof,0,0.6274128556251526,0.658537745475769,0.5175956881888472,0.5495522073443716,0.6163743138313293,0.6403790712356567
AMZN|2018-06-25 13:30:00+00:00,AMZN,2018-06,train_forward_oof,0,0.5352889895439148,0.6666635870933533,0.5251603125827747,0.5213913050525607,0.5311419367790222,0.5612450242042542
AAPL|2018-06-25 14:30:00+00:00,AAPL,2018-06,train_forward_oof,0,0.464024931192398,0.4510227739810943,0.5063791947018115,0.4218682132446537,0.47051119804382324,0.4723411798477173
AMZN|2018-06-25 14:30:00+00:00,AMZN,2018-06,train_forward_oof,0,0.4873890280723572,0.4749067425727844,0.3954489591011314,0.4042365261402864,0.5103601217269897,0.5111149549484253
AAPL|2018-06-25 15:30:00+00:00,AAPL,2018-06,train_forward_oof,0,0.4458887875080108,0.4508144557476043,0.4997095216853773,0.4013634092398158,0.45246556401252747,0.4641358256340027
AMZN|2018-06-25 15:30:00+00:00,AMZN,2018-06,train_forward_oof,0,0.4597648382186889,0.5214045643806458,0.3953023877401715,0.3905110405799823,0.49740344285964966,0.5063052177429199
AAPL|2018-06-26 13:30:00+00:00,AAPL,2018-06,train_forward_oof,1,0.6255559921264648,0.6233258247375488,0.4997132656310745,0.6082261878054599,0.6099547147750854,0.6392287611961365
AMZN|2018-06-26 13:30:00+00:00,AMZN,2018-06,train_forward_oof,1,0.5619281530380249,0.56047523021698,0.4804935033337995,0.547009696991294,0.5547675490379333,0.5273945927619934
AAPL|2018-06-26 14:30:00+00:00,AAPL,2018-06,train_forward_oof,1,0.4608403742313385,0.4724177420139313,0.4378391986855307,0.4842761979739071,0.4731166362762451,0.5177117586135864
AMZN|2018-06-26 14:30:00+00:00,AMZN,2018-06,train_forward_oof,1,0.5504180788993835,0.5409982800483704,0.4563012628925055,0.5243404063840319,0.5538695454597473,0.5506405234336853
AAPL|2018-06-26 15:30:00+00:00,AAPL,2018-06,train_forward_oof,1,0.4612567722797394,0.4255788922309875,0.3794330349658837,0.426211804661576,0.4514952003955841,0.4725819528102875
AMZN|2018-06-26 15:30:00+00:00,AMZN,2018-06,train_forward_oof,1,0.530157208442688,0.4624472558498382,0.4428163696557007,0.4367436189558603,0.5300455689430237,0.49314695596694946
AAPL|2018-06-27 13:30:00+00:00,AAPL,2018-06,train_forward_oof,0,0.631725013256073,0.6181178092956543,0.5923434292489855,0.6464286754000137,0.643995463848114,0.6428028345108032
AMZN|2018-06-27 13:30:00+00:00,AMZN,2018-06,train_forward_oof,0,0.5370257496833801,0.5744169354438782,0.4650428756166436,0.5371019427999327,0.5408248901367188,0.5811914801597595
AAPL|2018-06-27 14:30:00+00:00,AAPL,2018-06,train_forward_oof,0,0.4531392455101013,0.4889449775218963,0.5838545487432031,0.5157447790864407,0.4600558280944824,0.47781360149383545
AMZN|2018-06-27 14:30:00+00:00,AMZN,2018-06,train_forward_oof,0,0.510954737663269,0.4901844561100006,0.4908379736054516,0.4820104626247085,0.5105233192443848,0.5292907953262329
AAPL|2018-06-27 15:30:00+00:00,AAPL,2018-06,train_forward_oof,0,0.4462443590164184,0.4639029800891876,0.5702010616218391,0.453930423200617,0.45795565843582153,0.4561476707458496
AMZN|2018-06-27 15:30:00+00:00,AMZN,2018-06,train_forward_oof,0,0.4690417051315307,0.3664023578166961,0.3581950331596034,0.3835705282272105,0.48834893107414246,0.47656840085983276
AAPL|2018-06-28 13:30:00+00:00,AAPL,2018-06,train_forward_oof,1,0.6400668621063232,0.5869505405426025,0.5324481509183291,0.6291703400937123,0.643524169921875,0.6230382919311523
AMZN|2018-06-28 13:30:00+00:00,AMZN,2018-06,train_forward_oof,1,0.5149416923522949,0.4392096102237701,0.5420329133638234,0.5420206326192593,0.5244560241699219,0.5009967088699341
AAPL|2018-06-28 14:30:00+00:00,AAPL,2018-06,train_forward_oof,1,0.4573709666728973,0.4409474432468414,0.4940927675529997,0.5053219651218824,0.4758664667606354,0.48213309049606323
AMZN|2018-06-28 14:30:00+00:00,AMZN,2018-06,train_forward_oof,1,0.5043057799339294,0.4225371778011322,0.5329016664070545,0.5217520187324636,0.49075427651405334,0.48256975412368774
AAPL|2018-06-28 15:30:00+00:00,AAPL,2018-06,train_forward_oof,1,0.4600113034248352,0.435788482427597,0.4594330239973196,0.4384475825120101,0.44095778465270996,0.44287025928497314
AMZN|2018-06-28 15:30:00+00:00,AMZN,2018-06,train_forward_oof,1,0.6098764538764954,0.6403014659881592,0.7598018083712098,0.7321466022696211,0.5715383291244507,0.5773894190788269
AAPL|2018-06-29 13:30:00+00:00,AAPL,2018-06,train_forward_oof,0,0.6320914030075073,0.584170401096344,0.5439822033405738,0.633965285865582,0.6417536735534668,0.5571844577789307
AMZN|2018-06-29 13:30:00+00:00,AMZN,2018-06,train_forward_oof,0,0.5689363479614258,0.6710861921310425,0.6543212584724124,0.6530175613468666,0.5274690985679626,0.5895214080810547
AAPL|2018-06-29 14:30:00+00:00,AAPL,2018-06,train_forward_oof,1,0.4750779569149017,0.4828729629516601,0.518685314477015,0.4986672514717911,0.5006465911865234,0.4609254002571106
AMZN|2018-06-29 14:30:00+00:00,AMZN,2018-06,train_forward_oof,0,0.490734189748764,0.5098103880882263,0.5619330708409522,0.6151387810448306,0.48492127656936646,0.538870096206665
AAPL|2018-06-29 15:30:00+00:00,AAPL,2018-06,train_forward_oof,0,0.4560715556144714,0.4602530896663666,0.4157736335359163,0.4013038543562013,0.46100562810897827,0.4376713037490845
AMZN|2018-06-29 15:30:00+00:00,AMZN,2018-06,train_forward_oof,0,0.5192906856536865,0.5809253454208374,0.5289625040355671,0.4468965515035211,0.5295013189315796,0.5548014640808105
AAPL|2018-07-02 13:30:00+00:00,AAPL,2018-07,train_forward_oof,1,0.5970593094825745,0.5810778737068176,0.531638847130712,0.5401751281312127,0.5893484950065613,0.59255051612854
AMZN|2018-07-02 13:30:00+00:00,AMZN,2018-07,train_forward_oof,1,0.5821384191513062,0.5632133483886719,0.7616580311677148,0.7588004240323845,0.5397326946258545,0.5280358791351318
AAPL|2018-07-02 14:30:00+00:00,AAPL,2018-07,train_forward_oof,1,0.4561828076839447,0.5023929476737976,0.4851611834883112,0.4279249409915859,0.49376505613327026,0.4936753809452057
AMZN|2018-07-02 14:30:00+00:00,AMZN,2018-07,train_forward_oof,1,0.5526977181434631,0.5450807809829712,0.7622440968794791,0.758140942264717,0.5220695734024048,0.5340549349784851
AAPL|2018-07-02 15:30:00+00:00,AAPL,2018-07,train_forward_oof,1,0.4428317546844482,0.4449550211429596,0.4276628414239796,0.4535354911979791,0.4519560933113098,0.45043715834617615
AMZN|2018-07-02 15:30:00+00:00,AMZN,2018-07,train_forward_oof,1,0.5218168497085571,0.5179463028907776,0.5926284688907624,0.5916133981392181,0.5238006114959717,0.5163980722427368
AAPL|2018-07-05 13:30:00+00:00,AAPL,2018-07,train_forward_oof,1,0.615526556968689,0.4808362424373626,0.5104861108927568,0.5485608702643479,0.5716807246208191,0.5539798140525818
AMZN|2018-07-05 13:30:00+00:00,AMZN,2018-07,train_forward_oof,0,0.6120975017547607,0.5729278922080994,0.6790456377909381,0.6772346856365127,0.5914729833602905,0.5692827701568604
AAPL|2018-07-05 14:30:00+00:00,AAPL,2018-07,train_forward_oof,1,0.5518023371696472,0.4591138958930969,0.458212482130772,0.4482725101555208,0.48940137028694153,0.4678199291229248
AMZN|2018-07-05 14:30:00+00:00,AMZN,2018-07,train_forward_oof,1,0.5115343332290649,0.5350461006164551,0.6705969037693262,0.6653192020105608,0.546843409538269,0.548625648021698
AAPL|2018-07-05 15:30:00+00:00,AAPL,2018-07,train_forward_oof,1,0.4979343712329864,0.4539648294448852,0.4466674586590524,0.4418665982549848,0.5002174377441406,0.48231375217437744
AMZN|2018-07-05 15:30:00+00:00,AMZN,2018-07,train_forward_oof,1,0.5982949137687683,0.5070976614952087,0.4684153017999764,0.4716067973672591,0.5770314931869507,0.5240727663040161
AAPL|2018-07-06 13:30:00+00:00,AAPL,2018-07,train_forward_oof,1,0.6066644191741943,0.5884680151939392,0.545137278470812,0.5616220463970196,0.5991259217262268,0.6207751035690308
AMZN|2018-07-06 13:30:00+00:00,AMZN,2018-07,train_forward_oof,1,0.5234249234199524,0.6232312321662903,0.5286853122203851,0.5286418763170717,0.5754521489143372,0.5690465569496155
AAPL|2018-07-06 14:30:00+00:00,AAPL,2018-07,train_forward_oof,1,0.5358562469482422,0.4917590320110321,0.4910181764877225,0.4616087426226177,0.51814866065979,0.541049063205719
AMZN|2018-07-06 14:30:00+00:00,AMZN,2018-07,train_forward_oof,1,0.5324426889419556,0.5687851905822754,0.5493679859146191,0.543490702753595,0.5304824113845825,0.5448746681213379
AAPL|2018-07-06 15:30:00+00:00,AAPL,2018-07,train_forward_oof,1,0.5186935067176819,0.5463356375694275,0.4842929180863329,0.4618462261553271,0.5252432823181152,0.5351329445838928
AMZN|2018-07-06 15:30:00+00:00,AMZN,2018-07,train_forward_oof,1,0.5615826845169067,0.5360600352287292,0.6011617954557819,0.598122433395616,0.5580713152885437,0.5432409048080444
AAPL|2018-07-09 13:30:00+00:00,AAPL,2018-07,train_forward_oof,1,0.625015914440155,0.7486086487770081,0.5675273172137295,0.5723694859440138,0.6358412504196167,0.6621711254119873
AMZN|2018-07-09 13:30:00+00:00,AMZN,2018-07,train_forward_oof,1,0.5908823609352112,0.6839913129806519,0.5892727397128832,0.5860355704882126,0.6060281991958618,0.6233117580413818
AAPL|2018-07-09 14:30:00+00:00,AAPL,2018-07,train_forward_oof,1,0.4810793101787567,0.5037732720375061,0.5219973436875887,0.48319597834293,0.5259309411048889,0.5299968719482422
AMZN|2018-07-09 14:30:00+00:00,AMZN,2018-07,train_forward_oof,1,0.5712229013442993,0.5998659133911133,0.624050329148721,0.6117699521755442,0.5922620296478271,0.6070055365562439
AAPL|2018-07-09 15:30:00+00:00,AAPL,2018-07,train_forward_oof,1,0.5154933929443359,0.5358395576477051,0.4963895712230626,0.4744330169295234,0.5275784134864807,0.5352177023887634
AMZN|2018-07-09 15:30:00+00:00,AMZN,2018-07,train_forward_oof,1,0.5653888583183289,0.5979118943214417,0.5555628765379094,0.540937856678892,0.5544537305831909,0.5531432628631592
AAPL|2018-07-10 13:30:00+00:00,AAPL,2018-07,train_forward_oof,1,0.6107311844825745,0.7991645336151123,0.483482603169613,0.5863808288893246,0.6041560173034668,0.6357115507125854
AMZN|2018-07-10 13:30:00+00:00,AMZN,2018-07,train_forward_oof,1,0.7052718997001648,0.6810745596885681,0.6219047561020876,0.6197000007277829,0.6738020777702332,0.654417872428894
AAPL|2018-07-10 14:30:00+00:00,AAPL,2018-07,train_forward_oof,0,0.5112859010696411,0.5801056027412415,0.4901326899930329,0.4656025289246703,0.5183560848236084,0.5294969081878662
AMZN|2018-07-10 14:30:00+00:00,AMZN,2018-07,train_forward_oof,0,0.6102504134178162,0.5331305861473083,0.5906144750593831,0.5919559434590584,0.6121683716773987,0.6059741973876953
AAPL|2018-07-10 15:30:00+00:00,AAPL,2018-07,train_forward_oof,0,0.4560554027557373,0.5135270953178406,0.452027187804895,0.4412311778793715,0.46580207347869873,0.47162678837776184
AMZN|2018-07-10 15:30:00+00:00,AMZN,2018-07,train_forward_oof,0,0.5225516557693481,0.5569589138031006,0.5177218405629127,0.5167902758687765,0.535185694694519,0.5683532953262329
AAPL|2018-07-11 13:30:00+00:00,AAPL,2018-07,train_forward_oof,1,0.6032052040100098,0.5379595160484314,0.5364239139353525,0.5673496574743625,0.574535071849823,0.5748605728149414
AMZN|2018-07-11 13:30:00+00:00,AMZN,2018-07,train_forward_oof,1,0.6463596820831299,0.6412341594696045,0.5332375968786766,0.5319455627919023,0.6376422047615051,0.6235145330429077
AAPL|2018-07-11 14:30:00+00:00,AAPL,2018-07,train_forward_oof,0,0.5121146440505981,0.5050694942474365,0.4841210243584765,0.4429453372454374,0.49041739106178284,0.498496949672699
AMZN|2018-07-11 14:30:00+00:00,AMZN,2018-07,train_forward_oof,0,0.6058281660079956,0.5370640754699707,0.5184999388711782,0.5363874246097241,0.5974418520927429,0.6007746458053589
AAPL|2018-07-11 15:30:00+00:00,AAPL,2018-07,train_forward_oof,0,0.4417923390865326,0.4697608351707458,0.5048697392963303,0.408071556351373,0.4350584149360657,0.445504754781723
AMZN|2018-07-11 15:30:00+00:00,AMZN,2018-07,train_forward_oof,1,0.500213623046875,0.5267670750617981,0.5526706981406403,0.5906591366769508,0.501956582069397,0.5529897212982178
AAPL|2018-07-12 13:30:00+00:00,AAPL,2018-07,train_forward_oof,1,0.6168493032455444,0.7279456257820129,0.5844714676228806,0.6059477937720252,0.5997169017791748,0.6162847280502319
AMZN|2018-07-12 13:30:00+00:00,AMZN,2018-07,train_forward_oof,1,0.5182185173034668,0.56230229139328,0.5014544650220006,0.5008291946232052,0.5439988970756531,0.5295189619064331
AAPL|2018-07-12 14:30:00+00:00,AAPL,2018-07,train_forward_oof,1,0.5327114462852478,0.5809955596923828,0.5511418456927257,0.4993897434893967,0.5373269319534302,0.5171006321907043
AMZN|2018-07-12 14:30:00+00:00,AMZN,2018-07,train_forward_oof,1,0.5058073401451111,0.5716590881347656,0.4899482620504541,0.483886211962433,0.5449712872505188,0.5440033674240112
AAPL|2018-07-12 15:30:00+00:00,AAPL,2018-07,train_forward_oof,1,0.4496020674705505,0.469243973493576,0.4433384071043886,0.3991061447916548,0.4553348124027252,0.46163490414619446
AMZN|2018-07-12 15:30:00+00:00,AMZN,2018-07,train_forward_oof,1,0.5686222910881042,0.5788607597351074,0.5617690685343352,0.56172361090954,0.5768839716911316,0.5675290822982788
AAPL|2018-07-13 13:30:00+00:00,AAPL,2018-07,train_forward_oof,1,0.6181230545043945,0.5332943201065063,0.546433490987775,0.5857533016960005,0.5965943336486816,0.5775052905082703
AMZN|2018-07-13 13:30:00+00:00,AMZN,2018-07,train_forward_oof,1,0.5438674092292786,0.604944109916687,0.5627114779549587,0.5624319865330891,0.5876972675323486,0.5910070538520813
AAPL|2018-07-13 14:30:00+00:00,AAPL,2018-07,train_forward_oof,0,0.5021505951881409,0.4807335138320923,0.5123393668718569,0.467154803925869,0.49053966999053955,0.4991937577724457
AMZN|2018-07-13 14:30:00+00:00,AMZN,2018-07,train_forward_oof,0,0.5697731971740723,0.5868151187896729,0.526777802275123,0.5776529729066536,0.5998494029045105,0.5848480463027954
AAPL|2018-07-13 15:30:00+00:00,AAPL,2018-07,train_forward_oof,0,0.4345462918281555,0.4423241317272186,0.4269343751578051,0.394141852250385,0.4385658800601959,0.46923115849494934
AMZN|2018-07-13 15:30:00+00:00,AMZN,2018-07,train_forward_oof,0,0.5400883555412292,0.5572619438171387,0.4662361501600615,0.593254162908889,0.5455944538116455,0.551445484161377
AAPL|2018-07-16 13:30:00+00:00,AAPL,2018-07,train_forward_oof,0,0.5982370376586914,0.6128631234169006,0.4430422187075171,0.5531315778039038,0.5761895179748535,0.5805795192718506
AMZN|2018-07-16 13:30:00+00:00,AMZN,2018-07,train_forward_oof,1,0.5879516005516052,0.6879274845123291,0.67057547002806,0.6652137245784007,0.5881050229072571,0.6131037473678589
AAPL|2018-07-16 14:30:00+00:00,AAPL,2018-07,train_forward_oof,0,0.47270467877388,0.4982150495052337,0.4383690012762554,0.4338342246501058,0.48758769035339355,0.5000795125961304
AMZN|2018-07-16 14:30:00+00:00,AMZN,2018-07,train_forward_oof,1,0.5661259293556213,0.6426638960838318,0.5325799144455226,0.6650614558196403,0.5901121497154236,0.5947640538215637
AAPL|2018-07-16 15:30:00+00:00,AAPL,2018-07,train_forward_oof,0,0.4261650741100311,0.4484034478664398,0.3871204760442742,0.4003665286304289,0.42712053656578064,0.44605308771133423
AMZN|2018-07-16 15:30:00+00:00,AMZN,2018-07,train_forward_oof,0,0.5274636149406433,0.585695207118988,0.4967356544896812,0.5340062032016638,0.5386772751808167,0.5361560583114624
AAPL|2018-07-17 13:30:00+00:00,AAPL,2018-07,train_forward_oof,1,0.6130021214485168,0.7281990051269531,0.5707311507360087,0.5778474871117893,0.5972625017166138,0.626527726650238
AMZN|2018-07-17 13:30:00+00:00,AMZN,2018-07,train_forward_oof,1,0.5320329070091248,0.5230376124382019,0.4283987705599901,0.4241844477538263,0.5472599267959595,0.5303242802619934
AAPL|2018-07-17 14:30:00+00:00,AAPL,2018-07,train_forward_oof,1,0.5168737173080444,0.5643414258956909,0.5245576212024383,0.4527339964391393,0.5154260396957397,0.5450849533081055
AMZN|2018-07-17 14:30:00+00:00,AMZN,2018-07,train_forward_oof,1,0.5005877017974854,0.4921295046806335,0.4196742643540379,0.4765834717768742,0.5360209941864014,0.5144113898277283
AAPL|2018-07-17 15:30:00+00:00,AAPL,2018-07,train_forward_oof,1,0.5201473832130432,0.524267315864563,0.5185302702355302,0.4581021085591157,0.5169748663902283,0.5272437334060669
AMZN|2018-07-17 15:30:00+00:00,AMZN,2018-07,train_forward_oof,1,0.5476530194282532,0.5251174569129944,0.4143110624349017,0.5034605593383884,0.5419584512710571,0.5351806282997131
AAPL|2018-07-18 13:30:00+00:00,AAPL,2018-07,train_forward_oof,0,0.6207827925682068,0.5461899638175964,0.5552695482913681,0.5701305407235149,0.598901629447937,0.5701159238815308
AMZN|2018-07-18 13:30:00+00:00,AMZN,2018-07,train_forward_oof,0,0.5805961489677429,0.5984583497047424,0.4760042771147911,0.5750587731012416,0.5574613809585571,0.5566117167472839
AAPL|2018-07-18 14:30:00+00:00,AAPL,2018-07,train_forward_oof,1,0.5126479864120483,0.48727947473526,0.5531859940135391,0.4463033304644085,0.4995010495185852,0.4855262041091919
AMZN|2018-07-18 14:30:00+00:00,AMZN,2018-07,train_forward_oof,1,0.5082060098648071,0.5073769688606262,0.4741709460461513,0.5867182106074623,0.4881584644317627,0.5131725668907166
AAPL|2018-07-18 15:30:00+00:00,AAPL,2018-07,train_forward_oof,1,0.4673381149768829,0.4689353108406067,0.5485095946457132,0.4447656477113373,0.47264525294303894,0.4722282588481903
AMZN|2018-07-18 15:30:00+00:00,AMZN,2018-07,train_forward_oof,0,0.5221903324127197,0.5232316255569458,0.4330718382292455,0.4566512732462358,0.5127948522567749,0.5304227471351624
AAPL|2018-07-19 13:30:00+00:00,AAPL,2018-07,train_forward_oof,1,0.6069656610488892,0.4956940114498138,0.4929595525783834,0.5535068017288174,0.5949117541313171,0.6021981835365295
AMZN|2018-07-19 13:30:00+00:00,AMZN,2018-07,train_forward_oof,0,0.5974359512329102,0.6199408173561096,0.5862716800821685,0.5816882467266815,0.574199914932251,0.5675013661384583
AAPL|2018-07-19 14:30:00+00:00,AAPL,2018-07,train_forward_oof,1,0.5030781030654907,0.5110995173454285,0.4697704903871002,0.4232561393898293,0.5050070285797119,0.5122105479240417
AMZN|2018-07-19 14:30:00+00:00,AMZN,2018-07,train_forward_oof,0,0.5508620142936707,0.5420624017715454,0.5697026019157676,0.5671041646318546,0.5404015779495239,0.5267401337623596
AAPL|2018-07-19 15:30:00+00:00,AAPL,2018-07,train_forward_oof,0,0.5656183958053589,0.5475848913192749,0.4666018561968927,0.4793156002745801,0.5386329293251038,0.49397170543670654
AMZN|2018-07-19 15:30:00+00:00,AMZN,2018-07,train_forward_oof,0,0.5019602179527283,0.5273969769477844,0.4508434750624047,0.4505842499520501,0.5392880439758301,0.5221864581108093
AAPL|2018-07-20 13:30:00+00:00,AAPL,2018-07,train_forward_oof,1,0.6343052387237549,0.798599123954773,0.5739756773663214,0.6168670721822652,0.6440434455871582,0.6634891629219055
AMZN|2018-07-20 13:30:00+00:00,AMZN,2018-07,train_forward_oof,0,0.5492894053459167,0.5330861806869507,0.5897133394396323,0.5884809717531606,0.5496557354927063,0.5399020314216614
AAPL|2018-07-20 14:30:00+00:00,AAPL,2018-07,train_forward_oof,0,0.4954773783683777,0.4501834809780121,0.5404660960932928,0.4879377135766688,0.5105087161064148,0.4951971769332886
AMZN|2018-07-20 14:30:00+00:00,AMZN,2018-07,train_forward_oof,0,0.5356110334396362,0.5867466926574707,0.5971732804249269,0.5869236025208189,0.5567840337753296,0.5433847904205322
AAPL|2018-07-20 15:30:00+00:00,AAPL,2018-07,train_forward_oof,0,0.4860681593418121,0.5206656455993652,0.4471550527747044,0.4349803978226424,0.5098174810409546,0.5137173533439636
AMZN|2018-07-20 15:30:00+00:00,AMZN,2018-07,train_forward_oof,0,0.5088062882423401,0.5602442622184753,0.4989580710925332,0.4996311277761234,0.5374505519866943,0.5379555821418762
AAPL|2018-07-23 13:30:00+00:00,AAPL,2018-07,train_forward_oof,1,0.5880168080329895,0.5880829095840454,0.5726715046359802,0.550405074279528,0.5496385097503662,0.5755304098129272
AMZN|2018-07-23 13:30:00+00:00,AMZN,2018-07,train_forward_oof,0,0.5463730096817017,0.5463002324104309,0.7124082247820459,0.7082405077270179,0.49869123101234436,0.5250062346458435
AAPL|2018-07-23 14:30:00+00:00,AAPL,2018-07,train_forward_oof,1,0.4912421405315399,0.4993570446968078,0.5214777925502483,0.4310813256893107,0.4679519832134247,0.4723569452762604
AMZN|2018-07-23 14:30:00+00:00,AMZN,2018-07,train_forward_oof,1,0.4952004551887512,0.4954416155815124,0.5427393689277831,0.6600400746397939,0.47459161281585693,0.5128955245018005
AAPL|2018-07-23 15:30:00+00:00,AAPL,2018-07,train_forward_oof,1,0.4555322527885437,0.5026142597198486,0.4627153115105314,0.4498279594358393,0.4765258729457855,0.4778379797935486
AMZN|2018-07-23 15:30:00+00:00,AMZN,2018-07,train_forward_oof,0,0.480193555355072,0.4322096407413482,0.4357474658698158,0.4221686498905301,0.4578798711299896,0.4858800768852234
AAPL|2018-07-24 13:30:00+00:00,AAPL,2018-07,train_forward_oof,1,0.6080216765403748,0.6263144016265869,0.4860091414660401,0.5462193799314293,0.602449893951416,0.5794548392295837
AMZN|2018-07-24 13:30:00+00:00,AMZN,2018-07,train_forward_oof,0,0.5327319502830505,0.6603609919548035,0.4690167433348108,0.4629327325094403,0.5580148100852966,0.5880610942840576
AAPL|2018-07-24 14:30:00+00:00,AAPL,2018-07,train_forward_oof,0,0.5079114437103271,0.4866970479488373,0.5002937745759538,0.4247533384530448,0.5097683668136597,0.4955501854419708
AMZN|2018-07-24 14:30:00+00:00,AMZN,2018-07,train_forward_oof,0,0.5511675477027893,0.6377490162849426,0.4878184511154409,0.4194514450161781,0.5667130947113037,0.5675864219665527
AAPL|2018-07-24 15:30:00+00:00,AAPL,2018-07,train_forward_oof,1,0.4459370672702789,0.4606080651283264,0.5205783198101244,0.4357117617254885,0.45642730593681335,0.4803581237792969
AMZN|2018-07-24 15:30:00+00:00,AMZN,2018-07,train_forward_oof,0,0.5333050489425659,0.6304055452346802,0.5095551351421798,0.4711995462338079,0.5602687001228333,0.5536513924598694
AAPL|2018-07-25 13:30:00+00:00,AAPL,2018-07,train_forward_oof,1,0.6268973350524902,0.6840422749519348,0.5312880959227746,0.5972328587382663,0.6154949069023132,0.6162326335906982
AMZN|2018-07-25 13:30:00+00:00,AMZN,2018-07,train_forward_oof,1,0.5954388976097107,0.5552114248275757,0.6514668428778225,0.6511822164503437,0.5418567061424255,0.5516744256019592
AAPL|2018-07-25 14:30:00+00:00,AAPL,2018-07,train_forward_oof,1,0.4939538836479187,0.5100491642951965,0.4625475272742569,0.4697640736301547,0.5104548931121826,0.52745521068573
AMZN|2018-07-25 14:30:00+00:00,AMZN,2018-07,train_forward_oof,1,0.6030808091163635,0.532292902469635,0.5260708157620853,0.6319684187242419,0.5175158381462097,0.5384269952774048
AAPL|2018-07-25 15:30:00+00:00,AAPL,2018-07,train_forward_oof,1,0.4763258695602417,0.4839148819446563,0.3989561696998108,0.4008092750855275,0.47187986969947815,0.48814868927001953
AMZN|2018-07-25 15:30:00+00:00,AMZN,2018-07,train_forward_oof,1,0.5723429918289185,0.521072506904602,0.4940801975953022,0.5396334601023515,0.5271946787834167,0.5327548384666443
AAPL|2018-07-26 13:30:00+00:00,AAPL,2018-07,train_forward_oof,1,0.6075790524482727,0.59596186876297,0.5307568196382891,0.5545108094592027,0.5798785090446472,0.5585578680038452
AMZN|2018-07-26 13:30:00+00:00,AMZN,2018-07,train_forward_oof,0,0.6281725764274597,0.675757884979248,0.6076116452323497,0.605661055148586,0.6393406391143799,0.6513362526893616
AAPL|2018-07-26 14:30:00+00:00,AAPL,2018-07,train_forward_oof,0,0.5252158045768738,0.5348398685455322,0.4711812878481742,0.4656763535293289,0.508482813835144,0.5176305770874023
AMZN|2018-07-26 14:30:00+00:00,AMZN,2018-07,train_forward_oof,0,0.5615898966789246,0.5946456789970398,0.4934674650041273,0.6157713630328362,0.5834177136421204,0.6113954782485962
AAPL|2018-07-26 15:30:00+00:00,AAPL,2018-07,train_forward_oof,0,0.4263854324817657,0.4503088593482971,0.4525449690103711,0.4145105566020527,0.4339101314544678,0.4693647623062134
AMZN|2018-07-26 15:30:00+00:00,AMZN,2018-07,train_forward_oof,0,0.5071359276771545,0.5057064890861511,0.4276972131409341,0.4155713066432374,0.5050795674324036,0.5320784449577332
AAPL|2018-07-27 13:30:00+00:00,AAPL,2018-07,train_forward_oof,0,0.6172811388969421,0.4237734973430633,0.5407243655937537,0.5924387168825171,0.6124429106712341,0.5977843403816223
AMZN|2018-07-27 13:30:00+00:00,AMZN,2018-07,train_forward_oof,0,0.5201826691627502,0.5785531997680664,0.4101854649833197,0.6540832135079235,0.525490403175354,0.5672306418418884
AAPL|2018-07-27 14:30:00+00:00,AAPL,2018-07,train_forward_oof,0,0.5136252045631409,0.5284739136695862,0.5068465023494813,0.552527293729126,0.5361355543136597,0.523095965385437
AMZN|2018-07-27 14:30:00+00:00,AMZN,2018-07,train_forward_oof,0,0.524590253829956,0.517819881439209,0.4260426377104975,0.6421677651159522,0.503246545791626,0.5527019500732422
AAPL|2018-07-27 15:30:00+00:00,AAPL,2018-07,train_forward_oof,0,0.4631966352462768,0.4824025630950928,0.4848512824232981,0.3821597095843167,0.4429665505886078,0.47098255157470703
AMZN|2018-07-27 15:30:00+00:00,AMZN,2018-07,train_forward_oof,0,0.4996280074119568,0.4577817916870117,0.3089860009513902,0.2980803015812814,0.4662954807281494,0.4920142590999603
AAPL|2018-07-30 13:30:00+00:00,AAPL,2018-07,train_forward_oof,0,0.601279079914093,0.4782724678516388,0.5375023312278996,0.5449666869028187,0.5690448880195618,0.571997344493866
AMZN|2018-07-30 13:30:00+00:00,AMZN,2018-07,train_forward_oof,0,0.537546694278717,0.552606463432312,0.7364911194905954,0.731686203585386,0.532681941986084,0.5477030277252197
AAPL|2018-07-30 14:30:00+00:00,AAPL,2018-07,train_forward_oof,0,0.5184767842292786,0.5016788840293884,0.5186248647882776,0.4350850148947469,0.4945754408836365,0.4952832758426666
AMZN|2018-07-30 14:30:00+00:00,AMZN,2018-07,train_forward_oof,0,0.5609439611434937,0.540444552898407,0.5361250554553976,0.5573416759585311,0.556144118309021,0.5404520630836487
AAPL|2018-07-30 15:30:00+00:00,AAPL,2018-07,train_forward_oof,1,0.4757549464702606,0.4671464264392853,0.490723776008422,0.4384407840714375,0.4874328076839447,0.486385703086853
AMZN|2018-07-30 15:30:00+00:00,AMZN,2018-07,train_forward_oof,0,0.5700498223304749,0.5271428227424622,0.4515881508053216,0.492799382045393,0.57923424243927,0.5587212443351746
AAPL|2018-07-31 13:30:00+00:00,AAPL,2018-07,train_forward_oof,1,0.6050159335136414,0.4511261880397796,0.5331734169053169,0.5543120696732228,0.5876725912094116,0.6093170642852783
AMZN|2018-07-31 13:30:00+00:00,AMZN,2018-07,train_forward_oof,0,0.6361228823661804,0.5531802177429199,0.5447681918150842,0.5406213616865957,0.5645315051078796,0.5757923722267151
AAPL|2018-07-31 14:30:00+00:00,AAPL,2018-07,train_forward_oof,1,0.5223869681358337,0.4371535778045654,0.4992543726251232,0.4435128654094117,0.5079013109207153,0.5144180655479431
AMZN|2018-07-31 14:30:00+00:00,AMZN,2018-07,train_forward_oof,1,0.5624563694000244,0.5286667943000793,0.829564287567984,0.7752317448036297,0.5469932556152344,0.5354174375534058
AAPL|2018-07-31 15:30:00+00:00,AAPL,2018-07,train_forward_oof,1,0.5515657067298889,0.4817398488521576,0.4748748182769375,0.4239020160720915,0.5133106708526611,0.5322182774543762
AMZN|2018-07-31 15:30:00+00:00,AMZN,2018-07,train_forward_oof,1,0.6160234212875366,0.5097023844718933,0.5003395512878388,0.4898847771168581,0.5824045538902283,0.5460134744644165
AAPL|2018-08-01 13:30:00+00:00,AAPL,2018-08,train_forward_oof,1,0.6442732810974121,0.7155103087425232,0.3100371101259409,0.5305791440490749,0.6392860412597656,0.6577909588813782
AMZN|2018-08-01 13:30:00+00:00,AMZN,2018-08,train_forward_oof,0,0.5237776041030884,0.5520793795585632,0.4224372084528627,0.420262599127111,0.5280900597572327,0.5436474084854126
AAPL|2018-08-01 14:30:00+00:00,AAPL,2018-08,train_forward_oof,1,0.5765751600265503,0.5759283304214478,0.1552565505301172,0.5542312638525169,0.5873308777809143,0.5868884325027466
AMZN|2018-08-01 14:30:00+00:00,AMZN,2018-08,train_forward_oof,0,0.5315383672714233,0.5221124887466431,0.4309976516913927,0.419685098201931,0.5189247131347656,0.5396856069564819
AAPL|2018-08-01 15:30:00+00:00,AAPL,2018-08,train_forward_oof,0,0.5547807216644287,0.5508926510810852,0.442460392297869,0.5761423806648803,0.5629768967628479,0.5796025395393372
AMZN|2018-08-01 15:30:00+00:00,AMZN,2018-08,train_forward_oof,1,0.5511861443519592,0.535760760307312,0.4810562340074309,0.5014528697846757,0.517043948173523,0.5142661929130554
AAPL|2018-08-02 13:30:00+00:00,AAPL,2018-08,train_forward_oof,1,0.6515762209892273,0.6759396195411682,0.6977082994159491,0.6261318053574951,0.6442278623580933,0.6815851330757141
AMZN|2018-08-02 13:30:00+00:00,AMZN,2018-08,train_forward_oof,1,0.5492290258407593,0.5307623744010925,0.6347073218070842,0.6355699871530952,0.5214720964431763,0.5378526449203491
AAPL|2018-08-02 14:30:00+00:00,AAPL,2018-08,train_forward_oof,1,0.5103803277015686,0.4039105474948883,0.6012226177707218,0.5240073476278795,0.519710123538971,0.4871915578842163
AMZN|2018-08-02 14:30:00+00:00,AMZN,2018-08,train_forward_oof,1,0.5447162389755249,0.5311530828475952,0.7163005644801891,0.7059346674461302,0.5159924030303955,0.519618034362793
AAPL|2018-08-02 15:30:00+00:00,AAPL,2018-08,train_forward_oof,1,0.6010096073150635,0.4812122285366058,0.6148625117113674,0.639064528147259,0.623314619064331,0.5556576251983643
AMZN|2018-08-02 15:30:00+00:00,AMZN,2018-08,train_forward_oof,1,0.5291544198989868,0.5386185050010681,0.6159269863168483,0.6134593596296626,0.5552191138267517,0.5418936610221863
AAPL|2018-08-03 13:30:00+00:00,AAPL,2018-08,train_forward_oof,1,0.6794775128364563,0.6082322597503662,0.3680051097128814,0.7031533653404616,0.7024505734443665,0.6731703281402588
AMZN|2018-08-03 13:30:00+00:00,AMZN,2018-08,train_forward_oof,0,0.5688347220420837,0.5774063467979431,0.3691363107110908,0.6093084200716146,0.5827171802520752,0.5515196323394775
AAPL|2018-08-03 14:30:00+00:00,AAPL,2018-08,train_forward_oof,1,0.513285219669342,0.4754949510097503,0.4262564022820936,0.6185524878755523,0.5325440764427185,0.5281652212142944
AMZN|2018-08-03 14:30:00+00:00,AMZN,2018-08,train_forward_oof,0,0.5523347854614258,0.5136865377426147,0.201026515034488,0.5829824423256742,0.5504322052001953,0.5478105545043945
AAPL|2018-08-03 15:30:00+00:00,AAPL,2018-08,train_forward_oof,1,0.5348581075668335,0.4878595769405365,0.3040845202369613,0.4950263172345789,0.5216109752655029,0.5301909446716309
AMZN|2018-08-03 15:30:00+00:00,AMZN,2018-08,train_forward_oof,0,0.4941717088222503,0.495395690202713,0.4698277139752716,0.5064693949467126,0.4944112300872803,0.5131432414054871
AAPL|2018-08-06 13:30:00+00:00,AAPL,2018-08,train_forward_oof,1,0.6469026803970337,0.6792511343955994,0.5413142099946759,0.5591185252823111,0.629914402961731,0.6335270404815674
AMZN|2018-08-06 13:30:00+00:00,AMZN,2018-08,train_forward_oof,1,0.5866791009902954,0.6249838471412659,0.622314456247077,0.6185188823347665,0.6145899891853333,0.5856730937957764
AAPL|2018-08-06 14:30:00+00:00,AAPL,2018-08,train_forward_oof,1,0.5030187368392944,0.5021036267280579,0.4281423708901386,0.436395042122926,0.4942590892314911,0.4931597411632538
AMZN|2018-08-06 14:30:00+00:00,AMZN,2018-08,train_forward_oof,1,0.5647543668746948,0.5586128830909729,0.6704813472877916,0.6523499829125953,0.5927362442016602,0.5587233901023865
AAPL|2018-08-06 15:30:00+00:00,AAPL,2018-08,train_forward_oof,1,0.5126029253005981,0.5307051539421082,0.4618732717052769,0.4664630481303045,0.5043942332267761,0.49926459789276123
AMZN|2018-08-06 15:30:00+00:00,AMZN,2018-08,train_forward_oof,1,0.4986195564270019,0.4868046343326568,0.4574499719337697,0.4582056114003644,0.5016672015190125,0.5042321681976318
AAPL|2018-08-07 13:30:00+00:00,AAPL,2018-08,train_forward_oof,0,0.6498392224311829,0.8033365607261658,0.5804508779268398,0.5786943885185096,0.6441904902458191,0.7051755785942078
AMZN|2018-08-07 13:30:00+00:00,AMZN,2018-08,train_forward_oof,1,0.5422119498252869,0.5483444333076477,0.6549185853917284,0.6047280007841113,0.5471531748771667,0.5605864524841309
AAPL|2018-08-07 14:30:00+00:00,AAPL,2018-08,train_forward_oof,0,0.4972820878028869,0.529941737651825,0.668806163189103,0.4980278551298595,0.5162802934646606,0.5547603368759155
AMZN|2018-08-07 14:30:00+00:00,AMZN,2018-08,train_forward_oof,1,0.5265239477157593,0.5220155715942383,0.6514660611181375,0.623020815969721,0.51933753490448,0.5321753025054932
AAPL|2018-08-07 15:30:00+00:00,AAPL,2018-08,train_forward_oof,0,0.4752312302589416,0.5217079520225525,0.6996911998242421,0.4435773833405422,0.4767621159553528,0.5199110507965088
AMZN|2018-08-07 15:30:00+00:00,AMZN,2018-08,train_forward_oof,1,0.502371072769165,0.5007757544517517,0.5829458271741093,0.4706367171030294,0.4967156648635864,0.5385778546333313
AAPL|2018-08-08 13:30:00+00:00,AAPL,2018-08,train_forward_oof,1,0.6528416275978088,0.7268282771110535,0.6432567489931759,0.6068440049727457,0.6533209085464478,0.6867594718933105
AMZN|2018-08-08 13:30:00+00:00,AMZN,2018-08,train_forward_oof,1,0.5702540874481201,0.6215572953224182,0.5814072451561706,0.5800494519832455,0.5782366394996643,0.5680863857269287
AAPL|2018-08-08 14:30:00+00:00,AAPL,2018-08,train_forward_oof,1,0.5043593645095825,0.4721953570842743,0.5668086682112535,0.5115143709099715,0.5137671232223511,0.5119555592536926
AMZN|2018-08-08 14:30:00+00:00,AMZN,2018-08,train_forward_oof,1,0.5382806658744812,0.5280296802520752,0.598403851759404,0.5918443531834808,0.5246582627296448,0.5495398044586182
AAPL|2018-08-08 15:30:00+00:00,AAPL,2018-08,train_forward_oof,1,0.4878097176551819,0.4924210608005523,0.3140681129921636,0.4298414480351633,0.4898996353149414,0.515489399433136
AMZN|2018-08-08 15:30:00+00:00,AMZN,2018-08,train_forward_oof,1,0.578504204750061,0.520529568195343,0.6511720615693453,0.6321895070694423,0.54886794090271,0.5836976766586304
AAPL|2018-08-09 13:30:00+00:00,AAPL,2018-08,train_forward_oof,1,0.6676958203315735,0.4210211634635925,0.7683170255502416,0.6352372426429571,0.6586872935295105,0.6076406836509705
AMZN|2018-08-09 13:30:00+00:00,AMZN,2018-08,train_forward_oof,1,0.5660520195960999,0.5662744045257568,0.5943025692438623,0.5923874770953503,0.5639585852622986,0.555389404296875
AAPL|2018-08-09 14:30:00+00:00,AAPL,2018-08,train_forward_oof,1,0.5058813095092773,0.4396716654300689,0.7534139507175179,0.5376103230489165,0.5085717439651489,0.4978279173374176
AMZN|2018-08-09 14:30:00+00:00,AMZN,2018-08,train_forward_oof,1,0.5505406856536865,0.5371860265731812,0.5494078532965645,0.554040691470739,0.5260577201843262,0.5137990713119507
AAPL|2018-08-09 15:30:00+00:00,AAPL,2018-08,train_forward_oof,1,0.4631078243255615,0.3768761157989502,0.614113847068821,0.4171613364470875,0.46468237042427063,0.44022202491760254
AMZN|2018-08-09 15:30:00+00:00,AMZN,2018-08,train_forward_oof,1,0.5219561457633972,0.5189783573150635,0.5062994797457543,0.5113460367339239,0.5487505793571472,0.5429944396018982
AAPL|2018-08-10 13:30:00+00:00,AAPL,2018-08,train_forward_oof,1,0.6725977063179016,0.6213860511779785,0.8637194974541202,0.6474945087640164,0.6782242655754089,0.6451639533042908
AMZN|2018-08-10 13:30:00+00:00,AMZN,2018-08,train_forward_oof,1,0.5733256340026855,0.5893016457557678,0.5129418968374008,0.5135048726816271,0.521538496017456,0.5471768379211426
AAPL|2018-08-10 14:30:00+00:00,AAPL,2018-08,train_forward_oof,0,0.4814312160015106,0.3880669176578522,0.7782717133837175,0.5031052962357961,0.4801015257835388,0.46104100346565247
AMZN|2018-08-10 14:30:00+00:00,AMZN,2018-08,train_forward_oof,0,0.5420389771461487,0.521105170249939,0.5468478871764042,0.4989600725602096,0.5467280745506287,0.5039408206939697
AAPL|2018-08-10 15:30:00+00:00,AAPL,2018-08,train_forward_oof,0,0.5183472633361816,0.4166575074195862,0.5043428389283323,0.436054828402862,0.5295620560646057,0.49316415190696716
AMZN|2018-08-10 15:30:00+00:00,AMZN,2018-08,train_forward_oof,0,0.5117918848991394,0.5062735080718994,0.518168273846348,0.4796578849023802,0.5250368118286133,0.49449586868286133
AAPL|2018-08-13 13:30:00+00:00,AAPL,2018-08,train_forward_oof,1,0.6462515592575073,0.3995280265808105,0.6600726438552383,0.5927985683845254,0.6486499905586243,0.5884882807731628
AMZN|2018-08-13 13:30:00+00:00,AMZN,2018-08,train_forward_oof,1,0.6249274015426636,0.6725770235061646,0.6170919160343498,0.6146312237926993,0.6435492038726807,0.6316512227058411
AAPL|2018-08-13 14:30:00+00:00,AAPL,2018-08,train_forward_oof,0,0.506393313407898,0.4136478006839752,0.5373954852948382,0.5100813123184077,0.5343030691146851,0.48297154903411865
AMZN|2018-08-13 14:30:00+00:00,AMZN,2018-08,train_forward_oof,0,0.5872789025306702,0.5739933252334595,0.5747577507195801,0.5723439369494047,0.6140213012695312,0.5905008316040039
AAPL|2018-08-13 15:30:00+00:00,AAPL,2018-08,train_forward_oof,0,0.4753670394420624,0.4050735235214233,0.4576576705454481,0.4501798900232757,0.46564993262290955,0.4951166808605194
AMZN|2018-08-13 15:30:00+00:00,AMZN,2018-08,train_forward_oof,0,0.4971527755260467,0.5216352939605713,0.5820418422126012,0.598896427425134,0.5251741409301758,0.5629947185516357
AAPL|2018-08-14 13:30:00+00:00,AAPL,2018-08,train_forward_oof,0,0.6775386929512024,0.8378542065620422,0.8163357458197836,0.6791271370779596,0.6948336958885193,0.7130424976348877
AMZN|2018-08-14 13:30:00+00:00,AMZN,2018-08,train_forward_oof,0,0.5082248449325562,0.5251423716545105,0.4194586299213683,0.4730849571315034,0.5153839588165283,0.5165351629257202
AAPL|2018-08-14 14:30:00+00:00,AAPL,2018-08,train_forward_oof,1,0.4766278266906738,0.4761882424354553,0.7690756817426125,0.569203886902041,0.5110265016555786,0.4975229501724243
AMZN|2018-08-14 14:30:00+00:00,AMZN,2018-08,train_forward_oof,1,0.5242559909820557,0.5134177207946777,0.4157519012875166,0.4155104292701482,0.4943890869617462,0.5160282850265503
AAPL|2018-08-14 15:30:00+00:00,AAPL,2018-08,train_forward_oof,1,0.5164079070091248,0.5796883702278137,0.5204965354393105,0.4662320099521931,0.5231205821037292,0.5797951221466064
AMZN|2018-08-14 15:30:00+00:00,AMZN,2018-08,train_forward_oof,1,0.4278875291347503,0.4607106745243072,0.3240559936349198,0.3254921009340779,0.4294460117816925,0.492203950881958
AAPL|2018-08-15 13:30:00+00:00,AAPL,2018-08,train_forward_oof,1,0.6591920256614685,0.640622079372406,0.7319515107512734,0.5913019395253107,0.6520650386810303,0.6383973360061646
AMZN|2018-08-15 13:30:00+00:00,AMZN,2018-08,train_forward_oof,0,0.5975170135498047,0.6452770233154297,0.5595843622648637,0.5574646712439179,0.608232319355011,0.6112363934516907
AAPL|2018-08-15 14:30:00+00:00,AAPL,2018-08,train_forward_oof,1,0.5212346911430359,0.4424428045749664,0.567828359477018,0.4633352772624942,0.515334963798523,0.4928254187107086
AMZN|2018-08-15 14:30:00+00:00,AMZN,2018-08,train_forward_oof,1,0.5424667596817017,0.5370820760726929,0.6434734932421706,0.6328141470551493,0.563707172870636,0.5639890432357788
AAPL|2018-08-15 15:30:00+00:00,AAPL,2018-08,train_forward_oof,1,0.49720299243927,0.3539080321788788,0.5287823747505619,0.4455146573138245,0.5027003884315491,0.42383909225463867
AMZN|2018-08-15 15:30:00+00:00,AMZN,2018-08,train_forward_oof,0,0.5069999694824219,0.4883773922920227,0.4726761456381197,0.4492187137396793,0.48362332582473755,0.5146878957748413
AAPL|2018-08-16 13:30:00+00:00,AAPL,2018-08,train_forward_oof,1,0.6484807133674622,0.7651387453079224,0.476828115472085,0.5922306416351988,0.65016108751297,0.6231523156166077
AMZN|2018-08-16 13:30:00+00:00,AMZN,2018-08,train_forward_oof,0,0.497915655374527,0.5412511825561523,0.4196165021189423,0.5161449036488355,0.5085278153419495,0.5257572531700134
AAPL|2018-08-16 14:30:00+00:00,AAPL,2018-08,train_forward_oof,1,0.5200146436691284,0.5194845795631409,0.3833678149810108,0.4910368689427597,0.5437473058700562,0.5509529113769531
AMZN|2018-08-16 14:30:00+00:00,AMZN,2018-08,train_forward_oof,0,0.5510388016700745,0.5346875786781311,0.4159093778558581,0.4435974698800723,0.5279370546340942,0.5146098732948303
AAPL|2018-08-16 15:30:00+00:00,AAPL,2018-08,train_forward_oof,1,0.5264204144477844,0.4883420169353485,0.2589259626594863,0.4768287903751628,0.5392714738845825,0.5453528761863708
AMZN|2018-08-16 15:30:00+00:00,AMZN,2018-08,train_forward_oof,0,0.5193190574645996,0.5196061730384827,0.4569895356689293,0.3652355264569169,0.5049911141395569,0.509887158870697
AAPL|2018-08-17 13:30:00+00:00,AAPL,2018-08,train_forward_oof,1,0.6628613471984863,0.4548602998256683,0.6460797541047385,0.6223761581791959,0.6673582196235657,0.5932663083076477
AMZN|2018-08-17 13:30:00+00:00,AMZN,2018-08,train_forward_oof,0,0.5928005576133728,0.6240676641464233,0.4860086627102547,0.4855617810960878,0.6051449179649353,0.5841695070266724
AAPL|2018-08-17 14:30:00+00:00,AAPL,2018-08,train_forward_oof,1,0.4741609692573547,0.4125274419784546,0.5698320738245308,0.5103740628528743,0.5268915891647339,0.4578568935394287
AMZN|2018-08-17 14:30:00+00:00,AMZN,2018-08,train_forward_oof,1,0.5484020709991455,0.5266861319541931,0.5207661001233448,0.5202730900615592,0.5554184913635254,0.5523106455802917
AAPL|2018-08-17 15:30:00+00:00,AAPL,2018-08,train_forward_oof,1,0.5595564842224121,0.4339190721511841,0.4201563651263883,0.5303950614090313,0.5746298432350159,0.5307269096374512
AMZN|2018-08-17 15:30:00+00:00,AMZN,2018-08,train_forward_oof,1,0.5195490717887878,0.4929197430610657,0.4945087019076249,0.4788744871767707,0.49111679196357727,0.5227464437484741
AAPL|2018-08-20 13:30:00+00:00,AAPL,2018-08,train_forward_oof,0,0.6611123085021973,0.8162983059883118,0.6559039166206839,0.5846442476104261,0.6480171084403992,0.6949961185455322
AMZN|2018-08-20 13:30:00+00:00,AMZN,2018-08,train_forward_oof,0,0.5538144111633301,0.5980044603347778,0.6223796915987063,0.6191814365732305,0.5585131049156189,0.5584552884101868
AAPL|2018-08-20 14:30:00+00:00,AAPL,2018-08,train_forward_oof,0,0.510164201259613,0.5435461401939392,0.5134897424085286,0.4840757784705117,0.5246773958206177,0.53382807970047
AMZN|2018-08-20 14:30:00+00:00,AMZN,2018-08,train_forward_oof,1,0.5457984805107117,0.5260553359985352,0.7689344366212327,0.6180767323070088,0.5604267120361328,0.5495980978012085
AAPL|2018-08-20 15:30:00+00:00,AAPL,2018-08,train_forward_oof,0,0.4648288786411285,0.4977385699748993,0.574257820737425,0.4526774203368813,0.4610871374607086,0.5039132833480835
AMZN|2018-08-20 15:30:00+00:00,AMZN,2018-08,train_forward_oof,1,0.4642569124698639,0.4947176277637481,0.6317203796100577,0.4590770810678362,0.48582684993743896,0.5213075280189514
AAPL|2018-08-21 13:30:00+00:00,AAPL,2018-08,train_forward_oof,1,0.6485556960105896,0.8146113157272339,0.656919564590907,0.6029945370951487,0.6415970325469971,0.7076377272605896
AMZN|2018-08-21 13:30:00+00:00,AMZN,2018-08,train_forward_oof,1,0.5330522060394287,0.5642215013504028,0.3223926738476487,0.5379034187343196,0.5367559790611267,0.5484017729759216
AAPL|2018-08-21 14:30:00+00:00,AAPL,2018-08,train_forward_oof,1,0.4989738464355469,0.4725247025489807,0.6363401227565135,0.5223234996125053,0.5085096955299377,0.5140127539634705
AMZN|2018-08-21 14:30:00+00:00,AMZN,2018-08,train_forward_oof,0,0.5421173572540283,0.5229025483131409,0.572697503783781,0.5570557308341809,0.5314947366714478,0.5085976719856262
AAPL|2018-08-21 15:30:00+00:00,AAPL,2018-08,train_forward_oof,0,0.542971134185791,0.4835582375526428,0.6011001430085519,0.5365321296645994,0.5385645031929016,0.5093767046928406
AMZN|2018-08-21 15:30:00+00:00,AMZN,2018-08,train_forward_oof,0,0.5218818783760071,0.5178732872009277,0.3233958675962631,0.495687062123649,0.5478008389472961,0.5373406410217285
AAPL|2018-08-22 13:30:00+00:00,AAPL,2018-08,train_forward_oof,1,0.6470522284507751,0.746153712272644,0.5807334796087458,0.5706405270361898,0.6454612016677856,0.6658003926277161
AMZN|2018-08-22 13:30:00+00:00,AMZN,2018-08,train_forward_oof,1,0.526701033115387,0.57671719789505,0.4393746218448552,0.4615190052933454,0.5250071883201599,0.5290738940238953
AAPL|2018-08-22 14:30:00+00:00,AAPL,2018-08,train_forward_oof,1,0.4821426272392273,0.3723522424697876,0.5483434574355113,0.4356690878571488,0.48020488023757935,0.4445563852787018
AMZN|2018-08-22 14:30:00+00:00,AMZN,2018-08,train_forward_oof,1,0.509068489074707,0.5034399628639221,0.4356239601978819,0.4485252211410178,0.5076043605804443,0.5125011205673218
AAPL|2018-08-22 15:30:00+00:00,AAPL,2018-08,train_forward_oof,0,0.5391790866851807,0.4380517303943634,0.4349634652575938,0.5120771233495861,0.5628759264945984,0.4894375205039978
AMZN|2018-08-22 15:30:00+00:00,AMZN,2018-08,train_forward_oof,1,0.5185788869857788,0.5309921503067017,0.5449425887574022,0.5411080784575022,0.5150904655456543,0.5419355034828186
AAPL|2018-08-23 13:30:00+00:00,AAPL,2018-08,train_forward_oof,1,0.650784432888031,0.792177677154541,0.8187628640542373,0.6315014349231253,0.6346277594566345,0.6906193494796753
AMZN|2018-08-23 13:30:00+00:00,AMZN,2018-08,train_forward_oof,1,0.6048834323883057,0.6123625636100769,0.3284191042912263,0.578524782190377,0.6142299175262451,0.5976408123970032
AAPL|2018-08-23 14:30:00+00:00,AAPL,2018-08,train_forward_oof,0,0.4995737075805664,0.569819450378418,0.6890433188247979,0.5084918818801404,0.5236104130744934,0.557245671749115
AMZN|2018-08-23 14:30:00+00:00,AMZN,2018-08,train_forward_oof,0,0.5798524618148804,0.5340436697006226,0.3463446647750037,0.5876074234285121,0.5692881941795349,0.5508056282997131
AAPL|2018-08-23 15:30:00+00:00,AAPL,2018-08,train_forward_oof,1,0.4695553481578827,0.4628255367279053,0.5668084876072691,0.461322632796287,0.4816169738769531,0.4919150173664093
AMZN|2018-08-23 15:30:00+00:00,AMZN,2018-08,train_forward_oof,1,0.4981228411197662,0.4932476878166199,0.3636737356065037,0.5693141008443862,0.5459508895874023,0.5265384316444397
AAPL|2018-08-24 13:30:00+00:00,AAPL,2018-08,train_forward_oof,0,0.6662282943725586,0.6925094127655029,0.8462777712770072,0.6426194383161989,0.6612053513526917,0.6762585043907166
AMZN|2018-08-24 13:30:00+00:00,AMZN,2018-08,train_forward_oof,0,0.5534148216247559,0.601319432258606,0.5094662066181401,0.5095522580686448,0.5344593524932861,0.5448654890060425
AAPL|2018-08-24 14:30:00+00:00,AAPL,2018-08,train_forward_oof,1,0.4851833283901214,0.5257337689399719,0.7551741250202828,0.5199202068918847,0.4977634847164154,0.48446574807167053
AMZN|2018-08-24 14:30:00+00:00,AMZN,2018-08,train_forward_oof,0,0.553489089012146,0.5224676132202148,0.4792975067721387,0.4817201477191124,0.5270277261734009,0.5326542258262634
AAPL|2018-08-24 15:30:00+00:00,AAPL,2018-08,train_forward_oof,1,0.5060165524482727,0.6088454127311707,0.6054453920400827,0.447610654933899,0.5309678316116333,0.5512531995773315
AMZN|2018-08-24 15:30:00+00:00,AMZN,2018-08,train_forward_oof,0,0.502453088760376,0.5200501680374146,0.5234585037603662,0.3858193878486874,0.5323929786682129,0.537909984588623
AAPL|2018-08-27 13:30:00+00:00,AAPL,2018-08,train_forward_oof,1,0.6500607132911682,0.7608619332313538,0.6163907747093906,0.5797577641884263,0.6542382836341858,0.6615791916847229
AMZN|2018-08-27 13:30:00+00:00,AMZN,2018-08,train_forward_oof,1,0.6225759983062744,0.6349584460258484,0.6623435136264275,0.65778860567531,0.6211325526237488,0.6091221570968628
AAPL|2018-08-27 14:30:00+00:00,AAPL,2018-08,train_forward_oof,1,0.5177726745605469,0.4630361497402191,0.4707542841347122,0.4848598376908648,0.5273220539093018,0.5130911469459534
AMZN|2018-08-27 14:30:00+00:00,AMZN,2018-08,train_forward_oof,1,0.5917854309082031,0.5651372075080872,0.6332929915387979,0.6277500407696699,0.6093736886978149,0.5876048803329468
AAPL|2018-08-27 15:30:00+00:00,AAPL,2018-08,train_forward_oof,1,0.5054828524589539,0.3697468936443329,0.3478186375430961,0.4631119483797306,0.5189009308815002,0.4256836473941803
AMZN|2018-08-27 15:30:00+00:00,AMZN,2018-08,train_forward_oof,1,0.4942137002944946,0.5190255641937256,0.4444483479920516,0.4503010604380534,0.5114578008651733,0.5258399844169617
AAPL|2018-08-28 13:30:00+00:00,AAPL,2018-08,train_forward_oof,1,0.6623021960258484,0.7299874424934387,0.6858115574682815,0.5988776587479212,0.6548306941986084,0.6920878887176514
AMZN|2018-08-28 13:30:00+00:00,AMZN,2018-08,train_forward_oof,0,0.6580665111541748,0.6845827102661133,0.5005130577265139,0.5928800389547781,0.6682898998260498,0.6530627012252808
AAPL|2018-08-28 14:30:00+00:00,AAPL,2018-08,train_forward_oof,1,0.5218625068664551,0.5759909152984619,0.612996298943725,0.4786304449057028,0.5314306020736694,0.5738663077354431
AMZN|2018-08-28 14:30:00+00:00,AMZN,2018-08,train_forward_oof,1,0.6039981842041016,0.5803660750389099,0.4967028890643274,0.5676582614031477,0.6214427947998047,0.6105762124061584
AAPL|2018-08-28 15:30:00+00:00,AAPL,2018-08,train_forward_oof,1,0.4828889966011047,0.5306217670440674,0.5862398470232986,0.4564216357722661,0.47113528847694397,0.49737071990966797
AMZN|2018-08-28 15:30:00+00:00,AMZN,2018-08,train_forward_oof,0,0.5489659905433655,0.5260104537010193,0.4762685365418308,0.4734389634207612,0.5646814703941345,0.5508723258972168
AAPL|2018-08-29 13:30:00+00:00,AAPL,2018-08,train_forward_oof,1,0.6541054248809814,0.5126456022262573,0.701956700073636,0.608066241480868,0.626308798789978,0.5971118807792664
AMZN|2018-08-29 13:30:00+00:00,AMZN,2018-08,train_forward_oof,1,0.5829558372497559,0.6098611354827881,0.5839945845527863,0.5826565391000876,0.6048252582550049,0.5930103063583374
AAPL|2018-08-29 14:30:00+00:00,AAPL,2018-08,train_forward_oof,1,0.5162358283996582,0.350297063589096,0.6308692317022283,0.4812038377891319,0.5010866522789001,0.4532679617404938
AMZN|2018-08-29 14:30:00+00:00,AMZN,2018-08,train_forward_oof,1,0.566983163356781,0.5516229867935181,0.5652404555655535,0.5616429847771356,0.5723369717597961,0.5601972937583923
AAPL|2018-08-29 15:30:00+00:00,AAPL,2018-08,train_forward_oof,1,0.5489898920059204,0.4763036966323852,0.4744514845282681,0.4980441434184134,0.5600311160087585,0.4894947409629822
AMZN|2018-08-29 15:30:00+00:00,AMZN,2018-08,train_forward_oof,1,0.5547537803649902,0.533435046672821,0.6169283163694802,0.5962362038899145,0.5426284670829773,0.5529766082763672
AAPL|2018-08-30 13:30:00+00:00,AAPL,2018-08,train_forward_oof,1,0.6628921031951904,0.3553500771522522,0.6333115752152833,0.6186346290629305,0.6719498038291931,0.5542554259300232
AMZN|2018-08-30 13:30:00+00:00,AMZN,2018-08,train_forward_oof,1,0.5649691820144653,0.6000224947929382,0.5362713531742603,0.6390341830377941,0.5641735792160034,0.5940770506858826
AAPL|2018-08-30 14:30:00+00:00,AAPL,2018-08,train_forward_oof,1,0.5060593485832214,0.5432109832763672,0.5562026589237365,0.5041682493717928,0.5481792688369751,0.5541547536849976
AMZN|2018-08-30 14:30:00+00:00,AMZN,2018-08,train_forward_oof,0,0.5393847227096558,0.518338143825531,0.5324791646504003,0.631676491474841,0.5297225713729858,0.5314905643463135
AAPL|2018-08-30 15:30:00+00:00,AAPL,2018-08,train_forward_oof,1,0.5392985939979553,0.5400450229644775,0.6185323600869929,0.5251754418227108,0.5692580342292786,0.5428305864334106
AMZN|2018-08-30 15:30:00+00:00,AMZN,2018-08,train_forward_oof,0,0.4756909310817718,0.5061520934104919,0.5133609197969237,0.6194073427722186,0.5353059768676758,0.540568470954895
AAPL|2018-08-31 13:30:00+00:00,AAPL,2018-08,train_forward_oof,1,0.651252031326294,0.6898075938224792,0.6349987633199129,0.589501157089061,0.6552764773368835,0.6694802641868591
AMZN|2018-08-31 13:30:00+00:00,AMZN,2018-08,train_forward_oof,1,0.4943312406539917,0.538149356842041,0.4114579123114552,0.4161403042580215,0.47959282994270325,0.5218546986579895
AAPL|2018-08-31 14:30:00+00:00,AAPL,2018-08,train_forward_oof,0,0.5683836936950684,0.487856775522232,0.7202739759126903,0.5336272879642014,0.5440890192985535,0.5199975371360779
AMZN|2018-08-31 14:30:00+00:00,AMZN,2018-08,train_forward_oof,0,0.4835241436958313,0.4828527569770813,0.5173131961740844,0.3887037344169678,0.4720343351364136,0.5120803713798523
AAPL|2018-08-31 15:30:00+00:00,AAPL,2018-08,train_forward_oof,0,0.4815535247325897,0.4229121804237366,0.4646768293273397,0.412039451033147,0.4805293381214142,0.4632187783718109
AMZN|2018-08-31 15:30:00+00:00,AMZN,2018-08,train_forward_oof,0,0.452109545469284,0.4908182024955749,0.5906263314113366,0.4486198532983798,0.48979711532592773,0.5104406476020813
AAPL|2018-09-04 13:30:00+00:00,AAPL,2018-09,development,0,0.6300891637802124,0.6436735987663269,0.5755377379934393,0.5769529540330984,0.6458818316459656,0.6577684879302979
AMZN|2018-09-04 13:30:00+00:00,AMZN,2018-09,development,1,0.6360605955123901,0.6951510906219482,0.4343843915509399,0.6780324762084156,0.6350803375244141,0.6543830633163452
AAPL|2018-09-04 14:30:00+00:00,AAPL,2018-09,development,1,0.4543880522251129,0.5009201765060425,0.5323319690733437,0.4802918087418377,0.5129281878471375,0.5346670746803284
AMZN|2018-09-04 14:30:00+00:00,AMZN,2018-09,development,1,0.5576682686805725,0.5496814250946045,0.5395042873849667,0.5586626293940858,0.5789174437522888,0.5753223299980164
AAPL|2018-09-04 15:30:00+00:00,AAPL,2018-09,development,0,0.5626911520957947,0.5676522254943848,0.4734339840025225,0.5019058634883621,0.584867000579834,0.585308313369751
AMZN|2018-09-04 15:30:00+00:00,AMZN,2018-09,development,0,0.6062536835670471,0.5681858062744141,0.6632618058659001,0.6313749338731318,0.5846022367477417,0.5849086046218872
AAPL|2018-09-05 13:30:00+00:00,AAPL,2018-09,development,0,0.6759505271911621,0.654848575592041,0.569648060011646,0.6311771445385066,0.6603783369064331,0.665270209312439
AMZN|2018-09-05 13:30:00+00:00,AMZN,2018-09,development,0,0.6745679378509521,0.6065654158592224,0.5316554796372227,0.744097172730893,0.6227716207504272,0.6009771823883057
AAPL|2018-09-05 14:30:00+00:00,AAPL,2018-09,development,1,0.5684866309165955,0.5740217566490173,0.5163782332274662,0.5803812141653634,0.5903215408325195,0.5781773924827576
AMZN|2018-09-05 14:30:00+00:00,AMZN,2018-09,development,0,0.6499729156494141,0.5488297343254089,0.5394034599020635,0.7838972227754084,0.605810284614563,0.5861145853996277
AAPL|2018-09-05 15:30:00+00:00,AAPL,2018-09,development,1,0.5773907899856567,0.5521013736724854,0.5067002690388968,0.6186013243902065,0.5578177571296692,0.5247834920883179
AMZN|2018-09-05 15:30:00+00:00,AMZN,2018-09,development,0,0.3559193313121795,0.4810024499893188,0.4150918070191625,0.2910591745245778,0.4282977283000946,0.4941868185997009
AAPL|2018-09-06 13:30:00+00:00,AAPL,2018-09,development,0,0.6982372999191284,0.6722752451896667,0.5666974286569904,0.5521088369289517,0.6687253713607788,0.6727859377861023
AMZN|2018-09-06 13:30:00+00:00,AMZN,2018-09,development,0,0.4489562213420868,0.489238291978836,0.3288720439031708,0.3318389126686551,0.454542338848114,0.49760517477989197
AAPL|2018-09-06 14:30:00+00:00,AAPL,2018-09,development,0,0.5332018733024597,0.5347002744674683,0.5350240613333906,0.445752044631886,0.5537351965904236,0.554210364818573
AMZN|2018-09-06 14:30:00+00:00,AMZN,2018-09,development,0,0.4084483087062835,0.4847452938556671,0.2245300479105857,0.2394710592993392,0.465063214302063,0.5086802840232849
AAPL|2018-09-06 15:30:00+00:00,AAPL,2018-09,development,1,0.445408821105957,0.440283715724945,0.5462227198297296,0.4206834454858968,0.46643656492233276,0.4869438111782074
AMZN|2018-09-06 15:30:00+00:00,AMZN,2018-09,development,0,0.4247095286846161,0.4577975571155548,0.3637144905600221,0.3488234214238082,0.4528616666793823,0.5013470649719238
AAPL|2018-09-07 13:30:00+00:00,AAPL,2018-09,development,1,0.6741156578063965,0.6806853413581848,0.6189398487718715,0.6453131866994218,0.6638107895851135,0.6661073565483093
AMZN|2018-09-07 13:30:00+00:00,AMZN,2018-09,development,1,0.5067793130874634,0.5041007399559021,0.581881021014579,0.5824291617253742,0.5050472021102905,0.5074927806854248
AAPL|2018-09-07 14:30:00+00:00,AAPL,2018-09,development,0,0.5380619168281555,0.5406330227851868,0.6148384734641394,0.5234690134291514,0.5525580048561096,0.5550476908683777
AMZN|2018-09-07 14:30:00+00:00,AMZN,2018-09,development,1,0.5514175295829773,0.5208362340927124,0.5146829813861334,0.6456271546230398,0.5514594316482544,0.5341358184814453
AAPL|2018-09-07 15:30:00+00:00,AAPL,2018-09,development,0,0.4879948496818542,0.5170669555664062,0.5624476550242902,0.4392620612924939,0.49681195616722107,0.530306875705719
AMZN|2018-09-07 15:30:00+00:00,AMZN,2018-09,development,0,0.7092350721359253,0.5653345584869385,0.4882657696542902,0.796136663975679,0.6499735713005066,0.5673724412918091
AAPL|2018-09-10 13:30:00+00:00,AAPL,2018-09,development,0,0.6818968653678894,0.6681391596794128,0.6399215494588759,0.6247780929886138,0.6856794357299805,0.6726652383804321
AMZN|2018-09-10 13:30:00+00:00,AMZN,2018-09,development,0,0.6235218048095703,0.5621936321258545,0.5618202959770143,0.7420214930411053,0.5673490166664124,0.5931662321090698
AAPL|2018-09-10 14:30:00+00:00,AAPL,2018-09,development,1,0.5543811917304993,0.5344853401184082,0.5813663174179565,0.5115536949534121,0.5704876780509949,0.5634601712226868
AMZN|2018-09-10 14:30:00+00:00,AMZN,2018-09,development,1,0.6200095415115356,0.5206224322319031,0.4148437857662758,0.7929919005853433,0.5642984509468079,0.5707500576972961
AAPL|2018-09-10 15:30:00+00:00,AAPL,2018-09,development,0,0.5977962613105774,0.589352011680603,0.5619667344941784,0.597426256327627,0.5767205357551575,0.5814564228057861
AMZN|2018-09-10 15:30:00+00:00,AMZN,2018-09,development,0,0.4869649708271026,0.5365338921546936,0.2570237867639994,0.3582321191879498,0.490060031414032,0.5316833853721619
AAPL|2018-09-11 13:30:00+00:00,AAPL,2018-09,development,1,0.6965393424034119,0.669327437877655,0.598490871884391,0.613041582763484,0.6664091348648071,0.6688815951347351
AMZN|2018-09-11 13:30:00+00:00,AMZN,2018-09,development,1,0.5014227628707886,0.4933317601680755,0.48514003030959,0.4828862978850241,0.48286154866218567,0.48246678709983826
AAPL|2018-09-11 14:30:00+00:00,AAPL,2018-09,development,1,0.5643957853317261,0.5358331203460693,0.5187549037517475,0.6149230250025267,0.5693045854568481,0.5582520961761475
AMZN|2018-09-11 14:30:00+00:00,AMZN,2018-09,development,1,0.5604661703109741,0.496116429567337,0.4847941067572487,0.4996785555046344,0.5340059995651245,0.49575769901275635
AAPL|2018-09-11 15:30:00+00:00,AAPL,2018-09,development,1,0.5594868659973145,0.5740101933479309,0.5603604868356021,0.5355233363143214,0.5872176289558411,0.58603835105896
AMZN|2018-09-11 15:30:00+00:00,AMZN,2018-09,development,1,0.5215202569961548,0.5037586688995361,0.4077190675792339,0.6520393020557498,0.5533168911933899,0.5000266432762146
AAPL|2018-09-12 13:30:00+00:00,AAPL,2018-09,development,0,0.6972743272781372,0.6737927794456482,0.4959568979101342,0.6119986969981284,0.6936435103416443,0.682486891746521
AMZN|2018-09-12 13:30:00+00:00,AMZN,2018-09,development,0,0.5314386487007141,0.5342718958854675,0.5796270895471947,0.512048548143312,0.5267634391784668,0.5472151041030884
AAPL|2018-09-12 14:30:00+00:00,AAPL,2018-09,development,1,0.5472264289855957,0.5360822677612305,0.470022165438422,0.5519377891453092,0.5655417442321777,0.5696241855621338
AMZN|2018-09-12 14:30:00+00:00,AMZN,2018-09,development,1,0.5135751962661743,0.4991306662559509,0.5415973763736905,0.4500979530842871,0.5246688723564148,0.5321388244628906
AAPL|2018-09-12 15:30:00+00:00,AAPL,2018-09,development,0,0.5864687561988831,0.6428907513618469,0.4240854769735552,0.6203091959160743,0.6107597947120667,0.6336197853088379
AMZN|2018-09-12 15:30:00+00:00,AMZN,2018-09,development,0,0.5405318140983582,0.5288697481155396,0.4736741724366675,0.6292555945892643,0.5537443161010742,0.5799264311790466
AAPL|2018-09-13 13:30:00+00:00,AAPL,2018-09,development,1,0.7067795991897583,0.6738567352294922,0.4238255438580702,0.5834233450485734,0.6881844997406006,0.6647425293922424
AMZN|2018-09-13 13:30:00+00:00,AMZN,2018-09,development,0,0.5135126113891602,0.5448657870292664,0.5443476352452361,0.5439390328120218,0.510191798210144,0.5312787890434265
AAPL|2018-09-13 14:30:00+00:00,AAPL,2018-09,development,1,0.5762089490890503,0.5380954742431641,0.369789137406743,0.5287114285801017,0.5777187943458557,0.5560659766197205
AMZN|2018-09-13 14:30:00+00:00,AMZN,2018-09,development,0,0.5242509841918945,0.5224539041519165,0.5157778223013888,0.5145414401187642,0.5184618234634399,0.5164312720298767
AAPL|2018-09-13 15:30:00+00:00,AAPL,2018-09,development,0,0.6012893915176392,0.5599504113197327,0.2872394848406578,0.5029549846967183,0.6060371994972229,0.5745929479598999
AMZN|2018-09-13 15:30:00+00:00,AMZN,2018-09,development,0,0.4953810274600982,0.4895263612270355,0.409503653533213,0.4043522196431299,0.5099688172340393,0.5163454413414001
AAPL|2018-09-14 13:30:00+00:00,AAPL,2018-09,development,0,0.6965726017951965,0.6777923107147217,0.5468700162544986,0.5991606063705376,0.6840320825576782,0.6831007599830627
AMZN|2018-09-14 13:30:00+00:00,AMZN,2018-09,development,0,0.6169421076774597,0.6332764029502869,0.5859896155861243,0.5833363333156966,0.586902916431427,0.5476831793785095
AAPL|2018-09-14 14:30:00+00:00,AAPL,2018-09,development,0,0.5200111865997314,0.4985259771347046,0.4916372972742488,0.4644668877674449,0.5102459788322449,0.5219820141792297
AMZN|2018-09-14 14:30:00+00:00,AMZN,2018-09,development,0,0.5649633407592773,0.5104075074195862,0.5957641391466039,0.5838241282674648,0.5767014026641846,0.5137513279914856
AAPL|2018-09-14 15:30:00+00:00,AAPL,2018-09,development,0,0.4825153052806854,0.4846032559871673,0.5190312202195497,0.4841221837228973,0.48247623443603516,0.4952402114868164
AMZN|2018-09-14 15:30:00+00:00,AMZN,2018-09,development,0,0.5274465680122375,0.5010551810264587,0.53854786984016,0.5393996758870806,0.49802079796791077,0.5192574858665466
AAPL|2018-09-17 13:30:00+00:00,AAPL,2018-09,development,0,0.6456924080848694,0.6538959741592407,0.5741075457996383,0.6165502216977099,0.6597240567207336,0.6617899537086487
AMZN|2018-09-17 13:30:00+00:00,AMZN,2018-09,development,0,0.6080726981163025,0.5845213532447815,0.7449351018470809,0.7402968502142048,0.5816356539726257,0.5858035087585449
AAPL|2018-09-17 14:30:00+00:00,AAPL,2018-09,development,0,0.5010330677032471,0.5229888558387756,0.4947803185827331,0.5028029394550505,0.5406652688980103,0.5438031554222107
AMZN|2018-09-17 14:30:00+00:00,AMZN,2018-09,development,1,0.5576137900352478,0.5135289430618286,0.430153964772375,0.4735188331212061,0.5555852055549622,0.5137137770652771
AAPL|2018-09-17 15:30:00+00:00,AAPL,2018-09,development,0,0.4533022046089172,0.4847049117088318,0.4680538463361395,0.412460573197848,0.4776019752025604,0.5156120657920837
AMZN|2018-09-17 15:30:00+00:00,AMZN,2018-09,development,0,0.4771016240119934,0.476303219795227,0.3461459184343087,0.3768247206853377,0.5029008388519287,0.48882290720939636
AAPL|2018-09-18 13:30:00+00:00,AAPL,2018-09,development,1,0.6857280135154724,0.6775214672088623,0.5908545809010142,0.6385588242425346,0.6505684852600098,0.6567155122756958
AMZN|2018-09-18 13:30:00+00:00,AMZN,2018-09,development,1,0.4091446101665497,0.4716640710830688,0.2641282663517039,0.2130496114552968,0.4158647358417511,0.464527428150177
AAPL|2018-09-18 14:30:00+00:00,AAPL,2018-09,development,0,0.5739719867706299,0.5293884873390198,0.5223932042998839,0.5214435554472476,0.5508559942245483,0.5506232976913452
AMZN|2018-09-18 14:30:00+00:00,AMZN,2018-09,development,0,0.4430326521396637,0.4865701198577881,0.2579184170310892,0.201725981845662,0.4567471742630005,0.4807247221469879
AAPL|2018-09-18 15:30:00+00:00,AAPL,2018-09,development,0,0.3781432509422302,0.4459969997406006,0.4121686571474621,0.400189793752004,0.44267207384109497,0.47883498668670654
AMZN|2018-09-18 15:30:00+00:00,AMZN,2018-09,development,0,0.6122811436653137,0.5142728090286255,0.3883889196195145,0.6280201093861916,0.5583534240722656,0.5320436954498291
AAPL|2018-09-19 13:30:00+00:00,AAPL,2018-09,development,0,0.7230356931686401,0.6961442232131958,0.6112781705350524,0.6704069903632954,0.7132629752159119,0.6919536590576172
AMZN|2018-09-19 13:30:00+00:00,AMZN,2018-09,development,0,0.5509932637214661,0.5443514585494995,0.5135742845599564,0.5868155165521733,0.5469205975532532,0.5545186996459961
AAPL|2018-09-19 14:30:00+00:00,AAPL,2018-09,development,1,0.5756925940513611,0.566513180732727,0.5975914550816769,0.6646291246343612,0.5819265842437744,0.5654504299163818
AMZN|2018-09-19 14:30:00+00:00,AMZN,2018-09,development,1,0.5457277297973633,0.491812527179718,0.5055286758247403,0.5922017903591528,0.5541887879371643,0.5291004180908203
AAPL|2018-09-19 15:30:00+00:00,AAPL,2018-09,development,1,0.5791229605674744,0.5634623169898987,0.5303091818308997,0.589374836184853,0.5639088749885559,0.5433412194252014
AMZN|2018-09-19 15:30:00+00:00,AMZN,2018-09,development,1,0.5477345585823059,0.5419806838035583,0.4380006343108275,0.4785774154408931,0.5242022275924683,0.5244841575622559
AAPL|2018-09-20 13:30:00+00:00,AAPL,2018-09,development,1,0.7070392370223999,0.6942959427833557,0.5691187186282938,0.6214436071072406,0.6833627820014954,0.6790274381637573
AMZN|2018-09-20 13:30:00+00:00,AMZN,2018-09,development,1,0.4987478256225586,0.5153360366821289,0.4839782263258644,0.4848397660757765,0.49340662360191345,0.5115751028060913
AAPL|2018-09-20 14:30:00+00:00,AAPL,2018-09,development,0,0.5730623006820679,0.5394770503044128,0.5538609635259025,0.5370473517048163,0.5602226257324219,0.5585451126098633
AMZN|2018-09-20 14:30:00+00:00,AMZN,2018-09,development,1,0.5282286405563354,0.5303019881248474,0.3899738586049254,0.4037792540462292,0.5214544534683228,0.5413369536399841
AAPL|2018-09-20 15:30:00+00:00,AAPL,2018-09,development,0,0.4853924810886383,0.5168560743331909,0.5364407020751377,0.4908189406578286,0.5061260461807251,0.5225650072097778
AMZN|2018-09-20 15:30:00+00:00,AMZN,2018-09,development,0,0.5254122018814087,0.4947144091129303,0.4451776753207032,0.449662576801937,0.5335177183151245,0.5393339395523071
AAPL|2018-09-21 13:30:00+00:00,AAPL,2018-09,development,0,0.6965684294700623,0.6891560554504395,0.6193153092361893,0.6533691105889607,0.6867464780807495,0.6921718120574951
AMZN|2018-09-21 13:30:00+00:00,AMZN,2018-09,development,0,0.6388182640075684,0.6763354539871216,0.4923735318353069,0.6057828173036242,0.6223287582397461,0.6341544389724731
AAPL|2018-09-21 14:30:00+00:00,AAPL,2018-09,development,1,0.4916709363460541,0.5551977157592773,0.731262918023204,0.5737643054669467,0.5598925948143005,0.5624483823776245
AMZN|2018-09-21 14:30:00+00:00,AMZN,2018-09,development,0,0.5987841486930847,0.536623477935791,0.4843293544850699,0.7133178432786146,0.6005908250808716,0.5797343850135803
AAPL|2018-09-21 15:30:00+00:00,AAPL,2018-09,development,0,0.5975313186645508,0.5441865921020508,0.5066562226893038,0.4836955340487476,0.5856137871742249,0.5604576468467712
AMZN|2018-09-21 15:30:00+00:00,AMZN,2018-09,development,0,0.4855677783489227,0.461802065372467,0.4739251589520609,0.3544225044153901,0.49897757172584534,0.49247899651527405
AAPL|2018-09-24 13:30:00+00:00,AAPL,2018-09,development,1,0.6728676557540894,0.664608359336853,0.586364428788082,0.5646436745594409,0.6556849479675293,0.6629964113235474
AMZN|2018-09-24 13:30:00+00:00,AMZN,2018-09,development,1,0.5650163888931274,0.6015708446502686,0.4471521807233521,0.5546375135927675,0.5475524067878723,0.5552983283996582
AAPL|2018-09-24 14:30:00+00:00,AAPL,2018-09,development,1,0.5503400564193726,0.5268653035163879,0.5436572169554805,0.4419940211674992,0.540640115737915,0.5612450242042542
AMZN|2018-09-24 14:30:00+00:00,AMZN,2018-09,development,1,0.572490930557251,0.5373350977897644,0.509832235069733,0.611119896302752,0.5772401690483093,0.5658524632453918
AAPL|2018-09-24 15:30:00+00:00,AAPL,2018-09,development,1,0.568763792514801,0.6569916009902954,0.5355322661563305,0.6009843581668352,0.5764233469963074,0.6099344491958618
AMZN|2018-09-24 15:30:00+00:00,AMZN,2018-09,development,1,0.5379074811935425,0.5724607706069946,0.4901832820443151,0.6035159487578327,0.5585039258003235,0.5611581206321716
AAPL|2018-09-25 13:30:00+00:00,AAPL,2018-09,development,1,0.7149015069007874,0.7009348273277283,0.5798913219112295,0.642567607700019,0.7095295190811157,0.7019742131233215
AMZN|2018-09-25 13:30:00+00:00,AMZN,2018-09,development,1,0.5413293838500977,0.5393266677856445,0.4948467454363262,0.4926692490053283,0.5299135446548462,0.5489598512649536
AAPL|2018-09-25 14:30:00+00:00,AAPL,2018-09,development,1,0.5269246697425842,0.5430457592010498,0.5291685044184685,0.5180586762033645,0.546783983707428,0.5532606244087219
AMZN|2018-09-25 14:30:00+00:00,AMZN,2018-09,development,1,0.5248200297355652,0.4976694881916046,0.4137203525666129,0.4256680383893373,0.5205159783363342,0.525325357913971
AAPL|2018-09-25 15:30:00+00:00,AAPL,2018-09,development,1,0.6092511415481567,0.5897746086120605,0.5361139914702623,0.5437106340976566,0.6330434083938599,0.6008200645446777
AMZN|2018-09-25 15:30:00+00:00,AMZN,2018-09,development,1,0.4937278032302856,0.4417664110660553,0.4722787262354544,0.4334703772600954,0.513068675994873,0.462361603975296
AAPL|2018-09-26 13:30:00+00:00,AAPL,2018-09,development,1,0.6943107843399048,0.6800565719604492,0.5360715647442796,0.6224424673261446,0.6793193817138672,0.6668039560317993
AMZN|2018-09-26 13:30:00+00:00,AMZN,2018-09,development,1,0.6042721271514893,0.6757466197013855,0.5156982030182271,0.5959840500202246,0.6076256632804871,0.6332446336746216
AAPL|2018-09-26 14:30:00+00:00,AAPL,2018-09,development,1,0.5170496702194214,0.5193202495574951,0.5300023527893568,0.5073472067606858,0.5320490598678589,0.5294527411460876
AMZN|2018-09-26 14:30:00+00:00,AMZN,2018-09,development,1,0.5595309734344482,0.5719817876815796,0.476231385827907,0.6265580669975809,0.5527567863464355,0.5891574621200562
AAPL|2018-09-26 15:30:00+00:00,AAPL,2018-09,development,0,0.4485628604888916,0.5476263165473938,0.5820534618650633,0.4663641857501845,0.49988624453544617,0.5504026412963867
AMZN|2018-09-26 15:30:00+00:00,AMZN,2018-09,development,1,0.5813553929328918,0.5276074409484863,0.4520363681216919,0.6234263464062099,0.5642246007919312,0.5669289827346802
AAPL|2018-09-27 13:30:00+00:00,AAPL,2018-09,development,1,0.7025966048240662,0.689117431640625,0.6665783911031586,0.6700740516042251,0.6900932192802429,0.6848016977310181
AMZN|2018-09-27 13:30:00+00:00,AMZN,2018-09,development,1,0.5899633169174194,0.6553975343704224,0.564760677100655,0.596789807753876,0.5832328796386719,0.600949227809906
AAPL|2018-09-27 14:30:00+00:00,AAPL,2018-09,development,1,0.5886485576629639,0.5510128140449524,0.6116248898645411,0.5761758110367786,0.5633435249328613,0.570719838142395
AMZN|2018-09-27 14:30:00+00:00,AMZN,2018-09,development,1,0.5638747215270996,0.5870720744132996,0.5227499373803031,0.5894433994247218,0.5625489354133606,0.5827065706253052
AAPL|2018-09-27 15:30:00+00:00,AAPL,2018-09,development,0,0.5010679960250854,0.5105014443397522,0.5006379931663064,0.5031091988493994,0.4885373115539551,0.5116701722145081
AMZN|2018-09-27 15:30:00+00:00,AMZN,2018-09,development,1,0.538425862789154,0.4971468448638916,0.5164197673276685,0.6085383535018827,0.5142115950584412,0.5077863931655884
AAPL|2018-09-28 13:30:00+00:00,AAPL,2018-09,development,1,0.6694633960723877,0.694847583770752,0.6052382171912768,0.6458872168048579,0.6862316131591797,0.6932640671730042
AMZN|2018-09-28 13:30:00+00:00,AMZN,2018-09,development,1,0.6034325957298279,0.6577823758125305,0.4170814219362997,0.5353540996612525,0.6029465198516846,0.6257898807525635
AAPL|2018-09-28 14:30:00+00:00,AAPL,2018-09,development,0,0.5018243789672852,0.5538646578788757,0.5917361394596148,0.5271675512184751,0.520084023475647,0.5455824732780457
AMZN|2018-09-28 14:30:00+00:00,AMZN,2018-09,development,0,0.5656645894050598,0.5492737293243408,0.4736830933818459,0.5227658341867581,0.5588534474372864,0.5936564803123474
AAPL|2018-09-28 15:30:00+00:00,AAPL,2018-09,development,0,0.4576140344142914,0.537335991859436,0.4698719975532768,0.4364985723236734,0.4932979941368103,0.5465195178985596
AMZN|2018-09-28 15:30:00+00:00,AMZN,2018-09,development,0,0.5914008021354675,0.5477946400642395,0.3493658351600148,0.6057729890599185,0.5857847929000854,0.5854293704032898
AAPL|2018-10-01 13:30:00+00:00,AAPL,2018-10,development,0,0.6804298758506775,0.6866399645805359,0.5937115076682647,0.6083533709274278,0.6807793974876404,0.6912859678268433
AMZN|2018-10-01 13:30:00+00:00,AMZN,2018-10,development,1,0.6118259429931641,0.6043511629104614,0.7156130740401854,0.7126205176769206,0.5882866382598877,0.6077761054039001
AAPL|2018-10-01 14:30:00+00:00,AAPL,2018-10,development,0,0.5782285332679749,0.5621744394302368,0.550803273938872,0.5231870146088077,0.572994589805603,0.5705944299697876
AMZN|2018-10-01 14:30:00+00:00,AMZN,2018-10,development,0,0.5887880325317383,0.5671367645263672,0.681091859332154,0.6783406703108167,0.5542086362838745,0.549650251865387
AAPL|2018-10-01 15:30:00+00:00,AAPL,2018-10,development,0,0.5295280814170837,0.5187616944313049,0.512215355474779,0.4937639558003743,0.5390822887420654,0.5344228744506836
AMZN|2018-10-01 15:30:00+00:00,AMZN,2018-10,development,0,0.4870983958244324,0.4579054415225982,0.4534270645377287,0.4610882432788805,0.5145096778869629,0.4982069730758667
AAPL|2018-10-02 13:30:00+00:00,AAPL,2018-10,development,1,0.6963402628898621,0.6861515045166016,0.5777841527544144,0.6412582441454203,0.6676097512245178,0.6803361773490906
AMZN|2018-10-02 13:30:00+00:00,AMZN,2018-10,development,0,0.5716171264648438,0.5389373898506165,0.2947977739178816,0.5275384253079839,0.546399712562561,0.559227466583252
AAPL|2018-10-02 14:30:00+00:00,AAPL,2018-10,development,1,0.5908264517784119,0.5475660562515259,0.575742078295731,0.5231664602691656,0.5485236644744873,0.5657059550285339
AMZN|2018-10-02 14:30:00+00:00,AMZN,2018-10,development,0,0.5348723530769348,0.5037268400192261,0.4006204318252504,0.4597161551525879,0.5217269659042358,0.5001336932182312
AAPL|2018-10-02 15:30:00+00:00,AAPL,2018-10,development,0,0.5691516995429993,0.5697003602981567,0.430504848315746,0.513314673298991,0.5469986796379089,0.5760309100151062
AMZN|2018-10-02 15:30:00+00:00,AMZN,2018-10,development,0,0.5656540989875793,0.5239992737770081,0.3537430316663728,0.6681594859493163,0.5699417591094971,0.5389519333839417
AAPL|2018-10-03 13:30:00+00:00,AAPL,2018-10,development,1,0.7172691822052002,0.7022138237953186,0.6202952040912335,0.6576368216516713,0.7050785422325134,0.6956575512886047
AMZN|2018-10-03 13:30:00+00:00,AMZN,2018-10,development,0,0.5441399216651917,0.5580549836158752,0.4528651651763146,0.4545657624427694,0.5100704431533813,0.5006067752838135
AAPL|2018-10-03 14:30:00+00:00,AAPL,2018-10,development,0,0.5090378522872925,0.5349759459495544,0.6235313724784888,0.5541320940688255,0.5350112318992615,0.5517131686210632
AMZN|2018-10-03 14:30:00+00:00,AMZN,2018-10,development,0,0.5060895085334778,0.4978918135166168,0.4236028913182676,0.4258358753123029,0.5097424983978271,0.49425458908081055
AAPL|2018-10-03 15:30:00+00:00,AAPL,2018-10,development,0,0.5640519857406616,0.5228897929191589,0.5272106167528062,0.4977890545974877,0.5537108778953552,0.529988169670105
AMZN|2018-10-03 15:30:00+00:00,AMZN,2018-10,development,0,0.441927045583725,0.4418030083179474,0.2587223134940582,0.2713486650208426,0.46163666248321533,0.47215813398361206
AAPL|2018-10-04 13:30:00+00:00,AAPL,2018-10,development,0,0.7033247351646423,0.6914003491401672,0.5934505848110769,0.6585344818106402,0.6807609796524048,0.6817666292190552
AMZN|2018-10-04 13:30:00+00:00,AMZN,2018-10,development,0,0.5578110814094543,0.5646075010299683,0.4888696691603912,0.547441723134445,0.5211217999458313,0.5185422301292419
AAPL|2018-10-04 14:30:00+00:00,AAPL,2018-10,development,0,0.4945503771305084,0.550126314163208,0.5449134074000876,0.5325958259284802,0.5491564869880676,0.5518268942832947
AMZN|2018-10-04 14:30:00+00:00,AMZN,2018-10,development,0,0.5380347371101379,0.5139583945274353,0.4720092823427114,0.5989511520100177,0.529893696308136,0.5379021763801575
AAPL|2018-10-04 15:30:00+00:00,AAPL,2018-10,development,0,0.6129884123802185,0.5569007396697998,0.4920015017296551,0.4894269849881089,0.5996115207672119,0.5726510882377625
AMZN|2018-10-04 15:30:00+00:00,AMZN,2018-10,development,0,0.3763693869113922,0.4091989696025848,0.3690160886983757,0.2341997308938859,0.44368037581443787,0.42532220482826233
AAPL|2018-10-05 13:30:00+00:00,AAPL,2018-10,development,0,0.6549126505851746,0.6535701751708984,0.6467351190437604,0.6161897416342611,0.6404716372489929,0.6520159244537354
AMZN|2018-10-05 13:30:00+00:00,AMZN,2018-10,development,0,0.514805257320404,0.5350783467292786,0.3835085288369158,0.5649688177182328,0.5070608258247375,0.5209890604019165
AAPL|2018-10-05 14:30:00+00:00,AAPL,2018-10,development,0,0.5270978212356567,0.5315221548080444,0.6360977220513107,0.5486483263399994,0.5420006513595581,0.5513439774513245
AMZN|2018-10-05 14:30:00+00:00,AMZN,2018-10,development,0,0.5418612360954285,0.509118378162384,0.3832069261995818,0.6396732602006793,0.5383719801902771,0.5145679116249084
AAPL|2018-10-05 15:30:00+00:00,AAPL,2018-10,development,1,0.4472241699695587,0.4325664937496185,0.6105214640853821,0.4577995398846441,0.45573553442955017,0.458556592464447
AMZN|2018-10-05 15:30:00+00:00,AMZN,2018-10,development,1,0.4091546237468719,0.4412662088871002,0.5012422509573468,0.4113050677638595,0.4495859742164612,0.48113957047462463
AAPL|2018-10-08 13:30:00+00:00,AAPL,2018-10,development,0,0.6513814926147461,0.6760088801383972,0.5603430256536804,0.6054661337040959,0.6538181900978088,0.6577031016349792
AMZN|2018-10-08 13:30:00+00:00,AMZN,2018-10,development,0,0.5562838315963745,0.5475890636444092,0.6267469488040741,0.7141319103276738,0.5662356615066528,0.5620342493057251
AAPL|2018-10-08 14:30:00+00:00,AAPL,2018-10,development,0,0.5307103395462036,0.535600483417511,0.5165079295002627,0.5033978152332417,0.5496622323989868,0.5494410395622253
AMZN|2018-10-08 14:30:00+00:00,AMZN,2018-10,development,0,0.56662917137146,0.5242179036140442,0.6191852296899952,0.7261628229305996,0.5629804730415344,0.5451425909996033
AAPL|2018-10-08 15:30:00+00:00,AAPL,2018-10,development,1,0.5250510573387146,0.4560014307498932,0.4175703332942646,0.4655756071661461,0.5156924724578857,0.48440706729888916
AMZN|2018-10-08 15:30:00+00:00,AMZN,2018-10,development,0,0.4338283240795135,0.4494862854480743,0.556669499492802,0.5936589630988391,0.486337810754776,0.5041483640670776
AAPL|2018-10-09 13:30:00+00:00,AAPL,2018-10,development,1,0.70759516954422,0.6887357831001282,0.5990203694667263,0.6480445156042495,0.6896660923957825,0.6824803352355957
AMZN|2018-10-09 13:30:00+00:00,AMZN,2018-10,development,1,0.567021369934082,0.536177396774292,0.5834104232198607,0.5887206579384774,0.6014527082443237,0.5762845277786255
AAPL|2018-10-09 14:30:00+00:00,AAPL,2018-10,development,0,0.6021155118942261,0.6037015318870544,0.5705056048506016,0.6513479102547438,0.6308746933937073,0.6150828003883362
AMZN|2018-10-09 14:30:00+00:00,AMZN,2018-10,development,0,0.6042678356170654,0.5122459530830383,0.6002801254714417,0.542811639199925,0.6151242256164551,0.5689628720283508
AAPL|2018-10-09 15:30:00+00:00,AAPL,2018-10,development,1,0.5898162126541138,0.574698805809021,0.515439411206271,0.6132925248110787,0.5626198053359985,0.5764918923377991
AMZN|2018-10-09 15:30:00+00:00,AMZN,2018-10,development,0,0.6398651003837585,0.5616283416748047,0.6138013024348036,0.7861227860384562,0.6224880218505859,0.6089719533920288
AAPL|2018-10-10 13:30:00+00:00,AAPL,2018-10,development,0,0.7098565697669983,0.69572514295578,0.6304076408380717,0.6785234459675726,0.6955081820487976,0.6924067735671997
AMZN|2018-10-10 13:30:00+00:00,AMZN,2018-10,development,0,0.5518195033073425,0.5349675416946411,0.4853391094516431,0.5979156216408478,0.5344914197921753,0.542435884475708
AAPL|2018-10-10 14:30:00+00:00,AAPL,2018-10,development,0,0.558307409286499,0.5533077716827393,0.592140826852736,0.5768873591010677,0.5553231835365295,0.5617640614509583
AMZN|2018-10-10 14:30:00+00:00,AMZN,2018-10,development,0,0.5400878190994263,0.4925112724304199,0.4773017975230411,0.6196280066243818,0.5567191243171692,0.5127676129341125
AAPL|2018-10-10 15:30:00+00:00,AAPL,2018-10,development,0,0.4550415575504303,0.4303168952465057,0.5403975815446095,0.4587772870301649,0.46341103315353394,0.440509557723999
AMZN|2018-10-10 15:30:00+00:00,AMZN,2018-10,development,0,0.4974371492862701,0.4729655086994171,0.4695873359983555,0.3361855526533585,0.5078737735748291,0.5165746808052063
AAPL|2018-10-11 13:30:00+00:00,AAPL,2018-10,development,1,0.6777496933937073,0.6674332022666931,0.6071042745162821,0.5982941421320451,0.6459993720054626,0.6577895283699036
AMZN|2018-10-11 13:30:00+00:00,AMZN,2018-10,development,1,0.430761307477951,0.4690016210079193,0.2775054985901903,0.2868047854006068,0.4456597864627838,0.4687356650829315
AAPL|2018-10-11 14:30:00+00:00,AAPL,2018-10,development,0,0.5814464688301086,0.6078280806541443,0.5589668131573107,0.5059088017530028,0.618304967880249,0.6156262755393982
AMZN|2018-10-11 14:30:00+00:00,AMZN,2018-10,development,0,0.4784906208515167,0.4908109009265899,0.3632979849471591,0.3760827763575799,0.49000969529151917,0.5061817169189453
AAPL|2018-10-11 15:30:00+00:00,AAPL,2018-10,development,1,0.5551230311393738,0.5695154070854187,0.4770213298309279,0.4926933894115198,0.6045647859573364,0.5761203765869141
AMZN|2018-10-11 15:30:00+00:00,AMZN,2018-10,development,1,0.4469278752803802,0.4908615350723266,0.5729442225624821,0.55540773461197,0.5222456455230713,0.5444991588592529
AAPL|2018-10-12 13:30:00+00:00,AAPL,2018-10,development,0,0.6791459918022156,0.6801321506500244,0.5365089324702034,0.5935488913036414,0.6854168772697449,0.6862796545028687
AMZN|2018-10-12 13:30:00+00:00,AMZN,2018-10,development,0,0.536847710609436,0.5322931408882141,0.2624067494295288,0.2752057028051662,0.5675441026687622,0.5479626059532166
AAPL|2018-10-12 14:30:00+00:00,AAPL,2018-10,development,0,0.5716352462768555,0.5783900618553162,0.4616757895780512,0.5600892897521003,0.6030838489532471,0.5970367193222046
AMZN|2018-10-12 14:30:00+00:00,AMZN,2018-10,development,0,0.5105864405632019,0.4875937402248382,0.2308842397638811,0.2375503245850167,0.48976564407348633,0.5322420001029968
AAPL|2018-10-12 15:30:00+00:00,AAPL,2018-10,development,1,0.4864295125007629,0.4540263712406158,0.4354383058670217,0.4681917954597829,0.49807313084602356,0.5016287565231323
AMZN|2018-10-12 15:30:00+00:00,AMZN,2018-10,development,0,0.430317759513855,0.4104386866092682,0.4393105394149305,0.1370909003124353,0.4017539620399475,0.48302602767944336
AAPL|2018-10-15 13:30:00+00:00,AAPL,2018-10,development,0,0.6316007971763611,0.6734901666641235,0.527247791538266,0.592603656182354,0.6584137082099915,0.6661689877510071
AMZN|2018-10-15 13:30:00+00:00,AMZN,2018-10,development,0,0.6402277946472168,0.5963572263717651,0.90162394317976,0.8991865608128989,0.6167992353439331,0.605018675327301
AAPL|2018-10-15 14:30:00+00:00,AAPL,2018-10,development,0,0.5643960237503052,0.5605877637863159,0.4865808829345512,0.5496442016860282,0.5733387470245361,0.5663841366767883
AMZN|2018-10-15 14:30:00+00:00,AMZN,2018-10,development,1,0.6622873544692993,0.5645219683647156,0.6795893125794669,0.9272558686508529,0.6240363717079163,0.5984384417533875
AAPL|2018-10-15 15:30:00+00:00,AAPL,2018-10,development,0,0.5612064599990845,0.5743027925491333,0.504056638462715,0.5196716371112736,0.5571736693382263,0.5975750684738159
AMZN|2018-10-15 15:30:00+00:00,AMZN,2018-10,development,0,0.6462375521659851,0.575149416923523,0.4919307457156854,0.647609815000588,0.6060184240341187,0.5637674331665039
AAPL|2018-10-16 13:30:00+00:00,AAPL,2018-10,development,1,0.672605037689209,0.6586514115333557,0.5613937812524284,0.5949035291284663,0.6477235555648804,0.66451495885849
AMZN|2018-10-16 13:30:00+00:00,AMZN,2018-10,development,1,0.525178074836731,0.5240285992622375,0.4615544256584112,0.4636747859098064,0.5304611325263977,0.5393094420433044
AAPL|2018-10-16 14:30:00+00:00,AAPL,2018-10,development,1,0.5386793613433838,0.5323308110237122,0.5046498784142879,0.5269304657266471,0.5471755862236023,0.560232937335968
AMZN|2018-10-16 14:30:00+00:00,AMZN,2018-10,development,1,0.5366681218147278,0.5180767774581909,0.5093930980939371,0.4987062631751989,0.5117633938789368,0.5369123816490173
AAPL|2018-10-16 15:30:00+00:00,AAPL,2018-10,development,1,0.5768370628356934,0.5970486998558044,0.5440360386075612,0.596037414208719,0.5753527879714966,0.5899993777275085
AMZN|2018-10-16 15:30:00+00:00,AMZN,2018-10,development,1,0.551127016544342,0.516656219959259,0.4965721016057998,0.4700758569900112,0.5574381351470947,0.5525338053703308
AAPL|2018-10-17 13:30:00+00:00,AAPL,2018-10,development,0,0.6511256694793701,0.6763976812362671,0.6352577261864135,0.6340383802833056,0.6602707505226135,0.6592572927474976
AMZN|2018-10-17 13:30:00+00:00,AMZN,2018-10,development,0,0.5587257742881775,0.549292802810669,0.6278258706205901,0.6292822094689147,0.5499277710914612,0.5747774243354797
AAPL|2018-10-17 14:30:00+00:00,AAPL,2018-10,development,0,0.5104762315750122,0.5112431049346924,0.5584202959218718,0.5166436980423363,0.528272807598114,0.5325978994369507
AMZN|2018-10-17 14:30:00+00:00,AMZN,2018-10,development,0,0.5221347808837891,0.5042150616645813,0.6578311538292341,0.6464306152805335,0.5291742086410522,0.5468553304672241
AAPL|2018-10-17 15:30:00+00:00,AAPL,2018-10,development,1,0.5541749000549316,0.5590537786483765,0.5546606900068923,0.5217760852376363,0.5518353581428528,0.575164794921875
AMZN|2018-10-17 15:30:00+00:00,AMZN,2018-10,development,0,0.5276520252227783,0.5167307257652283,0.4463298882263439,0.4371346431978942,0.5564014315605164,0.5431074500083923
AAPL|2018-10-18 13:30:00+00:00,AAPL,2018-10,development,0,0.6911981701850891,0.6794564127922058,0.5712664059147812,0.603108896788371,0.666808545589447,0.6695865988731384
AMZN|2018-10-18 13:30:00+00:00,AMZN,2018-10,development,0,0.4870828092098236,0.517799437046051,0.4757453698804054,0.4797842841733448,0.5072516202926636,0.5288508534431458
AAPL|2018-10-18 14:30:00+00:00,AAPL,2018-10,development,0,0.4972780644893646,0.5103175044059753,0.510224676910322,0.4519444549923268,0.5253218412399292,0.5328106880187988
AMZN|2018-10-18 14:30:00+00:00,AMZN,2018-10,development,0,0.4996243119239807,0.5142667889595032,0.4525284143518126,0.459653486048338,0.5214162468910217,0.5078895688056946
AAPL|2018-10-18 15:30:00+00:00,AAPL,2018-10,development,0,0.4608349502086639,0.4408209323883056,0.42782195349082,0.4141379931948052,0.4780444800853729,0.47082626819610596
AMZN|2018-10-18 15:30:00+00:00,AMZN,2018-10,development,0,0.4777334630489349,0.4111904203891754,0.4435974792664122,0.5459026245244597,0.5019266605377197,0.48406824469566345
AAPL|2018-10-19 13:30:00+00:00,AAPL,2018-10,development,1,0.6029129028320312,0.6665879487991333,0.5563509411386399,0.6047924228680527,0.6101658344268799,0.6384385228157043
AMZN|2018-10-19 13:30:00+00:00,AMZN,2018-10,development,0,0.5204655528068542,0.5297260284423828,0.6103009272461289,0.6118988928445637,0.5240408182144165,0.5394572019577026
AAPL|2018-10-19 14:30:00+00:00,AAPL,2018-10,development,0,0.5443431735038757,0.5211631059646606,0.5071992281318685,0.5355546461704281,0.5280413031578064,0.5356472134590149
AMZN|2018-10-19 14:30:00+00:00,AMZN,2018-10,development,0,0.5276479125022888,0.5089324116706848,0.5548722100655383,0.5667097974366673,0.5298531651496887,0.542144238948822
AAPL|2018-10-19 15:30:00+00:00,AAPL,2018-10,development,0,0.518124520778656,0.4817107319831848,0.5138452535120993,0.4795659536454857,0.5079569816589355,0.5044636726379395
AMZN|2018-10-19 15:30:00+00:00,AMZN,2018-10,development,0,0.5002076625823975,0.5065576434135437,0.559745927177199,0.5682080307639228,0.5265777707099915,0.5455579161643982
AAPL|2018-10-22 13:30:00+00:00,AAPL,2018-10,development,1,0.6868690848350525,0.6887319087982178,0.5298579347378854,0.6109610664435816,0.6925787329673767,0.6836758255958557
AMZN|2018-10-22 13:30:00+00:00,AMZN,2018-10,development,1,0.6812914609909058,0.5879740715026855,0.8259428784063809,0.8226025585362596,0.6238460540771484,0.6230980753898621
AAPL|2018-10-22 14:30:00+00:00,AAPL,2018-10,development,1,0.5289012789726257,0.5457226037979126,0.5243040597904807,0.5212004550334575,0.5520381927490234,0.5550680160522461
AMZN|2018-10-22 14:30:00+00:00,AMZN,2018-10,development,1,0.723710298538208,0.5604783892631531,0.8014456705025433,0.7918807757696066,0.618705689907074,0.5985906720161438
AAPL|2018-10-22 15:30:00+00:00,AAPL,2018-10,development,0,0.5936017036437988,0.6656145453453064,0.4817251112757446,0.5966479201783846,0.5832685828208923,0.619720995426178
AMZN|2018-10-22 15:30:00+00:00,AMZN,2018-10,development,0,0.5598252415657043,0.5951467156410217,0.8483778988055721,0.7793661805921372,0.5361674427986145,0.599966287612915
AAPL|2018-10-23 13:30:00+00:00,AAPL,2018-10,development,1,0.6945390701293945,0.675812304019928,0.5320840277903278,0.6185415416336333,0.6806834936141968,0.6774517297744751
AMZN|2018-10-23 13:30:00+00:00,AMZN,2018-10,development,0,0.5514487624168396,0.5446423888206482,0.5976652209928552,0.5987019491599167,0.5238775014877319,0.5529392957687378
AAPL|2018-10-23 14:30:00+00:00,AAPL,2018-10,development,1,0.5809775590896606,0.5737490057945251,0.5006329019409838,0.497874511626836,0.6041269898414612,0.5894756317138672
AMZN|2018-10-23 14:30:00+00:00,AMZN,2018-10,development,1,0.558325469493866,0.5233647227287292,0.6693037316308287,0.6608819304531443,0.5513209104537964,0.5509992837905884
AAPL|2018-10-23 15:30:00+00:00,AAPL,2018-10,development,1,0.6131252646446228,0.655341625213623,0.5503767340646831,0.5766877435130309,0.6085690259933472,0.6242538690567017
AMZN|2018-10-23 15:30:00+00:00,AMZN,2018-10,development,1,0.5567981004714966,0.5558851957321167,0.5819562601533211,0.5486652040589286,0.5799716114997864,0.5856696367263794
AAPL|2018-10-24 13:30:00+00:00,AAPL,2018-10,development,0,0.6931451559066772,0.6869508028030396,0.5324036755753935,0.6349121830883124,0.679186224937439,0.6831278800964355
AMZN|2018-10-24 13:30:00+00:00,AMZN,2018-10,development,0,0.5319219827651978,0.5431946516036987,0.6472354445476924,0.6528990038918278,0.5410154461860657,0.5475320219993591
AAPL|2018-10-24 14:30:00+00:00,AAPL,2018-10,development,0,0.556830108165741,0.5305443406105042,0.4693723220233855,0.5242701032621098,0.5571147203445435,0.5636284351348877
AMZN|2018-10-24 14:30:00+00:00,AMZN,2018-10,development,0,0.5145277976989746,0.5277966856956482,0.6926042036437675,0.6875628622762922,0.5218324661254883,0.5345476269721985
AAPL|2018-10-24 15:30:00+00:00,AAPL,2018-10,development,0,0.4856563210487366,0.4720490574836731,0.5281360022262807,0.5087789205331021,0.5076167583465576,0.5145593285560608
AMZN|2018-10-24 15:30:00+00:00,AMZN,2018-10,development,0,0.4270018637180328,0.4458376467227936,0.3920198832809333,0.4147879331944876,0.45205965638160706,0.518343985080719
AAPL|2018-10-25 13:30:00+00:00,AAPL,2018-10,development,1,0.6853449940681458,0.6730729341506958,0.5669911150517488,0.582210333002056,0.6730377674102783,0.6577290296554565
AMZN|2018-10-25 13:30:00+00:00,AMZN,2018-10,development,1,0.4127790927886963,0.4766391813755035,0.2990525867206846,0.3073880676425021,0.4340696930885315,0.44205591082572937
AAPL|2018-10-25 14:30:00+00:00,AAPL,2018-10,development,1,0.54761803150177,0.5271796584129333,0.4996444327287927,0.4925647986371839,0.5658949017524719,0.5501791834831238
AMZN|2018-10-25 14:30:00+00:00,AMZN,2018-10,development,1,0.4243571758270263,0.4784204959869385,0.4289720809177493,0.2266500423669654,0.44889774918556213,0.46328675746917725
AAPL|2018-10-25 15:30:00+00:00,AAPL,2018-10,development,1,0.5647043585777283,0.6014881134033203,0.5061426300408134,0.5217538732075155,0.5723571181297302,0.5921514630317688
AMZN|2018-10-25 15:30:00+00:00,AMZN,2018-10,development,1,0.6851900815963745,0.5888835191726685,0.5285957578272372,0.787644103773268,0.629014790058136,0.5849242806434631
AAPL|2018-10-26 13:30:00+00:00,AAPL,2018-10,development,1,0.7024393677711487,0.6531733274459839,0.6231381406516355,0.6708028375829597,0.6936531662940979,0.6227951049804688
AMZN|2018-10-26 13:30:00+00:00,AMZN,2018-10,development,1,0.5342751741409302,0.5497149229049683,0.6948758525041658,0.6989559071420742,0.5342821478843689,0.5347763299942017
AAPL|2018-10-26 14:30:00+00:00,AAPL,2018-10,development,1,0.6144660115242004,0.5775035619735718,0.6302122998811166,0.6226398448368576,0.6275889873504639,0.5770148634910583
AMZN|2018-10-26 14:30:00+00:00,AMZN,2018-10,development,1,0.5508822202682495,0.5176153779029846,0.8014343166702842,0.8031889280824444,0.568179726600647,0.5413362979888916
AAPL|2018-10-26 15:30:00+00:00,AAPL,2018-10,development,1,0.5548620223999023,0.5797792673110962,0.600329924238142,0.6000098003233093,0.6166868209838867,0.594430148601532
AMZN|2018-10-26 15:30:00+00:00,AMZN,2018-10,development,0,0.5481644868850708,0.5249149799346924,0.4864042417659638,0.8423931032941704,0.5835416316986084,0.5482898950576782
AAPL|2018-10-29 13:30:00+00:00,AAPL,2018-10,development,0,0.7029234170913696,0.6784765720367432,0.6198759769161801,0.5841193207955533,0.6936033964157104,0.6765660643577576
AMZN|2018-10-29 13:30:00+00:00,AMZN,2018-10,development,0,0.4717971980571747,0.5098249912261963,0.4575945553327329,0.3867745635896116,0.5128746628761292,0.5125758647918701
AAPL|2018-10-29 14:30:00+00:00,AAPL,2018-10,development,0,0.5481492280960083,0.5444179177284241,0.5640738403001977,0.5198787455387149,0.563073992729187,0.5593200325965881
AMZN|2018-10-29 14:30:00+00:00,AMZN,2018-10,development,0,0.4427234828472137,0.4998676776885986,0.4496153118094319,0.3614917440962747,0.48756009340286255,0.5116749405860901
AAPL|2018-10-29 15:30:00+00:00,AAPL,2018-10,development,0,0.4678430259227752,0.4247027933597564,0.413717319705959,0.3699639639292442,0.4750199615955353,0.45592841506004333
AMZN|2018-10-29 15:30:00+00:00,AMZN,2018-10,development,0,0.4949836432933807,0.4724957048892975,0.4162937861811155,0.3158591555606644,0.5203540325164795,0.5444234013557434
AAPL|2018-10-30 13:30:00+00:00,AAPL,2018-10,development,1,0.6703280210494995,0.6631796360015869,0.5338393375190529,0.5935705607433411,0.6583731770515442,0.6412068605422974
AMZN|2018-10-30 13:30:00+00:00,AMZN,2018-10,development,1,0.6693310737609863,0.503709077835083,0.4715220679748362,0.6449834406500295,0.6270866990089417,0.5623594522476196
AAPL|2018-10-30 14:30:00+00:00,AAPL,2018-10,development,0,0.5790284276008606,0.5792734026908875,0.4454890734419484,0.5668918014841853,0.6033107042312622,0.5819028615951538
AMZN|2018-10-30 14:30:00+00:00,AMZN,2018-10,development,0,0.7214016318321228,0.5243237018585205,0.4107311961197293,0.9214465782070416,0.6784462332725525,0.5866827964782715
AAPL|2018-10-30 15:30:00+00:00,AAPL,2018-10,development,0,0.51521235704422,0.5241904258728027,0.3590833567960694,0.3725679194278811,0.5597790479660034,0.5555476546287537
AMZN|2018-10-30 15:30:00+00:00,AMZN,2018-10,development,0,0.4844655394554138,0.4979263246059418,0.3145306227399619,0.290259907819245,0.5948941111564636,0.5581223964691162
AAPL|2018-10-31 13:30:00+00:00,AAPL,2018-10,development,1,0.7157890796661377,0.6746826767921448,0.5949109891975167,0.6382397772045455,0.7078099846839905,0.6676799654960632
AMZN|2018-10-31 13:30:00+00:00,AMZN,2018-10,development,1,0.5496472120285034,0.5368737578392029,0.5577166470076246,0.5369159864786951,0.5941688418388367,0.5540615320205688
AAPL|2018-10-31 14:30:00+00:00,AAPL,2018-10,development,1,0.6073853969573975,0.5854243636131287,0.5571714516631975,0.5907486688681692,0.6188440322875977,0.5964691638946533
AMZN|2018-10-31 14:30:00+00:00,AMZN,2018-10,development,0,0.5635889768600464,0.511807382106781,0.5497610794063084,0.3293933271349217,0.5622989535331726,0.5270695686340332
AAPL|2018-10-31 15:30:00+00:00,AAPL,2018-10,development,1,0.5803459882736206,0.5517622232437134,0.5161699438325843,0.6308493411359083,0.6016677618026733,0.5522299408912659
AMZN|2018-10-31 15:30:00+00:00,AMZN,2018-10,development,1,0.6625966429710388,0.5444177389144897,0.7406319631825129,0.9486260168761036,0.6392567157745361,0.614491879940033
AAPL|2018-11-01 13:30:00+00:00,AAPL,2018-11,later,1,0.688107430934906,0.6714325547218323,0.6217928225285005,0.6436628843771144,0.6805347800254822,0.6782807111740112
AMZN|2018-11-01 13:30:00+00:00,AMZN,2018-11,later,1,0.5983047485351562,0.5302137136459351,0.4996214070478936,0.5016236324626061,0.6014803051948547,0.584759533405304
AAPL|2018-11-01 14:30:00+00:00,AAPL,2018-11,later,1,0.5645118951797485,0.5370646715164185,0.4847539870809411,0.5418382959386451,0.5599139332771301,0.5648688673973083
AMZN|2018-11-01 14:30:00+00:00,AMZN,2018-11,later,1,0.6323551535606384,0.5242753624916077,0.5657164899269,0.4661952426536116,0.5904025435447693,0.5882530212402344
AAPL|2018-11-01 15:30:00+00:00,AAPL,2018-11,later,1,0.5502018332481384,0.5963741540908813,0.4451952906192728,0.5988173972619574,0.5808727145195007,0.593791663646698
AMZN|2018-11-01 15:30:00+00:00,AMZN,2018-11,later,1,0.4818221032619476,0.5415578484535217,0.4468328535708758,0.3977944910806063,0.5108253955841064,0.5502506494522095
AAPL|2018-11-02 13:30:00+00:00,AAPL,2018-11,later,0,0.6962001919746399,0.6812103986740112,0.6080902537851961,0.6212897190964504,0.6826522350311279,0.65761798620224
AMZN|2018-11-02 13:30:00+00:00,AMZN,2018-11,later,0,0.5165013074874878,0.5251935720443726,0.5442422143320162,0.5539897299364935,0.5235521793365479,0.5284904837608337
AAPL|2018-11-02 14:30:00+00:00,AAPL,2018-11,later,0,0.5685603618621826,0.6139733791351318,0.5831869118857738,0.4667435099828098,0.6198022365570068,0.6023391485214233
AMZN|2018-11-02 14:30:00+00:00,AMZN,2018-11,later,0,0.495304137468338,0.4991971254348755,0.5632967275579804,0.5688245988955006,0.5246408581733704,0.5310767889022827
AAPL|2018-11-02 15:30:00+00:00,AAPL,2018-11,later,0,0.5135474801063538,0.4872227013111114,0.5407348182960996,0.3684460117152744,0.5286852717399597,0.5187968611717224
AMZN|2018-11-02 15:30:00+00:00,AMZN,2018-11,later,1,0.4403650164604187,0.4671140611171722,0.6115993630900479,0.6068767555768462,0.4769558608531952,0.51927649974823
AAPL|2018-11-05 14:30:00+00:00,AAPL,2018-11,later,0,0.6827191114425659,0.6586203575134277,0.6056217192779914,0.6168402404222059,0.6497985124588013,0.6368697881698608
AMZN|2018-11-05 14:30:00+00:00,AMZN,2018-11,later,0,0.5392269492149353,0.5646919012069702,0.492386324149884,0.5904233222269318,0.568127453327179,0.570475161075592
AAPL|2018-11-05 15:30:00+00:00,AAPL,2018-11,later,1,0.5773590207099915,0.5986377000808716,0.5642757916768832,0.5624824773880706,0.6126753091812134,0.5997357964515686
AMZN|2018-11-05 15:30:00+00:00,AMZN,2018-11,later,1,0.469366192817688,0.4939222931861877,0.375315525239923,0.6019709666024312,0.5336226224899292,0.5236088633537292
AAPL|2018-11-05 16:30:00+00:00,AAPL,2018-11,later,1,0.5620705485343933,0.5425463914871216,0.544736634798717,0.5584898966790763,0.5576242804527283,0.5140575766563416
AMZN|2018-11-05 16:30:00+00:00,AMZN,2018-11,later,1,0.3457725048065185,0.5155490636825562,0.2574245797685348,0.2456855670588384,0.3955595791339874,0.5327354669570923
AAPL|2018-11-06 14:30:00+00:00,AAPL,2018-11,later,1,0.7005753517150879,0.6748377084732056,0.5780041330356073,0.6284276772760164,0.6654624938964844,0.6665508151054382
AMZN|2018-11-06 14:30:00+00:00,AMZN,2018-11,later,1,0.4439863860607147,0.5085976123809814,0.4210669647228951,0.3405474400232373,0.4766714572906494,0.4904758036136627
AAPL|2018-11-06 15:30:00+00:00,AAPL,2018-11,later,0,0.5440643429756165,0.5354020595550537,0.6221100882456457,0.5656801869603979,0.55083167552948,0.5513036251068115
AMZN|2018-11-06 15:30:00+00:00,AMZN,2018-11,later,0,0.4577235281467438,0.4985653460025787,0.4132394004651141,0.2860919330242,0.4785309135913849,0.4951457679271698
AAPL|2018-11-06 16:30:00+00:00,AAPL,2018-11,later,0,0.5207483172416687,0.5232890844345093,0.623519123903892,0.5476965141358305,0.5575333833694458,0.5464704036712646
AMZN|2018-11-06 16:30:00+00:00,AMZN,2018-11,later,1,0.4772042334079742,0.4622768759727478,0.3128372651395747,0.7096661623810561,0.5102002024650574,0.522726833820343
AAPL|2018-11-07 14:30:00+00:00,AAPL,2018-11,later,1,0.7093592882156372,0.6934560537338257,0.5941607303062562,0.6608855020539756,0.6919464468955994,0.6863164305686951
AMZN|2018-11-07 14:30:00+00:00,AMZN,2018-11,later,1,0.482468694448471,0.515854001045227,0.3327419737208585,0.3363070239501418,0.5096997022628784,0.5301695466041565
AAPL|2018-11-07 15:30:00+00:00,AAPL,2018-11,later,1,0.5643667578697205,0.5506941676139832,0.5302742475351788,0.5780036355119956,0.5361472964286804,0.5502201318740845
AMZN|2018-11-07 15:30:00+00:00,AMZN,2018-11,later,1,0.4840127825736999,0.5001406073570251,0.1545223099314456,0.1772678560323776,0.5149562954902649,0.522670567035675
AAPL|2018-11-07 16:30:00+00:00,AAPL,2018-11,later,1,0.5517560839653015,0.5867751240730286,0.4303283482117336,0.5483669753451357,0.5709922313690186,0.583951473236084
AMZN|2018-11-07 16:30:00+00:00,AMZN,2018-11,later,1,0.623253345489502,0.5778014659881592,0.9322997962262451,0.9177712734928593,0.5885262489318848,0.587715208530426
AAPL|2018-11-08 14:30:00+00:00,AAPL,2018-11,later,0,0.6926338076591492,0.6501456499099731,0.6282481814555994,0.6148141460742939,0.6800150871276855,0.6077579855918884
AMZN|2018-11-08 14:30:00+00:00,AMZN,2018-11,later,0,0.5200717449188232,0.5248244404792786,0.5038627739640185,0.5046154440844869,0.5195202231407166,0.5002444982528687
AAPL|2018-11-08 15:30:00+00:00,AAPL,2018-11,later,1,0.5403015613555908,0.5213914513587952,0.5756841454764112,0.5012880303174118,0.555358350276947,0.5185469388961792
AMZN|2018-11-08 15:30:00+00:00,AMZN,2018-11,later,0,0.4832984507083893,0.5009585022926331,0.3968502039731097,0.414467073663336,0.5119167566299438,0.5090171098709106
AAPL|2018-11-08 16:30:00+00:00,AAPL,2018-11,later,1,0.4066610336303711,0.4765372574329376,0.5826408001114655,0.4682601885647695,0.4797436594963074,0.474384605884552
AMZN|2018-11-08 16:30:00+00:00,AMZN,2018-11,later,0,0.4900940358638763,0.4853658974170685,0.7487399592511341,0.7506777856243013,0.5299121737480164,0.5151093006134033
AAPL|2018-11-09 14:30:00+00:00,AAPL,2018-11,later,0,0.6908866167068481,0.6758848428726196,0.6143703941040611,0.6279440501190467,0.6609825491905212,0.6584047079086304
AMZN|2018-11-09 14:30:00+00:00,AMZN,2018-11,later,0,0.5033356547355652,0.4907706677913666,0.2991569316622654,0.3012588499554502,0.504987895488739,0.5216208100318909
AAPL|2018-11-09 15:30:00+00:00,AAPL,2018-11,later,0,0.5823530554771423,0.5341430306434631,0.543847035106107,0.482445933292893,0.5406632423400879,0.5416162014007568
AMZN|2018-11-09 15:30:00+00:00,AMZN,2018-11,later,0,0.5091310143470764,0.4908967316150665,0.3428327026237694,0.3383801244851467,0.5292959213256836,0.5259575843811035
AAPL|2018-11-09 16:30:00+00:00,AAPL,2018-11,later,1,0.4165788292884826,0.4500000178813934,0.5188689910576209,0.4003078774576022,0.4193626940250397,0.4789746403694153
AMZN|2018-11-09 16:30:00+00:00,AMZN,2018-11,later,1,0.4970321953296661,0.4685625433921814,0.5039902602254474,0.502511870220031,0.5094970464706421,0.4974290132522583
AAPL|2018-11-12 14:30:00+00:00,AAPL,2018-11,later,0,0.6691295504570007,0.6793750524520874,0.5687067272217676,0.6035201432963766,0.6571932435035706,0.6731232404708862
AMZN|2018-11-12 14:30:00+00:00,AMZN,2018-11,later,0,0.5382007360458374,0.5664835572242737,0.7336216334143932,0.7310631418005132,0.5680633783340454,0.5688573122024536
AAPL|2018-11-12 15:30:00+00:00,AAPL,2018-11,later,0,0.5428317189216614,0.5519477725028992,0.4979756877688543,0.4974396305536265,0.5637157559394836,0.5613120198249817
AMZN|2018-11-12 15:30:00+00:00,AMZN,2018-11,later,0,0.5504010319709778,0.5303510427474976,0.5063039869715247,0.7904680528777609,0.5753505229949951,0.5525688529014587
AAPL|2018-11-12 16:30:00+00:00,AAPL,2018-11,later,1,0.45913165807724,0.4599752724170685,0.6243270284992994,0.4062507093087649,0.4917164444923401,0.47183704376220703
AMZN|2018-11-12 16:30:00+00:00,AMZN,2018-11,later,1,0.3817530870437622,0.4488900601863861,0.3974520205887961,0.29756172145104,0.4466703534126282,0.49358445405960083
AAPL|2018-11-13 14:30:00+00:00,AAPL,2018-11,later,1,0.6862207651138306,0.673189103603363,0.5969385299502716,0.5838391368167384,0.6680991053581238,0.6692759990692139
AMZN|2018-11-13 14:30:00+00:00,AMZN,2018-11,later,0,0.4549480378627777,0.4976967871189117,0.3269746638780814,0.2828734685783884,0.47975870966911316,0.48980507254600525
AAPL|2018-11-13 15:30:00+00:00,AAPL,2018-11,later,1,0.585728645324707,0.6047910451889038,0.5930949489092789,0.5217517250339435,0.6143805980682373,0.6046608686447144
AMZN|2018-11-13 15:30:00+00:00,AMZN,2018-11,later,1,0.4614906907081604,0.5047972202301025,0.2388738926580272,0.2287985667878555,0.5065257549285889,0.5143754482269287
AAPL|2018-11-13 16:30:00+00:00,AAPL,2018-11,later,0,0.6149101853370667,0.695667028427124,0.5511783985232924,0.6388731813211975,0.6370645761489868,0.647740364074707
AMZN|2018-11-13 16:30:00+00:00,AMZN,2018-11,later,0,0.5654634237289429,0.6022156476974487,0.199902332320004,0.6690829616506008,0.595821738243103,0.6212244629859924
AAPL|2018-11-14 14:30:00+00:00,AAPL,2018-11,later,0,0.7013091444969177,0.6856659054756165,0.5062369927419917,0.6365066356318012,0.6933271884918213,0.6894514560699463
AMZN|2018-11-14 14:30:00+00:00,AMZN,2018-11,later,0,0.4967140853404999,0.503881573677063,0.2784026576273787,0.2834234457295623,0.5211121439933777,0.5341348648071289
AAPL|2018-11-14 15:30:00+00:00,AAPL,2018-11,later,0,0.6052249073982239,0.616021454334259,0.479544320882331,0.6189588855934388,0.650105357170105,0.6372084617614746
AMZN|2018-11-14 15:30:00+00:00,AMZN,2018-11,later,0,0.5142011642456055,0.4932093620300293,0.2908710677986244,0.291207486415999,0.5094026923179626,0.5422871112823486
AAPL|2018-11-14 16:30:00+00:00,AAPL,2018-11,later,0,0.5015243291854858,0.4779422283172607,0.514938764764748,0.5198426248355739,0.5249471068382263,0.5097643733024597
AMZN|2018-11-14 16:30:00+00:00,AMZN,2018-11,later,0,0.4112782180309295,0.4025538563728332,0.1765986440980711,0.1932718828130154,0.4705492854118347,0.5041403770446777
AAPL|2018-11-15 14:30:00+00:00,AAPL,2018-11,later,1,0.6951037049293518,0.6717759966850281,0.6520905783348961,0.6124362434866324,0.6648086309432983,0.6587034463882446
AMZN|2018-11-15 14:30:00+00:00,AMZN,2018-11,later,1,0.434527575969696,0.4937566518783569,0.426419054369078,0.3072314045708331,0.4525347948074341,0.47674161195755005
AAPL|2018-11-15 15:30:00+00:00,AAPL,2018-11,later,1,0.5758600831031799,0.5596759915351868,0.6287486813325982,0.5458400702749949,0.5757861137390137,0.5603963136672974
AMZN|2018-11-15 15:30:00+00:00,AMZN,2018-11,later,1,0.4712542593479156,0.503885805606842,0.4185639293489155,0.3714096745793083,0.5054832100868225,0.507992148399353
AAPL|2018-11-15 16:30:00+00:00,AAPL,2018-11,later,1,0.623369038105011,0.6758666038513184,0.5989820418209144,0.7166310229922651,0.6325480341911316,0.6453054547309875
AMZN|2018-11-15 16:30:00+00:00,AMZN,2018-11,later,1,0.5514503717422485,0.5797306895256042,0.4161958617030927,0.7017718717972888,0.5596492886543274,0.5939420461654663
AAPL|2018-11-16 14:30:00+00:00,AAPL,2018-11,later,1,0.7060005068778992,0.6699460744857788,0.7492195963101883,0.6501213817061441,0.6837772727012634,0.6619722843170166
AMZN|2018-11-16 14:30:00+00:00,AMZN,2018-11,later,1,0.5255327224731445,0.5362687110900879,0.5899178328393787,0.6001790266427659,0.5381966829299927,0.547625720500946
AAPL|2018-11-16 15:30:00+00:00,AAPL,2018-11,later,0,0.6111406683921814,0.6069686412811279,0.6938347919955008,0.6829611248482381,0.6469639539718628,0.6188920140266418
AMZN|2018-11-16 15:30:00+00:00,AMZN,2018-11,later,0,0.5125860571861267,0.5144034028053284,0.6522571651915579,0.6448890592799524,0.5246516466140747,0.5480110049247742
AAPL|2018-11-16 16:30:00+00:00,AAPL,2018-11,later,1,0.4150499105453491,0.4645009636878967,0.5942725920073226,0.448854715127904,0.4812321066856384,0.4667239189147949
AMZN|2018-11-16 16:30:00+00:00,AMZN,2018-11,later,1,0.4705662727355957,0.4629859626293182,0.6687178105292818,0.6640779022167468,0.504466712474823,0.5012592077255249
AAPL|2018-11-19 14:30:00+00:00,AAPL,2018-11,later,0,0.7013887763023376,0.6995747685432434,0.7317193585991356,0.678487825410473,0.7040858864784241,0.6965820789337158
AMZN|2018-11-19 14:30:00+00:00,AMZN,2018-11,later,0,0.60795658826828,0.5468472242355347,0.76718791645027,0.7636994790410989,0.5799571871757507,0.584420919418335
AAPL|2018-11-19 15:30:00+00:00,AAPL,2018-11,later,0,0.5682737231254578,0.560020387172699,0.7199161244182763,0.5643123895228527,0.5834372639656067,0.5770567655563354
AMZN|2018-11-19 15:30:00+00:00,AMZN,2018-11,later,0,0.6232948899269104,0.5382604598999023,0.675638902175514,0.8918474767799246,0.607252299785614,0.5868174433708191
AAPL|2018-11-19 16:30:00+00:00,AAPL,2018-11,later,0,0.4413221478462219,0.4952082335948944,0.5780820931247005,0.4104024002534318,0.48628583550453186,0.5203085541725159
AMZN|2018-11-19 16:30:00+00:00,AMZN,2018-11,later,0,0.4346990585327148,0.4733622372150421,0.485594798876592,0.4424121485482395,0.509410560131073,0.5123811364173889
AAPL|2018-11-20 14:30:00+00:00,AAPL,2018-11,later,1,0.6794952154159546,0.6730199456214905,0.5691512413765489,0.6336487109109131,0.6408515572547913,0.6534726023674011
AMZN|2018-11-20 14:30:00+00:00,AMZN,2018-11,later,1,0.5274980664253235,0.5030480623245239,0.5440964810400657,0.5380791011481191,0.5256373286247253,0.5018876791000366
AAPL|2018-11-20 15:30:00+00:00,AAPL,2018-11,later,0,0.6028268337249756,0.6162113547325134,0.5248733018097969,0.5637074538533549,0.6244536638259888,0.6049743294715881
AMZN|2018-11-20 15:30:00+00:00,AMZN,2018-11,later,1,0.5869119167327881,0.5090808272361755,0.5360997019886006,0.7963487292001757,0.5840185880661011,0.5288729071617126
AAPL|2018-11-20 16:30:00+00:00,AAPL,2018-11,later,0,0.5426760911941528,0.6320134997367859,0.390440417550404,0.4838390456553196,0.5713111758232117,0.6066160202026367
AMZN|2018-11-20 16:30:00+00:00,AMZN,2018-11,later,0,0.6502601504325867,0.6084672212600708,0.6973987144765317,0.9866408077983984,0.6773567199707031,0.624419629573822
AAPL|2018-11-21 14:30:00+00:00,AAPL,2018-11,later,0,0.6898784637451172,0.6315560936927795,0.5017241132726846,0.5093520724674764,0.685504138469696,0.6272754073143005
AMZN|2018-11-21 14:30:00+00:00,AMZN,2018-11,later,0,0.5170646905899048,0.5277834534645081,0.3612845836488393,0.2901511108043892,0.5602117776870728,0.543000340461731
AAPL|2018-11-21 15:30:00+00:00,AAPL,2018-11,later,1,0.5940132737159729,0.5580675005912781,0.4915306882886305,0.4949969574071218,0.6067531704902649,0.5618194937705994
AMZN|2018-11-21 15:30:00+00:00,AMZN,2018-11,later,1,0.5309839248657227,0.512902557849884,0.4206112445920488,0.213245350510795,0.5389977693557739,0.5506190657615662
AAPL|2018-11-21 16:30:00+00:00,AAPL,2018-11,later,0,0.5873634815216064,0.5552563071250916,0.494293766861877,0.500990938229489,0.5971894264221191,0.5538572072982788
AMZN|2018-11-21 16:30:00+00:00,AMZN,2018-11,later,0,0.735755205154419,0.536585807800293,0.5144795239518016,0.5117179971029111,0.626996636390686,0.5832718014717102
AAPL|2018-11-26 14:30:00+00:00,AAPL,2018-11,later,0,0.6225354075431824,0.6449980139732361,0.5308866375736975,0.5468885209934157,0.6082844734191895,0.614886999130249
AMZN|2018-11-26 14:30:00+00:00,AMZN,2018-11,later,1,0.5783188939094543,0.6035329103469849,0.7988751804567708,0.7953102347783096,0.5785315036773682,0.5720411539077759
AAPL|2018-11-26 15:30:00+00:00,AAPL,2018-11,later,0,0.5313500165939331,0.5486680269241333,0.4902301053454254,0.4843172399240589,0.5585978627204895,0.5521847009658813
AMZN|2018-11-26 15:30:00+00:00,AMZN,2018-11,later,1,0.5488994121551514,0.5344225764274597,0.5709032521418986,0.6052285028820676,0.5448521375656128,0.5594962239265442
AAPL|2018-11-26 16:30:00+00:00,AAPL,2018-11,later,1,0.4559089541435241,0.5091555714607239,0.4737594405787074,0.4266746328553706,0.49188074469566345,0.5229699015617371
AMZN|2018-11-26 16:30:00+00:00,AMZN,2018-11,later,1,0.6460256576538086,0.5763982534408569,0.8293440353905317,0.8035075600026317,0.6343567371368408,0.5664903521537781
AAPL|2018-11-27 14:30:00+00:00,AAPL,2018-11,later,1,0.6663690805435181,0.6634710431098938,0.6773892041965328,0.6869218693484261,0.674706220626831,0.6375383138656616
AMZN|2018-11-27 14:30:00+00:00,AMZN,2018-11,later,1,0.5925098061561584,0.5355589389801025,0.6733028621431839,0.6732978702456613,0.5680482387542725,0.5475964546203613
AAPL|2018-11-27 15:30:00+00:00,AAPL,2018-11,later,1,0.5860464572906494,0.5828335881233215,0.6812645600748741,0.6030778871937568,0.6185755729675293,0.5895259976387024
AMZN|2018-11-27 15:30:00+00:00,AMZN,2018-11,later,1,0.5462446212768555,0.5049380660057068,0.5873204665129803,0.5993554521738543,0.5530796051025391,0.5242606401443481
AAPL|2018-11-27 16:30:00+00:00,AAPL,2018-11,later,0,0.4348755776882171,0.4880535304546356,0.5941525455898297,0.4249829564904233,0.4922761023044586,0.4973544478416443
AMZN|2018-11-27 16:30:00+00:00,AMZN,2018-11,later,0,0.4634528160095215,0.4929228723049164,0.6242744124406646,0.6392960410036438,0.5098466277122498,0.5047641396522522
AAPL|2018-11-28 14:30:00+00:00,AAPL,2018-11,later,1,0.7078274488449097,0.6943392753601074,0.6758599195653333,0.6929779591292389,0.7009766697883606,0.6842601299285889
AMZN|2018-11-28 14:30:00+00:00,AMZN,2018-11,later,1,0.5512357354164124,0.5145084261894226,0.4736180944634351,0.5071053490749371,0.5297459363937378,0.5436042547225952
AAPL|2018-11-28 15:30:00+00:00,AAPL,2018-11,later,1,0.6011678576469421,0.5721297860145569,0.621884959438843,0.7066242464756424,0.6023162603378296,0.5743719339370728
AMZN|2018-11-28 15:30:00+00:00,AMZN,2018-11,later,1,0.5432042479515076,0.4786503314971924,0.3992184869697016,0.4040462241590534,0.5404285192489624,0.5189170837402344
AAPL|2018-11-28 16:30:00+00:00,AAPL,2018-11,later,1,0.4477014541625976,0.4632807374000549,0.5780834708075827,0.5074997123965004,0.49001482129096985,0.48804396390914917
AMZN|2018-11-28 16:30:00+00:00,AMZN,2018-11,later,1,0.38065966963768,0.4050952494144439,0.3289444075748585,0.2591336730178398,0.45467609167099,0.4413752257823944
AAPL|2018-11-29 14:30:00+00:00,AAPL,2018-11,later,0,0.6781795620918274,0.6552435755729675,0.3389731168702344,0.4850827272690901,0.67348313331604,0.6452125310897827
AMZN|2018-11-29 14:30:00+00:00,AMZN,2018-11,later,1,0.625694990158081,0.5862371325492859,0.7526506639210228,0.7565520082881441,0.5979208946228027,0.5816057324409485
AAPL|2018-11-29 15:30:00+00:00,AAPL,2018-11,later,1,0.5299522280693054,0.5413587093353271,0.293735284016574,0.3884529116550166,0.5660949349403381,0.5648610591888428
AMZN|2018-11-29 15:30:00+00:00,AMZN,2018-11,later,1,0.6156876087188721,0.5602545142173767,0.8312988262551021,0.8245595989400527,0.6032044291496277,0.5684677958488464
AAPL|2018-11-29 16:30:00+00:00,AAPL,2018-11,later,1,0.4750915467739105,0.4889337718486786,0.5510605214177683,0.5181756904536888,0.5044801235198975,0.5065988898277283
AMZN|2018-11-29 16:30:00+00:00,AMZN,2018-11,later,1,0.5220227241516113,0.5042802095413208,0.3988546174765022,0.7020548436169489,0.5083964467048645,0.5076050162315369
AAPL|2018-11-30 14:30:00+00:00,AAPL,2018-11,later,0,0.6968030333518982,0.6732220649719238,0.5936973666922346,0.6503233458284458,0.6555582284927368,0.6412950754165649
AMZN|2018-11-30 14:30:00+00:00,AMZN,2018-11,later,1,0.5394573211669922,0.5657942891120911,0.5614766238307165,0.5561421251575258,0.5417864322662354,0.5206055641174316
AAPL|2018-11-30 15:30:00+00:00,AAPL,2018-11,later,0,0.5501275658607483,0.5223031044006348,0.6118609017494462,0.5264875327873758,0.5245491862297058,0.5245360136032104
AMZN|2018-11-30 15:30:00+00:00,AMZN,2018-11,later,1,0.5290136933326721,0.5316867828369141,0.5372851521298485,0.5313706934502522,0.5245980620384216,0.5303727984428406
AAPL|2018-11-30 16:30:00+00:00,AAPL,2018-11,later,1,0.480688601732254,0.5142862200737,0.5247046523084146,0.4873789900430068,0.5073915719985962,0.5294063687324524
AMZN|2018-11-30 16:30:00+00:00,AMZN,2018-11,later,1,0.5428017377853394,0.4790664613246918,0.5351665213237907,0.7037159052776595,0.5341113805770874,0.5005530714988708
AAPL|2018-12-03 14:30:00+00:00,AAPL,2018-12,later,0,0.6483139991760254,0.6778866052627563,0.5626013855669268,0.5879169855988083,0.6571910381317139,0.6661575436592102
AMZN|2018-12-03 14:30:00+00:00,AMZN,2018-12,later,0,0.6183790564537048,0.6640350222587585,0.4171711073828174,0.7315614201083305,0.6200236082077026,0.6254071593284607
AAPL|2018-12-03 15:30:00+00:00,AAPL,2018-12,later,0,0.5493711233139038,0.5656833052635193,0.4616555536835451,0.59567934658112,0.5654201507568359,0.5598466396331787
AMZN|2018-12-03 15:30:00+00:00,AMZN,2018-12,later,0,0.5329870581626892,0.5121482610702515,0.4093647557688025,0.5641195658076718,0.48649629950523376,0.5508989095687866
AAPL|2018-12-03 16:30:00+00:00,AAPL,2018-12,later,1,0.5026847124099731,0.5046137571334839,0.4535796480864497,0.5820603380835072,0.5497488975524902,0.5330132246017456
AMZN|2018-12-03 16:30:00+00:00,AMZN,2018-12,later,0,0.4837157428264618,0.4294929206371307,0.3144280117120659,0.4708703780537634,0.43312305212020874,0.4907652735710144
AAPL|2018-12-04 14:30:00+00:00,AAPL,2018-12,later,0,0.7096312046051025,0.6860159635543823,0.6468033063757812,0.6575034641569111,0.6777396202087402,0.6801497936248779
AMZN|2018-12-04 14:30:00+00:00,AMZN,2018-12,later,0,0.5696665048599243,0.5813935995101929,0.4681745541985883,0.5797497804447217,0.553335428237915,0.5664451718330383
AAPL|2018-12-04 15:30:00+00:00,AAPL,2018-12,later,0,0.5704249143600464,0.5611135959625244,0.5560090632333702,0.5438026467074101,0.586609423160553,0.5736680626869202
AMZN|2018-12-04 15:30:00+00:00,AMZN,2018-12,later,0,0.5455975532531738,0.5235908627510071,0.4601673391886431,0.4833645579219968,0.5260775685310364,0.5607774257659912
AAPL|2018-12-04 16:30:00+00:00,AAPL,2018-12,later,0,0.4259490072727203,0.4477827847003937,0.496010018805033,0.4251756472645993,0.4640921354293823,0.4808076322078705
AMZN|2018-12-04 16:30:00+00:00,AMZN,2018-12,later,0,0.4573826193809509,0.4723113179206848,0.522181705231092,0.5282678983211014,0.4966450035572052,0.5135753154754639
AAPL|2018-12-06 14:30:00+00:00,AAPL,2018-12,later,1,0.678943395614624,0.6673092842102051,0.54003625425876,0.5899568708163078,0.6631832122802734,0.6496120095252991
AMZN|2018-12-06 14:30:00+00:00,AMZN,2018-12,later,1,0.6461036801338196,0.5500157475471497,0.6729493519358015,0.8555220220792054,0.6080871224403381,0.564804196357727
AAPL|2018-12-06 15:30:00+00:00,AAPL,2018-12,later,1,0.572782576084137,0.5672026872634888,0.4648704801305541,0.520924983814556,0.5786701440811157,0.5574367642402649
AMZN|2018-12-06 15:30:00+00:00,AMZN,2018-12,later,1,0.7292269468307495,0.5593342185020447,0.6658245725772832,0.9438065471883148,0.6752975583076477,0.6072481274604797
AAPL|2018-12-06 16:30:00+00:00,AAPL,2018-12,later,1,0.4171020686626434,0.4555504024028778,0.4838129152788225,0.3881124768632589,0.46326330304145813,0.46201926469802856
AMZN|2018-12-06 16:30:00+00:00,AMZN,2018-12,later,1,0.5236173868179321,0.509922444820404,0.5452898536638633,0.687147059028008,0.5748746395111084,0.5456656217575073
AAPL|2018-12-07 14:30:00+00:00,AAPL,2018-12,later,0,0.6873866319656372,0.6296060681343079,0.4998930990131613,0.5378800740923403,0.6743912100791931,0.6245921850204468
AMZN|2018-12-07 14:30:00+00:00,AMZN,2018-12,later,0,0.6511667966842651,0.5535411834716797,0.5776807230813489,0.5874549813599041,0.6580384373664856,0.590133011341095
AAPL|2018-12-07 15:30:00+00:00,AAPL,2018-12,later,0,0.5643011927604675,0.582868218421936,0.4323421812633491,0.4548710728990639,0.6166505813598633,0.5988413095474243
AMZN|2018-12-07 15:30:00+00:00,AMZN,2018-12,later,0,0.6049458384513855,0.5233564972877502,0.7115865674594394,0.6986239990238323,0.6241317391395569,0.5736998319625854
AAPL|2018-12-07 16:30:00+00:00,AAPL,2018-12,later,0,0.4493143558502197,0.4083946645259857,0.4406665350927999,0.400109420940017,0.47931453585624695,0.4456728994846344
AMZN|2018-12-07 16:30:00+00:00,AMZN,2018-12,later,0,0.5300365090370178,0.4741469323635101,0.3390362477891926,0.3952003106994017,0.56573086977005,0.557796061038971
AAPL|2018-12-10 14:30:00+00:00,AAPL,2018-12,later,1,0.6807795763015747,0.6638050079345703,0.5966892540816638,0.5918120741777899,0.6598177552223206,0.6612629890441895
AMZN|2018-12-10 14:30:00+00:00,AMZN,2018-12,later,0,0.4355593621730804,0.4892144203186035,0.444297847995627,0.4266641547720727,0.44455745816230774,0.46666446328163147
AAPL|2018-12-10 15:30:00+00:00,AAPL,2018-12,later,1,0.5526815056800842,0.5740448236465454,0.5703345919604647,0.5147195246301718,0.5946869850158691,0.5790457129478455
AMZN|2018-12-10 15:30:00+00:00,AMZN,2018-12,later,1,0.4516687393188476,0.480307936668396,0.4363639335465062,0.3158175897872984,0.45177361369132996,0.4759674072265625
AAPL|2018-12-10 16:30:00+00:00,AAPL,2018-12,later,1,0.4372340142726898,0.4728016853332519,0.5260115619347039,0.3313057853449547,0.5074135065078735,0.49518337845802307
AMZN|2018-12-10 16:30:00+00:00,AMZN,2018-12,later,1,0.494756668806076,0.4991529583930969,0.4193989784302694,0.2972399829778959,0.5409067869186401,0.546733558177948
AAPL|2018-12-11 14:30:00+00:00,AAPL,2018-12,later,0,0.703920841217041,0.6992255449295044,0.724714317579855,0.7088419901700834,0.6951426863670349,0.6897551417350769
AMZN|2018-12-11 14:30:00+00:00,AMZN,2018-12,later,0,0.5562892556190491,0.5269767642021179,0.597173692759594,0.607848642330871,0.5759196281433105,0.5631669759750366
AAPL|2018-12-11 15:30:00+00:00,AAPL,2018-12,later,0,0.6229889392852783,0.6221903562545776,0.7072250203960654,0.7523479837248314,0.6397222876548767,0.6260474920272827
AMZN|2018-12-11 15:30:00+00:00,AMZN,2018-12,later,0,0.5590746998786926,0.5250569581985474,0.518942900298422,0.5427830736810035,0.5669479966163635,0.5760387182235718
AAPL|2018-12-11 16:30:00+00:00,AAPL,2018-12,later,0,0.534753680229187,0.4981736838817596,0.4589342935459636,0.390652240707652,0.5529576539993286,0.5377872586250305
AMZN|2018-12-11 16:30:00+00:00,AMZN,2018-12,later,0,0.4547480642795563,0.4517198503017425,0.3395977733686469,0.340281570503693,0.4836024045944214,0.5067412853240967
AAPL|2018-12-12 14:30:00+00:00,AAPL,2018-12,later,1,0.6931738257408142,0.6718865633010864,0.5541632286053804,0.6157261167574669,0.6661489009857178,0.6712613701820374
AMZN|2018-12-12 14:30:00+00:00,AMZN,2018-12,later,1,0.5766865611076355,0.5701188445091248,0.6652974809824715,0.6686238103894758,0.6090989112854004,0.579151451587677
AAPL|2018-12-12 15:30:00+00:00,AAPL,2018-12,later,0,0.572908878326416,0.5543544292449951,0.5574593278780383,0.5510593466979992,0.5680516362190247,0.5680229663848877
AMZN|2018-12-12 15:30:00+00:00,AMZN,2018-12,later,0,0.6647804379463196,0.5668705105781555,0.5590976441951673,0.5738254362124561,0.6319787502288818,0.5686689615249634
AAPL|2018-12-12 16:30:00+00:00,AAPL,2018-12,later,0,0.5006141662597656,0.5576877593994141,0.5353771968551659,0.541319834871146,0.5463284254074097,0.5814905762672424
AMZN|2018-12-12 16:30:00+00:00,AMZN,2018-12,later,0,0.5934739112854004,0.5244844555854797,0.7062352917467101,0.6835475063943401,0.5984807014465332,0.5532218813896179
AAPL|2018-12-13 14:30:00+00:00,AAPL,2018-12,later,1,0.6597805619239807,0.67386394739151,0.5867963341280972,0.6143327887445083,0.6701534390449524,0.6621428728103638
AMZN|2018-12-13 14:30:00+00:00,AMZN,2018-12,later,0,0.4589705169200897,0.4965948760509491,0.2581016320638309,0.2641641161153319,0.49805665016174316,0.5185744166374207
AAPL|2018-12-13 15:30:00+00:00,AAPL,2018-12,later,0,0.5811107754707336,0.5741572976112366,0.5780016219961973,0.5839022392160307,0.6084823608398438,0.5914742946624756
AMZN|2018-12-13 15:30:00+00:00,AMZN,2018-12,later,0,0.4330984055995941,0.469186007976532,0.3654758969703022,0.2243847163887687,0.48997077345848083,0.48136210441589355
AAPL|2018-12-13 16:30:00+00:00,AAPL,2018-12,later,0,0.4098446667194366,0.3903598189353943,0.4321667577335617,0.3574116273544132,0.429492324590683,0.4222034811973572
AMZN|2018-12-13 16:30:00+00:00,AMZN,2018-12,later,0,0.3658282458782196,0.4107653200626373,0.2641794679766781,0.3256228816428935,0.4488399922847748,0.4814099073410034
AAPL|2018-12-14 14:30:00+00:00,AAPL,2018-12,later,0,0.6990976929664612,0.6838198900222778,0.6328459308625374,0.6627541300612715,0.6903380751609802,0.6865020394325256
AMZN|2018-12-14 14:30:00+00:00,AMZN,2018-12,later,0,0.5899611115455627,0.5798174738883972,0.6730139987506357,0.6749062653196494,0.586116373538971,0.5833624005317688
AAPL|2018-12-14 15:30:00+00:00,AAPL,2018-12,later,1,0.5684148073196411,0.5577977299690247,0.6524663823926865,0.5511199022061425,0.5767544507980347,0.5685046315193176
AMZN|2018-12-14 15:30:00+00:00,AMZN,2018-12,later,0,0.6074900031089783,0.5672614574432373,0.6824990150729713,0.6862944376673187,0.5849446058273315,0.5854176878929138
AAPL|2018-12-14 16:30:00+00:00,AAPL,2018-12,later,0,0.4698731303215027,0.4802603423595428,0.586065960129427,0.4576857116010175,0.49719667434692383,0.5012648105621338
AMZN|2018-12-14 16:30:00+00:00,AMZN,2018-12,later,0,0.3911043703556061,0.4285584688186645,0.4319222587944022,0.431373465503427,0.4488811492919922,0.48014122247695923
AAPL|2018-12-17 14:30:00+00:00,AAPL,2018-12,later,1,0.6878268718719482,0.6602442264556885,0.5442765430290588,0.5707333039460334,0.6395678520202637,0.6560988426208496
AMZN|2018-12-17 14:30:00+00:00,AMZN,2018-12,later,0,0.4981290400028229,0.5375987887382507,0.4908744824372065,0.6024227493273486,0.49776196479797363,0.5176538228988647
AAPL|2018-12-17 15:30:00+00:00,AAPL,2018-12,later,0,0.5096664428710938,0.5457022190093994,0.4379321501874927,0.4924725944481625,0.551325261592865,0.5557959079742432
AMZN|2018-12-17 15:30:00+00:00,AMZN,2018-12,later,0,0.4894207417964935,0.4867066442966461,0.4769515924039813,0.4326607300698253,0.5090740323066711,0.4801410436630249
AAPL|2018-12-17 16:30:00+00:00,AAPL,2018-12,later,0,0.5538948178291321,0.5788732767105103,0.4269485784209417,0.5348021968564084,0.5612798929214478,0.5761595964431763
AMZN|2018-12-17 16:30:00+00:00,AMZN,2018-12,later,0,0.4664580821990967,0.4815722107887268,0.4127369077029942,0.4297925342832216,0.5279580950737,0.49284154176712036
AAPL|2018-12-18 14:30:00+00:00,AAPL,2018-12,later,1,0.7008046507835388,0.6866572499275208,0.5692824407673704,0.5914397742573297,0.6911304593086243,0.6841448545455933
AMZN|2018-12-18 14:30:00+00:00,AMZN,2018-12,later,1,0.4606779217720032,0.4888302087783813,0.3095293227166547,0.3854886078526116,0.4717075526714325,0.4891839623451233
AAPL|2018-12-18 15:30:00+00:00,AAPL,2018-12,later,1,0.5578566789627075,0.5342779159545898,0.5473905181609016,0.5092036058291497,0.5632108449935913,0.5618254542350769
AMZN|2018-12-18 15:30:00+00:00,AMZN,2018-12,later,1,0.493952214717865,0.4786444306373596,0.2611967987638131,0.3122198893162519,0.47167038917541504,0.5236601829528809
AAPL|2018-12-18 16:30:00+00:00,AAPL,2018-12,later,0,0.4404059648513794,0.4488383829593658,0.4381575798425375,0.398021973821377,0.4650830030441284,0.4780939221382141
AMZN|2018-12-18 16:30:00+00:00,AMZN,2018-12,later,0,0.5877496004104614,0.4968074858188629,0.3270232860338523,0.5424582173327289,0.5672875046730042,0.5533653497695923
AMZN|2018-12-19 14:30:00+00:00,AMZN,2018-12,later,1,0.4741787612438202,0.5427489280700684,0.3754863803035032,0.4397641155609563,0.5152093172073364,0.5416427850723267
AAPL|2018-12-19 15:30:00+00:00,AAPL,2018-12,later,0,0.5289472937583923,0.5212516188621521,0.5673044408631517,0.5048434625606656,0.5420215129852295,0.5447483658790588
AMZN|2018-12-19 15:30:00+00:00,AMZN,2018-12,later,0,0.5008424520492554,0.5324358940124512,0.3679675883642756,0.4722946427051894,0.5254189968109131,0.5473425984382629
AAPL|2018-12-19 16:30:00+00:00,AAPL,2018-12,later,0,0.384802371263504,0.4225659370422363,0.5519357229398637,0.3799791000337739,0.4590223729610443,0.45043817162513733
AMZN|2018-12-19 16:30:00+00:00,AMZN,2018-12,later,0,0.4415541887283325,0.4924931228160858,0.4398213617461275,0.459902585082323,0.4674627482891083,0.5122429132461548
AAPL|2018-12-20 14:30:00+00:00,AAPL,2018-12,later,0,0.6790894865989685,0.6811656355857849,0.6781657824922432,0.6201412164311502,0.6862938404083252,0.672419548034668
AMZN|2018-12-20 14:30:00+00:00,AMZN,2018-12,later,0,0.432086706161499,0.4879247844219208,0.0620305200027024,0.0709921594788137,0.4929267168045044,0.5081497430801392
AAPL|2018-12-20 15:30:00+00:00,AAPL,2018-12,later,0,0.5907242298126221,0.5803971886634827,0.641657767222518,0.5112529377017052,0.6020472645759583,0.587922990322113
AMZN|2018-12-20 15:30:00+00:00,AMZN,2018-12,later,0,0.4394509792327881,0.4784812033176422,0.0883840897878564,0.0983387671626872,0.4941120743751526,0.5111895203590393
AAPL|2018-12-20 16:30:00+00:00,AAPL,2018-12,later,0,0.4102027714252472,0.4324357509613037,0.3417490881451615,0.2816982303436939,0.49861449003219604,0.4775613248348236
AMZN|2018-12-20 16:30:00+00:00,AMZN,2018-12,later,1,0.5007405877113342,0.5005319714546204,0.1388935312231406,0.1744404859425998,0.5676095485687256,0.5556755661964417
AAPL|2018-12-21 14:30:00+00:00,AAPL,2018-12,later,0,0.6814177632331848,0.6577687859535217,0.5691071532374778,0.582714000484324,0.6744332313537598,0.6488012075424194
AMZN|2018-12-21 14:30:00+00:00,AMZN,2018-12,later,0,0.5297704339027405,0.5421361923217773,0.5356665942874674,0.5464194418457432,0.564222514629364,0.5571706891059875
AAPL|2018-12-21 15:30:00+00:00,AAPL,2018-12,later,0,0.6046472191810608,0.6166247129440308,0.5227277813913902,0.5111637237556949,0.6311585903167725,0.5958377122879028
AMZN|2018-12-21 15:30:00+00:00,AMZN,2018-12,later,0,0.5129931569099426,0.5130906701087952,0.3958008262928488,0.4083226165999724,0.5483954548835754,0.5363477468490601
AAPL|2018-12-21 16:30:00+00:00,AAPL,2018-12,later,0,0.4687227010726928,0.4580616950988769,0.5081707516442211,0.3690903033650109,0.520003080368042,0.49771711230278015
AMZN|2018-12-21 16:30:00+00:00,AMZN,2018-12,later,0,0.4576024115085602,0.4681279063224792,0.4936837757770439,0.1623370016499704,0.4809650182723999,0.5572185516357422
AAPL|2018-12-26 14:30:00+00:00,AAPL,2018-12,later,1,0.6910416483879089,0.6750792264938354,0.6349525213730055,0.6070169623096291,0.6949145793914795,0.6713981628417969
AMZN|2018-12-26 14:30:00+00:00,AMZN,2018-12,later,1,0.647517740726471,0.5479466319084167,0.8150097539144017,0.8190881435433371,0.6243847012519836,0.5892515778541565
AAPL|2018-12-26 15:30:00+00:00,AAPL,2018-12,later,1,0.609049379825592,0.6016993522644043,0.5691510214023363,0.5954025365450968,0.6372904181480408,0.6005568504333496
AMZN|2018-12-26 15:30:00+00:00,AMZN,2018-12,later,1,0.6581196188926697,0.5325301289558411,0.9227576718938326,0.9145160289300116,0.6206366419792175,0.5825455188751221
AAPL|2018-12-26 16:30:00+00:00,AAPL,2018-12,later,1,0.5987347364425659,0.6325469017028809,0.4062093195151703,0.5216549270303261,0.6433327198028564,0.6299224495887756
AMZN|2018-12-26 16:30:00+00:00,AMZN,2018-12,later,1,0.6859074234962463,0.5896597504615784,0.7734980156578578,0.7660675026795218,0.6504347920417786,0.6270648241043091
AAPL|2018-12-27 14:30:00+00:00,AAPL,2018-12,later,0,0.6705750226974487,0.6561723351478577,0.5508322160513054,0.5432459277872954,0.6721322536468506,0.6526528596878052
AMZN|2018-12-27 14:30:00+00:00,AMZN,2018-12,later,0,0.6069215536117554,0.5620265603065491,0.4541872093896358,0.746033974600773,0.5812497138977051,0.5648417472839355
AAPL|2018-12-27 15:30:00+00:00,AAPL,2018-12,later,0,0.559136152267456,0.5814188122749329,0.5141207677699752,0.42883593983018,0.6024290919303894,0.5895021557807922
AMZN|2018-12-27 15:30:00+00:00,AMZN,2018-12,later,0,0.5840644240379333,0.5387505292892456,0.4462185021918639,0.817491878929157,0.579953670501709,0.5692105293273926
AAPL|2018-12-27 16:30:00+00:00,AAPL,2018-12,later,1,0.534919798374176,0.5641716718673706,0.592827057863436,0.5082768245518817,0.5524835586547852,0.5768887996673584
AMZN|2018-12-27 16:30:00+00:00,AMZN,2018-12,later,1,0.5691172480583191,0.5200826525688171,0.3654519935355093,0.6059958515059302,0.5859130620956421,0.5554624199867249
AAPL|2018-12-28 14:30:00+00:00,AAPL,2018-12,later,0,0.6956363320350647,0.6832287311553955,0.5199708250728798,0.5994068016415851,0.6700869202613831,0.6701545715332031
AMZN|2018-12-28 14:30:00+00:00,AMZN,2018-12,later,1,0.6535959243774414,0.5672560930252075,0.8110668361931405,0.8144086752190991,0.6554977297782898,0.614510178565979
AAPL|2018-12-28 15:30:00+00:00,AAPL,2018-12,later,1,0.5721745491027832,0.5765236616134644,0.6003351426089653,0.5326583784020846,0.5828055143356323,0.5773648023605347
AMZN|2018-12-28 15:30:00+00:00,AMZN,2018-12,later,1,0.6674507260322571,0.5529051423072815,0.8562437925711411,0.8537062295620156,0.6404310464859009,0.6180794835090637
AAPL|2018-12-28 16:30:00+00:00,AAPL,2018-12,later,1,0.4948512315750122,0.5165837407112122,0.7587504388548801,0.6245702589004966,0.5300470590591431,0.5306305289268494
AMZN|2018-12-28 16:30:00+00:00,AMZN,2018-12,later,1,0.5172581672668457,0.4485790431499481,0.5050118397468049,0.48763367472536,0.5388677716255188,0.5159942507743835
AAPL|2018-12-31 14:30:00+00:00,AAPL,2018-12,later,0,0.6576980948448181,0.6717231273651123,0.5936515674427411,0.5767172347643708,0.6693155765533447,0.6587218046188354
AMZN|2018-12-31 14:30:00+00:00,AMZN,2018-12,later,1,0.5108432769775391,0.5650922656059265,0.5737011642679007,0.6193196365508322,0.5277912616729736,0.5541911721229553
AAPL|2018-12-31 15:30:00+00:00,AAPL,2018-12,later,0,0.5598824620246887,0.5361295342445374,0.5212818280437531,0.4839871252238186,0.5528249740600586,0.5497575998306274
AMZN|2018-12-31 15:30:00+00:00,AMZN,2018-12,later,0,0.4617516994476318,0.5306089520454407,0.6738790388782914,0.6675381676678745,0.5041621327400208,0.5406214594841003
AAPL|2018-12-31 16:30:00+00:00,AAPL,2018-12,later,0,0.5401139259338379,0.4646610617637634,0.5044049951407442,0.5208162181792411,0.5509909391403198,0.5067496299743652
AMZN|2018-12-31 16:30:00+00:00,AMZN,2018-12,later,1,0.3879555165767669,0.3863899707794189,0.4798589407464463,0.2572482147033761,0.4669843912124634,0.4722394347190857
AAPL|2019-01-02 14:30:00+00:00,AAPL,2019-01,later,1,0.685414731502533,0.6697396636009216,0.4632346420838987,0.5357048447710695,0.6649965047836304,0.668194055557251
AMZN|2019-01-02 14:30:00+00:00,AMZN,2019-01,later,1,0.5084487795829773,0.5553610324859619,0.4442990120150542,0.451034563378256,0.5536307692527771,0.5581245422363281
AAPL|2019-01-02 15:30:00+00:00,AAPL,2019-01,later,1,0.5712307691574097,0.5486142635345459,0.5301175491950633,0.4541840160941268,0.5558807253837585,0.5570249557495117
AMZN|2019-01-02 15:30:00+00:00,AMZN,2019-01,later,1,0.542151927947998,0.537063717842102,0.3553299862087222,0.4009158322570358,0.5810942649841309,0.5509978532791138
AAPL|2019-01-02 16:30:00+00:00,AAPL,2019-01,later,0,0.6370797157287598,0.7018799185752869,0.5275982105683107,0.6070067192168914,0.6250825524330139,0.6477912068367004
AMZN|2019-01-02 16:30:00+00:00,AMZN,2019-01,later,1,0.6319084167480469,0.6180130839347839,0.9487103079722032,0.9310105083851162,0.6268616914749146,0.6387498378753662
AAPL|2019-01-03 14:30:00+00:00,AAPL,2019-01,later,1,0.6819103360176086,0.6523248553276062,0.5864722398201855,0.6713017567303462,0.6855893731117249,0.6293712258338928
AMZN|2019-01-03 14:30:00+00:00,AMZN,2019-01,later,0,0.5063904523849487,0.5073913931846619,0.5416458877884229,0.4584841165344303,0.49360066652297974,0.5024586915969849
AAPL|2019-01-03 15:30:00+00:00,AAPL,2019-01,later,0,0.5734485983848572,0.583307683467865,0.5981429142669847,0.4834403578109118,0.619498610496521,0.5851969718933105
AMZN|2019-01-03 15:30:00+00:00,AMZN,2019-01,later,0,0.5441526174545288,0.5137660503387451,0.4320035287510821,0.709634868983289,0.5302596688270569,0.525479793548584
AAPL|2019-01-03 16:30:00+00:00,AAPL,2019-01,later,0,0.5846728682518005,0.634315013885498,0.4884657433176818,0.5185528984939068,0.626987636089325,0.6091680526733398
AMZN|2019-01-03 16:30:00+00:00,AMZN,2019-01,later,0,0.5250517129898071,0.5556054711341858,0.3625280615616071,0.4782168029490153,0.5655239820480347,0.5648858547210693
AAPL|2019-01-04 14:30:00+00:00,AAPL,2019-01,later,1,0.6874227523803711,0.6644484996795654,0.5676196117987733,0.5753803294130722,0.6783783435821533,0.6712293028831482
AMZN|2019-01-04 14:30:00+00:00,AMZN,2019-01,later,1,0.4776475429534912,0.533318817615509,0.4676606867928131,0.4705782137719753,0.5094196200370789,0.523784875869751
AAPL|2019-01-04 15:30:00+00:00,AAPL,2019-01,later,1,0.6080365180969238,0.6399621963500977,0.5994434108968081,0.771870475824412,0.6489958763122559,0.6317687630653381
AMZN|2019-01-04 15:30:00+00:00,AMZN,2019-01,later,1,0.5095124244689941,0.5273281335830688,0.8484832809358934,0.8152499344482264,0.5152971744537354,0.5425621271133423
AAPL|2019-01-04 16:30:00+00:00,AAPL,2019-01,later,0,0.5922791957855225,0.5847825407981873,0.6343533724591364,0.5483505508163314,0.5884931087493896,0.5880200862884521
AMZN|2019-01-04 16:30:00+00:00,AMZN,2019-01,later,1,0.6728844046592712,0.5955223441123962,0.7415439330112482,0.7222246639958433,0.6500564217567444,0.5984217524528503
AAPL|2019-01-07 14:30:00+00:00,AAPL,2019-01,later,0,0.6611745953559875,0.6814690828323364,0.7110283871621763,0.6410921802665658,0.6891099810600281,0.6683653593063354
AMZN|2019-01-07 14:30:00+00:00,AMZN,2019-01,later,1,0.5122846364974976,0.5340495705604553,0.5544698465895912,0.5278505017518651,0.5254065990447998,0.5437856316566467
AAPL|2019-01-07 15:30:00+00:00,AAPL,2019-01,later,0,0.5694769024848938,0.5919085144996643,0.6206415302916344,0.6608376802552263,0.6019052267074585,0.5888280868530273
AMZN|2019-01-07 15:30:00+00:00,AMZN,2019-01,later,1,0.4979440867900848,0.5148624181747437,0.5465033654975545,0.5626372135054325,0.5221141576766968,0.5517597794532776
AAPL|2019-01-07 16:30:00+00:00,AAPL,2019-01,later,1,0.4532676935195923,0.5417580604553223,0.4490110962590021,0.3594710324471259,0.5268596410751343,0.5668917894363403
AMZN|2019-01-07 16:30:00+00:00,AMZN,2019-01,later,1,0.5115896463394165,0.5134938955307007,0.4424971556147204,0.6247100341846031,0.5565810799598694,0.5339627265930176
AAPL|2019-01-08 14:30:00+00:00,AAPL,2019-01,later,1,0.6930818557739258,0.6670677065849304,0.593334871193696,0.5879955633046063,0.6891265511512756,0.6552835702896118
AMZN|2019-01-08 14:30:00+00:00,AMZN,2019-01,later,0,0.5502822995185852,0.5633007884025574,0.4603726553461129,0.5183953764892711,0.5379686951637268,0.5208532810211182
AAPL|2019-01-08 15:30:00+00:00,AAPL,2019-01,later,1,0.575644314289093,0.5535376071929932,0.5524619776668044,0.5405611547618415,0.6061773300170898,0.5775741338729858
AMZN|2019-01-08 15:30:00+00:00,AMZN,2019-01,later,1,0.5222809314727783,0.5121939778327942,0.5030910296270412,0.5905650808827845,0.5362471342086792,0.5224023461341858
AAPL|2019-01-08 16:30:00+00:00,AAPL,2019-01,later,1,0.6189321875572205,0.5951094031333923,0.5776484998841547,0.6299454310965308,0.6225836873054504,0.602766215801239
AMZN|2019-01-08 16:30:00+00:00,AMZN,2019-01,later,1,0.4631576836109161,0.5147646069526672,0.4688592322457681,0.3364533357880446,0.5198379755020142,0.5356404185295105
AAPL|2019-01-09 14:30:00+00:00,AAPL,2019-01,later,1,0.6975509524345398,0.6805047392845154,0.5728525056213588,0.5911688721838718,0.6714205145835876,0.6736071109771729
AMZN|2019-01-09 14:30:00+00:00,AMZN,2019-01,later,1,0.5020879507064819,0.5370837450027466,0.4693456096934771,0.4751189069596636,0.5327519178390503,0.536392092704773
AAPL|2019-01-09 15:30:00+00:00,AAPL,2019-01,later,1,0.5603925585746765,0.5402705669403076,0.5408607623388342,0.5136510185551848,0.550589382648468,0.564976155757904
AMZN|2019-01-09 15:30:00+00:00,AMZN,2019-01,later,1,0.4894437193870544,0.5205634832382202,0.4201397216330568,0.5453801636076757,0.508542537689209,0.5350414514541626
AAPL|2019-01-09 16:30:00+00:00,AAPL,2019-01,later,1,0.6012579798698425,0.5570902228355408,0.3306211771130641,0.5342933856693255,0.5884792804718018,0.5898799896240234
AMZN|2019-01-09 16:30:00+00:00,AMZN,2019-01,later,1,0.4809391498565674,0.4615994989871979,0.251507069242086,0.4993985618852282,0.5030785202980042,0.5226104259490967
AAPL|2019-01-10 14:30:00+00:00,AAPL,2019-01,later,1,0.6970335841178894,0.6848071217536926,0.578057598733253,0.6054412186384981,0.686292827129364,0.6856988072395325
AMZN|2019-01-10 14:30:00+00:00,AMZN,2019-01,later,1,0.5697618126869202,0.5570021867752075,0.5539517788985604,0.5544912961524108,0.5550023317337036,0.5569643378257751
AAPL|2019-01-10 15:30:00+00:00,AAPL,2019-01,later,1,0.5876460075378418,0.5806617140769958,0.5379310047341311,0.553788593405678,0.5848503112792969,0.5835642218589783
AMZN|2019-01-10 15:30:00+00:00,AMZN,2019-01,later,1,0.513083815574646,0.5059866905212402,0.4677772837429361,0.4878486369133859,0.5208840370178223,0.5204277038574219
AAPL|2019-01-10 16:30:00+00:00,AAPL,2019-01,later,1,0.4485805034637451,0.4820413291454315,0.5374709295379929,0.4638708344569309,0.4662599265575409,0.5149520635604858
AMZN|2019-01-10 16:30:00+00:00,AMZN,2019-01,later,1,0.5371363162994385,0.4712575376033783,0.7408218285067856,0.716421926431977,0.5342434644699097,0.512874960899353
AAPL|2019-01-11 14:30:00+00:00,AAPL,2019-01,later,0,0.6795818209648132,0.6729204654693604,0.605578615089356,0.6062847068284904,0.6535959243774414,0.6617376208305359
AMZN|2019-01-11 14:30:00+00:00,AMZN,2019-01,later,1,0.5716397166252136,0.587235689163208,0.5613959417158224,0.5615609075228746,0.5748471021652222,0.576388418674469
AAPL|2019-01-11 15:30:00+00:00,AAPL,2019-01,later,0,0.5086430311203003,0.5253572463989258,0.5644914451797491,0.4969920202555692,0.5189465880393982,0.5357869863510132
AMZN|2019-01-11 15:30:00+00:00,AMZN,2019-01,later,0,0.4940992593765259,0.5062165260314941,0.3789303992997133,0.4203297620931477,0.5264416337013245,0.5502114295959473
AAPL|2019-01-11 16:30:00+00:00,AAPL,2019-01,later,1,0.3995253145694732,0.4283327758312225,0.5735125929822739,0.4290892828273229,0.45224544405937195,0.476577490568161
AMZN|2019-01-11 16:30:00+00:00,AMZN,2019-01,later,0,0.5327786207199097,0.4926823377609253,0.6929028552737765,0.6965291932058518,0.5280936360359192,0.5316405892372131
AAPL|2019-01-14 14:30:00+00:00,AAPL,2019-01,later,0,0.5997247695922852,0.6663131713867188,0.4871171969550781,0.5751266749526427,0.6501854658126831,0.6649846434593201
AMZN|2019-01-14 14:30:00+00:00,AMZN,2019-01,later,1,0.5924053192138672,0.6369105577468872,0.6497906897929375,0.6447042086205366,0.6039732694625854,0.609935462474823
AAPL|2019-01-14 15:30:00+00:00,AAPL,2019-01,later,0,0.4750869274139404,0.5087831616401672,0.5195358283817904,0.4285165011254554,0.5219969749450684,0.5403391122817993
AMZN|2019-01-14 15:30:00+00:00,AMZN,2019-01,later,0,0.5373343825340271,0.529228150844574,0.6465835487064697,0.6385425662751953,0.5508023500442505,0.5437048673629761
AAPL|2019-01-14 16:30:00+00:00,AAPL,2019-01,later,1,0.4070630967617035,0.4833971560001373,0.4559444220791028,0.4383258330553928,0.4474663734436035,0.5006330609321594
AMZN|2019-01-14 16:30:00+00:00,AMZN,2019-01,later,0,0.6173596978187561,0.5354716181755066,0.5650251055709132,0.8214339818448246,0.5751315355300903,0.5640631318092346
AAPL|2019-01-15 14:30:00+00:00,AAPL,2019-01,later,1,0.6888220906257629,0.6734745502471924,0.6116472763371856,0.6264365267455263,0.6660973429679871,0.6670641899108887
AMZN|2019-01-15 14:30:00+00:00,AMZN,2019-01,later,1,0.5162990093231201,0.4978968203067779,0.444744585361123,0.443634487977352,0.5042836666107178,0.5347086191177368
AAPL|2019-01-15 15:30:00+00:00,AAPL,2019-01,later,1,0.5323212146759033,0.5369120240211487,0.5560824832872838,0.5410147690656517,0.5551974773406982,0.5562986135482788
AMZN|2019-01-15 15:30:00+00:00,AMZN,2019-01,later,1,0.5039156079292297,0.4975998103618622,0.4090426138622563,0.4096900933422911,0.503704845905304,0.5260294079780579
AAPL|2019-01-15 16:30:00+00:00,AAPL,2019-01,later,1,0.4739691913127899,0.4994613528251648,0.4983261791214073,0.4497131917671544,0.5014431476593018,0.5087461471557617
AMZN|2019-01-15 16:30:00+00:00,AMZN,2019-01,later,1,0.5329213738441467,0.4892424643039703,0.568932986885128,0.5569434080311562,0.5320818424224854,0.5179689526557922
AAPL|2019-01-16 14:30:00+00:00,AAPL,2019-01,later,1,0.6979483962059021,0.6737081408500671,0.6139991610839419,0.6263011601335404,0.6812957525253296,0.6707961559295654
AMZN|2019-01-16 14:30:00+00:00,AMZN,2019-01,later,1,0.5526690483093262,0.5556936264038086,0.4015405312632273,0.5634841135110631,0.5355838537216187,0.5565426349639893
AAPL|2019-01-16 15:30:00+00:00,AAPL,2019-01,later,1,0.5179029107093811,0.5362766981124878,0.5690314233689715,0.5308069844517449,0.5498588681221008,0.551176905632019
AMZN|2019-01-16 15:30:00+00:00,AMZN,2019-01,later,0,0.5084951519966125,0.5340155959129333,0.3938290278927616,0.604901774632281,0.5277926325798035,0.552730917930603
AAPL|2019-01-16 16:30:00+00:00,AAPL,2019-01,later,1,0.5068225860595703,0.5443714261054993,0.64624034676508,0.5095005830734691,0.5455725193023682,0.5446466207504272
AMZN|2019-01-16 16:30:00+00:00,AMZN,2019-01,later,0,0.4881211221218109,0.4948486387729645,0.4533166855277696,0.5496520162085712,0.5229272246360779,0.5346777439117432
AAPL|2019-01-17 14:30:00+00:00,AAPL,2019-01,later,1,0.711094081401825,0.7034820914268494,0.6316008384941252,0.6831481326621337,0.699442982673645,0.6953479051589966
AMZN|2019-01-17 14:30:00+00:00,AMZN,2019-01,later,1,0.5571846961975098,0.516535222530365,0.5578035011339263,0.5571397877773049,0.5453839898109436,0.5375754237174988
AAPL|2019-01-17 15:30:00+00:00,AAPL,2019-01,later,1,0.5091709494590759,0.5500717163085938,0.5559909924732738,0.5526171893541024,0.5386877655982971,0.5514237880706787
AMZN|2019-01-17 15:30:00+00:00,AMZN,2019-01,later,1,0.5405065417289734,0.5051764845848083,0.515509860772405,0.5713121267527081,0.5366590619087219,0.538745641708374
AAPL|2019-01-17 16:30:00+00:00,AAPL,2019-01,later,1,0.4938189089298248,0.5294554829597473,0.436942272387925,0.4683079662610632,0.5144690871238708,0.5305340886116028
AMZN|2019-01-17 16:30:00+00:00,AMZN,2019-01,later,1,0.5380613207817078,0.5135126709938049,0.4836129192047021,0.5326301107811225,0.5377194285392761,0.5478782653808594
AAPL|2019-01-18 14:30:00+00:00,AAPL,2019-01,later,0,0.6864433288574219,0.6860072016716003,0.5634067893817577,0.6212819987858543,0.6706692576408386,0.6681606769561768
AMZN|2019-01-18 14:30:00+00:00,AMZN,2019-01,later,1,0.6218376755714417,0.5999348163604736,0.6361655933466001,0.6354429785105306,0.6026275157928467,0.6015775203704834
AAPL|2019-01-18 15:30:00+00:00,AAPL,2019-01,later,0,0.6019237041473389,0.5805503129959106,0.5197366807405247,0.5728521832690014,0.5999133586883545,0.5829359292984009
AMZN|2019-01-18 15:30:00+00:00,AMZN,2019-01,later,0,0.5498914122581482,0.5210266709327698,0.6543746246136167,0.6400273112535315,0.5503915548324585,0.527453601360321
AAPL|2019-01-18 16:30:00+00:00,AAPL,2019-01,later,0,0.4364385902881622,0.4783791005611419,0.5323090635358533,0.5049948055832858,0.46988338232040405,0.5011149644851685
AMZN|2019-01-18 16:30:00+00:00,AMZN,2019-01,later,0,0.517246663570404,0.5087445378303528,0.4994010112997799,0.4952971614331928,0.5153858661651611,0.5439277291297913
AAPL|2019-01-22 14:30:00+00:00,AAPL,2019-01,later,0,0.6270352602005005,0.6597170233726501,0.5328161381097287,0.5705860128733762,0.664344310760498,0.6668950319290161
AMZN|2019-01-22 14:30:00+00:00,AMZN,2019-01,later,0,0.5938228368759155,0.664516806602478,0.6502728054327207,0.6455535381074888,0.5970970988273621,0.6243115067481995
AAPL|2019-01-22 15:30:00+00:00,AAPL,2019-01,later,0,0.5371876358985901,0.531456708908081,0.5456778576528165,0.4509465128371473,0.5483433604240417,0.5564813017845154
AMZN|2019-01-22 15:30:00+00:00,AMZN,2019-01,later,0,0.5359119176864624,0.5605907440185547,0.6884634568470416,0.6783922985677026,0.5583018064498901,0.5745782852172852
AAPL|2019-01-22 16:30:00+00:00,AAPL,2019-01,later,0,0.504253089427948,0.5080096125602722,0.4592989370525202,0.4485037608418579,0.5288324952125549,0.5226131677627563
AMZN|2019-01-22 16:30:00+00:00,AMZN,2019-01,later,0,0.4915958344936371,0.4849248826503753,0.4882759343025427,0.4835313877894668,0.48031872510910034,0.5006558895111084
AAPL|2019-01-23 14:30:00+00:00,AAPL,2019-01,later,0,0.6428923606872559,0.6520978212356567,0.5671957916923908,0.5859201188070491,0.5938234329223633,0.6254562735557556
AMZN|2019-01-23 14:30:00+00:00,AMZN,2019-01,later,0,0.484117180109024,0.5101551413536072,0.6174705612713051,0.6143360300939227,0.4773675203323364,0.4734758138656616
AAPL|2019-01-23 15:30:00+00:00,AAPL,2019-01,later,0,0.5368590354919434,0.5172683000564575,0.4538769173805852,0.4652101900648501,0.5064796209335327,0.5256624221801758
AMZN|2019-01-23 15:30:00+00:00,AMZN,2019-01,later,0,0.5426749587059021,0.5211824178695679,0.5972450459051268,0.5901214677264853,0.5109525918960571,0.5039746761322021
AAPL|2019-01-23 16:30:00+00:00,AAPL,2019-01,later,1,0.373612105846405,0.3934294581413269,0.4437378854466191,0.3731101895103451,0.3842211663722992,0.4110918939113617
AMZN|2019-01-23 16:30:00+00:00,AMZN,2019-01,later,1,0.5283967852592468,0.4950568974018097,0.4921384271863119,0.5143999448080846,0.48123255372047424,0.5344973206520081
AAPL|2019-01-24 14:30:00+00:00,AAPL,2019-01,later,0,0.6696133017539978,0.6638132929801941,0.7401568636482695,0.6591237634260294,0.6464158892631531,0.6593473553657532
AMZN|2019-01-24 14:30:00+00:00,AMZN,2019-01,later,1,0.6412456035614014,0.5812620520591736,0.7833115913031268,0.7831893042608684,0.6272263526916504,0.613638162612915
AAPL|2019-01-24 15:30:00+00:00,AAPL,2019-01,later,0,0.5585267543792725,0.5453742742538452,0.6932748510125188,0.5627280432770505,0.5611781477928162,0.5624631643295288
AMZN|2019-01-24 15:30:00+00:00,AMZN,2019-01,later,0,0.6712239980697632,0.5657745599746704,0.7513210842696594,0.7529400166794377,0.6263672113418579,0.607676088809967
AAPL|2019-01-24 16:30:00+00:00,AAPL,2019-01,later,1,0.3906863629817962,0.40925994515419,0.5910479075951972,0.4418279304375295,0.4363977015018463,0.4441913664340973
AMZN|2019-01-24 16:30:00+00:00,AMZN,2019-01,later,1,0.3908534348011017,0.4334130585193634,0.3745050480432638,0.406828864610421,0.44297975301742554,0.4670165479183197
AAPL|2019-01-25 14:30:00+00:00,AAPL,2019-01,later,1,0.6764406561851501,0.665016233921051,0.621299436478397,0.6247697824438162,0.6636058688163757,0.6558240652084351
AMZN|2019-01-25 14:30:00+00:00,AMZN,2019-01,later,1,0.5198848247528076,0.5491986870765686,0.5257417013976536,0.5273767378221448,0.5442940592765808,0.555517315864563
AAPL|2019-01-25 15:30:00+00:00,AAPL,2019-01,later,1,0.5528717637062073,0.5330776572227478,0.6016079405274306,0.5579766296966115,0.5673725008964539,0.5511187314987183
AMZN|2019-01-25 15:30:00+00:00,AMZN,2019-01,later,0,0.5039254426956177,0.5124017000198364,0.4711998530967079,0.4770118691730762,0.5151867866516113,0.5531646013259888
AAPL|2019-01-25 16:30:00+00:00,AAPL,2019-01,later,1,0.469715803861618,0.5182628035545349,0.5394374292093721,0.4957929665452845,0.517530620098114,0.5182203650474548
AMZN|2019-01-25 16:30:00+00:00,AMZN,2019-01,later,0,0.5332561135292053,0.5359095931053162,0.6124108441357772,0.6043443815613185,0.5322694182395935,0.5719791054725647
AAPL|2019-01-28 14:30:00+00:00,AAPL,2019-01,later,1,0.6918757557868958,0.6884881854057312,0.644104711891509,0.6377543179418245,0.6850035190582275,0.6890680193901062
AMZN|2019-01-28 14:30:00+00:00,AMZN,2019-01,later,0,0.6001960039138794,0.5434049367904663,0.5965508200286201,0.6709842386140162,0.5850551724433899,0.5783436894416809
AAPL|2019-01-28 15:30:00+00:00,AAPL,2019-01,later,1,0.5484223961830139,0.5698360800743103,0.6193378320887314,0.5422439986572761,0.582059919834137,0.5808001160621643
AMZN|2019-01-28 15:30:00+00:00,AMZN,2019-01,later,0,0.5391038656234741,0.5259617567062378,0.4963340960914083,0.6042897230336358,0.5349972248077393,0.5528324842453003
AAPL|2019-01-28 16:30:00+00:00,AAPL,2019-01,later,1,0.5467429757118225,0.4853106737136841,0.5231298085604872,0.4539202501110491,0.5152595043182373,0.5151560306549072
AMZN|2019-01-28 16:30:00+00:00,AMZN,2019-01,later,1,0.4425171017646789,0.4531256556510925,0.2313979457882874,0.4630860901374256,0.46843114495277405,0.4712221324443817
AAPL|2019-01-29 14:30:00+00:00,AAPL,2019-01,later,0,0.7017775177955627,0.6899550557136536,0.6538101911491744,0.6565229633051385,0.6821261644363403,0.6835047602653503
AMZN|2019-01-29 14:30:00+00:00,AMZN,2019-01,later,0,0.557728111743927,0.5612387657165527,0.4789387505725488,0.5617739014273226,0.5582023859024048,0.5528022646903992
AAPL|2019-01-29 15:30:00+00:00,AAPL,2019-01,later,0,0.5619712471961975,0.557388424873352,0.5460677373084615,0.5678684351246912,0.5767301321029663,0.5747272372245789
AMZN|2019-01-29 15:30:00+00:00,AMZN,2019-01,later,0,0.5364948511123657,0.549948513507843,0.4709104487755954,0.5716219784837006,0.5420997738838196,0.5689883232116699
AAPL|2019-01-29 16:30:00+00:00,AAPL,2019-01,later,0,0.4165738821029663,0.4078859686851501,0.4239052414169596,0.422276970095315,0.44542890787124634,0.4355333745479584
AMZN|2019-01-29 16:30:00+00:00,AMZN,2019-01,later,0,0.4259462356567383,0.4210057556629181,0.3080222150525781,0.3404092813698452,0.47351038455963135,0.45718422532081604
AAPL|2019-01-30 14:30:00+00:00,AAPL,2019-01,later,0,0.6742489337921143,0.6691359877586365,0.5886631806215318,0.6040510255767437,0.6786507368087769,0.6755113005638123
AMZN|2019-01-30 14:30:00+00:00,AMZN,2019-01,later,1,0.4592487812042236,0.5133674144744873,0.3934870144330681,0.3991585229924228,0.4598097503185272,0.4622856378555298
AAPL|2019-01-30 15:30:00+00:00,AAPL,2019-01,later,1,0.5887762308120728,0.5842047929763794,0.5601024709284436,0.6130535894618961,0.617702066898346,0.5943279266357422
AMZN|2019-01-30 15:30:00+00:00,AMZN,2019-01,later,1,0.4554455280303955,0.4769473969936371,0.4669730031641591,0.35434737994986,0.4851430356502533,0.46837127208709717
AAPL|2019-01-30 16:30:00+00:00,AAPL,2019-01,later,1,0.5665668249130249,0.545906126499176,0.4225342815708121,0.6126504539655467,0.5662457942962646,0.5597901344299316
AMZN|2019-01-30 16:30:00+00:00,AMZN,2019-01,later,1,0.5463204383850098,0.5424293875694275,0.2140600962847467,0.4157266195756426,0.5484393835067749,0.5342106819152832
AAPL|2019-01-31 14:30:00+00:00,AAPL,2019-01,later,1,0.6585268974304199,0.6737133860588074,0.6559337871474136,0.6971219868686417,0.6709305644035339,0.651925802230835
AMZN|2019-01-31 14:30:00+00:00,AMZN,2019-01,later,1,0.551009476184845,0.5535018444061279,0.6186262674595777,0.6223440595423698,0.5151299238204956,0.5354841351509094
AAPL|2019-01-31 15:30:00+00:00,AAPL,2019-01,later,0,0.6028993129730225,0.5674630999565125,0.5972651174541578,0.6433927289939405,0.5856128931045532,0.5674466490745544
AMZN|2019-01-31 15:30:00+00:00,AMZN,2019-01,later,1,0.5323638916015625,0.5006007552146912,0.4761053443164375,0.4974965502949061,0.5083490014076233,0.49704378843307495
AAPL|2019-01-31 16:30:00+00:00,AAPL,2019-01,later,0,0.5700602531433105,0.5869787931442261,0.554922975570617,0.5824443701460688,0.5547327399253845,0.5644187927246094
AMZN|2019-01-31 16:30:00+00:00,AMZN,2019-01,later,1,0.5597344040870667,0.527442991733551,0.4788104511493984,0.7032321395321665,0.5643924474716187,0.5499742031097412
AAPL|2019-02-01 14:30:00+00:00,AAPL,2019-02,later,0,0.6989063024520874,0.6736931800842285,0.6587951821962565,0.6303137932471383,0.6909433603286743,0.6692612171173096
AMZN|2019-02-01 14:30:00+00:00,AMZN,2019-02,later,1,0.5133251547813416,0.5492745637893677,0.5870082934568233,0.5869523122311956,0.528215765953064,0.5464010834693909
AAPL|2019-02-01 15:30:00+00:00,AAPL,2019-02,later,0,0.5630473494529724,0.5677947402000427,0.6186038182787709,0.6098901630736805,0.6073062419891357,0.5883825421333313
AMZN|2019-02-01 15:30:00+00:00,AMZN,2019-02,later,0,0.4886229634284973,0.5001533627510071,0.5855332441686081,0.593543994323022,0.5282189249992371,0.4975963234901428
