symbol,seed,method,month,n,BA,Brier,MCC,accuracy,predicted_up,constant,log_loss,TPR,TNR
AAPL,573,PAPER,2018-01,59,0.6770833333333333,0.2502373911465829,0.35334967211447943,0.6779661016949152,0.5254237288135594,False,0.8124825938488417,0.6875,0.6666666666666666
AAPL,573,PAPER,2018-02,57,0.670625,0.211533551963296,0.3510401211637591,0.6842105263157895,0.631578947368421,False,0.6540324103752488,0.78125,0.56
AAPL,573,PAPER,2018-03,62,0.7572916666666667,0.2097639749201156,0.5153892591730216,0.7580645161290323,0.532258064516129,False,0.7388501553763098,0.78125,0.7333333333333333
AAPL,573,PAPER,2018-04,63,0.6537298387096775,0.2432798038578568,0.3302134644559894,0.6507936507936508,0.6825396825396826,False,0.7412165484949603,0.8387096774193549,0.46875
AAPL,573,PAPER,2018-05,66,0.7884436160298229,0.1627647731121119,0.5736882024146817,0.7878787878787878,0.5303030303030303,False,0.5974352225697579,0.7837837837837838,0.7931034482758621
AAPL,573,PAPER,2018-06,63,0.7083333333333333,0.19554769936724292,0.4166666666666667,0.7142857142857143,0.5714285714285714,False,0.6819373012602258,0.75,0.6666666666666666
AAPL,573,PAPER,2018-07,60,0.575091575091575,0.22770365879192542,0.15896608261102183,0.6333333333333333,0.7166666666666667,False,0.6549141213280731,0.7692307692307693,0.38095238095238093
AAPL,573,PAPER,2018-08,69,0.5326797385620915,0.21433929285019362,0.0757184750707091,0.6811594202898551,0.8260869565217391,False,0.6616189732621875,0.8431372549019608,0.2222222222222222
AAPL,573,PAPER,2018-09,57,0.6502463054187192,0.29303317550612407,0.3027379168611337,0.6491228070175439,0.5614035087719298,False,0.9014461811908275,0.7142857142857143,0.5862068965517241
AAPL,573,PAPER,2018-10,69,0.582051282051282,0.27076069193759594,0.16271770757789486,0.5797101449275363,0.5072463768115942,False,0.8580797007369682,0.6,0.5641025641025641
AAPL,573,PAPER,2018-11,60,0.6351501668520578,0.27550400578371076,0.27151109153844005,0.6333333333333333,0.45,False,0.8684791411566339,0.5806451612903226,0.6896551724137931
AAPL,573,PAPER,2018-12,53,0.6455108359133126,0.2311353870068979,0.2946940148465151,0.6792452830188679,0.33962264150943394,False,0.8068541365819791,0.5263157894736842,0.7647058823529411
AAPL,573,PAPER,2019-01,63,0.5935550935550935,0.22654853347024778,0.186145197762485,0.6031746031746031,0.5714285714285714,False,0.6536362989056068,0.6486486486486487,0.5384615384615384
AAPL,573,PAPER,2019-02,2,,0.16556178439247532,,1.0,0.0,True,0.5165017223615194,,1.0
AAPL,573,PRICE,2018-01,59,0.5758101851851851,0.23993344410616538,0.16678819876485512,0.5932203389830508,0.711864406779661,False,0.6717292860866735,0.78125,0.37037037037037035
AAPL,573,PRICE,2018-02,57,0.639375,0.22258893191251505,0.2819398686139768,0.6491228070175439,0.5964912280701754,False,0.6331010084550254,0.71875,0.56
AAPL,573,PRICE,2018-03,62,0.3520833333333333,0.2786768258762606,-0.2996020627622514,0.3548387096774194,0.5806451612903226,False,0.7536495665010157,0.4375,0.26666666666666666
AAPL,573,PRICE,2018-04,63,0.6068548387096775,0.2589289178483806,0.24070030928767125,0.6031746031746031,0.7301587301587301,False,0.713688742157831,0.8387096774193549,0.375
AAPL,573,PRICE,2018-05,66,0.5200372786579683,0.24517553314536944,0.04392814509203082,0.5454545454545454,0.7121212121212122,False,0.6837109847307408,0.7297297297297297,0.3103448275862069
AAPL,573,PRICE,2018-06,63,0.5925925925925926,0.249364608406962,0.186145197762485,0.6031746031746031,0.5873015873015873,False,0.6937055237804931,0.6666666666666666,0.5185185185185185
AAPL,573,PRICE,2018-07,60,0.5494505494505495,0.2348562848397802,0.10140849540810587,0.6,0.6833333333333333,False,0.6617277161359296,0.717948717948718,0.38095238095238093
AAPL,573,PRICE,2018-08,69,0.5964052287581699,0.22291891584596277,0.1964833676897975,0.6956521739130435,0.7536231884057971,False,0.6384897625515704,0.803921568627451,0.3888888888888889
AAPL,573,PRICE,2018-09,57,0.5997536945812808,0.2369895645704382,0.21456972463472546,0.5964912280701754,0.6842105263157895,False,0.665968189851318,0.7857142857142857,0.41379310344827586
AAPL,573,PRICE,2018-10,69,0.5217948717948717,0.24363247532984625,0.04427623847752457,0.5072463768115942,0.6086956521739131,False,0.679833087514752,0.6333333333333333,0.41025641025641024
AAPL,573,PRICE,2018-11,60,0.5628476084538376,0.26346122628836544,0.12919146336922627,0.5666666666666667,0.6166666666666667,False,0.7363319864356541,0.6774193548387096,0.4482758620689655
AAPL,573,PRICE,2018-12,53,0.5719814241486068,0.25688231562169656,0.13929712218403822,0.5849056603773585,0.4339622641509434,False,0.7127095203719482,0.5263157894736842,0.6176470588235294
AAPL,573,PRICE,2019-01,63,0.41632016632016633,0.26576196380293454,-0.1658155677094358,0.42857142857142855,0.5555555555555556,False,0.7264586459272026,0.4864864864864865,0.34615384615384615
AAPL,573,PRICE,2019-02,2,,0.3830284734715391,,0.0,1.0,True,0.9665998849693735,,0.0
AAPL,573,FULL,2018-01,59,0.6927083333333333,0.2436210596554085,0.3854166666666667,0.6949152542372882,0.5423728813559322,False,0.7615650006627718,0.71875,0.6666666666666666
AAPL,573,FULL,2018-02,57,0.7150000000000001,0.1825085806874265,0.43,0.7192982456140351,0.5614035087719298,False,0.5672403286933516,0.75,0.68
AAPL,573,FULL,2018-03,62,0.7572916666666667,0.18786029868479362,0.5153892591730216,0.7580645161290323,0.532258064516129,False,0.6243369689356287,0.78125,0.7333333333333333
AAPL,573,FULL,2018-04,63,0.7474798387096775,0.19168905358442173,0.5026180952786744,0.746031746031746,0.5873015873015873,False,0.5865474243724116,0.8387096774193549,0.65625
AAPL,573,FULL,2018-05,66,0.7712022367194781,0.16045967616633544,0.5406438236213209,0.7727272727272727,0.5454545454545454,False,0.5067677259482297,0.7837837837837838,0.7586206896551724
AAPL,573,FULL,2018-06,63,0.7314814814814815,0.17783784539504946,0.4758668672668006,0.746031746031746,0.6349206349206349,False,0.5925793828537035,0.8333333333333334,0.6296296296296297
AAPL,573,FULL,2018-07,60,0.6227106227106227,0.22929264531388585,0.2516433034201146,0.6666666666666666,0.6833333333333333,False,0.6531095966562526,0.7692307692307693,0.47619047619047616
AAPL,573,FULL,2018-08,69,0.522875816993464,0.23026020446641066,0.05137623327375897,0.6666666666666666,0.8115942028985508,False,0.6911864092842437,0.8235294117647058,0.2222222222222222
AAPL,573,FULL,2018-09,57,0.5991379310344828,0.26224137876645304,0.20769785029630752,0.5964912280701754,0.6491228070175439,False,0.8099379187047151,0.75,0.4482758620689655
AAPL,573,FULL,2018-10,69,0.6076923076923078,0.2599224396429855,0.21374668579336073,0.6086956521739131,0.4782608695652174,False,0.8308303581514924,0.6,0.6153846153846154
AAPL,573,FULL,2018-11,60,0.6318131256952169,0.2722067394013185,0.2648071139695897,0.6333333333333333,0.55,False,0.8316040859825412,0.6774193548387096,0.5862068965517241
AAPL,573,FULL,2018-12,53,0.6896284829721362,0.22240042485787162,0.40374987188384637,0.7358490566037735,0.2830188679245283,False,0.7936063450101936,0.5263157894736842,0.8529411764705882
AAPL,573,FULL,2019-01,63,0.6148648648648649,0.22431398173539485,0.2349150407716129,0.6349206349206349,0.6349206349206349,False,0.6368151867203958,0.7297297297297297,0.5
AAPL,573,FULL,2019-02,2,,0.24557932970907592,,0.5,0.5,False,0.6774195951587447,,0.5
AAPL,573,TFIDF_LR,2018-01,59,0.6313657407407407,0.2299835506963369,0.27651690330929946,0.6440677966101694,0.6610169491525424,False,0.652886615171551,0.78125,0.48148148148148145
AAPL,573,TFIDF_LR,2018-02,57,0.68625,0.21581633533167494,0.38730705745797706,0.7017543859649122,0.6491228070175439,False,0.6230912286114534,0.8125,0.56
AAPL,573,TFIDF_LR,2018-03,62,0.7541666666666667,0.21043135821502001,0.5258816101137362,0.7580645161290323,0.6290322580645161,False,0.6126245358892748,0.875,0.6333333333333333
AAPL,573,TFIDF_LR,2018-04,63,0.6703629032258065,0.22639810853484302,0.38375804027940036,0.6666666666666666,0.7301587301587301,False,0.6452387222109996,0.9032258064516129,0.4375
AAPL,573,TFIDF_LR,2018-05,66,0.7390493942218079,0.21159314966532614,0.5094500390597325,0.7575757575757576,0.6818181818181818,False,0.6151027975310033,0.8918918918918919,0.5862068965517241
AAPL,573,TFIDF_LR,2018-06,63,0.6666666666666666,0.21193643034621196,0.37896836447993354,0.6984126984126984,0.746031746031746,False,0.6157537096402835,0.8888888888888888,0.4444444444444444
AAPL,573,TFIDF_LR,2018-07,60,0.5659340659340659,0.19882499127943193,0.15724272550828775,0.65,0.8,False,0.5867014502505578,0.8461538461538461,0.2857142857142857
AAPL,573,TFIDF_LR,2018-08,69,0.5915032679738562,0.19564708557160812,0.28519508796433235,0.7681159420289855,0.9130434782608695,False,0.5812231359548428,0.9607843137254902,0.2222222222222222
AAPL,573,TFIDF_LR,2018-09,57,0.5289408866995073,0.24682254241857368,0.06063229170140654,0.5263157894736842,0.6491228070175439,False,0.6867988828833479,0.6785714285714286,0.3793103448275862
AAPL,573,TFIDF_LR,2018-10,69,0.6115384615384616,0.23915761620888057,0.22119438373870084,0.6086956521739131,0.5072463768115942,False,0.6713171229646362,0.6333333333333333,0.5897435897435898
AAPL,573,TFIDF_LR,2018-11,60,0.6490545050055617,0.2369112260756211,0.29860765938669176,0.65,0.5333333333333333,False,0.667106907451337,0.6774193548387096,0.6206896551724138
AAPL,573,TFIDF_LR,2018-12,53,0.7213622291021672,0.21690937795004817,0.4265256508275323,0.7169811320754716,0.4528301886792453,False,0.626018521984092,0.7368421052631579,0.7058823529411765
AAPL,573,TFIDF_LR,2019-01,63,0.5628898128898129,0.22281089093839268,0.12989563745166421,0.5873015873015873,0.6507936507936508,False,0.6369716106944816,0.7027027027027027,0.4230769230769231
AAPL,573,TFIDF_LR,2019-02,2,,0.21545356003446325,,1.0,0.0,True,0.623744285424225,,1.0
AAPL,573,TFIDF_SVM,2018-01,59,0.6556712962962963,0.2274075094597801,0.3138961188362788,0.6610169491525424,0.576271186440678,False,0.6488368348540303,0.71875,0.5925925925925926
AAPL,573,TFIDF_SVM,2018-02,57,0.7462500000000001,0.19494241867105094,0.49813591136281105,0.7543859649122807,0.5964912280701754,False,0.5799203221234135,0.8125,0.68
AAPL,573,TFIDF_SVM,2018-03,62,0.7885416666666667,0.17404929410288494,0.5816453279086441,0.7903225806451613,0.5645161290322581,False,0.5349794731430814,0.84375,0.7333333333333333
AAPL,573,TFIDF_SVM,2018-04,63,0.6849798387096775,0.21572176606394713,0.387977874441873,0.6825396825396826,0.6507936507936508,False,0.6225962564158919,0.8387096774193549,0.53125
AAPL,573,TFIDF_SVM,2018-05,66,0.842497670083877,0.17491081443091727,0.6914699202022049,0.8484848484848485,0.5909090909090909,False,0.537285852094544,0.8918918918918919,0.7931034482758621
AAPL,573,TFIDF_SVM,2018-06,63,0.7546296296296297,0.185151703890121,0.5118992938468337,0.7619047619047619,0.5873015873015873,False,0.5575453603668187,0.8055555555555556,0.7037037037037037
AAPL,573,TFIDF_SVM,2018-07,60,0.7069597069597069,0.1891278879892038,0.4139194139194139,0.7333333333333333,0.65,False,0.5619675014635163,0.7948717948717948,0.6190476190476191
AAPL,573,TFIDF_SVM,2018-08,69,0.6552287581699346,0.18474663090828675,0.3724030078367606,0.782608695652174,0.8405797101449275,False,0.5569796423953617,0.9215686274509803,0.3888888888888889
AAPL,573,TFIDF_SVM,2018-09,57,0.5634236453201971,0.2521775539663361,0.1302608319197154,0.5614035087719298,0.6140350877192983,False,0.699387388944907,0.6785714285714286,0.4482758620689655
AAPL,573,TFIDF_SVM,2018-10,69,0.6333333333333333,0.23524855805458342,0.2657596345603107,0.6376811594202898,0.4492753623188406,False,0.6667015118925923,0.6,0.6666666666666666
AAPL,573,TFIDF_SVM,2018-11,60,0.6167964404894327,0.23512228407478725,0.23346307108777453,0.6166666666666667,0.5,False,0.6673529463320944,0.6129032258064516,0.6206896551724138
AAPL,573,TFIDF_SVM,2018-12,53,0.7391640866873065,0.19263455194667037,0.4732278033866082,0.7547169811320755,0.37735849056603776,False,0.5739373915915207,0.6842105263157895,0.7941176470588235
AAPL,573,TFIDF_SVM,2019-01,63,0.6803534303534303,0.20073155647623478,0.368848502930994,0.6984126984126984,0.6349206349206349,False,0.5879666132833351,0.7837837837837838,0.5769230769230769
AAPL,573,TFIDF_SVM,2019-02,2,,0.13277293603116624,,1.0,0.0,True,0.45172594242728165,,1.0
AAPL,573,TFIDF_RF,2018-01,59,0.5729166666666666,0.2427801226953304,0.16685595311797866,0.5932203389830508,0.7457627118644068,False,0.6789472321248653,0.8125,0.3333333333333333
AAPL,573,TFIDF_RF,2018-02,57,0.5975,0.22687053805891916,0.23734644158557197,0.631578947368421,0.7894736842105263,False,0.6460949238815904,0.875,0.32
AAPL,573,TFIDF_RF,2018-03,62,0.5739583333333333,0.22977278944526264,0.16285089025827418,0.5806451612903226,0.7096774193548387,False,0.6517292765765516,0.78125,0.36666666666666664
AAPL,573,TFIDF_RF,2018-04,63,0.639616935483871,0.2352501341203707,0.34495882086030216,0.6349206349206349,0.7936507936507936,False,0.6633143402313401,0.9354838709677419,0.34375
AAPL,573,TFIDF_RF,2018-05,66,0.4720410065237652,0.24564029432093112,-0.062315275321272165,0.5,0.7272727272727273,False,0.6841510463401953,0.7027027027027027,0.2413793103448276
AAPL,573,TFIDF_RF,2018-06,63,0.5925925925925926,0.2286735141131008,0.23338001400466832,0.6349206349206349,0.8095238095238095,False,0.6498136239729735,0.8888888888888888,0.2962962962962963
AAPL,573,TFIDF_RF,2018-07,60,0.6282051282051282,0.20832763527794057,0.3281650616569468,0.7166666666666667,0.8333333333333334,False,0.6079155837744428,0.9230769230769231,0.3333333333333333
AAPL,573,TFIDF_RF,2018-08,69,0.6013071895424836,0.2123440241367009,0.34317576814678696,0.782608695652174,0.927536231884058,False,0.6169622870985322,0.9803921568627451,0.2222222222222222
AAPL,573,TFIDF_RF,2018-09,57,0.5116995073891626,0.2576760247256249,0.024814583349273257,0.5087719298245614,0.6666666666666666,False,0.7089438719939571,0.6785714285714286,0.3448275862068966
AAPL,573,TFIDF_RF,2018-10,69,0.5679487179487179,0.24519488003706458,0.13902192304590422,0.5507246376811594,0.6231884057971014,False,0.6836435974543676,0.7,0.4358974358974359
AAPL,573,TFIDF_RF,2018-11,60,0.6273637374860956,0.23271382237699728,0.27364461592771794,0.6333333333333333,0.6833333333333333,False,0.6582616218451993,0.8064516129032258,0.4482758620689655
AAPL,573,TFIDF_RF,2018-12,53,0.7089783281733746,0.23380105479667201,0.4294096441696656,0.6415094339622641,0.6792452830188679,False,0.6604972038372138,0.9473684210526315,0.47058823529411764
AAPL,573,TFIDF_RF,2019-01,63,0.5592515592515592,0.23414884707514552,0.13697807767301218,0.6031746031746031,0.7619047619047619,False,0.6610028066647298,0.8108108108108109,0.3076923076923077
AAPL,573,TFIDF_RF,2019-02,2,,0.24701722551207075,,0.5,0.5,False,0.6871791845421888,,0.5
AAPL,573,TFIDF_LR_PRICE_FALLBACK,2018-01,59,0.6313657407407407,0.2299835506963369,0.27651690330929946,0.6440677966101694,0.6610169491525424,False,0.652886615171551,0.78125,0.48148148148148145
AAPL,573,TFIDF_LR_PRICE_FALLBACK,2018-02,57,0.68625,0.21581633533167494,0.38730705745797706,0.7017543859649122,0.6491228070175439,False,0.6230912286114534,0.8125,0.56
AAPL,573,TFIDF_LR_PRICE_FALLBACK,2018-03,62,0.7541666666666667,0.21043135821502001,0.5258816101137362,0.7580645161290323,0.6290322580645161,False,0.6126245358892748,0.875,0.6333333333333333
AAPL,573,TFIDF_LR_PRICE_FALLBACK,2018-04,63,0.6859879032258065,0.22561892194585795,0.41164990606253066,0.6825396825396826,0.7142857142857143,False,0.6438450082914956,0.9032258064516129,0.46875
AAPL,573,TFIDF_LR_PRICE_FALLBACK,2018-05,66,0.7390493942218079,0.21159314966532614,0.5094500390597325,0.7575757575757576,0.6818181818181818,False,0.6151027975310033,0.8918918918918919,0.5862068965517241
AAPL,573,TFIDF_LR_PRICE_FALLBACK,2018-06,63,0.6666666666666666,0.21193643034621196,0.37896836447993354,0.6984126984126984,0.746031746031746,False,0.6157537096402835,0.8888888888888888,0.4444444444444444
AAPL,573,TFIDF_LR_PRICE_FALLBACK,2018-07,60,0.5659340659340659,0.19882499127943193,0.15724272550828775,0.65,0.8,False,0.5867014502505578,0.8461538461538461,0.2857142857142857
AAPL,573,TFIDF_LR_PRICE_FALLBACK,2018-08,69,0.5915032679738562,0.19450302564791744,0.28519508796433235,0.7681159420289855,0.9130434782608695,False,0.5788315437509786,0.9607843137254902,0.2222222222222222
AAPL,573,TFIDF_LR_PRICE_FALLBACK,2018-09,57,0.5289408866995073,0.24522723770716243,0.06063229170140654,0.5263157894736842,0.6491228070175439,False,0.6834326783180633,0.6785714285714286,0.3793103448275862
AAPL,573,TFIDF_LR_PRICE_FALLBACK,2018-10,69,0.5948717948717949,0.24158823136384075,0.18814234938694094,0.5942028985507246,0.4927536231884058,False,0.676240020678125,0.6,0.5897435897435898
AAPL,573,TFIDF_LR_PRICE_FALLBACK,2018-11,60,0.6490545050055617,0.2369112260756211,0.29860765938669176,0.65,0.5333333333333333,False,0.667106907451337,0.6774193548387096,0.6206896551724138
AAPL,573,TFIDF_LR_PRICE_FALLBACK,2018-12,53,0.7213622291021672,0.21690937795004817,0.4265256508275323,0.7169811320754716,0.4528301886792453,False,0.626018521984092,0.7368421052631579,0.7058823529411765
AAPL,573,TFIDF_LR_PRICE_FALLBACK,2019-01,63,0.5628898128898129,0.22281089093839268,0.12989563745166421,0.5873015873015873,0.6507936507936508,False,0.6369716106944816,0.7027027027027027,0.4230769230769231
AAPL,573,TFIDF_LR_PRICE_FALLBACK,2019-02,2,,0.21545356003446325,,1.0,0.0,True,0.623744285424225,,1.0
AAPL,573,TFIDF_SVM_PRICE_FALLBACK,2018-01,59,0.6556712962962963,0.2274075094597801,0.3138961188362788,0.6610169491525424,0.576271186440678,False,0.6488368348540303,0.71875,0.5925925925925926
AAPL,573,TFIDF_SVM_PRICE_FALLBACK,2018-02,57,0.7462500000000001,0.19494241867105094,0.49813591136281105,0.7543859649122807,0.5964912280701754,False,0.5799203221234135,0.8125,0.68
AAPL,573,TFIDF_SVM_PRICE_FALLBACK,2018-03,62,0.7885416666666667,0.17404929410288494,0.5816453279086441,0.7903225806451613,0.5645161290322581,False,0.5349794731430814,0.84375,0.7333333333333333
AAPL,573,TFIDF_SVM_PRICE_FALLBACK,2018-04,63,0.7006048387096775,0.2131181579081785,0.41661348421698563,0.6984126984126984,0.6349206349206349,False,0.6172396285826611,0.8387096774193549,0.5625
AAPL,573,TFIDF_SVM_PRICE_FALLBACK,2018-05,66,0.842497670083877,0.17491081443091727,0.6914699202022049,0.8484848484848485,0.5909090909090909,False,0.537285852094544,0.8918918918918919,0.7931034482758621
AAPL,573,TFIDF_SVM_PRICE_FALLBACK,2018-06,63,0.7546296296296297,0.185151703890121,0.5118992938468337,0.7619047619047619,0.5873015873015873,False,0.5575453603668187,0.8055555555555556,0.7037037037037037
AAPL,573,TFIDF_SVM_PRICE_FALLBACK,2018-07,60,0.7069597069597069,0.1891278879892038,0.4139194139194139,0.7333333333333333,0.65,False,0.5619675014635163,0.7948717948717948,0.6190476190476191
AAPL,573,TFIDF_SVM_PRICE_FALLBACK,2018-08,69,0.6552287581699346,0.18339103988628305,0.3724030078367606,0.782608695652174,0.8405797101449275,False,0.5541616775062117,0.9215686274509803,0.3888888888888889
AAPL,573,TFIDF_SVM_PRICE_FALLBACK,2018-09,57,0.5634236453201971,0.2502239389821157,0.1302608319197154,0.5614035087719298,0.6140350877192983,False,0.6952995147693466,0.6785714285714286,0.4482758620689655
AAPL,573,TFIDF_SVM_PRICE_FALLBACK,2018-10,69,0.6166666666666667,0.23746764211123056,0.23333333333333334,0.6231884057971014,0.43478260869565216,False,0.6711980369207955,0.5666666666666667,0.6666666666666666
AAPL,573,TFIDF_SVM_PRICE_FALLBACK,2018-11,60,0.6167964404894327,0.23512228407478725,0.23346307108777453,0.6166666666666667,0.5,False,0.6673529463320944,0.6129032258064516,0.6206896551724138
AAPL,573,TFIDF_SVM_PRICE_FALLBACK,2018-12,53,0.7391640866873065,0.19263455194667037,0.4732278033866082,0.7547169811320755,0.37735849056603776,False,0.5739373915915207,0.6842105263157895,0.7941176470588235
AAPL,573,TFIDF_SVM_PRICE_FALLBACK,2019-01,63,0.6803534303534303,0.20073155647623478,0.368848502930994,0.6984126984126984,0.6349206349206349,False,0.5879666132833351,0.7837837837837838,0.5769230769230769
AAPL,573,TFIDF_SVM_PRICE_FALLBACK,2019-02,2,,0.13277293603116624,,1.0,0.0,True,0.45172594242728165,,1.0
AAPL,573,TFIDF_RF_PRICE_FALLBACK,2018-01,59,0.5729166666666666,0.2427801226953304,0.16685595311797866,0.5932203389830508,0.7457627118644068,False,0.6789472321248653,0.8125,0.3333333333333333
AAPL,573,TFIDF_RF_PRICE_FALLBACK,2018-02,57,0.5975,0.22687053805891916,0.23734644158557197,0.631578947368421,0.7894736842105263,False,0.6460949238815904,0.875,0.32
AAPL,573,TFIDF_RF_PRICE_FALLBACK,2018-03,62,0.5739583333333333,0.22977278944526264,0.16285089025827418,0.5806451612903226,0.7096774193548387,False,0.6517292765765516,0.78125,0.36666666666666664
AAPL,573,TFIDF_RF_PRICE_FALLBACK,2018-04,63,0.655241935483871,0.23489074633881749,0.37336432831617183,0.6507936507936508,0.7777777777777778,False,0.6627854550879355,0.9354838709677419,0.375
AAPL,573,TFIDF_RF_PRICE_FALLBACK,2018-05,66,0.4720410065237652,0.24564029432093112,-0.062315275321272165,0.5,0.7272727272727273,False,0.6841510463401953,0.7027027027027027,0.2413793103448276
AAPL,573,TFIDF_RF_PRICE_FALLBACK,2018-06,63,0.5925925925925926,0.2286735141131008,0.23338001400466832,0.6349206349206349,0.8095238095238095,False,0.6498136239729735,0.8888888888888888,0.2962962962962963
AAPL,573,TFIDF_RF_PRICE_FALLBACK,2018-07,60,0.6282051282051282,0.20832763527794057,0.3281650616569468,0.7166666666666667,0.8333333333333334,False,0.6079155837744428,0.9230769230769231,0.3333333333333333
AAPL,573,TFIDF_RF_PRICE_FALLBACK,2018-08,69,0.6013071895424836,0.2110783695986333,0.34317576814678696,0.782608695652174,0.927536231884058,False,0.6143253112020737,0.9803921568627451,0.2222222222222222
AAPL,573,TFIDF_RF_PRICE_FALLBACK,2018-09,57,0.5116995073891626,0.2560667218748894,0.024814583349273257,0.5087719298245614,0.6666666666666666,False,0.7055493639536473,0.6785714285714286,0.3448275862068966
AAPL,573,TFIDF_RF_PRICE_FALLBACK,2018-10,69,0.5512820512820513,0.24750390057764785,0.10417938465299899,0.5362318840579711,0.6086956521739131,False,0.6883211114752624,0.6666666666666666,0.4358974358974359
AAPL,573,TFIDF_RF_PRICE_FALLBACK,2018-11,60,0.6273637374860956,0.23271382237699728,0.27364461592771794,0.6333333333333333,0.6833333333333333,False,0.6582616218451993,0.8064516129032258,0.4482758620689655
AAPL,573,TFIDF_RF_PRICE_FALLBACK,2018-12,53,0.7089783281733746,0.23380105479667201,0.4294096441696656,0.6415094339622641,0.6792452830188679,False,0.6604972038372138,0.9473684210526315,0.47058823529411764
AAPL,573,TFIDF_RF_PRICE_FALLBACK,2019-01,63,0.5592515592515592,0.23414884707514552,0.13697807767301218,0.6031746031746031,0.7619047619047619,False,0.6610028066647298,0.8108108108108109,0.3076923076923077
AAPL,573,TFIDF_RF_PRICE_FALLBACK,2019-02,2,,0.24701722551207075,,0.5,0.5,False,0.6871791845421888,,0.5
AAPL,573,A1,2018-01,59,0.6811342592592593,0.22918024501839607,0.3862608307054081,0.6949152542372882,0.6779661016949152,False,0.651195986697977,0.84375,0.5185185185185185
AAPL,573,A1,2018-02,57,0.6375,0.22860668248736207,0.31701472973732925,0.6666666666666666,0.7543859649122807,False,0.6496887828100111,0.875,0.4
AAPL,573,A1,2018-03,62,0.5708333333333333,0.2298449961187086,0.17919573407620817,0.5806451612903226,0.8064516129032258,False,0.6522178320920622,0.875,0.26666666666666666
AAPL,573,A1,2018-04,63,0.654233870967742,0.23793903433561808,0.341368214783562,0.6507936507936508,0.7142857142857143,False,0.6689488937000175,0.8709677419354839,0.4375
AAPL,573,A1,2018-05,66,0.6491146318732526,0.22417683248289852,0.3620632351705984,0.6818181818181818,0.7878787878787878,False,0.6405294571623915,0.918918918918919,0.3793103448275862
AAPL,573,A1,2018-06,63,0.5324074074074074,0.23357660683026588,0.10206207261596575,0.5873015873015873,0.8888888888888888,False,0.6598251381591255,0.9166666666666666,0.14814814814814814
AAPL,573,A1,2018-07,60,0.6153846153846154,0.20042527209754782,0.2844627935584563,0.7,0.8166666666666667,False,0.5905297024972356,0.8974358974358975,0.3333333333333333
AAPL,573,A1,2018-08,69,0.5816993464052287,0.19570141155735638,0.23764301501255938,0.7536231884057971,0.8985507246376812,False,0.5811408669403975,0.9411764705882353,0.2222222222222222
AAPL,573,A1,2018-09,57,0.5646551724137931,0.2462377154360459,0.13907296967065538,0.5614035087719298,0.6842105263157895,False,0.6854732167371175,0.75,0.3793103448275862
AAPL,573,A1,2018-10,69,0.5102564102564102,0.24388169726961323,0.020356827218415308,0.5072463768115942,0.5217391304347826,False,0.6806723316838589,0.5333333333333333,0.48717948717948717
AAPL,573,A1,2018-11,60,0.6006674082313682,0.2417903120667179,0.20133481646273638,0.6,0.48333333333333334,False,0.6769959879473564,0.5806451612903226,0.6206896551724138
AAPL,573,A1,2018-12,53,0.78328173374613,0.21563605589652188,0.5820886287633245,0.8113207547169812,0.32075471698113206,False,0.6235440469775219,0.6842105263157895,0.8823529411764706
AAPL,573,A1,2019-01,63,0.5571725571725572,0.23903650572684745,0.12093609006972168,0.5873015873015873,0.6825396825396826,False,0.6702397733285569,0.7297297297297297,0.38461538461538464
AAPL,573,A1,2019-02,2,,0.2131711920251509,,0.5,0.5,False,0.6184225198186257,,0.5
AAPL,573,A2,2018-01,59,0.6412037037037037,0.22791792910501654,0.32311787746656184,0.6610169491525424,0.7457627118644068,False,0.6485259193295192,0.875,0.4074074074074074
AAPL,573,A2,2018-02,57,0.6375,0.232723547645383,0.31701472973732925,0.6666666666666666,0.7543859649122807,False,0.6585154144924571,0.875,0.4
AAPL,573,A2,2018-03,62,0.553125,0.2406421598940908,0.1507319667030306,0.5645161290322581,0.8548387096774194,False,0.6742346070713113,0.90625,0.2
AAPL,573,A2,2018-04,63,0.655241935483871,0.24414074659313093,0.37336432831617183,0.6507936507936508,0.7777777777777778,False,0.6815161611948432,0.9354838709677419,0.375
AAPL,573,A2,2018-05,66,0.5186393289841567,0.23469621498244664,0.05160195038417578,0.5606060606060606,0.8484848484848485,False,0.6620527634759258,0.8648648648648649,0.1724137931034483
AAPL,573,A2,2018-06,63,0.5601851851851851,0.24145099632158123,0.22037063867676335,0.6190476190476191,0.9206349206349206,False,0.6758619820110342,0.9722222222222222,0.14814814814814814
AAPL,573,A2,2018-07,60,0.6172161172161172,0.204856593451839,0.32893691312298384,0.7166666666666667,0.8666666666666667,False,0.6000895310739448,0.9487179487179487,0.2857142857142857
AAPL,573,A2,2018-08,69,0.553921568627451,0.19522378179733024,0.1680613911218387,0.7391304347826086,0.9130434782608695,False,0.5796921280691656,0.9411764705882353,0.16666666666666666
AAPL,573,A2,2018-09,57,0.5634236453201971,0.2416933830018753,0.1302608319197154,0.5614035087719298,0.6140350877192983,False,0.6761249850425972,0.6785714285714286,0.4482758620689655
AAPL,573,A2,2018-10,69,0.5217948717948717,0.25097082463468795,0.04427623847752457,0.5072463768115942,0.6086956521739131,False,0.6950375040983178,0.6333333333333333,0.41025641025641024
AAPL,573,A2,2018-11,60,0.585650723025584,0.24334625538779792,0.17274868195593032,0.5833333333333334,0.43333333333333335,False,0.6797625168153899,0.5161290322580645,0.6551724137931034
AAPL,573,A2,2018-12,53,0.6896284829721362,0.21806519697787108,0.40374987188384637,0.7358490566037735,0.2830188679245283,False,0.6283830004568849,0.5263157894736842,0.8529411764705882
AAPL,573,A2,2019-01,63,0.46465696465696466,0.2512322854602351,-0.07299920121250551,0.49206349206349204,0.6507936507936508,False,0.6955114100450757,0.6216216216216216,0.3076923076923077
AAPL,573,A2,2019-02,2,,0.24411929526666948,,0.5,0.5,False,0.6811077058073047,,0.5
AAPL,573,A3,2018-01,59,0.6840277777777778,0.2207145693588304,0.382973569873153,0.6949152542372882,0.6440677966101694,False,0.6342832820052388,0.8125,0.5555555555555556
AAPL,573,A3,2018-02,57,0.630625,0.21664321466193892,0.275,0.6491228070175439,0.6666666666666666,False,0.6268327828772113,0.78125,0.48
AAPL,573,A3,2018-03,62,0.6875,0.21277839354233202,0.40649560648372973,0.6935483870967742,0.6935483870967742,False,0.617220596295041,0.875,0.5
AAPL,573,A3,2018-04,63,0.6219758064516129,0.2348397398694789,0.2620054373716375,0.6190476190476191,0.6825396825396826,False,0.6631357379603943,0.8064516129032258,0.4375
AAPL,573,A3,2018-05,66,0.6812674743709226,0.2109473398632992,0.37761704947897556,0.696969696969697,0.6515151515151515,False,0.6127689641385057,0.8108108108108109,0.5517241379310345
AAPL,573,A3,2018-06,63,0.6805555555555556,0.22831726825843568,0.4195731958391368,0.7142857142857143,0.7619047619047619,False,0.6489816923710297,0.9166666666666666,0.4444444444444444
AAPL,573,A3,2018-07,60,0.6373626373626373,0.19043699059324978,0.30261376633440124,0.7,0.75,False,0.5671272424736583,0.8461538461538461,0.42857142857142855
AAPL,573,A3,2018-08,69,0.6372549019607843,0.18096606687915484,0.35791699479543954,0.782608695652174,0.8695652173913043,False,0.5468910482325244,0.9411764705882353,0.3333333333333333
AAPL,573,A3,2018-09,57,0.5277093596059113,0.24826142675867677,0.05611408793082274,0.5263157894736842,0.5789473684210527,False,0.6891821527536526,0.6071428571428571,0.4482758620689655
AAPL,573,A3,2018-10,69,0.6205128205128205,0.24520124129788926,0.23959642089656705,0.6231884057971014,0.463768115942029,False,0.6841274076028572,0.6,0.6410256410256411
AAPL,573,A3,2018-11,60,0.6006674082313682,0.24170087678785696,0.20133481646273638,0.6,0.48333333333333334,False,0.6777305803435495,0.5806451612903226,0.6206896551724138
AAPL,573,A3,2018-12,53,0.7159442724458205,0.19988725773935376,0.451156367138274,0.7547169811320755,0.3018867924528302,False,0.5894541933323466,0.5789473684210527,0.8529411764705882
AAPL,573,A3,2019-01,63,0.5244282744282744,0.24419980849002862,0.05167269302979017,0.5555555555555556,0.6825396825396826,False,0.6807398695822402,0.7027027027027027,0.34615384615384615
AAPL,573,A3,2019-02,2,,0.1961023568839881,,0.5,0.5,False,0.5792459150021734,,0.5
AAPL,573,B1,2018-01,59,0.6927083333333333,0.23641941819600032,0.3854166666666667,0.6949152542372882,0.5423728813559322,False,0.7153439008439352,0.71875,0.6666666666666666
AAPL,573,B1,2018-02,57,0.6993750000000001,0.18849463037877018,0.39726304640590754,0.7017543859649122,0.543859649122807,False,0.5820325707184023,0.71875,0.68
AAPL,573,B1,2018-03,62,0.7739583333333333,0.19100419323572934,0.5479166666666667,0.7741935483870968,0.5161290322580645,False,0.6363706019596512,0.78125,0.7666666666666667
AAPL,573,B1,2018-04,63,0.7631048387096775,0.19378218577961295,0.5315957919524057,0.7619047619047619,0.5714285714285714,False,0.6040395837481354,0.8387096774193549,0.6875
AAPL,573,B1,2018-05,66,0.7712022367194781,0.16731213097496514,0.5406438236213209,0.7727272727272727,0.5454545454545454,False,0.528056128270305,0.7837837837837838,0.7586206896551724
AAPL,573,B1,2018-06,63,0.7731481481481481,0.17205269284099342,0.5462962962962963,0.7777777777777778,0.5714285714285714,False,0.529608022893645,0.8055555555555556,0.7407407407407407
AAPL,573,B1,2018-07,60,0.6355311355311355,0.21540308641639216,0.2821305567042011,0.6833333333333333,0.7,False,0.6167210897161024,0.7948717948717948,0.47619047619047616
AAPL,573,B1,2018-08,69,0.522875816993464,0.22024076842501206,0.05137623327375897,0.6666666666666666,0.8115942028985508,False,0.6369386533228375,0.8235294117647058,0.2222222222222222
AAPL,573,B1,2018-09,57,0.5991379310344828,0.27265539218079593,0.20769785029630752,0.5964912280701754,0.6491228070175439,False,0.841362294670189,0.75,0.4482758620689655
AAPL,573,B1,2018-10,69,0.641025641025641,0.24976431336758484,0.2796710598995068,0.6376811594202898,0.5072463768115942,False,0.8047498503495063,0.6666666666666666,0.6153846153846154
AAPL,573,B1,2018-11,60,0.6490545050055617,0.26124244022206816,0.29860765938669176,0.65,0.5333333333333333,False,0.7914336775399676,0.6774193548387096,0.6206896551724138
AAPL,573,B1,2018-12,53,0.6602167182662538,0.22525532308941462,0.32921406053007696,0.6981132075471698,0.32075471698113206,False,0.7640238812560337,0.5263157894736842,0.7941176470588235
AAPL,573,B1,2019-01,63,0.6013513513513513,0.23927386383267604,0.20549873413169661,0.6190476190476191,0.6190476190476191,False,0.6733373624836912,0.7027027027027027,0.5
AAPL,573,B1,2019-02,2,,0.2536332239513621,,0.5,0.5,False,0.6980296745946176,,0.5
AAPL,573,B2,2018-01,59,0.6429398148148149,0.2719468474405891,0.285220160170838,0.6440677966101694,0.5254237288135594,False,0.8441878897085785,0.65625,0.6296296296296297
AAPL,573,B2,2018-02,57,0.6837500000000001,0.1940466301762989,0.36522443632496565,0.6842105263157895,0.5263157894736842,False,0.5956628390747445,0.6875,0.68
AAPL,573,B2,2018-03,62,0.7427083333333333,0.18207196064218398,0.48541666666666666,0.7419354838709677,0.4838709677419355,False,0.5962039581509468,0.71875,0.7666666666666667
AAPL,573,B2,2018-04,63,0.7001008064516129,0.22217700751359298,0.40895250055230087,0.6984126984126984,0.6031746031746031,False,0.6827537045691818,0.8064516129032258,0.59375
AAPL,573,B2,2018-05,66,0.7884436160298229,0.16368285395952456,0.5736882024146817,0.7878787878787878,0.5303030303030303,False,0.5242999805398807,0.7837837837837838,0.7931034482758621
AAPL,573,B2,2018-06,63,0.7361111111111112,0.19748631963105093,0.4776587639066639,0.746031746031746,0.6031746031746031,False,0.6279758338816804,0.8055555555555556,0.6666666666666666
AAPL,573,B2,2018-07,60,0.5989010989010989,0.2261724379187699,0.2058790548922549,0.65,0.7,False,0.6424540756399851,0.7692307692307693,0.42857142857142855
AAPL,573,B2,2018-08,69,0.6339869281045751,0.1882099086414698,0.2730785788231084,0.7246376811594203,0.7536231884057971,False,0.5661056933740153,0.8235294117647058,0.4444444444444444
AAPL,573,B2,2018-09,57,0.6169950738916257,0.2660521056003125,0.24814583349273256,0.6140350877192983,0.6666666666666666,False,0.8233984831659712,0.7857142857142857,0.4482758620689655
AAPL,573,B2,2018-10,69,0.5692307692307692,0.2683935219459605,0.13740858372430334,0.5652173913043478,0.5217391304347826,False,0.8643452253263559,0.6,0.5384615384615384
AAPL,573,B2,2018-11,60,0.5650723025583982,0.28069502627511667,0.13072756259258225,0.5666666666666667,0.55,False,0.8462456405231875,0.6129032258064516,0.5172413793103449
AAPL,573,B2,2018-12,53,0.6044891640866873,0.2576274827314127,0.21161538300148688,0.6415094339622641,0.33962264150943394,False,0.8632695588875429,0.47368421052631576,0.7352941176470589
AAPL,573,B2,2019-01,63,0.5743243243243243,0.2383488714583547,0.14864864864864866,0.5873015873015873,0.5873015873015873,False,0.6661622486946013,0.6486486486486487,0.5
AAPL,573,B2,2019-02,2,,0.23160736724205583,,0.5,0.5,False,0.6389537693519532,,0.5
AAPL,573,FULL_SHRINK,2018-01,59,0.6927083333333333,0.22532257988745524,0.3854166666666667,0.6949152542372882,0.5423728813559322,False,0.6478262230543177,0.71875,0.6666666666666666
AAPL,573,FULL_SHRINK,2018-02,57,0.7150000000000001,0.1868043934368937,0.43,0.7192982456140351,0.5614035087719298,False,0.563823323584108,0.75,0.68
AAPL,573,FULL_SHRINK,2018-03,62,0.7572916666666667,0.1921377134776651,0.5153892591730216,0.7580645161290323,0.532258064516129,False,0.5729409135415952,0.78125,0.7333333333333333
AAPL,573,FULL_SHRINK,2018-04,63,0.7474798387096775,0.19409321851879466,0.5026180952786744,0.746031746031746,0.5873015873015873,False,0.5760224699208282,0.8387096774193549,0.65625
AAPL,573,FULL_SHRINK,2018-05,66,0.7712022367194781,0.1683641247683868,0.5406438236213209,0.7727272727272727,0.5454545454545454,False,0.5202201382472611,0.7837837837837838,0.7586206896551724
AAPL,573,FULL_SHRINK,2018-06,63,0.7314814814814815,0.18339290536545247,0.4758668672668006,0.746031746031746,0.6349206349206349,False,0.5544693539979365,0.8333333333333334,0.6296296296296297
AAPL,573,FULL_SHRINK,2018-07,60,0.6227106227106227,0.2195343133353423,0.2516433034201146,0.6666666666666666,0.6833333333333333,False,0.629647857981244,0.7692307692307693,0.47619047619047616
AAPL,573,FULL_SHRINK,2018-08,69,0.522875816993464,0.21904304697381982,0.05137623327375897,0.6666666666666666,0.8115942028985508,False,0.6289729643113477,0.8235294117647058,0.2222222222222222
AAPL,573,FULL_SHRINK,2018-09,57,0.5991379310344828,0.2428617026356912,0.20769785029630752,0.5964912280701754,0.6491228070175439,False,0.6821080437867413,0.75,0.4482758620689655
AAPL,573,FULL_SHRINK,2018-10,69,0.6076923076923078,0.23636047299782625,0.21374668579336073,0.6086956521739131,0.4782608695652174,False,0.6671153730728442,0.6,0.6153846153846154
AAPL,573,FULL_SHRINK,2018-11,60,0.6318131256952169,0.23949632836980556,0.2648071139695897,0.6333333333333333,0.55,False,0.6728648689974149,0.6774193548387096,0.5862068965517241
AAPL,573,FULL_SHRINK,2018-12,53,0.6896284829721362,0.20757559643673187,0.40374987188384637,0.7358490566037735,0.2830188679245283,False,0.6039319169715642,0.5263157894736842,0.8529411764705882
AAPL,573,FULL_SHRINK,2019-01,63,0.6148648648648649,0.2158267049157665,0.2349150407716129,0.6349206349206349,0.6349206349206349,False,0.6212538246704827,0.7297297297297297,0.5
AAPL,573,FULL_SHRINK,2019-02,2,,0.26018701981106074,,0.5,0.5,False,0.7139182120803265,,0.5
AAPL,573,TITLE_FINBERT_FUSION,2018-01,59,0.6898148148148149,0.23143089945130338,0.382743222967656,0.6949152542372882,0.576271186440678,False,0.6806169135575952,0.75,0.6296296296296297
AAPL,573,TITLE_FINBERT_FUSION,2018-02,57,0.7462500000000001,0.17551503287375267,0.49813591136281105,0.7543859649122807,0.5964912280701754,False,0.5386665793238768,0.8125,0.68
AAPL,573,TITLE_FINBERT_FUSION,2018-03,62,0.75625,0.18825360376539674,0.5165514464459439,0.7580645161290323,0.5645161290322581,False,0.6120209842567822,0.8125,0.7
AAPL,573,TITLE_FINBERT_FUSION,2018-04,63,0.7474798387096775,0.19212342889889747,0.5026180952786744,0.746031746031746,0.5873015873015873,False,0.5859331788399285,0.8387096774193549,0.65625
AAPL,573,TITLE_FINBERT_FUSION,2018-05,66,0.7712022367194781,0.1580527511924396,0.5406438236213209,0.7727272727272727,0.5454545454545454,False,0.498474386645693,0.7837837837837838,0.7586206896551724
AAPL,573,TITLE_FINBERT_FUSION,2018-06,63,0.712962962962963,0.1861285869670939,0.44214420766255563,0.7301587301587301,0.6507936507936508,False,0.6142978771059354,0.8333333333333334,0.5925925925925926
AAPL,573,TITLE_FINBERT_FUSION,2018-07,60,0.6355311355311355,0.22790893002265067,0.2821305567042011,0.6833333333333333,0.7,False,0.6512218414327953,0.7948717948717948,0.47619047619047616
AAPL,573,TITLE_FINBERT_FUSION,2018-08,69,0.522875816993464,0.2195507230304497,0.05137623327375897,0.6666666666666666,0.8115942028985508,False,0.6436463555317,0.8235294117647058,0.2222222222222222
AAPL,573,TITLE_FINBERT_FUSION,2018-09,57,0.5991379310344828,0.2470773392632548,0.20769785029630752,0.5964912280701754,0.6491228070175439,False,0.7665144349466463,0.75,0.4482758620689655
AAPL,573,TITLE_FINBERT_FUSION,2018-10,69,0.6115384615384616,0.2594235826194955,0.22119438373870084,0.6086956521739131,0.5072463768115942,False,0.7952882296308726,0.6333333333333333,0.5897435897435898
AAPL,573,TITLE_FINBERT_FUSION,2018-11,60,0.6318131256952169,0.26401878915428206,0.2648071139695897,0.6333333333333333,0.55,False,0.7966847896434538,0.6774193548387096,0.5862068965517241
AAPL,573,TITLE_FINBERT_FUSION,2018-12,53,0.6749226006191951,0.22250879051669867,0.36545282786111083,0.7169811320754716,0.3018867924528302,False,0.7449070480264836,0.5263157894736842,0.8235294117647058
AAPL,573,TITLE_FINBERT_FUSION,2019-01,63,0.6340956340956341,0.2168045088016594,0.2718906328511678,0.6507936507936508,0.6190476190476191,False,0.6164431279411879,0.7297297297297297,0.5384615384615384
AAPL,573,TITLE_FINBERT_FUSION,2019-02,2,,0.25983118173820885,,0.5,0.5,False,0.7125196871396223,,0.5
AAPL,573,TITLE_MODERN_FUSION,2018-01,59,0.6927083333333333,0.23497842184184128,0.3854166666666667,0.6949152542372882,0.5423728813559322,False,0.7120981067213044,0.71875,0.6666666666666666
AAPL,573,TITLE_MODERN_FUSION,2018-02,57,0.7150000000000001,0.1815519968948459,0.43,0.7192982456140351,0.5614035087719298,False,0.5675098639375478,0.75,0.68
AAPL,573,TITLE_MODERN_FUSION,2018-03,62,0.7416666666666667,0.19165571741765822,0.48333333333333334,0.7419354838709677,0.5161290322580645,False,0.6410695275012297,0.75,0.7333333333333333
AAPL,573,TITLE_MODERN_FUSION,2018-04,63,0.7474798387096775,0.1940040454286535,0.5026180952786744,0.746031746031746,0.5873015873015873,False,0.601303940524684,0.8387096774193549,0.65625
AAPL,573,TITLE_MODERN_FUSION,2018-05,66,0.7847157502329916,0.16197831658852577,0.5694315004659832,0.7878787878787878,0.5606060606060606,False,0.4974532528279039,0.8108108108108109,0.7586206896551724
AAPL,573,TITLE_MODERN_FUSION,2018-06,63,0.712962962962963,0.17189326499782953,0.44214420766255563,0.7301587301587301,0.6507936507936508,False,0.518139377906591,0.8333333333333334,0.5925925925925926
AAPL,573,TITLE_MODERN_FUSION,2018-07,60,0.6227106227106227,0.21833626221778954,0.2516433034201146,0.6666666666666666,0.6833333333333333,False,0.6239889026762627,0.7692307692307693,0.47619047619047616
AAPL,573,TITLE_MODERN_FUSION,2018-08,69,0.5506535947712419,0.22018323478629084,0.11061556586789222,0.6811594202898551,0.7971014492753623,False,0.6421737156169913,0.8235294117647058,0.2777777777777778
AAPL,573,TITLE_MODERN_FUSION,2018-09,57,0.5991379310344828,0.2604718783809685,0.20769785029630752,0.5964912280701754,0.6491228070175439,False,0.809115883126558,0.75,0.4482758620689655
AAPL,573,TITLE_MODERN_FUSION,2018-10,69,0.6076923076923078,0.25625915551214185,0.21374668579336073,0.6086956521739131,0.4782608695652174,False,0.813996612376749,0.6,0.6153846153846154
AAPL,573,TITLE_MODERN_FUSION,2018-11,60,0.6145717463848721,0.2606427134342251,0.23107940573325741,0.6166666666666667,0.5666666666666667,False,0.73716558105778,0.6774193548387096,0.5517241379310345
AAPL,573,TITLE_MODERN_FUSION,2018-12,53,0.6749226006191951,0.21482641601972635,0.36545282786111083,0.7169811320754716,0.3018867924528302,False,0.7247972404964114,0.5263157894736842,0.8235294117647058
AAPL,573,TITLE_MODERN_FUSION,2019-01,63,0.6533264033264032,0.22269578333479453,0.30858348347958914,0.6666666666666666,0.6031746031746031,False,0.6316837780043146,0.7297297297297297,0.5769230769230769
AAPL,573,TITLE_MODERN_FUSION,2019-02,2,,0.25935394163470443,,0.5,0.5,False,0.7107760304958426,,0.5
AAPL,573,PARAGRAPH_FINBERT_FUSION,2018-01,59,0.7083333333333333,0.23504116252858517,0.4181210050035454,0.711864406779661,0.559322033898305,False,0.717734703050361,0.75,0.6666666666666666
AAPL,573,PARAGRAPH_FINBERT_FUSION,2018-02,57,0.7150000000000001,0.18367172831529155,0.43,0.7192982456140351,0.5614035087719298,False,0.5699274537911898,0.75,0.68
AAPL,573,PARAGRAPH_FINBERT_FUSION,2018-03,62,0.7083333333333333,0.19575427564335623,0.4184137043778615,0.7096774193548387,0.5483870967741935,False,0.5884786113022604,0.75,0.6666666666666666
AAPL,573,PARAGRAPH_FINBERT_FUSION,2018-04,63,0.7474798387096775,0.19468443126121893,0.5026180952786744,0.746031746031746,0.5873015873015873,False,0.596675354250302,0.8387096774193549,0.65625
AAPL,573,PARAGRAPH_FINBERT_FUSION,2018-05,66,0.7712022367194781,0.17006416490806567,0.5406438236213209,0.7727272727272727,0.5454545454545454,False,0.5218235227732396,0.7837837837837838,0.7586206896551724
AAPL,573,PARAGRAPH_FINBERT_FUSION,2018-06,63,0.7268518518518519,0.17859294657185948,0.4762896722078402,0.746031746031746,0.6666666666666666,False,0.5831138875829832,0.8611111111111112,0.5925925925925926
AAPL,573,PARAGRAPH_FINBERT_FUSION,2018-07,60,0.5989010989010989,0.22783068345701496,0.2058790548922549,0.65,0.7,False,0.6492546434216319,0.7692307692307693,0.42857142857142855
AAPL,573,PARAGRAPH_FINBERT_FUSION,2018-08,69,0.522875816993464,0.2173806895216536,0.05137623327375897,0.6666666666666666,0.8115942028985508,False,0.6364512698744278,0.8235294117647058,0.2222222222222222
AAPL,573,PARAGRAPH_FINBERT_FUSION,2018-09,57,0.5991379310344828,0.2585648963202642,0.20769785029630752,0.5964912280701754,0.6491228070175439,False,0.8052740610370122,0.75,0.4482758620689655
AAPL,573,PARAGRAPH_FINBERT_FUSION,2018-10,69,0.5653846153846154,0.24935270665128828,0.12966567322613498,0.5652173913043478,0.4927536231884058,False,0.7910887151367604,0.5666666666666667,0.5641025641025641
AAPL,573,PARAGRAPH_FINBERT_FUSION,2018-11,60,0.6145717463848721,0.2568778847032352,0.23107940573325741,0.6166666666666667,0.5666666666666667,False,0.7171375187894596,0.6774193548387096,0.5517241379310345
AAPL,573,PARAGRAPH_FINBERT_FUSION,2018-12,53,0.6749226006191951,0.2159648788000701,0.36545282786111083,0.7169811320754716,0.3018867924528302,False,0.7156824188695197,0.5263157894736842,0.8235294117647058
AAPL,573,PARAGRAPH_FINBERT_FUSION,2019-01,63,0.6340956340956341,0.22575175607058756,0.2718906328511678,0.6507936507936508,0.6190476190476191,False,0.640480256334985,0.7297297297297297,0.5384615384615384
AAPL,573,PARAGRAPH_FINBERT_FUSION,2019-02,2,,0.2737307958610118,,0.5,0.5,False,0.7429816362865203,,0.5
AAPL,573,PARAGRAPH_MODERN_FUSION,2018-01,59,0.6927083333333333,0.2278694784052657,0.3854166666666667,0.6949152542372882,0.5423728813559322,False,0.6667601161456292,0.71875,0.6666666666666666
AAPL,573,PARAGRAPH_MODERN_FUSION,2018-02,57,0.7462500000000001,0.1746132894503828,0.49813591136281105,0.7543859649122807,0.5964912280701754,False,0.5467873948091765,0.8125,0.68
AAPL,573,PARAGRAPH_MODERN_FUSION,2018-03,62,0.740625,0.17980997406731292,0.48326782855643,0.7419354838709677,0.5483870967741935,False,0.540619166226652,0.78125,0.7
AAPL,573,PARAGRAPH_MODERN_FUSION,2018-04,63,0.7474798387096775,0.19428239618367502,0.5026180952786744,0.746031746031746,0.5873015873015873,False,0.5954145850788928,0.8387096774193549,0.65625
AAPL,573,PARAGRAPH_MODERN_FUSION,2018-05,66,0.7712022367194781,0.16673288853796164,0.5406438236213209,0.7727272727272727,0.5454545454545454,False,0.5261225519791655,0.7837837837837838,0.7586206896551724
AAPL,573,PARAGRAPH_MODERN_FUSION,2018-06,63,0.75,0.17209512309122013,0.5095246653650681,0.7619047619047619,0.6190476190476191,False,0.5140368070359752,0.8333333333333334,0.6666666666666666
AAPL,573,PARAGRAPH_MODERN_FUSION,2018-07,60,0.575091575091575,0.22712198136891923,0.15896608261102183,0.6333333333333333,0.7166666666666667,False,0.6498473628043029,0.7692307692307693,0.38095238095238093
AAPL,573,PARAGRAPH_MODERN_FUSION,2018-08,69,0.5049019607843137,0.21762329439276967,0.011760094984318755,0.6666666666666666,0.8405797101449275,False,0.6343857880444164,0.8431372549019608,0.16666666666666666
AAPL,573,PARAGRAPH_MODERN_FUSION,2018-09,57,0.5991379310344828,0.26003520896297194,0.20769785029630752,0.5964912280701754,0.6491228070175439,False,0.8141884736530816,0.75,0.4482758620689655
AAPL,573,PARAGRAPH_MODERN_FUSION,2018-10,69,0.6115384615384616,0.24944049260991352,0.22119438373870084,0.6086956521739131,0.5072463768115942,False,0.7632362115940432,0.6333333333333333,0.5897435897435898
AAPL,573,PARAGRAPH_MODERN_FUSION,2018-11,60,0.6318131256952169,0.259861195856421,0.2648071139695897,0.6333333333333333,0.55,False,0.7864073825890892,0.6774193548387096,0.5862068965517241
AAPL,573,PARAGRAPH_MODERN_FUSION,2018-12,53,0.6749226006191951,0.20552465697265782,0.36545282786111083,0.7169811320754716,0.3018867924528302,False,0.6068385448528172,0.5263157894736842,0.8235294117647058
AAPL,573,PARAGRAPH_MODERN_FUSION,2019-01,63,0.6398128898128899,0.22957796241198075,0.2796257796257796,0.6507936507936508,0.5873015873015873,False,0.6591427560901435,0.7027027027027027,0.5769230769230769
AAPL,573,PARAGRAPH_MODERN_FUSION,2019-02,2,,0.2674064502044281,,0.5,0.5,False,0.7292308598231836,,0.5
AAPL,574,PAPER,2018-01,59,0.6585648148148149,0.2704749794513285,0.31712962962962965,0.6610169491525424,0.5423728813559322,False,0.8490141087381468,0.6875,0.6296296296296297
AAPL,574,PAPER,2018-02,57,0.721875,0.18477835544390983,0.46138927985765726,0.7368421052631579,0.6491228070175439,False,0.5944899776493727,0.84375,0.6
AAPL,574,PAPER,2018-03,62,0.7739583333333333,0.18394189929543517,0.5479166666666667,0.7741935483870968,0.5161290322580645,False,0.6164923941419137,0.78125,0.7666666666666667
AAPL,574,PAPER,2018-04,63,0.6678427419354839,0.21083996986129339,0.33912145348687944,0.6666666666666666,0.5714285714285714,False,0.5996963124416672,0.7419354838709677,0.59375
AAPL,574,PAPER,2018-05,66,0.7479030754892824,0.17667040529863598,0.49237650765919555,0.7424242424242424,0.48484848484848486,False,0.5666818271115315,0.7027027027027027,0.7931034482758621
AAPL,574,PAPER,2018-06,63,0.6666666666666666,0.2241661082166787,0.3302891295379082,0.6666666666666666,0.5238095238095238,False,0.7786686803722903,0.6666666666666666,0.6666666666666666
AAPL,574,PAPER,2018-07,60,0.6465201465201466,0.18789099032855944,0.29649972666444047,0.6833333333333333,0.6666666666666666,False,0.5557370747316539,0.7692307692307693,0.5238095238095238
AAPL,574,PAPER,2018-08,69,0.522875816993464,0.22033417816903,0.05137623327375897,0.6666666666666666,0.8115942028985508,False,0.6414635272908557,0.8235294117647058,0.2222222222222222
AAPL,574,PAPER,2018-09,57,0.5966748768472906,0.2775762467761135,0.1933497536945813,0.5964912280701754,0.5087719298245614,False,0.8259439066768106,0.6071428571428571,0.5862068965517241
AAPL,574,PAPER,2018-10,69,0.5871794871794872,0.27765423014409124,0.17435897435897435,0.5942028985507246,0.43478260869565216,False,0.8784893874254245,0.5333333333333333,0.6410256410256411
AAPL,574,PAPER,2018-11,60,0.6329254727474972,0.2501489271435769,0.26585094549499444,0.6333333333333333,0.5166666666666667,False,0.7460791325704978,0.6451612903225806,0.6206896551724138
AAPL,574,PAPER,2018-12,53,0.6191950464396284,0.24533990689593924,0.2449225377856611,0.660377358490566,0.32075471698113206,False,0.7889132391113274,0.47368421052631576,0.7647058823529411
AAPL,574,PAPER,2019-01,63,0.6185031185031185,0.23594024298117217,0.23363059427920518,0.6190476190476191,0.5238095238095238,False,0.6710963055498,0.6216216216216216,0.6153846153846154
AAPL,574,PAPER,2019-02,2,,0.17038904216551545,,0.5,0.5,False,0.5037677411925723,,0.5
AAPL,574,PRICE,2018-01,59,0.5943287037037037,0.2337742903862721,0.2041279867372104,0.6101694915254238,0.6949152542372882,False,0.659215409257129,0.78125,0.4074074074074074
AAPL,574,PRICE,2018-02,57,0.655,0.2169584983554559,0.31598125869132787,0.6666666666666666,0.6140350877192983,False,0.6212383775530517,0.75,0.56
AAPL,574,PRICE,2018-03,62,0.4302083333333333,0.2827498174261324,-0.1473898599264436,0.43548387096774194,0.6612903225806451,False,0.763342162294342,0.59375,0.26666666666666666
AAPL,574,PRICE,2018-04,63,0.5589717741935484,0.2456485447709319,0.13052314094665607,0.5555555555555556,0.7142857142857143,False,0.6835454687426643,0.7741935483870968,0.34375
AAPL,574,PRICE,2018-05,66,0.4720410065237652,0.25177088758249705,-0.062315275321272165,0.5,0.7272727272727273,False,0.6976276920916463,0.7027027027027027,0.2413793103448276
AAPL,574,PRICE,2018-06,63,0.587962962962963,0.254035058920166,0.19613703301614183,0.6190476190476191,0.7301587301587301,False,0.704011100326285,0.8055555555555556,0.37037037037037035
AAPL,574,PRICE,2018-07,60,0.5622710622710623,0.233042537620225,0.12962755308030863,0.6166666666666667,0.7,False,0.6581220270784692,0.7435897435897436,0.38095238095238093
AAPL,574,PRICE,2018-08,69,0.6143790849673203,0.22414657696656715,0.22487239817113244,0.6956521739130435,0.7246376811594203,False,0.6440990772904368,0.7843137254901961,0.4444444444444444
AAPL,574,PRICE,2018-09,57,0.5658866995073891,0.24096973237215727,0.1530409022617326,0.5614035087719298,0.7543859649122807,False,0.675102024877091,0.8214285714285714,0.3103448275862069
AAPL,574,PRICE,2018-10,69,0.5294871794871795,0.24597499571085465,0.06201736729460422,0.5072463768115942,0.6666666666666666,False,0.6864214222424351,0.7,0.358974358974359
AAPL,574,PRICE,2018-11,60,0.5939933259176863,0.2701100443387299,0.20194733664534642,0.6,0.6833333333333333,False,0.7695222557700776,0.7741935483870968,0.41379310344827586
AAPL,574,PRICE,2018-12,53,0.6246130030959752,0.24457391817223792,0.23942009402752437,0.6226415094339622,0.4716981132075472,False,0.6823693888566171,0.631578947368421,0.6176470588235294
AAPL,574,PRICE,2019-01,63,0.5530145530145529,0.25301223253045196,0.104518950072276,0.5555555555555556,0.5238095238095238,False,0.6981569993317812,0.5675675675675675,0.5384615384615384
AAPL,574,PRICE,2019-02,2,,0.3418896084196093,,0.0,1.0,True,0.8811776049552629,,0.0
AAPL,574,FULL,2018-01,59,0.6001157407407407,0.2665824091822641,0.20628945545116803,0.6101694915254238,0.6271186440677966,False,0.9030214370688777,0.71875,0.48148148148148145
AAPL,574,FULL,2018-02,57,0.7262500000000001,0.18562528804560946,0.4612307082510511,0.7368421052631579,0.6140350877192983,False,0.6323463293080727,0.8125,0.64
AAPL,574,FULL,2018-03,62,0.740625,0.19422316767863468,0.48326782855643,0.7419354838709677,0.5483870967741935,False,0.6342650285956324,0.78125,0.7
AAPL,574,FULL,2018-04,63,0.6355846774193548,0.20999851631362632,0.2719931623715739,0.6349206349206349,0.5396825396825397,False,0.6062027861135205,0.6774193548387096,0.59375
AAPL,574,FULL,2018-05,66,0.7539608574091332,0.17407278602078552,0.5079217148182665,0.7575757575757576,0.5606060606060606,False,0.5982175595133561,0.7837837837837838,0.7241379310344828
AAPL,574,FULL,2018-06,63,0.7731481481481481,0.1831740389387528,0.5462962962962963,0.7777777777777778,0.5714285714285714,False,0.6265378665112836,0.8055555555555556,0.7407407407407407
AAPL,574,FULL,2018-07,60,0.6117216117216117,0.20203725936439212,0.2365105131529837,0.6666666666666666,0.7166666666666667,False,0.5927819158197336,0.7948717948717948,0.42857142857142855
AAPL,574,FULL,2018-08,69,0.5408496732026145,0.22628362700842222,0.08697559598404854,0.6666666666666666,0.782608695652174,False,0.67203087012413,0.803921568627451,0.2777777777777778
AAPL,574,FULL,2018-09,57,0.6157635467980296,0.24441383111745485,0.2359263550512071,0.6140350877192983,0.5964912280701754,False,0.7656982754010306,0.7142857142857143,0.5172413793103449
AAPL,574,FULL,2018-10,69,0.5564102564102564,0.2968574661370494,0.11215151616435054,0.5507246376811594,0.5362318840579711,False,0.9782670114568872,0.6,0.5128205128205128
AAPL,574,FULL,2018-11,60,0.6490545050055617,0.2578883362214986,0.29860765938669176,0.65,0.5333333333333333,False,0.7724022850278364,0.6774193548387096,0.6206896551724138
AAPL,574,FULL,2018-12,53,0.6602167182662538,0.24397023262116896,0.32921406053007696,0.6981132075471698,0.32075471698113206,False,0.7635069598429507,0.5263157894736842,0.7941176470588235
AAPL,574,FULL,2019-01,63,0.58004158004158,0.24131341820320404,0.15860619520032992,0.5873015873015873,0.5555555555555556,False,0.7503278991067703,0.6216216216216216,0.5384615384615384
AAPL,574,FULL,2019-02,2,,0.2261061254996965,,0.5,0.5,False,0.6361823045124886,,0.5
AAPL,574,TFIDF_LR,2018-01,59,0.5260416666666666,0.2367119061874039,0.05635435216671452,0.5423728813559322,0.6949152542372882,False,0.6663478849236605,0.71875,0.3333333333333333
AAPL,574,TFIDF_LR,2018-02,57,0.6775,0.21537747304746677,0.3920319175657052,0.7017543859649122,0.7192982456140351,False,0.6227818286712697,0.875,0.48
AAPL,574,TFIDF_LR,2018-03,62,0.7541666666666667,0.2027369713534447,0.5258816101137362,0.7580645161290323,0.6290322580645161,False,0.5967570287436309,0.875,0.6333333333333333
AAPL,574,TFIDF_LR,2018-04,63,0.702116935483871,0.22526531014640053,0.4552869057752649,0.6984126984126984,0.7301587301587301,False,0.6427918973824784,0.9354838709677419,0.46875
AAPL,574,TFIDF_LR,2018-05,66,0.6738117427772601,0.22057017176299917,0.38105111905412786,0.696969696969697,0.7121212121212122,False,0.6334629007466527,0.8648648648648649,0.4827586206896552
AAPL,574,TFIDF_LR,2018-06,63,0.6388888888888888,0.2146137176747974,0.36210341218895065,0.6825396825396826,0.8253968253968254,False,0.6209966230781083,0.9444444444444444,0.3333333333333333
AAPL,574,TFIDF_LR,2018-07,60,0.6263736263736264,0.2016294371960685,0.29262254925367703,0.7,0.7833333333333333,False,0.5925438440284693,0.8717948717948718,0.38095238095238093
AAPL,574,TFIDF_LR,2018-08,69,0.6470588235294118,0.19431052959384967,0.40339685923001944,0.7971014492753623,0.8840579710144928,False,0.5785617375196946,0.9607843137254902,0.3333333333333333
AAPL,574,TFIDF_LR,2018-09,57,0.5461822660098522,0.24702526654072612,0.09572433346766025,0.543859649122807,0.631578947368421,False,0.6871915447165566,0.6785714285714286,0.41379310344827586
AAPL,574,TFIDF_LR,2018-10,69,0.5269230769230769,0.24752051997264335,0.05352685998753094,0.5217391304347826,0.5362318840579711,False,0.6883601944613214,0.5666666666666667,0.48717948717948717
AAPL,574,TFIDF_LR,2018-11,60,0.6156840934371524,0.2398725181439212,0.23175519832996974,0.6166666666666667,0.5333333333333333,False,0.6732299016714692,0.6451612903225806,0.5862068965517241
AAPL,574,TFIDF_LR,2018-12,53,0.6362229102167183,0.22650893788260654,0.26135321853386956,0.6226415094339622,0.5094339622641509,False,0.645494688699258,0.6842105263157895,0.5882352941176471
AAPL,574,TFIDF_LR,2019-01,63,0.5301455301455301,0.22195267880418462,0.06226402456360764,0.5555555555555556,0.6507936507936508,False,0.6350686798969932,0.6756756756756757,0.38461538461538464
AAPL,574,TFIDF_LR,2019-02,2,,0.20676617669880187,,1.0,0.0,True,0.6063683106209077,,1.0
AAPL,574,TFIDF_SVM,2018-01,59,0.5532407407407407,0.23481328993596615,0.10735480644214741,0.559322033898305,0.576271186440678,False,0.6634999610109273,0.625,0.48148148148148145
AAPL,574,TFIDF_SVM,2018-02,57,0.7462500000000001,0.19260056587324823,0.49813591136281105,0.7543859649122807,0.5964912280701754,False,0.5741206901527004,0.8125,0.68
AAPL,574,TFIDF_SVM,2018-03,62,0.7885416666666667,0.16470973344451798,0.5816453279086441,0.7903225806451613,0.5645161290322581,False,0.5134092026397666,0.84375,0.7333333333333333
AAPL,574,TFIDF_SVM,2018-04,63,0.6839717741935484,0.20854546392684928,0.3736366696063465,0.6825396825396826,0.5873015873015873,False,0.6055987940345539,0.7741935483870968,0.59375
AAPL,574,TFIDF_SVM,2018-05,66,0.8117427772600186,0.19235227310992198,0.6293787436942517,0.8181818181818182,0.5909090909090909,False,0.5745595879760129,0.8648648648648649,0.7586206896551724
AAPL,574,TFIDF_SVM,2018-06,63,0.7175925925925926,0.18381904057083245,0.4434751717066333,0.7301587301587301,0.6190476190476191,False,0.5542198465955173,0.8055555555555556,0.6296296296296297
AAPL,574,TFIDF_SVM,2018-07,60,0.6593406593406593,0.19405669454232585,0.32676070742611896,0.7,0.6833333333333333,False,0.5716885945404455,0.7948717948717948,0.5238095238095238
AAPL,574,TFIDF_SVM,2018-08,69,0.6633986928104575,0.17372261728339464,0.35682440602545873,0.7681159420289855,0.7971014492753623,False,0.5294380666324439,0.8823529411764706,0.4444444444444444
AAPL,574,TFIDF_SVM,2018-09,57,0.5098522167487685,0.2546299912349752,0.019851666679418605,0.5087719298245614,0.5614035087719298,False,0.7037879923740917,0.5714285714285714,0.4482758620689655
AAPL,574,TFIDF_SVM,2018-10,69,0.5948717948717949,0.24951148270390786,0.18814234938694094,0.5942028985507246,0.4927536231884058,False,0.6963695615428405,0.6,0.5897435897435898
AAPL,574,TFIDF_SVM,2018-11,60,0.5995550611790879,0.23504422268762395,0.19911012235817574,0.6,0.5166666666666667,False,0.6653135042428839,0.6129032258064516,0.5862068965517241
AAPL,574,TFIDF_SVM,2018-12,53,0.6656346749226006,0.20982331598202722,0.3182354044837902,0.660377358490566,0.4716981132075472,False,0.6108830143810252,0.6842105263157895,0.6470588235294118
AAPL,574,TFIDF_SVM,2019-01,63,0.6398128898128899,0.20250421292561355,0.2796257796257796,0.6507936507936508,0.5873015873015873,False,0.5905149900157008,0.7027027027027027,0.5769230769230769
AAPL,574,TFIDF_SVM,2019-02,2,,0.13644498468906396,,1.0,0.0,True,0.4608962503204119,,1.0
AAPL,574,TFIDF_RF,2018-01,59,0.5700231481481481,0.2432874168335745,0.1683363503304073,0.5932203389830508,0.7796610169491526,False,0.6797883916006546,0.84375,0.2962962962962963
AAPL,574,TFIDF_RF,2018-02,57,0.613125,0.22496802461631507,0.284484312591524,0.6491228070175439,0.8070175438596491,False,0.642485409984433,0.90625,0.32
AAPL,574,TFIDF_RF,2018-03,62,0.621875,0.2296378116748668,0.2730546163854619,0.6290322580645161,0.7258064516129032,False,0.6516374473401108,0.84375,0.4
AAPL,574,TFIDF_RF,2018-04,63,0.625,0.23727668773102834,0.3753785967647742,0.6190476190476191,0.873015873015873,False,0.667317434986011,1.0,0.25
AAPL,574,TFIDF_RF,2018-05,66,0.48182665424044735,0.24991672407884602,-0.04304612162841742,0.5151515151515151,0.7727272727272727,False,0.6930838238768744,0.7567567567567568,0.20689655172413793
AAPL,574,TFIDF_RF,2018-06,63,0.5972222222222222,0.23453652983323653,0.23145502494313788,0.6349206349206349,0.7777777777777778,False,0.6617881543662764,0.8611111111111112,0.3333333333333333
AAPL,574,TFIDF_RF,2018-07,60,0.5915750915750916,0.2113581690318554,0.23440361546924773,0.6833333333333333,0.8333333333333334,False,0.6138842839939799,0.8974358974358975,0.2857142857142857
AAPL,574,TFIDF_RF,2018-08,69,0.5179738562091503,0.20423563982555684,0.09408929189489629,0.7391304347826086,0.9710144927536232,False,0.5999454049465345,0.9803921568627451,0.05555555555555555
AAPL,574,TFIDF_RF,2018-09,57,0.5301724137931034,0.2570536025625409,0.0671376515502072,0.5263157894736842,0.7192982456140351,False,0.7078673042006839,0.75,0.3103448275862069
AAPL,574,TFIDF_RF,2018-10,69,0.6064102564102564,0.24625558170316408,0.21373587408921096,0.5942028985507246,0.5797101449275363,False,0.6857072042450849,0.7,0.5128205128205128
AAPL,574,TFIDF_RF,2018-11,60,0.5444938820912124,0.2434790137944827,0.09433332612731564,0.55,0.6666666666666666,False,0.6801811946950256,0.7096774193548387,0.3793103448275862
AAPL,574,TFIDF_RF,2018-12,53,0.6973684210526316,0.23951182338561597,0.39473684210526316,0.6415094339622641,0.6415094339622641,False,0.6720578380934171,0.8947368421052632,0.5
AAPL,574,TFIDF_RF,2019-01,63,0.5514553014553014,0.23125756375230458,0.11215151616435053,0.5873015873015873,0.7142857142857143,False,0.6551856186181334,0.7567567567567568,0.34615384615384615
AAPL,574,TFIDF_RF,2019-02,2,,0.23186054727640718,,1.0,0.0,True,0.6568169732583156,,1.0
AAPL,574,TFIDF_LR_PRICE_FALLBACK,2018-01,59,0.5260416666666666,0.2367119061874039,0.05635435216671452,0.5423728813559322,0.6949152542372882,False,0.6663478849236605,0.71875,0.3333333333333333
AAPL,574,TFIDF_LR_PRICE_FALLBACK,2018-02,57,0.6775,0.21537747304746677,0.3920319175657052,0.7017543859649122,0.7192982456140351,False,0.6227818286712697,0.875,0.48
AAPL,574,TFIDF_LR_PRICE_FALLBACK,2018-03,62,0.7541666666666667,0.2027369713534447,0.5258816101137362,0.7580645161290323,0.6290322580645161,False,0.5967570287436309,0.875,0.6333333333333333
AAPL,574,TFIDF_LR_PRICE_FALLBACK,2018-04,63,0.702116935483871,0.22499325134261666,0.4552869057752649,0.6984126984126984,0.7301587301587301,False,0.6422711845680916,0.9354838709677419,0.46875
AAPL,574,TFIDF_LR_PRICE_FALLBACK,2018-05,66,0.6738117427772601,0.22057017176299917,0.38105111905412786,0.696969696969697,0.7121212121212122,False,0.6334629007466527,0.8648648648648649,0.4827586206896552
AAPL,574,TFIDF_LR_PRICE_FALLBACK,2018-06,63,0.6388888888888888,0.2146137176747974,0.36210341218895065,0.6825396825396826,0.8253968253968254,False,0.6209966230781083,0.9444444444444444,0.3333333333333333
AAPL,574,TFIDF_LR_PRICE_FALLBACK,2018-07,60,0.6263736263736264,0.2016294371960685,0.29262254925367703,0.7,0.7833333333333333,False,0.5925438440284693,0.8717948717948718,0.38095238095238093
AAPL,574,TFIDF_LR_PRICE_FALLBACK,2018-08,69,0.6470588235294118,0.19403886651451413,0.40339685923001944,0.7971014492753623,0.8840579710144928,False,0.5779997097912521,0.9607843137254902,0.3333333333333333
AAPL,574,TFIDF_LR_PRICE_FALLBACK,2018-09,57,0.5461822660098522,0.2442426285368013,0.09572433346766025,0.543859649122807,0.631578947368421,False,0.6810257832209831,0.6785714285714286,0.41379310344827586
AAPL,574,TFIDF_LR_PRICE_FALLBACK,2018-10,69,0.5102564102564102,0.2504720949060422,0.020356827218415308,0.5072463768115942,0.5217391304347826,False,0.6944251706316376,0.5333333333333333,0.48717948717948717
AAPL,574,TFIDF_LR_PRICE_FALLBACK,2018-11,60,0.6156840934371524,0.2398725181439212,0.23175519832996974,0.6166666666666667,0.5333333333333333,False,0.6732299016714692,0.6451612903225806,0.5862068965517241
AAPL,574,TFIDF_LR_PRICE_FALLBACK,2018-12,53,0.6362229102167183,0.22650893788260654,0.26135321853386956,0.6226415094339622,0.5094339622641509,False,0.645494688699258,0.6842105263157895,0.5882352941176471
AAPL,574,TFIDF_LR_PRICE_FALLBACK,2019-01,63,0.5301455301455301,0.22195267880418462,0.06226402456360764,0.5555555555555556,0.6507936507936508,False,0.6350686798969932,0.6756756756756757,0.38461538461538464
AAPL,574,TFIDF_LR_PRICE_FALLBACK,2019-02,2,,0.20676617669880187,,1.0,0.0,True,0.6063683106209077,,1.0
AAPL,574,TFIDF_SVM_PRICE_FALLBACK,2018-01,59,0.5532407407407407,0.23481328993596615,0.10735480644214741,0.559322033898305,0.576271186440678,False,0.6634999610109273,0.625,0.48148148148148145
AAPL,574,TFIDF_SVM_PRICE_FALLBACK,2018-02,57,0.7462500000000001,0.19260056587324823,0.49813591136281105,0.7543859649122807,0.5964912280701754,False,0.5741206901527004,0.8125,0.68
AAPL,574,TFIDF_SVM_PRICE_FALLBACK,2018-03,62,0.7885416666666667,0.16470973344451798,0.5816453279086441,0.7903225806451613,0.5645161290322581,False,0.5134092026397666,0.84375,0.7333333333333333
AAPL,574,TFIDF_SVM_PRICE_FALLBACK,2018-04,63,0.6839717741935484,0.2074379281266022,0.3736366696063465,0.6825396825396826,0.5873015873015873,False,0.6033316014680731,0.7741935483870968,0.59375
AAPL,574,TFIDF_SVM_PRICE_FALLBACK,2018-05,66,0.8117427772600186,0.19235227310992198,0.6293787436942517,0.8181818181818182,0.5909090909090909,False,0.5745595879760129,0.8648648648648649,0.7586206896551724
AAPL,574,TFIDF_SVM_PRICE_FALLBACK,2018-06,63,0.7175925925925926,0.18381904057083245,0.4434751717066333,0.7301587301587301,0.6190476190476191,False,0.5542198465955173,0.8055555555555556,0.6296296296296297
AAPL,574,TFIDF_SVM_PRICE_FALLBACK,2018-07,60,0.6593406593406593,0.19405669454232585,0.32676070742611896,0.7,0.6833333333333333,False,0.5716885945404455,0.7948717948717948,0.5238095238095238
AAPL,574,TFIDF_SVM_PRICE_FALLBACK,2018-08,69,0.6633986928104575,0.17387217375459996,0.35682440602545873,0.7681159420289855,0.7971014492753623,False,0.529752144887881,0.8823529411764706,0.4444444444444444
AAPL,574,TFIDF_SVM_PRICE_FALLBACK,2018-09,57,0.5098522167487685,0.2512603252636974,0.019851666679418605,0.5087719298245614,0.5614035087719298,False,0.6964461644009748,0.5714285714285714,0.4482758620689655
AAPL,574,TFIDF_SVM_PRICE_FALLBACK,2018-10,69,0.5782051282051281,0.2519781214903629,0.15522080754041673,0.5797101449275363,0.4782608695652174,False,0.7014630045360555,0.5666666666666667,0.5897435897435898
AAPL,574,TFIDF_SVM_PRICE_FALLBACK,2018-11,60,0.5995550611790879,0.23504422268762395,0.19911012235817574,0.6,0.5166666666666667,False,0.6653135042428839,0.6129032258064516,0.5862068965517241
AAPL,574,TFIDF_SVM_PRICE_FALLBACK,2018-12,53,0.6656346749226006,0.20982331598202722,0.3182354044837902,0.660377358490566,0.4716981132075472,False,0.6108830143810252,0.6842105263157895,0.6470588235294118
AAPL,574,TFIDF_SVM_PRICE_FALLBACK,2019-01,63,0.6398128898128899,0.20250421292561355,0.2796257796257796,0.6507936507936508,0.5873015873015873,False,0.5905149900157008,0.7027027027027027,0.5769230769230769
AAPL,574,TFIDF_SVM_PRICE_FALLBACK,2019-02,2,,0.13644498468906396,,1.0,0.0,True,0.4608962503204119,,1.0
AAPL,574,TFIDF_RF_PRICE_FALLBACK,2018-01,59,0.5700231481481481,0.2432874168335745,0.1683363503304073,0.5932203389830508,0.7796610169491526,False,0.6797883916006546,0.84375,0.2962962962962963
AAPL,574,TFIDF_RF_PRICE_FALLBACK,2018-02,57,0.613125,0.22496802461631507,0.284484312591524,0.6491228070175439,0.8070175438596491,False,0.642485409984433,0.90625,0.32
AAPL,574,TFIDF_RF_PRICE_FALLBACK,2018-03,62,0.621875,0.2296378116748668,0.2730546163854619,0.6290322580645161,0.7258064516129032,False,0.6516374473401108,0.84375,0.4
AAPL,574,TFIDF_RF_PRICE_FALLBACK,2018-04,63,0.625,0.23710505856958944,0.3753785967647742,0.6190476190476191,0.873015873015873,False,0.666981190313505,1.0,0.25
AAPL,574,TFIDF_RF_PRICE_FALLBACK,2018-05,66,0.48182665424044735,0.24991672407884602,-0.04304612162841742,0.5151515151515151,0.7727272727272727,False,0.6930838238768744,0.7567567567567568,0.20689655172413793
AAPL,574,TFIDF_RF_PRICE_FALLBACK,2018-06,63,0.5972222222222222,0.23453652983323653,0.23145502494313788,0.6349206349206349,0.7777777777777778,False,0.6617881543662764,0.8611111111111112,0.3333333333333333
AAPL,574,TFIDF_RF_PRICE_FALLBACK,2018-07,60,0.5915750915750916,0.2113581690318554,0.23440361546924773,0.6833333333333333,0.8333333333333334,False,0.6138842839939799,0.8974358974358975,0.2857142857142857
AAPL,574,TFIDF_RF_PRICE_FALLBACK,2018-08,69,0.5179738562091503,0.20376785850412554,0.09408929189489629,0.7391304347826086,0.9710144927536232,False,0.598982883894735,0.9803921568627451,0.05555555555555555
AAPL,574,TFIDF_RF_PRICE_FALLBACK,2018-09,57,0.5480295566502463,0.253424279787752,0.10905518362415922,0.543859649122807,0.7368421052631579,False,0.7000060396374278,0.7857142857142857,0.3103448275862069
AAPL,574,TFIDF_RF_PRICE_FALLBACK,2018-10,69,0.6064102564102564,0.24850772139106656,0.21373587408921096,0.5942028985507246,0.5797101449275363,False,0.6903715474464458,0.7,0.5128205128205128
AAPL,574,TFIDF_RF_PRICE_FALLBACK,2018-11,60,0.5444938820912124,0.2434790137944827,0.09433332612731564,0.55,0.6666666666666666,False,0.6801811946950256,0.7096774193548387,0.3793103448275862
AAPL,574,TFIDF_RF_PRICE_FALLBACK,2018-12,53,0.6973684210526316,0.23951182338561597,0.39473684210526316,0.6415094339622641,0.6415094339622641,False,0.6720578380934171,0.8947368421052632,0.5
AAPL,574,TFIDF_RF_PRICE_FALLBACK,2019-01,63,0.5514553014553014,0.23125756375230458,0.11215151616435053,0.5873015873015873,0.7142857142857143,False,0.6551856186181334,0.7567567567567568,0.34615384615384615
AAPL,574,TFIDF_RF_PRICE_FALLBACK,2019-02,2,,0.23186054727640718,,1.0,0.0,True,0.6568169732583156,,1.0
AAPL,574,A1,2018-01,59,0.6070601851851851,0.23685545798228463,0.24498691529227026,0.6271186440677966,0.7457627118644068,False,0.6667009983432824,0.84375,0.37037037037037035
AAPL,574,A1,2018-02,57,0.673125,0.22584846914754583,0.3991503642601827,0.7017543859649122,0.7543859649122807,False,0.6444654503383754,0.90625,0.44
AAPL,574,A1,2018-03,62,0.6375,0.22226515770896202,0.3140721323960884,0.6451612903225806,0.7419354838709677,False,0.6368200927264724,0.875,0.4
AAPL,574,A1,2018-04,63,0.6376008064516129,0.23689844695453102,0.2918586157935092,0.6349206349206349,0.6666666666666666,False,0.6665740913982504,0.8064516129032258,0.46875
AAPL,574,A1,2018-05,66,0.6048462255358807,0.23254057934777206,0.24834300939471587,0.6363636363636364,0.7727272727272727,False,0.6576416031635519,0.8648648648648649,0.3448275862068966
AAPL,574,A1,2018-06,63,0.537037037037037,0.2385148426162053,0.10475656017578482,0.5873015873015873,0.8571428571428571,False,0.669823564461665,0.8888888888888888,0.18518518518518517
AAPL,574,A1,2018-07,60,0.6153846153846154,0.20366754129328168,0.2844627935584563,0.7,0.8166666666666667,False,0.5973477162781766,0.8974358974358975,0.3333333333333333
AAPL,574,A1,2018-08,69,0.6650326797385621,0.1963294267773403,0.411713665354876,0.7971014492753623,0.855072463768116,False,0.5827918419155916,0.9411764705882353,0.3888888888888889
AAPL,574,A1,2018-09,57,0.5646551724137931,0.24495950490525706,0.13907296967065538,0.5614035087719298,0.6842105263157895,False,0.682428816942398,0.75,0.3793103448275862
AAPL,574,A1,2018-10,69,0.4935897435897436,0.2541969232165997,-0.012712320904523037,0.4927536231884058,0.5072463768115942,False,0.7018089383267321,0.5,0.48717948717948717
AAPL,574,A1,2018-11,60,0.5672969966629589,0.24441544416482483,0.13459399332591768,0.5666666666666667,0.48333333333333334,False,0.6824024348448723,0.5483870967741935,0.5862068965517241
AAPL,574,A1,2018-12,53,0.6571207430340558,0.22511889346124028,0.3108907575646649,0.6792452830188679,0.37735849056603776,False,0.6427593156880264,0.5789473684210527,0.7352941176470589
AAPL,574,A1,2019-01,63,0.5166320166320166,0.2419955039681905,0.034014847532541234,0.5396825396825397,0.6349206349206349,False,0.6760846648983149,0.6486486486486487,0.38461538461538464
AAPL,574,A1,2019-02,2,,0.1844644923953776,,1.0,0.0,True,0.5602467775148091,,1.0
AAPL,574,A2,2018-01,59,0.5856481481481481,0.23596209605215365,0.21201436728652978,0.6101694915254238,0.7966101694915254,False,0.6649642654179725,0.875,0.2962962962962963
AAPL,574,A2,2018-02,57,0.653125,0.23142536414387774,0.3621788425433131,0.6842105263157895,0.7719298245614035,False,0.6559519749937337,0.90625,0.4
AAPL,574,A2,2018-03,62,0.5864583333333333,0.23868468923083438,0.22619918764133948,0.5967741935483871,0.8225806451612904,False,0.6702176622814241,0.90625,0.26666666666666666
AAPL,574,A2,2018-04,63,0.5766129032258065,0.24326046580243496,0.2017853988002107,0.5714285714285714,0.8253968253968254,False,0.6795505311653113,0.9032258064516129,0.25
AAPL,574,A2,2018-05,66,0.5223671947809879,0.2442413170627897,0.057564385570179406,0.5606060606060606,0.8181818181818182,False,0.6815301936734448,0.8378378378378378,0.20689655172413793
AAPL,574,A2,2018-06,63,0.5277777777777778,0.2466189667650386,0.10170952554312156,0.5873015873015873,0.9206349206349206,False,0.6864013468725636,0.9444444444444444,0.1111111111111111
AAPL,574,A2,2018-07,60,0.5934065934065934,0.20844671511559593,0.2775636086123745,0.7,0.8833333333333333,False,0.6073087050410592,0.9487179487179487,0.23809523809523808
AAPL,574,A2,2018-08,69,0.5735294117647058,0.1947861340725441,0.2763285473188545,0.7681159420289855,0.9420289855072463,False,0.5790275205349666,0.9803921568627451,0.16666666666666666
AAPL,574,A2,2018-09,57,0.5449507389162561,0.2421751307706323,0.09057322922484738,0.543859649122807,0.5614035087719298,False,0.6766192368176537,0.6071428571428571,0.4827586206896552
AAPL,574,A2,2018-10,69,0.4461538461538461,0.26145114148116994,-0.10871930568966823,0.43478260869565216,0.5942028985507246,False,0.7165581317697732,0.5333333333333333,0.358974358974359
AAPL,574,A2,2018-11,60,0.5005561735261401,0.2470170123939713,0.0011123470522803114,0.5,0.48333333333333334,False,0.6871576303235212,0.4838709677419355,0.5172413793103449
AAPL,574,A2,2018-12,53,0.6160990712074303,0.2284557407569493,0.2297222346536933,0.6415094339622641,0.37735849056603776,False,0.6493815717301373,0.5263157894736842,0.7058823529411765
AAPL,574,A2,2019-01,63,0.4838877338877339,0.2570559402806734,-0.03295188354714932,0.5079365079365079,0.6349206349206349,False,0.7073631462277173,0.6216216216216216,0.34615384615384615
AAPL,574,A2,2019-02,2,,0.20175426841796235,,0.5,0.5,False,0.5949171668434476,,0.5
AAPL,574,A3,2018-01,59,0.5972222222222222,0.23133983172413097,0.20464687117164015,0.6101694915254238,0.6610169491525424,False,0.6564571252459241,0.75,0.4444444444444444
AAPL,574,A3,2018-02,57,0.7262500000000001,0.2158929834683944,0.4612307082510511,0.7368421052631579,0.6140350877192983,False,0.6254119801655404,0.8125,0.64
AAPL,574,A3,2018-03,62,0.721875,0.20402188840746494,0.45906878259928613,0.7258064516129032,0.6290322580645161,False,0.5983027099111413,0.84375,0.6
AAPL,574,A3,2018-04,63,0.6537298387096775,0.2308424818121605,0.3302134644559894,0.6507936507936508,0.6825396825396826,False,0.653272659188039,0.8387096774193549,0.46875
AAPL,574,A3,2018-05,66,0.5927306616961789,0.224781673003831,0.18975414994036227,0.6060606060606061,0.6212121212121212,False,0.6414739137711272,0.7027027027027027,0.4827586206896552
AAPL,574,A3,2018-06,63,0.5925925925925926,0.22934726887211065,0.23338001400466832,0.6349206349206349,0.8095238095238095,False,0.6502371662974703,0.8888888888888888,0.2962962962962963
AAPL,574,A3,2018-07,60,0.6007326007326007,0.19549333062877405,0.2219167619785609,0.6666666666666666,0.75,False,0.5773299384654459,0.8205128205128205,0.38095238095238093
AAPL,574,A3,2018-08,69,0.6372549019607843,0.1745875129295445,0.35791699479543954,0.782608695652174,0.8695652173913043,False,0.5316561629444442,0.9411764705882353,0.3333333333333333
AAPL,574,A3,2018-09,57,0.5258620689655172,0.2458363202266265,0.05178795552215545,0.5263157894736842,0.47368421052631576,False,0.6838661394789822,0.5,0.5517241379310345
AAPL,574,A3,2018-10,69,0.5102564102564102,0.25545048975993356,0.020356827218415308,0.5072463768115942,0.5217391304347826,False,0.7047718521985564,0.5333333333333333,0.48717948717948717
AAPL,574,A3,2018-11,60,0.5661846496106786,0.24489371585924088,0.13236929922135707,0.5666666666666667,0.5166666666666667,False,0.683854573069447,0.5806451612903226,0.5517241379310345
AAPL,574,A3,2018-12,53,0.686532507739938,0.21336618326995002,0.37777264669154326,0.7169811320754716,0.33962264150943394,False,0.6180690370724389,0.5789473684210527,0.7941176470588235
AAPL,574,A3,2019-01,63,0.48960498960498966,0.24572891646836859,-0.02092091413420943,0.5079365079365079,0.6031746031746031,False,0.6829632128898008,0.5945945945945946,0.38461538461538464
AAPL,574,A3,2019-02,2,,0.1409609277339226,,1.0,0.0,True,0.4666741635585059,,1.0
AAPL,574,B1,2018-01,59,0.6001157407407407,0.26834269706898517,0.20628945545116803,0.6101694915254238,0.6271186440677966,False,0.9031408116230533,0.71875,0.48148148148148145
AAPL,574,B1,2018-02,57,0.721875,0.19285458645630188,0.46138927985765726,0.7368421052631579,0.6491228070175439,False,0.658818975139418,0.84375,0.6
AAPL,574,B1,2018-03,62,0.740625,0.19087308554425028,0.48326782855643,0.7419354838709677,0.5483870967741935,False,0.623615107157305,0.78125,0.7
AAPL,574,B1,2018-04,63,0.6678427419354839,0.20753646805514364,0.33912145348687944,0.6666666666666666,0.5714285714285714,False,0.6212728192619025,0.7419354838709677,0.59375
AAPL,574,B1,2018-05,66,0.7404473438956198,0.18154515290000287,0.4793336992931299,0.7424242424242424,0.5454545454545454,False,0.6217040091986487,0.7567567567567568,0.7241379310344828
AAPL,574,B1,2018-06,63,0.7916666666666667,0.1796366066001497,0.5809475019311126,0.7936507936507936,0.5555555555555556,False,0.6140060982263142,0.8055555555555556,0.7777777777777778
AAPL,574,B1,2018-07,60,0.6227106227106227,0.20977237185138675,0.2516433034201146,0.6666666666666666,0.6833333333333333,False,0.6113353681101393,0.7692307692307693,0.47619047619047616
AAPL,574,B1,2018-08,69,0.6241830065359477,0.21544455290078174,0.24836601307189543,0.7101449275362319,0.7391304347826086,False,0.647229084235352,0.803921568627451,0.4444444444444444
AAPL,574,B1,2018-09,57,0.5800492610837439,0.25247663129720727,0.16129479177027617,0.5789473684210527,0.5614035087719298,False,0.8170116004874354,0.6428571428571429,0.5172413793103449
AAPL,574,B1,2018-10,69,0.5692307692307692,0.29856245942663406,0.13740858372430334,0.5652173913043478,0.5217391304347826,False,0.9832832491609507,0.6,0.5384615384615384
AAPL,574,B1,2018-11,60,0.5973303670745272,0.26668473504149154,0.19731230785181877,0.6,0.5833333333333334,False,0.8154230659977622,0.6774193548387096,0.5172413793103449
AAPL,574,B1,2018-12,53,0.6602167182662538,0.25691031800207487,0.32921406053007696,0.6981132075471698,0.32075471698113206,False,0.8489077584961805,0.5263157894736842,0.7941176470588235
AAPL,574,B1,2019-01,63,0.5857588357588357,0.23792323871114748,0.1690747721757406,0.5873015873015873,0.5238095238095238,False,0.7389077281888778,0.5945945945945946,0.5769230769230769
AAPL,574,B1,2019-02,2,,0.22272274528540528,,0.5,0.5,False,0.6286824510960844,,0.5
AAPL,574,B2,2018-01,59,0.5561342592592593,0.2856894705166418,0.11226851851851852,0.559322033898305,0.5423728813559322,False,0.8603687364380355,0.59375,0.5185185185185185
AAPL,574,B2,2018-02,57,0.721875,0.1929159828673364,0.46138927985765726,0.7368421052631579,0.6491228070175439,False,0.6152203134721209,0.84375,0.6
AAPL,574,B2,2018-03,62,0.7572916666666667,0.1805756268923468,0.5153892591730216,0.7580645161290323,0.532258064516129,False,0.5571378325426107,0.78125,0.7333333333333333
AAPL,574,B2,2018-04,63,0.6360887096774194,0.23029688494955697,0.2749633406650374,0.6349206349206349,0.5714285714285714,False,0.7110096106022846,0.7096774193548387,0.5625
AAPL,574,B2,2018-05,66,0.7576887232059646,0.1802982506638816,0.512519508780806,0.7575757575757576,0.5303030303030303,False,0.5858517764452322,0.7567567567567568,0.7586206896551724
AAPL,574,B2,2018-06,63,0.7453703703703703,0.2092768635623405,0.4872443245213109,0.746031746031746,0.5396825396825397,False,0.7655362339889943,0.75,0.7407407407407407
AAPL,574,B2,2018-07,60,0.6355311355311355,0.21166893518413385,0.2821305567042011,0.6833333333333333,0.7,False,0.6467680273197851,0.7948717948717948,0.47619047619047616
AAPL,574,B2,2018-08,69,0.5964052287581699,0.21391267159220798,0.1964833676897975,0.6956521739130435,0.7536231884057971,False,0.6448346875099006,0.803921568627451,0.3888888888888889
AAPL,574,B2,2018-09,57,0.5615763546798029,0.27631411507800846,0.12315270935960591,0.5614035087719298,0.5087719298245614,False,0.826393027063455,0.5714285714285714,0.5517241379310345
AAPL,574,B2,2018-10,69,0.5487179487179488,0.2899366991054894,0.09669492928747271,0.5507246376811594,0.4782608695652174,False,0.9101863280485484,0.5333333333333333,0.5641025641025641
AAPL,574,B2,2018-11,60,0.5812013348164627,0.264034528118056,0.16377472445172614,0.5833333333333334,0.5666666666666667,False,0.8138043329424378,0.6451612903225806,0.5172413793103449
AAPL,574,B2,2018-12,53,0.6602167182662538,0.2145669668668916,0.32921406053007696,0.6981132075471698,0.32075471698113206,False,0.6244351674903824,0.5263157894736842,0.7941176470588235
AAPL,574,B2,2019-01,63,0.5992723492723493,0.2271601313292103,0.1961134472718516,0.6031746031746031,0.5396825396825397,False,0.6500875000421182,0.6216216216216216,0.5769230769230769
AAPL,574,B2,2019-02,2,,0.2261061254996965,,0.5,0.5,False,0.6361823045124886,,0.5
AAPL,574,FULL_SHRINK,2018-01,59,0.6001157407407407,0.23124478812157465,0.20628945545116803,0.6101694915254238,0.6271186440677966,False,0.6561597941796532,0.71875,0.48148148148148145
AAPL,574,FULL_SHRINK,2018-02,57,0.7262500000000001,0.19068864330969124,0.4612307082510511,0.7368421052631579,0.6140350877192983,False,0.5695123942460213,0.8125,0.64
AAPL,574,FULL_SHRINK,2018-03,62,0.740625,0.19310715664020475,0.48326782855643,0.7419354838709677,0.5483870967741935,False,0.573358175929141,0.78125,0.7
AAPL,574,FULL_SHRINK,2018-04,63,0.6355846774193548,0.20339376027204875,0.2719931623715739,0.6349206349206349,0.5396825396825397,False,0.5937877207680287,0.6774193548387096,0.59375
AAPL,574,FULL_SHRINK,2018-05,66,0.7539608574091332,0.18182174631910342,0.5079217148182665,0.7575757575757576,0.5606060606060606,False,0.5504833567371005,0.7837837837837838,0.7241379310344828
AAPL,574,FULL_SHRINK,2018-06,63,0.7731481481481481,0.18990325719134374,0.5462962962962963,0.7777777777777778,0.5714285714285714,False,0.5733514629540856,0.8055555555555556,0.7407407407407407
AAPL,574,FULL_SHRINK,2018-07,60,0.6117216117216117,0.21145640014886782,0.2365105131529837,0.6666666666666666,0.7166666666666667,False,0.6138982848532822,0.7948717948717948,0.42857142857142855
AAPL,574,FULL_SHRINK,2018-08,69,0.5408496732026145,0.21851902820224828,0.08697559598404854,0.6666666666666666,0.782608695652174,False,0.6283251105798602,0.803921568627451,0.2777777777777778
AAPL,574,FULL_SHRINK,2018-09,57,0.6157635467980296,0.23092766054916003,0.2359263550512071,0.6140350877192983,0.5964912280701754,False,0.6533233391637472,0.7142857142857143,0.5172413793103449
AAPL,574,FULL_SHRINK,2018-10,69,0.5564102564102564,0.25398793167818323,0.11215151616435054,0.5507246376811594,0.5362318840579711,False,0.70467917166473,0.6,0.5128205128205128
AAPL,574,FULL_SHRINK,2018-11,60,0.6490545050055617,0.23250490229769918,0.29860765938669176,0.65,0.5333333333333333,False,0.6586592019545517,0.6774193548387096,0.6206896551724138
AAPL,574,FULL_SHRINK,2018-12,53,0.6602167182662538,0.21513819471349935,0.32921406053007696,0.6981132075471698,0.32075471698113206,False,0.6199756984193447,0.5263157894736842,0.7941176470588235
AAPL,574,FULL_SHRINK,2019-01,63,0.58004158004158,0.230957638926134,0.15860619520032992,0.5873015873015873,0.5555555555555556,False,0.6531205179414599,0.6216216216216216,0.5384615384615384
AAPL,574,FULL_SHRINK,2019-02,2,,0.2260576242662211,,0.5,0.5,False,0.6410180443089586,,0.5
AAPL,574,TITLE_FINBERT_FUSION,2018-01,59,0.6313657407407407,0.24191626753470685,0.27651690330929946,0.6440677966101694,0.6610169491525424,False,0.7136137044204071,0.78125,0.48148148148148145
AAPL,574,TITLE_FINBERT_FUSION,2018-02,57,0.690625,0.18215054714997386,0.3886059834711895,0.7017543859649122,0.6140350877192983,False,0.544639293008795,0.78125,0.6
AAPL,574,TITLE_FINBERT_FUSION,2018-03,62,0.725,0.19672989012484224,0.45070477725252095,0.7258064516129032,0.532258064516129,False,0.5763103006078949,0.75,0.7
AAPL,574,TITLE_FINBERT_FUSION,2018-04,63,0.6517137096774194,0.2094091565244831,0.30527948590779735,0.6507936507936508,0.5555555555555556,False,0.6110794843284133,0.7096774193548387,0.59375
AAPL,574,TITLE_FINBERT_FUSION,2018-05,66,0.7712022367194781,0.183094155526756,0.5406438236213209,0.7727272727272727,0.5454545454545454,False,0.593926386589877,0.7837837837837838,0.7586206896551724
AAPL,574,TITLE_FINBERT_FUSION,2018-06,63,0.7731481481481481,0.21064658387282786,0.5462962962962963,0.7777777777777778,0.5714285714285714,False,0.6818336634235573,0.8055555555555556,0.7407407407407407
AAPL,574,TITLE_FINBERT_FUSION,2018-07,60,0.6373626373626373,0.1994004242641923,0.30261376633440124,0.7,0.75,False,0.5904481131836471,0.8461538461538461,0.42857142857142855
AAPL,574,TITLE_FINBERT_FUSION,2018-08,69,0.6160130718954249,0.20915929640264533,0.24701069259469788,0.7246376811594203,0.782608695652174,False,0.6116233487668873,0.8431372549019608,0.3888888888888889
AAPL,574,TITLE_FINBERT_FUSION,2018-09,57,0.6145320197044335,0.23865129521666745,0.22934666016954555,0.6140350877192983,0.5263157894736842,False,0.6915305196720538,0.6428571428571429,0.5862068965517241
AAPL,574,TITLE_FINBERT_FUSION,2018-10,69,0.5525641025641026,0.2784204029241466,0.1042410314170889,0.5507246376811594,0.5072463768115942,False,0.870977680872412,0.5666666666666667,0.5384615384615384
AAPL,574,TITLE_FINBERT_FUSION,2018-11,60,0.6329254727474972,0.23976840771944105,0.26585094549499444,0.6333333333333333,0.5166666666666667,False,0.7142922793916839,0.6451612903225806,0.6206896551724138
AAPL,574,TITLE_FINBERT_FUSION,2018-12,53,0.6455108359133126,0.21736081008809194,0.2946940148465151,0.6792452830188679,0.33962264150943394,False,0.6262081584160385,0.5263157894736842,0.7647058823529411
AAPL,574,TITLE_FINBERT_FUSION,2019-01,63,0.58004158004158,0.22939570527240274,0.15860619520032992,0.5873015873015873,0.5555555555555556,False,0.6470369027086194,0.6216216216216216,0.5384615384615384
AAPL,574,TITLE_FINBERT_FUSION,2019-02,2,,0.2261061254996965,,0.5,0.5,False,0.6361823045124886,,0.5
AAPL,574,TITLE_MODERN_FUSION,2018-01,59,0.6030092592592593,0.2480160294087256,0.20894091297454992,0.6101694915254238,0.5932203389830508,False,0.7797064226269289,0.6875,0.5185185185185185
AAPL,574,TITLE_MODERN_FUSION,2018-02,57,0.7262500000000001,0.1860998367633427,0.4612307082510511,0.7368421052631579,0.6140350877192983,False,0.5646415289458194,0.8125,0.64
AAPL,574,TITLE_MODERN_FUSION,2018-03,62,0.7572916666666667,0.1965073763046418,0.5153892591730216,0.7580645161290323,0.532258064516129,False,0.5939980163774372,0.78125,0.7333333333333333
AAPL,574,TITLE_MODERN_FUSION,2018-04,63,0.6517137096774194,0.20423249951272254,0.30527948590779735,0.6507936507936508,0.5555555555555556,False,0.5962924539322204,0.7096774193548387,0.59375
AAPL,574,TITLE_MODERN_FUSION,2018-05,66,0.7674743709226468,0.17041829769640032,0.5372064487951221,0.7727272727272727,0.5757575757575758,False,0.5502755247498952,0.8108108108108109,0.7241379310344828
AAPL,574,TITLE_MODERN_FUSION,2018-06,63,0.7546296296296297,0.195867253394805,0.5118992938468337,0.7619047619047619,0.5873015873015873,False,0.6547416975482605,0.8055555555555556,0.7037037037037037
AAPL,574,TITLE_MODERN_FUSION,2018-07,60,0.6721611721611722,0.19848290644615127,0.3583820585161474,0.7166666666666667,0.7,False,0.5881759145308325,0.8205128205128205,0.5238095238095238
AAPL,574,TITLE_MODERN_FUSION,2018-08,69,0.5310457516339869,0.2281022519303063,0.06460343182545027,0.6521739130434783,0.7681159420289855,False,0.6773911448570783,0.7843137254901961,0.2777777777777778
AAPL,574,TITLE_MODERN_FUSION,2018-09,57,0.6323891625615763,0.23496933965069233,0.265762025075173,0.631578947368421,0.543859649122807,False,0.6801713672237586,0.6785714285714286,0.5862068965517241
AAPL,574,TITLE_MODERN_FUSION,2018-10,69,0.5858974358974358,0.29580387519448714,0.17077617234117015,0.5797101449275363,0.5362318840579711,False,0.9768979810022698,0.6333333333333333,0.5384615384615384
AAPL,574,TITLE_MODERN_FUSION,2018-11,60,0.6318131256952169,0.24896155995260397,0.2648071139695897,0.6333333333333333,0.55,False,0.7389524487564093,0.6774193548387096,0.5862068965517241
AAPL,574,TITLE_MODERN_FUSION,2018-12,53,0.6602167182662538,0.2085782626605868,0.32921406053007696,0.6981132075471698,0.32075471698113206,False,0.603185288048597,0.5263157894736842,0.7941176470588235
AAPL,574,TITLE_MODERN_FUSION,2019-01,63,0.5608108108108107,0.23239244938306755,0.12099437854561525,0.5714285714285714,0.5714285714285714,False,0.6799613219058767,0.6216216216216216,0.5
AAPL,574,TITLE_MODERN_FUSION,2019-02,2,,0.2261061254996965,,0.5,0.5,False,0.6361823045124886,,0.5
AAPL,574,PARAGRAPH_FINBERT_FUSION,2018-01,59,0.6342592592592593,0.24694263871212344,0.2766425067322022,0.6440677966101694,0.6271186440677966,False,0.725911765207795,0.75,0.5185185185185185
AAPL,574,PARAGRAPH_FINBERT_FUSION,2018-02,57,0.70625,0.1784372247079168,0.42433421239575275,0.7192982456140351,0.631578947368421,False,0.5391030502700971,0.8125,0.6
AAPL,574,PARAGRAPH_FINBERT_FUSION,2018-03,62,0.740625,0.1926132173436135,0.48326782855643,0.7419354838709677,0.5483870967741935,False,0.5837172116777045,0.78125,0.7
AAPL,574,PARAGRAPH_FINBERT_FUSION,2018-04,63,0.6517137096774194,0.20780399376359712,0.30527948590779735,0.6507936507936508,0.5555555555555556,False,0.6041867743141691,0.7096774193548387,0.59375
AAPL,574,PARAGRAPH_FINBERT_FUSION,2018-05,66,0.7539608574091332,0.17483537805678664,0.5079217148182665,0.7575757575757576,0.5606060606060606,False,0.5706790815964672,0.7837837837837838,0.7241379310344828
AAPL,574,PARAGRAPH_FINBERT_FUSION,2018-06,63,0.7546296296296297,0.19082557527641622,0.5118992938468337,0.7619047619047619,0.5873015873015873,False,0.6413300518517876,0.8055555555555556,0.7037037037037037
AAPL,574,PARAGRAPH_FINBERT_FUSION,2018-07,60,0.5879120879120878,0.2010332332423314,0.1896418623723042,0.65,0.7333333333333333,False,0.592993461059794,0.7948717948717948,0.38095238095238093
AAPL,574,PARAGRAPH_FINBERT_FUSION,2018-08,69,0.5408496732026145,0.2247753516341421,0.08697559598404854,0.6666666666666666,0.782608695652174,False,0.665263762227115,0.803921568627451,0.2777777777777778
AAPL,574,PARAGRAPH_FINBERT_FUSION,2018-09,57,0.5979064039408868,0.23719548900436657,0.19826977735557366,0.5964912280701754,0.5789473684210527,False,0.6928219716309051,0.6785714285714286,0.5172413793103449
AAPL,574,PARAGRAPH_FINBERT_FUSION,2018-10,69,0.5692307692307692,0.28846381212930733,0.13740858372430334,0.5652173913043478,0.5217391304347826,False,0.9078762015792982,0.6,0.5384615384615384
AAPL,574,PARAGRAPH_FINBERT_FUSION,2018-11,60,0.6490545050055617,0.2505436284230746,0.29860765938669176,0.65,0.5333333333333333,False,0.7413234618161749,0.6774193548387096,0.6206896551724138
AAPL,574,PARAGRAPH_FINBERT_FUSION,2018-12,53,0.6602167182662538,0.22271458715131295,0.32921406053007696,0.6981132075471698,0.32075471698113206,False,0.645837307273044,0.5263157894736842,0.7941176470588235
AAPL,574,PARAGRAPH_FINBERT_FUSION,2019-01,63,0.5472972972972974,0.23066562832388024,0.09372184261837677,0.5555555555555556,0.5555555555555556,False,0.6528555398881529,0.5945945945945946,0.5
AAPL,574,PARAGRAPH_FINBERT_FUSION,2019-02,2,,0.2261061254996965,,0.5,0.5,False,0.6361823045124886,,0.5
AAPL,574,PARAGRAPH_MODERN_FUSION,2018-01,59,0.6342592592592593,0.24706355945600011,0.2766425067322022,0.6440677966101694,0.6271186440677966,False,0.7751662011203677,0.75,0.5185185185185185
AAPL,574,PARAGRAPH_MODERN_FUSION,2018-02,57,0.70625,0.18210044364504596,0.42433421239575275,0.7192982456140351,0.631578947368421,False,0.6073202871304871,0.8125,0.6
AAPL,574,PARAGRAPH_MODERN_FUSION,2018-03,62,0.7572916666666667,0.19704872089305167,0.5153892591730216,0.7580645161290323,0.532258064516129,False,0.6430918158336795,0.78125,0.7333333333333333
AAPL,574,PARAGRAPH_MODERN_FUSION,2018-04,63,0.6517137096774194,0.2085256722217992,0.30527948590779735,0.6507936507936508,0.5555555555555556,False,0.6049660469493673,0.7096774193548387,0.59375
AAPL,574,PARAGRAPH_MODERN_FUSION,2018-05,66,0.7539608574091332,0.17599031369400164,0.5079217148182665,0.7575757575757576,0.5606060606060606,False,0.6157252451753933,0.7837837837837838,0.7241379310344828
AAPL,574,PARAGRAPH_MODERN_FUSION,2018-06,63,0.7731481481481481,0.18474844205629293,0.5462962962962963,0.7777777777777778,0.5714285714285714,False,0.6199034691781273,0.8055555555555556,0.7407407407407407
AAPL,574,PARAGRAPH_MODERN_FUSION,2018-07,60,0.6245421245421245,0.19606529884117724,0.26865930502743096,0.6833333333333333,0.7333333333333333,False,0.5816753455863541,0.8205128205128205,0.42857142857142855
AAPL,574,PARAGRAPH_MODERN_FUSION,2018-08,69,0.5408496732026145,0.22103892237219316,0.08697559598404854,0.6666666666666666,0.782608695652174,False,0.6511005655228478,0.803921568627451,0.2777777777777778
AAPL,574,PARAGRAPH_MODERN_FUSION,2018-09,57,0.5979064039408868,0.2442942608089874,0.19826977735557366,0.5964912280701754,0.5789473684210527,False,0.7734930927838618,0.6785714285714286,0.5172413793103449
AAPL,574,PARAGRAPH_MODERN_FUSION,2018-10,69,0.5564102564102564,0.2947792693287732,0.11215151616435054,0.5507246376811594,0.5362318840579711,False,0.9205382158957904,0.6,0.5128205128205128
AAPL,574,PARAGRAPH_MODERN_FUSION,2018-11,60,0.6490545050055617,0.25120769568121754,0.29860765938669176,0.65,0.5333333333333333,False,0.7439192682723235,0.6774193548387096,0.6206896551724138
AAPL,574,PARAGRAPH_MODERN_FUSION,2018-12,53,0.6602167182662538,0.2232578795226489,0.32921406053007696,0.6981132075471698,0.32075471698113206,False,0.6466056608785605,0.5263157894736842,0.7941176470588235
AAPL,574,PARAGRAPH_MODERN_FUSION,2019-01,63,0.5608108108108107,0.23476060824051675,0.12099437854561525,0.5714285714285714,0.5714285714285714,False,0.7005056974271463,0.6216216216216216,0.5
AAPL,574,PARAGRAPH_MODERN_FUSION,2019-02,2,,0.2261061254996965,,0.5,0.5,False,0.6361823045124886,,0.5
AAPL,575,PAPER,2018-01,59,0.7239583333333333,0.22770377702709854,0.45159032709903313,0.7288135593220338,0.576271186440678,False,0.718010156406463,0.78125,0.6666666666666666
AAPL,575,PAPER,2018-02,57,0.7462500000000001,0.18547767096256676,0.49813591136281105,0.7543859649122807,0.5964912280701754,False,0.6499566915726965,0.8125,0.68
AAPL,575,PAPER,2018-03,62,0.8072916666666667,0.1538490638876019,0.6145833333333334,0.8064516129032258,0.4838709677419355,False,0.5394392009720738,0.78125,0.8333333333333334
AAPL,575,PAPER,2018-04,63,0.6990927419354839,0.217277197870317,0.39939516407721815,0.6984126984126984,0.5396825396825397,False,0.702221968983279,0.7419354838709677,0.65625
AAPL,575,PAPER,2018-05,66,0.7269338303821062,0.18988851371820314,0.45135081514693043,0.7272727272727273,0.5303030303030303,False,0.6013452744074574,0.7297297297297297,0.7241379310344828
AAPL,575,PAPER,2018-06,63,0.712962962962963,0.2256115189683119,0.4228913005279302,0.7142857142857143,0.5396825396825397,False,0.7726534746529435,0.7222222222222222,0.7037037037037037
AAPL,575,PAPER,2018-07,60,0.5879120879120878,0.20955857683129056,0.1896418623723042,0.65,0.7333333333333333,False,0.5979744274689351,0.7948717948717948,0.38095238095238093
AAPL,575,PAPER,2018-08,69,0.5130718954248366,0.22516435194346757,0.0285459524820367,0.6521739130434783,0.7971014492753623,False,0.6546835416676623,0.803921568627451,0.2222222222222222
AAPL,575,PAPER,2018-09,57,0.6502463054187192,0.2710126614218775,0.3027379168611337,0.6491228070175439,0.5614035087719298,False,0.8233285645409679,0.7142857142857143,0.5862068965517241
AAPL,575,PAPER,2018-10,69,0.6064102564102564,0.28775790961469744,0.21373587408921096,0.5942028985507246,0.5797101449275363,False,0.9337148913463452,0.7,0.5128205128205128
AAPL,575,PAPER,2018-11,60,0.6167964404894327,0.2724714246960324,0.23346307108777453,0.6166666666666667,0.5,False,0.8167301857823133,0.6129032258064516,0.6206896551724138
AAPL,575,PAPER,2018-12,53,0.7685758513931888,0.18108950612330293,0.5439299103815997,0.7924528301886793,0.33962264150943394,False,0.6307110422875724,0.6842105263157895,0.8529411764705882
AAPL,575,PAPER,2019-01,63,0.5935550935550935,0.26255778593657614,0.186145197762485,0.6031746031746031,0.5714285714285714,False,0.801649511906111,0.6486486486486487,0.5384615384615384
AAPL,575,PAPER,2019-02,2,,0.2285545385129464,,0.5,0.5,False,0.6183273430355108,,0.5
AAPL,575,PRICE,2018-01,59,0.5630787037037037,0.23658595439998434,0.1327768390339808,0.576271186440678,0.6610169491525424,False,0.6654537520963129,0.71875,0.4074074074074074
AAPL,575,PRICE,2018-02,57,0.6125,0.2315352759528642,0.22360679774997896,0.6140350877192983,0.5263157894736842,False,0.6524990008271007,0.625,0.6
AAPL,575,PRICE,2018-03,62,0.41770833333333335,0.2744252340750514,-0.1652734132292553,0.41935483870967744,0.5483870967741935,False,0.7445106859409374,0.46875,0.36666666666666664
AAPL,575,PRICE,2018-04,63,0.5907258064516129,0.24688258661680348,0.2008048322256247,0.5873015873015873,0.7142857142857143,False,0.6871985703149297,0.8064516129032258,0.375
AAPL,575,PRICE,2018-05,66,0.5410065237651445,0.24719262086997268,0.08634657835526911,0.5606060606060606,0.6666666666666666,False,0.6884133529535721,0.7027027027027027,0.3793103448275862
AAPL,575,PRICE,2018-06,63,0.5833333333333333,0.25161994539067073,0.1730129508244783,0.6031746031746031,0.6507936507936508,False,0.6974992506289114,0.7222222222222222,0.4444444444444444
AAPL,575,PRICE,2018-07,60,0.5622710622710623,0.22943006591839066,0.12962755308030863,0.6166666666666667,0.7,False,0.650119653446901,0.7435897435897436,0.38095238095238093
AAPL,575,PRICE,2018-08,69,0.6143790849673203,0.22386183578902724,0.22487239817113244,0.6956521739130435,0.7246376811594203,False,0.6420120356149294,0.7843137254901961,0.4444444444444444
AAPL,575,PRICE,2018-09,57,0.6169950738916257,0.2288815233961663,0.24814583349273256,0.6140350877192983,0.6666666666666666,False,0.6491390476938049,0.7857142857142857,0.4482758620689655
AAPL,575,PRICE,2018-10,69,0.48846153846153845,0.25311905173396093,-0.023176179118107213,0.4782608695652174,0.5797101449275363,False,0.7001908185909744,0.5666666666666667,0.41025641025641024
AAPL,575,PRICE,2018-11,60,0.5628476084538376,0.2603326898018194,0.12919146336922627,0.5666666666666667,0.6166666666666667,False,0.7248795255174095,0.6774193548387096,0.4482758620689655
AAPL,575,PRICE,2018-12,53,0.598297213622291,0.2578166690406293,0.1894012505422958,0.6037735849056604,0.4528301886792453,False,0.7119435943459819,0.5789473684210527,0.6176470588235294
AAPL,575,PRICE,2019-01,63,0.501039501039501,0.2554357736604458,0.0020535439504905926,0.5079365079365079,0.5396825396825397,False,0.7033466686940674,0.5405405405405406,0.46153846153846156
AAPL,575,PRICE,2019-02,2,,0.36598282336481824,,0.0,1.0,True,0.9299976631648463,,0.0
AAPL,575,FULL,2018-01,59,0.6770833333333333,0.23282917697729288,0.35334967211447943,0.6779661016949152,0.5254237288135594,False,0.7609937671445937,0.6875,0.6666666666666666
AAPL,575,FULL,2018-02,57,0.7731250000000001,0.18548553783531052,0.575,0.7894736842105263,0.6666666666666666,False,0.5706475707219728,0.90625,0.64
AAPL,575,FULL,2018-03,62,0.7729166666666667,0.16553529246228846,0.5481219527349985,0.7741935483870968,0.5483870967741935,False,0.5648988080584244,0.8125,0.7333333333333333
AAPL,575,FULL,2018-04,63,0.7313508064516129,0.20009504521130386,0.4674376791305636,0.7301587301587301,0.5714285714285714,False,0.6661021664039953,0.8064516129032258,0.65625
AAPL,575,FULL,2018-05,66,0.6887232059645854,0.21045653799857714,0.3810140376624394,0.696969696969697,0.5909090909090909,False,0.6790240945996427,0.7567567567567568,0.6206896551724138
AAPL,575,FULL,2018-06,63,0.7407407407407407,0.2090508346650306,0.48148148148148145,0.746031746031746,0.5714285714285714,False,0.6881311418530224,0.7777777777777778,0.7037037037037037
AAPL,575,FULL,2018-07,60,0.6263736263736264,0.21920852808808705,0.29262254925367703,0.7,0.7833333333333333,False,0.6332722659085201,0.8717948717948718,0.38095238095238093
AAPL,575,FULL,2018-08,69,0.49346405228758167,0.23542057574003825,-0.013600722489568479,0.6231884057971014,0.7681159420289855,False,0.6792203705438091,0.7647058823529411,0.2222222222222222
AAPL,575,FULL,2018-09,57,0.6323891625615763,0.2566136587515364,0.265762025075173,0.631578947368421,0.543859649122807,False,0.7883358251238947,0.6785714285714286,0.5862068965517241
AAPL,575,FULL,2018-10,69,0.6153846153846154,0.28131965924767405,0.22940082851798974,0.6086956521739131,0.5362318840579711,False,0.8883916144312995,0.6666666666666666,0.5641025641025641
AAPL,575,FULL,2018-11,60,0.6501668520578421,0.2618058900081771,0.30016680568428156,0.65,0.5,False,0.854679749242034,0.6451612903225806,0.6551724137931034
AAPL,575,FULL,2018-12,53,0.6718266253869969,0.22907902237635236,0.34365325077399383,0.6981132075471698,0.3584905660377358,False,0.7520326418551941,0.5789473684210527,0.7647058823529411
AAPL,575,FULL,2019-01,63,0.5935550935550935,0.23304654349240322,0.186145197762485,0.6031746031746031,0.5714285714285714,False,0.7333365440511534,0.6486486486486487,0.5384615384615384
AAPL,575,FULL,2019-02,2,,0.08209865830093492,,1.0,0.0,True,0.3004439297196984,,1.0
AAPL,575,TFIDF_LR,2018-01,59,0.5445601851851851,0.23074500932437955,0.0950226324738544,0.559322033898305,0.6779661016949152,False,0.6539882382578772,0.71875,0.37037037037037035
AAPL,575,TFIDF_LR,2018-02,57,0.681875,0.21274398330077687,0.3883107729773363,0.7017543859649122,0.6842105263157895,False,0.616843057024197,0.84375,0.52
AAPL,575,TFIDF_LR,2018-03,62,0.7375,0.19941292326553764,0.49612131947373883,0.7419354838709677,0.6451612903225806,False,0.5901983007057019,0.875,0.6
AAPL,575,TFIDF_LR,2018-04,63,0.669858870967742,0.22437507554121935,0.37005896179669845,0.6666666666666666,0.6984126984126984,False,0.6407091351260499,0.8709677419354839,0.46875
AAPL,575,TFIDF_LR,2018-05,66,0.6640260950605779,0.22487633942817536,0.34538631342107645,0.6818181818181818,0.6666666666666666,False,0.6420745564810063,0.8108108108108109,0.5172413793103449
AAPL,575,TFIDF_LR,2018-06,63,0.6435185185185185,0.21773745480484993,0.30515595199628615,0.6666666666666666,0.6825396825396826,False,0.6275690251744579,0.8055555555555556,0.48148148148148145
AAPL,575,TFIDF_LR,2018-07,60,0.663003663003663,0.19566264521972462,0.37744067947213417,0.7333333333333333,0.7833333333333333,False,0.5807633826151435,0.8974358974358975,0.42857142857142855
AAPL,575,TFIDF_LR,2018-08,69,0.6372549019607843,0.19480903735091912,0.35791699479543954,0.782608695652174,0.8695652173913043,False,0.5792797436032513,0.9411764705882353,0.3333333333333333
AAPL,575,TFIDF_LR,2018-09,57,0.5818965517241379,0.24361995970914643,0.17370208344491278,0.5789473684210527,0.6666666666666666,False,0.680253687806701,0.75,0.41379310344827586
AAPL,575,TFIDF_LR,2018-10,69,0.6064102564102564,0.2405444942746996,0.21373587408921096,0.5942028985507246,0.5797101449275363,False,0.6742121544246295,0.7,0.5128205128205128
AAPL,575,TFIDF_LR,2018-11,60,0.5812013348164627,0.24316149853793417,0.16377472445172614,0.5833333333333334,0.5666666666666667,False,0.679884077754969,0.6451612903225806,0.5172413793103449
AAPL,575,TFIDF_LR,2018-12,53,0.6656346749226006,0.21837415797364576,0.3182354044837902,0.660377358490566,0.4716981132075472,False,0.6287054880862402,0.6842105263157895,0.6470588235294118
AAPL,575,TFIDF_LR,2019-01,63,0.6148648648648649,0.22503764216467362,0.2349150407716129,0.6349206349206349,0.6349206349206349,False,0.6415815815340651,0.7297297297297297,0.5
AAPL,575,TFIDF_LR,2019-02,2,,0.22678594225989332,,1.0,0.0,True,0.6466841465835649,,1.0
AAPL,575,TFIDF_SVM,2018-01,59,0.6429398148148149,0.22500240131963517,0.285220160170838,0.6440677966101694,0.5254237288135594,False,0.6422539236643091,0.65625,0.6296296296296297
AAPL,575,TFIDF_SVM,2018-02,57,0.7618750000000001,0.19234503422892815,0.5338554330309128,0.7719298245614035,0.6140350877192983,False,0.5720127638100612,0.84375,0.68
AAPL,575,TFIDF_SVM,2018-03,62,0.8385416666666667,0.1591451225333519,0.6770833333333334,0.8387096774193549,0.5161290322580645,False,0.5031729487466235,0.84375,0.8333333333333334
AAPL,575,TFIDF_SVM,2018-04,63,0.7162298387096775,0.20826113383957406,0.4452085864893791,0.7142857142857143,0.6190476190476191,False,0.6055256436663702,0.8387096774193549,0.59375
AAPL,575,TFIDF_SVM,2018-05,66,0.7404473438956198,0.2076550759652946,0.4793336992931299,0.7424242424242424,0.5454545454545454,False,0.6057964797976872,0.7567567567567568,0.7241379310344828
AAPL,575,TFIDF_SVM,2018-06,63,0.7731481481481481,0.19225510354091216,0.5462962962962963,0.7777777777777778,0.5714285714285714,False,0.5726763137642646,0.8055555555555556,0.7407407407407407
AAPL,575,TFIDF_SVM,2018-07,60,0.7802197802197802,0.17715872152372733,0.5604395604395604,0.8,0.65,False,0.5360960923232876,0.8461538461538461,0.7142857142857143
AAPL,575,TFIDF_SVM,2018-08,69,0.6356209150326797,0.17594525029878605,0.30458766869442816,0.7536231884057971,0.8115942028985508,False,0.5354606527171965,0.8823529411764706,0.3888888888888889
AAPL,575,TFIDF_SVM,2018-09,57,0.5098522167487685,0.2521778081312583,0.019851666679418605,0.5087719298245614,0.5614035087719298,False,0.6994164708247318,0.5714285714285714,0.4482758620689655
AAPL,575,TFIDF_SVM,2018-10,69,0.6153846153846154,0.24226547693005332,0.22940082851798974,0.6086956521739131,0.5362318840579711,False,0.6845748346841243,0.6666666666666666,0.5641025641025641
AAPL,575,TFIDF_SVM,2018-11,60,0.5661846496106786,0.24206966607134933,0.13236929922135707,0.5666666666666667,0.5166666666666667,False,0.678738719296869,0.5806451612903226,0.5517241379310345
AAPL,575,TFIDF_SVM,2018-12,53,0.7244582043343653,0.19819312713358267,0.44014634760770044,0.7358490566037735,0.39622641509433965,False,0.5860410467734833,0.6842105263157895,0.7647058823529411
AAPL,575,TFIDF_SVM,2019-01,63,0.6668399168399168,0.20625199583439383,0.33828253157063903,0.6825396825396826,0.6190476190476191,False,0.5988392156451735,0.7567567567567568,0.5769230769230769
AAPL,575,TFIDF_SVM,2019-02,2,,0.1644598900299239,,1.0,0.0,True,0.519623764175729,,1.0
AAPL,575,TFIDF_RF,2018-01,59,0.5144675925925926,0.24198211539377135,0.03842245383142279,0.5423728813559322,0.8305084745762712,False,0.6770645322185279,0.84375,0.18518518518518517
AAPL,575,TFIDF_RF,2018-02,57,0.6331249999999999,0.2195399674485608,0.3240691798572233,0.6666666666666666,0.7894736842105263,False,0.6313385320599482,0.90625,0.36
AAPL,575,TFIDF_RF,2018-03,62,0.6864583333333334,0.22079490700301801,0.41775022506835624,0.6935483870967742,0.7258064516129032,False,0.6334977528284387,0.90625,0.4666666666666667
AAPL,575,TFIDF_RF,2018-04,63,0.6401209677419355,0.23340777987186248,0.369054874121438,0.6349206349206349,0.8253968253968254,False,0.6593717294930351,0.967741935483871,0.3125
AAPL,575,TFIDF_RF,2018-05,66,0.451071761416589,0.25012850608130566,-0.11589340438420075,0.48484848484848486,0.7727272727272727,False,0.6933019276374122,0.7297297297297297,0.1724137931034483
AAPL,575,TFIDF_RF,2018-06,63,0.5648148148148148,0.23175351234959907,0.13608276348795434,0.5873015873015873,0.6666666666666666,False,0.655848932790246,0.7222222222222222,0.4074074074074074
AAPL,575,TFIDF_RF,2018-07,60,0.5915750915750916,0.20820482672221113,0.23440361546924773,0.6833333333333333,0.8333333333333334,False,0.60735464744237,0.8974358974358975,0.2857142857142857
AAPL,575,TFIDF_RF,2018-08,69,0.545751633986928,0.21004024603663238,0.19702682109634956,0.7536231884057971,0.9565217391304348,False,0.6121150028547692,0.9803921568627451,0.1111111111111111
AAPL,575,TFIDF_RF,2018-09,57,0.5110837438423645,0.2543428874009305,0.02297384003223846,0.5087719298245614,0.631578947368421,False,0.7020029979914687,0.6428571428571429,0.3793103448275862
AAPL,575,TFIDF_RF,2018-10,69,0.5846153846153845,0.2420204509192701,0.17453234216482186,0.5652173913043478,0.6376811594202898,False,0.677067331884293,0.7333333333333333,0.4358974358974359
AAPL,575,TFIDF_RF,2018-11,60,0.6779755283648499,0.2390723916668902,0.37733330450926256,0.6833333333333333,0.6666666666666666,False,0.6712899939867064,0.8387096774193549,0.5172413793103449
AAPL,575,TFIDF_RF,2018-12,53,0.6973684210526316,0.23580228609228987,0.39473684210526316,0.6415094339622641,0.6415094339622641,False,0.6645200245572445,0.8947368421052632,0.5
AAPL,575,TFIDF_RF,2019-01,63,0.6496881496881497,0.22577264907454478,0.32625895611447425,0.6825396825396826,0.7142857142857143,False,0.6440717905982958,0.8378378378378378,0.46153846153846156
AAPL,575,TFIDF_RF,2019-02,2,,0.23820521647186826,,1.0,0.0,True,0.6695478163605879,,1.0
AAPL,575,TFIDF_LR_PRICE_FALLBACK,2018-01,59,0.5445601851851851,0.23074500932437955,0.0950226324738544,0.559322033898305,0.6779661016949152,False,0.6539882382578772,0.71875,0.37037037037037035
AAPL,575,TFIDF_LR_PRICE_FALLBACK,2018-02,57,0.681875,0.21274398330077687,0.3883107729773363,0.7017543859649122,0.6842105263157895,False,0.616843057024197,0.84375,0.52
AAPL,575,TFIDF_LR_PRICE_FALLBACK,2018-03,62,0.7375,0.19941292326553764,0.49612131947373883,0.7419354838709677,0.6451612903225806,False,0.5901983007057019,0.875,0.6
AAPL,575,TFIDF_LR_PRICE_FALLBACK,2018-04,63,0.685483870967742,0.22432336175365244,0.39842149154034134,0.6825396825396826,0.6825396825396826,False,0.6410227269110668,0.8709677419354839,0.5
AAPL,575,TFIDF_LR_PRICE_FALLBACK,2018-05,66,0.6640260950605779,0.22487633942817536,0.34538631342107645,0.6818181818181818,0.6666666666666666,False,0.6420745564810063,0.8108108108108109,0.5172413793103449
AAPL,575,TFIDF_LR_PRICE_FALLBACK,2018-06,63,0.6435185185185185,0.21773745480484993,0.30515595199628615,0.6666666666666666,0.6825396825396826,False,0.6275690251744579,0.8055555555555556,0.48148148148148145
AAPL,575,TFIDF_LR_PRICE_FALLBACK,2018-07,60,0.663003663003663,0.19566264521972462,0.37744067947213417,0.7333333333333333,0.7833333333333333,False,0.5807633826151435,0.8974358974358975,0.42857142857142855
AAPL,575,TFIDF_LR_PRICE_FALLBACK,2018-08,69,0.6372549019607843,0.19355790200203962,0.35791699479543954,0.782608695652174,0.8695652173913043,False,0.5766526647759393,0.9411764705882353,0.3333333333333333
AAPL,575,TFIDF_LR_PRICE_FALLBACK,2018-09,57,0.5818965517241379,0.24110127812040788,0.17370208344491278,0.5789473684210527,0.6666666666666666,False,0.6746307910572561,0.75,0.41379310344827586
AAPL,575,TFIDF_LR_PRICE_FALLBACK,2018-10,69,0.5897435897435896,0.24319581771846754,0.1794871794871795,0.5797101449275363,0.5652173913043478,False,0.6795988059401641,0.6666666666666666,0.5128205128205128
AAPL,575,TFIDF_LR_PRICE_FALLBACK,2018-11,60,0.5812013348164627,0.24316149853793417,0.16377472445172614,0.5833333333333334,0.5666666666666667,False,0.679884077754969,0.6451612903225806,0.5172413793103449
AAPL,575,TFIDF_LR_PRICE_FALLBACK,2018-12,53,0.6656346749226006,0.21837415797364576,0.3182354044837902,0.660377358490566,0.4716981132075472,False,0.6287054880862402,0.6842105263157895,0.6470588235294118
AAPL,575,TFIDF_LR_PRICE_FALLBACK,2019-01,63,0.6148648648648649,0.22503764216467362,0.2349150407716129,0.6349206349206349,0.6349206349206349,False,0.6415815815340651,0.7297297297297297,0.5
AAPL,575,TFIDF_LR_PRICE_FALLBACK,2019-02,2,,0.22678594225989332,,1.0,0.0,True,0.6466841465835649,,1.0
AAPL,575,TFIDF_SVM_PRICE_FALLBACK,2018-01,59,0.6429398148148149,0.22500240131963517,0.285220160170838,0.6440677966101694,0.5254237288135594,False,0.6422539236643091,0.65625,0.6296296296296297
AAPL,575,TFIDF_SVM_PRICE_FALLBACK,2018-02,57,0.7618750000000001,0.19234503422892815,0.5338554330309128,0.7719298245614035,0.6140350877192983,False,0.5720127638100612,0.84375,0.68
AAPL,575,TFIDF_SVM_PRICE_FALLBACK,2018-03,62,0.8385416666666667,0.1591451225333519,0.6770833333333334,0.8387096774193549,0.5161290322580645,False,0.5031729487466235,0.84375,0.8333333333333334
AAPL,575,TFIDF_SVM_PRICE_FALLBACK,2018-04,63,0.7318548387096775,0.20599915006026398,0.4738492449724393,0.7301587301587301,0.6031746031746031,False,0.6010867197943661,0.8387096774193549,0.625
AAPL,575,TFIDF_SVM_PRICE_FALLBACK,2018-05,66,0.7404473438956198,0.2076550759652946,0.4793336992931299,0.7424242424242424,0.5454545454545454,False,0.6057964797976872,0.7567567567567568,0.7241379310344828
AAPL,575,TFIDF_SVM_PRICE_FALLBACK,2018-06,63,0.7731481481481481,0.19225510354091216,0.5462962962962963,0.7777777777777778,0.5714285714285714,False,0.5726763137642646,0.8055555555555556,0.7407407407407407
AAPL,575,TFIDF_SVM_PRICE_FALLBACK,2018-07,60,0.7802197802197802,0.17715872152372733,0.5604395604395604,0.8,0.65,False,0.5360960923232876,0.8461538461538461,0.7142857142857143
AAPL,575,TFIDF_SVM_PRICE_FALLBACK,2018-08,69,0.6454248366013072,0.1739607103823806,0.3369472140646555,0.7681159420289855,0.8260869565217391,False,0.5313619510418135,0.9019607843137255,0.3888888888888889
AAPL,575,TFIDF_SVM_PRICE_FALLBACK,2018-09,57,0.5277093596059113,0.24877132101340937,0.05611408793082274,0.5263157894736842,0.5789473684210527,False,0.6920121358907799,0.6071428571428571,0.4482758620689655
AAPL,575,TFIDF_SVM_PRICE_FALLBACK,2018-10,69,0.5987179487179487,0.24455735349676994,0.19593446197724734,0.5942028985507246,0.5217391304347826,False,0.6892378957566299,0.6333333333333333,0.5641025641025641
AAPL,575,TFIDF_SVM_PRICE_FALLBACK,2018-11,60,0.5661846496106786,0.24206966607134933,0.13236929922135707,0.5666666666666667,0.5166666666666667,False,0.678738719296869,0.5806451612903226,0.5517241379310345
AAPL,575,TFIDF_SVM_PRICE_FALLBACK,2018-12,53,0.7244582043343653,0.19819312713358267,0.44014634760770044,0.7358490566037735,0.39622641509433965,False,0.5860410467734833,0.6842105263157895,0.7647058823529411
AAPL,575,TFIDF_SVM_PRICE_FALLBACK,2019-01,63,0.6668399168399168,0.20625199583439383,0.33828253157063903,0.6825396825396826,0.6190476190476191,False,0.5988392156451735,0.7567567567567568,0.5769230769230769
AAPL,575,TFIDF_SVM_PRICE_FALLBACK,2019-02,2,,0.1644598900299239,,1.0,0.0,True,0.519623764175729,,1.0
AAPL,575,TFIDF_RF_PRICE_FALLBACK,2018-01,59,0.5144675925925926,0.24198211539377135,0.03842245383142279,0.5423728813559322,0.8305084745762712,False,0.6770645322185279,0.84375,0.18518518518518517
AAPL,575,TFIDF_RF_PRICE_FALLBACK,2018-02,57,0.6331249999999999,0.2195399674485608,0.3240691798572233,0.6666666666666666,0.7894736842105263,False,0.6313385320599482,0.90625,0.36
AAPL,575,TFIDF_RF_PRICE_FALLBACK,2018-03,62,0.6864583333333334,0.22079490700301801,0.41775022506835624,0.6935483870967742,0.7258064516129032,False,0.6334977528284387,0.90625,0.4666666666666667
AAPL,575,TFIDF_RF_PRICE_FALLBACK,2018-04,63,0.6557459677419355,0.23345774644028539,0.3965764604641927,0.6507936507936508,0.8095238095238095,False,0.6598901192076628,0.967741935483871,0.34375
AAPL,575,TFIDF_RF_PRICE_FALLBACK,2018-05,66,0.451071761416589,0.25012850608130566,-0.11589340438420075,0.48484848484848486,0.7727272727272727,False,0.6933019276374122,0.7297297297297297,0.1724137931034483
AAPL,575,TFIDF_RF_PRICE_FALLBACK,2018-06,63,0.5648148148148148,0.23175351234959907,0.13608276348795434,0.5873015873015873,0.6666666666666666,False,0.655848932790246,0.7222222222222222,0.4074074074074074
AAPL,575,TFIDF_RF_PRICE_FALLBACK,2018-07,60,0.5915750915750916,0.20820482672221113,0.23440361546924773,0.6833333333333333,0.8333333333333334,False,0.60735464744237,0.8974358974358975,0.2857142857142857
AAPL,575,TFIDF_RF_PRICE_FALLBACK,2018-08,69,0.545751633986928,0.20846984105608096,0.19702682109634956,0.7536231884057971,0.9565217391304348,False,0.6088453248177462,0.9803921568627451,0.1111111111111111
AAPL,575,TFIDF_RF_PRICE_FALLBACK,2018-09,57,0.5110837438423645,0.2514377215212207,0.02297384003223846,0.5087719298245614,0.631578947368421,False,0.695602217988163,0.6428571428571429,0.3793103448275862
AAPL,575,TFIDF_RF_PRICE_FALLBACK,2018-10,69,0.5679487179487179,0.24455184746889952,0.13902192304590422,0.5507246376811594,0.6231884057971014,False,0.6822118435116589,0.7,0.4358974358974359
AAPL,575,TFIDF_RF_PRICE_FALLBACK,2018-11,60,0.6779755283648499,0.2390723916668902,0.37733330450926256,0.6833333333333333,0.6666666666666666,False,0.6712899939867064,0.8387096774193549,0.5172413793103449
AAPL,575,TFIDF_RF_PRICE_FALLBACK,2018-12,53,0.6973684210526316,0.23580228609228987,0.39473684210526316,0.6415094339622641,0.6415094339622641,False,0.6645200245572445,0.8947368421052632,0.5
AAPL,575,TFIDF_RF_PRICE_FALLBACK,2019-01,63,0.6496881496881497,0.22577264907454478,0.32625895611447425,0.6825396825396826,0.7142857142857143,False,0.6440717905982958,0.8378378378378378,0.46153846153846156
AAPL,575,TFIDF_RF_PRICE_FALLBACK,2019-02,2,,0.23820521647186826,,1.0,0.0,True,0.6695478163605879,,1.0
AAPL,575,A1,2018-01,59,0.5758101851851851,0.23191907780377963,0.16678819876485512,0.5932203389830508,0.711864406779661,False,0.6565229924168162,0.78125,0.37037037037037035
AAPL,575,A1,2018-02,57,0.621875,0.22371775281314268,0.2746751327867679,0.6491228070175439,0.7368421052631579,False,0.6397407205284187,0.84375,0.4
AAPL,575,A1,2018-03,62,0.7041666666666666,0.21988403347594943,0.43652669512362646,0.7096774193548387,0.6774193548387096,False,0.6321272351971817,0.875,0.5333333333333333
AAPL,575,A1,2018-04,63,0.7016129032258065,0.23348089846967,0.4392391237943008,0.6984126984126984,0.6984126984126984,False,0.6597266852864043,0.9032258064516129,0.5
AAPL,575,A1,2018-05,66,0.5298229263746506,0.23518407011541317,0.0690772626842153,0.5606060606060606,0.7575757575757576,False,0.662811068359361,0.7837837837837838,0.27586206896551724
AAPL,575,A1,2018-06,63,0.49537037037037035,0.23882888337964667,-0.011669000700233415,0.5396825396825397,0.8095238095238095,False,0.6703771462267218,0.8055555555555556,0.18518518518518517
AAPL,575,A1,2018-07,60,0.652014652014652,0.19838181981478095,0.3747684423071726,0.7333333333333333,0.8166666666666667,False,0.5865835760780967,0.9230769230769231,0.38095238095238093
AAPL,575,A1,2018-08,69,0.619281045751634,0.19460008224753356,0.34695880191833667,0.782608695652174,0.8985507246376812,False,0.5787593217360438,0.9607843137254902,0.2777777777777778
AAPL,575,A1,2018-09,57,0.5295566502463054,0.23979454683857357,0.06357621470658532,0.5263157894736842,0.6842105263157895,False,0.6718173680246587,0.7142857142857143,0.3448275862068966
AAPL,575,A1,2018-10,69,0.5474358974358975,0.24524672917952064,0.09527984748555188,0.5362318840579711,0.5797101449275363,False,0.6834306210206798,0.6333333333333333,0.46153846153846156
AAPL,575,A1,2018-11,60,0.5328142380422691,0.24719635498184317,0.06562847608453838,0.5333333333333333,0.5166666666666667,False,0.687893650866096,0.5483870967741935,0.5172413793103449
AAPL,575,A1,2018-12,53,0.7128482972136223,0.21519742216283766,0.42569659442724456,0.7358490566037735,0.3584905660377358,False,0.6225499610959164,0.631578947368421,0.7941176470588235
AAPL,575,A1,2019-01,63,0.5031185031185031,0.24736585940907388,0.0063230379732829725,0.5238095238095238,0.6190476190476191,False,0.6871962032559311,0.6216216216216216,0.38461538461538464
AAPL,575,A1,2019-02,2,,0.20685724326049781,,1.0,0.0,True,0.6064629466472005,,1.0
AAPL,575,A2,2018-01,59,0.6383101851851851,0.22936679623195547,0.332499072140226,0.6610169491525424,0.7796610169491526,False,0.6513826714073385,0.90625,0.37037037037037035
AAPL,575,A2,2018-02,57,0.673125,0.22632868813222887,0.3991503642601827,0.7017543859649122,0.7543859649122807,False,0.6451550220441239,0.90625,0.44
AAPL,575,A2,2018-03,62,0.6020833333333333,0.23555479956297667,0.277407873365426,0.6129032258064516,0.8387096774193549,False,0.6640136099673128,0.9375,0.26666666666666666
AAPL,575,A2,2018-04,63,0.623991935483871,0.23990719550532486,0.3157210656122699,0.6190476190476191,0.8095238095238095,False,0.6729368244055566,0.9354838709677419,0.3125
AAPL,575,A2,2018-05,66,0.5088536812674744,0.2440934661347753,0.02209755019173144,0.5454545454545454,0.803030303030303,False,0.6810239579713637,0.8108108108108109,0.20689655172413793
AAPL,575,A2,2018-06,63,0.4629629629629629,0.24807871515088448,-0.13561270072416207,0.5238095238095238,0.9206349206349206,False,0.6892616809658577,0.8888888888888888,0.037037037037037035
AAPL,575,A2,2018-07,60,0.641025641025641,0.20491769089216844,0.37675904400756577,0.7333333333333333,0.85,False,0.6003027062577109,0.9487179487179487,0.3333333333333333
AAPL,575,A2,2018-08,69,0.6094771241830066,0.19703669354927394,0.3003065507601256,0.7681159420289855,0.8840579710144928,False,0.5833108046860286,0.9411764705882353,0.2777777777777778
AAPL,575,A2,2018-09,57,0.562192118226601,0.23615479769468448,0.1248463466632208,0.5614035087719298,0.543859649122807,False,0.6645422000386142,0.6071428571428571,0.5172413793103449
AAPL,575,A2,2018-10,69,0.5217948717948717,0.2518645423742328,0.04427623847752457,0.5072463768115942,0.6086956521739131,False,0.6968697179831849,0.6333333333333333,0.41025641025641024
AAPL,575,A2,2018-11,60,0.6017797552836485,0.24807624843497483,0.20447131584993636,0.6,0.45,False,0.6893492714256334,0.5483870967741935,0.6551724137931034
AAPL,575,A2,2018-12,53,0.7306501547987616,0.21549874256743978,0.4910916809036172,0.7735849056603774,0.2830188679245283,False,0.6230621210835726,0.5789473684210527,0.8823529411764706
AAPL,575,A2,2019-01,63,0.4703742203742204,0.2607264710428324,-0.06006886074618824,0.49206349206349204,0.6190476190476191,False,0.7150940163482192,0.5945945945945946,0.34615384615384615
AAPL,575,A2,2019-02,2,,0.22343067753315515,,0.5,0.5,False,0.6397735223395333,,0.5
AAPL,575,A3,2018-01,59,0.6001157407407407,0.21502221925800555,0.20628945545116803,0.6101694915254238,0.6271186440677966,False,0.6214597994819268,0.71875,0.48148148148148145
AAPL,575,A3,2018-02,57,0.675,0.2102702555939758,0.35400521619692155,0.6842105263157895,0.5964912280701754,False,0.6117503777335956,0.75,0.6
AAPL,575,A3,2018-03,62,0.721875,0.20091511334262238,0.45906878259928613,0.7258064516129032,0.6290322580645161,False,0.5927545439274522,0.84375,0.6
AAPL,575,A3,2018-04,63,0.6370967741935484,0.23014070187041918,0.2847207731332163,0.6349206349206349,0.6349206349206349,False,0.6521536305314801,0.7741935483870968,0.5
AAPL,575,A3,2018-05,66,0.5237651444547997,0.23753079142376923,0.05064707990652312,0.5454545454545454,0.6818181818181818,False,0.666884700777735,0.7027027027027027,0.3448275862068966
AAPL,575,A3,2018-06,63,0.5694444444444444,0.23351463796570585,0.1579034851999723,0.6031746031746031,0.746031746031746,False,0.6591209491793631,0.8055555555555556,0.3333333333333333
AAPL,575,A3,2018-07,60,0.6611721611721612,0.18362799122824258,0.3476767476825577,0.7166666666666667,0.7333333333333333,False,0.5518277757964672,0.8461538461538461,0.47619047619047616
AAPL,575,A3,2018-08,69,0.6552287581699346,0.17716772588952803,0.3724030078367606,0.782608695652174,0.8405797101449275,False,0.5363669499644935,0.9215686274509803,0.3888888888888889
AAPL,575,A3,2018-09,57,0.4735221674876847,0.24292212337450111,-0.05295566502463054,0.47368421052631576,0.49122807017543857,False,0.6777588990682294,0.4642857142857143,0.4827586206896552
AAPL,575,A3,2018-10,69,0.5564102564102564,0.24528967185187017,0.11215151616435054,0.5507246376811594,0.5362318840579711,False,0.6842313652731595,0.6,0.5128205128205128
AAPL,575,A3,2018-11,60,0.5650723025583982,0.24724222388831765,0.13072756259258225,0.5666666666666667,0.55,False,0.6877930345998075,0.6129032258064516,0.5172413793103449
AAPL,575,A3,2018-12,53,0.7569659442724458,0.202754399769318,0.5368599064154371,0.7924528301886793,0.3018867924528302,False,0.5962966351665494,0.631578947368421,0.8823529411764706
AAPL,575,A3,2019-01,63,0.4974012474012474,0.25247772668003876,-0.005367588324448934,0.5238095238095238,0.6507936507936508,False,0.6987765311247197,0.6486486486486487,0.34615384615384615
AAPL,575,A3,2019-02,2,,0.18632580549533712,,1.0,0.0,True,0.5631832643642842,,1.0
AAPL,575,B1,2018-01,59,0.6799768518518519,0.2357122675727041,0.35871033659046014,0.6779661016949152,0.4915254237288136,False,0.7426731946436982,0.65625,0.7037037037037037
AAPL,575,B1,2018-02,57,0.721875,0.19358850804141137,0.46138927985765726,0.7368421052631579,0.6491228070175439,False,0.6459286584526222,0.84375,0.6
AAPL,575,B1,2018-03,62,0.7729166666666667,0.16548985477965192,0.5481219527349985,0.7741935483870968,0.5483870967741935,False,0.5231333106172692,0.8125,0.7333333333333333
AAPL,575,B1,2018-04,63,0.7474798387096775,0.19823434104153517,0.5026180952786744,0.746031746031746,0.5873015873015873,False,0.6319662306109876,0.8387096774193549,0.65625
AAPL,575,B1,2018-05,66,0.7022367194780987,0.20218578198717815,0.4108404525001975,0.7121212121212122,0.6060606060606061,False,0.6604582254567585,0.7837837837837838,0.6206896551724138
AAPL,575,B1,2018-06,63,0.7083333333333333,0.21225953953386376,0.4166666666666667,0.7142857142857143,0.5714285714285714,False,0.6845208760349403,0.75,0.6666666666666666
AAPL,575,B1,2018-07,60,0.6373626373626373,0.23344080215741508,0.30261376633440124,0.7,0.75,False,0.6641831448455188,0.8461538461538461,0.42857142857142855
AAPL,575,B1,2018-08,69,0.47549019607843135,0.225197940268764,-0.05352366090381881,0.6231884057971014,0.7971014492753623,False,0.6566620881998847,0.7843137254901961,0.16666666666666666
AAPL,575,B1,2018-09,57,0.5443349753694582,0.2635951244426178,0.08877935232369505,0.543859649122807,0.5263157894736842,False,0.7960802387688873,0.5714285714285714,0.5172413793103449
AAPL,575,B1,2018-10,69,0.5948717948717949,0.27575433762901996,0.18814234938694094,0.5942028985507246,0.4927536231884058,False,0.8798555547644167,0.6,0.5897435897435898
AAPL,575,B1,2018-11,60,0.6835372636262513,0.2686691140442404,0.3668705402807885,0.6833333333333333,0.5,False,0.9030897002857435,0.6774193548387096,0.6896551724137931
AAPL,575,B1,2018-12,53,0.6749226006191951,0.22748873117268323,0.36545282786111083,0.7169811320754716,0.3018867924528302,False,0.7474331750156761,0.5263157894736842,0.8235294117647058
AAPL,575,B1,2019-01,63,0.5935550935550935,0.2488212462295029,0.186145197762485,0.6031746031746031,0.5714285714285714,False,0.7903390097938886,0.6486486486486487,0.5384615384615384
AAPL,575,B1,2019-02,2,,0.09690615307188684,,1.0,0.0,True,0.33101985203152584,,1.0
AAPL,575,B2,2018-01,59,0.6956018518518519,0.2479959439461083,0.38985239153561263,0.6949152542372882,0.5084745762711864,False,0.7887203549518427,0.6875,0.7037037037037037
AAPL,575,B2,2018-02,57,0.7306250000000001,0.2225228866712003,0.4635736922883116,0.7368421052631579,0.5789473684210527,False,0.7878969475182273,0.78125,0.68
AAPL,575,B2,2018-03,62,0.80625,0.15076400400417636,0.6125,0.8064516129032258,0.5161290322580645,False,0.47171962131131584,0.8125,0.8
AAPL,575,B2,2018-04,63,0.7001008064516129,0.21347765123155868,0.40895250055230087,0.6984126984126984,0.6031746031746031,False,0.6455178574227627,0.8064516129032258,0.59375
AAPL,575,B2,2018-05,66,0.6481826654240448,0.21797646732002188,0.2954033263085568,0.6515151515151515,0.5454545454545454,False,0.6975141946089934,0.6756756756756757,0.6206896551724138
AAPL,575,B2,2018-06,63,0.7407407407407407,0.21737285974862408,0.48148148148148145,0.746031746031746,0.5714285714285714,False,0.7182088822913798,0.7777777777777778,0.7037037037037037
AAPL,575,B2,2018-07,60,0.6483516483516483,0.22301887430191109,0.3140549436949456,0.7,0.7166666666666667,False,0.7160966465884158,0.8205128205128205,0.47619047619047616
AAPL,575,B2,2018-08,69,0.5490196078431372,0.23178025634892138,0.09803921568627451,0.6521739130434783,0.7391304347826086,False,0.7493790124475674,0.7647058823529411,0.3333333333333333
AAPL,575,B2,2018-09,57,0.5966748768472906,0.26798900902420447,0.1933497536945813,0.5964912280701754,0.5087719298245614,False,0.8287319637255542,0.6071428571428571,0.5862068965517241
AAPL,575,B2,2018-10,69,0.5153846153846153,0.30687407238089204,0.03066457321849739,0.5217391304347826,0.4492753623188406,False,0.9886246423015969,0.4666666666666667,0.5641025641025641
AAPL,575,B2,2018-11,60,0.5995550611790879,0.24745386783061465,0.19911012235817574,0.6,0.5166666666666667,False,0.8018284468616622,0.6129032258064516,0.5862068965517241
AAPL,575,B2,2018-12,53,0.6308049535603715,0.23384782528734202,0.26160990712074306,0.660377358490566,0.3584905660377358,False,0.7800051030139402,0.5263157894736842,0.7352941176470589
AAPL,575,B2,2019-01,63,0.5992723492723493,0.2556312573383712,0.1961134472718516,0.6031746031746031,0.5396825396825397,False,0.8338320917117045,0.6216216216216216,0.5769230769230769
AAPL,575,B2,2019-02,2,,0.02672548844960375,,1.0,0.0,True,0.16838464031117228,,1.0
AAPL,575,FULL_SHRINK,2018-01,59,0.6770833333333333,0.21857945666891035,0.35334967211447943,0.6779661016949152,0.5254237288135594,False,0.6304318712439372,0.6875,0.6666666666666666
AAPL,575,FULL_SHRINK,2018-02,57,0.7731250000000001,0.19333528756289017,0.575,0.7894736842105263,0.6666666666666666,False,0.5779139958999896,0.90625,0.64
AAPL,575,FULL_SHRINK,2018-03,62,0.7729166666666667,0.1777399006229017,0.5481219527349985,0.7741935483870968,0.5483870967741935,False,0.5416911276476819,0.8125,0.7333333333333333
AAPL,575,FULL_SHRINK,2018-04,63,0.7313508064516129,0.20153294306199346,0.4674376791305636,0.7301587301587301,0.5714285714285714,False,0.5925415272787398,0.8064516129032258,0.65625
AAPL,575,FULL_SHRINK,2018-05,66,0.6887232059645854,0.20587346410342822,0.3810140376624394,0.696969696969697,0.5909090909090909,False,0.5989962491888121,0.7567567567567568,0.6206896551724138
AAPL,575,FULL_SHRINK,2018-06,63,0.7407407407407407,0.2064983143301611,0.48148148148148145,0.746031746031746,0.5714285714285714,False,0.6067602363729971,0.7777777777777778,0.7037037037037037
AAPL,575,FULL_SHRINK,2018-07,60,0.6263736263736264,0.22060249726809528,0.29262254925367703,0.7,0.7833333333333333,False,0.632428736403884,0.8717948717948718,0.38095238095238093
AAPL,575,FULL_SHRINK,2018-08,69,0.49346405228758167,0.22187000720156055,-0.013600722489568479,0.6231884057971014,0.7681159420289855,False,0.6348822240233979,0.7647058823529411,0.2222222222222222
AAPL,575,FULL_SHRINK,2018-09,57,0.6323891625615763,0.22939642408716396,0.265762025075173,0.631578947368421,0.543859649122807,False,0.6521561505609335,0.6785714285714286,0.5862068965517241
AAPL,575,FULL_SHRINK,2018-10,69,0.6153846153846154,0.25448711662630624,0.22940082851798974,0.6086956521739131,0.5362318840579711,False,0.7055176824429085,0.6666666666666666,0.5641025641025641
AAPL,575,FULL_SHRINK,2018-11,60,0.6501668520578421,0.23451267656820624,0.30016680568428156,0.65,0.5,False,0.664021010897988,0.6451612903225806,0.6551724137931034
AAPL,575,FULL_SHRINK,2018-12,53,0.6718266253869969,0.208565478388264,0.34365325077399383,0.6981132075471698,0.3584905660377358,False,0.6076561291774311,0.5789473684210527,0.7647058823529411
AAPL,575,FULL_SHRINK,2019-01,63,0.5935550935550935,0.2261644615674852,0.186145197762485,0.6031746031746031,0.5714285714285714,False,0.6437682054725402,0.6486486486486487,0.5384615384615384
AAPL,575,FULL_SHRINK,2019-02,2,,0.15640008354297277,,1.0,0.0,True,0.4974253316176461,,1.0
AAPL,575,TITLE_FINBERT_FUSION,2018-01,59,0.6927083333333333,0.22820348539985713,0.3854166666666667,0.6949152542372882,0.5423728813559322,False,0.6721140344144408,0.71875,0.6666666666666666
AAPL,575,TITLE_FINBERT_FUSION,2018-02,57,0.7575000000000001,0.20120963643546597,0.5354715022573374,0.7719298245614035,0.6491228070175439,False,0.5977099667427884,0.875,0.64
AAPL,575,TITLE_FINBERT_FUSION,2018-03,62,0.75625,0.17591060421003665,0.5165514464459439,0.7580645161290323,0.5645161290322581,False,0.5226684797919533,0.8125,0.7
AAPL,575,TITLE_FINBERT_FUSION,2018-04,63,0.7157258064516129,0.1914828278457971,0.4381273824425104,0.7142857142857143,0.5873015873015873,False,0.5632508155844728,0.8064516129032258,0.625
AAPL,575,TITLE_FINBERT_FUSION,2018-05,66,0.684995340167754,0.22188737295253766,0.37855476143881317,0.696969696969697,0.6212121212121212,False,0.7190635563212308,0.7837837837837838,0.5862068965517241
AAPL,575,TITLE_FINBERT_FUSION,2018-06,63,0.7083333333333333,0.2075880411112251,0.4166666666666667,0.7142857142857143,0.5714285714285714,False,0.6418700398207734,0.75,0.6666666666666666
AAPL,575,TITLE_FINBERT_FUSION,2018-07,60,0.6263736263736264,0.202210119318619,0.29262254925367703,0.7,0.7833333333333333,False,0.591210622695904,0.8717948717948718,0.38095238095238093
AAPL,575,TITLE_FINBERT_FUSION,2018-08,69,0.511437908496732,0.2247591734404834,0.02287581699346405,0.6231884057971014,0.7391304347826086,False,0.6584638930532375,0.7450980392156863,0.2777777777777778
AAPL,575,TITLE_FINBERT_FUSION,2018-09,57,0.6157635467980296,0.24555363975203046,0.2359263550512071,0.6140350877192983,0.5964912280701754,False,0.7414760056860897,0.7142857142857143,0.5172413793103449
AAPL,575,TITLE_FINBERT_FUSION,2018-10,69,0.5435897435897435,0.27170915086925695,0.08688295745240927,0.5362318840579711,0.5507246376811594,False,0.8574804229326666,0.6,0.48717948717948717
AAPL,575,TITLE_FINBERT_FUSION,2018-11,60,0.6340378197997776,0.24694181584862904,0.26807563959955505,0.6333333333333333,0.48333333333333334,False,0.7100182264685433,0.6129032258064516,0.6551724137931034
AAPL,575,TITLE_FINBERT_FUSION,2018-12,53,0.6044891640866873,0.24032873395595852,0.21161538300148688,0.6415094339622641,0.33962264150943394,False,0.77325555102129,0.47368421052631576,0.7352941176470589
AAPL,575,TITLE_FINBERT_FUSION,2019-01,63,0.58004158004158,0.23639759013641085,0.15860619520032992,0.5873015873015873,0.5555555555555556,False,0.7391697004524238,0.6216216216216216,0.5384615384615384
AAPL,575,TITLE_FINBERT_FUSION,2019-02,2,,0.15828026324309563,,1.0,0.0,True,0.5051313113151599,,1.0
AAPL,575,TITLE_MODERN_FUSION,2018-01,59,0.6585648148148149,0.2267299628899724,0.31712962962962965,0.6610169491525424,0.5423728813559322,False,0.6533088447565968,0.6875,0.6296296296296297
AAPL,575,TITLE_MODERN_FUSION,2018-02,57,0.753125,0.18864980102899406,0.540432519092169,0.7719298245614035,0.6842105263157895,False,0.5712428293891977,0.90625,0.6
AAPL,575,TITLE_MODERN_FUSION,2018-03,62,0.75625,0.1783497507688956,0.5165514464459439,0.7580645161290323,0.5645161290322581,False,0.5569644225773992,0.8125,0.7
AAPL,575,TITLE_MODERN_FUSION,2018-04,63,0.7318548387096775,0.19297189958752006,0.4738492449724393,0.7301587301587301,0.6031746031746031,False,0.6117591810823428,0.8387096774193549,0.625
AAPL,575,TITLE_MODERN_FUSION,2018-05,66,0.6887232059645854,0.18911638147124507,0.3810140376624394,0.696969696969697,0.5909090909090909,False,0.5417734717850577,0.7567567567567568,0.6206896551724138
AAPL,575,TITLE_MODERN_FUSION,2018-06,63,0.7407407407407407,0.20060451009482416,0.48148148148148145,0.746031746031746,0.5714285714285714,False,0.5993217273864976,0.7777777777777778,0.7037037037037037
AAPL,575,TITLE_MODERN_FUSION,2018-07,60,0.6501831501831502,0.21567708564930008,0.3387273172945121,0.7166666666666667,0.7666666666666667,False,0.626297039051314,0.8717948717948718,0.42857142857142855
AAPL,575,TITLE_MODERN_FUSION,2018-08,69,0.511437908496732,0.22298870048163358,0.02287581699346405,0.6231884057971014,0.7391304347826086,False,0.6303468789015718,0.7450980392156863,0.2777777777777778
AAPL,575,TITLE_MODERN_FUSION,2018-09,57,0.6323891625615763,0.2283035411917963,0.265762025075173,0.631578947368421,0.543859649122807,False,0.6777359832110191,0.6785714285714286,0.5862068965517241
AAPL,575,TITLE_MODERN_FUSION,2018-10,69,0.6192307692307693,0.2579992850984733,0.23846153846153847,0.6086956521739131,0.5652173913043478,False,0.7207600776382633,0.7,0.5384615384615384
AAPL,575,TITLE_MODERN_FUSION,2018-11,60,0.6501668520578421,0.25403757509371133,0.30016680568428156,0.65,0.5,False,0.7384977285678558,0.6451612903225806,0.6551724137931034
AAPL,575,TITLE_MODERN_FUSION,2018-12,53,0.6308049535603715,0.21576315504365667,0.26160990712074306,0.660377358490566,0.3584905660377358,False,0.6259840432285179,0.5263157894736842,0.7352941176470589
AAPL,575,TITLE_MODERN_FUSION,2019-01,63,0.5935550935550935,0.22671697970802043,0.186145197762485,0.6031746031746031,0.5714285714285714,False,0.6417648810463478,0.6486486486486487,0.5384615384615384
AAPL,575,TITLE_MODERN_FUSION,2019-02,2,,0.1362712577007061,,1.0,0.0,True,0.4601027165233247,,1.0
AAPL,575,PARAGRAPH_FINBERT_FUSION,2018-01,59,0.6770833333333333,0.2310948351116982,0.35334967211447943,0.6779661016949152,0.5254237288135594,False,0.7224523998101732,0.6875,0.6666666666666666
AAPL,575,PARAGRAPH_FINBERT_FUSION,2018-02,57,0.7731250000000001,0.18949681705084875,0.575,0.7894736842105263,0.6666666666666666,False,0.582730319898147,0.90625,0.64
AAPL,575,PARAGRAPH_FINBERT_FUSION,2018-03,62,0.75625,0.16127950078898715,0.5165514464459439,0.7580645161290323,0.5645161290322581,False,0.4843443018199755,0.8125,0.7
AAPL,575,PARAGRAPH_FINBERT_FUSION,2018-04,63,0.7313508064516129,0.19192404631408386,0.4674376791305636,0.7301587301587301,0.5714285714285714,False,0.5812827523488182,0.8064516129032258,0.65625
AAPL,575,PARAGRAPH_FINBERT_FUSION,2018-05,66,0.6887232059645854,0.2089524073729392,0.3810140376624394,0.696969696969697,0.5909090909090909,False,0.6601645227486537,0.7567567567567568,0.6206896551724138
AAPL,575,PARAGRAPH_FINBERT_FUSION,2018-06,63,0.7407407407407407,0.20268965998882943,0.48148148148148145,0.746031746031746,0.5714285714285714,False,0.6363318273960414,0.7777777777777778,0.7037037037037037
AAPL,575,PARAGRAPH_FINBERT_FUSION,2018-07,60,0.6391941391941391,0.21541498520026717,0.33195686496194077,0.7166666666666667,0.8,False,0.6182483707940639,0.8974358974358975,0.38095238095238093
AAPL,575,PARAGRAPH_FINBERT_FUSION,2018-08,69,0.5212418300653594,0.22788221899231198,0.043292945423175716,0.6376811594202898,0.7536231884057971,False,0.6551431699012957,0.7647058823529411,0.2777777777777778
AAPL,575,PARAGRAPH_FINBERT_FUSION,2018-09,57,0.6330049261083743,0.23823033135593902,0.26934762206794916,0.631578947368421,0.5789473684210527,False,0.710092968181554,0.7142857142857143,0.5517241379310345
AAPL,575,PARAGRAPH_FINBERT_FUSION,2018-10,69,0.6153846153846154,0.263036189305892,0.22940082851798974,0.6086956521739131,0.5362318840579711,False,0.7910243505525227,0.6666666666666666,0.5641025641025641
AAPL,575,PARAGRAPH_FINBERT_FUSION,2018-11,60,0.6501668520578421,0.2645139481233458,0.30016680568428156,0.65,0.5,False,0.8581413507645037,0.6451612903225806,0.6551724137931034
AAPL,575,PARAGRAPH_FINBERT_FUSION,2018-12,53,0.6718266253869969,0.21737424053385235,0.34365325077399383,0.6981132075471698,0.3584905660377358,False,0.6567235100697293,0.5789473684210527,0.7647058823529411
AAPL,575,PARAGRAPH_FINBERT_FUSION,2019-01,63,0.5935550935550935,0.23398202615752087,0.186145197762485,0.6031746031746031,0.5714285714285714,False,0.6678699552193006,0.6486486486486487,0.5384615384615384
AAPL,575,PARAGRAPH_FINBERT_FUSION,2019-02,2,,0.08209865830093492,,1.0,0.0,True,0.3004439297196984,,1.0
AAPL,575,PARAGRAPH_MODERN_FUSION,2018-01,59,0.6927083333333333,0.21735984985686505,0.3854166666666667,0.6949152542372882,0.5423728813559322,False,0.6641090211351004,0.71875,0.6666666666666666
AAPL,575,PARAGRAPH_MODERN_FUSION,2018-02,57,0.7731250000000001,0.1896776520824182,0.575,0.7894736842105263,0.6666666666666666,False,0.573089922688577,0.90625,0.64
AAPL,575,PARAGRAPH_MODERN_FUSION,2018-03,62,0.75625,0.1697937082977401,0.5165514464459439,0.7580645161290323,0.5645161290322581,False,0.5371259788590119,0.8125,0.7
AAPL,575,PARAGRAPH_MODERN_FUSION,2018-04,63,0.7474798387096775,0.1977946146025461,0.5026180952786744,0.746031746031746,0.5873015873015873,False,0.640100260766642,0.8387096774193549,0.65625
AAPL,575,PARAGRAPH_MODERN_FUSION,2018-05,66,0.6887232059645854,0.20811219944670153,0.3810140376624394,0.696969696969697,0.5909090909090909,False,0.6229658526470782,0.7567567567567568,0.6206896551724138
AAPL,575,PARAGRAPH_MODERN_FUSION,2018-06,63,0.7407407407407407,0.19793357111844198,0.48148148148148145,0.746031746031746,0.5714285714285714,False,0.5903523721363262,0.7777777777777778,0.7037037037037037
AAPL,575,PARAGRAPH_MODERN_FUSION,2018-07,60,0.6391941391941391,0.22694704662011017,0.33195686496194077,0.7166666666666667,0.8,False,0.6537727059279511,0.8974358974358975,0.38095238095238093
AAPL,575,PARAGRAPH_MODERN_FUSION,2018-08,69,0.5032679738562091,0.22448131006160343,0.006958047678723884,0.6376811594202898,0.782608695652174,False,0.6491533679207798,0.7843137254901961,0.2222222222222222
AAPL,575,PARAGRAPH_MODERN_FUSION,2018-09,57,0.5979064039408868,0.2524501163632237,0.19826977735557366,0.5964912280701754,0.5789473684210527,False,0.760637424045436,0.6785714285714286,0.5172413793103449
AAPL,575,PARAGRAPH_MODERN_FUSION,2018-10,69,0.6153846153846154,0.27035447793905454,0.22940082851798974,0.6086956521739131,0.5362318840579711,False,0.8006145319701907,0.6666666666666666,0.5641025641025641
AAPL,575,PARAGRAPH_MODERN_FUSION,2018-11,60,0.6329254727474972,0.2575295012896082,0.26585094549499444,0.6333333333333333,0.5166666666666667,False,0.8304492645148257,0.6451612903225806,0.6206896551724138
AAPL,575,PARAGRAPH_MODERN_FUSION,2018-12,53,0.6308049535603715,0.2350077057708241,0.26160990712074306,0.660377358490566,0.3584905660377358,False,0.7353977514900029,0.5263157894736842,0.7352941176470589
AAPL,575,PARAGRAPH_MODERN_FUSION,2019-01,63,0.5935550935550935,0.23577534137918166,0.186145197762485,0.6031746031746031,0.5714285714285714,False,0.748187281419934,0.6486486486486487,0.5384615384615384
AAPL,575,PARAGRAPH_MODERN_FUSION,2019-02,2,,0.0966648153348935,,1.0,0.0,True,0.33052738178727464,,1.0
AMZN,573,PAPER,2018-01,60,0.5555555555555556,0.18811908269398123,0.14987266233254518,0.7333333333333333,0.8833333333333333,False,0.5517580754469738,0.9111111111111111,0.2
AMZN,573,PAPER,2018-02,57,0.69,0.20428055944356932,0.4,0.6666666666666666,0.6666666666666666,False,0.5885344124076507,0.88,0.5
AMZN,573,PAPER,2018-03,62,0.6502645502645502,0.2076543307077804,0.311430468947624,0.6290322580645161,0.6451612903225806,False,0.613066974177483,0.8148148148148148,0.4857142857142857
AMZN,573,PAPER,2018-04,63,0.5357142857142857,0.2742707095730901,0.07254762501100116,0.5238095238095238,0.6031746031746031,False,0.788258295688866,0.6428571428571429,0.42857142857142855
AMZN,573,PAPER,2018-05,65,0.6062378167641325,0.252409436565717,0.2430663177676301,0.6461538461538462,0.7538461538461538,False,0.7179758818727505,0.8421052631578947,0.37037037037037035
AMZN,573,PAPER,2018-06,63,0.5304347826086957,0.2671657932470338,0.07049073768502413,0.6031746031746031,0.7777777777777778,False,0.764640749980308,0.8,0.2608695652173913
AMZN,573,PAPER,2018-07,60,0.6166666666666667,0.25225861124965865,0.2831896879219572,0.6166666666666667,0.7833333333333333,False,0.7490888388802138,0.9,0.3333333333333333
AMZN,573,PAPER,2018-08,69,0.6396551724137931,0.24193686532385408,0.33425160871869336,0.6811594202898551,0.782608695652174,False,0.7247122383534385,0.9,0.3793103448275862
AMZN,573,PAPER,2018-09,57,0.5098522167487685,0.31527806233048933,0.019851666679418605,0.5087719298245614,0.5614035087719298,False,0.9196079580625203,0.5714285714285714,0.4482758620689655
AMZN,573,PAPER,2018-10,69,0.6413690476190477,0.22080372979245957,0.2624349445521692,0.5942028985507246,0.5652173913043478,False,0.6201752306648756,0.7619047619047619,0.5208333333333334
AMZN,573,PAPER,2018-11,60,0.4236111111111111,0.28221923876378113,-0.22017621148199482,0.5,0.8666666666666667,False,0.8195693019186046,0.8055555555555556,0.041666666666666664
AMZN,573,PAPER,2018-12,54,0.5278195488721804,0.2567616736713636,0.055639097744360905,0.48148148148148145,0.6481481481481481,False,0.7392343388342375,0.6842105263157895,0.37142857142857144
AMZN,573,PAPER,2019-01,63,0.5810526315789474,0.2691574121432259,0.19076419329530642,0.6349206349206349,0.7777777777777778,False,0.8132208374224866,0.8421052631578947,0.32
AMZN,573,PAPER,2019-02,2,0.5,0.24877938448794673,0.0,0.5,1.0,True,0.690580356492164,1.0,0.0
AMZN,573,PRICE,2018-01,60,0.4222222222222223,0.2485166121557633,-0.1448000406622212,0.5333333333333333,0.6833333333333333,False,0.6901023545938362,0.6444444444444445,0.2
AMZN,573,PRICE,2018-02,57,0.53,0.2595105985048914,0.05962847939999439,0.5263157894736842,0.5263157894736842,False,0.7160012725266154,0.56,0.5
AMZN,573,PRICE,2018-03,62,0.5862433862433862,0.2489564239253779,0.17140193925660127,0.5806451612903226,0.532258064516129,False,0.6910801146599376,0.6296296296296297,0.5428571428571428
AMZN,573,PRICE,2018-04,63,0.5821428571428572,0.2470890394940644,0.1658155677094358,0.5714285714285714,0.5873015873015873,False,0.6880689704965642,0.6785714285714286,0.4857142857142857
AMZN,573,PRICE,2018-05,65,0.432261208576998,0.2560804212377456,-0.14108977850248425,0.46153846153846156,0.6615384615384615,False,0.7053256579471124,0.6052631578947368,0.25925925925925924
AMZN,573,PRICE,2018-06,63,0.6326086956521739,0.22762488364399122,0.26099615540274046,0.6507936507936508,0.6031746031746031,False,0.6475775910247148,0.7,0.5652173913043478
AMZN,573,PRICE,2018-07,60,0.6333333333333333,0.23574993746906137,0.29095718698132317,0.6333333333333333,0.7,False,0.6641031195461741,0.8333333333333334,0.43333333333333335
AMZN,573,PRICE,2018-08,69,0.5818965517241379,0.2294309726632449,0.1734859613247207,0.6086956521739131,0.6811594202898551,False,0.6511212824248556,0.75,0.41379310344827586
AMZN,573,PRICE,2018-09,57,0.5455665024630543,0.2537209392994268,0.09286462911590067,0.543859649122807,0.5964912280701754,False,0.7011310426874926,0.6428571428571429,0.4482758620689655
AMZN,573,PRICE,2018-10,69,0.47023809523809523,0.2627947904514804,-0.05524946201098299,0.4492753623188406,0.5652173913043478,False,0.718693299475991,0.5238095238095238,0.4166666666666667
AMZN,573,PRICE,2018-11,60,0.4305555555555556,0.29802561193616894,-0.13608276348795434,0.43333333333333335,0.5,False,0.8045805621625973,0.4444444444444444,0.4166666666666667
AMZN,573,PRICE,2018-12,54,0.49398496240601497,0.2643136577748383,-0.011497766236936196,0.5,0.48148148148148145,False,0.7238225865489673,0.47368421052631576,0.5142857142857142
AMZN,573,PRICE,2019-01,63,0.4031578947368421,0.26795207107477076,-0.1936842105263158,0.42857142857142855,0.6031746031746031,False,0.728565399167665,0.5263157894736842,0.28
AMZN,573,PRICE,2019-02,2,1.0,0.21454052824198594,1.0,1.0,0.5,False,0.6220300030702828,1.0,1.0
AMZN,573,FULL,2018-01,60,0.5111111111111111,0.20606688889379585,0.022222222222222223,0.6333333333333333,0.75,False,0.596716945596142,0.7555555555555555,0.26666666666666666
AMZN,573,FULL,2018-02,57,0.639375,0.2283919677954136,0.2819398686139768,0.6491228070175439,0.40350877192982454,False,0.6656324102642603,0.56,0.71875
AMZN,573,FULL,2018-03,62,0.6576719576719576,0.1966177845974766,0.3141824236797005,0.6612903225806451,0.45161290322580644,False,0.5804841569191317,0.6296296296296297,0.6857142857142857
AMZN,573,FULL,2018-04,63,0.6357142857142857,0.25291899382508565,0.2697818712673558,0.6349206349206349,0.49206349206349204,False,0.7545920134379024,0.6428571428571429,0.6285714285714286
AMZN,573,FULL,2018-05,65,0.564327485380117,0.2686519783112433,0.13137196671500342,0.5846153846153846,0.6307692307692307,False,0.8162339645405462,0.6842105263157895,0.4444444444444444
AMZN,573,FULL,2018-06,63,0.6385869565217391,0.2814122757687176,0.2671952107213209,0.6349206349206349,0.5238095238095238,False,0.8689691519678833,0.625,0.6521739130434783
AMZN,573,FULL,2018-07,60,0.65,0.22980357262308193,0.32245846375500836,0.65,0.6833333333333333,False,0.6959087495802688,0.8333333333333334,0.4666666666666667
AMZN,573,FULL,2018-08,69,0.6461206896551724,0.2353412185543825,0.30287179109167706,0.6666666666666666,0.6521739130434783,False,0.7110481735927023,0.775,0.5172413793103449
AMZN,573,FULL,2018-09,57,0.5424876847290641,0.3207794292610629,0.0860416014939282,0.543859649122807,0.42105263157894735,False,0.9987347702552204,0.4642857142857143,0.6206896551724138
AMZN,573,FULL,2018-10,69,0.5818452380952381,0.2108492668755751,0.15669579263200217,0.6231884057971014,0.36231884057971014,False,0.6068456479644669,0.47619047619047616,0.6875
AMZN,573,FULL,2018-11,60,0.4652777777777778,0.3088567668593751,-0.07216878364870322,0.5,0.6666666666666666,False,0.947209741141488,0.6388888888888888,0.2916666666666667
AMZN,573,FULL,2018-12,54,0.6180451127819548,0.24264667925701625,0.22800483931508855,0.6296296296296297,0.42592592592592593,False,0.7859070370400688,0.5789473684210527,0.6571428571428571
AMZN,573,FULL,2019-01,63,0.5294736842105263,0.28567180444487705,0.058038100008800934,0.5396825396825397,0.5555555555555556,False,0.8722104325248631,0.5789473684210527,0.48
AMZN,573,FULL,2019-02,2,1.0,0.21454052824198594,1.0,1.0,0.5,False,0.6220300030702828,1.0,1.0
AMZN,573,TFIDF_LR,2018-01,60,0.5777777777777778,0.2235332823674122,0.24370871833797697,0.7666666666666667,0.9166666666666666,False,0.6395945833568726,0.9555555555555556,0.2
AMZN,573,TFIDF_LR,2018-02,57,0.614375,0.2179640713654888,0.23531260869219014,0.5964912280701754,0.631578947368421,False,0.6270879154397395,0.76,0.46875
AMZN,573,TFIDF_LR,2018-03,62,0.6645502645502646,0.22933566546217354,0.33779114705746105,0.6451612903225806,0.6290322580645161,False,0.6512023359325071,0.8148148148148148,0.5142857142857142
AMZN,573,TFIDF_LR,2018-04,63,0.5892857142857143,0.2350125513292335,0.18613229922816868,0.5714285714285714,0.6507936507936508,False,0.662398328660824,0.75,0.42857142857142855
AMZN,573,TFIDF_LR,2018-05,65,0.5692007797270955,0.2417139529851092,0.16590732387552817,0.6153846153846154,0.7846153846153846,False,0.6766441159745907,0.8421052631578947,0.2962962962962963
AMZN,573,TFIDF_LR,2018-06,63,0.46521739130434786,0.24396992794489836,-0.08822426438910719,0.5555555555555556,0.8253968253968254,False,0.6813142401245528,0.8,0.13043478260869565
AMZN,573,TFIDF_LR,2018-07,60,0.6166666666666667,0.22921677808315885,0.26943012562182533,0.6166666666666667,0.75,False,0.6507640478520894,0.8666666666666667,0.36666666666666664
AMZN,573,TFIDF_LR,2018-08,69,0.6616379310344828,0.23331918310975724,0.3633966609616919,0.6956521739130435,0.7391304347826086,False,0.6597574540357354,0.875,0.4482758620689655
AMZN,573,TFIDF_LR,2018-09,57,0.5110837438423645,0.254646417703202,0.02297384003223846,0.5087719298245614,0.631578947368421,False,0.7032338952703894,0.6428571428571429,0.3793103448275862
AMZN,573,TFIDF_LR,2018-10,69,0.6413690476190477,0.2370315432782492,0.2624349445521692,0.5942028985507246,0.5652173913043478,False,0.6662461485819561,0.7619047619047619,0.5208333333333334
AMZN,573,TFIDF_LR,2018-11,60,0.4722222222222222,0.2513763246510924,-0.06804138174397717,0.5333333333333333,0.8,False,0.6963030739806031,0.7777777777777778,0.16666666666666666
AMZN,573,TFIDF_LR,2018-12,54,0.5278195488721804,0.23845451910686954,0.055639097744360905,0.48148148148148145,0.6481481481481481,False,0.6688378035691014,0.6842105263157895,0.37142857142857144
AMZN,573,TFIDF_LR,2019-01,63,0.5678947368421052,0.23849185337572992,0.15597739377365252,0.6190476190476191,0.7619047619047619,False,0.6699315260435209,0.8157894736842105,0.32
AMZN,573,TFIDF_LR,2019-02,2,0.5,0.2465661300701647,0.0,0.5,1.0,True,0.6861833683992338,1.0,0.0
AMZN,573,TFIDF_SVM,2018-01,60,0.5555555555555556,0.21090915181116918,0.14987266233254518,0.7333333333333333,0.8833333333333333,False,0.6123793607504214,0.9111111111111111,0.2
AMZN,573,TFIDF_SVM,2018-02,57,0.634375,0.21888977664521658,0.27943294413914455,0.6140350877192983,0.6491228070175439,False,0.6281336624023524,0.8,0.46875
AMZN,573,TFIDF_SVM,2018-03,62,0.683068783068783,0.22022649609391082,0.37941881076013345,0.6612903225806451,0.6451612903225806,False,0.6319097258422105,0.8518518518518519,0.5142857142857142
AMZN,573,TFIDF_SVM,2018-04,63,0.5892857142857143,0.23918333193231653,0.18613229922816868,0.5714285714285714,0.6507936507936508,False,0.6715983133086464,0.75,0.42857142857142855
AMZN,573,TFIDF_SVM,2018-05,65,0.5984405458089669,0.23284853172411477,0.2133152835379419,0.6307692307692307,0.7076923076923077,False,0.6581986114981095,0.7894736842105263,0.4074074074074074
AMZN,573,TFIDF_SVM,2018-06,63,0.45597826086956517,0.2491433395855303,-0.12113592796308725,0.5555555555555556,0.8571428571428571,False,0.6921670427841297,0.825,0.08695652173913043
AMZN,573,TFIDF_SVM,2018-07,60,0.6166666666666667,0.2314086894253301,0.26943012562182533,0.6166666666666667,0.75,False,0.6545679771428571,0.8666666666666667,0.36666666666666664
AMZN,573,TFIDF_SVM,2018-08,69,0.6538793103448276,0.23100941410018483,0.330148216453741,0.6811594202898551,0.6956521739130435,False,0.6557096851974202,0.825,0.4827586206896552
AMZN,573,TFIDF_SVM,2018-09,57,0.5461822660098522,0.2547474198203397,0.09572433346766025,0.543859649122807,0.631578947368421,False,0.7039271756492561,0.6785714285714286,0.41379310344827586
AMZN,573,TFIDF_SVM,2018-10,69,0.6517857142857142,0.22789829994699476,0.28081384444437113,0.6086956521739131,0.5507246376811594,False,0.646994376598941,0.7619047619047619,0.5416666666666666
AMZN,573,TFIDF_SVM,2018-11,60,0.4791666666666667,0.2548453304858775,-0.05716619504750295,0.55,0.85,False,0.7036831291518193,0.8333333333333334,0.125
AMZN,573,TFIDF_SVM,2018-12,54,0.5541353383458647,0.2408414725036295,0.10968169942141635,0.5,0.6666666666666666,False,0.6738285796805467,0.7368421052631579,0.37142857142857144
AMZN,573,TFIDF_SVM,2019-01,63,0.5878947368421052,0.23142036064969024,0.19758125888702568,0.6349206349206349,0.746031746031746,False,0.6557082056188411,0.8157894736842105,0.36
AMZN,573,TFIDF_SVM,2019-02,2,0.5,0.23904532268361983,0.0,0.5,1.0,True,0.6709481546412389,1.0,0.0
AMZN,573,TFIDF_RF,2018-01,60,0.5777777777777777,0.23283669308452598,0.18863881947270345,0.7333333333333333,0.85,False,0.6586357407126646,0.8888888888888888,0.26666666666666666
AMZN,573,TFIDF_RF,2018-02,57,0.665625,0.22452849917656031,0.3376412643274269,0.6491228070175439,0.6140350877192983,False,0.6408885275684342,0.8,0.53125
AMZN,573,TFIDF_RF,2018-03,62,0.6031746031746031,0.2415783991382222,0.21618080583344088,0.5806451612903226,0.6612903225806451,False,0.6761303279143889,0.7777777777777778,0.42857142857142855
AMZN,573,TFIDF_RF,2018-04,63,0.6071428571428571,0.2394644027311302,0.2258769757263128,0.5873015873015873,0.6666666666666666,False,0.6715665465195031,0.7857142857142857,0.42857142857142855
AMZN,573,TFIDF_RF,2018-05,65,0.5190058479532164,0.24665070100521033,0.0468292905790847,0.5692307692307692,0.8,False,0.686463765965949,0.8157894736842105,0.2222222222222222
AMZN,573,TFIDF_RF,2018-06,63,0.5179347826086956,0.24267939631505722,0.04054653794259671,0.5873015873015873,0.7619047619047619,False,0.6785119449470509,0.775,0.2608695652173913
AMZN,573,TFIDF_RF,2018-07,60,0.6166666666666667,0.23313539562645824,0.2831896879219572,0.6166666666666667,0.7833333333333333,False,0.659103836389793,0.9,0.3333333333333333
AMZN,573,TFIDF_RF,2018-08,69,0.6099137931034483,0.2368453088488991,0.26306839575082347,0.6521739130434783,0.782608695652174,False,0.6666043087529179,0.875,0.3448275862068966
AMZN,573,TFIDF_RF,2018-09,57,0.4747536945812808,0.2597750028834431,-0.05086989586601018,0.47368421052631576,0.5614035087719298,False,0.7135384546174902,0.5357142857142857,0.41379310344827586
AMZN,573,TFIDF_RF,2018-10,69,0.6235119047619048,0.24612839609664175,0.23646819615374873,0.5507246376811594,0.6376811594202898,False,0.6853010714264907,0.8095238095238095,0.4375
AMZN,573,TFIDF_RF,2018-11,60,0.4583333333333333,0.25313161506850734,-0.09909574797525764,0.5166666666666667,0.7833333333333333,False,0.699520746229611,0.75,0.16666666666666666
AMZN,573,TFIDF_RF,2018-12,54,0.47518796992481205,0.25276438032488535,-0.04861121766990861,0.4444444444444444,0.6111111111111112,False,0.6982351225041485,0.5789473684210527,0.37142857142857144
AMZN,573,TFIDF_RF,2019-01,63,0.5815789473684211,0.23888294874256946,0.17392690018484008,0.6190476190476191,0.6984126984126984,False,0.6708524985645623,0.7631578947368421,0.4
AMZN,573,TFIDF_RF,2019-02,2,0.5,0.2457277814496634,0.0,0.5,1.0,True,0.684457556865425,1.0,0.0
AMZN,573,TFIDF_LR_PRICE_FALLBACK,2018-01,60,0.5111111111111111,0.23642670770309668,0.022222222222222223,0.6333333333333333,0.75,False,0.6655858273333612,0.7555555555555555,0.26666666666666666
AMZN,573,TFIDF_LR_PRICE_FALLBACK,2018-02,57,0.58375,0.22067851585920206,0.17073180913160457,0.5964912280701754,0.38596491228070173,False,0.6325884520375815,0.48,0.6875
AMZN,573,TFIDF_LR_PRICE_FALLBACK,2018-03,62,0.6391534391534391,0.22895112018232366,0.2783068783068783,0.6451612903225806,0.43548387096774194,False,0.6503414989861771,0.5925925925925926,0.6857142857142857
AMZN,573,TFIDF_LR_PRICE_FALLBACK,2018-04,63,0.6535714285714286,0.22755183986776914,0.30527948590779735,0.6507936507936508,0.5079365079365079,False,0.6484891133813133,0.6785714285714286,0.6285714285714286
AMZN,573,TFIDF_LR_PRICE_FALLBACK,2018-05,65,0.5350877192982456,0.24302292461734196,0.07603317036995949,0.5692307692307692,0.7076923076923077,False,0.6790944067076625,0.7368421052631579,0.3333333333333333
AMZN,573,TFIDF_LR_PRICE_FALLBACK,2018-06,63,0.5983695652173913,0.22954888820821384,0.19360780380285256,0.6190476190476191,0.6031746031746031,False,0.6517297007137202,0.675,0.5217391304347826
AMZN,573,TFIDF_LR_PRICE_FALLBACK,2018-07,60,0.65,0.22467674549290176,0.3144854510165755,0.65,0.65,False,0.6413216326546025,0.8,0.5
AMZN,573,TFIDF_LR_PRICE_FALLBACK,2018-08,69,0.6681034482758621,0.2239399264581024,0.34003927781110327,0.6811594202898551,0.6086956521739131,False,0.6402528294193722,0.75,0.5862068965517241
AMZN,573,TFIDF_LR_PRICE_FALLBACK,2018-09,57,0.5609605911330049,0.25510646848768714,0.12207160944508069,0.5614035087719298,0.47368421052631576,False,0.7047460364725847,0.5357142857142857,0.5862068965517241
AMZN,573,TFIDF_LR_PRICE_FALLBACK,2018-10,69,0.5684523809523809,0.23648609605965762,0.1336306209562122,0.6231884057971014,0.3333333333333333,False,0.665577008530971,0.42857142857142855,0.7083333333333334
AMZN,573,TFIDF_LR_PRICE_FALLBACK,2018-11,60,0.5,0.24837483476233688,0.0,0.5166666666666667,0.5833333333333334,False,0.688706694203724,0.5833333333333334,0.4166666666666667
AMZN,573,TFIDF_LR_PRICE_FALLBACK,2018-12,54,0.6180451127819548,0.21924520648780937,0.22800483931508855,0.6296296296296297,0.42592592592592593,False,0.6279595334284667,0.5789473684210527,0.6571428571428571
AMZN,573,TFIDF_LR_PRICE_FALLBACK,2019-01,63,0.5163157894736843,0.24480979469289538,0.03203033152014646,0.5238095238095238,0.5396825396825397,False,0.6810207976333998,0.5526315789473685,0.48
AMZN,573,TFIDF_LR_PRICE_FALLBACK,2019-02,2,1.0,0.21454052824198594,1.0,1.0,0.5,False,0.6220300030702828,1.0,1.0
AMZN,573,TFIDF_SVM_PRICE_FALLBACK,2018-01,60,0.48888888888888893,0.2244263169406943,-0.021354071087949105,0.6,0.7166666666666667,False,0.6396372646349645,0.7111111111111111,0.26666666666666666
AMZN,573,TFIDF_SVM_PRICE_FALLBACK,2018-02,57,0.60375,0.22149390663292706,0.20987452103103207,0.6140350877192983,0.40350877192982454,False,0.6334128241573118,0.52,0.6875
AMZN,573,TFIDF_SVM_PRICE_FALLBACK,2018-03,62,0.6576719576719576,0.2188560945992593,0.3141824236797005,0.6612903225806451,0.45161290322580644,False,0.6290607496650076,0.6296296296296297,0.6857142857142857
AMZN,573,TFIDF_SVM_PRICE_FALLBACK,2018-04,63,0.6535714285714286,0.23225301533097636,0.30527948590779735,0.6507936507936508,0.5079365079365079,False,0.6587590633680699,0.6785714285714286,0.6285714285714286
AMZN,573,TFIDF_SVM_PRICE_FALLBACK,2018-05,65,0.564327485380117,0.2344676712818628,0.13137196671500342,0.5846153846153846,0.6307692307692307,False,0.6612820765188295,0.6842105263157895,0.4444444444444444
AMZN,573,TFIDF_SVM_PRICE_FALLBACK,2018-06,63,0.5891304347826087,0.2336925564945536,0.1782608695652174,0.6190476190476191,0.6349206349206349,False,0.6604947607689118,0.7,0.4782608695652174
AMZN,573,TFIDF_SVM_PRICE_FALLBACK,2018-07,60,0.65,0.22790102898881717,0.3144854510165755,0.65,0.65,False,0.647208493989562,0.8,0.5
AMZN,573,TFIDF_SVM_PRICE_FALLBACK,2018-08,69,0.6603448275862069,0.22056083709899954,0.3193162456272549,0.6666666666666666,0.5652173913043478,False,0.6340425208920514,0.7,0.6206896551724138
AMZN,573,TFIDF_SVM_PRICE_FALLBACK,2018-09,57,0.5960591133004927,0.2546525782657456,0.19235526336800596,0.5964912280701754,0.47368421052631576,False,0.7043099345821238,0.5714285714285714,0.6206896551724138
AMZN,573,TFIDF_SVM_PRICE_FALLBACK,2018-10,69,0.5788690476190476,0.22802587591332715,0.15574230173019063,0.6376811594202898,0.3188405797101449,False,0.6476738316730748,0.42857142857142855,0.7291666666666666
AMZN,573,TFIDF_SVM_PRICE_FALLBACK,2018-11,60,0.5069444444444444,0.2517910141151702,0.014119562368122625,0.5333333333333333,0.6333333333333333,False,0.6959799178535362,0.6388888888888888,0.375
AMZN,573,TFIDF_SVM_PRICE_FALLBACK,2018-12,54,0.6443609022556391,0.2213541412358981,0.2774751902477184,0.6481481481481481,0.4444444444444444,False,0.6323854397936692,0.631578947368421,0.6571428571428571
AMZN,573,TFIDF_SVM_PRICE_FALLBACK,2019-01,63,0.5363157894736843,0.23747195606893368,0.07114914586232078,0.5396825396825397,0.5238095238095238,False,0.6662610621874075,0.5526315789473685,0.52
AMZN,573,TFIDF_SVM_PRICE_FALLBACK,2019-02,2,1.0,0.21454052824198594,1.0,1.0,0.5,False,0.6220300030702828,1.0,1.0
AMZN,573,TFIDF_RF_PRICE_FALLBACK,2018-01,60,0.5111111111111111,0.2474290431778542,0.02068572009460303,0.6,0.6833333333333333,False,0.6880492410288144,0.6888888888888889,0.3333333333333333
AMZN,573,TFIDF_RF_PRICE_FALLBACK,2018-02,57,0.635,0.22765551547575588,0.27774602993176545,0.6491228070175439,0.3684210526315789,False,0.6472209372654479,0.52,0.75
AMZN,573,TFIDF_RF_PRICE_FALLBACK,2018-03,62,0.5777777777777777,0.2398929472188863,0.15457720902282446,0.5806451612903226,0.46774193548387094,False,0.6726474244565472,0.5555555555555556,0.6
AMZN,573,TFIDF_RF_PRICE_FALLBACK,2018-04,63,0.6714285714285715,0.2309103448326275,0.3411211461689767,0.6666666666666666,0.5238095238095238,False,0.655441420764675,0.7142857142857143,0.6285714285714286
AMZN,573,TFIDF_RF_PRICE_FALLBACK,2018-05,65,0.4848927875243665,0.24892459611161682,-0.0332738329503408,0.5230769230769231,0.7230769230769231,False,0.6908586325546179,0.7105263157894737,0.25925925925925924
AMZN,573,TFIDF_RF_PRICE_FALLBACK,2018-06,63,0.6510869565217392,0.22878201626705927,0.2918854352801602,0.6507936507936508,0.5396825396825397,False,0.649979571349234,0.65,0.6521739130434783
AMZN,573,TFIDF_RF_PRICE_FALLBACK,2018-07,60,0.65,0.22938295244302787,0.32245846375500836,0.65,0.6833333333333333,False,0.651248960994472,0.8333333333333334,0.4666666666666667
AMZN,573,TFIDF_RF_PRICE_FALLBACK,2018-08,69,0.6163793103448276,0.22803675810002647,0.24122532033850386,0.6376811594202898,0.6521739130434783,False,0.6482484833643667,0.75,0.4827586206896552
AMZN,573,TFIDF_RF_PRICE_FALLBACK,2018-09,57,0.5246305418719212,0.25935918112520234,0.05019709681940576,0.5263157894736842,0.40350877192982454,False,0.7132720526172742,0.42857142857142855,0.6206896551724138
AMZN,573,TFIDF_RF_PRICE_FALLBACK,2018-10,69,0.5505952380952381,0.2463057092865561,0.09481978400379654,0.5797101449275363,0.4057971014492754,False,0.6860791767295882,0.47619047619047616,0.625
AMZN,573,TFIDF_RF_PRICE_FALLBACK,2018-11,60,0.48611111111111116,0.24963522955922202,-0.027461751819054483,0.5,0.5666666666666667,False,0.6909235614292007,0.5555555555555556,0.4166666666666667
AMZN,573,TFIDF_RF_PRICE_FALLBACK,2018-12,54,0.5654135338345865,0.23151660990953385,0.1281568465843045,0.5925925925925926,0.3888888888888889,False,0.6532496882061651,0.47368421052631576,0.6571428571428571
AMZN,573,TFIDF_RF_PRICE_FALLBACK,2019-01,63,0.53,0.24587409282127115,0.05877538136452586,0.5238095238095238,0.47619047619047616,False,0.6833007590433599,0.5,0.56
AMZN,573,TFIDF_RF_PRICE_FALLBACK,2019-02,2,1.0,0.21454052824198594,1.0,1.0,0.5,False,0.6220300030702828,1.0,1.0
AMZN,573,A1,2018-01,60,0.48888888888888893,0.2384487143154568,-0.021354071087949105,0.6,0.7166666666666667,False,0.6694879604149278,0.7111111111111111,0.26666666666666666
AMZN,573,A1,2018-02,57,0.615,0.22305225943333726,0.23914261265861672,0.631578947368421,0.3508771929824561,False,0.6375129998646211,0.48,0.75
AMZN,573,A1,2018-03,62,0.6248677248677248,0.23606450812047727,0.24881561069936012,0.6290322580645161,0.45161290322580644,False,0.6648509007111945,0.5925925925925926,0.6571428571428571
AMZN,573,A1,2018-04,63,0.6714285714285715,0.23132739309606537,0.3411211461689767,0.6666666666666666,0.5238095238095238,False,0.6565621132128406,0.7142857142857143,0.6285714285714286
AMZN,573,A1,2018-05,65,0.5350877192982456,0.2413744150429312,0.07603317036995949,0.5692307692307692,0.7076923076923077,False,0.6754570155770351,0.7368421052631579,0.3333333333333333
AMZN,573,A1,2018-06,63,0.6016304347826087,0.2305304106719408,0.2052789530575376,0.6349206349206349,0.6507936507936508,False,0.6536276007573943,0.725,0.4782608695652174
AMZN,573,A1,2018-07,60,0.6666666666666667,0.22574773896197764,0.3458572319330373,0.6666666666666666,0.6333333333333333,False,0.6434589731034331,0.8,0.5333333333333333
AMZN,573,A1,2018-08,69,0.6978448275862069,0.22386955425005584,0.4002000731161446,0.7101449275362319,0.6086956521739131,False,0.6399116296321169,0.775,0.6206896551724138
AMZN,573,A1,2018-09,57,0.5775862068965517,0.25994302469567526,0.15711944620630366,0.5789473684210527,0.42105263157894735,False,0.7145037731840764,0.5,0.6551724137931034
AMZN,573,A1,2018-10,69,0.5476190476190476,0.23747139271797485,0.09116846116771035,0.5942028985507246,0.36231884057971014,False,0.6675214004732976,0.42857142857142855,0.6666666666666666
AMZN,573,A1,2018-11,60,0.5069444444444444,0.24545545168608549,0.01367683233103697,0.5166666666666667,0.55,False,0.682770156277733,0.5555555555555556,0.4583333333333333
AMZN,573,A1,2018-12,54,0.6180451127819548,0.2253836930501078,0.22800483931508855,0.6296296296296297,0.42592592592592593,False,0.6404347548852826,0.5789473684210527,0.6571428571428571
AMZN,573,A1,2019-01,63,0.5363157894736843,0.24831048035339434,0.07114914586232078,0.5396825396825397,0.5238095238095238,False,0.6881737481324726,0.5526315789473685,0.52
AMZN,573,A1,2019-02,2,1.0,0.21454052824198594,1.0,1.0,0.5,False,0.6220300030702828,1.0,1.0
AMZN,573,A2,2018-01,60,0.4444444444444444,0.23821279669556153,-0.1008712554448004,0.5333333333333333,0.65,False,0.6689341219269148,0.6222222222222222,0.26666666666666666
AMZN,573,A2,2018-02,57,0.635,0.2305475015377196,0.27774602993176545,0.6491228070175439,0.3684210526315789,False,0.6530630460067166,0.52,0.75
AMZN,573,A2,2018-03,62,0.5962962962962963,0.23974831254499335,0.19108203913244265,0.5967741935483871,0.4838709677419355,False,0.6723760570179316,0.5925925925925926,0.6
AMZN,573,A2,2018-04,63,0.6857142857142857,0.23660964536508128,0.36917519226059214,0.6825396825396826,0.5079365079365079,False,0.6674608003611223,0.7142857142857143,0.6571428571428571
AMZN,573,A2,2018-05,65,0.5219298245614035,0.24615927381770963,0.04682929057908469,0.5538461538461539,0.6923076923076923,False,0.6851935527738097,0.7105263157894737,0.3333333333333333
AMZN,573,A2,2018-06,63,0.5891304347826087,0.22969301761093264,0.1782608695652174,0.6190476190476191,0.6349206349206349,False,0.6516917346869409,0.7,0.4782608695652174
AMZN,573,A2,2018-07,60,0.6666666666666667,0.22574815983379887,0.3458572319330373,0.6666666666666666,0.6333333333333333,False,0.6434170399497956,0.8,0.5333333333333333
AMZN,573,A2,2018-08,69,0.6853448275862069,0.22489291328328243,0.37262202094268304,0.6956521739130435,0.5942028985507246,False,0.6419120619510397,0.75,0.6206896551724138
AMZN,573,A2,2018-09,57,0.5597290640394088,0.25731051346560424,0.12172795978705897,0.5614035087719298,0.40350877192982454,False,0.7087333565059916,0.4642857142857143,0.6551724137931034
AMZN,573,A2,2018-10,69,0.5580357142857143,0.23738630732702865,0.11213565339313256,0.6086956521739131,0.34782608695652173,False,0.6676505149508393,0.42857142857142855,0.6875
AMZN,573,A2,2018-11,60,0.5208333333333334,0.24526205911492557,0.041192627728581725,0.5333333333333333,0.5666666666666667,False,0.6820850448828302,0.5833333333333334,0.4583333333333333
AMZN,573,A2,2018-12,54,0.5631578947368421,0.2301806513853362,0.12139539573337679,0.5740740740740741,0.4444444444444444,False,0.6500579374974825,0.5263157894736842,0.6
AMZN,573,A2,2019-01,63,0.5363157894736843,0.2503350345956334,0.07114914586232078,0.5396825396825397,0.5238095238095238,False,0.6922829485020662,0.5526315789473685,0.52
AMZN,573,A2,2019-02,2,1.0,0.21454052824198594,1.0,1.0,0.5,False,0.6220300030702828,1.0,1.0
AMZN,573,A3,2018-01,60,0.5,0.22164409986875364,0.0,0.6166666666666667,0.7333333333333333,False,0.6328150886606837,0.7333333333333333,0.26666666666666666
AMZN,573,A3,2018-02,57,0.615,0.2151377728200681,0.23914261265861672,0.631578947368421,0.3508771929824561,False,0.619919333702555,0.48,0.75
AMZN,573,A3,2018-03,62,0.6391534391534391,0.22449383816135915,0.2783068783068783,0.6451612903225806,0.43548387096774194,False,0.6412922872582906,0.5925925925925926,0.6857142857142857
AMZN,573,A3,2018-04,63,0.6678571428571429,0.23065473913488857,0.3336775776201506,0.6666666666666666,0.49206349206349204,False,0.6560174910958391,0.6785714285714286,0.6571428571428571
AMZN,573,A3,2018-05,65,0.5326510721247564,0.24146044374394368,0.06668122552958507,0.5538461538461539,0.6307692307692307,False,0.6754974767095159,0.6578947368421053,0.4074074074074074
AMZN,573,A3,2018-06,63,0.6701086956521739,0.22720714101220188,0.34359525297865917,0.6984126984126984,0.6507936507936508,False,0.646746146479224,0.775,0.5652173913043478
AMZN,573,A3,2018-07,60,0.6833333333333333,0.22086734024517898,0.37707514360508354,0.6833333333333333,0.6166666666666667,False,0.6324127565769183,0.8,0.5666666666666667
AMZN,573,A3,2018-08,69,0.655603448275862,0.22464861713395862,0.31282918502397344,0.6666666666666666,0.5942028985507246,False,0.6423521146767301,0.725,0.5862068965517241
AMZN,573,A3,2018-09,57,0.5782019704433498,0.25946319919084476,0.15698501016068359,0.5789473684210527,0.45614035087719296,False,0.7142725699447646,0.5357142857142857,0.6206896551724138
AMZN,573,A3,2018-10,69,0.5788690476190476,0.22806010141920577,0.15574230173019063,0.6376811594202898,0.3188405797101449,False,0.6477144248606563,0.42857142857142855,0.7291666666666666
AMZN,573,A3,2018-11,60,0.5,0.24454607301582484,0.0,0.5166666666666667,0.5833333333333334,False,0.6805627872290709,0.5833333333333334,0.4166666666666667
AMZN,573,A3,2018-12,54,0.6037593984962406,0.22638062949619947,0.19943529299054757,0.6111111111111112,0.4444444444444444,False,0.6418233193839462,0.5789473684210527,0.6285714285714286
AMZN,573,A3,2019-01,63,0.523157894736842,0.24864506135876058,0.04532471038866811,0.5238095238095238,0.5079365079365079,False,0.688831154361001,0.5263157894736842,0.52
AMZN,573,A3,2019-02,2,1.0,0.21454052824198594,1.0,1.0,0.5,False,0.6220300030702828,1.0,1.0
AMZN,573,B1,2018-01,60,0.5,0.2050065691141426,0.0,0.6166666666666667,0.7333333333333333,False,0.5950033418125094,0.7333333333333333,0.26666666666666666
AMZN,573,B1,2018-02,57,0.619375,0.22914394546726716,0.24335653391146622,0.631578947368421,0.38596491228070173,False,0.6682063398760186,0.52,0.71875
AMZN,573,B1,2018-03,62,0.6576719576719576,0.19599125467448175,0.3141824236797005,0.6612903225806451,0.45161290322580644,False,0.575159474783778,0.6296296296296297,0.6857142857142857
AMZN,573,B1,2018-04,63,0.6071428571428572,0.2560159492142282,0.21320071635561041,0.6031746031746031,0.5238095238095238,False,0.7572668086534464,0.6428571428571429,0.5714285714285714
AMZN,573,B1,2018-05,65,0.564327485380117,0.27241699389263013,0.13137196671500342,0.5846153846153846,0.6307692307692307,False,0.8284321408304188,0.6842105263157895,0.4444444444444444
AMZN,573,B1,2018-06,63,0.6260869565217391,0.28833695873499215,0.24285007120186097,0.6190476190476191,0.5079365079365079,False,0.879866620107221,0.6,0.6521739130434783
AMZN,573,B1,2018-07,60,0.6333333333333333,0.23990476781786882,0.282842712474619,0.6333333333333333,0.6666666666666666,False,0.7170858031827942,0.8,0.4666666666666667
AMZN,573,B1,2018-08,69,0.6461206896551724,0.2403469043190197,0.30287179109167706,0.6666666666666666,0.6521739130434783,False,0.7270625620732758,0.775,0.5172413793103449
AMZN,573,B1,2018-09,57,0.5431034482758621,0.3218972818595767,0.08652717095470748,0.543859649122807,0.45614035087719296,False,1.0141722447293595,0.5,0.5862068965517241
AMZN,573,B1,2018-10,69,0.5922619047619048,0.21331292299282548,0.1782669361634415,0.6376811594202898,0.34782608695652173,False,0.613696836814001,0.47619047619047616,0.7083333333333334
AMZN,573,B1,2018-11,60,0.4375,0.3096978011154562,-0.12707606131310362,0.4666666666666667,0.6333333333333333,False,0.9513862585623657,0.5833333333333334,0.2916666666666667
AMZN,573,B1,2018-12,54,0.6180451127819548,0.23984456115858202,0.22800483931508855,0.6296296296296297,0.42592592592592593,False,0.7917311661791128,0.5789473684210527,0.6571428571428571
AMZN,573,B1,2019-01,63,0.5094736842105263,0.27957391641246193,0.018731716231633878,0.5238095238095238,0.5714285714285714,False,0.8312838266627607,0.5789473684210527,0.44
AMZN,573,B1,2019-02,2,1.0,0.21454052824198594,1.0,1.0,0.5,False,0.6220300030702828,1.0,1.0
AMZN,573,B2,2018-01,60,0.4666666666666667,0.21715234505341396,-0.06666666666666667,0.6,0.75,False,0.6392915928973395,0.7333333333333333,0.2
AMZN,573,B2,2018-02,57,0.639375,0.23500503931498884,0.2819398686139768,0.6491228070175439,0.40350877192982454,False,0.8162761403385272,0.56,0.71875
AMZN,573,B2,2018-03,62,0.6576719576719576,0.190728445665721,0.3141824236797005,0.6612903225806451,0.45161290322580644,False,0.5576655685428292,0.6296296296296297,0.6857142857142857
AMZN,573,B2,2018-04,63,0.6357142857142857,0.2648451058836314,0.2697818712673558,0.6349206349206349,0.49206349206349204,False,0.8391325785474012,0.6428571428571429,0.6285714285714286
AMZN,573,B2,2018-05,65,0.6067251461988304,0.25825358997571557,0.21241762890263483,0.6153846153846154,0.5692307692307692,False,0.8306457390799635,0.6578947368421053,0.5555555555555556
AMZN,573,B2,2018-06,63,0.6418478260869566,0.26105167289375647,0.27600278301474435,0.6507936507936508,0.5714285714285714,False,0.7722081295576558,0.675,0.6086956521739131
AMZN,573,B2,2018-07,60,0.6333333333333333,0.2574765067617898,0.282842712474619,0.6333333333333333,0.6666666666666666,False,0.8267503800409108,0.8,0.4666666666666667
AMZN,573,B2,2018-08,69,0.6336206896551724,0.2547407976676644,0.274433014821148,0.6521739130434783,0.6376811594202898,False,0.7917898718438239,0.75,0.5172413793103449
AMZN,573,B2,2018-09,57,0.562192118226601,0.3380416955701838,0.1248463466632208,0.5614035087719298,0.543859649122807,False,1.1387116012653782,0.6071428571428571,0.5172413793103449
AMZN,573,B2,2018-10,69,0.6026785714285714,0.2085597691739909,0.2004459314343183,0.6521739130434783,0.3333333333333333,False,0.6316728508221491,0.47619047619047616,0.7291666666666666
AMZN,573,B2,2018-11,60,0.48611111111111105,0.3236784856739509,-0.02853069950072753,0.5166666666666667,0.65,False,1.1595619445510836,0.6388888888888888,0.3333333333333333
AMZN,573,B2,2018-12,54,0.6443609022556391,0.22540672855992658,0.2774751902477184,0.6481481481481481,0.4444444444444444,False,0.7565902769189049,0.631578947368421,0.6571428571428571
AMZN,573,B2,2019-01,63,0.5494736842105263,0.2571205135381881,0.09712423106108926,0.5555555555555556,0.5396825396825397,False,0.7877681390406769,0.5789473684210527,0.52
AMZN,573,B2,2019-02,2,1.0,0.21454052824198594,1.0,1.0,0.5,False,0.6220300030702828,1.0,1.0
AMZN,573,FULL_SHRINK,2018-01,60,0.5111111111111111,0.22316175526040158,0.022222222222222223,0.6333333333333333,0.75,False,0.6368451028406856,0.7555555555555555,0.26666666666666666
AMZN,573,FULL_SHRINK,2018-02,57,0.639375,0.220783683927931,0.2819398686139768,0.6491228070175439,0.40350877192982454,False,0.6313083375176511,0.56,0.71875
AMZN,573,FULL_SHRINK,2018-03,62,0.6576719576719576,0.22568947293307878,0.3141824236797005,0.6612903225806451,0.45161290322580644,False,0.6440464967801915,0.6296296296296297,0.6857142857142857
AMZN,573,FULL_SHRINK,2018-04,63,0.6357142857142857,0.2298365861946764,0.2697818712673558,0.6349206349206349,0.49206349206349204,False,0.6523842445370767,0.6428571428571429,0.6285714285714286
AMZN,573,FULL_SHRINK,2018-05,65,0.564327485380117,0.2446306907247136,0.13137196671500342,0.5846153846153846,0.6307692307692307,False,0.6834859989266229,0.6842105263157895,0.4444444444444444
AMZN,573,FULL_SHRINK,2018-06,63,0.6385869565217391,0.24429647062559287,0.2671952107213209,0.6349206349206349,0.5238095238095238,False,0.683696580727499,0.625,0.6521739130434783
AMZN,573,FULL_SHRINK,2018-07,60,0.65,0.23264197977710055,0.32245846375500836,0.65,0.6833333333333333,False,0.6580728532754959,0.8333333333333334,0.4666666666666667
AMZN,573,FULL_SHRINK,2018-08,69,0.6461206896551724,0.21990857764296673,0.30287179109167706,0.6666666666666666,0.6521739130434783,False,0.6314816383250066,0.775,0.5172413793103449
AMZN,573,FULL_SHRINK,2018-09,57,0.5424876847290641,0.2650589519398641,0.0860416014939282,0.543859649122807,0.42105263157894735,False,0.7255745847108048,0.4642857142857143,0.6206896551724138
AMZN,573,FULL_SHRINK,2018-10,69,0.5818452380952381,0.22376156884009016,0.15669579263200217,0.6231884057971014,0.36231884057971014,False,0.6388898024558598,0.47619047619047616,0.6875
AMZN,573,FULL_SHRINK,2018-11,60,0.4652777777777778,0.25753482341293993,-0.07216878364870322,0.5,0.6666666666666666,False,0.7081237100312042,0.6388888888888888,0.2916666666666667
AMZN,573,FULL_SHRINK,2018-12,54,0.6180451127819548,0.22959118553559468,0.22800483931508855,0.6296296296296297,0.42592592592592593,False,0.6503376857412455,0.5789473684210527,0.6571428571428571
AMZN,573,FULL_SHRINK,2019-01,63,0.5294736842105263,0.25373598980667844,0.058038100008800934,0.5396825396825397,0.5555555555555556,False,0.7005708509553132,0.5789473684210527,0.48
AMZN,573,FULL_SHRINK,2019-02,2,1.0,0.21454052824198594,1.0,1.0,0.5,False,0.6220300030702828,1.0,1.0
AMZN,573,TITLE_FINBERT_FUSION,2018-01,60,0.5111111111111111,0.21638652234660546,0.022222222222222223,0.6333333333333333,0.75,False,0.6120885674421803,0.7555555555555555,0.26666666666666666
AMZN,573,TITLE_FINBERT_FUSION,2018-02,57,0.639375,0.22573528043946467,0.2819398686139768,0.6491228070175439,0.40350877192982454,False,0.6511148392879741,0.56,0.71875
AMZN,573,TITLE_FINBERT_FUSION,2018-03,62,0.6391534391534391,0.2091253909594605,0.2783068783068783,0.6451612903225806,0.43548387096774194,False,0.6038924958582237,0.5925925925925926,0.6857142857142857
AMZN,573,TITLE_FINBERT_FUSION,2018-04,63,0.6357142857142857,0.24292819790162729,0.2697818712673558,0.6349206349206349,0.49206349206349204,False,0.718374225942729,0.6428571428571429,0.6285714285714286
AMZN,573,TITLE_FINBERT_FUSION,2018-05,65,0.5589668615984406,0.26241495988091695,0.12281915970360138,0.5846153846153846,0.6615384615384615,False,0.7417365495656687,0.7105263157894737,0.4074074074074074
AMZN,573,TITLE_FINBERT_FUSION,2018-06,63,0.6385869565217391,0.2686691377178658,0.2671952107213209,0.6349206349206349,0.5238095238095238,False,0.7805262005437056,0.625,0.6521739130434783
AMZN,573,TITLE_FINBERT_FUSION,2018-07,60,0.65,0.23600341565160196,0.32245846375500836,0.65,0.6833333333333333,False,0.7123685115220433,0.8333333333333334,0.4666666666666667
AMZN,573,TITLE_FINBERT_FUSION,2018-08,69,0.6508620689655172,0.21525580041947037,0.3073393355103343,0.6666666666666666,0.6231884057971014,False,0.6322093881035603,0.75,0.5517241379310345
AMZN,573,TITLE_FINBERT_FUSION,2018-09,57,0.5603448275862069,0.292691630950822,0.12159145841143895,0.5614035087719298,0.43859649122807015,False,0.836987149850556,0.5,0.6206896551724138
AMZN,573,TITLE_FINBERT_FUSION,2018-10,69,0.5922619047619048,0.20698651788836564,0.1782669361634415,0.6376811594202898,0.34782608695652173,False,0.5946359555193419,0.47619047619047616,0.7083333333333334
AMZN,573,TITLE_FINBERT_FUSION,2018-11,60,0.4930555555555556,0.28623650765128983,-0.013994571159380999,0.5166666666666667,0.6166666666666667,False,0.809591315353898,0.6111111111111112,0.375
AMZN,573,TITLE_FINBERT_FUSION,2018-12,54,0.5917293233082707,0.234961354449648,0.17830465376906865,0.6111111111111112,0.4074074074074074,False,0.7614596569018649,0.5263157894736842,0.6571428571428571
AMZN,573,TITLE_FINBERT_FUSION,2019-01,63,0.5294736842105263,0.2644072428947564,0.058038100008800934,0.5396825396825397,0.5555555555555556,False,0.7314995487920333,0.5789473684210527,0.48
AMZN,573,TITLE_FINBERT_FUSION,2019-02,2,1.0,0.21454052824198594,1.0,1.0,0.5,False,0.6220300030702828,1.0,1.0
AMZN,573,TITLE_MODERN_FUSION,2018-01,60,0.5111111111111111,0.22530495506099746,0.022222222222222223,0.6333333333333333,0.75,False,0.642034389700182,0.7555555555555555,0.26666666666666666
AMZN,573,TITLE_MODERN_FUSION,2018-02,57,0.62375,0.22689348003860618,0.248746859276655,0.631578947368421,0.42105263157894735,False,0.6807807486477553,0.56,0.6875
AMZN,573,TITLE_MODERN_FUSION,2018-03,62,0.6576719576719576,0.20924563697116014,0.3141824236797005,0.6612903225806451,0.45161290322580644,False,0.6024237298754108,0.6296296296296297,0.6857142857142857
AMZN,573,TITLE_MODERN_FUSION,2018-04,63,0.6357142857142857,0.23582544764357774,0.2697818712673558,0.6349206349206349,0.49206349206349204,False,0.6815223663289711,0.6428571428571429,0.6285714285714286
AMZN,573,TITLE_MODERN_FUSION,2018-05,65,0.5589668615984406,0.25819467369092747,0.12281915970360138,0.5846153846153846,0.6615384615384615,False,0.7628585485814431,0.7105263157894737,0.4074074074074074
AMZN,573,TITLE_MODERN_FUSION,2018-06,63,0.6510869565217392,0.24561336210338672,0.2918854352801602,0.6507936507936508,0.5396825396825397,False,0.703340302034471,0.65,0.6521739130434783
AMZN,573,TITLE_MODERN_FUSION,2018-07,60,0.65,0.229621527511211,0.32245846375500836,0.65,0.6833333333333333,False,0.6540207692380136,0.8333333333333334,0.4666666666666667
AMZN,573,TITLE_MODERN_FUSION,2018-08,69,0.6681034482758621,0.21661713851711084,0.34003927781110327,0.6811594202898551,0.6086956521739131,False,0.6178353955030396,0.75,0.5862068965517241
AMZN,573,TITLE_MODERN_FUSION,2018-09,57,0.5775862068965517,0.27304733837604656,0.15711944620630366,0.5789473684210527,0.42105263157894735,False,0.7954781372042372,0.5,0.6551724137931034
AMZN,573,TITLE_MODERN_FUSION,2018-10,69,0.5580357142857143,0.2220931596677873,0.11213565339313256,0.6086956521739131,0.34782608695652173,False,0.6335803549932368,0.42857142857142855,0.6875
AMZN,573,TITLE_MODERN_FUSION,2018-11,60,0.45833333333333337,0.2852355788203239,-0.08396742695628599,0.48333333333333334,0.6166666666666667,False,0.7875654267462776,0.5833333333333334,0.3333333333333333
AMZN,573,TITLE_MODERN_FUSION,2018-12,54,0.6037593984962406,0.23041555214589277,0.19943529299054757,0.6111111111111112,0.4444444444444444,False,0.6445779865816763,0.5789473684210527,0.6285714285714286
AMZN,573,TITLE_MODERN_FUSION,2019-01,63,0.48947368421052634,0.27126538574564735,-0.02092091413420943,0.5079365079365079,0.5873015873015873,False,0.7901980691821233,0.5789473684210527,0.4
AMZN,573,TITLE_MODERN_FUSION,2019-02,2,1.0,0.21454052824198594,1.0,1.0,0.5,False,0.6220300030702828,1.0,1.0
AMZN,573,PARAGRAPH_FINBERT_FUSION,2018-01,60,0.5111111111111111,0.2137564737626188,0.022222222222222223,0.6333333333333333,0.75,False,0.6079403847626517,0.7555555555555555,0.26666666666666666
AMZN,573,PARAGRAPH_FINBERT_FUSION,2018-02,57,0.619375,0.2241115423196721,0.24335653391146622,0.631578947368421,0.38596491228070173,False,0.6420812396487262,0.52,0.71875
AMZN,573,PARAGRAPH_FINBERT_FUSION,2018-03,62,0.6576719576719576,0.2116575405519645,0.3141824236797005,0.6612903225806451,0.45161290322580644,False,0.6287970801041105,0.6296296296296297,0.6857142857142857
AMZN,573,PARAGRAPH_FINBERT_FUSION,2018-04,63,0.6535714285714286,0.22747986666031608,0.30527948590779735,0.6507936507936508,0.5079365079365079,False,0.6404818574850737,0.6785714285714286,0.6285714285714286
AMZN,573,PARAGRAPH_FINBERT_FUSION,2018-05,65,0.564327485380117,0.2568504218883219,0.13137196671500342,0.5846153846153846,0.6307692307692307,False,0.746867529891947,0.6842105263157895,0.4444444444444444
AMZN,573,PARAGRAPH_FINBERT_FUSION,2018-06,63,0.6385869565217391,0.264282599073624,0.2671952107213209,0.6349206349206349,0.5238095238095238,False,0.7709609362206056,0.625,0.6521739130434783
AMZN,573,PARAGRAPH_FINBERT_FUSION,2018-07,60,0.65,0.23208460194916722,0.32245846375500836,0.65,0.6833333333333333,False,0.6586764771653727,0.8333333333333334,0.4666666666666667
AMZN,573,PARAGRAPH_FINBERT_FUSION,2018-08,69,0.6633620689655173,0.21703565632261718,0.3355164923135971,0.6811594202898551,0.6376811594202898,False,0.6289900992290863,0.775,0.5517241379310345
AMZN,573,PARAGRAPH_FINBERT_FUSION,2018-09,57,0.5603448275862069,0.29122435009190334,0.12159145841143895,0.5614035087719298,0.43859649122807015,False,0.8089320353679205,0.5,0.6206896551724138
AMZN,573,PARAGRAPH_FINBERT_FUSION,2018-10,69,0.5922619047619048,0.2191527587194549,0.1782669361634415,0.6376811594202898,0.34782608695652173,False,0.6363325593867639,0.47619047619047616,0.7083333333333334
AMZN,573,PARAGRAPH_FINBERT_FUSION,2018-11,60,0.39583333333333337,0.2958118346747295,-0.20701966780270625,0.4166666666666667,0.5833333333333334,False,0.8075758309233989,0.5,0.2916666666666667
AMZN,573,PARAGRAPH_FINBERT_FUSION,2018-12,54,0.606015037593985,0.21656665182585377,0.20770247549870044,0.6296296296296297,0.3888888888888889,False,0.6119092356549637,0.5263157894736842,0.6857142857142857
AMZN,573,PARAGRAPH_FINBERT_FUSION,2019-01,63,0.48947368421052634,0.2680870539594753,-0.02092091413420943,0.5079365079365079,0.5873015873015873,False,0.7447699781048647,0.5789473684210527,0.4
AMZN,573,PARAGRAPH_FINBERT_FUSION,2019-02,2,1.0,0.21454052824198594,1.0,1.0,0.5,False,0.6220300030702828,1.0,1.0
AMZN,573,PARAGRAPH_MODERN_FUSION,2018-01,60,0.5111111111111111,0.20939991178779602,0.022222222222222223,0.6333333333333333,0.75,False,0.599451008872547,0.7555555555555555,0.26666666666666666
AMZN,573,PARAGRAPH_MODERN_FUSION,2018-02,57,0.619375,0.21932488393952354,0.24335653391146622,0.631578947368421,0.38596491228070173,False,0.6187154353545793,0.52,0.71875
AMZN,573,PARAGRAPH_MODERN_FUSION,2018-03,62,0.6576719576719576,0.1999855195563496,0.3141824236797005,0.6612903225806451,0.45161290322580644,False,0.5835581734305234,0.6296296296296297,0.6857142857142857
AMZN,573,PARAGRAPH_MODERN_FUSION,2018-04,63,0.6357142857142857,0.23403999651444632,0.2697818712673558,0.6349206349206349,0.49206349206349204,False,0.6591376283269456,0.6428571428571429,0.6285714285714286
AMZN,573,PARAGRAPH_MODERN_FUSION,2018-05,65,0.564327485380117,0.24464040639711576,0.13137196671500342,0.5846153846153846,0.6307692307692307,False,0.6864930276367867,0.6842105263157895,0.4444444444444444
AMZN,573,PARAGRAPH_MODERN_FUSION,2018-06,63,0.6510869565217392,0.25536423649217865,0.2918854352801602,0.6507936507936508,0.5396825396825397,False,0.7254380122361915,0.65,0.6521739130434783
AMZN,573,PARAGRAPH_MODERN_FUSION,2018-07,60,0.65,0.21641926905793568,0.32245846375500836,0.65,0.6833333333333333,False,0.6167966678047718,0.8333333333333334,0.4666666666666667
AMZN,573,PARAGRAPH_MODERN_FUSION,2018-08,69,0.6633620689655173,0.23474482499447172,0.3355164923135971,0.6811594202898551,0.6376811594202898,False,0.6914070537361106,0.775,0.5517241379310345
AMZN,573,PARAGRAPH_MODERN_FUSION,2018-09,57,0.5431034482758621,0.28298793021469004,0.08652717095470748,0.543859649122807,0.45614035087719296,False,0.7861525857213517,0.5,0.5862068965517241
AMZN,573,PARAGRAPH_MODERN_FUSION,2018-10,69,0.5922619047619048,0.21691440711786855,0.1782669361634415,0.6376811594202898,0.34782608695652173,False,0.6241240628804587,0.47619047619047616,0.7083333333333334
AMZN,573,PARAGRAPH_MODERN_FUSION,2018-11,60,0.4027777777777778,0.2951961329317082,-0.19767387315371676,0.43333333333333335,0.6333333333333333,False,0.8102854217437883,0.5555555555555556,0.25
AMZN,573,PARAGRAPH_MODERN_FUSION,2018-12,54,0.6180451127819548,0.2318212257768515,0.22800483931508855,0.6296296296296297,0.42592592592592593,False,0.6748932840794192,0.5789473684210527,0.6571428571428571
AMZN,573,PARAGRAPH_MODERN_FUSION,2019-01,63,0.49631578947368427,0.25829435356469743,-0.007254762501100117,0.5079365079365079,0.5555555555555556,False,0.7178751835542432,0.5526315789473685,0.44
AMZN,573,PARAGRAPH_MODERN_FUSION,2019-02,2,1.0,0.21454052824198594,1.0,1.0,0.5,False,0.6220300030702828,1.0,1.0
AMZN,574,PAPER,2018-01,60,0.5666666666666667,0.1811983874218667,0.19245008972987526,0.75,0.9,False,0.5328207545926527,0.9333333333333333,0.2
AMZN,574,PAPER,2018-02,57,0.643125,0.24948760970476938,0.3161102433892482,0.6140350877192983,0.7192982456140351,False,0.7410250395120487,0.88,0.40625
AMZN,574,PAPER,2018-03,62,0.6873015873015873,0.21638611683432238,0.3973266675238695,0.6612903225806451,0.6774193548387096,False,0.6326735527880276,0.8888888888888888,0.4857142857142857
AMZN,574,PAPER,2018-04,63,0.575,0.24430847865428998,0.15811388300841897,0.5555555555555556,0.6666666666666666,False,0.6895146978640243,0.75,0.4
AMZN,574,PAPER,2018-05,65,0.5404483430799221,0.2677912873831329,0.08524490407175342,0.5692307692307692,0.676923076923077,False,0.7490759759811505,0.7105263157894737,0.37037037037037035
AMZN,574,PAPER,2018-06,63,0.5646739130434782,0.2375129704142088,0.14979281758067628,0.6349206349206349,0.7777777777777778,False,0.702334810819817,0.825,0.30434782608695654
AMZN,574,PAPER,2018-07,60,0.65,0.2264261189238374,0.3641010273282307,0.65,0.7833333333333333,False,0.6489201454853806,0.9333333333333333,0.36666666666666664
AMZN,574,PAPER,2018-08,69,0.5926724137931034,0.2595963942466699,0.22749093868363565,0.6376811594202898,0.7971014492753623,False,0.768692640706061,0.875,0.3103448275862069
AMZN,574,PAPER,2018-09,57,0.4753694581280788,0.3384979524073603,-0.05019709681940576,0.47368421052631576,0.5964912280701754,False,1.044042752536179,0.5714285714285714,0.3793103448275862
AMZN,574,PAPER,2018-10,69,0.5729166666666666,0.23741765373929763,0.13536118192690832,0.5362318840579711,0.5652173913043478,False,0.666618345066131,0.6666666666666666,0.4791666666666667
AMZN,574,PAPER,2018-11,60,0.4236111111111111,0.30121875539199383,-0.22017621148199482,0.5,0.8666666666666667,False,0.8420701226583956,0.8055555555555556,0.041666666666666664
AMZN,574,PAPER,2018-12,54,0.5421052631578948,0.2503032808685487,0.0832765544443563,0.5,0.6296296296296297,False,0.7668592565492887,0.6842105263157895,0.4
AMZN,574,PAPER,2019-01,63,0.5742105263157895,0.23831223877789176,0.1849190267106889,0.6349206349206349,0.8095238095238095,False,0.6757968248639804,0.868421052631579,0.28
AMZN,574,PAPER,2019-02,2,0.5,0.25286087560340065,0.0,0.5,1.0,True,0.698899584796771,1.0,0.0
AMZN,574,PRICE,2018-01,60,0.4444444444444444,0.2537252220017488,-0.10677035543974552,0.5666666666666667,0.7166666666666667,False,0.7010599497592501,0.6888888888888889,0.2
AMZN,574,PRICE,2018-02,57,0.503125,0.27299217574123874,0.00632152171780217,0.49122807017543857,0.5964912280701754,False,0.7466228389924351,0.6,0.40625
AMZN,574,PRICE,2018-03,62,0.5248677248677248,0.25840037308922104,0.04973544973544974,0.5161290322580645,0.5645161290322581,False,0.7105316544192206,0.5925925925925926,0.45714285714285713
AMZN,574,PRICE,2018-04,63,0.5642857142857143,0.24699498683216728,0.12909944487358058,0.5555555555555556,0.5714285714285714,False,0.6877978937675302,0.6428571428571429,0.4857142857142857
AMZN,574,PRICE,2018-05,65,0.5141325536062378,0.2504896529312464,0.02912968271851514,0.5384615384615384,0.6461538461538462,False,0.6941312490096719,0.6578947368421053,0.37037037037037035
AMZN,574,PRICE,2018-06,63,0.5891304347826087,0.23373422679168598,0.1782608695652174,0.6190476190476191,0.6349206349206349,False,0.6603499757397159,0.7,0.4782608695652174
AMZN,574,PRICE,2018-07,60,0.5,0.24265232924502025,0.0,0.5,0.7,False,0.6782662376772228,0.7,0.3
AMZN,574,PRICE,2018-08,69,0.5521551724137931,0.23944014102363173,0.11048316484363792,0.5797101449275363,0.6811594202898551,False,0.6718288185749565,0.725,0.3793103448275862
AMZN,574,PRICE,2018-09,57,0.5283251231527094,0.2642308254268429,0.05817474046899912,0.5263157894736842,0.6140350877192983,False,0.7232269781420783,0.6428571428571429,0.41379310344827586
AMZN,574,PRICE,2018-10,69,0.46726190476190477,0.2619804622842271,-0.060312238704645485,0.463768115942029,0.5217391304347826,False,0.7203330974977866,0.47619047619047616,0.4583333333333333
AMZN,574,PRICE,2018-11,60,0.4930555555555556,0.29089252895096185,-0.013638618139749523,0.5,0.5333333333333333,False,0.7964768509258201,0.5277777777777778,0.4583333333333333
AMZN,574,PRICE,2018-12,54,0.46541353383458645,0.27062364303808845,-0.06611215586238313,0.46296296296296297,0.5185185185185185,False,0.7434164599364868,0.47368421052631576,0.45714285714285713
AMZN,574,PRICE,2019-01,63,0.3831578947368421,0.26884738160265587,-0.23542536230103778,0.4126984126984127,0.6190476190476191,False,0.731581209880294,0.5263157894736842,0.24
AMZN,574,PRICE,2019-02,2,0.5,0.23254597044436187,0.0,0.5,1.0,True,0.6581416055237571,1.0,0.0
AMZN,574,FULL,2018-01,60,0.5222222222222223,0.2044756064265339,0.05163977794943222,0.6833333333333333,0.8333333333333334,False,0.599067258088201,0.8444444444444444,0.2
AMZN,574,FULL,2018-02,57,0.6125,0.2577120958078937,0.22360679774997896,0.6140350877192983,0.47368421052631576,False,0.8471813601952111,0.6,0.625
AMZN,574,FULL,2018-03,62,0.6248677248677248,0.21418315722777345,0.24881561069936012,0.6290322580645161,0.45161290322580644,False,0.644835235011419,0.5925925925925926,0.6571428571428571
AMZN,574,FULL,2018-04,63,0.5928571428571429,0.23765542339795717,0.18514836986616265,0.5873015873015873,0.5396825396825397,False,0.6759542184228,0.6428571428571429,0.5428571428571428
AMZN,574,FULL,2018-05,65,0.5696881091617934,0.28157796664014734,0.14019850403200998,0.5846153846153846,0.6,False,0.8383975812382898,0.6578947368421053,0.48148148148148145
AMZN,574,FULL,2018-06,63,0.6918478260869565,0.2248569297908057,0.38369565217391305,0.7142857142857143,0.6349206349206349,False,0.7010381455249604,0.775,0.6086956521739131
AMZN,574,FULL,2018-07,60,0.6000000000000001,0.230991314273563,0.21213203435596426,0.6,0.6666666666666666,False,0.6734229475680246,0.7666666666666667,0.43333333333333335
AMZN,574,FULL,2018-08,69,0.6086206896551725,0.24740381360245695,0.21971768720102056,0.6231884057971014,0.6086956521739131,False,0.7213607960940638,0.7,0.5172413793103449
AMZN,574,FULL,2018-09,57,0.4895320197044335,0.3504872063685679,-0.02133376614824745,0.49122807017543857,0.40350877192982454,False,1.1733232332718873,0.39285714285714285,0.5862068965517241
AMZN,574,FULL,2018-10,69,0.5342261904761905,0.22952013199875376,0.0668153104781061,0.5942028985507246,0.3333333333333333,False,0.6679130368286511,0.38095238095238093,0.6875
AMZN,574,FULL,2018-11,60,0.4444444444444444,0.3341297454573035,-0.1111111111111111,0.4666666666666667,0.6,False,0.9954347753231002,0.5555555555555556,0.3333333333333333
AMZN,574,FULL,2018-12,54,0.6300751879699248,0.23933496401589552,0.24915308972761965,0.6296296296296297,0.46296296296296297,False,0.7439105895207659,0.631578947368421,0.6285714285714286
AMZN,574,FULL,2019-01,63,0.5357894736842105,0.2713122745291025,0.07157894736842105,0.5555555555555556,0.6031746031746031,False,0.8115437965190611,0.631578947368421,0.44
AMZN,574,FULL,2019-02,2,0.5,0.23254597044436187,0.0,0.5,1.0,True,0.6581416055237571,1.0,0.0
AMZN,574,TFIDF_LR,2018-01,60,0.5888888888888889,0.22440571263062925,0.3086066999241838,0.7833333333333333,0.9333333333333333,False,0.6415664689384895,0.9777777777777777,0.2
AMZN,574,TFIDF_LR,2018-02,57,0.634375,0.22539086974676742,0.27943294413914455,0.6140350877192983,0.6491228070175439,False,0.6428225521785685,0.8,0.46875
AMZN,574,TFIDF_LR,2018-03,62,0.6687830687830688,0.23410698694166102,0.3536496259531674,0.6451612903225806,0.6612903225806451,False,0.6610926724939057,0.8518518518518519,0.4857142857142857
AMZN,574,TFIDF_LR,2018-04,63,0.6071428571428571,0.23222735643086326,0.2258769757263128,0.5873015873015873,0.6666666666666666,False,0.6571295279152427,0.7857142857142857,0.42857142857142855
AMZN,574,TFIDF_LR,2018-05,65,0.5823586744639376,0.24782802775917645,0.20292692584270036,0.6307692307692307,0.8,False,0.6896463790135537,0.868421052631579,0.2962962962962963
AMZN,574,TFIDF_LR,2018-06,63,0.5027173913043478,0.23820031126479194,0.007858682668274143,0.6031746031746031,0.873015873015873,False,0.6693602050472356,0.875,0.13043478260869565
AMZN,574,TFIDF_LR,2018-07,60,0.6333333333333333,0.2276140051871159,0.30151134457776363,0.6333333333333333,0.7333333333333333,False,0.6471871420516524,0.8666666666666667,0.4
AMZN,574,TFIDF_LR,2018-08,69,0.6271551724137931,0.23799113826616952,0.2974370706476341,0.6666666666666666,0.7681159420289855,False,0.6692412781047012,0.875,0.3793103448275862
AMZN,574,TFIDF_LR,2018-09,57,0.49322660098522164,0.25335579552183546,-0.013911350981717181,0.49122807017543857,0.6140350877192983,False,0.7004196084335635,0.6071428571428571,0.3793103448275862
AMZN,574,TFIDF_LR,2018-10,69,0.6309523809523809,0.23018396398097177,0.24414321889016138,0.5797101449275363,0.5797101449275363,False,0.652217735022481,0.7619047619047619,0.5
AMZN,574,TFIDF_LR,2018-11,60,0.4791666666666667,0.25713855401561364,-0.04826170890658402,0.5333333333333333,0.7666666666666667,False,0.7081652340990314,0.75,0.20833333333333334
AMZN,574,TFIDF_LR,2018-12,54,0.5684210526315789,0.24152262357147944,0.1368421052631579,0.5185185185185185,0.6481481481481481,False,0.6753438929626858,0.7368421052631579,0.4
AMZN,574,TFIDF_LR,2019-01,63,0.6078947368421053,0.2300277262328788,0.23784207322719778,0.6507936507936508,0.7301587301587301,False,0.6524986549593458,0.8157894736842105,0.4
AMZN,574,TFIDF_LR,2019-02,2,0.5,0.252457214476784,0.0,0.5,1.0,True,0.6980848020456114,1.0,0.0
AMZN,574,TFIDF_SVM,2018-01,60,0.5888888888888889,0.2134140965764397,0.3086066999241838,0.7833333333333333,0.9333333333333333,False,0.6188747632007672,0.9777777777777777,0.2
AMZN,574,TFIDF_SVM,2018-02,57,0.69,0.22595278640315578,0.4,0.6666666666666666,0.6666666666666666,False,0.6440002249805641,0.88,0.5
AMZN,574,TFIDF_SVM,2018-03,62,0.6317460317460317,0.2288937662798389,0.2704501466794463,0.6129032258064516,0.6290322580645161,False,0.650185047247575,0.7777777777777778,0.4857142857142857
AMZN,574,TFIDF_SVM,2018-04,63,0.6071428571428571,0.23808811485015255,0.2258769757263128,0.5873015873015873,0.6666666666666666,False,0.6693473205344048,0.7857142857142857,0.42857142857142855
AMZN,574,TFIDF_SVM,2018-05,65,0.6301169590643274,0.24881116508878767,0.2819563401219331,0.6615384615384615,0.7076923076923077,False,0.6936702981908126,0.8157894736842105,0.4444444444444444
AMZN,574,TFIDF_SVM,2018-06,63,0.5244565217391304,0.2414701951646914,0.06729773775727069,0.6190476190476191,0.8571428571428571,False,0.6760724375226409,0.875,0.17391304347826086
AMZN,574,TFIDF_SVM,2018-07,60,0.6166666666666667,0.22745948796724302,0.26943012562182533,0.6166666666666667,0.75,False,0.6456393642908519,0.8666666666666667,0.36666666666666664
AMZN,574,TFIDF_SVM,2018-08,69,0.6443965517241379,0.2341110227453708,0.33081841756736996,0.6811594202898551,0.7536231884057971,False,0.6621521538239998,0.875,0.41379310344827586
AMZN,574,TFIDF_SVM,2018-09,57,0.4753694581280788,0.2584608152531264,-0.05019709681940576,0.47368421052631576,0.5964912280701754,False,0.7126256252105614,0.5714285714285714,0.3793103448275862
AMZN,574,TFIDF_SVM,2018-10,69,0.6309523809523809,0.22507753574387387,0.24414321889016138,0.5797101449275363,0.5797101449275363,False,0.6409148081354644,0.7619047619047619,0.5
AMZN,574,TFIDF_SVM,2018-11,60,0.4097222222222222,0.2666080955884805,-0.24772017853917946,0.48333333333333334,0.85,False,0.7275990007425578,0.7777777777777778,0.041666666666666664
AMZN,574,TFIDF_SVM,2018-12,54,0.5684210526315789,0.2438390488433574,0.1368421052631579,0.5185185185185185,0.6481481481481481,False,0.6799575218984019,0.7368421052631579,0.4
AMZN,574,TFIDF_SVM,2019-01,63,0.6142105263157895,0.22635619434349488,0.2688040905524772,0.6666666666666666,0.7777777777777778,False,0.644484472317314,0.868421052631579,0.36
AMZN,574,TFIDF_SVM,2019-02,2,0.5,0.2531488211077191,0.0,0.5,1.0,True,0.6994826189784996,1.0,0.0
AMZN,574,TFIDF_RF,2018-01,60,0.5666666666666667,0.2325695812409392,0.15491933384829668,0.7166666666666667,0.8333333333333334,False,0.6581462137501699,0.8666666666666667,0.26666666666666666
AMZN,574,TFIDF_RF,2018-02,57,0.6699999999999999,0.2306853178759731,0.3535151665388247,0.6491228070175439,0.6491228070175439,False,0.6540177712728777,0.84,0.5
AMZN,574,TFIDF_RF,2018-03,62,0.6216931216931216,0.242089469290324,0.25815009471889827,0.5967741935483871,0.6774193548387096,False,0.6771954169329812,0.8148148148148148,0.42857142857142855
AMZN,574,TFIDF_RF,2018-04,63,0.5892857142857143,0.2442760030489703,0.18613229922816868,0.5714285714285714,0.6507936507936508,False,0.6822945827940242,0.75,0.42857142857142855
AMZN,574,TFIDF_RF,2018-05,65,0.5482456140350878,0.25126153024879744,0.10626159555108836,0.5846153846153846,0.7230769230769231,False,0.6966986544201874,0.7631578947368421,0.3333333333333333
AMZN,574,TFIDF_RF,2018-06,63,0.5211956521739131,0.23966717244165714,0.0519750579568351,0.6031746031746031,0.8095238095238095,False,0.6723779636975121,0.825,0.21739130434782608
AMZN,574,TFIDF_RF,2018-07,60,0.65,0.2347923945196162,0.34641016151377546,0.65,0.75,False,0.6624966724076532,0.9,0.4
AMZN,574,TFIDF_RF,2018-08,69,0.5676724137931034,0.2400462011872048,0.15829701725992731,0.6086956521739131,0.7681159420289855,False,0.6730426544302778,0.825,0.3103448275862069
AMZN,574,TFIDF_RF,2018-09,57,0.5277093596059113,0.25768944170939934,0.05611408793082274,0.5263157894736842,0.5789473684210527,False,0.7092585412191582,0.6071428571428571,0.4482758620689655
AMZN,574,TFIDF_RF,2018-10,69,0.6026785714285714,0.24237997651639162,0.2004459314343183,0.5217391304347826,0.6666666666666666,False,0.6776019063491897,0.8095238095238095,0.3958333333333333
AMZN,574,TFIDF_RF,2018-11,60,0.4722222222222222,0.25157205789920184,-0.06804138174397717,0.5333333333333333,0.8,False,0.6965558568871352,0.7777777777777778,0.16666666666666666
AMZN,574,TFIDF_RF,2018-12,54,0.5300751879699248,0.24959034203287084,0.05846054221936677,0.5,0.5925925925925926,False,0.6918910219748476,0.631578947368421,0.42857142857142855
AMZN,574,TFIDF_RF,2019-01,63,0.5878947368421052,0.24002628306272744,0.19758125888702568,0.6349206349206349,0.746031746031746,False,0.6732595917607017,0.8157894736842105,0.36
AMZN,574,TFIDF_RF,2019-02,2,0.5,0.2546351988337989,0.0,0.5,1.0,True,0.7024843125397886,1.0,0.0
AMZN,574,TFIDF_LR_PRICE_FALLBACK,2018-01,60,0.5333333333333333,0.2362476032631558,0.08084520834544433,0.7,0.85,False,0.6656209419790725,0.8666666666666667,0.2
AMZN,574,TFIDF_LR_PRICE_FALLBACK,2018-02,57,0.5925,0.2436112933814266,0.18431012811308561,0.5964912280701754,0.45614035087719296,False,0.6863787158216205,0.56,0.625
AMZN,574,TFIDF_LR_PRICE_FALLBACK,2018-03,62,0.6248677248677248,0.23759259384670314,0.24881561069936012,0.6290322580645161,0.45161290322580644,False,0.6683435077336358,0.5925925925925926,0.6571428571428571
AMZN,574,TFIDF_LR_PRICE_FALLBACK,2018-04,63,0.6285714285714286,0.22500511787562075,0.25819888974716115,0.6190476190476191,0.5714285714285714,False,0.6424973646369373,0.7142857142857143,0.5428571428571428
AMZN,574,TFIDF_LR_PRICE_FALLBACK,2018-05,65,0.5667641325536062,0.24912171774862815,0.1446742269539507,0.6,0.7076923076923077,False,0.6922020706133105,0.7631578947368421,0.37037037037037035
AMZN,574,TFIDF_LR_PRICE_FALLBACK,2018-06,63,0.6048913043478261,0.23007387717789698,0.22006970263318495,0.6507936507936508,0.6984126984126984,False,0.6529130142666167,0.775,0.43478260869565216
AMZN,574,TFIDF_LR_PRICE_FALLBACK,2018-07,60,0.6,0.22979318136596183,0.2075143391598224,0.6,0.6333333333333333,False,0.6515566230009494,0.7333333333333333,0.4666666666666667
AMZN,574,TFIDF_LR_PRICE_FALLBACK,2018-08,69,0.6038793103448276,0.23380410834744417,0.21334953732869893,0.6231884057971014,0.6376811594202898,False,0.6606784736966189,0.725,0.4827586206896552
AMZN,574,TFIDF_LR_PRICE_FALLBACK,2018-09,57,0.5073891625615763,0.2602537622075651,0.014963756781552729,0.5087719298245614,0.42105263157894735,False,0.7151140395109699,0.42857142857142855,0.5862068965517241
AMZN,574,TFIDF_LR_PRICE_FALLBACK,2018-10,69,0.5342261904761905,0.2360368746083566,0.0668153104781061,0.5942028985507246,0.3333333333333333,False,0.6670674788272595,0.38095238095238093,0.6875
AMZN,574,TFIDF_LR_PRICE_FALLBACK,2018-11,60,0.5555555555555556,0.25808911624031156,0.10984700727621793,0.5666666666666667,0.5666666666666667,False,0.7097578018156858,0.6111111111111112,0.5
AMZN,574,TFIDF_LR_PRICE_FALLBACK,2018-12,54,0.6300751879699248,0.22544136353845068,0.24915308972761965,0.6296296296296297,0.46296296296296297,False,0.6476364526455155,0.631578947368421,0.6285714285714286
AMZN,574,TFIDF_LR_PRICE_FALLBACK,2019-01,63,0.5694736842105264,0.23261930283713145,0.1361114094757441,0.5714285714285714,0.5238095238095238,False,0.656990784853303,0.5789473684210527,0.56
AMZN,574,TFIDF_LR_PRICE_FALLBACK,2019-02,2,0.5,0.23254597044436187,0.0,0.5,1.0,True,0.6581416055237571,1.0,0.0
AMZN,574,TFIDF_SVM_PRICE_FALLBACK,2018-01,60,0.5333333333333333,0.22695858492172785,0.08084520834544433,0.7,0.85,False,0.6463905543375364,0.8666666666666667,0.2
AMZN,574,TFIDF_SVM_PRICE_FALLBACK,2018-02,57,0.6481250000000001,0.24456351810200302,0.2944156170374723,0.6491228070175439,0.47368421052631576,False,0.6883572211684175,0.64,0.65625
AMZN,574,TFIDF_SVM_PRICE_FALLBACK,2018-03,62,0.5878306878306878,0.2332105631016774,0.17650388109758078,0.5967741935483871,0.41935483870967744,False,0.6591231298131307,0.5185185185185185,0.6571428571428571
AMZN,574,TFIDF_SVM_PRICE_FALLBACK,2018-04,63,0.6285714285714286,0.2282045636452279,0.25819888974716115,0.6190476190476191,0.5714285714285714,False,0.6493075308044587,0.7142857142857143,0.5428571428571428
AMZN,574,TFIDF_SVM_PRICE_FALLBACK,2018-05,65,0.614522417153996,0.2503851776551871,0.2320033104556445,0.6307692307692307,0.6153846153846154,False,0.6967709741559798,0.7105263157894737,0.5185185185185185
AMZN,574,TFIDF_SVM_PRICE_FALLBACK,2018-06,63,0.6266304347826087,0.23381036340332487,0.2619466096157402,0.6666666666666666,0.6825396825396826,False,0.6605755983561736,0.775,0.4782608695652174
AMZN,574,TFIDF_SVM_PRICE_FALLBACK,2018-07,60,0.5833333333333333,0.22942664591371342,0.17471413945365305,0.5833333333333334,0.65,False,0.6495740026899977,0.7333333333333333,0.43333333333333335
AMZN,574,TFIDF_SVM_PRICE_FALLBACK,2018-08,69,0.6211206896551724,0.23206723105762941,0.24674958079543985,0.6376811594202898,0.6231884057971014,False,0.6579271885254605,0.725,0.5172413793103449
AMZN,574,TFIDF_SVM_PRICE_FALLBACK,2018-09,57,0.4895320197044335,0.26444953345570166,-0.02133376614824745,0.49122807017543857,0.40350877192982454,False,0.7254631093836276,0.39285714285714285,0.5862068965517241
AMZN,574,TFIDF_SVM_PRICE_FALLBACK,2018-10,69,0.5342261904761905,0.23121423899247323,0.0668153104781061,0.5942028985507246,0.3333333333333333,False,0.6563661599985131,0.38095238095238093,0.6875
AMZN,574,TFIDF_SVM_PRICE_FALLBACK,2018-11,60,0.48611111111111105,0.2657793959750936,-0.02853069950072753,0.5166666666666667,0.65,False,0.7255664719517356,0.6388888888888888,0.3333333333333333
AMZN,574,TFIDF_SVM_PRICE_FALLBACK,2018-12,54,0.6300751879699248,0.22341250602737833,0.24915308972761965,0.6296296296296297,0.46296296296296297,False,0.6434165193769973,0.631578947368421,0.6285714285714286
AMZN,574,TFIDF_SVM_PRICE_FALLBACK,2019-01,63,0.5757894736842105,0.22791653770076695,0.14985372985307102,0.5873015873015873,0.5714285714285714,False,0.6468530219536968,0.631578947368421,0.52
AMZN,574,TFIDF_SVM_PRICE_FALLBACK,2019-02,2,0.5,0.23254597044436187,0.0,0.5,1.0,True,0.6581416055237571,1.0,0.0
AMZN,574,TFIDF_RF_PRICE_FALLBACK,2018-01,60,0.5111111111111111,0.24505863408656195,0.022222222222222223,0.6333333333333333,0.75,False,0.6835044330077902,0.7555555555555555,0.26666666666666666
AMZN,574,TFIDF_RF_PRICE_FALLBACK,2018-02,57,0.628125,0.2489022871219925,0.2552944342106929,0.631578947368421,0.45614035087719296,False,0.6975668024188583,0.6,0.65625
AMZN,574,TFIDF_RF_PRICE_FALLBACK,2018-03,62,0.5777777777777777,0.24606739937137143,0.15457720902282446,0.5806451612903226,0.46774193548387094,False,0.6854364881102802,0.5555555555555556,0.6
AMZN,574,TFIDF_RF_PRICE_FALLBACK,2018-04,63,0.6107142857142858,0.23629421090606562,0.22142857142857142,0.6031746031746031,0.5555555555555556,False,0.6661290175735429,0.6785714285714286,0.5428571428571428
AMZN,574,TFIDF_RF_PRICE_FALLBACK,2018-05,65,0.5326510721247564,0.25312980117380185,0.06668122552958507,0.5538461538461539,0.6307692307692307,False,0.70041267066106,0.6578947368421053,0.4074074074074074
AMZN,574,TFIDF_RF_PRICE_FALLBACK,2018-06,63,0.6233695652173913,0.23174582542144553,0.2467391304347826,0.6507936507936508,0.6349206349206349,False,0.6563457853747277,0.725,0.5217391304347826
AMZN,574,TFIDF_RF_PRICE_FALLBACK,2018-07,60,0.6166666666666667,0.23686613714374366,0.24459979523511427,0.6166666666666667,0.65,False,0.6666533314565853,0.7666666666666667,0.4666666666666667
AMZN,574,TFIDF_RF_PRICE_FALLBACK,2018-08,69,0.5443965517241379,0.2372911980807035,0.09118258234380079,0.5652173913043478,0.6376811594202898,False,0.6673612153428303,0.675,0.41379310344827586
AMZN,574,TFIDF_RF_PRICE_FALLBACK,2018-09,57,0.541871921182266,0.26446960888919213,0.08599744243243347,0.543859649122807,0.38596491228070173,False,0.7237171975504026,0.42857142857142855,0.6551724137931034
AMZN,574,TFIDF_RF_PRICE_FALLBACK,2018-10,69,0.5059523809523809,0.2468843787436152,0.011097419040461881,0.5362318840579711,0.42028985507246375,False,0.6897356677355817,0.42857142857142855,0.5833333333333334
AMZN,574,TFIDF_RF_PRICE_FALLBACK,2018-11,60,0.548611111111111,0.25228930017829365,0.09722222222222222,0.5666666666666667,0.6,False,0.6976805271387091,0.6388888888888888,0.4583333333333333
AMZN,574,TFIDF_RF_PRICE_FALLBACK,2018-12,54,0.5917293233082707,0.23207550835157295,0.17830465376906865,0.6111111111111112,0.4074074074074074,False,0.6612892542876609,0.5263157894736842,0.6571428571428571
AMZN,574,TFIDF_RF_PRICE_FALLBACK,2019-01,63,0.5494736842105263,0.2434440091480212,0.09712423106108926,0.5555555555555556,0.5396825396825397,False,0.6794155753169603,0.5789473684210527,0.52
AMZN,574,TFIDF_RF_PRICE_FALLBACK,2019-02,2,0.5,0.23254597044436187,0.0,0.5,1.0,True,0.6581416055237571,1.0,0.0
AMZN,574,A1,2018-01,60,0.5,0.2430593399218748,0.0,0.65,0.8,False,0.6791267302587368,0.8,0.2
AMZN,574,A1,2018-02,57,0.60375,0.2517874573801786,0.20987452103103207,0.6140350877192983,0.40350877192982454,False,0.7032400322642606,0.52,0.6875
AMZN,574,A1,2018-03,62,0.5634920634920635,0.24869991477413478,0.12598815766974242,0.5645161290322581,0.4838709677419355,False,0.69074573696083,0.5555555555555556,0.5714285714285714
AMZN,574,A1,2018-04,63,0.6642857142857143,0.23380043550471905,0.3337190750506054,0.6507936507936508,0.6031746031746031,False,0.6604128540362084,0.7857142857142857,0.5428571428571428
AMZN,574,A1,2018-05,65,0.5428849902534113,0.251452669624866,0.0981185135942727,0.5846153846153846,0.7538461538461538,False,0.6964281359239588,0.7894736842105263,0.2962962962962963
AMZN,574,A1,2018-06,63,0.6173913043478261,0.23457516307973625,0.2502172968684897,0.6666666666666666,0.7142857142857143,False,0.6620952859734981,0.8,0.43478260869565216
AMZN,574,A1,2018-07,60,0.6,0.23438122148105803,0.2075143391598224,0.6,0.6333333333333333,False,0.6613110410715387,0.7333333333333333,0.4666666666666667
AMZN,574,A1,2018-08,69,0.6086206896551725,0.23387560073331531,0.21971768720102056,0.6231884057971014,0.6086956521739131,False,0.6604928446449191,0.7,0.5172413793103449
AMZN,574,A1,2018-09,57,0.5246305418719212,0.26171475757770696,0.05019709681940576,0.5263157894736842,0.40350877192982454,False,0.7178754270449957,0.42857142857142855,0.6206896551724138
AMZN,574,A1,2018-10,69,0.5684523809523809,0.24339569156008467,0.1336306209562122,0.6231884057971014,0.3333333333333333,False,0.6822236812203719,0.42857142857142855,0.7083333333333334
AMZN,574,A1,2018-11,60,0.5694444444444444,0.2524624211347183,0.13801311186847084,0.5833333333333334,0.5833333333333334,False,0.6981341403096671,0.6388888888888888,0.5
AMZN,574,A1,2018-12,54,0.6421052631578947,0.23269583732349075,0.27144835701531844,0.6296296296296297,0.5,False,0.6625317904673821,0.6842105263157895,0.6
AMZN,574,A1,2019-01,63,0.5763157894736842,0.23886939110537067,0.14936552287174718,0.5714285714285714,0.49206349206349204,False,0.6699015378467051,0.5526315789473685,0.6
AMZN,574,A1,2019-02,2,0.5,0.23254597044436187,0.0,0.5,1.0,True,0.6581416055237571,1.0,0.0
AMZN,574,A2,2018-01,60,0.5222222222222223,0.23685066873010469,0.05163977794943222,0.6833333333333333,0.8333333333333334,False,0.6666108468480924,0.8444444444444444,0.2
AMZN,574,A2,2018-02,57,0.62375,0.24490716442476335,0.248746859276655,0.631578947368421,0.42105263157894735,False,0.6887246641970781,0.56,0.6875
AMZN,574,A2,2018-03,62,0.5920634920634921,0.24321784313601982,0.18344879771901976,0.5967741935483871,0.45161290322580644,False,0.6797286740250679,0.5555555555555556,0.6285714285714286
AMZN,574,A2,2018-04,63,0.625,0.23066686258950692,0.24923819020444973,0.6190476190476191,0.5396825396825397,False,0.6543898085474166,0.6785714285714286,0.5714285714285714
AMZN,574,A2,2018-05,65,0.5404483430799221,0.24673090752476975,0.08524490407175342,0.5692307692307692,0.676923076923077,False,0.6865235512520151,0.7105263157894737,0.37037037037037035
AMZN,574,A2,2018-06,63,0.5956521739130435,0.23282671934513952,0.2074986987830624,0.6507936507936508,0.7301587301587301,False,0.658493138774235,0.8,0.391304347826087
AMZN,574,A2,2018-07,60,0.5833333333333333,0.23595796419227663,0.17139779254776524,0.5833333333333334,0.6166666666666667,False,0.6644376035090959,0.7,0.4666666666666667
AMZN,574,A2,2018-08,69,0.5961206896551725,0.2358323445809759,0.19324351318655425,0.6086956521739131,0.5942028985507246,False,0.6647433890549418,0.675,0.5172413793103449
AMZN,574,A2,2018-09,57,0.5055418719211823,0.263693593524614,0.011920540257484747,0.5087719298245614,0.3157894736842105,False,0.7221561285691921,0.32142857142857145,0.6896551724137931
AMZN,574,A2,2018-10,69,0.5446428571428572,0.24146641351813639,0.08815601984727771,0.6086956521739131,0.3188405797101449,False,0.6786039347039999,0.38095238095238093,0.7083333333333334
AMZN,574,A2,2018-11,60,0.5694444444444444,0.25702833819041765,0.13801311186847084,0.5833333333333334,0.5833333333333334,False,0.7077493906924637,0.6388888888888888,0.5
AMZN,574,A2,2018-12,54,0.6015037593984962,0.22942238482310046,0.19389168358237033,0.5925925925925926,0.5,False,0.6556884853414598,0.631578947368421,0.5714285714285714
AMZN,574,A2,2019-01,63,0.5563157894736843,0.23810275161062724,0.11022145480880653,0.5555555555555556,0.5079365079365079,False,0.6683867507082173,0.5526315789473685,0.56
AMZN,574,A2,2019-02,2,0.5,0.23254597044436187,0.0,0.5,1.0,True,0.6581416055237571,1.0,0.0
AMZN,574,A3,2018-01,60,0.5111111111111111,0.22278790582179328,0.02486823656509969,0.6666666666666666,0.8166666666666667,False,0.637441015443997,0.8222222222222222,0.2
AMZN,574,A3,2018-02,57,0.6325000000000001,0.24068174845168983,0.2630345835022965,0.631578947368421,0.49122807017543857,False,0.680700789937701,0.64,0.625
AMZN,574,A3,2018-03,62,0.6105820105820106,0.2359463997814513,0.2197730386787096,0.6129032258064516,0.46774193548387094,False,0.6652784923596483,0.5925925925925926,0.6285714285714286
AMZN,574,A3,2018-04,63,0.6607142857142857,0.2302445468873578,0.3227486121839514,0.6507936507936508,0.5714285714285714,False,0.6545724974350873,0.75,0.5714285714285714
AMZN,574,A3,2018-05,65,0.5589668615984406,0.2508854281987482,0.12281915970360138,0.5846153846153846,0.6615384615384615,False,0.6968544396912562,0.7105263157894737,0.4074074074074074
AMZN,574,A3,2018-06,63,0.5706521739130435,0.23152202690878754,0.14823347845758572,0.6190476190476191,0.6984126984126984,False,0.6553093211663952,0.75,0.391304347826087
AMZN,574,A3,2018-07,60,0.5666666666666667,0.2305663773090253,0.1414213562373095,0.5666666666666667,0.6666666666666666,False,0.6518038590765246,0.7333333333333333,0.4
AMZN,574,A3,2018-08,69,0.6163793103448276,0.23318984574854315,0.24122532033850386,0.6376811594202898,0.6521739130434783,False,0.6603561558755155,0.75,0.4827586206896552
AMZN,574,A3,2018-09,57,0.4729064039408867,0.26375998347407276,-0.0543885074572447,0.47368421052631576,0.45614035087719296,False,0.7231310231850188,0.42857142857142855,0.5172413793103449
AMZN,574,A3,2018-10,69,0.5550595238095237,0.23120641231443334,0.11011904761904762,0.6231884057971014,0.30434782608695654,False,0.6562495403680358,0.38095238095238093,0.7291666666666666
AMZN,574,A3,2018-11,60,0.5347222222222222,0.2538979034353478,0.07216878364870322,0.5666666666666667,0.6666666666666666,False,0.7010353830550636,0.6944444444444444,0.375
AMZN,574,A3,2018-12,54,0.6015037593984962,0.22946395831791375,0.19389168358237033,0.5925925925925926,0.5,False,0.6559528172157255,0.631578947368421,0.5714285714285714
AMZN,574,A3,2019-01,63,0.5621052631578948,0.23119115875602222,0.12621945220296465,0.5873015873015873,0.6349206349206349,False,0.6537849213175788,0.6842105263157895,0.44
AMZN,574,A3,2019-02,2,0.5,0.23254597044436187,0.0,0.5,1.0,True,0.6581416055237571,1.0,0.0
AMZN,574,B1,2018-01,60,0.5222222222222223,0.20434703795714967,0.05163977794943222,0.6833333333333333,0.8333333333333334,False,0.5933377880802678,0.8444444444444444,0.2
AMZN,574,B1,2018-02,57,0.6125,0.25568152608683165,0.22360679774997896,0.6140350877192983,0.47368421052631576,False,0.8202354048006606,0.6,0.625
AMZN,574,B1,2018-03,62,0.6248677248677248,0.21478113190368692,0.24881561069936012,0.6290322580645161,0.45161290322580644,False,0.6469046433254889,0.5925925925925926,0.6571428571428571
AMZN,574,B1,2018-04,63,0.6071428571428572,0.23417486343658303,0.21320071635561041,0.6031746031746031,0.5238095238095238,False,0.6712753981271489,0.6428571428571429,0.5714285714285714
AMZN,574,B1,2018-05,65,0.5696881091617934,0.2801162290483161,0.14019850403200998,0.5846153846153846,0.6,False,0.82738217851674,0.6578947368421053,0.48148148148148145
AMZN,574,B1,2018-06,63,0.6793478260869565,0.22535328006672317,0.3556166625769118,0.6984126984126984,0.6190476190476191,False,0.7015886359022843,0.75,0.6086956521739131
AMZN,574,B1,2018-07,60,0.6,0.2313264848062689,0.2075143391598224,0.6,0.6333333333333333,False,0.6756636297411728,0.7333333333333333,0.4666666666666667
AMZN,574,B1,2018-08,69,0.6086206896551725,0.24321713498940206,0.21971768720102056,0.6231884057971014,0.6086956521739131,False,0.7185354356278756,0.7,0.5172413793103449
AMZN,574,B1,2018-09,57,0.49014778325123154,0.3479738242634716,-0.019851666679418605,0.49122807017543857,0.43859649122807015,False,1.1668444377090168,0.42857142857142855,0.5517241379310345
AMZN,574,B1,2018-10,69,0.5580357142857143,0.22544004717153687,0.11213565339313256,0.6086956521739131,0.34782608695652173,False,0.6599148481082422,0.42857142857142855,0.6875
AMZN,574,B1,2018-11,60,0.4305555555555556,0.34378072239928714,-0.13801311186847084,0.45,0.5833333333333334,False,1.0178065193561634,0.5277777777777778,0.3333333333333333
AMZN,574,B1,2018-12,54,0.6300751879699248,0.24024374839150403,0.24915308972761965,0.6296296296296297,0.46296296296296297,False,0.7476516259966735,0.631578947368421,0.6285714285714286
AMZN,574,B1,2019-01,63,0.5357894736842105,0.2733008369497188,0.07157894736842105,0.5555555555555556,0.6031746031746031,False,0.8176043358751675,0.631578947368421,0.44
AMZN,574,B1,2019-02,2,0.5,0.23254597044436187,0.0,0.5,1.0,True,0.6581416055237571,1.0,0.0
AMZN,574,B2,2018-01,60,0.5111111111111111,0.23423438730106694,0.02486823656509969,0.6666666666666666,0.8166666666666667,False,0.7298466042291255,0.8222222222222222,0.2
AMZN,574,B2,2018-02,57,0.5925,0.2761490522753396,0.18431012811308561,0.5964912280701754,0.45614035087719296,False,1.0095433679539036,0.56,0.625
AMZN,574,B2,2018-03,62,0.6063492063492064,0.2066586925773517,0.2126984126984127,0.6129032258064516,0.43548387096774194,False,0.6408283028856926,0.5555555555555556,0.6571428571428571
AMZN,574,B2,2018-04,63,0.6,0.2503492041916444,0.20313335003080327,0.5873015873015873,0.6031746031746031,False,0.8710944766989505,0.7142857142857143,0.4857142857142857
AMZN,574,B2,2018-05,65,0.601364522417154,0.28177080121343484,0.2039250967738327,0.6153846153846154,0.6,False,0.9465074541503772,0.6842105263157895,0.5185185185185185
AMZN,574,B2,2018-06,63,0.6701086956521739,0.251177892881482,0.34359525297865917,0.6984126984126984,0.6507936507936508,False,0.8435007384445863,0.775,0.5652173913043478
AMZN,574,B2,2018-07,60,0.5833333333333334,0.2559360716669055,0.17914359097500465,0.5833333333333334,0.6833333333333333,False,0.7630686679771763,0.7666666666666667,0.4
AMZN,574,B2,2018-08,69,0.6038793103448276,0.24797530166048815,0.21334953732869893,0.6231884057971014,0.6376811594202898,False,0.818396070048623,0.725,0.4827586206896552
AMZN,574,B2,2018-09,57,0.4562807881773399,0.3615280196542914,-0.0874384236453202,0.45614035087719296,0.5087719298245614,False,1.2708248859032047,0.4642857142857143,0.4482758620689655
AMZN,574,B2,2018-10,69,0.6026785714285714,0.20312365526752327,0.2004459314343183,0.6521739130434783,0.3333333333333333,False,0.6105899783766486,0.47619047619047616,0.7291666666666666
AMZN,574,B2,2018-11,60,0.48611111111111105,0.34190373604500784,-0.02853069950072753,0.5166666666666667,0.65,False,1.1968731001542674,0.6388888888888888,0.3333333333333333
AMZN,574,B2,2018-12,54,0.575187969924812,0.26160113617291914,0.14372207796170244,0.5740740740740741,0.48148148148148145,False,0.8146893527625158,0.5789473684210527,0.5714285714285714
AMZN,574,B2,2019-01,63,0.5889473684210527,0.23150178786336925,0.1767817244340697,0.6031746031746031,0.5873015873015873,False,0.713154458977867,0.6578947368421053,0.52
AMZN,574,B2,2019-02,2,0.5,0.23254597044436187,0.0,0.5,1.0,True,0.6581416055237571,1.0,0.0
AMZN,574,FULL_SHRINK,2018-01,60,0.5222222222222223,0.21536220864785954,0.05163977794943222,0.6833333333333333,0.8333333333333334,False,0.6205474636581667,0.8444444444444444,0.2
AMZN,574,FULL_SHRINK,2018-02,57,0.6125,0.23262334521312938,0.22360679774997896,0.6140350877192983,0.47368421052631576,False,0.6614870492899335,0.6,0.625
AMZN,574,FULL_SHRINK,2018-03,62,0.6248677248677248,0.2228071945124995,0.24881561069936012,0.6290322580645161,0.45161290322580644,False,0.6371920545840691,0.5925925925925926,0.6571428571428571
AMZN,574,FULL_SHRINK,2018-04,63,0.5928571428571429,0.22727766550334869,0.18514836986616265,0.5873015873015873,0.5396825396825397,False,0.6451518755078821,0.6428571428571429,0.5428571428571428
AMZN,574,FULL_SHRINK,2018-05,65,0.5696881091617934,0.2473172232398588,0.14019850403200998,0.5846153846153846,0.6,False,0.6890937999722373,0.6578947368421053,0.48148148148148145
AMZN,574,FULL_SHRINK,2018-06,63,0.6918478260869565,0.22180187548434405,0.38369565217391305,0.7142857142857143,0.6349206349206349,False,0.6362972923933212,0.775,0.6086956521739131
AMZN,574,FULL_SHRINK,2018-07,60,0.6000000000000001,0.22506043278878715,0.21213203435596426,0.6,0.6666666666666666,False,0.6403793766827062,0.7666666666666667,0.43333333333333335
AMZN,574,FULL_SHRINK,2018-08,69,0.6086206896551725,0.230465798009588,0.21971768720102056,0.6231884057971014,0.6086956521739131,False,0.6536683131624021,0.7,0.5172413793103449
AMZN,574,FULL_SHRINK,2018-09,57,0.4895320197044335,0.2855884010150786,-0.02133376614824745,0.49122807017543857,0.40350877192982454,False,0.7711246339783399,0.39285714285714285,0.5862068965517241
AMZN,574,FULL_SHRINK,2018-10,69,0.5342261904761905,0.22733460539908473,0.0668153104781061,0.5942028985507246,0.3333333333333333,False,0.6477666846582127,0.38095238095238093,0.6875
AMZN,574,FULL_SHRINK,2018-11,60,0.4444444444444444,0.281625026581285,-0.1111111111111111,0.4666666666666667,0.6,False,0.7609559979983521,0.5555555555555556,0.3333333333333333
AMZN,574,FULL_SHRINK,2018-12,54,0.6300751879699248,0.22722558781494356,0.24915308972761965,0.6296296296296297,0.46296296296296297,False,0.651648805935031,0.631578947368421,0.6285714285714286
AMZN,574,FULL_SHRINK,2019-01,63,0.5357894736842105,0.24928777384475745,0.07157894736842105,0.5555555555555556,0.6031746031746031,False,0.6927712346062647,0.631578947368421,0.44
AMZN,574,FULL_SHRINK,2019-02,2,0.5,0.23254597044436187,0.0,0.5,1.0,True,0.6581416055237571,1.0,0.0
AMZN,574,TITLE_FINBERT_FUSION,2018-01,60,0.5222222222222223,0.20440134435601368,0.05163977794943222,0.6833333333333333,0.8333333333333334,False,0.5825278665686094,0.8444444444444444,0.2
AMZN,574,TITLE_FINBERT_FUSION,2018-02,57,0.6125,0.2533914336576431,0.22360679774997896,0.6140350877192983,0.47368421052631576,False,0.8012978184724046,0.6,0.625
AMZN,574,TITLE_FINBERT_FUSION,2018-03,62,0.6063492063492064,0.21532920183007204,0.2126984126984127,0.6129032258064516,0.43548387096774194,False,0.6421825045653232,0.5555555555555556,0.6571428571428571
AMZN,574,TITLE_FINBERT_FUSION,2018-04,63,0.5928571428571429,0.22658502532727162,0.18514836986616265,0.5873015873015873,0.5396825396825397,False,0.6372418761623704,0.6428571428571429,0.5428571428571428
AMZN,574,TITLE_FINBERT_FUSION,2018-05,65,0.5828460038986355,0.2803692398357597,0.16783218203174283,0.6,0.6153846153846154,False,0.8386940304526678,0.6842105263157895,0.48148148148148145
AMZN,574,TITLE_FINBERT_FUSION,2018-06,63,0.6701086956521739,0.2268760453096418,0.34359525297865917,0.6984126984126984,0.6507936507936508,False,0.7061338224457047,0.775,0.5652173913043478
AMZN,574,TITLE_FINBERT_FUSION,2018-07,60,0.6000000000000001,0.22771120928259167,0.21213203435596426,0.6,0.6666666666666666,False,0.6698294514832253,0.7666666666666667,0.43333333333333335
AMZN,574,TITLE_FINBERT_FUSION,2018-08,69,0.6086206896551725,0.24373374855801505,0.21971768720102056,0.6231884057971014,0.6086956521739131,False,0.707210973454562,0.7,0.5172413793103449
AMZN,574,TITLE_FINBERT_FUSION,2018-09,57,0.4895320197044335,0.3301086597209132,-0.02133376614824745,0.49122807017543857,0.40350877192982454,False,1.0313524407502688,0.39285714285714285,0.5862068965517241
AMZN,574,TITLE_FINBERT_FUSION,2018-10,69,0.5580357142857143,0.22820820285168533,0.11213565339313256,0.6086956521739131,0.34782608695652173,False,0.6667024714565649,0.42857142857142855,0.6875
AMZN,574,TITLE_FINBERT_FUSION,2018-11,60,0.4444444444444444,0.32883461276605763,-0.1111111111111111,0.4666666666666667,0.6,False,0.9443371322020082,0.5555555555555556,0.3333333333333333
AMZN,574,TITLE_FINBERT_FUSION,2018-12,54,0.6300751879699248,0.23584556435557655,0.24915308972761965,0.6296296296296297,0.46296296296296297,False,0.6908255639286865,0.631578947368421,0.6285714285714286
AMZN,574,TITLE_FINBERT_FUSION,2019-01,63,0.5226315789473684,0.26097866580452644,0.04497996538855028,0.5396825396825397,0.5873015873015873,False,0.7349722554447473,0.6052631578947368,0.44
AMZN,574,TITLE_FINBERT_FUSION,2019-02,2,0.5,0.23254597044436187,0.0,0.5,1.0,True,0.6581416055237571,1.0,0.0
AMZN,574,TITLE_MODERN_FUSION,2018-01,60,0.4666666666666667,0.21485987997200662,-0.07460470969529907,0.6333333333333333,0.8166666666666667,False,0.6100172371119306,0.8,0.13333333333333333
AMZN,574,TITLE_MODERN_FUSION,2018-02,57,0.6125,0.23704512808482814,0.22360679774997896,0.6140350877192983,0.47368421052631576,False,0.6593864552239647,0.6,0.625
AMZN,574,TITLE_MODERN_FUSION,2018-03,62,0.6248677248677248,0.23296529984997474,0.24881561069936012,0.6290322580645161,0.45161290322580644,False,0.6639619140550767,0.5925925925925926,0.6571428571428571
AMZN,574,TITLE_MODERN_FUSION,2018-04,63,0.625,0.2256621568183858,0.24923819020444973,0.6190476190476191,0.5396825396825397,False,0.6401798381550287,0.6785714285714286,0.5714285714285714
AMZN,574,TITLE_MODERN_FUSION,2018-05,65,0.5272904483430799,0.2631050335198406,0.05684192515207998,0.5538461538461539,0.6615384615384615,False,0.7548628588754559,0.6842105263157895,0.37037037037037035
AMZN,574,TITLE_MODERN_FUSION,2018-06,63,0.6918478260869565,0.2167580833843974,0.38369565217391305,0.7142857142857143,0.6349206349206349,False,0.6366848489470386,0.775,0.6086956521739131
AMZN,574,TITLE_MODERN_FUSION,2018-07,60,0.6000000000000001,0.2241338532366563,0.21213203435596426,0.6,0.6666666666666666,False,0.6424562864100453,0.7666666666666667,0.43333333333333335
AMZN,574,TITLE_MODERN_FUSION,2018-08,69,0.5961206896551725,0.2412958360264157,0.19324351318655425,0.6086956521739131,0.5942028985507246,False,0.6981629167188741,0.675,0.5172413793103449
AMZN,574,TITLE_MODERN_FUSION,2018-09,57,0.5067733990147784,0.30394095739763144,0.013911350981717181,0.5087719298245614,0.38596491228070173,False,0.9178328946283503,0.39285714285714285,0.6206896551724138
AMZN,574,TITLE_MODERN_FUSION,2018-10,69,0.5342261904761905,0.2359802978692417,0.0668153104781061,0.5942028985507246,0.3333333333333333,False,0.675402409644872,0.38095238095238093,0.6875
AMZN,574,TITLE_MODERN_FUSION,2018-11,60,0.45833333333333337,0.30843325188080645,-0.08396742695628599,0.48333333333333334,0.6166666666666667,False,0.8503603220583057,0.5833333333333334,0.3333333333333333
AMZN,574,TITLE_MODERN_FUSION,2018-12,54,0.6157894736842104,0.21971069317435596,0.22133200006102177,0.6111111111111112,0.48148148148148145,False,0.6252520199336722,0.631578947368421,0.6
AMZN,574,TITLE_MODERN_FUSION,2019-01,63,0.4826315789473684,0.2584664391006483,-0.034995661963667775,0.5079365079365079,0.6190476190476191,False,0.7169083676062723,0.6052631578947368,0.36
AMZN,574,TITLE_MODERN_FUSION,2019-02,2,0.5,0.23254597044436187,0.0,0.5,1.0,True,0.6581416055237571,1.0,0.0
AMZN,574,PARAGRAPH_FINBERT_FUSION,2018-01,60,0.5,0.20626968847763313,0.0,0.65,0.8,False,0.5885842166055625,0.8,0.2
AMZN,574,PARAGRAPH_FINBERT_FUSION,2018-02,57,0.6125,0.2470708933078097,0.22360679774997896,0.6140350877192983,0.47368421052631576,False,0.7244463117148168,0.6,0.625
AMZN,574,PARAGRAPH_FINBERT_FUSION,2018-03,62,0.6248677248677248,0.21843044881422638,0.24881561069936012,0.6290322580645161,0.45161290322580644,False,0.6502690789310163,0.5925925925925926,0.6571428571428571
AMZN,574,PARAGRAPH_FINBERT_FUSION,2018-04,63,0.5928571428571429,0.22970734351627117,0.18514836986616265,0.5873015873015873,0.5396825396825397,False,0.6443345938913577,0.6428571428571429,0.5428571428571428
AMZN,574,PARAGRAPH_FINBERT_FUSION,2018-05,65,0.564327485380117,0.2733599262027723,0.13137196671500342,0.5846153846153846,0.6307692307692307,False,0.8167144498619993,0.6842105263157895,0.4444444444444444
AMZN,574,PARAGRAPH_FINBERT_FUSION,2018-06,63,0.6576086956521738,0.22829688072123122,0.31521739130434784,0.6825396825396826,0.6349206349206349,False,0.6911350852249416,0.75,0.5652173913043478
AMZN,574,PARAGRAPH_FINBERT_FUSION,2018-07,60,0.6166666666666667,0.22707303575667348,0.24459979523511427,0.6166666666666667,0.65,False,0.6465346115338232,0.7666666666666667,0.4666666666666667
AMZN,574,PARAGRAPH_FINBERT_FUSION,2018-08,69,0.6383620689655172,0.24103396169784505,0.2798784825060619,0.6521739130434783,0.6086956521739131,False,0.6956982260506502,0.725,0.5517241379310345
AMZN,574,PARAGRAPH_FINBERT_FUSION,2018-09,57,0.4895320197044335,0.33716782450893645,-0.02133376614824745,0.49122807017543857,0.40350877192982454,False,1.0850460278233869,0.39285714285714285,0.5862068965517241
AMZN,574,PARAGRAPH_FINBERT_FUSION,2018-10,69,0.5580357142857143,0.22685557166498738,0.11213565339313256,0.6086956521739131,0.34782608695652173,False,0.6514667288708461,0.42857142857142855,0.6875
AMZN,574,PARAGRAPH_FINBERT_FUSION,2018-11,60,0.4305555555555556,0.3337289682718056,-0.13801311186847084,0.45,0.5833333333333334,False,0.9582793865320414,0.5277777777777778,0.3333333333333333
AMZN,574,PARAGRAPH_FINBERT_FUSION,2018-12,54,0.6300751879699248,0.24039275911038813,0.24915308972761965,0.6296296296296297,0.46296296296296297,False,0.7496097737526191,0.631578947368421,0.6285714285714286
AMZN,574,PARAGRAPH_FINBERT_FUSION,2019-01,63,0.5026315789473684,0.25921442609030415,0.005263157894736842,0.5238095238095238,0.6031746031746031,False,0.7255575546014355,0.6052631578947368,0.4
AMZN,574,PARAGRAPH_FINBERT_FUSION,2019-02,2,0.5,0.23254597044436187,0.0,0.5,1.0,True,0.6581416055237571,1.0,0.0
AMZN,574,PARAGRAPH_MODERN_FUSION,2018-01,60,0.5222222222222223,0.205415930892614,0.05163977794943222,0.6833333333333333,0.8333333333333334,False,0.5910091996644018,0.8444444444444444,0.2
AMZN,574,PARAGRAPH_MODERN_FUSION,2018-02,57,0.5925,0.22959744174355776,0.18431012811308561,0.5964912280701754,0.45614035087719296,False,0.6410324568459853,0.56,0.625
AMZN,574,PARAGRAPH_MODERN_FUSION,2018-03,62,0.6248677248677248,0.20921991607365145,0.24881561069936012,0.6290322580645161,0.45161290322580644,False,0.6002340419272463,0.5925925925925926,0.6571428571428571
AMZN,574,PARAGRAPH_MODERN_FUSION,2018-04,63,0.5607142857142857,0.2304227793316018,0.12105854952787558,0.5555555555555556,0.5396825396825397,False,0.6525474462855156,0.6071428571428571,0.5142857142857142
AMZN,574,PARAGRAPH_MODERN_FUSION,2018-05,65,0.564327485380117,0.24650565817751638,0.13137196671500342,0.5846153846153846,0.6307692307692307,False,0.6870124095874315,0.6842105263157895,0.4444444444444444
AMZN,574,PARAGRAPH_MODERN_FUSION,2018-06,63,0.6483695652173913,0.22661770671917753,0.303064062678102,0.6825396825396826,0.6666666666666666,False,0.6731445610316221,0.775,0.5217391304347826
AMZN,574,PARAGRAPH_MODERN_FUSION,2018-07,60,0.6000000000000001,0.2258048374722357,0.21213203435596426,0.6,0.6666666666666666,False,0.6356216630940102,0.7666666666666667,0.43333333333333335
AMZN,574,PARAGRAPH_MODERN_FUSION,2018-08,69,0.6133620689655173,0.23360933239559506,0.2267241379310345,0.6231884057971014,0.5797101449275363,False,0.6588959014138636,0.675,0.5517241379310345
AMZN,574,PARAGRAPH_MODERN_FUSION,2018-09,57,0.47229064039408863,0.31616246544473403,-0.05611408793082274,0.47368421052631576,0.42105263157894735,False,0.9233129041951966,0.39285714285714285,0.5517241379310345
AMZN,574,PARAGRAPH_MODERN_FUSION,2018-10,69,0.5580357142857143,0.2236222925841036,0.11213565339313256,0.6086956521739131,0.34782608695652173,False,0.6332263634901618,0.42857142857142855,0.6875
AMZN,574,PARAGRAPH_MODERN_FUSION,2018-11,60,0.4444444444444444,0.307982561018932,-0.1111111111111111,0.4666666666666667,0.6,False,0.839103718296928,0.5555555555555556,0.3333333333333333
AMZN,574,PARAGRAPH_MODERN_FUSION,2018-12,54,0.6300751879699248,0.22804723653698497,0.24915308972761965,0.6296296296296297,0.46296296296296297,False,0.6643717499527105,0.631578947368421,0.6285714285714286
AMZN,574,PARAGRAPH_MODERN_FUSION,2019-01,63,0.5094736842105263,0.2635123765052275,0.018731716231633878,0.5238095238095238,0.5714285714285714,False,0.7350963101285247,0.5789473684210527,0.44
AMZN,574,PARAGRAPH_MODERN_FUSION,2019-02,2,0.5,0.23254597044436187,0.0,0.5,1.0,True,0.6581416055237571,1.0,0.0
AMZN,575,PAPER,2018-01,60,0.5222222222222223,0.2042486361292119,0.05163977794943222,0.6833333333333333,0.8333333333333334,False,0.5881721216218723,0.8444444444444444,0.2
AMZN,575,PAPER,2018-02,57,0.6231249999999999,0.22328048571893383,0.2670956261892204,0.5964912280701754,0.7017543859649122,False,0.6530472550409608,0.84,0.40625
AMZN,575,PAPER,2018-03,62,0.6544973544973545,0.21610790916407807,0.3277383811213839,0.6290322580645161,0.6774193548387096,False,0.6341436383266655,0.8518518518518519,0.45714285714285713
AMZN,575,PAPER,2018-04,63,0.6035714285714285,0.23601450144557432,0.21379083642460084,0.5873015873015873,0.6349206349206349,False,0.6785053052525477,0.75,0.45714285714285713
AMZN,575,PAPER,2018-05,65,0.5930799220272904,0.240088636762823,0.20874429138145145,0.6307692307692307,0.7384615384615385,False,0.6883929626517649,0.8157894736842105,0.37037037037037035
AMZN,575,PAPER,2018-06,63,0.49619565217391304,0.28970834428203546,-0.008811342210628017,0.5714285714285714,0.7777777777777778,False,0.8693855837060632,0.775,0.21739130434782608
AMZN,575,PAPER,2018-07,60,0.6166666666666667,0.24138442386638193,0.2831896879219572,0.6166666666666667,0.7833333333333333,False,0.7023125258040714,0.9,0.3333333333333333
AMZN,575,PAPER,2018-08,69,0.6051724137931035,0.25601207491820127,0.26551871773136204,0.6521739130434783,0.8115942028985508,False,0.744684526530324,0.9,0.3103448275862069
AMZN,575,PAPER,2018-09,57,0.4919950738916256,0.3117759193729885,-0.01606933174873139,0.49122807017543857,0.543859649122807,False,0.959891396586125,0.5357142857142857,0.4482758620689655
AMZN,575,PAPER,2018-10,69,0.5758928571428572,0.2413060015382467,0.1431049438115632,0.5217391304347826,0.6086956521739131,False,0.6674026330867864,0.7142857142857143,0.4375
AMZN,575,PAPER,2018-11,60,0.4097222222222222,0.2790722794729419,-0.24772017853917946,0.48333333333333334,0.85,False,0.7831891013325738,0.7777777777777778,0.041666666666666664
AMZN,575,PAPER,2018-12,54,0.47293233082706765,0.28245960952782834,-0.05484084971070818,0.42592592592592593,0.6666666666666666,False,0.9023454234388376,0.631578947368421,0.3142857142857143
AMZN,575,PAPER,2019-01,63,0.5810526315789474,0.2569829530356621,0.19076419329530642,0.6349206349206349,0.7777777777777778,False,0.7580291039756875,0.8421052631578947,0.32
AMZN,575,PAPER,2019-02,2,0.5,0.25454343202070867,0.0,0.5,1.0,True,0.7023176299532019,1.0,0.0
AMZN,575,PRICE,2018-01,60,0.4666666666666667,0.24984004513220728,-0.06205716028380909,0.5666666666666667,0.6833333333333333,False,0.6931864207695898,0.6666666666666666,0.26666666666666666
AMZN,575,PRICE,2018-02,57,0.53,0.27136953165355865,0.05962847939999439,0.5263157894736842,0.5263157894736842,False,0.7435821504770823,0.56,0.5
AMZN,575,PRICE,2018-03,62,0.5862433862433862,0.24765160035728412,0.17140193925660127,0.5806451612903226,0.532258064516129,False,0.689965436676092,0.6296296296296297,0.5428571428571428
AMZN,575,PRICE,2018-04,63,0.6142857142857143,0.23891785120796052,0.23069992029138897,0.6031746031746031,0.5873015873015873,False,0.671006244239538,0.7142857142857143,0.5142857142857142
AMZN,575,PRICE,2018-05,65,0.39522417153996103,0.2636655954012264,-0.2237399438778491,0.4307692307692308,0.6923076923076923,False,0.720888346482861,0.6052631578947368,0.18518518518518517
AMZN,575,PRICE,2018-06,63,0.7010869565217391,0.22658112029392183,0.39577285860251626,0.7142857142857143,0.6031746031746031,False,0.6454027820366706,0.75,0.6521739130434783
AMZN,575,PRICE,2018-07,60,0.5666666666666667,0.23650563059609991,0.14547859349066158,0.5666666666666667,0.7,False,0.6658247907729712,0.7666666666666667,0.36666666666666664
AMZN,575,PRICE,2018-08,69,0.6211206896551724,0.24482104793646192,0.24674958079543985,0.6376811594202898,0.6231884057971014,False,0.6829026346604613,0.725,0.5172413793103449
AMZN,575,PRICE,2018-09,57,0.5640394088669951,0.25693620525009236,0.13416507099885702,0.5614035087719298,0.6491228070175439,False,0.7082471114874752,0.7142857142857143,0.41379310344827586
AMZN,575,PRICE,2018-10,69,0.5148809523809523,0.2753499124712616,0.02753076906317364,0.4927536231884058,0.5507246376811594,False,0.7490556136326132,0.5714285714285714,0.4583333333333333
AMZN,575,PRICE,2018-11,60,0.4236111111111111,0.2947327754861468,-0.15044515564140667,0.4166666666666667,0.45,False,0.8029864476963463,0.3888888888888889,0.4583333333333333
AMZN,575,PRICE,2018-12,54,0.4676691729323308,0.2773603770055494,-0.061928224614379454,0.48148148148148145,0.46296296296296297,False,0.7561730401531364,0.42105263157894735,0.5142857142857142
AMZN,575,PRICE,2019-01,63,0.3494736842105263,0.27497177212567747,-0.3209231835668662,0.3968253968253968,0.6984126984126984,False,0.7438958147927308,0.5789473684210527,0.12
AMZN,575,PRICE,2019-02,2,1.0,0.17517632392825638,1.0,1.0,0.5,False,0.5421346914911163,1.0,1.0
AMZN,575,FULL,2018-01,60,0.5222222222222223,0.235929416113695,0.04199605255658081,0.6166666666666667,0.7,False,0.6917139736803354,0.7111111111111111,0.3333333333333333
AMZN,575,FULL,2018-02,57,0.62375,0.23450203841496053,0.248746859276655,0.631578947368421,0.42105263157894735,False,0.720965844857129,0.56,0.6875
AMZN,575,FULL,2018-03,62,0.6534391534391535,0.2179281282950481,0.3083501537246893,0.6612903225806451,0.41935483870967744,False,0.6371972498642264,0.5925925925925926,0.7142857142857143
AMZN,575,FULL,2018-04,63,0.6357142857142857,0.21173379457683322,0.2697818712673558,0.6349206349206349,0.49206349206349204,False,0.6227473009450941,0.6428571428571429,0.6285714285714286
AMZN,575,FULL,2018-05,65,0.5194931773879142,0.26742299799584907,0.03948992518393949,0.5384615384615384,0.6153846153846154,False,0.7802472569316339,0.631578947368421,0.4074074074074074
AMZN,575,FULL,2018-06,63,0.6701086956521739,0.25187879130157576,0.34359525297865917,0.6984126984126984,0.6507936507936508,False,0.7543310522227336,0.775,0.5652173913043478
AMZN,575,FULL,2018-07,60,0.5833333333333333,0.2326003974705366,0.17471413945365305,0.5833333333333334,0.65,False,0.6983728680530489,0.7333333333333333,0.43333333333333335
AMZN,575,FULL,2018-08,69,0.655603448275862,0.24242693588122116,0.31282918502397344,0.6666666666666666,0.5942028985507246,False,0.6990023120087236,0.725,0.5862068965517241
AMZN,575,FULL,2018-09,57,0.5431034482758621,0.3134903049214748,0.08652717095470748,0.543859649122807,0.45614035087719296,False,0.9480033976086398,0.5,0.5862068965517241
AMZN,575,FULL,2018-10,69,0.5892857142857143,0.2219251522941065,0.17857142857142858,0.6521739130434783,0.30434782608695654,False,0.6395616761011904,0.42857142857142855,0.75
AMZN,575,FULL,2018-11,60,0.4652777777777778,0.31389509876867216,-0.06804138174397717,0.4666666666666667,0.5,False,0.9300003001261659,0.4722222222222222,0.4583333333333333
AMZN,575,FULL,2018-12,54,0.5917293233082707,0.26480266537916775,0.17830465376906865,0.6111111111111112,0.4074074074074074,False,0.7878461426724714,0.5263157894736842,0.6571428571428571
AMZN,575,FULL,2019-01,63,0.45631578947368423,0.2740755648131516,-0.08682179365696914,0.47619047619047616,0.5873015873015873,False,0.7945005138627894,0.5526315789473685,0.36
AMZN,575,FULL,2019-02,2,1.0,0.17517632392825638,1.0,1.0,0.5,False,0.5421346914911163,1.0,1.0
AMZN,575,TFIDF_LR,2018-01,60,0.5333333333333333,0.21930132777231245,0.08084520834544433,0.7,0.85,False,0.6308784431093989,0.8666666666666667,0.2
AMZN,575,TFIDF_LR,2018-02,57,0.61,0.22110192034227713,0.2225175644666364,0.5964912280701754,0.5964912280701754,False,0.6335419655905999,0.72,0.5
AMZN,575,TFIDF_LR,2018-03,62,0.6402116402116402,0.23295992709893232,0.3015913917524083,0.6129032258064516,0.6935483870967742,False,0.6584601033079525,0.8518518518518519,0.42857142857142855
AMZN,575,TFIDF_LR,2018-04,63,0.6357142857142857,0.23033570011910887,0.28013971669430454,0.6190476190476191,0.6349206349206349,False,0.6533069996348216,0.7857142857142857,0.4857142857142857
AMZN,575,TFIDF_LR,2018-05,65,0.6193957115009747,0.23842753261715546,0.2792941069565142,0.6615384615384615,0.7692307692307693,False,0.6701258790869252,0.868421052631579,0.37037037037037035
AMZN,575,TFIDF_LR,2018-06,63,0.5027173913043478,0.2454796394469566,0.007858682668274143,0.6031746031746031,0.873015873015873,False,0.6847893369285801,0.875,0.13043478260869565
AMZN,575,TFIDF_LR,2018-07,60,0.6166666666666667,0.23451458526539348,0.26943012562182533,0.6166666666666667,0.75,False,0.6617336205999219,0.8666666666666667,0.36666666666666664
AMZN,575,TFIDF_LR,2018-08,69,0.6099137931034483,0.2355737737128121,0.26306839575082347,0.6521739130434783,0.782608695652174,False,0.6640518980176348,0.875,0.3448275862068966
AMZN,575,TFIDF_LR,2018-09,57,0.5449507389162561,0.2473757725083922,0.09057322922484738,0.543859649122807,0.5614035087719298,False,0.6881977811857677,0.6071428571428571,0.4827586206896552
AMZN,575,TFIDF_LR,2018-10,69,0.6413690476190477,0.23206524169237466,0.2624349445521692,0.5942028985507246,0.5652173913043478,False,0.6561730395421841,0.7619047619047619,0.5208333333333334
AMZN,575,TFIDF_LR,2018-11,60,0.5277777777777778,0.2553248390918435,0.06606383198350509,0.5833333333333334,0.7833333333333333,False,0.7048286239444292,0.8055555555555556,0.25
AMZN,575,TFIDF_LR,2018-12,54,0.5278195488721804,0.2468588128889071,0.055639097744360905,0.48148148148148145,0.6481481481481481,False,0.6864085663433935,0.6842105263157895,0.37142857142857144
AMZN,575,TFIDF_LR,2019-01,63,0.6278947368421053,0.2310080793093325,0.2770141550629916,0.6666666666666666,0.7142857142857143,False,0.6546286930465429,0.8157894736842105,0.44
AMZN,575,TFIDF_LR,2019-02,2,0.5,0.2526906758430723,0.0,0.5,1.0,True,0.6985577006682366,1.0,0.0
AMZN,575,TFIDF_SVM,2018-01,60,0.5555555555555556,0.2187044507309028,0.14987266233254518,0.7333333333333333,0.8833333333333333,False,0.6293982510767535,0.9111111111111111,0.2
AMZN,575,TFIDF_SVM,2018-02,57,0.634375,0.21935051103856398,0.27943294413914455,0.6140350877192983,0.6491228070175439,False,0.6287360686469657,0.8,0.46875
AMZN,575,TFIDF_SVM,2018-03,62,0.6132275132275132,0.23111492921340945,0.23051566825904027,0.5967741935483871,0.6129032258064516,False,0.6541127896452112,0.7407407407407407,0.4857142857142857
AMZN,575,TFIDF_SVM,2018-04,63,0.5678571428571428,0.2311262741927524,0.13784048752090222,0.5555555555555556,0.6031746031746031,False,0.6550827375800017,0.6785714285714286,0.45714285714285713
AMZN,575,TFIDF_SVM,2018-05,65,0.6564327485380117,0.2334162158432085,0.3508215577667325,0.6923076923076923,0.7384615384615385,False,0.6600284879655873,0.868421052631579,0.4444444444444444
AMZN,575,TFIDF_SVM,2018-06,63,0.5027173913043478,0.24569456670007134,0.007858682668274143,0.6031746031746031,0.873015873015873,False,0.6866186157407607,0.875,0.13043478260869565
AMZN,575,TFIDF_SVM,2018-07,60,0.6166666666666667,0.23801361010073754,0.26943012562182533,0.6166666666666667,0.75,False,0.6689992502813135,0.8666666666666667,0.36666666666666664
AMZN,575,TFIDF_SVM,2018-08,69,0.6099137931034483,0.22820023944993087,0.26306839575082347,0.6521739130434783,0.782608695652174,False,0.6489089019636425,0.875,0.3448275862068966
AMZN,575,TFIDF_SVM,2018-09,57,0.5449507389162561,0.2503588711119445,0.09057322922484738,0.543859649122807,0.5614035087719298,False,0.6939584578770643,0.6071428571428571,0.4827586206896552
AMZN,575,TFIDF_SVM,2018-10,69,0.6309523809523809,0.2298436454838731,0.24414321889016138,0.5797101449275363,0.5797101449275363,False,0.651199140816824,0.7619047619047619,0.5
AMZN,575,TFIDF_SVM,2018-11,60,0.4722222222222222,0.26002975038351117,-0.06804138174397717,0.5333333333333333,0.8,False,0.7161461874154765,0.7777777777777778,0.16666666666666666
AMZN,575,TFIDF_SVM,2018-12,54,0.5278195488721804,0.2516184729968363,0.055639097744360905,0.48148148148148145,0.6481481481481481,False,0.6962880820087994,0.6842105263157895,0.37142857142857144
AMZN,575,TFIDF_SVM,2019-01,63,0.5610526315789474,0.22517508207345785,0.14761806501038044,0.6190476190476191,0.7936507936507936,False,0.6418694519780558,0.8421052631578947,0.28
AMZN,575,TFIDF_SVM,2019-02,2,0.5,0.2531031957767168,0.0,0.5,1.0,True,0.6993924131611868,1.0,0.0
AMZN,575,TFIDF_RF,2018-01,60,0.5444444444444444,0.22823803758182096,0.11322770341445958,0.7166666666666667,0.8666666666666667,False,0.649346554943442,0.8888888888888888,0.2
AMZN,575,TFIDF_RF,2018-02,57,0.6856249999999999,0.22588240757787903,0.3819007911561775,0.6666666666666666,0.631578947368421,False,0.643738464639115,0.84,0.53125
AMZN,575,TFIDF_RF,2018-03,62,0.635978835978836,0.24174118335795552,0.2849152158933041,0.6129032258064516,0.6612903225806451,False,0.6763903192087007,0.8148148148148148,0.45714285714285713
AMZN,575,TFIDF_RF,2018-04,63,0.5928571428571429,0.2405347998590984,0.1982481414323861,0.5714285714285714,0.6825396825396826,False,0.6744502951802642,0.7857142857142857,0.4
AMZN,575,TFIDF_RF,2018-05,65,0.5453216374269005,0.24693933890032999,0.1191286021102684,0.6,0.8307692307692308,False,0.6871565569166531,0.868421052631579,0.2222222222222222
AMZN,575,TFIDF_RF,2018-06,63,0.5211956521739131,0.24773286114853238,0.0519750579568351,0.6031746031746031,0.8095238095238095,False,0.6888009792211229,0.825,0.21739130434782608
AMZN,575,TFIDF_RF,2018-07,60,0.65,0.23776015014468974,0.34641016151377546,0.65,0.75,False,0.6686027017245626,0.9,0.4
AMZN,575,TFIDF_RF,2018-08,69,0.5724137931034483,0.2396092118151553,0.16280170411083794,0.6086956521739131,0.7391304347826086,False,0.6723027423494023,0.8,0.3448275862068966
AMZN,575,TFIDF_RF,2018-09,57,0.5800492610837439,0.251893967033966,0.16129479177027617,0.5789473684210527,0.5614035087719298,False,0.6977472159318792,0.6428571428571429,0.5172413793103449
AMZN,575,TFIDF_RF,2018-10,69,0.5788690476190476,0.24378670267522667,0.1523894776881032,0.5072463768115942,0.6521739130434783,False,0.680423591582378,0.7619047619047619,0.3958333333333333
AMZN,575,TFIDF_RF,2018-11,60,0.4652777777777778,0.2509791215939259,-0.09128709291752768,0.5333333333333333,0.8333333333333334,False,0.6951445483098138,0.8055555555555556,0.125
AMZN,575,TFIDF_RF,2018-12,54,0.556390977443609,0.2513809380459915,0.11048004015888321,0.5185185185185185,0.6111111111111112,False,0.6957822645433034,0.6842105263157895,0.42857142857142855
AMZN,575,TFIDF_RF,2019-01,63,0.5878947368421052,0.23780290376006413,0.19758125888702568,0.6349206349206349,0.746031746031746,False,0.6686017178479208,0.8157894736842105,0.36
AMZN,575,TFIDF_RF,2019-02,2,0.5,0.2535586754134234,0.0,0.5,1.0,True,0.7003156739827738,1.0,0.0
AMZN,575,TFIDF_LR_PRICE_FALLBACK,2018-01,60,0.5222222222222223,0.22856361612828616,0.04199605255658081,0.6166666666666667,0.7,False,0.6496518558175095,0.7111111111111111,0.3333333333333333
AMZN,575,TFIDF_LR_PRICE_FALLBACK,2018-02,57,0.579375,0.22863001966051824,0.16506039025893654,0.5964912280701754,0.3508771929824561,False,0.6531105429565921,0.44,0.71875
AMZN,575,TFIDF_LR_PRICE_FALLBACK,2018-03,62,0.6105820105820106,0.2380815043380116,0.2197730386787096,0.6129032258064516,0.46774193548387094,False,0.6702573990574405,0.5925925925925926,0.6285714285714286
AMZN,575,TFIDF_LR_PRICE_FALLBACK,2018-04,63,0.6857142857142857,0.2199427782881487,0.36917519226059214,0.6825396825396826,0.5079365079365079,False,0.6320636404762783,0.7142857142857143,0.6571428571428571
AMZN,575,TFIDF_LR_PRICE_FALLBACK,2018-05,65,0.5852826510721247,0.24012066359446663,0.1821139078075516,0.6153846153846154,0.6923076923076923,False,0.6734058580451994,0.7631578947368421,0.4074074074074074
AMZN,575,TFIDF_LR_PRICE_FALLBACK,2018-06,63,0.6733695652173912,0.230364435048308,0.36374215098438345,0.7142857142857143,0.6984126984126984,False,0.6537494944721528,0.825,0.5217391304347826
AMZN,575,TFIDF_LR_PRICE_FALLBACK,2018-07,60,0.5833333333333333,0.23092817419772155,0.17471413945365305,0.5833333333333334,0.65,False,0.654460720062562,0.7333333333333333,0.43333333333333335
AMZN,575,TFIDF_LR_PRICE_FALLBACK,2018-08,69,0.6211206896551724,0.2384181101103037,0.24674958079543985,0.6376811594202898,0.6231884057971014,False,0.6698152122006124,0.725,0.5172413793103449
AMZN,575,TFIDF_LR_PRICE_FALLBACK,2018-09,57,0.5948275862068966,0.2456111391555708,0.19325882275471218,0.5964912280701754,0.40350877192982454,False,0.6847071713591433,0.5,0.6896551724137931
AMZN,575,TFIDF_LR_PRICE_FALLBACK,2018-10,69,0.6026785714285714,0.2363666251839245,0.2004459314343183,0.6521739130434783,0.3333333333333333,False,0.6675496665265921,0.47619047619047616,0.7291666666666666
AMZN,575,TFIDF_LR_PRICE_FALLBACK,2018-11,60,0.5694444444444444,0.25398242143986405,0.13608276348795434,0.5666666666666667,0.5,False,0.7018165714979966,0.5555555555555556,0.5833333333333334
AMZN,575,TFIDF_LR_PRICE_FALLBACK,2018-12,54,0.5917293233082707,0.235361613046908,0.17830465376906865,0.6111111111111112,0.4074074074074074,False,0.6655656237765866,0.5263157894736842,0.6571428571428571
AMZN,575,TFIDF_LR_PRICE_FALLBACK,2019-01,63,0.5694736842105264,0.24010088156845522,0.1361114094757441,0.5714285714285714,0.5238095238095238,False,0.6723724687251397,0.5789473684210527,0.56
AMZN,575,TFIDF_LR_PRICE_FALLBACK,2019-02,2,1.0,0.17517632392825638,1.0,1.0,0.5,False,0.5421346914911163,1.0,1.0
AMZN,575,TFIDF_SVM_PRICE_FALLBACK,2018-01,60,0.5444444444444444,0.2284478308973911,0.08703882797784893,0.65,0.7333333333333333,False,0.6491519568210088,0.7555555555555555,0.3333333333333333
AMZN,575,TFIDF_SVM_PRICE_FALLBACK,2018-02,57,0.60375,0.22696710592284888,0.20987452103103207,0.6140350877192983,0.40350877192982454,False,0.6484806369938385,0.52,0.6875
AMZN,575,TFIDF_SVM_PRICE_FALLBACK,2018-03,62,0.5835978835978836,0.2343702501399753,0.17019381114452506,0.5967741935483871,0.3870967741935484,False,0.6621364466722182,0.48148148148148145,0.6857142857142857
AMZN,575,TFIDF_SVM_PRICE_FALLBACK,2018-04,63,0.6178571428571429,0.22065543388913986,0.23452078799117146,0.6190476190476191,0.47619047619047616,False,0.6336726544338925,0.6071428571428571,0.6285714285714286
AMZN,575,TFIDF_SVM_PRICE_FALLBACK,2018-05,65,0.6223196881091618,0.23479912473083597,0.2547736288066442,0.6461538461538462,0.6615384615384615,False,0.662686321638359,0.7631578947368421,0.48148148148148145
AMZN,575,TFIDF_SVM_PRICE_FALLBACK,2018-06,63,0.6733695652173912,0.23063022669316174,0.36374215098438345,0.7142857142857143,0.6984126984126984,False,0.6556865499993444,0.825,0.5217391304347826
AMZN,575,TFIDF_SVM_PRICE_FALLBACK,2018-07,60,0.5833333333333333,0.23525838649122927,0.17471413945365305,0.5833333333333334,0.65,False,0.6634125518574824,0.7333333333333333,0.43333333333333335
AMZN,575,TFIDF_SVM_PRICE_FALLBACK,2018-08,69,0.6211206896551724,0.23260598429760596,0.24674958079543985,0.6376811594202898,0.6231884057971014,False,0.6578336344461808,0.725,0.5172413793103449
AMZN,575,TFIDF_SVM_PRICE_FALLBACK,2018-09,57,0.5948275862068966,0.2479877409226405,0.19325882275471218,0.5964912280701754,0.40350877192982454,False,0.6892384539213704,0.5,0.6896551724137931
AMZN,575,TFIDF_SVM_PRICE_FALLBACK,2018-10,69,0.5922619047619048,0.2333322529815462,0.1782669361634415,0.6376811594202898,0.34782608695652173,False,0.6609211829068105,0.47619047619047616,0.7083333333333334
AMZN,575,TFIDF_SVM_PRICE_FALLBACK,2018-11,60,0.5138888888888888,0.2572400113309946,0.02723168561657922,0.5166666666666667,0.5166666666666667,False,0.710204001974283,0.5277777777777778,0.5
AMZN,575,TFIDF_SVM_PRICE_FALLBACK,2018-12,54,0.5917293233082707,0.23886194279251557,0.17830465376906865,0.6111111111111112,0.4074074074074074,False,0.6728862590760897,0.5263157894736842,0.6571428571428571
AMZN,575,TFIDF_SVM_PRICE_FALLBACK,2019-01,63,0.5026315789473684,0.23472775781914243,0.005263157894736842,0.5238095238095238,0.6031746031746031,False,0.6605523215156407,0.6052631578947368,0.4
AMZN,575,TFIDF_SVM_PRICE_FALLBACK,2019-02,2,1.0,0.17517632392825638,1.0,1.0,0.5,False,0.5421346914911163,1.0,1.0
AMZN,575,TFIDF_RF_PRICE_FALLBACK,2018-01,60,0.5333333333333333,0.23814363438209776,0.06406221326384731,0.6333333333333333,0.7166666666666667,False,0.6694203936331676,0.7333333333333333,0.3333333333333333
AMZN,575,TFIDF_RF_PRICE_FALLBACK,2018-02,57,0.655,0.2331382313977442,0.31598125869132787,0.6666666666666666,0.38596491228070173,False,0.6627559964582995,0.56,0.75
AMZN,575,TFIDF_RF_PRICE_FALLBACK,2018-03,62,0.6063492063492064,0.24645379484694746,0.2126984126984127,0.6129032258064516,0.43548387096774194,False,0.6873604100986849,0.5555555555555556,0.6571428571428571
AMZN,575,TFIDF_RF_PRICE_FALLBACK,2018-04,63,0.6428571428571428,0.22966093233695836,0.2857142857142857,0.6349206349206349,0.5555555555555556,False,0.6522324460870617,0.7142857142857143,0.5714285714285714
AMZN,575,TFIDF_RF_PRICE_FALLBACK,2018-05,65,0.5112085769980507,0.24859590895648268,0.025644611507594003,0.5538461538461539,0.7538461538461538,False,0.6903609973073521,0.7631578947368421,0.25925925925925924
AMZN,575,TFIDF_RF_PRICE_FALLBACK,2018-06,63,0.6918478260869565,0.23346190702189734,0.38369565217391305,0.7142857142857143,0.6349206349206349,False,0.6594687050013985,0.775,0.6086956521739131
AMZN,575,TFIDF_RF_PRICE_FALLBACK,2018-07,60,0.6166666666666667,0.23425239174580928,0.24459979523511427,0.6166666666666667,0.65,False,0.661488709091941,0.7666666666666667,0.4666666666666667
AMZN,575,TFIDF_RF_PRICE_FALLBACK,2018-08,69,0.5836206896551724,0.24315963822271197,0.16724137931034483,0.5942028985507246,0.5797101449275363,False,0.6794938748604683,0.65,0.5172413793103449
AMZN,575,TFIDF_RF_PRICE_FALLBACK,2018-09,57,0.6299261083743842,0.2495031957238035,0.2647896857223654,0.631578947368421,0.40350877192982454,False,0.6929887867984009,0.5357142857142857,0.7241379310344828
AMZN,575,TFIDF_RF_PRICE_FALLBACK,2018-10,69,0.5401785714285714,0.2476497543356321,0.0749075785231177,0.5652173913043478,0.42028985507246375,False,0.6909141180524186,0.47619047619047616,0.6041666666666666
AMZN,575,TFIDF_RF_PRICE_FALLBACK,2018-11,60,0.5069444444444444,0.24926666508570483,0.01367683233103697,0.5166666666666667,0.55,False,0.6913830103174369,0.5555555555555556,0.4583333333333333
AMZN,575,TFIDF_RF_PRICE_FALLBACK,2018-12,54,0.6203007518796992,0.23858121991665596,0.23793301269816086,0.6481481481481481,0.37037037037037035,False,0.6723036227342362,0.5263157894736842,0.7142857142857143
AMZN,575,TFIDF_RF_PRICE_FALLBACK,2019-01,63,0.5294736842105263,0.2471426053051674,0.058038100008800934,0.5396825396825397,0.5555555555555556,False,0.6868456061964011,0.5789473684210527,0.48
AMZN,575,TFIDF_RF_PRICE_FALLBACK,2019-02,2,1.0,0.17517632392825638,1.0,1.0,0.5,False,0.5421346914911163,1.0,1.0
AMZN,575,A1,2018-01,60,0.5,0.23216228403342196,0.0,0.5833333333333334,0.6666666666666666,False,0.6568115060511165,0.6666666666666666,0.3333333333333333
AMZN,575,A1,2018-02,57,0.599375,0.22891246098717613,0.20445193869977177,0.6140350877192983,0.3684210526315789,False,0.6537928118177078,0.48,0.71875
AMZN,575,A1,2018-03,62,0.6105820105820106,0.24134590064364414,0.2197730386787096,0.6129032258064516,0.46774193548387094,False,0.6768580108499823,0.5925925925925926,0.6285714285714286
AMZN,575,A1,2018-04,63,0.6535714285714286,0.22391854322934984,0.30527948590779735,0.6507936507936508,0.5079365079365079,False,0.6404703253369778,0.6785714285714286,0.6285714285714286
AMZN,575,A1,2018-05,65,0.5350877192982456,0.24120349256476584,0.07603317036995949,0.5692307692307692,0.7076923076923077,False,0.6753107623065535,0.7368421052631579,0.3333333333333333
AMZN,575,A1,2018-06,63,0.6608695652173913,0.23379574984029386,0.332773375305833,0.6984126984126984,0.6825396825396826,False,0.6603314461533081,0.8,0.5217391304347826
AMZN,575,A1,2018-07,60,0.6166666666666667,0.23347559117809888,0.23995690956687135,0.6166666666666667,0.6166666666666667,False,0.6597747651365307,0.7333333333333333,0.5
AMZN,575,A1,2018-08,69,0.6681034482758621,0.23861460673762386,0.34003927781110327,0.6811594202898551,0.6086956521739131,False,0.670213512213788,0.75,0.5862068965517241
AMZN,575,A1,2018-09,57,0.6299261083743842,0.25237827822910736,0.2647896857223654,0.631578947368421,0.40350877192982454,False,0.6984196582448131,0.5357142857142857,0.7241379310344828
AMZN,575,A1,2018-10,69,0.5922619047619048,0.2416690498074543,0.1782669361634415,0.6376811594202898,0.34782608695652173,False,0.6784922858026593,0.47619047619047616,0.7083333333333334
AMZN,575,A1,2018-11,60,0.5208333333333333,0.24977341461407482,0.04084752842486883,0.5166666666666667,0.48333333333333334,False,0.6930149118919221,0.5,0.5416666666666666
AMZN,575,A1,2018-12,54,0.5917293233082707,0.23532212007980033,0.17830465376906865,0.6111111111111112,0.4074074074074074,False,0.6652465636790459,0.5263157894736842,0.6571428571428571
AMZN,575,A1,2019-01,63,0.5294736842105263,0.24266130364435942,0.058038100008800934,0.5396825396825397,0.5555555555555556,False,0.6777352436709084,0.5789473684210527,0.48
AMZN,575,A1,2019-02,2,1.0,0.17517632392825638,1.0,1.0,0.5,False,0.5421346914911163,1.0,1.0
AMZN,575,A2,2018-01,60,0.5,0.23160934304906194,0.0,0.5833333333333334,0.6666666666666666,False,0.6556635918483308,0.6666666666666666,0.3333333333333333
AMZN,575,A2,2018-02,57,0.579375,0.22906028606667006,0.16506039025893654,0.5964912280701754,0.3508771929824561,False,0.6538467292474847,0.44,0.71875
AMZN,575,A2,2018-03,62,0.6105820105820106,0.24371922639955546,0.2197730386787096,0.6129032258064516,0.46774193548387094,False,0.681747179252177,0.5925925925925926,0.6285714285714286
AMZN,575,A2,2018-04,63,0.6678571428571429,0.22341554393466959,0.3336775776201506,0.6666666666666666,0.49206349206349204,False,0.63947303203855,0.6785714285714286,0.6571428571428571
AMZN,575,A2,2018-05,65,0.5350877192982456,0.24277471033338707,0.07603317036995949,0.5692307692307692,0.7076923076923077,False,0.6785459549676451,0.7368421052631579,0.3333333333333333
AMZN,575,A2,2018-06,63,0.6608695652173913,0.23425405110524902,0.332773375305833,0.6984126984126984,0.6825396825396826,False,0.6612231464686805,0.8,0.5217391304347826
AMZN,575,A2,2018-07,60,0.6166666666666667,0.23316620017079073,0.23995690956687135,0.6166666666666667,0.6166666666666667,False,0.6591329697480308,0.7333333333333333,0.5
AMZN,575,A2,2018-08,69,0.655603448275862,0.23950915814283125,0.31282918502397344,0.6666666666666666,0.5942028985507246,False,0.6720448609126277,0.725,0.5862068965517241
AMZN,575,A2,2018-09,57,0.5942118226600985,0.25336943264041767,0.19527764027402691,0.5964912280701754,0.3684210526315789,False,0.7008199454747001,0.4642857142857143,0.7241379310344828
AMZN,575,A2,2018-10,69,0.5922619047619048,0.24195557299176648,0.1782669361634415,0.6376811594202898,0.34782608695652173,False,0.6792732815635263,0.47619047619047616,0.7083333333333334
AMZN,575,A2,2018-11,60,0.5208333333333333,0.24934646435148827,0.04084752842486883,0.5166666666666667,0.48333333333333334,False,0.6921947108270616,0.5,0.5416666666666666
AMZN,575,A2,2018-12,54,0.5631578947368421,0.23686524297767764,0.12139539573337679,0.5740740740740741,0.4444444444444444,False,0.6681056316479373,0.5263157894736842,0.6
AMZN,575,A2,2019-01,63,0.5294736842105263,0.24322376561027903,0.058038100008800934,0.5396825396825397,0.5555555555555556,False,0.6788400241911732,0.5789473684210527,0.48
AMZN,575,A2,2019-02,2,1.0,0.17517632392825638,1.0,1.0,0.5,False,0.5421346914911163,1.0,1.0
AMZN,575,A3,2018-01,60,0.5555555555555556,0.22178887768872682,0.1111111111111111,0.6666666666666666,0.75,False,0.6346164516537496,0.7777777777777778,0.3333333333333333
AMZN,575,A3,2018-02,57,0.60375,0.2228459285712464,0.20987452103103207,0.6140350877192983,0.40350877192982454,False,0.6385326673624838,0.52,0.6875
AMZN,575,A3,2018-03,62,0.6534391534391535,0.2267296051838704,0.3083501537246893,0.6612903225806451,0.41935483870967744,False,0.646607747193613,0.5925925925925926,0.7142857142857143
AMZN,575,A3,2018-04,63,0.6678571428571429,0.21804490454889122,0.3336775776201506,0.6666666666666666,0.49206349206349204,False,0.6293861457138527,0.6785714285714286,0.6571428571428571
AMZN,575,A3,2018-05,65,0.577485380116959,0.23885989411771902,0.15971101904289337,0.6,0.6461538461538462,False,0.6711747091717035,0.7105263157894737,0.4444444444444444
AMZN,575,A3,2018-06,63,0.6608695652173913,0.23287921300966605,0.332773375305833,0.6984126984126984,0.6825396825396826,False,0.6597067228199718,0.8,0.5217391304347826
AMZN,575,A3,2018-07,60,0.5833333333333333,0.23392691017526407,0.17471413945365305,0.5833333333333334,0.65,False,0.6609192795077536,0.7333333333333333,0.43333333333333335
AMZN,575,A3,2018-08,69,0.6728448275862069,0.23101106689799683,0.3456896551724138,0.6811594202898551,0.5797101449275363,False,0.6550966776904952,0.725,0.6206896551724138
AMZN,575,A3,2018-09,57,0.5948275862068966,0.2493840937080182,0.19325882275471218,0.5964912280701754,0.40350877192982454,False,0.6924014474882868,0.5,0.6896551724137931
AMZN,575,A3,2018-10,69,0.5922619047619048,0.23502762849960582,0.1782669361634415,0.6376811594202898,0.34782608695652173,False,0.6642249930488984,0.47619047619047616,0.7083333333333334
AMZN,575,A3,2018-11,60,0.45833333333333337,0.2528344385803523,-0.08183170883849714,0.4666666666666667,0.5333333333333333,False,0.7015391356828734,0.5,0.4166666666666667
AMZN,575,A3,2018-12,54,0.6037593984962406,0.24180692490753922,0.19943529299054757,0.6111111111111112,0.4444444444444444,False,0.6783097380472034,0.5789473684210527,0.6285714285714286
AMZN,575,A3,2019-01,63,0.4957894736842105,0.23389904410640106,-0.008557250996811162,0.5238095238095238,0.6349206349206349,False,0.6588393407155125,0.631578947368421,0.36
AMZN,575,A3,2019-02,2,1.0,0.17517632392825638,1.0,1.0,0.5,False,0.5421346914911163,1.0,1.0
AMZN,575,B1,2018-01,60,0.5111111111111111,0.24327622479285974,0.02068572009460303,0.6,0.6833333333333333,False,0.7047701321256531,0.6888888888888889,0.3333333333333333
AMZN,575,B1,2018-02,57,0.62375,0.23455447210801267,0.248746859276655,0.631578947368421,0.42105263157894735,False,0.7250154445308997,0.56,0.6875
AMZN,575,B1,2018-03,62,0.6534391534391535,0.22309864961842554,0.3083501537246893,0.6612903225806451,0.41935483870967744,False,0.6478905769944868,0.5925925925925926,0.7142857142857143
AMZN,575,B1,2018-04,63,0.6178571428571429,0.21846648357399379,0.23452078799117146,0.6190476190476191,0.47619047619047616,False,0.6419925189039299,0.6071428571428571,0.6285714285714286
AMZN,575,B1,2018-05,65,0.5194931773879142,0.27674956484927676,0.03948992518393949,0.5384615384615384,0.6153846153846154,False,0.7906262503809548,0.631578947368421,0.4074074074074074
AMZN,575,B1,2018-06,63,0.6576086956521738,0.25742790922686204,0.31521739130434784,0.6825396825396826,0.6349206349206349,False,0.778180741868872,0.75,0.5652173913043478
AMZN,575,B1,2018-07,60,0.6,0.23543941513526923,0.2075143391598224,0.6,0.6333333333333333,False,0.7060996893120287,0.7333333333333333,0.4666666666666667
AMZN,575,B1,2018-08,69,0.655603448275862,0.24534509044560818,0.31282918502397344,0.6666666666666666,0.5942028985507246,False,0.7074052798575317,0.725,0.5862068965517241
AMZN,575,B1,2018-09,57,0.5431034482758621,0.3161406315834847,0.08652717095470748,0.543859649122807,0.45614035087719296,False,0.9635670850641851,0.5,0.5862068965517241
AMZN,575,B1,2018-10,69,0.6369047619047619,0.22125599352294095,0.2672612419124244,0.6811594202898551,0.3333333333333333,False,0.6509786135804554,0.5238095238095238,0.75
AMZN,575,B1,2018-11,60,0.4652777777777778,0.3224016507779968,-0.06804138174397717,0.4666666666666667,0.5,False,0.975397119973497,0.4722222222222222,0.4583333333333333
AMZN,575,B1,2018-12,54,0.5917293233082707,0.2605497069678584,0.17830465376906865,0.6111111111111112,0.4074074074074074,False,0.7903295792243652,0.5263157894736842,0.6571428571428571
AMZN,575,B1,2019-01,63,0.45631578947368423,0.2825025290353382,-0.08682179365696914,0.47619047619047616,0.5873015873015873,False,0.8156964651452673,0.5526315789473685,0.36
AMZN,575,B1,2019-02,2,1.0,0.17517632392825638,1.0,1.0,0.5,False,0.5421346914911163,1.0,1.0
AMZN,575,B2,2018-01,60,0.5222222222222223,0.24167640035941848,0.04199605255658081,0.6166666666666667,0.7,False,0.7681206057120604,0.7111111111111111,0.3333333333333333
AMZN,575,B2,2018-02,57,0.588125,0.2579027040108486,0.17713791493943612,0.5964912280701754,0.42105263157894735,False,0.8087753803171973,0.52,0.65625
AMZN,575,B2,2018-03,62,0.5735449735449736,0.23048175096112178,0.14708994708994708,0.5806451612903226,0.43548387096774194,False,0.6465384124576984,0.5185185185185185,0.6285714285714286
AMZN,575,B2,2018-04,63,0.5928571428571429,0.25898754888940034,0.18514836986616265,0.5873015873015873,0.5396825396825397,False,0.844919250212746,0.6428571428571429,0.5428571428571428
AMZN,575,B2,2018-05,65,0.601364522417154,0.24458225859419216,0.2039250967738327,0.6153846153846154,0.6,False,0.7198224343642784,0.6842105263157895,0.5185185185185185
AMZN,575,B2,2018-06,63,0.6701086956521739,0.22622690285143776,0.34359525297865917,0.6984126984126984,0.6507936507936508,False,0.7233156063825039,0.775,0.5652173913043478
AMZN,575,B2,2018-07,60,0.5666666666666667,0.25485552370596154,0.1414213562373095,0.5666666666666667,0.6666666666666666,False,0.8163308747693058,0.7333333333333333,0.4
AMZN,575,B2,2018-08,69,0.6383620689655172,0.25431705234486585,0.2798784825060619,0.6521739130434783,0.6086956521739131,False,0.7605499466811302,0.725,0.5517241379310345
AMZN,575,B2,2018-09,57,0.5086206896551724,0.35359003409739975,0.017241379310344827,0.5087719298245614,0.49122807017543857,False,1.2030048541067375,0.5,0.5172413793103449
AMZN,575,B2,2018-10,69,0.6473214285714286,0.1990103717734856,0.2909148654960165,0.6956521739130435,0.3188405797101449,False,0.5714520848058179,0.5238095238095238,0.7708333333333334
AMZN,575,B2,2018-11,60,0.48611111111111116,0.3229162488833942,-0.027461751819054483,0.5,0.5666666666666667,False,1.1281614943736002,0.5555555555555556,0.4166666666666667
AMZN,575,B2,2018-12,54,0.5368421052631579,0.2868683253575022,0.07116074602827605,0.5555555555555556,0.42592592592592593,False,1.0238637497179919,0.47368421052631576,0.6
AMZN,575,B2,2019-01,63,0.5226315789473684,0.24456541206537594,0.04497996538855028,0.5396825396825397,0.5873015873015873,False,0.6955248405824035,0.6052631578947368,0.44
AMZN,575,B2,2019-02,2,1.0,0.17517632392825638,1.0,1.0,0.5,False,0.5421346914911163,1.0,1.0
AMZN,575,FULL_SHRINK,2018-01,60,0.5222222222222223,0.23834438223346563,0.04199605255658081,0.6166666666666667,0.7,False,0.6702998351254347,0.7111111111111111,0.3333333333333333
AMZN,575,FULL_SHRINK,2018-02,57,0.62375,0.23038335592347484,0.248746859276655,0.631578947368421,0.42105263157894735,False,0.6549923863539545,0.56,0.6875
AMZN,575,FULL_SHRINK,2018-03,62,0.6534391534391535,0.23041157267814746,0.3083501537246893,0.6612903225806451,0.41935483870967744,False,0.6545081305308803,0.5925925925925926,0.7142857142857143
AMZN,575,FULL_SHRINK,2018-04,63,0.6357142857142857,0.22168912019532278,0.2697818712673558,0.6349206349206349,0.49206349206349204,False,0.6346780259854324,0.6428571428571429,0.6285714285714286
AMZN,575,FULL_SHRINK,2018-05,65,0.5194931773879142,0.2448252826113941,0.03948992518393949,0.5384615384615384,0.6153846153846154,False,0.6828034515802675,0.631578947368421,0.4074074074074074
AMZN,575,FULL_SHRINK,2018-06,63,0.6701086956521739,0.2338751749701132,0.34359525297865917,0.6984126984126984,0.6507936507936508,False,0.6623179398345361,0.775,0.5652173913043478
AMZN,575,FULL_SHRINK,2018-07,60,0.5833333333333333,0.2287500982377922,0.17471413945365305,0.5833333333333334,0.65,False,0.650351254374976,0.7333333333333333,0.43333333333333335
AMZN,575,FULL_SHRINK,2018-08,69,0.655603448275862,0.23751324748349364,0.31282918502397344,0.6666666666666666,0.5942028985507246,False,0.6680746269242455,0.725,0.5862068965517241
AMZN,575,FULL_SHRINK,2018-09,57,0.5431034482758621,0.2623815181113431,0.08652717095470748,0.543859649122807,0.45614035087719296,False,0.7222355416385228,0.5,0.5862068965517241
AMZN,575,FULL_SHRINK,2018-10,69,0.5892857142857143,0.23151602186367576,0.17857142857142858,0.6521739130434783,0.30434782608695654,False,0.656677750796586,0.42857142857142855,0.75
AMZN,575,FULL_SHRINK,2018-11,60,0.4652777777777778,0.2747286086644481,-0.06804138174397717,0.4666666666666667,0.5,False,0.7474785706907021,0.4722222222222222,0.4583333333333333
AMZN,575,FULL_SHRINK,2018-12,54,0.5917293233082707,0.24767750241068814,0.17830465376906865,0.6111111111111112,0.4074074074074074,False,0.6931713374442404,0.5263157894736842,0.6571428571428571
AMZN,575,FULL_SHRINK,2019-01,63,0.45631578947368423,0.25896828685129103,-0.08682179365696914,0.47619047619047616,0.5873015873015873,False,0.7120314554463886,0.5526315789473685,0.36
AMZN,575,FULL_SHRINK,2019-02,2,1.0,0.17517632392825638,1.0,1.0,0.5,False,0.5421346914911163,1.0,1.0
AMZN,575,TITLE_FINBERT_FUSION,2018-01,60,0.5333333333333333,0.2208076185368893,0.06406221326384731,0.6333333333333333,0.7166666666666667,False,0.6223086409369414,0.7333333333333333,0.3333333333333333
AMZN,575,TITLE_FINBERT_FUSION,2018-02,57,0.62375,0.23338279009925852,0.248746859276655,0.631578947368421,0.42105263157894735,False,0.668516139918673,0.56,0.6875
AMZN,575,TITLE_FINBERT_FUSION,2018-03,62,0.6534391534391535,0.22049387354799638,0.3083501537246893,0.6612903225806451,0.41935483870967744,False,0.6255938644158289,0.5925925925925926,0.7142857142857143
AMZN,575,TITLE_FINBERT_FUSION,2018-04,63,0.6321428571428571,0.21212743294344918,0.26348037250184686,0.6349206349206349,0.4603174603174603,False,0.612610304543503,0.6071428571428571,0.6571428571428571
AMZN,575,TITLE_FINBERT_FUSION,2018-05,65,0.5326510721247564,0.26298382966316225,0.06668122552958507,0.5538461538461539,0.6307692307692307,False,0.7498081457814862,0.6578947368421053,0.4074074074074074
AMZN,575,TITLE_FINBERT_FUSION,2018-06,63,0.682608695652174,0.2354018545209793,0.3730019232961255,0.7142857142857143,0.6666666666666666,False,0.6858744271527656,0.8,0.5652173913043478
AMZN,575,TITLE_FINBERT_FUSION,2018-07,60,0.5833333333333333,0.22444971613662426,0.17471413945365305,0.5833333333333334,0.65,False,0.6357196280718135,0.7333333333333333,0.43333333333333335
AMZN,575,TITLE_FINBERT_FUSION,2018-08,69,0.655603448275862,0.2366520308886506,0.31282918502397344,0.6666666666666666,0.5942028985507246,False,0.6752047856929655,0.725,0.5862068965517241
AMZN,575,TITLE_FINBERT_FUSION,2018-09,57,0.5603448275862069,0.29394773054074913,0.12159145841143895,0.5614035087719298,0.43859649122807015,False,0.8168667097553276,0.5,0.6206896551724138
AMZN,575,TITLE_FINBERT_FUSION,2018-10,69,0.5892857142857143,0.22433471652149378,0.17857142857142858,0.6521739130434783,0.30434782608695654,False,0.637107425234965,0.42857142857142855,0.75
AMZN,575,TITLE_FINBERT_FUSION,2018-11,60,0.45138888888888884,0.2918523497024571,-0.09531089965802728,0.45,0.48333333333333334,False,0.7949699286050131,0.4444444444444444,0.4583333333333333
AMZN,575,TITLE_FINBERT_FUSION,2018-12,54,0.5917293233082707,0.24648885470453846,0.17830465376906865,0.6111111111111112,0.4074074074074074,False,0.6957148317767279,0.5263157894736842,0.6571428571428571
AMZN,575,TITLE_FINBERT_FUSION,2019-01,63,0.45631578947368423,0.26834143490327084,-0.08682179365696914,0.47619047619047616,0.5873015873015873,False,0.7800770200380545,0.5526315789473685,0.36
AMZN,575,TITLE_FINBERT_FUSION,2019-02,2,1.0,0.17517632392825638,1.0,1.0,0.5,False,0.5421346914911163,1.0,1.0
AMZN,575,TITLE_MODERN_FUSION,2018-01,60,0.5222222222222223,0.22717847768507332,0.04199605255658081,0.6166666666666667,0.7,False,0.6374210551107884,0.7111111111111111,0.3333333333333333
AMZN,575,TITLE_MODERN_FUSION,2018-02,57,0.639375,0.22776020755411838,0.2819398686139768,0.6491228070175439,0.40350877192982454,False,0.6521732135104424,0.56,0.71875
AMZN,575,TITLE_MODERN_FUSION,2018-03,62,0.6534391534391535,0.22667753134135893,0.3083501537246893,0.6612903225806451,0.41935483870967744,False,0.6621610553747257,0.5925925925925926,0.7142857142857143
AMZN,575,TITLE_MODERN_FUSION,2018-04,63,0.6321428571428571,0.2139597339602946,0.26348037250184686,0.6349206349206349,0.4603174603174603,False,0.6378614910181881,0.6071428571428571,0.6571428571428571
AMZN,575,TITLE_MODERN_FUSION,2018-05,65,0.5194931773879142,0.2604439177246958,0.03948992518393949,0.5384615384615384,0.6153846153846154,False,0.7651636166845694,0.631578947368421,0.4074074074074074
AMZN,575,TITLE_MODERN_FUSION,2018-06,63,0.682608695652174,0.2420074065577825,0.3730019232961255,0.7142857142857143,0.6666666666666666,False,0.70417190394007,0.8,0.5652173913043478
AMZN,575,TITLE_MODERN_FUSION,2018-07,60,0.5833333333333333,0.22743560222545628,0.17471413945365305,0.5833333333333334,0.65,False,0.6489644749612292,0.7333333333333333,0.43333333333333335
AMZN,575,TITLE_MODERN_FUSION,2018-08,69,0.643103448275862,0.24228913817399342,0.28620689655172415,0.6521739130434783,0.5797101449275363,False,0.6896040809679187,0.7,0.5862068965517241
AMZN,575,TITLE_MODERN_FUSION,2018-09,57,0.5252463054187192,0.2873545257891992,0.05086989586601018,0.5263157894736842,0.43859649122807015,False,0.7955585927224259,0.4642857142857143,0.5862068965517241
AMZN,575,TITLE_MODERN_FUSION,2018-10,69,0.5788690476190476,0.22973710222294896,0.15574230173019063,0.6376811594202898,0.3188405797101449,False,0.6602261491540956,0.42857142857142855,0.7291666666666666
AMZN,575,TITLE_MODERN_FUSION,2018-11,60,0.47916666666666663,0.28796947434849635,-0.04084752842486883,0.48333333333333334,0.5166666666666667,False,0.7882340361978365,0.5,0.4583333333333333
AMZN,575,TITLE_MODERN_FUSION,2018-12,54,0.5917293233082707,0.24809906220889136,0.17830465376906865,0.6111111111111112,0.4074074074074074,False,0.6953586530303307,0.5263157894736842,0.6571428571428571
AMZN,575,TITLE_MODERN_FUSION,2019-01,63,0.4363157894736842,0.27174694281277806,-0.12736842105263158,0.4603174603174603,0.6031746031746031,False,0.7874165314063484,0.5526315789473685,0.32
AMZN,575,TITLE_MODERN_FUSION,2019-02,2,1.0,0.17517632392825638,1.0,1.0,0.5,False,0.5421346914911163,1.0,1.0
AMZN,575,PARAGRAPH_FINBERT_FUSION,2018-01,60,0.5111111111111111,0.22780746345191313,0.02068572009460303,0.6,0.6833333333333333,False,0.6445966927057337,0.6888888888888889,0.3333333333333333
AMZN,575,PARAGRAPH_FINBERT_FUSION,2018-02,57,0.639375,0.22503204523666967,0.2819398686139768,0.6491228070175439,0.40350877192982454,False,0.6392489782401104,0.56,0.71875
AMZN,575,PARAGRAPH_FINBERT_FUSION,2018-03,62,0.6063492063492064,0.22203388380506175,0.2126984126984127,0.6129032258064516,0.43548387096774194,False,0.6356060236429474,0.5555555555555556,0.6571428571428571
AMZN,575,PARAGRAPH_FINBERT_FUSION,2018-04,63,0.6357142857142857,0.21091557771995414,0.2697818712673558,0.6349206349206349,0.49206349206349204,False,0.6148708457788897,0.6428571428571429,0.6285714285714286
AMZN,575,PARAGRAPH_FINBERT_FUSION,2018-05,65,0.5141325536062378,0.25579067556509594,0.02912968271851514,0.5384615384615384,0.6461538461538462,False,0.7109901185558505,0.6578947368421053,0.37037037037037035
AMZN,575,PARAGRAPH_FINBERT_FUSION,2018-06,63,0.6701086956521739,0.2409812627119258,0.34359525297865917,0.6984126984126984,0.6507936507936508,False,0.6980173464185855,0.775,0.5652173913043478
AMZN,575,PARAGRAPH_FINBERT_FUSION,2018-07,60,0.6,0.2232443535341031,0.2075143391598224,0.6,0.6333333333333333,False,0.6344946744039622,0.7333333333333333,0.4666666666666667
AMZN,575,PARAGRAPH_FINBERT_FUSION,2018-08,69,0.6258620689655172,0.23210663463804018,0.25303634910526385,0.6376811594202898,0.5942028985507246,False,0.6561709669082464,0.7,0.5517241379310345
AMZN,575,PARAGRAPH_FINBERT_FUSION,2018-09,57,0.5603448275862069,0.2827312192968301,0.12159145841143895,0.5614035087719298,0.43859649122807015,False,0.7756312419984194,0.5,0.6206896551724138
AMZN,575,PARAGRAPH_FINBERT_FUSION,2018-10,69,0.5892857142857143,0.2237902197072547,0.17857142857142858,0.6521739130434783,0.30434782608695654,False,0.6355635390050123,0.42857142857142855,0.75
AMZN,575,PARAGRAPH_FINBERT_FUSION,2018-11,60,0.4375,0.3004725899349817,-0.12274756325774572,0.43333333333333335,0.4666666666666667,False,0.8193033506106046,0.4166666666666667,0.4583333333333333
AMZN,575,PARAGRAPH_FINBERT_FUSION,2018-12,54,0.5774436090225563,0.24951800479541986,0.14958279267168229,0.5925925925925926,0.42592592592592593,False,0.7093369239953016,0.5263157894736842,0.6285714285714286
AMZN,575,PARAGRAPH_FINBERT_FUSION,2019-01,63,0.45631578947368423,0.26614090734517215,-0.08682179365696914,0.47619047619047616,0.5873015873015873,False,0.728066257851643,0.5526315789473685,0.36
AMZN,575,PARAGRAPH_FINBERT_FUSION,2019-02,2,1.0,0.17517632392825638,1.0,1.0,0.5,False,0.5421346914911163,1.0,1.0
AMZN,575,PARAGRAPH_MODERN_FUSION,2018-01,60,0.5111111111111111,0.22404498097956224,0.02068572009460303,0.6,0.6833333333333333,False,0.6310367002935334,0.6888888888888889,0.3333333333333333
AMZN,575,PARAGRAPH_MODERN_FUSION,2018-02,57,0.639375,0.2275233402043241,0.2819398686139768,0.6491228070175439,0.40350877192982454,False,0.6462491099689738,0.56,0.71875
AMZN,575,PARAGRAPH_MODERN_FUSION,2018-03,62,0.6534391534391535,0.2203133521250459,0.3083501537246893,0.6612903225806451,0.41935483870967744,False,0.6483043724206812,0.5925925925925926,0.7142857142857143
AMZN,575,PARAGRAPH_MODERN_FUSION,2018-04,63,0.6357142857142857,0.21606401246677825,0.2697818712673558,0.6349206349206349,0.49206349206349204,False,0.6468239051320508,0.6428571428571429,0.6285714285714286
AMZN,575,PARAGRAPH_MODERN_FUSION,2018-05,65,0.5063352826510721,0.26737464422697255,0.012745318548364543,0.5230769230769231,0.6,False,0.7778837180154147,0.6052631578947368,0.4074074074074074
AMZN,575,PARAGRAPH_MODERN_FUSION,2018-06,63,0.6701086956521739,0.24210166931987745,0.34359525297865917,0.6984126984126984,0.6507936507936508,False,0.7029889937548733,0.775,0.5652173913043478
AMZN,575,PARAGRAPH_MODERN_FUSION,2018-07,60,0.5833333333333333,0.22285464395087543,0.17471413945365305,0.5833333333333334,0.65,False,0.6332134334285722,0.7333333333333333,0.43333333333333335
AMZN,575,PARAGRAPH_MODERN_FUSION,2018-08,69,0.655603448275862,0.23673169076477052,0.31282918502397344,0.6666666666666666,0.5942028985507246,False,0.6766658746150916,0.725,0.5862068965517241
AMZN,575,PARAGRAPH_MODERN_FUSION,2018-09,57,0.5431034482758621,0.28761536330740517,0.08652717095470748,0.543859649122807,0.45614035087719296,False,0.7952052104752589,0.5,0.5862068965517241
AMZN,575,PARAGRAPH_MODERN_FUSION,2018-10,69,0.5892857142857143,0.2257755395093593,0.17857142857142858,0.6521739130434783,0.30434782608695654,False,0.6479079284660025,0.42857142857142855,0.75
AMZN,575,PARAGRAPH_MODERN_FUSION,2018-11,60,0.47916666666666663,0.2936103239936193,-0.04084752842486883,0.48333333333333334,0.5166666666666667,False,0.8069239617207135,0.5,0.4583333333333333
AMZN,575,PARAGRAPH_MODERN_FUSION,2018-12,54,0.5774436090225563,0.25784149136916756,0.14958279267168229,0.5925925925925926,0.42592592592592593,False,0.7329959861208812,0.5263157894736842,0.6285714285714286
AMZN,575,PARAGRAPH_MODERN_FUSION,2019-01,63,0.45631578947368423,0.26651524084783607,-0.08682179365696914,0.47619047619047616,0.5873015873015873,False,0.7364200277224402,0.5526315789473685,0.36
AMZN,575,PARAGRAPH_MODERN_FUSION,2019-02,2,1.0,0.17517632392825638,1.0,1.0,0.5,False,0.5421346914911163,1.0,1.0
