key,day,start_utc,cutoff_utc,split,has_original_news,fnspid_direct_groups_24h,fnspid_multi_groups_24h,fnspid_indirect_groups_24h,fnspid_direct_or_multi_groups_24h,fnspid_body_groups_24h,fnspid_direct_groups_3s,fnspid_multi_groups_3s,fnspid_indirect_groups_3s,fnspid_direct_or_multi_groups_3s,fnspid_body_groups_3s
AMZN|2018-01-03 14:30:00+00:00,2018-01-03,2018-01-03T14:30:00+00:00,2018-01-03T14:25:00+00:00,train,1,0,7,13,7,7,0,12,17,12,12
AMZN|2018-01-03 15:30:00+00:00,2018-01-03,2018-01-03T15:30:00+00:00,2018-01-03T15:25:00+00:00,train,1,1,8,5,9,9,1,20,22,21,21
AMZN|2018-01-03 16:30:00+00:00,2018-01-03,2018-01-03T16:30:00+00:00,2018-01-03T16:25:00+00:00,train,1,1,8,5,9,9,1,20,22,21,21
AMZN|2018-01-04 14:30:00+00:00,2018-01-04,2018-01-04T14:30:00+00:00,2018-01-04T14:25:00+00:00,train,0,1,8,5,9,9,1,15,18,16,16
AMZN|2018-01-04 15:30:00+00:00,2018-01-04,2018-01-04T15:30:00+00:00,2018-01-04T15:25:00+00:00,train,0,0,7,10,7,7,1,22,28,23,23
AMZN|2018-01-04 16:30:00+00:00,2018-01-04,2018-01-04T16:30:00+00:00,2018-01-04T16:25:00+00:00,train,0,0,7,10,7,7,1,22,28,23,23
AMZN|2018-01-05 14:30:00+00:00,2018-01-05,2018-01-05T14:30:00+00:00,2018-01-05T14:25:00+00:00,train,0,0,7,10,7,7,1,15,15,16,16
AMZN|2018-01-05 15:30:00+00:00,2018-01-05,2018-01-05T15:30:00+00:00,2018-01-05T15:25:00+00:00,train,1,1,4,8,5,5,2,19,23,21,21
AMZN|2018-01-05 16:30:00+00:00,2018-01-05,2018-01-05T16:30:00+00:00,2018-01-05T16:25:00+00:00,train,1,1,4,8,5,5,2,19,23,21,21
AMZN|2018-01-08 14:30:00+00:00,2018-01-08,2018-01-08T14:30:00+00:00,2018-01-08T14:25:00+00:00,train,0,0,0,0,0,0,1,11,18,12,12
AMZN|2018-01-08 15:30:00+00:00,2018-01-08,2018-01-08T15:30:00+00:00,2018-01-08T15:25:00+00:00,train,0,4,13,10,17,16,5,24,28,29,28
AMZN|2018-01-08 16:30:00+00:00,2018-01-08,2018-01-08T16:30:00+00:00,2018-01-08T16:25:00+00:00,train,0,4,13,10,17,16,5,24,28,29,28
AMZN|2018-01-09 14:30:00+00:00,2018-01-09,2018-01-09T14:30:00+00:00,2018-01-09T14:25:00+00:00,train,1,4,13,10,17,16,5,17,18,22,21
AMZN|2018-01-09 15:30:00+00:00,2018-01-09,2018-01-09T15:30:00+00:00,2018-01-09T15:25:00+00:00,train,1,1,10,12,11,11,6,27,30,33,32
AMZN|2018-01-09 16:30:00+00:00,2018-01-09,2018-01-09T16:30:00+00:00,2018-01-09T16:25:00+00:00,train,1,1,10,12,11,11,6,27,30,33,32
AMZN|2018-01-10 14:30:00+00:00,2018-01-10,2018-01-10T14:30:00+00:00,2018-01-10T14:25:00+00:00,train,0,1,10,12,11,11,5,23,22,28,27
AMZN|2018-01-10 15:30:00+00:00,2018-01-10,2018-01-10T15:30:00+00:00,2018-01-10T15:25:00+00:00,train,0,1,12,9,13,12,6,35,31,41,39
AMZN|2018-01-10 16:30:00+00:00,2018-01-10,2018-01-10T16:30:00+00:00,2018-01-10T16:25:00+00:00,train,0,1,12,9,13,12,6,35,31,41,39
AMZN|2018-01-11 14:30:00+00:00,2018-01-11,2018-01-11T14:30:00+00:00,2018-01-11T14:25:00+00:00,train,1,1,12,9,13,12,2,22,21,24,23
AMZN|2018-01-11 15:30:00+00:00,2018-01-11,2018-01-11T15:30:00+00:00,2018-01-11T15:25:00+00:00,train,1,2,13,8,15,15,4,35,29,39,38
AMZN|2018-01-11 16:30:00+00:00,2018-01-11,2018-01-11T16:30:00+00:00,2018-01-11T16:25:00+00:00,train,0,2,13,8,15,15,4,35,29,39,38
AMZN|2018-01-12 14:30:00+00:00,2018-01-12,2018-01-12T14:30:00+00:00,2018-01-12T14:25:00+00:00,train,0,2,13,8,15,15,3,25,17,28,27
AMZN|2018-01-12 15:30:00+00:00,2018-01-12,2018-01-12T15:30:00+00:00,2018-01-12T15:25:00+00:00,train,0,1,5,7,6,6,4,30,24,34,33
AMZN|2018-01-12 16:30:00+00:00,2018-01-12,2018-01-12T16:30:00+00:00,2018-01-12T16:25:00+00:00,train,0,1,5,7,6,6,4,30,24,34,33
AMZN|2018-01-16 14:30:00+00:00,2018-01-16,2018-01-16T14:30:00+00:00,2018-01-16T14:25:00+00:00,train,0,0,0,0,0,0,3,18,15,21,21
AMZN|2018-01-16 15:30:00+00:00,2018-01-16,2018-01-16T15:30:00+00:00,2018-01-16T15:25:00+00:00,train,0,2,9,13,11,11,5,27,28,32,32
AMZN|2018-01-16 16:30:00+00:00,2018-01-16,2018-01-16T16:30:00+00:00,2018-01-16T16:25:00+00:00,train,0,2,9,13,11,11,5,27,28,32,32
AMZN|2018-01-17 14:30:00+00:00,2018-01-17,2018-01-17T14:30:00+00:00,2018-01-17T14:25:00+00:00,train,1,2,9,13,11,11,3,14,20,17,17
AMZN|2018-01-17 15:30:00+00:00,2018-01-17,2018-01-17T15:30:00+00:00,2018-01-17T15:25:00+00:00,train,1,1,5,6,6,6,4,19,26,23,23
AMZN|2018-01-17 16:30:00+00:00,2018-01-17,2018-01-17T16:30:00+00:00,2018-01-17T16:25:00+00:00,train,0,1,5,6,6,6,4,19,26,23,23
AMZN|2018-01-18 14:30:00+00:00,2018-01-18,2018-01-18T14:30:00+00:00,2018-01-18T14:25:00+00:00,train,1,1,5,6,6,6,3,14,19,17,17
AMZN|2018-01-18 15:30:00+00:00,2018-01-18,2018-01-18T15:30:00+00:00,2018-01-18T15:25:00+00:00,train,1,0,10,9,10,10,3,24,28,27,27
AMZN|2018-01-18 16:30:00+00:00,2018-01-18,2018-01-18T16:30:00+00:00,2018-01-18T16:25:00+00:00,train,1,0,10,9,10,10,3,24,28,27,27
AMZN|2018-01-19 14:30:00+00:00,2018-01-19,2018-01-19T14:30:00+00:00,2018-01-19T14:25:00+00:00,train,1,0,10,9,10,10,1,15,15,16,16
AMZN|2018-01-19 15:30:00+00:00,2018-01-19,2018-01-19T15:30:00+00:00,2018-01-19T15:25:00+00:00,train,1,0,6,3,6,6,1,21,18,22,22
AMZN|2018-01-19 16:30:00+00:00,2018-01-19,2018-01-19T16:30:00+00:00,2018-01-19T16:25:00+00:00,train,1,0,6,3,6,6,1,21,18,22,22
AMZN|2018-01-22 14:30:00+00:00,2018-01-22,2018-01-22T14:30:00+00:00,2018-01-22T14:25:00+00:00,train,0,0,0,0,0,0,0,16,12,16,16
AMZN|2018-01-22 15:30:00+00:00,2018-01-22,2018-01-22T15:30:00+00:00,2018-01-22T15:25:00+00:00,train,0,0,5,20,5,5,0,21,32,21,21
AMZN|2018-01-22 16:30:00+00:00,2018-01-22,2018-01-22T16:30:00+00:00,2018-01-22T16:25:00+00:00,train,1,0,5,20,5,5,0,21,32,21,21
AMZN|2018-01-23 14:30:00+00:00,2018-01-23,2018-01-23T14:30:00+00:00,2018-01-23T14:25:00+00:00,train,1,0,5,20,5,5,0,11,23,11,11
AMZN|2018-01-23 15:30:00+00:00,2018-01-23,2018-01-23T15:30:00+00:00,2018-01-23T15:25:00+00:00,train,1,0,11,8,11,11,0,22,31,22,22
AMZN|2018-01-23 16:30:00+00:00,2018-01-23,2018-01-23T16:30:00+00:00,2018-01-23T16:25:00+00:00,train,1,0,11,8,11,11,0,22,31,22,22
AMZN|2018-01-24 14:30:00+00:00,2018-01-24,2018-01-24T14:30:00+00:00,2018-01-24T14:25:00+00:00,train,0,0,11,8,11,11,0,16,28,16,16
AMZN|2018-01-24 15:30:00+00:00,2018-01-24,2018-01-24T15:30:00+00:00,2018-01-24T15:25:00+00:00,train,0,1,6,8,7,7,1,22,36,23,23
AMZN|2018-01-24 16:30:00+00:00,2018-01-24,2018-01-24T16:30:00+00:00,2018-01-24T16:25:00+00:00,train,0,1,6,8,7,7,1,22,36,23,23
AMZN|2018-01-25 14:30:00+00:00,2018-01-25,2018-01-25T14:30:00+00:00,2018-01-25T14:25:00+00:00,train,0,1,6,8,7,7,1,17,16,18,18
AMZN|2018-01-25 15:30:00+00:00,2018-01-25,2018-01-25T15:30:00+00:00,2018-01-25T15:25:00+00:00,train,0,0,12,6,12,12,1,29,22,30,30
AMZN|2018-01-25 16:30:00+00:00,2018-01-25,2018-01-25T16:30:00+00:00,2018-01-25T16:25:00+00:00,train,0,0,12,6,12,12,1,29,22,30,30
AMZN|2018-01-26 14:30:00+00:00,2018-01-26,2018-01-26T14:30:00+00:00,2018-01-26T14:25:00+00:00,train,0,0,12,6,12,12,1,18,14,19,19
AMZN|2018-01-26 15:30:00+00:00,2018-01-26,2018-01-26T15:30:00+00:00,2018-01-26T15:25:00+00:00,train,0,0,10,4,10,10,1,28,18,29,29
AMZN|2018-01-26 16:30:00+00:00,2018-01-26,2018-01-26T16:30:00+00:00,2018-01-26T16:25:00+00:00,train,0,0,10,4,10,10,1,28,18,29,29
AMZN|2018-01-29 14:30:00+00:00,2018-01-29,2018-01-29T14:30:00+00:00,2018-01-29T14:25:00+00:00,train,0,0,0,0,0,0,0,22,10,22,22
AMZN|2018-01-29 15:30:00+00:00,2018-01-29,2018-01-29T15:30:00+00:00,2018-01-29T15:25:00+00:00,train,0,0,7,8,7,7,0,29,18,29,29
AMZN|2018-01-29 16:30:00+00:00,2018-01-29,2018-01-29T16:30:00+00:00,2018-01-29T16:25:00+00:00,train,0,0,7,8,7,7,0,29,18,29,29
AMZN|2018-01-30 14:30:00+00:00,2018-01-30,2018-01-30T14:30:00+00:00,2018-01-30T14:25:00+00:00,train,1,0,7,8,7,7,0,17,12,17,17
AMZN|2018-01-30 15:30:00+00:00,2018-01-30,2018-01-30T15:30:00+00:00,2018-01-30T15:25:00+00:00,train,1,0,18,6,18,18,0,35,18,35,35
AMZN|2018-01-30 16:30:00+00:00,2018-01-30,2018-01-30T16:30:00+00:00,2018-01-30T16:25:00+00:00,train,1,0,18,6,18,18,0,35,18,35,35
AMZN|2018-01-31 14:30:00+00:00,2018-01-31,2018-01-31T14:30:00+00:00,2018-01-31T14:25:00+00:00,train,1,0,18,6,18,18,0,25,14,25,25
AMZN|2018-01-31 15:30:00+00:00,2018-01-31,2018-01-31T15:30:00+00:00,2018-01-31T15:25:00+00:00,train,1,1,11,6,12,12,1,36,20,37,37
AMZN|2018-01-31 16:30:00+00:00,2018-01-31,2018-01-31T16:30:00+00:00,2018-01-31T16:25:00+00:00,train,1,1,11,6,12,12,1,36,20,37,37
AMZN|2018-02-01 14:30:00+00:00,2018-02-01,2018-02-01T14:30:00+00:00,2018-02-01T14:25:00+00:00,train,1,1,11,6,12,12,1,29,12,30,30
AMZN|2018-02-01 15:30:00+00:00,2018-02-01,2018-02-01T15:30:00+00:00,2018-02-01T15:25:00+00:00,train,1,1,7,8,8,7,2,36,20,38,37
AMZN|2018-02-01 16:30:00+00:00,2018-02-01,2018-02-01T16:30:00+00:00,2018-02-01T16:25:00+00:00,train,1,1,7,8,8,7,2,36,20,38,37
AMZN|2018-02-02 14:30:00+00:00,2018-02-02,2018-02-02T14:30:00+00:00,2018-02-02T14:25:00+00:00,train,1,1,7,8,8,7,2,18,14,20,19
AMZN|2018-02-02 15:30:00+00:00,2018-02-02,2018-02-02T15:30:00+00:00,2018-02-02T15:25:00+00:00,train,1,1,10,4,11,11,3,28,18,31,30
AMZN|2018-02-02 16:30:00+00:00,2018-02-02,2018-02-02T16:30:00+00:00,2018-02-02T16:25:00+00:00,train,1,1,10,4,11,11,3,28,18,31,30
AMZN|2018-02-05 14:30:00+00:00,2018-02-05,2018-02-05T14:30:00+00:00,2018-02-05T14:25:00+00:00,train,1,0,0,0,0,0,2,17,12,19,18
AMZN|2018-02-05 15:30:00+00:00,2018-02-05,2018-02-05T15:30:00+00:00,2018-02-05T15:25:00+00:00,train,1,2,17,8,19,19,4,34,20,38,37
AMZN|2018-02-05 16:30:00+00:00,2018-02-05,2018-02-05T16:30:00+00:00,2018-02-05T16:25:00+00:00,train,1,2,17,8,19,19,4,34,20,38,37
AMZN|2018-02-06 14:30:00+00:00,2018-02-06,2018-02-06T14:30:00+00:00,2018-02-06T14:25:00+00:00,train,0,2,17,8,19,19,3,27,12,30,30
AMZN|2018-02-06 15:30:00+00:00,2018-02-06,2018-02-06T15:30:00+00:00,2018-02-06T15:25:00+00:00,train,0,0,9,4,9,8,3,36,16,39,38
AMZN|2018-02-06 16:30:00+00:00,2018-02-06,2018-02-06T16:30:00+00:00,2018-02-06T16:25:00+00:00,train,1,0,9,4,9,8,3,36,16,39,38
AMZN|2018-02-07 14:30:00+00:00,2018-02-07,2018-02-07T14:30:00+00:00,2018-02-07T14:25:00+00:00,train,1,0,9,4,9,8,2,26,12,28,27
AMZN|2018-02-07 15:30:00+00:00,2018-02-07,2018-02-07T15:30:00+00:00,2018-02-07T15:25:00+00:00,train,1,2,9,6,11,11,4,35,18,39,38
AMZN|2018-02-07 16:30:00+00:00,2018-02-07,2018-02-07T16:30:00+00:00,2018-02-07T16:25:00+00:00,train,1,2,9,6,11,11,4,35,18,39,38
AMZN|2018-02-08 14:30:00+00:00,2018-02-08,2018-02-08T14:30:00+00:00,2018-02-08T14:25:00+00:00,train,0,2,9,6,11,11,2,18,10,20,19
AMZN|2018-02-08 15:30:00+00:00,2018-02-08,2018-02-08T15:30:00+00:00,2018-02-08T15:25:00+00:00,train,0,1,3,3,4,4,3,21,13,24,23
AMZN|2018-02-08 16:30:00+00:00,2018-02-08,2018-02-08T16:30:00+00:00,2018-02-08T16:25:00+00:00,train,0,1,3,3,4,4,3,21,13,24,23
AMZN|2018-02-09 14:30:00+00:00,2018-02-09,2018-02-09T14:30:00+00:00,2018-02-09T14:25:00+00:00,train,0,1,3,3,4,4,3,12,9,15,15
AMZN|2018-02-09 15:30:00+00:00,2018-02-09,2018-02-09T15:30:00+00:00,2018-02-09T15:25:00+00:00,train,0,1,7,2,8,8,4,19,11,23,23
AMZN|2018-02-09 16:30:00+00:00,2018-02-09,2018-02-09T16:30:00+00:00,2018-02-09T16:25:00+00:00,train,0,1,7,2,8,8,4,19,11,23,23
AMZN|2018-02-12 14:30:00+00:00,2018-02-12,2018-02-12T14:30:00+00:00,2018-02-12T14:25:00+00:00,train,0,0,0,0,0,0,2,10,5,12,12
AMZN|2018-02-12 15:30:00+00:00,2018-02-12,2018-02-12T15:30:00+00:00,2018-02-12T15:25:00+00:00,train,1,1,7,3,8,8,3,17,8,20,20
AMZN|2018-02-12 16:30:00+00:00,2018-02-12,2018-02-12T16:30:00+00:00,2018-02-12T16:25:00+00:00,train,1,1,7,3,8,8,3,17,8,20,20
AMZN|2018-02-13 14:30:00+00:00,2018-02-13,2018-02-13T14:30:00+00:00,2018-02-13T14:25:00+00:00,train,0,1,7,3,8,8,2,14,5,16,16
AMZN|2018-02-13 15:30:00+00:00,2018-02-13,2018-02-13T15:30:00+00:00,2018-02-13T15:25:00+00:00,train,0,2,13,3,15,15,4,27,8,31,31
AMZN|2018-02-13 16:30:00+00:00,2018-02-13,2018-02-13T16:30:00+00:00,2018-02-13T16:25:00+00:00,train,0,2,13,3,15,15,4,27,8,31,31
AMZN|2018-02-14 14:30:00+00:00,2018-02-14,2018-02-14T14:30:00+00:00,2018-02-14T14:25:00+00:00,train,1,2,13,3,15,15,3,20,6,23,23
AMZN|2018-02-14 15:30:00+00:00,2018-02-14,2018-02-14T15:30:00+00:00,2018-02-14T15:25:00+00:00,train,1,1,10,5,11,11,4,30,11,34,34
AMZN|2018-02-14 16:30:00+00:00,2018-02-14,2018-02-14T16:30:00+00:00,2018-02-14T16:25:00+00:00,train,1,1,10,5,11,11,4,30,11,34,34
AMZN|2018-02-15 14:30:00+00:00,2018-02-15,2018-02-15T14:30:00+00:00,2018-02-15T14:25:00+00:00,train,1,1,10,5,11,11,3,23,8,26,26
AMZN|2018-02-15 15:30:00+00:00,2018-02-15,2018-02-15T15:30:00+00:00,2018-02-15T15:25:00+00:00,train,1,2,11,1,13,13,5,34,9,39,39
AMZN|2018-02-15 16:30:00+00:00,2018-02-15,2018-02-15T16:30:00+00:00,2018-02-15T16:25:00+00:00,train,1,2,11,1,13,13,5,34,9,39,39
AMZN|2018-02-16 14:30:00+00:00,2018-02-16,2018-02-16T14:30:00+00:00,2018-02-16T14:25:00+00:00,train,0,2,11,1,13,13,3,21,6,24,24
AMZN|2018-02-16 15:30:00+00:00,2018-02-16,2018-02-16T15:30:00+00:00,2018-02-16T15:25:00+00:00,train,0,0,5,5,5,5,3,26,11,29,29
AMZN|2018-02-16 16:30:00+00:00,2018-02-16,2018-02-16T16:30:00+00:00,2018-02-16T16:25:00+00:00,train,0,0,5,5,5,5,3,26,11,29,29
AMZN|2018-02-20 14:30:00+00:00,2018-02-20,2018-02-20T14:30:00+00:00,2018-02-20T14:25:00+00:00,train,0,0,0,0,0,0,2,16,6,18,18
AMZN|2018-02-20 15:30:00+00:00,2018-02-20,2018-02-20T15:30:00+00:00,2018-02-20T15:25:00+00:00,train,1,0,8,10,8,8,2,24,16,26,26
AMZN|2018-02-20 16:30:00+00:00,2018-02-20,2018-02-20T16:30:00+00:00,2018-02-20T16:25:00+00:00,train,1,0,8,10,8,8,2,24,16,26,26
AMZN|2018-02-21 14:30:00+00:00,2018-02-21,2018-02-21T14:30:00+00:00,2018-02-21T14:25:00+00:00,train,0,0,8,10,8,8,0,13,15,13,13
AMZN|2018-02-21 15:30:00+00:00,2018-02-21,2018-02-21T15:30:00+00:00,2018-02-21T15:25:00+00:00,train,0,1,3,3,4,4,1,16,18,17,17
AMZN|2018-02-21 16:30:00+00:00,2018-02-21,2018-02-21T16:30:00+00:00,2018-02-21T16:25:00+00:00,train,0,1,3,3,4,4,1,16,18,17,17
AMZN|2018-02-22 14:30:00+00:00,2018-02-22,2018-02-22T14:30:00+00:00,2018-02-22T14:25:00+00:00,train,1,1,3,3,4,4,1,11,13,12,12
AMZN|2018-02-22 15:30:00+00:00,2018-02-22,2018-02-22T15:30:00+00:00,2018-02-22T15:25:00+00:00,train,1,0,10,4,10,10,1,21,17,22,22
AMZN|2018-02-22 16:30:00+00:00,2018-02-22,2018-02-22T16:30:00+00:00,2018-02-22T16:25:00+00:00,train,1,0,10,4,10,10,1,21,17,22,22
AMZN|2018-02-23 14:30:00+00:00,2018-02-23,2018-02-23T14:30:00+00:00,2018-02-23T14:25:00+00:00,train,0,0,10,4,10,10,1,13,7,14,14
AMZN|2018-02-23 15:30:00+00:00,2018-02-23,2018-02-23T15:30:00+00:00,2018-02-23T15:25:00+00:00,train,0,1,8,2,9,9,2,21,9,23,23
AMZN|2018-02-23 16:30:00+00:00,2018-02-23,2018-02-23T16:30:00+00:00,2018-02-23T16:25:00+00:00,train,0,1,8,2,9,9,2,21,9,23,23
AMZN|2018-02-26 14:30:00+00:00,2018-02-26,2018-02-26T14:30:00+00:00,2018-02-26T14:25:00+00:00,train,1,0,0,0,0,0,1,18,6,19,19
AMZN|2018-02-26 15:30:00+00:00,2018-02-26,2018-02-26T15:30:00+00:00,2018-02-26T15:25:00+00:00,train,1,1,10,6,11,11,2,28,12,30,30
AMZN|2018-02-26 16:30:00+00:00,2018-02-26,2018-02-26T16:30:00+00:00,2018-02-26T16:25:00+00:00,train,1,1,10,6,11,11,2,28,12,30,30
AMZN|2018-02-27 14:30:00+00:00,2018-02-27,2018-02-27T14:30:00+00:00,2018-02-27T14:25:00+00:00,train,1,1,10,6,11,11,2,18,8,20,20
AMZN|2018-02-27 15:30:00+00:00,2018-02-27,2018-02-27T15:30:00+00:00,2018-02-27T15:25:00+00:00,train,1,0,12,7,12,12,2,30,15,32,32
AMZN|2018-02-27 16:30:00+00:00,2018-02-27,2018-02-27T16:30:00+00:00,2018-02-27T16:25:00+00:00,train,1,0,12,7,12,12,2,30,15,32,32
AMZN|2018-02-28 14:30:00+00:00,2018-02-28,2018-02-28T14:30:00+00:00,2018-02-28T14:25:00+00:00,train,0,0,12,7,12,12,1,22,13,23,23
AMZN|2018-02-28 15:30:00+00:00,2018-02-28,2018-02-28T15:30:00+00:00,2018-02-28T15:25:00+00:00,train,0,1,10,5,11,11,2,32,18,34,34
AMZN|2018-02-28 16:30:00+00:00,2018-02-28,2018-02-28T16:30:00+00:00,2018-02-28T16:25:00+00:00,train,0,1,10,5,11,11,2,32,18,34,34
AMZN|2018-03-01 14:30:00+00:00,2018-03-01,2018-03-01T14:30:00+00:00,2018-03-01T14:25:00+00:00,train,1,1,10,5,11,11,1,22,12,23,23
AMZN|2018-03-01 15:30:00+00:00,2018-03-01,2018-03-01T15:30:00+00:00,2018-03-01T15:25:00+00:00,train,1,0,7,6,7,7,1,29,18,30,30
AMZN|2018-03-01 16:30:00+00:00,2018-03-01,2018-03-01T16:30:00+00:00,2018-03-01T16:25:00+00:00,train,1,0,7,6,7,7,1,29,18,30,30
AMZN|2018-03-02 14:30:00+00:00,2018-03-02,2018-03-02T14:30:00+00:00,2018-03-02T14:25:00+00:00,train,0,0,7,6,7,7,1,17,11,18,18
AMZN|2018-03-02 15:30:00+00:00,2018-03-02,2018-03-02T15:30:00+00:00,2018-03-02T15:25:00+00:00,train,0,0,5,4,5,5,1,22,15,23,23
AMZN|2018-03-02 16:30:00+00:00,2018-03-02,2018-03-02T16:30:00+00:00,2018-03-02T16:25:00+00:00,train,1,0,5,4,5,5,1,22,15,23,23
AMZN|2018-03-05 14:30:00+00:00,2018-03-05,2018-03-05T14:30:00+00:00,2018-03-05T14:25:00+00:00,train,0,0,0,0,0,0,0,12,10,12,12
AMZN|2018-03-05 15:30:00+00:00,2018-03-05,2018-03-05T15:30:00+00:00,2018-03-05T15:25:00+00:00,train,0,1,7,6,8,8,1,19,16,20,20
AMZN|2018-03-05 16:30:00+00:00,2018-03-05,2018-03-05T16:30:00+00:00,2018-03-05T16:25:00+00:00,train,0,1,7,6,8,8,1,19,16,20,20
AMZN|2018-03-06 14:30:00+00:00,2018-03-06,2018-03-06T14:30:00+00:00,2018-03-06T14:25:00+00:00,train,1,1,7,6,8,8,1,12,10,13,13
AMZN|2018-03-06 15:30:00+00:00,2018-03-06,2018-03-06T15:30:00+00:00,2018-03-06T15:25:00+00:00,train,0,0,8,8,8,8,1,20,18,21,21
AMZN|2018-03-06 16:30:00+00:00,2018-03-06,2018-03-06T16:30:00+00:00,2018-03-06T16:25:00+00:00,train,1,0,8,8,8,8,1,20,18,21,21
AMZN|2018-03-07 14:30:00+00:00,2018-03-07,2018-03-07T14:30:00+00:00,2018-03-07T14:25:00+00:00,train,1,0,8,8,8,8,1,15,14,16,16
AMZN|2018-03-07 15:30:00+00:00,2018-03-07,2018-03-07T15:30:00+00:00,2018-03-07T15:25:00+00:00,train,1,0,7,6,7,7,1,22,20,23,23
AMZN|2018-03-07 16:30:00+00:00,2018-03-07,2018-03-07T16:30:00+00:00,2018-03-07T16:25:00+00:00,train,1,0,7,6,7,7,1,22,20,23,23
AMZN|2018-03-08 14:30:00+00:00,2018-03-08,2018-03-08T14:30:00+00:00,2018-03-08T14:25:00+00:00,train,1,0,7,6,7,7,0,15,14,15,15
AMZN|2018-03-08 15:30:00+00:00,2018-03-08,2018-03-08T15:30:00+00:00,2018-03-08T15:25:00+00:00,train,1,1,5,5,6,6,1,20,19,21,21
AMZN|2018-03-08 16:30:00+00:00,2018-03-08,2018-03-08T16:30:00+00:00,2018-03-08T16:25:00+00:00,train,1,1,5,5,6,6,1,20,19,21,21
AMZN|2018-03-09 14:30:00+00:00,2018-03-09,2018-03-09T14:30:00+00:00,2018-03-09T14:25:00+00:00,train,0,1,5,5,6,6,1,12,11,13,13
AMZN|2018-03-09 15:30:00+00:00,2018-03-09,2018-03-09T15:30:00+00:00,2018-03-09T15:25:00+00:00,train,0,0,10,4,10,10,1,22,15,23,23
AMZN|2018-03-09 16:30:00+00:00,2018-03-09,2018-03-09T16:30:00+00:00,2018-03-09T16:25:00+00:00,train,0,0,10,4,10,10,1,22,15,23,23
AMZN|2018-03-12 14:30:00+00:00,2018-03-12,2018-03-12T14:30:00+00:00,2018-03-12T14:25:00+00:00,train,1,1,10,6,11,11,2,25,15,27,27
AMZN|2018-03-12 15:30:00+00:00,2018-03-12,2018-03-12T15:30:00+00:00,2018-03-12T15:25:00+00:00,train,1,1,10,6,11,11,2,25,15,27,27
AMZN|2018-03-13 13:30:00+00:00,2018-03-13,2018-03-13T13:30:00+00:00,2018-03-13T13:25:00+00:00,train,0,1,10,6,11,11,1,20,10,21,21
AMZN|2018-03-13 14:30:00+00:00,2018-03-13,2018-03-13T14:30:00+00:00,2018-03-13T14:25:00+00:00,train,0,0,9,3,9,9,1,29,13,30,30
AMZN|2018-03-13 15:30:00+00:00,2018-03-13,2018-03-13T15:30:00+00:00,2018-03-13T15:25:00+00:00,train,1,0,9,3,9,9,1,29,13,30,30
AMZN|2018-03-14 13:30:00+00:00,2018-03-14,2018-03-14T13:30:00+00:00,2018-03-14T13:25:00+00:00,train,0,0,9,3,9,9,1,19,9,20,20
AMZN|2018-03-14 14:30:00+00:00,2018-03-14,2018-03-14T14:30:00+00:00,2018-03-14T14:25:00+00:00,train,1,1,12,4,13,13,2,31,13,33,33
AMZN|2018-03-14 15:30:00+00:00,2018-03-14,2018-03-14T15:30:00+00:00,2018-03-14T15:25:00+00:00,train,1,1,12,4,13,13,2,31,13,33,33
AMZN|2018-03-15 13:30:00+00:00,2018-03-15,2018-03-15T13:30:00+00:00,2018-03-15T13:25:00+00:00,train,0,1,12,4,13,13,1,21,7,22,22
AMZN|2018-03-15 14:30:00+00:00,2018-03-15,2018-03-15T14:30:00+00:00,2018-03-15T14:25:00+00:00,train,0,2,3,4,5,5,3,24,11,27,27
AMZN|2018-03-15 15:30:00+00:00,2018-03-15,2018-03-15T15:30:00+00:00,2018-03-15T15:25:00+00:00,train,0,2,3,4,5,5,3,24,11,27,27
AMZN|2018-03-16 13:30:00+00:00,2018-03-16,2018-03-16T13:30:00+00:00,2018-03-16T13:25:00+00:00,train,0,2,3,4,5,5,3,15,8,18,18
AMZN|2018-03-16 14:30:00+00:00,2018-03-16,2018-03-16T14:30:00+00:00,2018-03-16T14:25:00+00:00,train,0,1,9,10,10,10,4,24,18,28,28
AMZN|2018-03-16 15:30:00+00:00,2018-03-16,2018-03-16T15:30:00+00:00,2018-03-16T15:25:00+00:00,train,0,1,9,10,10,10,4,24,18,28,28
AMZN|2018-03-19 13:30:00+00:00,2018-03-19,2018-03-19T13:30:00+00:00,2018-03-19T13:25:00+00:00,train,0,0,0,0,0,0,3,12,14,15,15
AMZN|2018-03-19 14:30:00+00:00,2018-03-19,2018-03-19T14:30:00+00:00,2018-03-19T14:25:00+00:00,train,0,0,6,5,6,6,3,18,19,21,21
AMZN|2018-03-19 15:30:00+00:00,2018-03-19,2018-03-19T15:30:00+00:00,2018-03-19T15:25:00+00:00,train,0,0,6,5,6,6,3,18,19,21,21
AMZN|2018-03-20 13:30:00+00:00,2018-03-20,2018-03-20T13:30:00+00:00,2018-03-20T13:25:00+00:00,train,0,0,6,5,6,6,1,15,15,16,16
AMZN|2018-03-20 14:30:00+00:00,2018-03-20,2018-03-20T14:30:00+00:00,2018-03-20T14:25:00+00:00,train,0,0,7,6,7,7,1,22,21,23,23
AMZN|2018-03-20 15:30:00+00:00,2018-03-20,2018-03-20T15:30:00+00:00,2018-03-20T15:25:00+00:00,train,1,0,7,6,7,7,1,22,21,23,23
AMZN|2018-03-21 13:30:00+00:00,2018-03-21,2018-03-21T13:30:00+00:00,2018-03-21T13:25:00+00:00,train,1,0,7,6,7,7,0,13,11,13,13
AMZN|2018-03-21 14:30:00+00:00,2018-03-21,2018-03-21T14:30:00+00:00,2018-03-21T14:25:00+00:00,train,1,1,10,3,11,11,1,23,14,24,24
AMZN|2018-03-21 15:30:00+00:00,2018-03-21,2018-03-21T15:30:00+00:00,2018-03-21T15:25:00+00:00,train,1,1,10,3,11,11,1,23,14,24,24
AMZN|2018-03-22 13:30:00+00:00,2018-03-22,2018-03-22T13:30:00+00:00,2018-03-22T13:25:00+00:00,train,0,1,10,3,11,11,1,17,9,18,18
AMZN|2018-03-22 14:30:00+00:00,2018-03-22,2018-03-22T14:30:00+00:00,2018-03-22T14:25:00+00:00,train,0,0,8,8,8,8,1,25,17,26,26
AMZN|2018-03-22 15:30:00+00:00,2018-03-22,2018-03-22T15:30:00+00:00,2018-03-22T15:25:00+00:00,train,0,0,8,8,8,8,1,25,17,26,26
AMZN|2018-03-23 13:30:00+00:00,2018-03-23,2018-03-23T13:30:00+00:00,2018-03-23T13:25:00+00:00,train,1,0,8,8,8,8,1,18,11,19,19
AMZN|2018-03-23 14:30:00+00:00,2018-03-23,2018-03-23T14:30:00+00:00,2018-03-23T14:25:00+00:00,train,1,3,6,5,9,9,4,24,16,28,28
AMZN|2018-03-23 15:30:00+00:00,2018-03-23,2018-03-23T15:30:00+00:00,2018-03-23T15:25:00+00:00,train,1,3,6,5,9,9,4,24,16,28,28
AMZN|2018-03-26 13:30:00+00:00,2018-03-26,2018-03-26T13:30:00+00:00,2018-03-26T13:25:00+00:00,train,0,0,0,0,0,0,3,14,13,17,17
AMZN|2018-03-26 14:30:00+00:00,2018-03-26,2018-03-26T14:30:00+00:00,2018-03-26T14:25:00+00:00,train,0,1,3,4,4,4,4,17,17,21,21
AMZN|2018-03-26 15:30:00+00:00,2018-03-26,2018-03-26T15:30:00+00:00,2018-03-26T15:25:00+00:00,train,0,1,3,4,4,4,4,17,17,21,21
AMZN|2018-03-27 13:30:00+00:00,2018-03-27,2018-03-27T13:30:00+00:00,2018-03-27T13:25:00+00:00,train,1,1,3,4,4,4,4,9,9,13,13
AMZN|2018-03-27 14:30:00+00:00,2018-03-27,2018-03-27T14:30:00+00:00,2018-03-27T14:25:00+00:00,train,1,0,8,4,8,8,4,17,13,21,21
AMZN|2018-03-27 15:30:00+00:00,2018-03-27,2018-03-27T15:30:00+00:00,2018-03-27T15:25:00+00:00,train,1,0,8,4,8,8,4,17,13,21,21
AMZN|2018-03-28 13:30:00+00:00,2018-03-28,2018-03-28T13:30:00+00:00,2018-03-28T13:25:00+00:00,train,0,0,8,4,8,8,1,11,8,12,12
AMZN|2018-03-28 14:30:00+00:00,2018-03-28,2018-03-28T14:30:00+00:00,2018-03-28T14:25:00+00:00,train,1,0,5,9,5,5,1,16,17,17,17
AMZN|2018-03-28 15:30:00+00:00,2018-03-28,2018-03-28T15:30:00+00:00,2018-03-28T15:25:00+00:00,train,1,0,5,9,5,5,1,16,17,17,17
AMZN|2018-03-29 13:30:00+00:00,2018-03-29,2018-03-29T13:30:00+00:00,2018-03-29T13:25:00+00:00,train,0,0,5,9,5,5,0,13,13,13,13
AMZN|2018-03-29 14:30:00+00:00,2018-03-29,2018-03-29T14:30:00+00:00,2018-03-29T14:25:00+00:00,train,0,1,5,8,6,6,1,18,21,19,19
AMZN|2018-03-29 15:30:00+00:00,2018-03-29,2018-03-29T15:30:00+00:00,2018-03-29T15:25:00+00:00,train,0,1,5,8,6,6,1,18,21,19,19
AMZN|2018-04-02 13:30:00+00:00,2018-04-02,2018-04-02T13:30:00+00:00,2018-04-02T13:25:00+00:00,train,1,0,0,0,0,0,1,10,17,11,11
AMZN|2018-04-02 14:30:00+00:00,2018-04-02,2018-04-02T14:30:00+00:00,2018-04-02T14:25:00+00:00,train,1,1,11,16,12,12,2,21,33,23,23
AMZN|2018-04-02 15:30:00+00:00,2018-04-02,2018-04-02T15:30:00+00:00,2018-04-02T15:25:00+00:00,train,1,1,11,16,12,12,2,21,33,23,23
AMZN|2018-04-03 13:30:00+00:00,2018-04-03,2018-04-03T13:30:00+00:00,2018-04-03T13:25:00+00:00,train,1,1,11,16,12,12,2,16,24,18,18
AMZN|2018-04-03 14:30:00+00:00,2018-04-03,2018-04-03T14:30:00+00:00,2018-04-03T14:25:00+00:00,train,1,0,7,8,7,7,2,23,32,25,25
AMZN|2018-04-03 15:30:00+00:00,2018-04-03,2018-04-03T15:30:00+00:00,2018-04-03T15:25:00+00:00,train,1,0,7,8,7,7,2,23,32,25,25
AMZN|2018-04-04 13:30:00+00:00,2018-04-04,2018-04-04T13:30:00+00:00,2018-04-04T13:25:00+00:00,train,1,0,7,8,7,7,1,18,24,19,19
AMZN|2018-04-04 14:30:00+00:00,2018-04-04,2018-04-04T14:30:00+00:00,2018-04-04T14:25:00+00:00,train,1,0,12,8,12,12,1,30,32,31,31
AMZN|2018-04-04 15:30:00+00:00,2018-04-04,2018-04-04T15:30:00+00:00,2018-04-04T15:25:00+00:00,train,1,0,12,8,12,12,1,30,32,31,31
AMZN|2018-04-05 13:30:00+00:00,2018-04-05,2018-04-05T13:30:00+00:00,2018-04-05T13:25:00+00:00,train,1,0,12,8,12,12,0,19,16,19,19
AMZN|2018-04-05 14:30:00+00:00,2018-04-05,2018-04-05T14:30:00+00:00,2018-04-05T14:25:00+00:00,train,0,0,10,7,10,10,0,29,23,29,29
AMZN|2018-04-05 15:30:00+00:00,2018-04-05,2018-04-05T15:30:00+00:00,2018-04-05T15:25:00+00:00,train,0,0,10,7,10,10,0,29,23,29,29
AMZN|2018-04-06 13:30:00+00:00,2018-04-06,2018-04-06T13:30:00+00:00,2018-04-06T13:25:00+00:00,train,1,0,10,7,10,10,0,22,15,22,22
AMZN|2018-04-06 14:30:00+00:00,2018-04-06,2018-04-06T14:30:00+00:00,2018-04-06T14:25:00+00:00,train,1,0,11,2,11,10,0,33,17,33,32
AMZN|2018-04-06 15:30:00+00:00,2018-04-06,2018-04-06T15:30:00+00:00,2018-04-06T15:25:00+00:00,train,1,0,11,2,11,10,0,33,17,33,32
AMZN|2018-04-09 13:30:00+00:00,2018-04-09,2018-04-09T13:30:00+00:00,2018-04-09T13:25:00+00:00,train,1,0,0,0,0,0,0,21,9,21,20
AMZN|2018-04-09 14:30:00+00:00,2018-04-09,2018-04-09T14:30:00+00:00,2018-04-09T14:25:00+00:00,train,1,0,10,11,10,10,0,31,20,31,30
AMZN|2018-04-09 15:30:00+00:00,2018-04-09,2018-04-09T15:30:00+00:00,2018-04-09T15:25:00+00:00,train,1,0,10,11,10,10,0,31,20,31,30
AMZN|2018-04-10 13:30:00+00:00,2018-04-10,2018-04-10T13:30:00+00:00,2018-04-10T13:25:00+00:00,train,0,0,10,11,10,10,0,21,13,21,20
AMZN|2018-04-10 14:30:00+00:00,2018-04-10,2018-04-10T14:30:00+00:00,2018-04-10T14:25:00+00:00,train,0,2,6,4,8,7,2,27,17,29,27
AMZN|2018-04-10 15:30:00+00:00,2018-04-10,2018-04-10T15:30:00+00:00,2018-04-10T15:25:00+00:00,train,1,2,6,4,8,7,2,27,17,29,27
AMZN|2018-04-11 13:30:00+00:00,2018-04-11,2018-04-11T13:30:00+00:00,2018-04-11T13:25:00+00:00,train,0,2,6,4,8,7,2,16,15,18,17
AMZN|2018-04-11 14:30:00+00:00,2018-04-11,2018-04-11T14:30:00+00:00,2018-04-11T14:25:00+00:00,train,0,2,5,3,7,7,4,21,18,25,24
AMZN|2018-04-11 15:30:00+00:00,2018-04-11,2018-04-11T15:30:00+00:00,2018-04-11T15:25:00+00:00,train,0,2,5,3,7,7,4,21,18,25,24
AMZN|2018-04-12 13:30:00+00:00,2018-04-12,2018-04-12T13:30:00+00:00,2018-04-12T13:25:00+00:00,train,0,2,5,3,7,7,4,11,7,15,14
AMZN|2018-04-12 14:30:00+00:00,2018-04-12,2018-04-12T14:30:00+00:00,2018-04-12T14:25:00+00:00,train,0,0,9,2,9,9,4,20,9,24,23
AMZN|2018-04-12 15:30:00+00:00,2018-04-12,2018-04-12T15:30:00+00:00,2018-04-12T15:25:00+00:00,train,0,0,9,2,9,9,4,20,9,24,23
AMZN|2018-04-13 13:30:00+00:00,2018-04-13,2018-04-13T13:30:00+00:00,2018-04-13T13:25:00+00:00,train,0,0,9,2,9,9,2,14,5,16,16
AMZN|2018-04-13 14:30:00+00:00,2018-04-13,2018-04-13T14:30:00+00:00,2018-04-13T14:25:00+00:00,train,0,0,7,4,7,7,2,21,9,23,23
AMZN|2018-04-13 15:30:00+00:00,2018-04-13,2018-04-13T15:30:00+00:00,2018-04-13T15:25:00+00:00,train,0,0,7,4,7,7,2,21,9,23,23
AMZN|2018-04-16 13:30:00+00:00,2018-04-16,2018-04-16T13:30:00+00:00,2018-04-16T13:25:00+00:00,train,0,0,0,0,0,0,0,16,6,16,16
AMZN|2018-04-16 14:30:00+00:00,2018-04-16,2018-04-16T14:30:00+00:00,2018-04-16T14:25:00+00:00,train,0,1,8,6,9,9,1,24,12,25,25
AMZN|2018-04-16 15:30:00+00:00,2018-04-16,2018-04-16T15:30:00+00:00,2018-04-16T15:25:00+00:00,train,1,1,8,6,9,9,1,24,12,25,25
AMZN|2018-04-17 13:30:00+00:00,2018-04-17,2018-04-17T13:30:00+00:00,2018-04-17T13:25:00+00:00,train,1,1,8,6,9,9,1,15,10,16,16
AMZN|2018-04-17 14:30:00+00:00,2018-04-17,2018-04-17T14:30:00+00:00,2018-04-17T14:25:00+00:00,train,1,1,8,9,9,9,2,23,19,25,25
AMZN|2018-04-17 15:30:00+00:00,2018-04-17,2018-04-17T15:30:00+00:00,2018-04-17T15:25:00+00:00,train,1,1,8,9,9,9,2,23,19,25,25
AMZN|2018-04-18 13:30:00+00:00,2018-04-18,2018-04-18T13:30:00+00:00,2018-04-18T13:25:00+00:00,train,1,1,8,9,9,9,2,16,15,18,18
AMZN|2018-04-18 14:30:00+00:00,2018-04-18,2018-04-18T14:30:00+00:00,2018-04-18T14:25:00+00:00,train,1,1,8,6,9,9,3,24,21,27,27
AMZN|2018-04-18 15:30:00+00:00,2018-04-18,2018-04-18T15:30:00+00:00,2018-04-18T15:25:00+00:00,train,0,1,8,6,9,9,3,24,21,27,27
AMZN|2018-04-19 13:30:00+00:00,2018-04-19,2018-04-19T13:30:00+00:00,2018-04-19T13:25:00+00:00,train,1,1,8,6,9,9,2,16,15,18,18
AMZN|2018-04-19 14:30:00+00:00,2018-04-19,2018-04-19T14:30:00+00:00,2018-04-19T14:25:00+00:00,train,1,1,6,6,7,7,3,22,21,25,25
AMZN|2018-04-19 15:30:00+00:00,2018-04-19,2018-04-19T15:30:00+00:00,2018-04-19T15:25:00+00:00,train,1,1,6,6,7,7,3,22,21,25,25
AMZN|2018-04-20 13:30:00+00:00,2018-04-20,2018-04-20T13:30:00+00:00,2018-04-20T13:25:00+00:00,train,1,1,6,6,7,7,2,14,12,16,16
AMZN|2018-04-20 14:30:00+00:00,2018-04-20,2018-04-20T14:30:00+00:00,2018-04-20T14:25:00+00:00,train,1,0,9,6,9,9,2,23,18,25,25
AMZN|2018-04-20 15:30:00+00:00,2018-04-20,2018-04-20T15:30:00+00:00,2018-04-20T15:25:00+00:00,train,1,0,9,6,9,9,2,23,18,25,25
AMZN|2018-04-23 13:30:00+00:00,2018-04-23,2018-04-23T13:30:00+00:00,2018-04-23T13:25:00+00:00,train,0,0,0,0,0,0,1,15,12,16,16
AMZN|2018-04-23 14:30:00+00:00,2018-04-23,2018-04-23T14:30:00+00:00,2018-04-23T14:25:00+00:00,train,1,0,14,13,14,13,1,29,25,30,29
AMZN|2018-04-23 15:30:00+00:00,2018-04-23,2018-04-23T15:30:00+00:00,2018-04-23T15:25:00+00:00,train,1,0,14,13,14,13,1,29,25,30,29
AMZN|2018-04-24 13:30:00+00:00,2018-04-24,2018-04-24T13:30:00+00:00,2018-04-24T13:25:00+00:00,train,0,0,14,13,14,13,0,23,19,23,22
AMZN|2018-04-24 14:30:00+00:00,2018-04-24,2018-04-24T14:30:00+00:00,2018-04-24T14:25:00+00:00,train,0,0,20,7,20,19,0,43,26,43,41
AMZN|2018-04-24 15:30:00+00:00,2018-04-24,2018-04-24T15:30:00+00:00,2018-04-24T15:25:00+00:00,train,0,0,20,7,20,19,0,43,26,43,41
AMZN|2018-04-25 13:30:00+00:00,2018-04-25,2018-04-25T13:30:00+00:00,2018-04-25T13:25:00+00:00,train,1,0,20,7,20,19,0,34,20,34,32
AMZN|2018-04-25 14:30:00+00:00,2018-04-25,2018-04-25T14:30:00+00:00,2018-04-25T14:25:00+00:00,train,1,1,16,6,17,16,1,50,26,51,48
AMZN|2018-04-25 15:30:00+00:00,2018-04-25,2018-04-25T15:30:00+00:00,2018-04-25T15:25:00+00:00,train,1,1,16,6,17,16,1,50,26,51,48
AMZN|2018-04-26 13:30:00+00:00,2018-04-26,2018-04-26T13:30:00+00:00,2018-04-26T13:25:00+00:00,train,1,1,16,6,17,16,1,36,13,37,35
AMZN|2018-04-26 14:30:00+00:00,2018-04-26,2018-04-26T14:30:00+00:00,2018-04-26T14:25:00+00:00,train,1,1,11,9,12,11,2,47,22,49,46
AMZN|2018-04-26 15:30:00+00:00,2018-04-26,2018-04-26T15:30:00+00:00,2018-04-26T15:25:00+00:00,train,1,1,11,9,12,11,2,47,22,49,46
AMZN|2018-04-27 13:30:00+00:00,2018-04-27,2018-04-27T13:30:00+00:00,2018-04-27T13:25:00+00:00,train,1,1,11,9,12,11,2,27,15,29,27
AMZN|2018-04-27 14:30:00+00:00,2018-04-27,2018-04-27T14:30:00+00:00,2018-04-27T14:25:00+00:00,train,1,1,12,4,13,13,3,39,19,42,40
AMZN|2018-04-27 15:30:00+00:00,2018-04-27,2018-04-27T15:30:00+00:00,2018-04-27T15:25:00+00:00,train,1,1,12,4,13,13,3,39,19,42,40
AMZN|2018-04-30 13:30:00+00:00,2018-04-30,2018-04-30T13:30:00+00:00,2018-04-30T13:25:00+00:00,train,0,0,0,0,0,0,2,23,13,25,24
AMZN|2018-04-30 14:30:00+00:00,2018-04-30,2018-04-30T14:30:00+00:00,2018-04-30T14:25:00+00:00,train,0,1,29,7,30,30,3,52,20,55,54
AMZN|2018-04-30 15:30:00+00:00,2018-04-30,2018-04-30T15:30:00+00:00,2018-04-30T15:25:00+00:00,train,1,1,29,7,30,30,3,52,20,55,54
AMZN|2018-05-01 13:30:00+00:00,2018-05-01,2018-05-01T13:30:00+00:00,2018-05-01T13:25:00+00:00,train,0,1,29,7,30,30,2,41,11,43,43
AMZN|2018-05-01 14:30:00+00:00,2018-05-01,2018-05-01T14:30:00+00:00,2018-05-01T14:25:00+00:00,train,0,1,15,0,16,15,3,56,11,59,58
AMZN|2018-05-01 15:30:00+00:00,2018-05-01,2018-05-01T15:30:00+00:00,2018-05-01T15:25:00+00:00,train,1,1,15,0,16,15,3,56,11,59,58
AMZN|2018-05-02 13:30:00+00:00,2018-05-02,2018-05-02T13:30:00+00:00,2018-05-02T13:25:00+00:00,train,0,1,15,0,16,15,2,44,7,46,45
AMZN|2018-05-02 14:30:00+00:00,2018-05-02,2018-05-02T14:30:00+00:00,2018-05-02T14:25:00+00:00,train,0,0,14,4,14,14,2,58,11,60,59
AMZN|2018-05-02 15:30:00+00:00,2018-05-02,2018-05-02T15:30:00+00:00,2018-05-02T15:25:00+00:00,train,0,0,14,4,14,14,2,58,11,60,59
AMZN|2018-05-03 13:30:00+00:00,2018-05-03,2018-05-03T13:30:00+00:00,2018-05-03T13:25:00+00:00,train,1,0,14,4,14,14,1,29,4,30,29
AMZN|2018-05-03 14:30:00+00:00,2018-05-03,2018-05-03T14:30:00+00:00,2018-05-03T14:25:00+00:00,train,1,0,6,1,6,6,1,35,5,36,35
AMZN|2018-05-03 15:30:00+00:00,2018-05-03,2018-05-03T15:30:00+00:00,2018-05-03T15:25:00+00:00,train,1,0,6,1,6,6,1,35,5,36,35
AMZN|2018-05-04 13:30:00+00:00,2018-05-04,2018-05-04T13:30:00+00:00,2018-05-04T13:25:00+00:00,train,0,0,6,1,6,6,0,20,5,20,20
AMZN|2018-05-04 14:30:00+00:00,2018-05-04,2018-05-04T14:30:00+00:00,2018-05-04T14:25:00+00:00,train,0,0,4,6,4,4,0,24,11,24,24
AMZN|2018-05-04 15:30:00+00:00,2018-05-04,2018-05-04T15:30:00+00:00,2018-05-04T15:25:00+00:00,train,0,0,4,6,4,4,0,24,11,24,24
AMZN|2018-05-07 13:30:00+00:00,2018-05-07,2018-05-07T13:30:00+00:00,2018-05-07T13:25:00+00:00,train,0,0,0,0,0,0,0,10,7,10,10
AMZN|2018-05-07 14:30:00+00:00,2018-05-07,2018-05-07T14:30:00+00:00,2018-05-07T14:25:00+00:00,train,0,0,6,3,6,6,0,16,10,16,16
AMZN|2018-05-07 15:30:00+00:00,2018-05-07,2018-05-07T15:30:00+00:00,2018-05-07T15:25:00+00:00,train,0,0,6,3,6,6,0,16,10,16,16
AMZN|2018-05-08 13:30:00+00:00,2018-05-08,2018-05-08T13:30:00+00:00,2018-05-08T13:25:00+00:00,train,1,0,6,3,6,6,0,10,9,10,10
AMZN|2018-05-08 14:30:00+00:00,2018-05-08,2018-05-08T14:30:00+00:00,2018-05-08T14:25:00+00:00,train,1,0,4,4,4,4,0,14,13,14,14
AMZN|2018-05-08 15:30:00+00:00,2018-05-08,2018-05-08T15:30:00+00:00,2018-05-08T15:25:00+00:00,train,1,0,4,4,4,4,0,14,13,14,14
AMZN|2018-05-09 13:30:00+00:00,2018-05-09,2018-05-09T13:30:00+00:00,2018-05-09T13:25:00+00:00,train,0,0,4,4,4,4,0,10,7,10,10
AMZN|2018-05-09 14:30:00+00:00,2018-05-09,2018-05-09T14:30:00+00:00,2018-05-09T14:25:00+00:00,train,1,0,9,4,9,9,0,19,11,19,19
AMZN|2018-05-09 15:30:00+00:00,2018-05-09,2018-05-09T15:30:00+00:00,2018-05-09T15:25:00+00:00,train,1,0,9,4,9,9,0,19,11,19,19
AMZN|2018-05-10 13:30:00+00:00,2018-05-10,2018-05-10T13:30:00+00:00,2018-05-10T13:25:00+00:00,train,1,0,9,4,9,9,0,13,8,13,13
AMZN|2018-05-10 14:30:00+00:00,2018-05-10,2018-05-10T14:30:00+00:00,2018-05-10T14:25:00+00:00,train,1,2,8,8,10,8,2,21,16,23,21
AMZN|2018-05-10 15:30:00+00:00,2018-05-10,2018-05-10T15:30:00+00:00,2018-05-10T15:25:00+00:00,train,1,2,8,8,10,8,2,21,16,23,21
AMZN|2018-05-11 13:30:00+00:00,2018-05-11,2018-05-11T13:30:00+00:00,2018-05-11T13:25:00+00:00,train,0,2,8,8,10,8,2,17,12,19,17
AMZN|2018-05-11 14:30:00+00:00,2018-05-11,2018-05-11T14:30:00+00:00,2018-05-11T14:25:00+00:00,train,1,0,5,8,5,5,2,22,20,24,22
AMZN|2018-05-11 15:30:00+00:00,2018-05-11,2018-05-11T15:30:00+00:00,2018-05-11T15:25:00+00:00,train,1,0,5,8,5,5,2,22,20,24,22
AMZN|2018-05-14 13:30:00+00:00,2018-05-14,2018-05-14T13:30:00+00:00,2018-05-14T13:25:00+00:00,train,1,0,0,0,0,0,2,13,16,15,13
AMZN|2018-05-14 14:30:00+00:00,2018-05-14,2018-05-14T14:30:00+00:00,2018-05-14T14:25:00+00:00,train,1,1,13,7,14,14,3,26,23,29,27
AMZN|2018-05-14 15:30:00+00:00,2018-05-14,2018-05-14T15:30:00+00:00,2018-05-14T15:25:00+00:00,train,1,1,13,7,14,14,3,26,23,29,27
AMZN|2018-05-15 13:30:00+00:00,2018-05-15,2018-05-15T13:30:00+00:00,2018-05-15T13:25:00+00:00,train,0,1,13,7,14,14,1,18,15,19,19
AMZN|2018-05-15 14:30:00+00:00,2018-05-15,2018-05-15T14:30:00+00:00,2018-05-15T14:25:00+00:00,train,1,1,6,2,7,7,2,24,17,26,26
AMZN|2018-05-15 15:30:00+00:00,2018-05-15,2018-05-15T15:30:00+00:00,2018-05-15T15:25:00+00:00,train,1,1,6,2,7,7,2,24,17,26,26
AMZN|2018-05-16 13:30:00+00:00,2018-05-16,2018-05-16T13:30:00+00:00,2018-05-16T13:25:00+00:00,train,1,1,6,2,7,7,2,19,9,21,21
AMZN|2018-05-16 15:30:00+00:00,2018-05-16,2018-05-16T15:30:00+00:00,2018-05-16T15:25:00+00:00,train,0,0,10,2,10,10,2,29,11,31,31
AMZN|2018-05-17 13:30:00+00:00,2018-05-17,2018-05-17T13:30:00+00:00,2018-05-17T13:25:00+00:00,train,0,0,10,2,10,10,1,16,4,17,17
AMZN|2018-05-17 14:30:00+00:00,2018-05-17,2018-05-17T14:30:00+00:00,2018-05-17T14:25:00+00:00,train,1,0,8,6,8,8,1,24,10,25,25
AMZN|2018-05-17 15:30:00+00:00,2018-05-17,2018-05-17T15:30:00+00:00,2018-05-17T15:25:00+00:00,train,1,0,8,6,8,8,1,24,10,25,25
AMZN|2018-05-18 13:30:00+00:00,2018-05-18,2018-05-18T13:30:00+00:00,2018-05-18T13:25:00+00:00,train,1,0,8,6,8,8,0,18,8,18,18
AMZN|2018-05-18 14:30:00+00:00,2018-05-18,2018-05-18T14:30:00+00:00,2018-05-18T14:25:00+00:00,train,1,0,12,0,12,11,0,30,8,30,29
AMZN|2018-05-18 15:30:00+00:00,2018-05-18,2018-05-18T15:30:00+00:00,2018-05-18T15:25:00+00:00,train,1,0,12,0,12,11,0,30,8,30,29
AMZN|2018-05-21 13:30:00+00:00,2018-05-21,2018-05-21T13:30:00+00:00,2018-05-21T13:25:00+00:00,train,1,0,0,0,0,0,0,20,6,20,19
AMZN|2018-05-21 14:30:00+00:00,2018-05-21,2018-05-21T14:30:00+00:00,2018-05-21T14:25:00+00:00,train,1,0,9,7,9,9,0,29,13,29,28
AMZN|2018-05-21 15:30:00+00:00,2018-05-21,2018-05-21T15:30:00+00:00,2018-05-21T15:25:00+00:00,train,1,0,9,7,9,9,0,29,13,29,28
AMZN|2018-05-22 13:30:00+00:00,2018-05-22,2018-05-22T13:30:00+00:00,2018-05-22T13:25:00+00:00,train,0,0,9,7,9,9,0,21,7,21,20
AMZN|2018-05-22 14:30:00+00:00,2018-05-22,2018-05-22T14:30:00+00:00,2018-05-22T14:25:00+00:00,train,0,0,4,8,4,4,0,25,15,25,24
AMZN|2018-05-22 15:30:00+00:00,2018-05-22,2018-05-22T15:30:00+00:00,2018-05-22T15:25:00+00:00,train,0,0,4,8,4,4,0,25,15,25,24
AMZN|2018-05-23 13:30:00+00:00,2018-05-23,2018-05-23T13:30:00+00:00,2018-05-23T13:25:00+00:00,train,0,0,4,8,4,4,0,13,15,13,13
AMZN|2018-05-23 14:30:00+00:00,2018-05-23,2018-05-23T14:30:00+00:00,2018-05-23T14:25:00+00:00,train,1,1,8,2,9,9,1,21,17,22,22
AMZN|2018-05-23 15:30:00+00:00,2018-05-23,2018-05-23T15:30:00+00:00,2018-05-23T15:25:00+00:00,train,1,1,8,2,9,9,1,21,17,22,22
AMZN|2018-05-24 13:30:00+00:00,2018-05-24,2018-05-24T13:30:00+00:00,2018-05-24T13:25:00+00:00,train,1,1,8,2,9,9,1,12,10,13,13
AMZN|2018-05-24 14:30:00+00:00,2018-05-24,2018-05-24T14:30:00+00:00,2018-05-24T14:25:00+00:00,train,1,0,9,8,9,9,1,21,18,22,22
AMZN|2018-05-24 15:30:00+00:00,2018-05-24,2018-05-24T15:30:00+00:00,2018-05-24T15:25:00+00:00,train,1,0,9,8,9,9,1,21,18,22,22
AMZN|2018-05-25 13:30:00+00:00,2018-05-25,2018-05-25T13:30:00+00:00,2018-05-25T13:25:00+00:00,train,1,0,9,8,9,9,1,17,10,18,18
AMZN|2018-05-25 14:30:00+00:00,2018-05-25,2018-05-25T14:30:00+00:00,2018-05-25T14:25:00+00:00,train,1,1,5,6,6,6,2,22,16,24,24
AMZN|2018-05-25 15:30:00+00:00,2018-05-25,2018-05-25T15:30:00+00:00,2018-05-25T15:25:00+00:00,train,1,1,5,6,6,6,2,22,16,24,24
AMZN|2018-05-29 13:30:00+00:00,2018-05-29,2018-05-29T13:30:00+00:00,2018-05-29T13:25:00+00:00,train,0,0,0,0,0,0,1,14,14,15,15
AMZN|2018-05-29 14:30:00+00:00,2018-05-29,2018-05-29T14:30:00+00:00,2018-05-29T14:25:00+00:00,train,0,1,10,7,11,11,2,24,21,26,26
AMZN|2018-05-29 15:30:00+00:00,2018-05-29,2018-05-29T15:30:00+00:00,2018-05-29T15:25:00+00:00,train,0,1,10,7,11,11,2,24,21,26,26
AMZN|2018-05-30 13:30:00+00:00,2018-05-30,2018-05-30T13:30:00+00:00,2018-05-30T13:25:00+00:00,train,0,1,10,7,11,11,2,15,13,17,17
AMZN|2018-05-30 14:30:00+00:00,2018-05-30,2018-05-30T14:30:00+00:00,2018-05-30T14:25:00+00:00,train,0,0,11,2,11,11,2,26,15,28,28
AMZN|2018-05-30 15:30:00+00:00,2018-05-30,2018-05-30T15:30:00+00:00,2018-05-30T15:25:00+00:00,train,1,0,11,2,11,11,2,26,15,28,28
AMZN|2018-05-31 13:30:00+00:00,2018-05-31,2018-05-31T13:30:00+00:00,2018-05-31T13:25:00+00:00,train,1,0,11,2,11,11,1,21,9,22,22
AMZN|2018-05-31 14:30:00+00:00,2018-05-31,2018-05-31T14:30:00+00:00,2018-05-31T14:25:00+00:00,train,1,1,10,3,11,11,2,31,12,33,33
AMZN|2018-05-31 15:30:00+00:00,2018-05-31,2018-05-31T15:30:00+00:00,2018-05-31T15:25:00+00:00,train,1,1,10,3,11,11,2,31,12,33,33
AMZN|2018-06-01 13:30:00+00:00,2018-06-01,2018-06-01T13:30:00+00:00,2018-06-01T13:25:00+00:00,train,1,1,10,3,11,11,1,21,5,22,22
AMZN|2018-06-01 14:30:00+00:00,2018-06-01,2018-06-01T14:30:00+00:00,2018-06-01T14:25:00+00:00,train,1,0,12,6,12,12,1,33,11,34,34
AMZN|2018-06-01 15:30:00+00:00,2018-06-01,2018-06-01T15:30:00+00:00,2018-06-01T15:25:00+00:00,train,1,0,12,6,12,12,1,33,11,34,34
AMZN|2018-06-04 13:30:00+00:00,2018-06-04,2018-06-04T13:30:00+00:00,2018-06-04T13:25:00+00:00,train,0,0,0,0,0,0,1,22,9,23,23
AMZN|2018-06-04 14:30:00+00:00,2018-06-04,2018-06-04T14:30:00+00:00,2018-06-04T14:25:00+00:00,train,1,0,15,6,15,15,1,37,15,38,38
AMZN|2018-06-04 15:30:00+00:00,2018-06-04,2018-06-04T15:30:00+00:00,2018-06-04T15:25:00+00:00,train,1,0,15,6,15,15,1,37,15,38,38
AMZN|2018-06-05 13:30:00+00:00,2018-06-05,2018-06-05T13:30:00+00:00,2018-06-05T13:25:00+00:00,train,0,0,15,6,15,15,0,27,12,27,27
AMZN|2018-06-05 14:30:00+00:00,2018-06-05,2018-06-05T14:30:00+00:00,2018-06-05T14:25:00+00:00,train,0,0,10,4,10,10,0,37,16,37,37
AMZN|2018-06-05 15:30:00+00:00,2018-06-05,2018-06-05T15:30:00+00:00,2018-06-05T15:25:00+00:00,train,1,0,10,4,10,10,0,37,16,37,37
AMZN|2018-06-06 13:30:00+00:00,2018-06-06,2018-06-06T13:30:00+00:00,2018-06-06T13:25:00+00:00,train,1,0,10,4,10,10,0,25,10,25,25
AMZN|2018-06-06 14:30:00+00:00,2018-06-06,2018-06-06T14:30:00+00:00,2018-06-06T14:25:00+00:00,train,1,0,8,6,8,8,0,33,16,33,33
AMZN|2018-06-06 15:30:00+00:00,2018-06-06,2018-06-06T15:30:00+00:00,2018-06-06T15:25:00+00:00,train,1,0,8,6,8,8,0,33,16,33,33
AMZN|2018-06-07 13:30:00+00:00,2018-06-07,2018-06-07T13:30:00+00:00,2018-06-07T13:25:00+00:00,train,1,0,8,6,8,8,0,18,10,18,18
AMZN|2018-06-07 14:30:00+00:00,2018-06-07,2018-06-07T14:30:00+00:00,2018-06-07T14:25:00+00:00,train,1,0,10,5,10,10,0,28,15,28,28
AMZN|2018-06-07 15:30:00+00:00,2018-06-07,2018-06-07T15:30:00+00:00,2018-06-07T15:25:00+00:00,train,1,0,10,5,10,10,0,28,15,28,28
AMZN|2018-06-08 13:30:00+00:00,2018-06-08,2018-06-08T13:30:00+00:00,2018-06-08T13:25:00+00:00,train,0,0,10,5,10,10,0,18,11,18,18
AMZN|2018-06-08 14:30:00+00:00,2018-06-08,2018-06-08T14:30:00+00:00,2018-06-08T14:25:00+00:00,train,0,1,7,7,8,8,1,25,18,26,26
AMZN|2018-06-08 15:30:00+00:00,2018-06-08,2018-06-08T15:30:00+00:00,2018-06-08T15:25:00+00:00,train,0,1,7,7,8,8,1,25,18,26,26
AMZN|2018-06-11 13:30:00+00:00,2018-06-11,2018-06-11T13:30:00+00:00,2018-06-11T13:25:00+00:00,train,0,0,0,0,0,0,1,17,12,18,18
AMZN|2018-06-11 14:30:00+00:00,2018-06-11,2018-06-11T14:30:00+00:00,2018-06-11T14:25:00+00:00,train,1,1,5,10,6,6,2,22,22,24,24
AMZN|2018-06-11 15:30:00+00:00,2018-06-11,2018-06-11T15:30:00+00:00,2018-06-11T15:25:00+00:00,train,1,1,5,10,6,6,2,22,22,24,24
AMZN|2018-06-12 13:30:00+00:00,2018-06-12,2018-06-12T13:30:00+00:00,2018-06-12T13:25:00+00:00,train,1,1,5,10,6,6,2,12,17,14,14
AMZN|2018-06-12 14:30:00+00:00,2018-06-12,2018-06-12T14:30:00+00:00,2018-06-12T14:25:00+00:00,train,0,0,5,5,5,5,2,17,22,19,19
AMZN|2018-06-12 15:30:00+00:00,2018-06-12,2018-06-12T15:30:00+00:00,2018-06-12T15:25:00+00:00,train,0,0,5,5,5,5,2,17,22,19,19
AMZN|2018-06-13 13:30:00+00:00,2018-06-13,2018-06-13T13:30:00+00:00,2018-06-13T13:25:00+00:00,train,1,0,5,5,5,5,1,10,15,11,11
AMZN|2018-06-13 14:30:00+00:00,2018-06-13,2018-06-13T14:30:00+00:00,2018-06-13T14:25:00+00:00,train,1,0,9,7,9,9,1,19,22,20,20
AMZN|2018-06-13 15:30:00+00:00,2018-06-13,2018-06-13T15:30:00+00:00,2018-06-13T15:25:00+00:00,train,1,0,9,7,9,9,1,19,22,20,20
AMZN|2018-06-14 13:30:00+00:00,2018-06-14,2018-06-14T13:30:00+00:00,2018-06-14T13:25:00+00:00,train,0,0,9,7,9,9,0,14,12,14,14
AMZN|2018-06-14 14:30:00+00:00,2018-06-14,2018-06-14T14:30:00+00:00,2018-06-14T14:25:00+00:00,train,1,0,8,8,8,8,0,22,20,22,22
AMZN|2018-06-14 15:30:00+00:00,2018-06-14,2018-06-14T15:30:00+00:00,2018-06-14T15:25:00+00:00,train,1,0,8,8,8,8,0,22,20,22,22
AMZN|2018-06-15 13:30:00+00:00,2018-06-15,2018-06-15T13:30:00+00:00,2018-06-15T13:25:00+00:00,train,1,0,8,8,8,8,0,17,15,17,17
AMZN|2018-06-15 14:30:00+00:00,2018-06-15,2018-06-15T14:30:00+00:00,2018-06-15T14:25:00+00:00,train,0,0,8,9,8,8,0,25,24,25,25
AMZN|2018-06-15 15:30:00+00:00,2018-06-15,2018-06-15T15:30:00+00:00,2018-06-15T15:25:00+00:00,train,0,0,8,9,8,8,0,25,24,25,25
AMZN|2018-06-18 13:30:00+00:00,2018-06-18,2018-06-18T13:30:00+00:00,2018-06-18T13:25:00+00:00,train,0,0,0,0,0,0,0,16,17,16,16
AMZN|2018-06-18 14:30:00+00:00,2018-06-18,2018-06-18T14:30:00+00:00,2018-06-18T14:25:00+00:00,train,1,0,15,7,15,15,0,31,24,31,31
AMZN|2018-06-18 15:30:00+00:00,2018-06-18,2018-06-18T15:30:00+00:00,2018-06-18T15:25:00+00:00,train,1,0,15,7,15,15,0,31,24,31,31
AMZN|2018-06-19 13:30:00+00:00,2018-06-19,2018-06-19T13:30:00+00:00,2018-06-19T13:25:00+00:00,train,1,0,15,7,15,15,0,23,16,23,23
AMZN|2018-06-19 14:30:00+00:00,2018-06-19,2018-06-19T14:30:00+00:00,2018-06-19T14:25:00+00:00,train,1,0,4,4,4,4,0,27,20,27,27
AMZN|2018-06-19 15:30:00+00:00,2018-06-19,2018-06-19T15:30:00+00:00,2018-06-19T15:25:00+00:00,train,0,0,4,4,4,4,0,27,20,27,27
AMZN|2018-06-20 13:30:00+00:00,2018-06-20,2018-06-20T13:30:00+00:00,2018-06-20T13:25:00+00:00,train,1,0,4,4,4,4,0,19,11,19,19
AMZN|2018-06-20 14:30:00+00:00,2018-06-20,2018-06-20T14:30:00+00:00,2018-06-20T14:25:00+00:00,train,0,0,11,6,11,11,0,30,17,30,30
AMZN|2018-06-20 15:30:00+00:00,2018-06-20,2018-06-20T15:30:00+00:00,2018-06-20T15:25:00+00:00,train,0,0,11,6,11,11,0,30,17,30,30
AMZN|2018-06-21 13:30:00+00:00,2018-06-21,2018-06-21T13:30:00+00:00,2018-06-21T13:25:00+00:00,train,0,0,11,6,11,11,0,15,10,15,15
AMZN|2018-06-21 14:30:00+00:00,2018-06-21,2018-06-21T14:30:00+00:00,2018-06-21T14:25:00+00:00,train,0,1,6,4,7,7,1,21,14,22,22
AMZN|2018-06-21 15:30:00+00:00,2018-06-21,2018-06-21T15:30:00+00:00,2018-06-21T15:25:00+00:00,train,0,1,6,4,7,7,1,21,14,22,22
AMZN|2018-06-22 13:30:00+00:00,2018-06-22,2018-06-22T13:30:00+00:00,2018-06-22T13:25:00+00:00,train,0,1,6,4,7,7,1,17,10,18,18
AMZN|2018-06-22 14:30:00+00:00,2018-06-22,2018-06-22T14:30:00+00:00,2018-06-22T14:25:00+00:00,train,0,1,15,3,16,16,2,32,13,34,34
AMZN|2018-06-22 15:30:00+00:00,2018-06-22,2018-06-22T15:30:00+00:00,2018-06-22T15:25:00+00:00,train,0,1,15,3,16,16,2,32,13,34,34
AMZN|2018-06-25 13:30:00+00:00,2018-06-25,2018-06-25T13:30:00+00:00,2018-06-25T13:25:00+00:00,train,0,0,0,0,0,0,2,21,7,23,23
AMZN|2018-06-25 14:30:00+00:00,2018-06-25,2018-06-25T14:30:00+00:00,2018-06-25T14:25:00+00:00,train,0,2,11,12,13,13,4,32,19,36,36
AMZN|2018-06-25 15:30:00+00:00,2018-06-25,2018-06-25T15:30:00+00:00,2018-06-25T15:25:00+00:00,train,0,2,11,12,13,13,4,32,19,36,36
AMZN|2018-06-26 13:30:00+00:00,2018-06-26,2018-06-26T13:30:00+00:00,2018-06-26T13:25:00+00:00,train,1,2,11,12,13,13,3,26,15,29,29
AMZN|2018-06-26 14:30:00+00:00,2018-06-26,2018-06-26T14:30:00+00:00,2018-06-26T14:25:00+00:00,train,1,0,13,7,13,13,3,39,22,42,42
AMZN|2018-06-26 15:30:00+00:00,2018-06-26,2018-06-26T15:30:00+00:00,2018-06-26T15:25:00+00:00,train,1,0,13,7,13,13,3,39,22,42,42
AMZN|2018-06-27 13:30:00+00:00,2018-06-27,2018-06-27T13:30:00+00:00,2018-06-27T13:25:00+00:00,train,1,0,13,7,13,13,2,24,19,26,26
AMZN|2018-06-27 14:30:00+00:00,2018-06-27,2018-06-27T14:30:00+00:00,2018-06-27T14:25:00+00:00,train,0,0,11,4,11,11,2,35,23,37,37
AMZN|2018-06-27 15:30:00+00:00,2018-06-27,2018-06-27T15:30:00+00:00,2018-06-27T15:25:00+00:00,train,0,0,11,4,11,11,2,35,23,37,37
AMZN|2018-06-28 13:30:00+00:00,2018-06-28,2018-06-28T13:30:00+00:00,2018-06-28T13:25:00+00:00,train,0,0,11,4,11,11,0,24,11,24,24
AMZN|2018-06-28 14:30:00+00:00,2018-06-28,2018-06-28T14:30:00+00:00,2018-06-28T14:25:00+00:00,train,0,1,11,4,12,11,1,35,15,36,35
AMZN|2018-06-28 15:30:00+00:00,2018-06-28,2018-06-28T15:30:00+00:00,2018-06-28T15:25:00+00:00,train,0,1,11,4,12,11,1,35,15,36,35
AMZN|2018-06-29 13:30:00+00:00,2018-06-29,2018-06-29T13:30:00+00:00,2018-06-29T13:25:00+00:00,train,0,1,11,4,12,11,1,22,8,23,22
AMZN|2018-06-29 14:30:00+00:00,2018-06-29,2018-06-29T14:30:00+00:00,2018-06-29T14:25:00+00:00,train,1,1,23,8,24,23,2,45,16,47,45
AMZN|2018-06-29 15:30:00+00:00,2018-06-29,2018-06-29T15:30:00+00:00,2018-06-29T15:25:00+00:00,train,1,1,23,8,24,23,2,45,16,47,45
AMZN|2018-07-02 13:30:00+00:00,2018-07-02,2018-07-02T13:30:00+00:00,2018-07-02T13:25:00+00:00,train,0,0,0,0,0,0,2,34,12,36,34
AMZN|2018-07-02 14:30:00+00:00,2018-07-02,2018-07-02T14:30:00+00:00,2018-07-02T14:25:00+00:00,train,0,0,16,4,16,16,2,50,16,52,50
AMZN|2018-07-02 15:30:00+00:00,2018-07-02,2018-07-02T15:30:00+00:00,2018-07-02T15:25:00+00:00,train,0,0,16,4,16,16,2,50,16,52,50
AMZN|2018-07-05 13:30:00+00:00,2018-07-05,2018-07-05T13:30:00+00:00,2018-07-05T13:25:00+00:00,train,0,0,0,0,0,0,1,24,10,25,25
AMZN|2018-07-05 14:30:00+00:00,2018-07-05,2018-07-05T14:30:00+00:00,2018-07-05T14:25:00+00:00,train,0,1,7,5,8,8,2,31,15,33,33
AMZN|2018-07-05 15:30:00+00:00,2018-07-05,2018-07-05T15:30:00+00:00,2018-07-05T15:25:00+00:00,train,0,1,7,5,8,8,2,31,15,33,33
AMZN|2018-07-06 13:30:00+00:00,2018-07-06,2018-07-06T13:30:00+00:00,2018-07-06T13:25:00+00:00,train,0,1,7,5,8,8,2,15,11,17,17
AMZN|2018-07-06 14:30:00+00:00,2018-07-06,2018-07-06T14:30:00+00:00,2018-07-06T14:25:00+00:00,train,0,1,8,3,9,9,3,23,14,26,26
AMZN|2018-07-06 15:30:00+00:00,2018-07-06,2018-07-06T15:30:00+00:00,2018-07-06T15:25:00+00:00,train,0,1,8,3,9,9,3,23,14,26,26
AMZN|2018-07-09 13:30:00+00:00,2018-07-09,2018-07-09T13:30:00+00:00,2018-07-09T13:25:00+00:00,train,0,0,0,0,0,0,2,15,8,17,17
AMZN|2018-07-09 14:30:00+00:00,2018-07-09,2018-07-09T14:30:00+00:00,2018-07-09T14:25:00+00:00,train,0,0,15,7,15,15,2,30,15,32,32
AMZN|2018-07-09 15:30:00+00:00,2018-07-09,2018-07-09T15:30:00+00:00,2018-07-09T15:25:00+00:00,train,0,0,15,7,15,15,2,30,15,32,32
AMZN|2018-07-10 13:30:00+00:00,2018-07-10,2018-07-10T13:30:00+00:00,2018-07-10T13:25:00+00:00,train,0,0,15,7,15,15,1,23,10,24,24
AMZN|2018-07-10 14:30:00+00:00,2018-07-10,2018-07-10T14:30:00+00:00,2018-07-10T14:25:00+00:00,train,0,2,9,7,11,10,3,32,17,35,34
AMZN|2018-07-10 15:30:00+00:00,2018-07-10,2018-07-10T15:30:00+00:00,2018-07-10T15:25:00+00:00,train,0,2,9,7,11,10,3,32,17,35,34
AMZN|2018-07-11 13:30:00+00:00,2018-07-11,2018-07-11T13:30:00+00:00,2018-07-11T13:25:00+00:00,train,0,2,9,7,11,10,2,24,14,26,25
AMZN|2018-07-11 14:30:00+00:00,2018-07-11,2018-07-11T14:30:00+00:00,2018-07-11T14:25:00+00:00,train,1,0,9,4,9,9,2,33,18,35,34
AMZN|2018-07-11 15:30:00+00:00,2018-07-11,2018-07-11T15:30:00+00:00,2018-07-11T15:25:00+00:00,train,1,0,9,4,9,9,2,33,18,35,34
AMZN|2018-07-12 13:30:00+00:00,2018-07-12,2018-07-12T13:30:00+00:00,2018-07-12T13:25:00+00:00,train,0,0,9,4,9,9,2,18,11,20,19
AMZN|2018-07-12 14:30:00+00:00,2018-07-12,2018-07-12T14:30:00+00:00,2018-07-12T14:25:00+00:00,train,0,0,12,2,12,12,2,30,13,32,31
AMZN|2018-07-12 15:30:00+00:00,2018-07-12,2018-07-12T15:30:00+00:00,2018-07-12T15:25:00+00:00,train,0,0,12,2,12,12,2,30,13,32,31
AMZN|2018-07-13 13:30:00+00:00,2018-07-13,2018-07-13T13:30:00+00:00,2018-07-13T13:25:00+00:00,train,0,0,12,2,12,12,0,21,6,21,21
AMZN|2018-07-13 14:30:00+00:00,2018-07-13,2018-07-13T14:30:00+00:00,2018-07-13T14:25:00+00:00,train,1,0,10,2,10,10,0,31,8,31,31
AMZN|2018-07-13 15:30:00+00:00,2018-07-13,2018-07-13T15:30:00+00:00,2018-07-13T15:25:00+00:00,train,1,0,10,2,10,10,0,31,8,31,31
AMZN|2018-07-16 13:30:00+00:00,2018-07-16,2018-07-16T13:30:00+00:00,2018-07-16T13:25:00+00:00,train,0,0,0,0,0,0,0,22,4,22,22
AMZN|2018-07-16 14:30:00+00:00,2018-07-16,2018-07-16T14:30:00+00:00,2018-07-16T14:25:00+00:00,train,1,2,14,8,16,16,2,36,12,38,38
AMZN|2018-07-16 15:30:00+00:00,2018-07-16,2018-07-16T15:30:00+00:00,2018-07-16T15:25:00+00:00,train,1,2,14,8,16,16,2,36,12,38,38
AMZN|2018-07-17 13:30:00+00:00,2018-07-17,2018-07-17T13:30:00+00:00,2018-07-17T13:25:00+00:00,train,1,2,14,8,16,16,2,24,10,26,26
AMZN|2018-07-17 14:30:00+00:00,2018-07-17,2018-07-17T14:30:00+00:00,2018-07-17T14:25:00+00:00,train,1,0,9,5,9,9,2,33,15,35,35
AMZN|2018-07-17 15:30:00+00:00,2018-07-17,2018-07-17T15:30:00+00:00,2018-07-17T15:25:00+00:00,train,1,0,9,5,9,9,2,33,15,35,35
AMZN|2018-07-18 13:30:00+00:00,2018-07-18,2018-07-18T13:30:00+00:00,2018-07-18T13:25:00+00:00,train,1,0,9,5,9,9,2,23,13,25,25
AMZN|2018-07-18 14:30:00+00:00,2018-07-18,2018-07-18T14:30:00+00:00,2018-07-18T14:25:00+00:00,train,1,0,15,2,15,15,2,38,15,40,40
AMZN|2018-07-18 15:30:00+00:00,2018-07-18,2018-07-18T15:30:00+00:00,2018-07-18T15:25:00+00:00,train,1,0,15,2,15,15,2,38,15,40,40
AMZN|2018-07-19 13:30:00+00:00,2018-07-19,2018-07-19T13:30:00+00:00,2018-07-19T13:25:00+00:00,train,0,0,15,2,15,15,0,24,7,24,24
AMZN|2018-07-19 14:30:00+00:00,2018-07-19,2018-07-19T14:30:00+00:00,2018-07-19T14:25:00+00:00,train,0,2,13,7,15,15,2,37,14,39,39
AMZN|2018-07-19 15:30:00+00:00,2018-07-19,2018-07-19T15:30:00+00:00,2018-07-19T15:25:00+00:00,train,0,2,13,7,15,15,2,37,14,39,39
AMZN|2018-07-20 13:30:00+00:00,2018-07-20,2018-07-20T13:30:00+00:00,2018-07-20T13:25:00+00:00,train,0,2,13,7,15,15,2,28,9,30,30
AMZN|2018-07-20 14:30:00+00:00,2018-07-20,2018-07-20T14:30:00+00:00,2018-07-20T14:25:00+00:00,train,0,1,17,1,18,18,3,45,10,48,48
AMZN|2018-07-20 15:30:00+00:00,2018-07-20,2018-07-20T15:30:00+00:00,2018-07-20T15:25:00+00:00,train,0,1,17,1,18,18,3,45,10,48,48
AMZN|2018-07-23 13:30:00+00:00,2018-07-23,2018-07-23T13:30:00+00:00,2018-07-23T13:25:00+00:00,train,0,0,0,0,0,0,3,30,8,33,33
AMZN|2018-07-23 14:30:00+00:00,2018-07-23,2018-07-23T14:30:00+00:00,2018-07-23T14:25:00+00:00,train,1,1,16,4,17,17,4,46,12,50,50
AMZN|2018-07-23 15:30:00+00:00,2018-07-23,2018-07-23T15:30:00+00:00,2018-07-23T15:25:00+00:00,train,1,1,16,4,17,17,4,46,12,50,50
AMZN|2018-07-24 13:30:00+00:00,2018-07-24,2018-07-24T13:30:00+00:00,2018-07-24T13:25:00+00:00,train,0,1,16,4,17,17,2,33,5,35,35
AMZN|2018-07-24 14:30:00+00:00,2018-07-24,2018-07-24T14:30:00+00:00,2018-07-24T14:25:00+00:00,train,1,1,13,3,14,14,3,46,8,49,49
AMZN|2018-07-24 15:30:00+00:00,2018-07-24,2018-07-24T15:30:00+00:00,2018-07-24T15:25:00+00:00,train,1,1,13,3,14,14,3,46,8,49,49
AMZN|2018-07-25 13:30:00+00:00,2018-07-25,2018-07-25T13:30:00+00:00,2018-07-25T13:25:00+00:00,train,0,1,13,3,14,14,2,29,7,31,31
AMZN|2018-07-25 14:30:00+00:00,2018-07-25,2018-07-25T14:30:00+00:00,2018-07-25T14:25:00+00:00,train,1,0,5,1,5,5,2,34,8,36,36
AMZN|2018-07-25 15:30:00+00:00,2018-07-25,2018-07-25T15:30:00+00:00,2018-07-25T15:25:00+00:00,train,1,0,5,1,5,5,2,34,8,36,36
AMZN|2018-07-26 13:30:00+00:00,2018-07-26,2018-07-26T13:30:00+00:00,2018-07-26T13:25:00+00:00,train,0,0,5,1,5,5,1,18,4,19,19
AMZN|2018-07-26 14:30:00+00:00,2018-07-26,2018-07-26T14:30:00+00:00,2018-07-26T14:25:00+00:00,train,1,0,11,7,11,11,1,29,11,30,30
AMZN|2018-07-26 15:30:00+00:00,2018-07-26,2018-07-26T15:30:00+00:00,2018-07-26T15:25:00+00:00,train,1,0,11,7,11,11,1,29,11,30,30
AMZN|2018-07-27 13:30:00+00:00,2018-07-27,2018-07-27T13:30:00+00:00,2018-07-27T13:25:00+00:00,train,1,0,11,7,11,11,0,16,8,16,16
AMZN|2018-07-27 14:30:00+00:00,2018-07-27,2018-07-27T14:30:00+00:00,2018-07-27T14:25:00+00:00,train,1,1,17,2,18,18,1,33,10,34,34
AMZN|2018-07-27 15:30:00+00:00,2018-07-27,2018-07-27T15:30:00+00:00,2018-07-27T15:25:00+00:00,train,1,1,17,2,18,18,1,33,10,34,34
AMZN|2018-07-30 13:30:00+00:00,2018-07-30,2018-07-30T13:30:00+00:00,2018-07-30T13:25:00+00:00,train,0,0,0,0,0,0,1,28,9,29,29
AMZN|2018-07-30 14:30:00+00:00,2018-07-30,2018-07-30T14:30:00+00:00,2018-07-30T14:25:00+00:00,train,1,1,13,2,14,14,2,41,11,43,43
AMZN|2018-07-30 15:30:00+00:00,2018-07-30,2018-07-30T15:30:00+00:00,2018-07-30T15:25:00+00:00,train,1,1,13,2,14,14,2,41,11,43,43
AMZN|2018-07-31 13:30:00+00:00,2018-07-31,2018-07-31T13:30:00+00:00,2018-07-31T13:25:00+00:00,train,0,1,13,2,14,14,2,30,4,32,32
AMZN|2018-07-31 14:30:00+00:00,2018-07-31,2018-07-31T14:30:00+00:00,2018-07-31T14:25:00+00:00,train,0,1,8,0,9,9,3,38,4,41,41
AMZN|2018-07-31 15:30:00+00:00,2018-07-31,2018-07-31T15:30:00+00:00,2018-07-31T15:25:00+00:00,train,0,1,8,0,9,9,3,38,4,41,41
AMZN|2018-08-01 13:30:00+00:00,2018-08-01,2018-08-01T13:30:00+00:00,2018-08-01T13:25:00+00:00,train,0,1,8,0,9,9,2,21,2,23,23
AMZN|2018-08-01 14:30:00+00:00,2018-08-01,2018-08-01T14:30:00+00:00,2018-08-01T14:25:00+00:00,train,0,0,8,5,8,8,2,29,7,31,31
AMZN|2018-08-01 15:30:00+00:00,2018-08-01,2018-08-01T15:30:00+00:00,2018-08-01T15:25:00+00:00,train,0,0,8,5,8,8,2,29,7,31,31
AMZN|2018-08-02 13:30:00+00:00,2018-08-02,2018-08-02T13:30:00+00:00,2018-08-02T13:25:00+00:00,train,0,0,8,5,8,8,1,16,5,17,17
AMZN|2018-08-02 14:30:00+00:00,2018-08-02,2018-08-02T14:30:00+00:00,2018-08-02T14:25:00+00:00,train,0,1,13,2,14,14,2,29,7,31,31
AMZN|2018-08-02 15:30:00+00:00,2018-08-02,2018-08-02T15:30:00+00:00,2018-08-02T15:25:00+00:00,train,0,1,13,2,14,14,2,29,7,31,31
AMZN|2018-08-03 13:30:00+00:00,2018-08-03,2018-08-03T13:30:00+00:00,2018-08-03T13:25:00+00:00,train,1,1,13,2,14,14,1,21,7,22,22
AMZN|2018-08-03 14:30:00+00:00,2018-08-03,2018-08-03T14:30:00+00:00,2018-08-03T14:25:00+00:00,train,1,0,8,6,8,8,1,29,13,30,30
AMZN|2018-08-03 15:30:00+00:00,2018-08-03,2018-08-03T15:30:00+00:00,2018-08-03T15:25:00+00:00,train,1,0,8,6,8,8,1,29,13,30,30
AMZN|2018-08-06 13:30:00+00:00,2018-08-06,2018-08-06T13:30:00+00:00,2018-08-06T13:25:00+00:00,train,0,0,0,0,0,0,1,21,8,22,22
AMZN|2018-08-06 14:30:00+00:00,2018-08-06,2018-08-06T14:30:00+00:00,2018-08-06T14:25:00+00:00,train,0,0,6,4,6,5,1,27,12,28,27
AMZN|2018-08-06 15:30:00+00:00,2018-08-06,2018-08-06T15:30:00+00:00,2018-08-06T15:25:00+00:00,train,0,0,6,4,6,5,1,27,12,28,27
AMZN|2018-08-07 13:30:00+00:00,2018-08-07,2018-08-07T13:30:00+00:00,2018-08-07T13:25:00+00:00,train,1,0,6,4,6,5,0,14,10,14,13
AMZN|2018-08-07 14:30:00+00:00,2018-08-07,2018-08-07T14:30:00+00:00,2018-08-07T14:25:00+00:00,train,1,0,10,3,10,10,0,24,13,24,23
AMZN|2018-08-07 15:30:00+00:00,2018-08-07,2018-08-07T15:30:00+00:00,2018-08-07T15:25:00+00:00,train,1,0,10,3,10,10,0,24,13,24,23
AMZN|2018-08-08 13:30:00+00:00,2018-08-08,2018-08-08T13:30:00+00:00,2018-08-08T13:25:00+00:00,train,0,0,10,3,10,10,0,16,7,16,15
AMZN|2018-08-08 14:30:00+00:00,2018-08-08,2018-08-08T14:30:00+00:00,2018-08-08T14:25:00+00:00,train,0,1,14,4,15,15,1,30,11,31,30
AMZN|2018-08-08 15:30:00+00:00,2018-08-08,2018-08-08T15:30:00+00:00,2018-08-08T15:25:00+00:00,train,0,1,14,4,15,15,1,30,11,31,30
AMZN|2018-08-09 13:30:00+00:00,2018-08-09,2018-08-09T13:30:00+00:00,2018-08-09T13:25:00+00:00,train,0,1,14,4,15,15,1,24,7,25,25
AMZN|2018-08-09 14:30:00+00:00,2018-08-09,2018-08-09T14:30:00+00:00,2018-08-09T14:25:00+00:00,train,0,2,7,1,9,9,3,31,8,34,34
AMZN|2018-08-09 15:30:00+00:00,2018-08-09,2018-08-09T15:30:00+00:00,2018-08-09T15:25:00+00:00,train,0,2,7,1,9,9,3,31,8,34,34
AMZN|2018-08-10 13:30:00+00:00,2018-08-10,2018-08-10T13:30:00+00:00,2018-08-10T13:25:00+00:00,train,0,2,7,1,9,9,3,21,5,24,24
AMZN|2018-08-10 14:30:00+00:00,2018-08-10,2018-08-10T14:30:00+00:00,2018-08-10T14:25:00+00:00,train,1,0,12,5,12,12,3,33,10,36,36
AMZN|2018-08-10 15:30:00+00:00,2018-08-10,2018-08-10T15:30:00+00:00,2018-08-10T15:25:00+00:00,train,1,0,12,5,12,12,3,33,10,36,36
AMZN|2018-08-13 13:30:00+00:00,2018-08-13,2018-08-13T13:30:00+00:00,2018-08-13T13:25:00+00:00,train,0,0,0,0,0,0,2,19,6,21,21
AMZN|2018-08-13 14:30:00+00:00,2018-08-13,2018-08-13T14:30:00+00:00,2018-08-13T14:25:00+00:00,train,0,1,14,5,15,15,3,33,11,36,36
AMZN|2018-08-13 15:30:00+00:00,2018-08-13,2018-08-13T15:30:00+00:00,2018-08-13T15:25:00+00:00,train,0,1,14,5,15,15,3,33,11,36,36
AMZN|2018-08-14 13:30:00+00:00,2018-08-14,2018-08-14T13:30:00+00:00,2018-08-14T13:25:00+00:00,train,1,1,14,5,15,15,1,26,10,27,27
AMZN|2018-08-14 14:30:00+00:00,2018-08-14,2018-08-14T14:30:00+00:00,2018-08-14T14:25:00+00:00,train,1,0,9,1,9,9,1,35,11,36,36
AMZN|2018-08-14 15:30:00+00:00,2018-08-14,2018-08-14T15:30:00+00:00,2018-08-14T15:25:00+00:00,train,1,0,9,1,9,9,1,35,11,36,36
AMZN|2018-08-15 13:30:00+00:00,2018-08-15,2018-08-15T13:30:00+00:00,2018-08-15T13:25:00+00:00,train,0,0,9,1,9,9,1,23,6,24,24
AMZN|2018-08-15 14:30:00+00:00,2018-08-15,2018-08-15T14:30:00+00:00,2018-08-15T14:25:00+00:00,train,0,0,14,3,14,14,1,37,9,38,38
AMZN|2018-08-15 15:30:00+00:00,2018-08-15,2018-08-15T15:30:00+00:00,2018-08-15T15:25:00+00:00,train,0,0,14,3,14,14,1,37,9,38,38
AMZN|2018-08-16 13:30:00+00:00,2018-08-16,2018-08-16T13:30:00+00:00,2018-08-16T13:25:00+00:00,train,1,0,14,3,14,14,0,23,4,23,23
AMZN|2018-08-16 14:30:00+00:00,2018-08-16,2018-08-16T14:30:00+00:00,2018-08-16T14:25:00+00:00,train,1,0,10,2,10,10,0,33,6,33,33
AMZN|2018-08-16 15:30:00+00:00,2018-08-16,2018-08-16T15:30:00+00:00,2018-08-16T15:25:00+00:00,train,1,0,10,2,10,10,0,33,6,33,33
AMZN|2018-08-17 13:30:00+00:00,2018-08-17,2018-08-17T13:30:00+00:00,2018-08-17T13:25:00+00:00,train,0,0,10,2,10,10,0,24,5,24,24
AMZN|2018-08-17 14:30:00+00:00,2018-08-17,2018-08-17T14:30:00+00:00,2018-08-17T14:25:00+00:00,train,0,1,15,7,16,15,1,39,12,40,39
AMZN|2018-08-17 15:30:00+00:00,2018-08-17,2018-08-17T15:30:00+00:00,2018-08-17T15:25:00+00:00,train,0,1,15,7,16,15,1,39,12,40,39
AMZN|2018-08-20 13:30:00+00:00,2018-08-20,2018-08-20T13:30:00+00:00,2018-08-20T13:25:00+00:00,train,0,0,0,0,0,0,1,25,9,26,25
AMZN|2018-08-20 14:30:00+00:00,2018-08-20,2018-08-20T14:30:00+00:00,2018-08-20T14:25:00+00:00,train,1,0,15,7,15,15,1,40,16,41,40
AMZN|2018-08-20 15:30:00+00:00,2018-08-20,2018-08-20T15:30:00+00:00,2018-08-20T15:25:00+00:00,train,1,0,15,7,15,15,1,40,16,41,40
AMZN|2018-08-21 13:30:00+00:00,2018-08-21,2018-08-21T13:30:00+00:00,2018-08-21T13:25:00+00:00,train,1,0,15,7,15,15,1,30,14,31,30
AMZN|2018-08-21 14:30:00+00:00,2018-08-21,2018-08-21T14:30:00+00:00,2018-08-21T14:25:00+00:00,train,0,1,13,2,14,14,2,43,16,45,44
AMZN|2018-08-21 15:30:00+00:00,2018-08-21,2018-08-21T15:30:00+00:00,2018-08-21T15:25:00+00:00,train,1,1,13,2,14,14,2,43,16,45,44
AMZN|2018-08-22 13:30:00+00:00,2018-08-22,2018-08-22T13:30:00+00:00,2018-08-22T13:25:00+00:00,train,1,1,13,2,14,14,1,28,9,29,29
AMZN|2018-08-22 14:30:00+00:00,2018-08-22,2018-08-22T14:30:00+00:00,2018-08-22T14:25:00+00:00,train,1,1,20,3,21,21,2,48,12,50,50
AMZN|2018-08-22 15:30:00+00:00,2018-08-22,2018-08-22T15:30:00+00:00,2018-08-22T15:25:00+00:00,train,0,1,20,3,21,21,2,48,12,50,50
AMZN|2018-08-23 13:30:00+00:00,2018-08-23,2018-08-23T13:30:00+00:00,2018-08-23T13:25:00+00:00,train,1,1,20,3,21,21,2,33,5,35,35
AMZN|2018-08-23 14:30:00+00:00,2018-08-23,2018-08-23T14:30:00+00:00,2018-08-23T14:25:00+00:00,train,1,0,11,1,11,11,2,44,6,46,46
AMZN|2018-08-23 15:30:00+00:00,2018-08-23,2018-08-23T15:30:00+00:00,2018-08-23T15:25:00+00:00,train,1,0,11,1,11,11,2,44,6,46,46
AMZN|2018-08-24 13:30:00+00:00,2018-08-24,2018-08-24T13:30:00+00:00,2018-08-24T13:25:00+00:00,train,0,0,11,1,11,11,1,31,4,32,32
AMZN|2018-08-24 14:30:00+00:00,2018-08-24,2018-08-24T14:30:00+00:00,2018-08-24T14:25:00+00:00,train,0,2,7,2,9,9,3,38,6,41,41
AMZN|2018-08-24 15:30:00+00:00,2018-08-24,2018-08-24T15:30:00+00:00,2018-08-24T15:25:00+00:00,train,1,2,7,2,9,9,3,38,6,41,41
AMZN|2018-08-27 13:30:00+00:00,2018-08-27,2018-08-27T13:30:00+00:00,2018-08-27T13:25:00+00:00,train,0,0,0,0,0,0,2,18,3,20,20
AMZN|2018-08-27 14:30:00+00:00,2018-08-27,2018-08-27T14:30:00+00:00,2018-08-27T14:25:00+00:00,train,0,1,14,2,15,15,3,32,5,35,35
AMZN|2018-08-27 15:30:00+00:00,2018-08-27,2018-08-27T15:30:00+00:00,2018-08-27T15:25:00+00:00,train,0,1,14,2,15,15,3,32,5,35,35
AMZN|2018-08-28 13:30:00+00:00,2018-08-28,2018-08-28T13:30:00+00:00,2018-08-28T13:25:00+00:00,train,1,1,14,2,15,15,3,21,4,24,24
AMZN|2018-08-28 14:30:00+00:00,2018-08-28,2018-08-28T14:30:00+00:00,2018-08-28T14:25:00+00:00,train,1,0,8,4,8,8,3,29,8,32,32
AMZN|2018-08-28 15:30:00+00:00,2018-08-28,2018-08-28T15:30:00+00:00,2018-08-28T15:25:00+00:00,train,0,0,8,4,8,8,3,29,8,32,32
AMZN|2018-08-29 13:30:00+00:00,2018-08-29,2018-08-29T13:30:00+00:00,2018-08-29T13:25:00+00:00,train,0,0,8,4,8,8,1,22,6,23,23
AMZN|2018-08-29 14:30:00+00:00,2018-08-29,2018-08-29T14:30:00+00:00,2018-08-29T14:25:00+00:00,train,0,3,14,2,17,17,4,36,8,40,40
AMZN|2018-08-29 15:30:00+00:00,2018-08-29,2018-08-29T15:30:00+00:00,2018-08-29T15:25:00+00:00,train,0,3,14,2,17,17,4,36,8,40,40
AMZN|2018-08-30 13:30:00+00:00,2018-08-30,2018-08-30T13:30:00+00:00,2018-08-30T13:25:00+00:00,train,1,3,14,2,17,17,3,22,6,25,25
AMZN|2018-08-30 14:30:00+00:00,2018-08-30,2018-08-30T14:30:00+00:00,2018-08-30T14:25:00+00:00,train,1,0,16,4,16,16,3,38,10,41,41
AMZN|2018-08-30 15:30:00+00:00,2018-08-30,2018-08-30T15:30:00+00:00,2018-08-30T15:25:00+00:00,train,1,0,16,4,16,16,3,38,10,41,41
AMZN|2018-08-31 13:30:00+00:00,2018-08-31,2018-08-31T13:30:00+00:00,2018-08-31T13:25:00+00:00,train,0,0,16,4,16,16,3,30,6,33,33
AMZN|2018-08-31 14:30:00+00:00,2018-08-31,2018-08-31T14:30:00+00:00,2018-08-31T14:25:00+00:00,train,1,2,13,4,15,15,5,43,10,48,48
AMZN|2018-08-31 15:30:00+00:00,2018-08-31,2018-08-31T15:30:00+00:00,2018-08-31T15:25:00+00:00,train,1,2,13,4,15,15,5,43,10,48,48
AMZN|2018-09-04 13:30:00+00:00,2018-09-04,2018-09-04T13:30:00+00:00,2018-09-04T13:25:00+00:00,validation,1,0,0,0,0,0,2,29,8,31,31
AMZN|2018-09-04 14:30:00+00:00,2018-09-04,2018-09-04T14:30:00+00:00,2018-09-04T14:25:00+00:00,validation,0,3,15,10,18,18,5,44,18,49,49
AMZN|2018-09-04 15:30:00+00:00,2018-09-04,2018-09-04T15:30:00+00:00,2018-09-04T15:25:00+00:00,validation,0,3,15,10,18,18,5,44,18,49,49
AMZN|2018-09-05 13:30:00+00:00,2018-09-05,2018-09-05T13:30:00+00:00,2018-09-05T13:25:00+00:00,validation,1,3,15,10,18,18,5,28,14,33,33
AMZN|2018-09-05 14:30:00+00:00,2018-09-05,2018-09-05T14:30:00+00:00,2018-09-05T14:25:00+00:00,validation,1,1,13,12,14,13,6,41,26,47,46
AMZN|2018-09-05 15:30:00+00:00,2018-09-05,2018-09-05T15:30:00+00:00,2018-09-05T15:25:00+00:00,validation,1,1,13,12,14,13,6,41,26,47,46
AMZN|2018-09-06 13:30:00+00:00,2018-09-06,2018-09-06T13:30:00+00:00,2018-09-06T13:25:00+00:00,validation,0,1,13,12,14,13,4,28,22,32,31
AMZN|2018-09-06 14:30:00+00:00,2018-09-06,2018-09-06T14:30:00+00:00,2018-09-06T14:25:00+00:00,validation,0,0,6,4,6,6,4,34,26,38,37
AMZN|2018-09-06 15:30:00+00:00,2018-09-06,2018-09-06T15:30:00+00:00,2018-09-06T15:25:00+00:00,validation,1,0,6,4,6,6,4,34,26,38,37
AMZN|2018-09-07 13:30:00+00:00,2018-09-07,2018-09-07T13:30:00+00:00,2018-09-07T13:25:00+00:00,validation,0,0,6,4,6,6,1,19,16,20,19
AMZN|2018-09-07 14:30:00+00:00,2018-09-07,2018-09-07T14:30:00+00:00,2018-09-07T14:25:00+00:00,validation,1,1,6,6,7,7,2,25,22,27,26
AMZN|2018-09-07 15:30:00+00:00,2018-09-07,2018-09-07T15:30:00+00:00,2018-09-07T15:25:00+00:00,validation,1,1,6,6,7,7,2,25,22,27,26
AMZN|2018-09-10 13:30:00+00:00,2018-09-10,2018-09-10T13:30:00+00:00,2018-09-10T13:25:00+00:00,validation,1,0,0,0,0,0,1,12,10,13,13
AMZN|2018-09-10 14:30:00+00:00,2018-09-10,2018-09-10T14:30:00+00:00,2018-09-10T14:25:00+00:00,validation,1,0,8,3,8,8,1,20,13,21,21
AMZN|2018-09-10 15:30:00+00:00,2018-09-10,2018-09-10T15:30:00+00:00,2018-09-10T15:25:00+00:00,validation,1,0,8,3,8,8,1,20,13,21,21
AMZN|2018-09-11 13:30:00+00:00,2018-09-11,2018-09-11T13:30:00+00:00,2018-09-11T13:25:00+00:00,validation,0,0,8,3,8,8,1,14,9,15,15
AMZN|2018-09-11 14:30:00+00:00,2018-09-11,2018-09-11T14:30:00+00:00,2018-09-11T14:25:00+00:00,validation,1,2,9,4,11,11,3,23,13,26,26
AMZN|2018-09-11 15:30:00+00:00,2018-09-11,2018-09-11T15:30:00+00:00,2018-09-11T15:25:00+00:00,validation,1,2,9,4,11,11,3,23,13,26,26
AMZN|2018-09-12 13:30:00+00:00,2018-09-12,2018-09-12T13:30:00+00:00,2018-09-12T13:25:00+00:00,validation,1,2,9,4,11,11,2,17,7,19,19
AMZN|2018-09-12 14:30:00+00:00,2018-09-12,2018-09-12T14:30:00+00:00,2018-09-12T14:25:00+00:00,validation,1,1,6,1,7,7,3,23,8,26,26
AMZN|2018-09-12 15:30:00+00:00,2018-09-12,2018-09-12T15:30:00+00:00,2018-09-12T15:25:00+00:00,validation,1,1,6,1,7,7,3,23,8,26,26
AMZN|2018-09-13 13:30:00+00:00,2018-09-13,2018-09-13T13:30:00+00:00,2018-09-13T13:25:00+00:00,validation,0,1,6,1,7,7,3,15,5,18,18
AMZN|2018-09-13 14:30:00+00:00,2018-09-13,2018-09-13T14:30:00+00:00,2018-09-13T14:25:00+00:00,validation,0,0,15,4,15,15,3,30,9,33,33
AMZN|2018-09-13 15:30:00+00:00,2018-09-13,2018-09-13T15:30:00+00:00,2018-09-13T15:25:00+00:00,validation,0,0,15,4,15,15,3,30,9,33,33
AMZN|2018-09-14 13:30:00+00:00,2018-09-14,2018-09-14T13:30:00+00:00,2018-09-14T13:25:00+00:00,validation,0,0,15,4,15,15,1,21,5,22,22
AMZN|2018-09-14 14:30:00+00:00,2018-09-14,2018-09-14T14:30:00+00:00,2018-09-14T14:25:00+00:00,validation,0,0,10,2,10,10,1,31,7,32,32
AMZN|2018-09-14 15:30:00+00:00,2018-09-14,2018-09-14T15:30:00+00:00,2018-09-14T15:25:00+00:00,validation,0,0,10,2,10,10,1,31,7,32,32
AMZN|2018-09-17 13:30:00+00:00,2018-09-17,2018-09-17T13:30:00+00:00,2018-09-17T13:25:00+00:00,validation,0,0,0,0,0,0,0,25,6,25,25
AMZN|2018-09-17 14:30:00+00:00,2018-09-17,2018-09-17T14:30:00+00:00,2018-09-17T14:25:00+00:00,validation,0,1,10,7,11,11,1,35,13,36,36
AMZN|2018-09-17 15:30:00+00:00,2018-09-17,2018-09-17T15:30:00+00:00,2018-09-17T15:25:00+00:00,validation,1,1,10,7,11,11,1,35,13,36,36
AMZN|2018-09-18 13:30:00+00:00,2018-09-18,2018-09-18T13:30:00+00:00,2018-09-18T13:25:00+00:00,validation,1,1,10,7,11,11,1,20,9,21,21
AMZN|2018-09-18 14:30:00+00:00,2018-09-18,2018-09-18T14:30:00+00:00,2018-09-18T14:25:00+00:00,validation,1,1,10,6,11,11,2,30,15,32,32
AMZN|2018-09-18 15:30:00+00:00,2018-09-18,2018-09-18T15:30:00+00:00,2018-09-18T15:25:00+00:00,validation,1,1,10,6,11,11,2,30,15,32,32
AMZN|2018-09-19 13:30:00+00:00,2018-09-19,2018-09-19T13:30:00+00:00,2018-09-19T13:25:00+00:00,validation,1,1,10,6,11,11,2,20,13,22,22
AMZN|2018-09-19 14:30:00+00:00,2018-09-19,2018-09-19T14:30:00+00:00,2018-09-19T14:25:00+00:00,validation,1,1,14,6,15,15,3,34,19,37,37
AMZN|2018-09-19 15:30:00+00:00,2018-09-19,2018-09-19T15:30:00+00:00,2018-09-19T15:25:00+00:00,validation,1,1,14,6,15,15,3,34,19,37,37
AMZN|2018-09-20 13:30:00+00:00,2018-09-20,2018-09-20T13:30:00+00:00,2018-09-20T13:25:00+00:00,validation,0,1,14,6,15,15,2,24,12,26,26
AMZN|2018-09-20 14:30:00+00:00,2018-09-20,2018-09-20T14:30:00+00:00,2018-09-20T14:25:00+00:00,validation,0,1,10,3,11,11,3,34,15,37,37
AMZN|2018-09-20 15:30:00+00:00,2018-09-20,2018-09-20T15:30:00+00:00,2018-09-20T15:25:00+00:00,validation,0,1,10,3,11,11,3,34,15,37,37
AMZN|2018-09-21 13:30:00+00:00,2018-09-21,2018-09-21T13:30:00+00:00,2018-09-21T13:25:00+00:00,validation,1,1,10,3,11,11,2,24,9,26,26
AMZN|2018-09-21 14:30:00+00:00,2018-09-21,2018-09-21T14:30:00+00:00,2018-09-21T14:25:00+00:00,validation,1,0,7,3,7,7,2,31,12,33,33
AMZN|2018-09-21 15:30:00+00:00,2018-09-21,2018-09-21T15:30:00+00:00,2018-09-21T15:25:00+00:00,validation,1,0,7,3,7,7,2,31,12,33,33
AMZN|2018-09-24 13:30:00+00:00,2018-09-24,2018-09-24T13:30:00+00:00,2018-09-24T13:25:00+00:00,validation,1,0,0,0,0,0,1,17,6,18,18
AMZN|2018-09-24 14:30:00+00:00,2018-09-24,2018-09-24T14:30:00+00:00,2018-09-24T14:25:00+00:00,validation,1,1,20,1,21,21,2,37,7,39,39
AMZN|2018-09-24 15:30:00+00:00,2018-09-24,2018-09-24T15:30:00+00:00,2018-09-24T15:25:00+00:00,validation,1,1,20,1,21,21,2,37,7,39,39
AMZN|2018-09-25 13:30:00+00:00,2018-09-25,2018-09-25T13:30:00+00:00,2018-09-25T13:25:00+00:00,validation,0,1,20,1,21,21,1,27,4,28,28
AMZN|2018-09-25 14:30:00+00:00,2018-09-25,2018-09-25T14:30:00+00:00,2018-09-25T14:25:00+00:00,validation,0,0,7,8,7,7,1,34,12,35,35
AMZN|2018-09-25 15:30:00+00:00,2018-09-25,2018-09-25T15:30:00+00:00,2018-09-25T15:25:00+00:00,validation,1,0,7,8,7,7,1,34,12,35,35
AMZN|2018-09-26 13:30:00+00:00,2018-09-26,2018-09-26T13:30:00+00:00,2018-09-26T13:25:00+00:00,validation,1,0,7,8,7,7,1,27,9,28,28
AMZN|2018-09-26 14:30:00+00:00,2018-09-26,2018-09-26T14:30:00+00:00,2018-09-26T14:25:00+00:00,validation,1,0,8,5,8,8,1,35,14,36,36
AMZN|2018-09-26 15:30:00+00:00,2018-09-26,2018-09-26T15:30:00+00:00,2018-09-26T15:25:00+00:00,validation,1,0,8,5,8,8,1,35,14,36,36
AMZN|2018-09-27 13:30:00+00:00,2018-09-27,2018-09-27T13:30:00+00:00,2018-09-27T13:25:00+00:00,validation,1,0,8,5,8,8,0,15,13,15,15
AMZN|2018-09-27 14:30:00+00:00,2018-09-27,2018-09-27T14:30:00+00:00,2018-09-27T14:25:00+00:00,validation,1,1,15,1,16,16,1,30,14,31,31
AMZN|2018-09-27 15:30:00+00:00,2018-09-27,2018-09-27T15:30:00+00:00,2018-09-27T15:25:00+00:00,validation,1,1,15,1,16,16,1,30,14,31,31
AMZN|2018-09-28 13:30:00+00:00,2018-09-28,2018-09-28T13:30:00+00:00,2018-09-28T13:25:00+00:00,validation,1,1,15,1,16,16,1,23,6,24,24
AMZN|2018-09-28 14:30:00+00:00,2018-09-28,2018-09-28T14:30:00+00:00,2018-09-28T14:25:00+00:00,validation,1,0,8,3,8,8,1,31,9,32,32
AMZN|2018-09-28 15:30:00+00:00,2018-09-28,2018-09-28T15:30:00+00:00,2018-09-28T15:25:00+00:00,validation,1,0,8,3,8,8,1,31,9,32,32
AMZN|2018-10-01 13:30:00+00:00,2018-10-01,2018-10-01T13:30:00+00:00,2018-10-01T13:25:00+00:00,validation,0,0,0,0,0,0,1,23,4,24,24
AMZN|2018-10-01 14:30:00+00:00,2018-10-01,2018-10-01T14:30:00+00:00,2018-10-01T14:25:00+00:00,validation,0,1,11,2,12,12,2,34,6,36,36
AMZN|2018-10-01 15:30:00+00:00,2018-10-01,2018-10-01T15:30:00+00:00,2018-10-01T15:25:00+00:00,validation,0,1,11,2,12,12,2,34,6,36,36
AMZN|2018-10-02 13:30:00+00:00,2018-10-02,2018-10-02T13:30:00+00:00,2018-10-02T13:25:00+00:00,validation,1,1,11,2,12,12,1,19,5,20,20
AMZN|2018-10-02 14:30:00+00:00,2018-10-02,2018-10-02T14:30:00+00:00,2018-10-02T14:25:00+00:00,validation,1,1,7,0,8,8,2,26,5,28,28
AMZN|2018-10-02 15:30:00+00:00,2018-10-02,2018-10-02T15:30:00+00:00,2018-10-02T15:25:00+00:00,validation,1,1,7,0,8,8,2,26,5,28,28
AMZN|2018-10-03 13:30:00+00:00,2018-10-03,2018-10-03T13:30:00+00:00,2018-10-03T13:25:00+00:00,validation,0,1,7,0,8,8,2,18,2,20,20
AMZN|2018-10-03 14:30:00+00:00,2018-10-03,2018-10-03T14:30:00+00:00,2018-10-03T14:25:00+00:00,validation,0,0,16,5,16,16,2,34,7,36,36
AMZN|2018-10-03 15:30:00+00:00,2018-10-03,2018-10-03T15:30:00+00:00,2018-10-03T15:25:00+00:00,validation,0,0,16,5,16,16,2,34,7,36,36
AMZN|2018-10-04 13:30:00+00:00,2018-10-04,2018-10-04T13:30:00+00:00,2018-10-04T13:25:00+00:00,validation,1,0,16,5,16,16,1,23,5,24,24
AMZN|2018-10-04 14:30:00+00:00,2018-10-04,2018-10-04T14:30:00+00:00,2018-10-04T14:25:00+00:00,validation,1,3,14,2,17,17,4,37,7,41,41
AMZN|2018-10-04 15:30:00+00:00,2018-10-04,2018-10-04T15:30:00+00:00,2018-10-04T15:25:00+00:00,validation,1,3,14,2,17,17,4,37,7,41,41
AMZN|2018-10-05 13:30:00+00:00,2018-10-05,2018-10-05T13:30:00+00:00,2018-10-05T13:25:00+00:00,validation,1,3,14,2,17,17,3,30,7,33,33
AMZN|2018-10-05 14:30:00+00:00,2018-10-05,2018-10-05T14:30:00+00:00,2018-10-05T14:25:00+00:00,validation,1,1,20,2,21,21,4,50,9,54,54
AMZN|2018-10-05 15:30:00+00:00,2018-10-05,2018-10-05T15:30:00+00:00,2018-10-05T15:25:00+00:00,validation,1,1,20,2,21,21,4,50,9,54,54
AMZN|2018-10-08 13:30:00+00:00,2018-10-08,2018-10-08T13:30:00+00:00,2018-10-08T13:25:00+00:00,validation,1,0,0,0,0,0,4,34,4,38,38
AMZN|2018-10-08 14:30:00+00:00,2018-10-08,2018-10-08T14:30:00+00:00,2018-10-08T14:25:00+00:00,validation,1,1,15,3,16,16,5,49,7,54,54
AMZN|2018-10-08 15:30:00+00:00,2018-10-08,2018-10-08T15:30:00+00:00,2018-10-08T15:25:00+00:00,validation,1,1,15,3,16,16,5,49,7,54,54
AMZN|2018-10-09 13:30:00+00:00,2018-10-09,2018-10-09T13:30:00+00:00,2018-10-09T13:25:00+00:00,validation,0,1,15,3,16,16,2,35,5,37,37
AMZN|2018-10-09 14:30:00+00:00,2018-10-09,2018-10-09T14:30:00+00:00,2018-10-09T14:25:00+00:00,validation,1,1,10,3,11,11,3,45,8,48,48
AMZN|2018-10-09 15:30:00+00:00,2018-10-09,2018-10-09T15:30:00+00:00,2018-10-09T15:25:00+00:00,validation,1,1,10,3,11,11,3,45,8,48,48
AMZN|2018-10-10 13:30:00+00:00,2018-10-10,2018-10-10T13:30:00+00:00,2018-10-10T13:25:00+00:00,validation,1,1,10,3,11,11,2,25,6,27,27
AMZN|2018-10-10 14:30:00+00:00,2018-10-10,2018-10-10T14:30:00+00:00,2018-10-10T14:25:00+00:00,validation,1,0,13,3,13,13,2,38,9,40,40
AMZN|2018-10-10 15:30:00+00:00,2018-10-10,2018-10-10T15:30:00+00:00,2018-10-10T15:25:00+00:00,validation,1,0,13,3,13,13,2,38,9,40,40
AMZN|2018-10-11 13:30:00+00:00,2018-10-11,2018-10-11T13:30:00+00:00,2018-10-11T13:25:00+00:00,validation,0,0,13,3,13,13,1,23,6,24,24
AMZN|2018-10-11 14:30:00+00:00,2018-10-11,2018-10-11T14:30:00+00:00,2018-10-11T14:25:00+00:00,validation,0,0,9,1,9,9,1,32,7,33,33
AMZN|2018-10-11 15:30:00+00:00,2018-10-11,2018-10-11T15:30:00+00:00,2018-10-11T15:25:00+00:00,validation,0,0,9,1,9,9,1,32,7,33,33
AMZN|2018-10-12 13:30:00+00:00,2018-10-12,2018-10-12T13:30:00+00:00,2018-10-12T13:25:00+00:00,validation,0,0,9,1,9,9,0,22,4,22,22
AMZN|2018-10-12 14:30:00+00:00,2018-10-12,2018-10-12T14:30:00+00:00,2018-10-12T14:25:00+00:00,validation,0,1,10,2,11,11,1,32,6,33,33
AMZN|2018-10-12 15:30:00+00:00,2018-10-12,2018-10-12T15:30:00+00:00,2018-10-12T15:25:00+00:00,validation,1,1,10,2,11,11,1,32,6,33,33
AMZN|2018-10-15 13:30:00+00:00,2018-10-15,2018-10-15T13:30:00+00:00,2018-10-15T13:25:00+00:00,validation,0,0,0,0,0,0,1,19,3,20,20
AMZN|2018-10-15 14:30:00+00:00,2018-10-15,2018-10-15T14:30:00+00:00,2018-10-15T14:25:00+00:00,validation,1,4,10,8,14,14,5,29,11,34,34
AMZN|2018-10-15 15:30:00+00:00,2018-10-15,2018-10-15T15:30:00+00:00,2018-10-15T15:25:00+00:00,validation,1,4,10,8,14,14,5,29,11,34,34
AMZN|2018-10-16 13:30:00+00:00,2018-10-16,2018-10-16T13:30:00+00:00,2018-10-16T13:25:00+00:00,validation,0,4,10,8,14,14,5,20,10,25,25
AMZN|2018-10-16 14:30:00+00:00,2018-10-16,2018-10-16T14:30:00+00:00,2018-10-16T14:25:00+00:00,validation,0,0,13,4,13,13,5,33,14,38,38
AMZN|2018-10-16 15:30:00+00:00,2018-10-16,2018-10-16T15:30:00+00:00,2018-10-16T15:25:00+00:00,validation,0,0,13,4,13,13,5,33,14,38,38
AMZN|2018-10-17 13:30:00+00:00,2018-10-17,2018-10-17T13:30:00+00:00,2018-10-17T13:25:00+00:00,validation,0,0,13,4,13,13,4,23,12,27,27
AMZN|2018-10-17 14:30:00+00:00,2018-10-17,2018-10-17T14:30:00+00:00,2018-10-17T14:25:00+00:00,validation,0,0,8,3,8,8,4,31,15,35,35
AMZN|2018-10-17 15:30:00+00:00,2018-10-17,2018-10-17T15:30:00+00:00,2018-10-17T15:25:00+00:00,validation,0,0,8,3,8,8,4,31,15,35,35
AMZN|2018-10-18 13:30:00+00:00,2018-10-18,2018-10-18T13:30:00+00:00,2018-10-18T13:25:00+00:00,validation,0,0,8,3,8,8,0,21,7,21,21
AMZN|2018-10-18 14:30:00+00:00,2018-10-18,2018-10-18T14:30:00+00:00,2018-10-18T14:25:00+00:00,validation,0,1,10,3,11,11,1,31,10,32,32
AMZN|2018-10-18 15:30:00+00:00,2018-10-18,2018-10-18T15:30:00+00:00,2018-10-18T15:25:00+00:00,validation,1,1,10,3,11,11,1,31,10,32,32
AMZN|2018-10-19 13:30:00+00:00,2018-10-19,2018-10-19T13:30:00+00:00,2018-10-19T13:25:00+00:00,validation,0,1,10,3,11,11,1,18,6,19,19
AMZN|2018-10-19 14:30:00+00:00,2018-10-19,2018-10-19T14:30:00+00:00,2018-10-19T14:25:00+00:00,validation,1,0,5,1,5,5,1,23,7,24,24
AMZN|2018-10-19 15:30:00+00:00,2018-10-19,2018-10-19T15:30:00+00:00,2018-10-19T15:25:00+00:00,validation,1,0,5,1,5,5,1,23,7,24,24
AMZN|2018-10-22 13:30:00+00:00,2018-10-22,2018-10-22T13:30:00+00:00,2018-10-22T13:25:00+00:00,validation,0,0,0,0,0,0,1,15,4,16,16
AMZN|2018-10-22 14:30:00+00:00,2018-10-22,2018-10-22T14:30:00+00:00,2018-10-22T14:25:00+00:00,validation,0,0,10,3,10,10,1,25,7,26,26
AMZN|2018-10-22 15:30:00+00:00,2018-10-22,2018-10-22T15:30:00+00:00,2018-10-22T15:25:00+00:00,validation,0,0,10,3,10,10,1,25,7,26,26
AMZN|2018-10-23 13:30:00+00:00,2018-10-23,2018-10-23T13:30:00+00:00,2018-10-23T13:25:00+00:00,validation,0,0,10,3,10,10,0,15,4,15,15
AMZN|2018-10-23 14:30:00+00:00,2018-10-23,2018-10-23T14:30:00+00:00,2018-10-23T14:25:00+00:00,validation,0,0,12,2,12,12,0,27,6,27,27
AMZN|2018-10-23 15:30:00+00:00,2018-10-23,2018-10-23T15:30:00+00:00,2018-10-23T15:25:00+00:00,validation,0,0,12,2,12,12,0,27,6,27,27
AMZN|2018-10-24 13:30:00+00:00,2018-10-24,2018-10-24T13:30:00+00:00,2018-10-24T13:25:00+00:00,validation,0,0,12,2,12,12,0,22,5,22,22
AMZN|2018-10-24 14:30:00+00:00,2018-10-24,2018-10-24T14:30:00+00:00,2018-10-24T14:25:00+00:00,validation,0,0,14,0,14,14,0,36,5,36,36
AMZN|2018-10-24 15:30:00+00:00,2018-10-24,2018-10-24T15:30:00+00:00,2018-10-24T15:25:00+00:00,validation,0,0,14,0,14,14,0,36,5,36,36
AMZN|2018-10-25 13:30:00+00:00,2018-10-25,2018-10-25T13:30:00+00:00,2018-10-25T13:25:00+00:00,validation,0,0,14,0,14,14,0,26,2,26,26
AMZN|2018-10-25 14:30:00+00:00,2018-10-25,2018-10-25T14:30:00+00:00,2018-10-25T14:25:00+00:00,validation,1,0,10,0,10,10,0,36,2,36,36
AMZN|2018-10-25 15:30:00+00:00,2018-10-25,2018-10-25T15:30:00+00:00,2018-10-25T15:25:00+00:00,validation,1,0,10,0,10,10,0,36,2,36,36
AMZN|2018-10-26 13:30:00+00:00,2018-10-26,2018-10-26T13:30:00+00:00,2018-10-26T13:25:00+00:00,validation,0,0,10,0,10,10,0,24,0,24,24
AMZN|2018-10-26 14:30:00+00:00,2018-10-26,2018-10-26T14:30:00+00:00,2018-10-26T14:25:00+00:00,validation,0,0,12,2,12,12,0,36,2,36,36
AMZN|2018-10-26 15:30:00+00:00,2018-10-26,2018-10-26T15:30:00+00:00,2018-10-26T15:25:00+00:00,validation,1,0,12,2,12,12,0,36,2,36,36
AMZN|2018-10-29 13:30:00+00:00,2018-10-29,2018-10-29T13:30:00+00:00,2018-10-29T13:25:00+00:00,validation,1,0,0,0,0,0,0,22,2,22,22
AMZN|2018-10-29 14:30:00+00:00,2018-10-29,2018-10-29T14:30:00+00:00,2018-10-29T14:25:00+00:00,validation,1,0,16,5,16,15,0,38,7,38,37
AMZN|2018-10-29 15:30:00+00:00,2018-10-29,2018-10-29T15:30:00+00:00,2018-10-29T15:25:00+00:00,validation,1,0,16,5,16,15,0,38,7,38,37
AMZN|2018-10-30 13:30:00+00:00,2018-10-30,2018-10-30T13:30:00+00:00,2018-10-30T13:25:00+00:00,validation,1,0,16,5,16,15,0,28,7,28,27
AMZN|2018-10-30 14:30:00+00:00,2018-10-30,2018-10-30T14:30:00+00:00,2018-10-30T14:25:00+00:00,validation,1,1,9,2,10,10,1,37,9,38,37
AMZN|2018-10-30 15:30:00+00:00,2018-10-30,2018-10-30T15:30:00+00:00,2018-10-30T15:25:00+00:00,validation,1,1,9,2,10,10,1,37,9,38,37
AMZN|2018-10-31 13:30:00+00:00,2018-10-31,2018-10-31T13:30:00+00:00,2018-10-31T13:25:00+00:00,validation,1,1,9,2,10,10,1,25,7,26,25
AMZN|2018-10-31 14:30:00+00:00,2018-10-31,2018-10-31T14:30:00+00:00,2018-10-31T14:25:00+00:00,validation,1,1,9,3,10,10,2,34,10,36,35
AMZN|2018-10-31 15:30:00+00:00,2018-10-31,2018-10-31T15:30:00+00:00,2018-10-31T15:25:00+00:00,validation,1,1,9,3,10,10,2,34,10,36,35
AMZN|2018-11-01 13:30:00+00:00,2018-11-01,2018-11-01T13:30:00+00:00,2018-11-01T13:25:00+00:00,test,0,1,9,3,10,10,2,18,5,20,20
AMZN|2018-11-01 14:30:00+00:00,2018-11-01,2018-11-01T14:30:00+00:00,2018-11-01T14:25:00+00:00,test,1,0,9,5,9,9,2,27,10,29,29
AMZN|2018-11-01 15:30:00+00:00,2018-11-01,2018-11-01T15:30:00+00:00,2018-11-01T15:25:00+00:00,test,1,0,9,5,9,9,2,27,10,29,29
AMZN|2018-11-02 13:30:00+00:00,2018-11-02,2018-11-02T13:30:00+00:00,2018-11-02T13:25:00+00:00,test,0,0,9,5,9,9,1,18,8,19,19
AMZN|2018-11-02 14:30:00+00:00,2018-11-02,2018-11-02T14:30:00+00:00,2018-11-02T14:25:00+00:00,test,0,0,9,2,9,9,1,27,10,28,28
AMZN|2018-11-02 15:30:00+00:00,2018-11-02,2018-11-02T15:30:00+00:00,2018-11-02T15:25:00+00:00,test,0,0,9,2,9,9,1,27,10,28,28
AMZN|2018-11-05 14:30:00+00:00,2018-11-05,2018-11-05T14:30:00+00:00,2018-11-05T14:25:00+00:00,test,1,0,0,0,0,0,0,18,7,18,18
AMZN|2018-11-05 15:30:00+00:00,2018-11-05,2018-11-05T15:30:00+00:00,2018-11-05T15:25:00+00:00,test,1,2,11,3,13,13,2,29,10,31,31
AMZN|2018-11-05 16:30:00+00:00,2018-11-05,2018-11-05T16:30:00+00:00,2018-11-05T16:25:00+00:00,test,1,2,11,3,13,13,2,29,10,31,31
AMZN|2018-11-06 14:30:00+00:00,2018-11-06,2018-11-06T14:30:00+00:00,2018-11-06T14:25:00+00:00,test,1,2,11,3,13,13,2,20,5,22,22
AMZN|2018-11-06 15:30:00+00:00,2018-11-06,2018-11-06T15:30:00+00:00,2018-11-06T15:25:00+00:00,test,1,2,9,2,11,10,4,29,7,33,32
AMZN|2018-11-06 16:30:00+00:00,2018-11-06,2018-11-06T16:30:00+00:00,2018-11-06T16:25:00+00:00,test,1,2,9,2,11,10,4,29,7,33,32
AMZN|2018-11-07 14:30:00+00:00,2018-11-07,2018-11-07T14:30:00+00:00,2018-11-07T14:25:00+00:00,test,0,2,9,2,11,10,4,20,5,24,23
AMZN|2018-11-07 15:30:00+00:00,2018-11-07,2018-11-07T15:30:00+00:00,2018-11-07T15:25:00+00:00,test,0,3,7,0,10,10,7,27,5,34,33
AMZN|2018-11-07 16:30:00+00:00,2018-11-07,2018-11-07T16:30:00+00:00,2018-11-07T16:25:00+00:00,test,0,3,7,0,10,10,7,27,5,34,33
AMZN|2018-11-08 14:30:00+00:00,2018-11-08,2018-11-08T14:30:00+00:00,2018-11-08T14:25:00+00:00,test,0,3,7,0,10,10,5,16,2,21,20
AMZN|2018-11-08 15:30:00+00:00,2018-11-08,2018-11-08T15:30:00+00:00,2018-11-08T15:25:00+00:00,test,0,1,15,3,16,16,6,31,5,37,36
AMZN|2018-11-08 16:30:00+00:00,2018-11-08,2018-11-08T16:30:00+00:00,2018-11-08T16:25:00+00:00,test,0,1,15,3,16,16,6,31,5,37,36
AMZN|2018-11-09 14:30:00+00:00,2018-11-09,2018-11-09T14:30:00+00:00,2018-11-09T14:25:00+00:00,test,0,1,15,3,16,16,4,22,3,26,26
AMZN|2018-11-09 15:30:00+00:00,2018-11-09,2018-11-09T15:30:00+00:00,2018-11-09T15:25:00+00:00,test,0,1,13,0,14,14,5,35,3,40,40
AMZN|2018-11-09 16:30:00+00:00,2018-11-09,2018-11-09T16:30:00+00:00,2018-11-09T16:25:00+00:00,test,0,1,13,0,14,14,5,35,3,40,40
AMZN|2018-11-12 14:30:00+00:00,2018-11-12,2018-11-12T14:30:00+00:00,2018-11-12T14:25:00+00:00,test,0,0,0,0,0,0,2,28,3,30,30
AMZN|2018-11-12 15:30:00+00:00,2018-11-12,2018-11-12T15:30:00+00:00,2018-11-12T15:25:00+00:00,test,1,0,11,4,11,11,2,39,7,41,41
AMZN|2018-11-12 16:30:00+00:00,2018-11-12,2018-11-12T16:30:00+00:00,2018-11-12T16:25:00+00:00,test,1,0,11,4,11,11,2,39,7,41,41
AMZN|2018-11-13 14:30:00+00:00,2018-11-13,2018-11-13T14:30:00+00:00,2018-11-13T14:25:00+00:00,test,1,0,11,4,11,11,1,24,4,25,25
AMZN|2018-11-13 15:30:00+00:00,2018-11-13,2018-11-13T15:30:00+00:00,2018-11-13T15:25:00+00:00,test,1,0,5,7,5,5,1,29,11,30,30
AMZN|2018-11-13 16:30:00+00:00,2018-11-13,2018-11-13T16:30:00+00:00,2018-11-13T16:25:00+00:00,test,1,0,5,7,5,5,1,29,11,30,30
AMZN|2018-11-14 14:30:00+00:00,2018-11-14,2018-11-14T14:30:00+00:00,2018-11-14T14:25:00+00:00,test,0,0,5,7,5,5,0,16,11,16,16
AMZN|2018-11-14 15:30:00+00:00,2018-11-14,2018-11-14T15:30:00+00:00,2018-11-14T15:25:00+00:00,test,0,1,8,1,9,9,1,24,12,25,25
AMZN|2018-11-14 16:30:00+00:00,2018-11-14,2018-11-14T16:30:00+00:00,2018-11-14T16:25:00+00:00,test,0,1,8,1,9,9,1,24,12,25,25
AMZN|2018-11-15 14:30:00+00:00,2018-11-15,2018-11-15T14:30:00+00:00,2018-11-15T14:25:00+00:00,test,1,1,8,1,9,9,1,13,8,14,14
AMZN|2018-11-15 15:30:00+00:00,2018-11-15,2018-11-15T15:30:00+00:00,2018-11-15T15:25:00+00:00,test,1,0,16,3,16,16,1,29,11,30,30
AMZN|2018-11-15 16:30:00+00:00,2018-11-15,2018-11-15T16:30:00+00:00,2018-11-15T16:25:00+00:00,test,1,0,16,3,16,16,1,29,11,30,30
AMZN|2018-11-16 14:30:00+00:00,2018-11-16,2018-11-16T14:30:00+00:00,2018-11-16T14:25:00+00:00,test,0,0,16,3,16,16,1,24,4,25,25
AMZN|2018-11-16 15:30:00+00:00,2018-11-16,2018-11-16T15:30:00+00:00,2018-11-16T15:25:00+00:00,test,0,0,12,3,12,12,1,36,7,37,37
AMZN|2018-11-16 16:30:00+00:00,2018-11-16,2018-11-16T16:30:00+00:00,2018-11-16T16:25:00+00:00,test,0,0,12,3,12,12,1,36,7,37,37
AMZN|2018-11-19 14:30:00+00:00,2018-11-19,2018-11-19T14:30:00+00:00,2018-11-19T14:25:00+00:00,test,0,0,0,0,0,0,0,28,6,28,28
AMZN|2018-11-19 15:30:00+00:00,2018-11-19,2018-11-19T15:30:00+00:00,2018-11-19T15:25:00+00:00,test,1,0,8,5,8,8,0,36,11,36,36
AMZN|2018-11-19 16:30:00+00:00,2018-11-19,2018-11-19T16:30:00+00:00,2018-11-19T16:25:00+00:00,test,1,0,8,5,8,8,0,36,11,36,36
AMZN|2018-11-20 14:30:00+00:00,2018-11-20,2018-11-20T14:30:00+00:00,2018-11-20T14:25:00+00:00,test,1,0,8,5,8,8,0,20,8,20,20
AMZN|2018-11-20 15:30:00+00:00,2018-11-20,2018-11-20T15:30:00+00:00,2018-11-20T15:25:00+00:00,test,1,0,9,7,9,9,0,29,15,29,29
AMZN|2018-11-20 16:30:00+00:00,2018-11-20,2018-11-20T16:30:00+00:00,2018-11-20T16:25:00+00:00,test,1,0,9,7,9,9,0,29,15,29,29
AMZN|2018-11-21 14:30:00+00:00,2018-11-21,2018-11-21T14:30:00+00:00,2018-11-21T14:25:00+00:00,test,1,0,9,7,9,9,0,17,12,17,17
AMZN|2018-11-21 15:30:00+00:00,2018-11-21,2018-11-21T15:30:00+00:00,2018-11-21T15:25:00+00:00,test,1,0,8,2,8,8,0,25,14,25,25
AMZN|2018-11-21 16:30:00+00:00,2018-11-21,2018-11-21T16:30:00+00:00,2018-11-21T16:25:00+00:00,test,1,0,8,2,8,8,0,25,14,25,25
AMZN|2018-11-26 14:30:00+00:00,2018-11-26,2018-11-26T14:30:00+00:00,2018-11-26T14:25:00+00:00,test,0,0,0,0,0,0,1,23,4,24,24
AMZN|2018-11-26 15:30:00+00:00,2018-11-26,2018-11-26T15:30:00+00:00,2018-11-26T15:25:00+00:00,test,0,0,9,5,9,9,1,32,9,33,33
AMZN|2018-11-26 16:30:00+00:00,2018-11-26,2018-11-26T16:30:00+00:00,2018-11-26T16:25:00+00:00,test,0,0,9,5,9,9,1,32,9,33,33
AMZN|2018-11-27 14:30:00+00:00,2018-11-27,2018-11-27T14:30:00+00:00,2018-11-27T14:25:00+00:00,test,0,0,9,5,9,9,1,24,7,25,25
AMZN|2018-11-27 15:30:00+00:00,2018-11-27,2018-11-27T15:30:00+00:00,2018-11-27T15:25:00+00:00,test,0,1,16,5,17,17,2,40,12,42,42
AMZN|2018-11-27 16:30:00+00:00,2018-11-27,2018-11-27T16:30:00+00:00,2018-11-27T16:25:00+00:00,test,0,1,16,5,17,17,2,40,12,42,42
AMZN|2018-11-28 14:30:00+00:00,2018-11-28,2018-11-28T14:30:00+00:00,2018-11-28T14:25:00+00:00,test,1,1,16,5,17,17,1,25,10,26,26
AMZN|2018-11-28 15:30:00+00:00,2018-11-28,2018-11-28T15:30:00+00:00,2018-11-28T15:25:00+00:00,test,1,1,17,4,18,18,2,42,14,44,44
AMZN|2018-11-28 16:30:00+00:00,2018-11-28,2018-11-28T16:30:00+00:00,2018-11-28T16:25:00+00:00,test,1,1,17,4,18,18,2,42,14,44,44
AMZN|2018-11-29 14:30:00+00:00,2018-11-29,2018-11-29T14:30:00+00:00,2018-11-29T14:25:00+00:00,test,0,1,17,4,18,18,2,33,9,35,35
AMZN|2018-11-29 15:30:00+00:00,2018-11-29,2018-11-29T15:30:00+00:00,2018-11-29T15:25:00+00:00,test,0,1,9,1,10,9,3,42,10,45,44
AMZN|2018-11-29 16:30:00+00:00,2018-11-29,2018-11-29T16:30:00+00:00,2018-11-29T16:25:00+00:00,test,1,1,9,1,10,9,3,42,10,45,44
AMZN|2018-11-30 14:30:00+00:00,2018-11-30,2018-11-30T14:30:00+00:00,2018-11-30T14:25:00+00:00,test,1,1,9,1,10,9,2,26,5,28,27
AMZN|2018-11-30 15:30:00+00:00,2018-11-30,2018-11-30T15:30:00+00:00,2018-11-30T15:25:00+00:00,test,1,2,8,3,10,10,4,34,8,38,37
AMZN|2018-11-30 16:30:00+00:00,2018-11-30,2018-11-30T16:30:00+00:00,2018-11-30T16:25:00+00:00,test,1,2,8,3,10,10,4,34,8,38,37
AMZN|2018-12-03 14:30:00+00:00,2018-12-03,2018-12-03T14:30:00+00:00,2018-12-03T14:25:00+00:00,test,1,0,0,0,0,0,3,17,4,20,19
AMZN|2018-12-03 15:30:00+00:00,2018-12-03,2018-12-03T15:30:00+00:00,2018-12-03T15:25:00+00:00,test,1,0,12,6,12,12,3,29,10,32,31
AMZN|2018-12-03 16:30:00+00:00,2018-12-03,2018-12-03T16:30:00+00:00,2018-12-03T16:25:00+00:00,test,1,0,12,6,12,12,3,29,10,32,31
AMZN|2018-12-04 14:30:00+00:00,2018-12-04,2018-12-04T14:30:00+00:00,2018-12-04T14:25:00+00:00,test,1,0,12,6,12,12,2,20,9,22,22
AMZN|2018-12-04 15:30:00+00:00,2018-12-04,2018-12-04T15:30:00+00:00,2018-12-04T15:25:00+00:00,test,1,1,6,2,7,7,3,26,11,29,29
AMZN|2018-12-04 16:30:00+00:00,2018-12-04,2018-12-04T16:30:00+00:00,2018-12-04T16:25:00+00:00,test,0,1,6,2,7,7,3,26,11,29,29
AMZN|2018-12-06 14:30:00+00:00,2018-12-06,2018-12-06T14:30:00+00:00,2018-12-06T14:25:00+00:00,test,1,0,0,0,0,0,1,18,8,19,19
AMZN|2018-12-06 15:30:00+00:00,2018-12-06,2018-12-06T15:30:00+00:00,2018-12-06T15:25:00+00:00,test,1,2,18,5,20,19,3,36,13,39,38
AMZN|2018-12-06 16:30:00+00:00,2018-12-06,2018-12-06T16:30:00+00:00,2018-12-06T16:25:00+00:00,test,1,2,18,5,20,19,3,36,13,39,38
AMZN|2018-12-07 14:30:00+00:00,2018-12-07,2018-12-07T14:30:00+00:00,2018-12-07T14:25:00+00:00,test,0,2,18,5,20,19,3,24,7,27,26
AMZN|2018-12-07 15:30:00+00:00,2018-12-07,2018-12-07T15:30:00+00:00,2018-12-07T15:25:00+00:00,test,0,0,10,0,10,10,3,34,7,37,36
AMZN|2018-12-07 16:30:00+00:00,2018-12-07,2018-12-07T16:30:00+00:00,2018-12-07T16:25:00+00:00,test,0,0,10,0,10,10,3,34,7,37,36
AMZN|2018-12-10 14:30:00+00:00,2018-12-10,2018-12-10T14:30:00+00:00,2018-12-10T14:25:00+00:00,test,1,0,0,0,0,0,2,28,5,30,29
AMZN|2018-12-10 15:30:00+00:00,2018-12-10,2018-12-10T15:30:00+00:00,2018-12-10T15:25:00+00:00,test,1,2,13,2,15,15,4,41,7,45,44
AMZN|2018-12-10 16:30:00+00:00,2018-12-10,2018-12-10T16:30:00+00:00,2018-12-10T16:25:00+00:00,test,1,2,13,2,15,15,4,41,7,45,44
AMZN|2018-12-11 14:30:00+00:00,2018-12-11,2018-12-11T14:30:00+00:00,2018-12-11T14:25:00+00:00,test,0,2,13,2,15,15,2,23,2,25,25
AMZN|2018-12-11 15:30:00+00:00,2018-12-11,2018-12-11T15:30:00+00:00,2018-12-11T15:25:00+00:00,test,0,0,9,4,9,9,2,32,6,34,34
AMZN|2018-12-11 16:30:00+00:00,2018-12-11,2018-12-11T16:30:00+00:00,2018-12-11T16:25:00+00:00,test,0,0,9,4,9,9,2,32,6,34,34
AMZN|2018-12-12 14:30:00+00:00,2018-12-12,2018-12-12T14:30:00+00:00,2018-12-12T14:25:00+00:00,test,0,0,9,4,9,9,2,22,6,24,24
AMZN|2018-12-12 15:30:00+00:00,2018-12-12,2018-12-12T15:30:00+00:00,2018-12-12T15:25:00+00:00,test,0,0,17,2,17,17,2,39,8,41,41
AMZN|2018-12-12 16:30:00+00:00,2018-12-12,2018-12-12T16:30:00+00:00,2018-12-12T16:25:00+00:00,test,0,0,17,2,17,17,2,39,8,41,41
AMZN|2018-12-13 14:30:00+00:00,2018-12-13,2018-12-13T14:30:00+00:00,2018-12-13T14:25:00+00:00,test,0,0,17,2,17,17,0,26,6,26,26
AMZN|2018-12-13 15:30:00+00:00,2018-12-13,2018-12-13T15:30:00+00:00,2018-12-13T15:25:00+00:00,test,1,0,9,5,9,9,0,35,11,35,35
AMZN|2018-12-13 16:30:00+00:00,2018-12-13,2018-12-13T16:30:00+00:00,2018-12-13T16:25:00+00:00,test,1,0,9,5,9,9,0,35,11,35,35
AMZN|2018-12-14 14:30:00+00:00,2018-12-14,2018-12-14T14:30:00+00:00,2018-12-14T14:25:00+00:00,test,0,0,9,5,9,9,0,26,7,26,26
AMZN|2018-12-14 15:30:00+00:00,2018-12-14,2018-12-14T15:30:00+00:00,2018-12-14T15:25:00+00:00,test,0,0,10,2,10,10,0,36,9,36,36
AMZN|2018-12-14 16:30:00+00:00,2018-12-14,2018-12-14T16:30:00+00:00,2018-12-14T16:25:00+00:00,test,0,0,10,2,10,10,0,36,9,36,36
AMZN|2018-12-17 14:30:00+00:00,2018-12-17,2018-12-17T14:30:00+00:00,2018-12-17T14:25:00+00:00,test,1,0,0,0,0,0,0,19,7,19,19
AMZN|2018-12-17 15:30:00+00:00,2018-12-17,2018-12-17T15:30:00+00:00,2018-12-17T15:25:00+00:00,test,1,4,13,14,17,17,4,32,21,36,36
AMZN|2018-12-17 16:30:00+00:00,2018-12-17,2018-12-17T16:30:00+00:00,2018-12-17T16:25:00+00:00,test,1,4,13,14,17,17,4,32,21,36,36
AMZN|2018-12-18 14:30:00+00:00,2018-12-18,2018-12-18T14:30:00+00:00,2018-12-18T14:25:00+00:00,test,1,4,13,14,17,17,4,23,16,27,27
AMZN|2018-12-18 15:30:00+00:00,2018-12-18,2018-12-18T15:30:00+00:00,2018-12-18T15:25:00+00:00,test,1,2,6,3,8,8,6,29,19,35,35
AMZN|2018-12-18 16:30:00+00:00,2018-12-18,2018-12-18T16:30:00+00:00,2018-12-18T16:25:00+00:00,test,1,2,6,3,8,8,6,29,19,35,35
AMZN|2018-12-19 14:30:00+00:00,2018-12-19,2018-12-19T14:30:00+00:00,2018-12-19T14:25:00+00:00,test,1,2,6,3,8,8,6,19,17,25,25
AMZN|2018-12-19 15:30:00+00:00,2018-12-19,2018-12-19T15:30:00+00:00,2018-12-19T15:25:00+00:00,test,1,1,8,8,9,9,7,27,25,34,34
AMZN|2018-12-19 16:30:00+00:00,2018-12-19,2018-12-19T16:30:00+00:00,2018-12-19T16:25:00+00:00,test,0,1,8,8,9,9,7,27,25,34,34
AMZN|2018-12-20 14:30:00+00:00,2018-12-20,2018-12-20T14:30:00+00:00,2018-12-20T14:25:00+00:00,test,0,1,8,8,9,9,3,14,11,17,17
AMZN|2018-12-20 15:30:00+00:00,2018-12-20,2018-12-20T15:30:00+00:00,2018-12-20T15:25:00+00:00,test,0,1,7,5,8,8,4,21,16,25,25
AMZN|2018-12-20 16:30:00+00:00,2018-12-20,2018-12-20T16:30:00+00:00,2018-12-20T16:25:00+00:00,test,0,1,7,5,8,8,4,21,16,25,25
AMZN|2018-12-21 14:30:00+00:00,2018-12-21,2018-12-21T14:30:00+00:00,2018-12-21T14:25:00+00:00,test,0,1,7,5,8,8,2,15,13,17,17
AMZN|2018-12-21 15:30:00+00:00,2018-12-21,2018-12-21T15:30:00+00:00,2018-12-21T15:25:00+00:00,test,0,1,9,6,10,10,3,24,19,27,27
AMZN|2018-12-21 16:30:00+00:00,2018-12-21,2018-12-21T16:30:00+00:00,2018-12-21T16:25:00+00:00,test,1,1,9,6,10,10,3,24,19,27,27
AMZN|2018-12-26 14:30:00+00:00,2018-12-26,2018-12-26T14:30:00+00:00,2018-12-26T14:25:00+00:00,test,0,0,0,0,0,0,4,26,12,30,29
AMZN|2018-12-26 15:30:00+00:00,2018-12-26,2018-12-26T15:30:00+00:00,2018-12-26T15:25:00+00:00,test,0,3,7,4,10,10,7,33,16,40,39
AMZN|2018-12-26 16:30:00+00:00,2018-12-26,2018-12-26T16:30:00+00:00,2018-12-26T16:25:00+00:00,test,0,3,7,4,10,10,7,33,16,40,39
AMZN|2018-12-27 14:30:00+00:00,2018-12-27,2018-12-27T14:30:00+00:00,2018-12-27T14:25:00+00:00,test,1,3,7,4,10,10,6,24,10,30,29
AMZN|2018-12-27 15:30:00+00:00,2018-12-27,2018-12-27T15:30:00+00:00,2018-12-27T15:25:00+00:00,test,1,3,20,2,23,23,9,44,12,53,52
AMZN|2018-12-27 16:30:00+00:00,2018-12-27,2018-12-27T16:30:00+00:00,2018-12-27T16:25:00+00:00,test,1,3,20,2,23,23,9,44,12,53,52
AMZN|2018-12-28 14:30:00+00:00,2018-12-28,2018-12-28T14:30:00+00:00,2018-12-28T14:25:00+00:00,test,0,3,20,2,23,23,6,27,6,33,33
AMZN|2018-12-28 15:30:00+00:00,2018-12-28,2018-12-28T15:30:00+00:00,2018-12-28T15:25:00+00:00,test,0,1,15,7,16,15,7,42,13,49,48
AMZN|2018-12-28 16:30:00+00:00,2018-12-28,2018-12-28T16:30:00+00:00,2018-12-28T16:25:00+00:00,test,0,1,15,7,16,15,7,42,13,49,48
AMZN|2018-12-31 14:30:00+00:00,2018-12-31,2018-12-31T14:30:00+00:00,2018-12-31T14:25:00+00:00,test,1,0,0,0,0,0,4,35,9,39,38
AMZN|2018-12-31 15:30:00+00:00,2018-12-31,2018-12-31T15:30:00+00:00,2018-12-31T15:25:00+00:00,test,0,1,11,6,12,12,5,46,15,51,50
AMZN|2018-12-31 16:30:00+00:00,2018-12-31,2018-12-31T16:30:00+00:00,2018-12-31T16:25:00+00:00,test,1,1,11,6,12,12,5,46,15,51,50
AMZN|2019-01-02 14:30:00+00:00,2019-01-02,2019-01-02T14:30:00+00:00,2019-01-02T14:25:00+00:00,test,0,0,0,0,0,0,2,26,13,28,27
AMZN|2019-01-02 15:30:00+00:00,2019-01-02,2019-01-02T15:30:00+00:00,2019-01-02T15:25:00+00:00,test,0,0,9,4,9,9,2,35,17,37,36
AMZN|2019-01-02 16:30:00+00:00,2019-01-02,2019-01-02T16:30:00+00:00,2019-01-02T16:25:00+00:00,test,0,0,9,4,9,9,2,35,17,37,36
AMZN|2019-01-03 14:30:00+00:00,2019-01-03,2019-01-03T14:30:00+00:00,2019-01-03T14:25:00+00:00,test,1,0,9,4,9,9,1,20,10,21,21
AMZN|2019-01-03 15:30:00+00:00,2019-01-03,2019-01-03T15:30:00+00:00,2019-01-03T15:25:00+00:00,test,1,0,8,5,8,8,1,28,15,29,29
AMZN|2019-01-03 16:30:00+00:00,2019-01-03,2019-01-03T16:30:00+00:00,2019-01-03T16:25:00+00:00,test,1,0,8,5,8,8,1,28,15,29,29
AMZN|2019-01-04 14:30:00+00:00,2019-01-04,2019-01-04T14:30:00+00:00,2019-01-04T14:25:00+00:00,test,0,0,8,5,8,8,0,17,9,17,17
AMZN|2019-01-04 15:30:00+00:00,2019-01-04,2019-01-04T15:30:00+00:00,2019-01-04T15:25:00+00:00,test,0,3,4,4,7,7,3,21,13,24,24
AMZN|2019-01-04 16:30:00+00:00,2019-01-04,2019-01-04T16:30:00+00:00,2019-01-04T16:25:00+00:00,test,0,3,4,4,7,7,3,21,13,24,24
AMZN|2019-01-07 14:30:00+00:00,2019-01-07,2019-01-07T14:30:00+00:00,2019-01-07T14:25:00+00:00,test,1,0,0,0,0,0,3,12,9,15,15
AMZN|2019-01-07 15:30:00+00:00,2019-01-07,2019-01-07T15:30:00+00:00,2019-01-07T15:25:00+00:00,test,1,1,15,5,16,16,4,27,14,31,31
AMZN|2019-01-07 16:30:00+00:00,2019-01-07,2019-01-07T16:30:00+00:00,2019-01-07T16:25:00+00:00,test,1,1,15,5,16,16,4,27,14,31,31
AMZN|2019-01-08 14:30:00+00:00,2019-01-08,2019-01-08T14:30:00+00:00,2019-01-08T14:25:00+00:00,test,1,1,15,5,16,16,4,19,9,23,23
AMZN|2019-01-08 15:30:00+00:00,2019-01-08,2019-01-08T15:30:00+00:00,2019-01-08T15:25:00+00:00,test,1,1,11,3,12,12,5,30,12,35,35
AMZN|2019-01-08 16:30:00+00:00,2019-01-08,2019-01-08T16:30:00+00:00,2019-01-08T16:25:00+00:00,test,1,1,11,3,12,12,5,30,12,35,35
AMZN|2019-01-09 14:30:00+00:00,2019-01-09,2019-01-09T14:30:00+00:00,2019-01-09T14:25:00+00:00,test,0,1,11,3,12,12,2,26,8,28,28
AMZN|2019-01-09 15:30:00+00:00,2019-01-09,2019-01-09T15:30:00+00:00,2019-01-09T15:25:00+00:00,test,1,1,15,4,16,16,3,41,12,44,44
AMZN|2019-01-09 16:30:00+00:00,2019-01-09,2019-01-09T16:30:00+00:00,2019-01-09T16:25:00+00:00,test,1,1,15,4,16,16,3,41,12,44,44
AMZN|2019-01-10 14:30:00+00:00,2019-01-10,2019-01-10T14:30:00+00:00,2019-01-10T14:25:00+00:00,test,0,1,15,4,16,16,2,26,7,28,28
AMZN|2019-01-10 15:30:00+00:00,2019-01-10,2019-01-10T15:30:00+00:00,2019-01-10T15:25:00+00:00,test,0,1,12,5,13,13,3,38,12,41,41
AMZN|2019-01-10 16:30:00+00:00,2019-01-10,2019-01-10T16:30:00+00:00,2019-01-10T16:25:00+00:00,test,0,1,12,5,13,13,3,38,12,41,41
AMZN|2019-01-11 14:30:00+00:00,2019-01-11,2019-01-11T14:30:00+00:00,2019-01-11T14:25:00+00:00,test,0,1,12,5,13,13,2,27,9,29,29
AMZN|2019-01-11 15:30:00+00:00,2019-01-11,2019-01-11T15:30:00+00:00,2019-01-11T15:25:00+00:00,test,0,0,9,3,9,9,2,36,12,38,38
AMZN|2019-01-11 16:30:00+00:00,2019-01-11,2019-01-11T16:30:00+00:00,2019-01-11T16:25:00+00:00,test,0,0,9,3,9,9,2,36,12,38,38
AMZN|2019-01-14 14:30:00+00:00,2019-01-14,2019-01-14T14:30:00+00:00,2019-01-14T14:25:00+00:00,test,0,0,0,0,0,0,1,21,8,22,22
AMZN|2019-01-14 15:30:00+00:00,2019-01-14,2019-01-14T15:30:00+00:00,2019-01-14T15:25:00+00:00,test,0,1,11,4,12,12,2,32,12,34,34
AMZN|2019-01-14 16:30:00+00:00,2019-01-14,2019-01-14T16:30:00+00:00,2019-01-14T16:25:00+00:00,test,1,1,11,4,12,12,2,32,12,34,34
AMZN|2019-01-15 14:30:00+00:00,2019-01-15,2019-01-15T14:30:00+00:00,2019-01-15T14:25:00+00:00,test,0,1,11,4,12,12,1,20,7,21,21
AMZN|2019-01-15 15:30:00+00:00,2019-01-15,2019-01-15T15:30:00+00:00,2019-01-15T15:25:00+00:00,test,0,1,3,1,4,4,2,23,8,25,25
AMZN|2019-01-15 16:30:00+00:00,2019-01-15,2019-01-15T16:30:00+00:00,2019-01-15T16:25:00+00:00,test,0,1,3,1,4,4,2,23,8,25,25
AMZN|2019-01-16 14:30:00+00:00,2019-01-16,2019-01-16T14:30:00+00:00,2019-01-16T14:25:00+00:00,test,1,1,3,1,4,4,2,14,5,16,16
AMZN|2019-01-16 15:30:00+00:00,2019-01-16,2019-01-16T15:30:00+00:00,2019-01-16T15:25:00+00:00,test,1,1,11,5,12,12,3,25,10,28,28
AMZN|2019-01-16 16:30:00+00:00,2019-01-16,2019-01-16T16:30:00+00:00,2019-01-16T16:25:00+00:00,test,1,1,11,5,12,12,3,25,10,28,28
AMZN|2019-01-17 14:30:00+00:00,2019-01-17,2019-01-17T14:30:00+00:00,2019-01-17T14:25:00+00:00,test,0,1,11,5,12,12,2,14,6,16,16
AMZN|2019-01-17 15:30:00+00:00,2019-01-17,2019-01-17T15:30:00+00:00,2019-01-17T15:25:00+00:00,test,1,0,7,5,7,7,2,21,11,23,23
AMZN|2019-01-17 16:30:00+00:00,2019-01-17,2019-01-17T16:30:00+00:00,2019-01-17T16:25:00+00:00,test,1,0,7,5,7,7,2,21,11,23,23
AMZN|2019-01-18 14:30:00+00:00,2019-01-18,2019-01-18T14:30:00+00:00,2019-01-18T14:25:00+00:00,test,0,0,7,5,7,7,1,18,10,19,19
AMZN|2019-01-18 15:30:00+00:00,2019-01-18,2019-01-18T15:30:00+00:00,2019-01-18T15:25:00+00:00,test,0,0,5,1,5,5,1,23,11,24,24
AMZN|2019-01-18 16:30:00+00:00,2019-01-18,2019-01-18T16:30:00+00:00,2019-01-18T16:25:00+00:00,test,0,0,5,1,5,5,1,23,11,24,24
AMZN|2019-01-22 14:30:00+00:00,2019-01-22,2019-01-22T14:30:00+00:00,2019-01-22T14:25:00+00:00,test,0,0,0,0,0,0,0,12,6,12,12
AMZN|2019-01-22 15:30:00+00:00,2019-01-22,2019-01-22T15:30:00+00:00,2019-01-22T15:25:00+00:00,test,0,0,28,6,28,28,0,40,12,40,40
AMZN|2019-01-22 16:30:00+00:00,2019-01-22,2019-01-22T16:30:00+00:00,2019-01-22T16:25:00+00:00,test,0,0,28,6,28,28,0,40,12,40,40
AMZN|2019-01-23 14:30:00+00:00,2019-01-23,2019-01-23T14:30:00+00:00,2019-01-23T14:25:00+00:00,test,0,0,28,6,28,28,0,33,7,33,33
AMZN|2019-01-23 15:30:00+00:00,2019-01-23,2019-01-23T15:30:00+00:00,2019-01-23T15:25:00+00:00,test,0,0,8,3,8,8,0,41,10,41,41
AMZN|2019-01-23 16:30:00+00:00,2019-01-23,2019-01-23T16:30:00+00:00,2019-01-23T16:25:00+00:00,test,0,0,8,3,8,8,0,41,10,41,41
AMZN|2019-01-24 14:30:00+00:00,2019-01-24,2019-01-24T14:30:00+00:00,2019-01-24T14:25:00+00:00,test,0,0,8,3,8,8,0,36,9,36,36
AMZN|2019-01-24 15:30:00+00:00,2019-01-24,2019-01-24T15:30:00+00:00,2019-01-24T15:25:00+00:00,test,0,0,11,5,11,11,0,47,14,47,47
AMZN|2019-01-24 16:30:00+00:00,2019-01-24,2019-01-24T16:30:00+00:00,2019-01-24T16:25:00+00:00,test,0,0,11,5,11,11,0,47,14,47,47
AMZN|2019-01-25 14:30:00+00:00,2019-01-25,2019-01-25T14:30:00+00:00,2019-01-25T14:25:00+00:00,test,0,0,11,5,11,11,0,19,8,19,19
AMZN|2019-01-25 15:30:00+00:00,2019-01-25,2019-01-25T15:30:00+00:00,2019-01-25T15:25:00+00:00,test,0,0,9,4,9,9,0,28,12,28,28
AMZN|2019-01-25 16:30:00+00:00,2019-01-25,2019-01-25T16:30:00+00:00,2019-01-25T16:25:00+00:00,test,0,0,9,4,9,9,0,28,12,28,28
AMZN|2019-01-28 14:30:00+00:00,2019-01-28,2019-01-28T14:30:00+00:00,2019-01-28T14:25:00+00:00,test,1,0,0,0,0,0,0,20,9,20,20
AMZN|2019-01-28 15:30:00+00:00,2019-01-28,2019-01-28T15:30:00+00:00,2019-01-28T15:25:00+00:00,test,1,1,10,5,11,11,1,30,14,31,31
AMZN|2019-01-28 16:30:00+00:00,2019-01-28,2019-01-28T16:30:00+00:00,2019-01-28T16:25:00+00:00,test,1,1,10,5,11,11,1,30,14,31,31
AMZN|2019-01-29 14:30:00+00:00,2019-01-29,2019-01-29T14:30:00+00:00,2019-01-29T14:25:00+00:00,test,1,1,10,5,11,11,1,19,9,20,20
AMZN|2019-01-29 15:30:00+00:00,2019-01-29,2019-01-29T15:30:00+00:00,2019-01-29T15:25:00+00:00,test,1,0,12,1,12,12,1,31,10,32,32
AMZN|2019-01-29 16:30:00+00:00,2019-01-29,2019-01-29T16:30:00+00:00,2019-01-29T16:25:00+00:00,test,0,0,12,1,12,12,1,31,10,32,32
AMZN|2019-01-30 14:30:00+00:00,2019-01-30,2019-01-30T14:30:00+00:00,2019-01-30T14:25:00+00:00,test,0,0,12,1,12,12,1,22,6,23,23
AMZN|2019-01-30 15:30:00+00:00,2019-01-30,2019-01-30T15:30:00+00:00,2019-01-30T15:25:00+00:00,test,1,1,10,2,11,11,2,32,8,34,34
AMZN|2019-01-30 16:30:00+00:00,2019-01-30,2019-01-30T16:30:00+00:00,2019-01-30T16:25:00+00:00,test,1,1,10,2,11,11,2,32,8,34,34
AMZN|2019-01-31 14:30:00+00:00,2019-01-31,2019-01-31T14:30:00+00:00,2019-01-31T14:25:00+00:00,test,0,1,10,2,11,11,1,22,3,23,23
AMZN|2019-01-31 15:30:00+00:00,2019-01-31,2019-01-31T15:30:00+00:00,2019-01-31T15:25:00+00:00,test,1,0,15,5,15,15,1,37,8,38,38
AMZN|2019-01-31 16:30:00+00:00,2019-01-31,2019-01-31T16:30:00+00:00,2019-01-31T16:25:00+00:00,test,1,0,15,5,15,15,1,37,8,38,38
AMZN|2019-02-01 14:30:00+00:00,2019-02-01,2019-02-01T14:30:00+00:00,2019-02-01T14:25:00+00:00,test,0,0,15,5,15,15,1,25,7,26,26
AMZN|2019-02-01 15:30:00+00:00,2019-02-01,2019-02-01T15:30:00+00:00,2019-02-01T15:25:00+00:00,test,0,1,16,3,17,16,2,41,10,43,42
