phase,symbol,flag,value,method,n,BA,MCC,Brier,AUC,up_recall,down_recall,pred_up,constant
development,AAPL,has_original_news,0,F0,2,,0.0,0.219583675438098,,0.5,,0.5,False
development,AAPL,has_original_news,1,F0,124,0.5110294117647058,0.03191644169383776,0.2607563864954067,0.6066176470588235,0.875,0.14705882352941177,0.8629032258064516,False
development,AAPL,has_usable_text,0,F0,2,,0.0,0.219583675438098,,0.5,,0.5,False
development,AAPL,has_usable_text,1,F0,124,0.5110294117647058,0.03191644169383776,0.2607563864954067,0.6066176470588235,0.875,0.14705882352941177,0.8629032258064516,False
development,AAPL,has_qualified_event,0,F0,40,0.5075757575757576,0.019837990021453856,0.2663921343895962,0.5328282828282829,0.8333333333333334,0.18181818181818182,0.825,False
development,AAPL,has_qualified_event,1,F0,86,0.5027173913043478,0.008116412559294567,0.2571776034967766,0.6293478260869565,0.875,0.13043478260869565,0.872093023255814,False
development,AAPL,has_original_news,0,R1,2,,0.0,0.219583675438098,,0.5,,0.5,False
development,AAPL,has_original_news,1,R1,124,0.5682773109243697,0.16465962597158695,0.24450656238774832,0.6504726890756302,0.8571428571428571,0.27941176470588236,0.782258064516129,False
development,AAPL,has_usable_text,0,R1,2,,0.0,0.219583675438098,,0.5,,0.5,False
development,AAPL,has_usable_text,1,R1,124,0.5682773109243697,0.16465962597158695,0.24450656238774832,0.6504726890756302,0.8571428571428571,0.27941176470588236,0.782258064516129,False
development,AAPL,has_qualified_event,0,R1,40,0.47474747474747475,-0.058025885318565944,0.2525880931242783,0.5404040404040404,0.7222222222222222,0.22727272727272727,0.75,False
development,AAPL,has_qualified_event,1,R1,86,0.6021739130434782,0.2505464332278205,0.24016810886030068,0.6793478260869565,0.9,0.30434782608695654,0.7906976744186046,False
development,AAPL,has_original_news,0,F1,2,,0.0,0.219583675438098,,0.5,,0.5,False
development,AAPL,has_original_news,1,F1,124,0.5861344537815126,0.21368191536505515,0.2504649366439482,0.5782563025210085,0.8928571428571429,0.27941176470588236,0.7983870967741935,False
development,AAPL,has_usable_text,0,F1,2,,0.0,0.219583675438098,,0.5,,0.5,False
development,AAPL,has_usable_text,1,F1,124,0.5861344537815126,0.21368191536505515,0.2504649366439482,0.5782563025210085,0.8928571428571429,0.27941176470588236,0.7983870967741935,False
development,AAPL,has_qualified_event,0,F1,40,0.5757575757575758,0.17407765595569785,0.24736104540343035,0.6060606060606061,0.8333333333333334,0.3181818181818182,0.75,False
development,AAPL,has_qualified_event,1,F1,86,0.5804347826086956,0.20619293865288055,0.25119043812312286,0.5597826086956521,0.9,0.2608695652173913,0.813953488372093,False
development,AAPL,has_original_news,0,F2,2,,0.0,0.219583675438098,,0.5,,0.5,False
development,AAPL,has_original_news,1,F2,124,0.5477941176470589,0.12452068109744242,0.28127469765826635,0.631827731092437,0.875,0.22058823529411764,0.8225806451612904,False
development,AAPL,has_usable_text,0,F2,2,,0.0,0.219583675438098,,0.5,,0.5,False
development,AAPL,has_usable_text,1,F2,124,0.5477941176470589,0.12452068109744242,0.28127469765826635,0.631827731092437,0.875,0.22058823529411764,0.8225806451612904,False
development,AAPL,has_qualified_event,0,F2,40,0.6035353535353535,0.24669716448921308,0.2935499750238669,0.5555555555555556,0.8888888888888888,0.3181818181818182,0.775,False
development,AAPL,has_qualified_event,1,F2,86,0.5119565217391304,0.03230825477230273,0.27413059139007606,0.6364130434782609,0.85,0.17391304347826086,0.8372093023255814,False
development,AAPL,has_original_news,0,F6,2,,0.0,0.219583675438098,,0.5,,0.5,False
development,AAPL,has_original_news,1,F6,124,0.5115546218487395,0.05359417295590909,0.2579044875127507,0.5871848739495799,0.9642857142857143,0.058823529411764705,0.9516129032258065,False
development,AAPL,has_usable_text,0,F6,2,,0.0,0.219583675438098,,0.5,,0.5,False
development,AAPL,has_usable_text,1,F6,124,0.5115546218487395,0.05359417295590909,0.2579044875127507,0.5871848739495799,0.9642857142857143,0.058823529411764705,0.9516129032258065,False
development,AAPL,has_qualified_event,0,F6,40,0.46212121212121215,-0.11396057645963793,0.2626581075705519,0.45707070707070707,0.8333333333333334,0.09090909090909091,0.875,False
development,AAPL,has_qualified_event,1,F6,86,0.5217391304347826,0.14388861576723855,0.25480231976320006,0.616304347826087,1.0,0.043478260869565216,0.9767441860465116,False
development,AAPL,has_original_news,0,F1_temperature,2,,0.0,0.219583675438098,,0.5,,0.5,False
development,AAPL,has_original_news,1,F1_temperature,124,0.5861344537815126,0.21368191536505515,0.2494953518873673,0.5782563025210085,0.8928571428571429,0.27941176470588236,0.7983870967741935,False
development,AAPL,has_usable_text,0,F1_temperature,2,,0.0,0.219583675438098,,0.5,,0.5,False
development,AAPL,has_usable_text,1,F1_temperature,124,0.5861344537815126,0.21368191536505515,0.2494953518873673,0.5782563025210085,0.8928571428571429,0.27941176470588236,0.7983870967741935,False
development,AAPL,has_qualified_event,0,F1_temperature,40,0.5757575757575758,0.17407765595569785,0.24788720503502146,0.6085858585858586,0.8333333333333334,0.3181818181818182,0.75,False
development,AAPL,has_qualified_event,1,F1_temperature,86,0.5804347826086956,0.20619293865288055,0.24954770678498703,0.5597826086956521,0.9,0.2608695652173913,0.813953488372093,False
development,AAPL,has_original_news,0,F1_platt_shrunk,2,,0.0,0.219583675438098,,0.5,,0.5,False
development,AAPL,has_original_news,1,F1_platt_shrunk,124,0.5,0.0,0.2639382443312489,0.5782563025210085,1.0,0.0,1.0,True
development,AAPL,has_usable_text,0,F1_platt_shrunk,2,,0.0,0.219583675438098,,0.5,,0.5,False
development,AAPL,has_usable_text,1,F1_platt_shrunk,124,0.5,0.0,0.2639382443312489,0.5782563025210085,1.0,0.0,1.0,True
development,AAPL,has_qualified_event,0,F1_platt_shrunk,40,0.4722222222222222,-0.17702833484793146,0.26574466932895,0.5606060606060607,0.9444444444444444,0.0,0.975,False
development,AAPL,has_qualified_event,1,F1_platt_shrunk,86,0.5,0.0,0.26206654505573324,0.5597826086956521,1.0,0.0,1.0,True
development,AAPL,has_original_news,0,F1_calibrated,2,,0.0,0.219583675438098,,0.5,,0.5,False
development,AAPL,has_original_news,1,F1_calibrated,124,0.5,0.0,0.2639382443312489,0.5782563025210085,1.0,0.0,1.0,True
development,AAPL,has_usable_text,0,F1_calibrated,2,,0.0,0.219583675438098,,0.5,,0.5,False
development,AAPL,has_usable_text,1,F1_calibrated,124,0.5,0.0,0.2639382443312489,0.5782563025210085,1.0,0.0,1.0,True
development,AAPL,has_qualified_event,0,F1_calibrated,40,0.4722222222222222,-0.17702833484793146,0.26574466932895,0.5606060606060607,0.9444444444444444,0.0,0.975,False
development,AAPL,has_qualified_event,1,F1_calibrated,86,0.5,0.0,0.26206654505573324,0.5597826086956521,1.0,0.0,1.0,True
development,AAPL,has_original_news,0,F2_temperature,2,,0.0,0.219583675438098,,0.5,,0.5,False
development,AAPL,has_original_news,1,F2_temperature,124,0.5477941176470589,0.12452068109744242,0.2477921887474799,0.631827731092437,0.875,0.22058823529411764,0.8225806451612904,False
development,AAPL,has_usable_text,0,F2_temperature,2,,0.0,0.219583675438098,,0.5,,0.5,False
development,AAPL,has_usable_text,1,F2_temperature,124,0.5477941176470589,0.12452068109744242,0.2477921887474799,0.631827731092437,0.875,0.22058823529411764,0.8225806451612904,False
development,AAPL,has_qualified_event,0,F2_temperature,40,0.6035353535353535,0.24669716448921308,0.2518948988227526,0.5732323232323232,0.8888888888888888,0.3181818181818182,0.775,False
development,AAPL,has_qualified_event,1,F2_temperature,86,0.5119565217391304,0.03230825477230273,0.24522793956573954,0.6364130434782609,0.85,0.17391304347826086,0.8372093023255814,False
development,AAPL,has_original_news,0,F2_platt_shrunk,2,,0.0,0.219583675438098,,0.5,,0.5,False
development,AAPL,has_original_news,1,F2_platt_shrunk,124,0.5057773109243697,0.03742405942825598,0.2748667713273523,0.631827731092437,0.9821428571428571,0.029411764705882353,0.9758064516129032,False
development,AAPL,has_usable_text,0,F2_platt_shrunk,2,,0.0,0.219583675438098,,0.5,,0.5,False
development,AAPL,has_usable_text,1,F2_platt_shrunk,124,0.5057773109243697,0.03742405942825598,0.2748667713273523,0.631827731092437,0.9821428571428571,0.029411764705882353,0.9758064516129032,False
development,AAPL,has_qualified_event,0,F2_platt_shrunk,40,0.4898989898989899,-0.0335012605086404,0.2841100035313858,0.5404040404040403,0.8888888888888888,0.09090909090909091,0.9,False
development,AAPL,has_qualified_event,1,F2_platt_shrunk,86,0.5,0.0,0.26928194016526114,0.6364130434782609,1.0,0.0,1.0,True
development,AAPL,has_original_news,0,F2_calibrated,2,,0.0,0.219583675438098,,0.5,,0.5,False
development,AAPL,has_original_news,1,F2_calibrated,124,0.5057773109243697,0.03742405942825598,0.2748667713273523,0.631827731092437,0.9821428571428571,0.029411764705882353,0.9758064516129032,False
development,AAPL,has_usable_text,0,F2_calibrated,2,,0.0,0.219583675438098,,0.5,,0.5,False
development,AAPL,has_usable_text,1,F2_calibrated,124,0.5057773109243697,0.03742405942825598,0.2748667713273523,0.631827731092437,0.9821428571428571,0.029411764705882353,0.9758064516129032,False
development,AAPL,has_qualified_event,0,F2_calibrated,40,0.4898989898989899,-0.0335012605086404,0.2841100035313858,0.5404040404040403,0.8888888888888888,0.09090909090909091,0.9,False
development,AAPL,has_qualified_event,1,F2_calibrated,86,0.5,0.0,0.26928194016526114,0.6364130434782609,1.0,0.0,1.0,True
development,AAPL,has_original_news,0,J0,2,,0.0,0.219583675438098,,0.5,,0.5,False
development,AAPL,has_original_news,1,J0,124,0.5861344537815126,0.21368191536505515,0.25046493664394825,0.5782563025210085,0.8928571428571429,0.27941176470588236,0.7983870967741935,False
development,AAPL,has_usable_text,0,J0,2,,0.0,0.219583675438098,,0.5,,0.5,False
development,AAPL,has_usable_text,1,J0,124,0.5861344537815126,0.21368191536505515,0.25046493664394825,0.5782563025210085,0.8928571428571429,0.27941176470588236,0.7983870967741935,False
development,AAPL,has_qualified_event,0,J0,40,0.5757575757575758,0.17407765595569785,0.24736104540343035,0.6060606060606061,0.8333333333333334,0.3181818181818182,0.75,False
development,AAPL,has_qualified_event,1,J0,86,0.5804347826086956,0.20619293865288055,0.25119043812312286,0.5597826086956521,0.9,0.2608695652173913,0.813953488372093,False
development,AAPL,has_original_news,0,J1,2,,0.0,0.219583675438098,,0.5,,0.5,False
development,AAPL,has_original_news,1,J1,124,0.5525210084033614,0.10774998786398486,0.25889859737131454,0.5877100840336135,0.6785714285714286,0.4264705882352941,0.6209677419354839,False
development,AAPL,has_usable_text,0,J1,2,,0.0,0.219583675438098,,0.5,,0.5,False
development,AAPL,has_usable_text,1,J1,124,0.5525210084033614,0.10774998786398486,0.25889859737131454,0.5877100840336135,0.6785714285714286,0.4264705882352941,0.6209677419354839,False
development,AAPL,has_qualified_event,0,J1,40,0.5606060606060606,0.12309149097933272,0.24857498277816462,0.595959595959596,0.6666666666666666,0.45454545454545453,0.6,False
development,AAPL,has_qualified_event,1,J1,86,0.5440217391304348,0.09085194597231543,0.26278597806735593,0.5826086956521739,0.675,0.41304347826086957,0.627906976744186,False
development,AAPL,has_original_news,0,J2,2,,0.0,0.219583675438098,,0.5,,0.5,False
development,AAPL,has_original_news,1,J2,124,0.5477941176470589,0.12452068109744242,0.2812746976582664,0.631827731092437,0.875,0.22058823529411764,0.8225806451612904,False
development,AAPL,has_usable_text,0,J2,2,,0.0,0.219583675438098,,0.5,,0.5,False
development,AAPL,has_usable_text,1,J2,124,0.5477941176470589,0.12452068109744242,0.2812746976582664,0.631827731092437,0.875,0.22058823529411764,0.8225806451612904,False
development,AAPL,has_qualified_event,0,J2,40,0.6035353535353535,0.24669716448921308,0.293549975023867,0.5555555555555556,0.8888888888888888,0.3181818181818182,0.775,False
development,AAPL,has_qualified_event,1,J2,86,0.5119565217391304,0.03230825477230273,0.2741305913900761,0.6364130434782609,0.85,0.17391304347826086,0.8372093023255814,False
development,AAPL,has_original_news,0,J3,2,,0.0,0.219583675438098,,0.5,,0.5,False
development,AAPL,has_original_news,1,J3,124,0.5656512605042017,0.177660085589407,0.2497238330820483,0.6704306722689076,0.9107142857142857,0.22058823529411764,0.8387096774193549,False
development,AAPL,has_usable_text,0,J3,2,,0.0,0.219583675438098,,0.5,,0.5,False
development,AAPL,has_usable_text,1,J3,124,0.5656512605042017,0.177660085589407,0.2497238330820483,0.6704306722689076,0.9107142857142857,0.22058823529411764,0.8387096774193549,False
development,AAPL,has_qualified_event,0,J3,40,0.5303030303030303,0.07537783614444091,0.26745354036626146,0.5176767676767677,0.8333333333333334,0.22727272727272727,0.8,False
development,AAPL,has_qualified_event,1,J3,86,0.5711956521739131,0.19827103496938162,0.24077652370232236,0.7141304347826086,0.925,0.21739130434782608,0.8488372093023255,False
development,AAPL,has_original_news,0,N0M,2,,0.0,0.219583675438098,,0.5,,0.5,False
development,AAPL,has_original_news,1,N0M,124,0.5315126050420168,0.08210154797633566,0.27726715318059314,0.6226365546218487,0.8571428571428571,0.20588235294117646,0.8225806451612904,False
development,AAPL,has_usable_text,0,N0M,2,,0.0,0.219583675438098,,0.5,,0.5,False
development,AAPL,has_usable_text,1,N0M,124,0.5315126050420168,0.08210154797633566,0.27726715318059314,0.6226365546218487,0.8571428571428571,0.20588235294117646,0.8225806451612904,False
development,AAPL,has_qualified_event,0,N0M,40,0.553030303030303,0.12635708425057254,0.2961589473398489,0.5277777777777778,0.8333333333333334,0.2727272727272727,0.775,False
development,AAPL,has_qualified_event,1,N0M,86,0.5119565217391304,0.03230825477230273,0.2671387959497185,0.6483695652173913,0.85,0.17391304347826086,0.8372093023255814,False
development,AAPL,has_original_news,0,N1,2,,0.0,0.219583675438098,,0.5,,0.5,False
development,AAPL,has_original_news,1,N1,124,0.5346638655462185,0.09794139192284197,0.2570970826481597,0.6226365546218487,0.8928571428571429,0.17647058823529413,0.8548387096774194,False
development,AAPL,has_usable_text,0,N1,2,,0.0,0.219583675438098,,0.5,,0.5,False
development,AAPL,has_usable_text,1,N1,124,0.5346638655462185,0.09794139192284197,0.2570970826481597,0.6226365546218487,0.8928571428571429,0.17647058823529413,0.8548387096774194,False
development,AAPL,has_qualified_event,0,N1,40,0.5858585858585859,0.23924685418842448,0.26390601522352364,0.5429292929292929,0.9444444444444444,0.22727272727272727,0.85,False
development,AAPL,has_qualified_event,1,N1,86,0.5010869565217391,0.00302703870182262,0.2530577324454309,0.6380434782608696,0.85,0.15217391304347827,0.8488372093023255,False
development,AAPL,has_original_news,0,N1M,2,,0.0,0.219583675438098,,0.5,,0.5,False
development,AAPL,has_original_news,1,N1M,124,0.5241596638655461,0.06411226104954046,0.29488484117001534,0.6042542016806722,0.8571428571428571,0.19117647058823528,0.8306451612903226,False
development,AAPL,has_usable_text,0,N1M,2,,0.0,0.219583675438098,,0.5,,0.5,False
development,AAPL,has_usable_text,1,N1M,124,0.5241596638655461,0.06411226104954046,0.29488484117001534,0.6042542016806722,0.8571428571428571,0.19117647058823528,0.8306451612903226,False
development,AAPL,has_qualified_event,0,N1M,40,0.5303030303030303,0.07537783614444091,0.30872791316156806,0.5176767676767677,0.8333333333333334,0.22727272727272727,0.8,False
development,AAPL,has_qualified_event,1,N1M,86,0.5119565217391304,0.03230825477230273,0.2866950131336672,0.6260869565217391,0.85,0.17391304347826086,0.8372093023255814,False
development,AAPL,has_original_news,0,N0,2,,0.0,0.219583675438098,,0.5,,0.5,False
development,AAPL,has_original_news,1,N0,124,0.5477941176470589,0.12452068109744242,0.2812746976582664,0.631827731092437,0.875,0.22058823529411764,0.8225806451612904,False
development,AAPL,has_usable_text,0,N0,2,,0.0,0.219583675438098,,0.5,,0.5,False
development,AAPL,has_usable_text,1,N0,124,0.5477941176470589,0.12452068109744242,0.2812746976582664,0.631827731092437,0.875,0.22058823529411764,0.8225806451612904,False
development,AAPL,has_qualified_event,0,N0,40,0.6035353535353535,0.24669716448921308,0.293549975023867,0.5555555555555556,0.8888888888888888,0.3181818181818182,0.775,False
development,AAPL,has_qualified_event,1,N0,86,0.5119565217391304,0.03230825477230273,0.2741305913900761,0.6364130434782609,0.85,0.17391304347826086,0.8372093023255814,False
development,AMZN,has_original_news,0,F0,53,0.49193548387096775,-0.015897613773829884,0.26394368251989403,0.5689149560117303,0.5,0.4838709677419355,0.5094339622641509,False
development,AMZN,has_original_news,1,F0,73,0.48107890499194844,-0.037570916339223395,0.2760381016412171,0.4967793880837359,0.5925925925925926,0.3695652173913043,0.6164383561643836,False
development,AMZN,has_usable_text,0,F0,53,0.49193548387096775,-0.015897613773829884,0.26394368251989403,0.5689149560117303,0.5,0.4838709677419355,0.5094339622641509,False
development,AMZN,has_usable_text,1,F0,73,0.48107890499194844,-0.037570916339223395,0.2760381016412171,0.4967793880837359,0.5925925925925926,0.3695652173913043,0.6164383561643836,False
development,AMZN,has_qualified_event,0,F0,118,0.4909420289855072,-0.01787996349630379,0.2683835360325943,0.532608695652174,0.5652173913043478,0.4166666666666667,0.576271186440678,False
development,AMZN,has_qualified_event,1,F0,8,0.3666666666666667,-0.2581988897471611,0.3088174176896387,0.4,0.3333333333333333,0.4,0.5,False
development,AMZN,has_original_news,0,R1,53,0.49193548387096775,-0.015897613773829884,0.26394368251989403,0.5689149560117303,0.5,0.4838709677419355,0.5094339622641509,False
development,AMZN,has_original_news,1,R1,73,0.5334138486312399,0.07031061003186734,0.2776554103630293,0.5652173913043478,0.7407407407407407,0.32608695652173914,0.6986301369863014,False
development,AMZN,has_usable_text,0,R1,53,0.49193548387096775,-0.015897613773829884,0.26394368251989403,0.5689149560117303,0.5,0.4838709677419355,0.5094339622641509,False
development,AMZN,has_usable_text,1,R1,73,0.5334138486312399,0.07031061003186734,0.2776554103630293,0.5652173913043478,0.7407407407407407,0.32608695652173914,0.6986301369863014,False
development,AMZN,has_qualified_event,0,R1,118,0.49879227053140096,-0.0024154589371980675,0.2708592524161732,0.5504227053140096,0.6086956521739131,0.3888888888888889,0.6101694915254238,False
development,AMZN,has_qualified_event,1,R1,8,0.7,0.4472135954999579,0.28705854311838624,0.6,1.0,0.4,0.75,False
development,AMZN,has_original_news,0,F1,53,0.49193548387096775,-0.015897613773829884,0.26394368251989403,0.5689149560117303,0.5,0.4838709677419355,0.5094339622641509,False
development,AMZN,has_original_news,1,F1,73,0.5994363929146538,0.20049361773565857,0.2366527460904941,0.5901771336553945,0.48148148148148145,0.717391304347826,0.3561643835616438,False
development,AMZN,has_usable_text,0,F1,53,0.49193548387096775,-0.015897613773829884,0.26394368251989403,0.5689149560117303,0.5,0.4838709677419355,0.5094339622641509,False
development,AMZN,has_usable_text,1,F1,73,0.5994363929146538,0.20049361773565857,0.2366527460904941,0.5901771336553945,0.48148148148148145,0.717391304347826,0.3561643835616438,False
development,AMZN,has_qualified_event,0,F1,118,0.5585748792270531,0.11630996441185117,0.24858493438670284,0.5851449275362319,0.4782608695652174,0.6388888888888888,0.4067796610169492,False
development,AMZN,has_qualified_event,1,F1,8,0.5333333333333333,0.06666666666666667,0.2414554225661896,0.3333333333333333,0.6666666666666666,0.4,0.625,False
development,AMZN,has_original_news,0,F2,53,0.49193548387096775,-0.015897613773829884,0.26394368251989403,0.5689149560117303,0.5,0.4838709677419355,0.5094339622641509,False
development,AMZN,has_original_news,1,F2,73,0.4440418679549114,-0.10981436312113849,0.32212584446777337,0.47665056360708535,0.5185185185185185,0.3695652173913043,0.589041095890411,False
development,AMZN,has_usable_text,0,F2,53,0.49193548387096775,-0.015897613773829884,0.26394368251989403,0.5689149560117303,0.5,0.4838709677419355,0.5094339622641509,False
development,AMZN,has_usable_text,1,F2,73,0.4440418679549114,-0.10981436312113849,0.32212584446777337,0.47665056360708535,0.5185185185185185,0.3695652173913043,0.589041095890411,False
development,AMZN,has_qualified_event,0,F2,118,0.447463768115942,-0.10286016413334878,0.298719613271713,0.49064009661835745,0.4782608695652174,0.4166666666666667,0.5423728813559322,False
development,AMZN,has_qualified_event,1,F2,8,0.7,0.4472135954999579,0.2819109317049626,0.6,1.0,0.4,0.75,False
development,AMZN,has_original_news,0,F6,53,0.49193548387096775,-0.015897613773829884,0.26394368251989403,0.5689149560117303,0.5,0.4838709677419355,0.5094339622641509,False
development,AMZN,has_original_news,1,F6,73,0.5595813204508857,0.13110740970142798,0.266041192610162,0.5426731078904992,0.8148148148148148,0.30434782608695654,0.7397260273972602,False
development,AMZN,has_usable_text,0,F6,53,0.49193548387096775,-0.015897613773829884,0.26394368251989403,0.5689149560117303,0.5,0.4838709677419355,0.5094339622641509,False
development,AMZN,has_usable_text,1,F6,73,0.5595813204508857,0.13110740970142798,0.266041192610162,0.5426731078904992,0.8148148148148148,0.30434782608695654,0.7397260273972602,False
development,AMZN,has_qualified_event,0,F6,118,0.5135869565217391,0.027538005725776183,0.26558161595273583,0.5401570048309179,0.6521739130434783,0.375,0.635593220338983,False
development,AMZN,has_qualified_event,1,F6,8,0.7,0.4472135954999579,0.25892394395917373,0.6,1.0,0.4,0.75,False
development,AMZN,has_original_news,0,F1_temperature,53,0.49193548387096775,-0.015897613773829884,0.26394368251989403,0.5689149560117303,0.5,0.4838709677419355,0.5094339622641509,False
development,AMZN,has_original_news,1,F1_temperature,73,0.5994363929146538,0.20049361773565857,0.24976226674847357,0.5901771336553945,0.48148148148148145,0.717391304347826,0.3561643835616438,False
development,AMZN,has_usable_text,0,F1_temperature,53,0.49193548387096775,-0.015897613773829884,0.26394368251989403,0.5689149560117303,0.5,0.4838709677419355,0.5094339622641509,False
development,AMZN,has_usable_text,1,F1_temperature,73,0.5994363929146538,0.20049361773565857,0.24976226674847357,0.5901771336553945,0.48148148148148145,0.717391304347826,0.3561643835616438,False
development,AMZN,has_qualified_event,0,F1_temperature,118,0.5585748792270531,0.11630996441185117,0.25613025452314797,0.5431763285024155,0.4782608695652174,0.6388888888888888,0.4067796610169492,False
development,AMZN,has_qualified_event,1,F1_temperature,8,0.5333333333333333,0.06666666666666667,0.24978632655768587,0.3333333333333333,0.6666666666666666,0.4,0.625,False
development,AMZN,has_original_news,0,F1_platt_shrunk,53,0.49193548387096775,-0.015897613773829884,0.26394368251989403,0.5689149560117303,0.5,0.4838709677419355,0.5094339622641509,False
development,AMZN,has_original_news,1,F1_platt_shrunk,73,0.46537842190016104,-0.08490780809508194,0.24346139246721304,0.5901771336553945,0.14814814814814814,0.782608695652174,0.1917808219178082,False
development,AMZN,has_usable_text,0,F1_platt_shrunk,53,0.49193548387096775,-0.015897613773829884,0.26394368251989403,0.5689149560117303,0.5,0.4838709677419355,0.5094339622641509,False
development,AMZN,has_usable_text,1,F1_platt_shrunk,73,0.46537842190016104,-0.08490780809508194,0.24346139246721304,0.5901771336553945,0.14814814814814814,0.782608695652174,0.1917808219178082,False
development,AMZN,has_qualified_event,0,F1_platt_shrunk,118,0.48943236714975846,-0.02177587319802537,0.2526161031515733,0.5782004830917874,0.32608695652173914,0.6527777777777778,0.3389830508474576,False
development,AMZN,has_qualified_event,1,F1_platt_shrunk,8,0.4,-0.29277002188455997,0.244124581471911,0.3333333333333333,0.0,0.8,0.125,False
development,AMZN,has_original_news,0,F1_calibrated,53,0.49193548387096775,-0.015897613773829884,0.26394368251989403,0.5689149560117303,0.5,0.4838709677419355,0.5094339622641509,False
development,AMZN,has_original_news,1,F1_calibrated,73,0.46537842190016104,-0.08490780809508194,0.24346139246721304,0.5901771336553945,0.14814814814814814,0.782608695652174,0.1917808219178082,False
development,AMZN,has_usable_text,0,F1_calibrated,53,0.49193548387096775,-0.015897613773829884,0.26394368251989403,0.5689149560117303,0.5,0.4838709677419355,0.5094339622641509,False
development,AMZN,has_usable_text,1,F1_calibrated,73,0.46537842190016104,-0.08490780809508194,0.24346139246721304,0.5901771336553945,0.14814814814814814,0.782608695652174,0.1917808219178082,False
development,AMZN,has_qualified_event,0,F1_calibrated,118,0.48943236714975846,-0.02177587319802537,0.2526161031515733,0.5782004830917874,0.32608695652173914,0.6527777777777778,0.3389830508474576,False
development,AMZN,has_qualified_event,1,F1_calibrated,8,0.4,-0.29277002188455997,0.244124581471911,0.3333333333333333,0.0,0.8,0.125,False
development,AMZN,has_original_news,0,F2_temperature,53,0.49193548387096775,-0.015897613773829884,0.26394368251989403,0.5689149560117303,0.5,0.4838709677419355,0.5094339622641509,False
development,AMZN,has_original_news,1,F2_temperature,73,0.4440418679549114,-0.10981436312113849,0.2501799335154285,0.47665056360708535,0.5185185185185185,0.3695652173913043,0.589041095890411,False
development,AMZN,has_usable_text,0,F2_temperature,53,0.49193548387096775,-0.015897613773829884,0.26394368251989403,0.5689149560117303,0.5,0.4838709677419355,0.5094339622641509,False
development,AMZN,has_usable_text,1,F2_temperature,73,0.4440418679549114,-0.10981436312113849,0.2501799335154285,0.47665056360708535,0.5185185185185185,0.3695652173913043,0.589041095890411,False
development,AMZN,has_qualified_event,0,F2_temperature,118,0.447463768115942,-0.10286016413334878,0.2563906402721501,0.4993961352657005,0.4782608695652174,0.4166666666666667,0.5423728813559322,False
development,AMZN,has_qualified_event,1,F2_temperature,8,0.7,0.4472135954999579,0.2497568460083688,0.6,1.0,0.4,0.75,False
development,AMZN,has_original_news,0,F2_platt_shrunk,53,0.49193548387096775,-0.015897613773829884,0.26394368251989403,0.5689149560117303,0.5,0.4838709677419355,0.5094339622641509,False
development,AMZN,has_original_news,1,F2_platt_shrunk,73,0.5,0.0,0.24601827025816636,0.47665056360708535,0.0,1.0,0.0,True
development,AMZN,has_usable_text,0,F2_platt_shrunk,53,0.49193548387096775,-0.015897613773829884,0.26394368251989403,0.5689149560117303,0.5,0.4838709677419355,0.5094339622641509,False
development,AMZN,has_usable_text,1,F2_platt_shrunk,73,0.5,0.0,0.24601827025816636,0.47665056360708535,0.0,1.0,0.0,True
development,AMZN,has_qualified_event,0,F2_platt_shrunk,118,0.5084541062801933,0.019630903342655794,0.2540877527827909,0.5320048309178744,0.2391304347826087,0.7777777777777778,0.2288135593220339,False
development,AMZN,has_qualified_event,1,F2_platt_shrunk,8,0.5,0.0,0.24574925925389957,0.6,0.0,1.0,0.0,True
development,AMZN,has_original_news,0,F2_calibrated,53,0.49193548387096775,-0.015897613773829884,0.26394368251989403,0.5689149560117303,0.5,0.4838709677419355,0.5094339622641509,False
development,AMZN,has_original_news,1,F2_calibrated,73,0.5,0.0,0.24601827025816636,0.47665056360708535,0.0,1.0,0.0,True
development,AMZN,has_usable_text,0,F2_calibrated,53,0.49193548387096775,-0.015897613773829884,0.26394368251989403,0.5689149560117303,0.5,0.4838709677419355,0.5094339622641509,False
development,AMZN,has_usable_text,1,F2_calibrated,73,0.5,0.0,0.24601827025816636,0.47665056360708535,0.0,1.0,0.0,True
development,AMZN,has_qualified_event,0,F2_calibrated,118,0.5084541062801933,0.019630903342655794,0.2540877527827909,0.5320048309178744,0.2391304347826087,0.7777777777777778,0.2288135593220339,False
development,AMZN,has_qualified_event,1,F2_calibrated,8,0.5,0.0,0.24574925925389957,0.6,0.0,1.0,0.0,True
development,AMZN,has_original_news,0,J0,53,0.49193548387096775,-0.015897613773829884,0.26394368251989403,0.5689149560117303,0.5,0.4838709677419355,0.5094339622641509,False
development,AMZN,has_original_news,1,J0,73,0.5994363929146538,0.20049361773565857,0.23665274609049416,0.5901771336553945,0.48148148148148145,0.717391304347826,0.3561643835616438,False
development,AMZN,has_usable_text,0,J0,53,0.49193548387096775,-0.015897613773829884,0.26394368251989403,0.5689149560117303,0.5,0.4838709677419355,0.5094339622641509,False
development,AMZN,has_usable_text,1,J0,73,0.5994363929146538,0.20049361773565857,0.23665274609049416,0.5901771336553945,0.48148148148148145,0.717391304347826,0.3561643835616438,False
development,AMZN,has_qualified_event,0,J0,118,0.5585748792270531,0.11630996441185117,0.24858493438670284,0.5851449275362319,0.4782608695652174,0.6388888888888888,0.4067796610169492,False
development,AMZN,has_qualified_event,1,J0,8,0.5333333333333333,0.06666666666666667,0.2414554225661896,0.3333333333333333,0.6666666666666666,0.4,0.625,False
development,AMZN,has_original_news,0,J1,53,0.49193548387096775,-0.015897613773829884,0.26394368251989403,0.5689149560117303,0.5,0.4838709677419355,0.5094339622641509,False
development,AMZN,has_original_news,1,J1,73,0.534219001610306,0.06658727008911494,0.23869166279273984,0.5853462157809983,0.48148148148148145,0.5869565217391305,0.4383561643835616,False
development,AMZN,has_usable_text,0,J1,53,0.49193548387096775,-0.015897613773829884,0.26394368251989403,0.5689149560117303,0.5,0.4838709677419355,0.5094339622641509,False
development,AMZN,has_usable_text,1,J1,73,0.534219001610306,0.06658727008911494,0.23869166279273984,0.5853462157809983,0.48148148148148145,0.5869565217391305,0.4383561643835616,False
development,AMZN,has_qualified_event,0,J1,118,0.5169082125603865,0.033104420640618,0.24959488138485694,0.5809178743961353,0.4782608695652174,0.5555555555555556,0.4576271186440678,False
development,AMZN,has_qualified_event,1,J1,8,0.5333333333333333,0.06666666666666667,0.24516381925140956,0.4,0.6666666666666666,0.4,0.625,False
development,AMZN,has_original_news,0,J2,53,0.49193548387096775,-0.015897613773829884,0.26394368251989403,0.5689149560117303,0.5,0.4838709677419355,0.5094339622641509,False
development,AMZN,has_original_news,1,J2,73,0.4440418679549114,-0.10981436312113849,0.3221258444677734,0.47665056360708535,0.5185185185185185,0.3695652173913043,0.589041095890411,False
development,AMZN,has_usable_text,0,J2,53,0.49193548387096775,-0.015897613773829884,0.26394368251989403,0.5689149560117303,0.5,0.4838709677419355,0.5094339622641509,False
development,AMZN,has_usable_text,1,J2,73,0.4440418679549114,-0.10981436312113849,0.3221258444677734,0.47665056360708535,0.5185185185185185,0.3695652173913043,0.589041095890411,False
development,AMZN,has_qualified_event,0,J2,118,0.447463768115942,-0.10286016413334878,0.29871961327171304,0.49064009661835745,0.4782608695652174,0.4166666666666667,0.5423728813559322,False
development,AMZN,has_qualified_event,1,J2,8,0.7,0.4472135954999579,0.2819109317049626,0.6,1.0,0.4,0.75,False
development,AMZN,has_original_news,0,J3,53,0.49193548387096775,-0.015897613773829884,0.26394368251989403,0.5689149560117303,0.5,0.4838709677419355,0.5094339622641509,False
development,AMZN,has_original_news,1,J3,73,0.5583735909822867,0.11674718196457327,0.3329223774601281,0.5209339774557166,0.7037037037037037,0.41304347826086957,0.6301369863013698,False
development,AMZN,has_usable_text,0,J3,53,0.49193548387096775,-0.015897613773829884,0.26394368251989403,0.5689149560117303,0.5,0.4838709677419355,0.5094339622641509,False
development,AMZN,has_usable_text,1,J3,73,0.5583735909822867,0.11674718196457327,0.3329223774601281,0.5209339774557166,0.7037037037037037,0.41304347826086957,0.6301369863013698,False
development,AMZN,has_qualified_event,0,J3,118,0.5157004830917875,0.030914746229166287,0.30558719081668967,0.5147946859903382,0.5869565217391305,0.4444444444444444,0.5677966101694916,False
development,AMZN,has_qualified_event,1,J3,8,0.7,0.4472135954999579,0.2791325264717945,0.6666666666666666,1.0,0.4,0.75,False
development,AMZN,has_original_news,0,N0M,53,0.49193548387096775,-0.015897613773829884,0.26394368251989403,0.5689149560117303,0.5,0.4838709677419355,0.5094339622641509,False
development,AMZN,has_original_news,1,N0M,73,0.465780998389694,-0.06658727008911494,0.3311016019355261,0.4782608695652174,0.5185185185185185,0.41304347826086957,0.5616438356164384,False
development,AMZN,has_usable_text,0,N0M,53,0.49193548387096775,-0.015897613773829884,0.26394368251989403,0.5689149560117303,0.5,0.4838709677419355,0.5094339622641509,False
development,AMZN,has_usable_text,1,N0M,73,0.465780998389694,-0.06658727008911494,0.3311016019355261,0.4782608695652174,0.5185185185185185,0.41304347826086957,0.5616438356164384,False
development,AMZN,has_qualified_event,0,N0M,118,0.4613526570048309,-0.07549269735627623,0.3039644827982227,0.49245169082125606,0.4782608695652174,0.4444444444444444,0.5254237288135594,False
development,AMZN,has_qualified_event,1,N0M,8,0.7,0.4472135954999579,0.28645289308218885,0.5333333333333333,1.0,0.4,0.75,False
development,AMZN,has_original_news,0,N1,53,0.49193548387096775,-0.015897613773829884,0.26394368251989403,0.5689149560117303,0.5,0.4838709677419355,0.5094339622641509,False
development,AMZN,has_original_news,1,N1,73,0.4722222222222222,-0.05368617618888927,0.2604009670629512,0.5096618357487923,0.4444444444444444,0.5,0.4794520547945205,False
development,AMZN,has_usable_text,0,N1,53,0.49193548387096775,-0.015897613773829884,0.26394368251989403,0.5689149560117303,0.5,0.4838709677419355,0.5094339622641509,False
development,AMZN,has_usable_text,1,N1,73,0.4722222222222222,-0.05368617618888927,0.2604009670629512,0.5096618357487923,0.4444444444444444,0.5,0.4794520547945205,False
development,AMZN,has_qualified_event,0,N1,118,0.46739130434782605,-0.06369696339435807,0.2635713249430411,0.5292874396135265,0.43478260869565216,0.5,0.4745762711864407,False
development,AMZN,has_qualified_event,1,N1,8,0.7,0.4472135954999579,0.2371086782338713,0.6666666666666666,1.0,0.4,0.75,False
development,AMZN,has_original_news,0,N1M,53,0.49193548387096775,-0.015897613773829884,0.26394368251989403,0.5689149560117303,0.5,0.4838709677419355,0.5094339622641509,False
development,AMZN,has_original_news,1,N1M,73,0.5124798711755233,0.02415622876811428,0.2611717954204046,0.5169082125603864,0.48148148148148145,0.5434782608695652,0.4657534246575342,False
development,AMZN,has_usable_text,0,N1M,53,0.49193548387096775,-0.015897613773829884,0.26394368251989403,0.5689149560117303,0.5,0.4838709677419355,0.5094339622641509,False
development,AMZN,has_usable_text,1,N1M,73,0.5124798711755233,0.02415622876811428,0.2611717954204046,0.5169082125603864,0.48148148148148145,0.5434782608695652,0.4657534246575342,False
development,AMZN,has_qualified_event,0,N1M,118,0.49214975845410625,-0.015349935683109488,0.26452974874704904,0.5298913043478262,0.45652173913043476,0.5277777777777778,0.4661016949152542,False
development,AMZN,has_qualified_event,1,N1M,8,0.7,0.4472135954999579,0.2300057358865164,0.6666666666666666,1.0,0.4,0.75,False
development,AMZN,has_original_news,0,N0,53,0.49193548387096775,-0.015897613773829884,0.26394368251989403,0.5689149560117303,0.5,0.4838709677419355,0.5094339622641509,False
development,AMZN,has_original_news,1,N0,73,0.4440418679549114,-0.10981436312113849,0.3221258444677734,0.47665056360708535,0.5185185185185185,0.3695652173913043,0.589041095890411,False
development,AMZN,has_usable_text,0,N0,53,0.49193548387096775,-0.015897613773829884,0.26394368251989403,0.5689149560117303,0.5,0.4838709677419355,0.5094339622641509,False
development,AMZN,has_usable_text,1,N0,73,0.4440418679549114,-0.10981436312113849,0.3221258444677734,0.47665056360708535,0.5185185185185185,0.3695652173913043,0.589041095890411,False
development,AMZN,has_qualified_event,0,N0,118,0.447463768115942,-0.10286016413334878,0.29871961327171304,0.49064009661835745,0.4782608695652174,0.4166666666666667,0.5423728813559322,False
development,AMZN,has_qualified_event,1,N0,8,0.7,0.4472135954999579,0.2819109317049626,0.6,1.0,0.4,0.75,False
later,AAPL,has_original_news,1,F0,178,0.5189465706707086,0.05202550290923069,0.2693583552956159,0.5129468232916509,0.8620689655172413,0.17582417582417584,0.8426966292134831,False
later,AAPL,has_usable_text,1,F0,178,0.5189465706707086,0.05202550290923069,0.2693583552956159,0.5129468232916509,0.8620689655172413,0.17582417582417584,0.8426966292134831,False
later,AAPL,has_qualified_event,0,F0,63,0.5498991935483871,0.14258085802543347,0.26589461397269826,0.5241935483870968,0.90625,0.1935483870967742,0.8571428571428571,False
later,AAPL,has_qualified_event,1,F0,115,0.5015151515151515,0.004075966567037654,0.27125588315077953,0.5175757575757576,0.8363636363636363,0.16666666666666666,0.8347826086956521,False
later,AAPL,has_original_news,1,R1,178,0.5386510041682455,0.08597676748504192,0.25577476582147957,0.5301250473664266,0.7586206896551724,0.31868131868131866,0.7191011235955056,False
later,AAPL,has_usable_text,1,R1,178,0.5386510041682455,0.08597676748504192,0.25577476582147957,0.5301250473664266,0.7586206896551724,0.31868131868131866,0.7191011235955056,False
later,AAPL,has_qualified_event,0,R1,63,0.5675403225806451,0.15514580672783237,0.2487227998191616,0.5625,0.8125,0.3225806451612903,0.746031746031746,False
later,AAPL,has_qualified_event,1,R1,115,0.521969696969697,0.04809822662991509,0.25963801676187986,0.5148484848484849,0.7272727272727273,0.31666666666666665,0.7043478260869566,False
later,AAPL,has_original_news,1,F1,178,0.5174308450170519,0.041750263492643866,0.2587278548675218,0.5385878489326765,0.7931034482758621,0.24175824175824176,0.7752808988764045,False
later,AAPL,has_usable_text,1,F1,178,0.5174308450170519,0.041750263492643866,0.2587278548675218,0.5385878489326765,0.7931034482758621,0.24175824175824176,0.7752808988764045,False
later,AAPL,has_qualified_event,0,F1,63,0.5196572580645161,0.04614689903257402,0.2594478040862957,0.5151209677419355,0.78125,0.25806451612903225,0.7619047619047619,False
later,AAPL,has_qualified_event,1,F1,115,0.5166666666666667,0.04036867138796655,0.2583334479041936,0.5521212121212121,0.8,0.23333333333333334,0.782608695652174,False
later,AAPL,has_original_news,1,F2,178,0.5671340154098775,0.15225387872362858,0.28557810785631715,0.5495768599216875,0.8045977011494253,0.32967032967032966,0.7359550561797753,False
later,AAPL,has_usable_text,1,F2,178,0.5671340154098775,0.15225387872362858,0.28557810785631715,0.5495768599216875,0.8045977011494253,0.32967032967032966,0.7359550561797753,False
later,AAPL,has_qualified_event,0,F2,63,0.5992943548387097,0.22808749198047001,0.2588578742746889,0.6018145161290323,0.84375,0.3548387096774194,0.746031746031746,False
later,AAPL,has_qualified_event,1,F2,115,0.5492424242424243,0.11086792033513435,0.30021614886190484,0.5309090909090909,0.7818181818181819,0.31666666666666665,0.7304347826086957,False
later,AAPL,has_original_news,1,F6,178,0.4939370973853733,-0.013658361895953085,0.2528519469342745,0.5226727295692812,0.7241379310344828,0.26373626373626374,0.7303370786516854,False
later,AAPL,has_usable_text,1,F6,178,0.4939370973853733,-0.013658361895953085,0.2528519469342745,0.5226727295692812,0.7241379310344828,0.26373626373626374,0.7303370786516854,False
later,AAPL,has_qualified_event,0,F6,63,0.5035282258064516,0.008485552916276633,0.2497503734792298,0.532258064516129,0.78125,0.22580645161290322,0.7777777777777778,False
later,AAPL,has_qualified_event,1,F6,115,0.4871212121212121,-0.028195512162364017,0.2545510697835598,0.5142424242424242,0.6909090909090909,0.2833333333333333,0.7043478260869566,False
later,AAPL,has_original_news,1,F1_temperature,178,0.5174308450170519,0.041750263492643866,0.2500334315053511,0.5385878489326765,0.7931034482758621,0.24175824175824176,0.7752808988764045,False
later,AAPL,has_usable_text,1,F1_temperature,178,0.5174308450170519,0.041750263492643866,0.2500334315053511,0.5385878489326765,0.7931034482758621,0.24175824175824176,0.7752808988764045,False
later,AAPL,has_qualified_event,0,F1_temperature,63,0.5196572580645161,0.04614689903257402,0.25029505334553237,0.5151209677419355,0.78125,0.25806451612903225,0.7619047619047619,False
later,AAPL,has_qualified_event,1,F1_temperature,115,0.5166666666666667,0.04036867138796655,0.2498901082363823,0.5521212121212121,0.8,0.23333333333333334,0.782608695652174,False
later,AAPL,has_original_news,1,F1_platt_shrunk,178,0.5,0.0,0.2603025400994729,0.5385878489326765,1.0,0.0,1.0,True
later,AAPL,has_usable_text,1,F1_platt_shrunk,178,0.5,0.0,0.2603025400994729,0.5385878489326765,1.0,0.0,1.0,True
later,AAPL,has_qualified_event,0,F1_platt_shrunk,63,0.5,0.0,0.2576610511234578,0.5151209677419355,1.0,0.0,1.0,True
later,AAPL,has_qualified_event,1,F1_platt_shrunk,115,0.5,0.0,0.26174961666894203,0.5521212121212121,1.0,0.0,1.0,True
later,AAPL,has_original_news,1,F1_calibrated,178,0.5,0.0,0.2603025400994729,0.5385878489326765,1.0,0.0,1.0,True
later,AAPL,has_usable_text,1,F1_calibrated,178,0.5,0.0,0.2603025400994729,0.5385878489326765,1.0,0.0,1.0,True
later,AAPL,has_qualified_event,0,F1_calibrated,63,0.5,0.0,0.2576610511234578,0.5151209677419355,1.0,0.0,1.0,True
later,AAPL,has_qualified_event,1,F1_calibrated,115,0.5,0.0,0.26174961666894203,0.5521212121212121,1.0,0.0,1.0,True
later,AAPL,has_original_news,1,F2_temperature,178,0.5671340154098775,0.15225387872362858,0.2502948063704212,0.5495768599216875,0.8045977011494253,0.32967032967032966,0.7359550561797753,False
later,AAPL,has_usable_text,1,F2_temperature,178,0.5671340154098775,0.15225387872362858,0.2502948063704212,0.5495768599216875,0.8045977011494253,0.32967032967032966,0.7359550561797753,False
later,AAPL,has_qualified_event,0,F2_temperature,63,0.5992943548387097,0.22808749198047001,0.2454564645066458,0.6018145161290323,0.84375,0.3548387096774194,0.746031746031746,False
later,AAPL,has_qualified_event,1,F2_temperature,115,0.5492424242424243,0.11086792033513435,0.2529453762610111,0.5309090909090909,0.7818181818181819,0.31666666666666665,0.7304347826086957,False
later,AAPL,has_original_news,1,F2_platt_shrunk,178,0.4932423897941139,-0.030834637576334794,0.26940092612242617,0.5495768599216875,0.9425287356321839,0.04395604395604396,0.949438202247191,False
later,AAPL,has_usable_text,1,F2_platt_shrunk,178,0.4932423897941139,-0.030834637576334794,0.26940092612242617,0.5495768599216875,0.9425287356321839,0.04395604395604396,0.949438202247191,False
later,AAPL,has_qualified_event,0,F2_platt_shrunk,63,0.5161290322580645,0.12903225806451613,0.2580721155460568,0.6018145161290323,1.0,0.03225806451612903,0.9841269841269841,False
later,AAPL,has_qualified_event,1,F2_platt_shrunk,115,0.47954545454545455,-0.08032299917901037,0.27560714409035025,0.5309090909090909,0.9090909090909091,0.05,0.9304347826086956,False
later,AAPL,has_original_news,1,F2_calibrated,178,0.4932423897941139,-0.030834637576334794,0.26940092612242617,0.5495768599216875,0.9425287356321839,0.04395604395604396,0.949438202247191,False
later,AAPL,has_usable_text,1,F2_calibrated,178,0.4932423897941139,-0.030834637576334794,0.26940092612242617,0.5495768599216875,0.9425287356321839,0.04395604395604396,0.949438202247191,False
later,AAPL,has_qualified_event,0,F2_calibrated,63,0.5161290322580645,0.12903225806451613,0.2580721155460568,0.6018145161290323,1.0,0.03225806451612903,0.9841269841269841,False
later,AAPL,has_qualified_event,1,F2_calibrated,115,0.47954545454545455,-0.08032299917901037,0.27560714409035025,0.5309090909090909,0.9090909090909091,0.05,0.9304347826086956,False
later,AAPL,has_original_news,1,J0,178,0.5174308450170519,0.041750263492643866,0.2587278548675218,0.5385878489326765,0.7931034482758621,0.24175824175824176,0.7752808988764045,False
later,AAPL,has_usable_text,1,J0,178,0.5174308450170519,0.041750263492643866,0.2587278548675218,0.5385878489326765,0.7931034482758621,0.24175824175824176,0.7752808988764045,False
later,AAPL,has_qualified_event,0,J0,63,0.5196572580645161,0.04614689903257402,0.2594478040862957,0.5151209677419355,0.78125,0.25806451612903225,0.7619047619047619,False
later,AAPL,has_qualified_event,1,J0,115,0.5166666666666667,0.04036867138796655,0.2583334479041936,0.5521212121212121,0.8,0.23333333333333334,0.782608695652174,False
later,AAPL,has_original_news,1,J1,178,0.5266515094101301,0.057379690271916625,0.28509322120668695,0.5385878489326765,0.7126436781609196,0.34065934065934067,0.6853932584269663,False
later,AAPL,has_usable_text,1,J1,178,0.5266515094101301,0.057379690271916625,0.28509322120668695,0.5385878489326765,0.7126436781609196,0.34065934065934067,0.6853932584269663,False
later,AAPL,has_qualified_event,0,J1,63,0.4727822580645161,-0.060241449667687415,0.2988000994762669,0.46774193548387094,0.6875,0.25806451612903225,0.7142857142857143,False
later,AAPL,has_qualified_event,1,J1,115,0.5553030303030303,0.11746236307852176,0.2775842357198736,0.5703030303030303,0.7272727272727273,0.38333333333333336,0.6695652173913044,False
later,AAPL,has_original_news,1,J2,178,0.5671340154098775,0.15225387872362858,0.2855781078563171,0.5495768599216875,0.8045977011494253,0.32967032967032966,0.7359550561797753,False
later,AAPL,has_usable_text,1,J2,178,0.5671340154098775,0.15225387872362858,0.2855781078563171,0.5495768599216875,0.8045977011494253,0.32967032967032966,0.7359550561797753,False
later,AAPL,has_qualified_event,0,J2,63,0.5992943548387097,0.22808749198047001,0.2588578742746889,0.6018145161290323,0.84375,0.3548387096774194,0.746031746031746,False
later,AAPL,has_qualified_event,1,J2,115,0.5492424242424243,0.11086792033513435,0.3002161488619048,0.5309090909090909,0.7818181818181819,0.31666666666666665,0.7304347826086957,False
later,AAPL,has_original_news,1,J3,178,0.5671340154098775,0.15225387872362858,0.25888817364617034,0.5610711127952507,0.8045977011494253,0.32967032967032966,0.7359550561797753,False
later,AAPL,has_usable_text,1,J3,178,0.5671340154098775,0.15225387872362858,0.25888817364617034,0.5610711127952507,0.8045977011494253,0.32967032967032966,0.7359550561797753,False
later,AAPL,has_qualified_event,0,J3,63,0.6466733870967742,0.3443268620122831,0.2385169181488947,0.6774193548387097,0.90625,0.3870967741935484,0.7619047619047619,False
later,AAPL,has_qualified_event,1,J3,115,0.5227272727272727,0.050666424068902885,0.2700480788316343,0.5033333333333334,0.7454545454545455,0.3,0.7217391304347827,False
later,AAPL,has_original_news,1,N0M,178,0.5673866363521536,0.15500725289603462,0.28312675402165777,0.5364405709233295,0.8160919540229885,0.31868131868131866,0.7471910112359551,False
later,AAPL,has_usable_text,1,N0M,178,0.5673866363521536,0.15500725289603462,0.28312675402165777,0.5364405709233295,0.8160919540229885,0.31868131868131866,0.7471910112359551,False
later,AAPL,has_qualified_event,0,N0M,63,0.5987903225806451,0.2375954816557457,0.25479566325511716,0.6078629032258065,0.875,0.3225806451612903,0.7777777777777778,False
later,AAPL,has_qualified_event,1,N0M,115,0.5492424242424243,0.11086792033513435,0.2986472646155018,0.506969696969697,0.7818181818181819,0.31666666666666665,0.7304347826086957,False
later,AAPL,has_original_news,1,N1,178,0.5459138562586838,0.11312111313687354,0.2586073945151263,0.5565239358342806,0.8390804597701149,0.25274725274725274,0.7921348314606742,False
later,AAPL,has_usable_text,1,N1,178,0.5459138562586838,0.11312111313687354,0.2586073945151263,0.5565239358342806,0.8390804597701149,0.25274725274725274,0.7921348314606742,False
later,AAPL,has_qualified_event,0,N1,63,0.5826612903225806,0.20423554736855434,0.24740548588359873,0.6209677419354839,0.875,0.2903225806451613,0.7936507936507936,False
later,AAPL,has_qualified_event,1,N1,115,0.5257575757575758,0.06332360547125385,0.2647440922871806,0.5278787878787878,0.8181818181818182,0.23333333333333334,0.7913043478260869,False
later,AAPL,has_original_news,1,N1M,178,0.5616395099153719,0.14076789415735066,0.2940225986473647,0.541871921182266,0.8045977011494253,0.31868131868131866,0.7415730337078652,False
later,AAPL,has_usable_text,1,N1M,178,0.5616395099153719,0.14076789415735066,0.2940225986473647,0.541871921182266,0.8045977011494253,0.31868131868131866,0.7415730337078652,False
later,AAPL,has_qualified_event,0,N1M,63,0.5992943548387097,0.22808749198047001,0.26884006765090857,0.5866935483870968,0.84375,0.3548387096774194,0.746031746031746,False
later,AAPL,has_qualified_event,1,N1M,115,0.5409090909090909,0.09307578419910345,0.30781824606281455,0.5245454545454545,0.7818181818181819,0.3,0.7391304347826086,False
later,AAPL,has_original_news,1,N0,178,0.5671340154098775,0.15225387872362858,0.2855781078563171,0.5495768599216875,0.8045977011494253,0.32967032967032966,0.7359550561797753,False
later,AAPL,has_usable_text,1,N0,178,0.5671340154098775,0.15225387872362858,0.2855781078563171,0.5495768599216875,0.8045977011494253,0.32967032967032966,0.7359550561797753,False
later,AAPL,has_qualified_event,0,N0,63,0.5992943548387097,0.22808749198047001,0.2588578742746889,0.6018145161290323,0.84375,0.3548387096774194,0.746031746031746,False
later,AAPL,has_qualified_event,1,N0,115,0.5492424242424243,0.11086792033513435,0.3002161488619048,0.5309090909090909,0.7818181818181819,0.31666666666666665,0.7304347826086957,False
later,AMZN,has_original_news,0,F0,95,0.5596187943262412,0.12613553931990254,0.24290844019334246,0.6183510638297872,0.723404255319149,0.3958333333333333,0.6631578947368421,False
later,AMZN,has_original_news,1,F0,84,0.4367452558941921,-0.12575247920598617,0.2957066702047056,0.4341575618171363,0.46808510638297873,0.40540540540540543,0.5238095238095238,False
later,AMZN,has_usable_text,0,F0,95,0.5596187943262412,0.12613553931990254,0.24290844019334246,0.6183510638297872,0.723404255319149,0.3958333333333333,0.6631578947368421,False
later,AMZN,has_usable_text,1,F0,84,0.4367452558941921,-0.12575247920598617,0.2957066702047056,0.4341575618171363,0.46808510638297873,0.40540540540540543,0.5238095238095238,False
later,AMZN,has_qualified_event,0,F0,174,0.5070170793062359,0.014294877343248486,0.25932114918668564,0.5400503111346484,0.6043956043956044,0.40963855421686746,0.5977011494252874,False
later,AMZN,has_qualified_event,1,F0,5,0.16666666666666666,-0.6666666666666666,0.5587564314158991,0.0,0.3333333333333333,0.0,0.6,False
later,AMZN,has_original_news,0,R1,95,0.5596187943262412,0.12613553931990254,0.24290844019334246,0.6183510638297872,0.723404255319149,0.3958333333333333,0.6631578947368421,False
later,AMZN,has_original_news,1,R1,84,0.4580218516388729,-0.08373988316725563,0.30538942739249597,0.42093156986774,0.5106382978723404,0.40540540540540543,0.5476190476190477,False
later,AMZN,has_usable_text,0,R1,95,0.5596187943262412,0.12613553931990254,0.24290844019334246,0.6183510638297872,0.723404255319149,0.3958333333333333,0.6631578947368421,False
later,AMZN,has_usable_text,1,R1,84,0.4580218516388729,-0.08373988316725563,0.30538942739249597,0.42093156986774,0.5106382978723404,0.40540540540540543,0.5476190476190477,False
later,AMZN,has_qualified_event,0,R1,174,0.5180060902952469,0.03686394188040709,0.2677624833223149,0.5347544022242817,0.6263736263736264,0.40963855421686746,0.6091954022988506,False
later,AMZN,has_qualified_event,1,R1,5,0.16666666666666666,-0.6666666666666666,0.4276683242508808,0.0,0.3333333333333333,0.0,0.6,False
later,AMZN,has_original_news,0,F1,95,0.5596187943262412,0.12613553931990254,0.24290844019334246,0.6183510638297872,0.723404255319149,0.3958333333333333,0.6631578947368421,False
later,AMZN,has_original_news,1,F1,84,0.5543415756181713,0.12460403068253721,0.2757204114857473,0.4876365727429557,0.2978723404255319,0.8108108108108109,0.25,False
later,AMZN,has_usable_text,0,F1,95,0.5596187943262412,0.12613553931990254,0.24290844019334246,0.6183510638297872,0.723404255319149,0.3958333333333333,0.6631578947368421,False
later,AMZN,has_usable_text,1,F1,84,0.5543415756181713,0.12460403068253721,0.2757204114857473,0.4876365727429557,0.2978723404255319,0.8108108108108109,0.25,False
later,AMZN,has_qualified_event,0,F1,174,0.5468687938567457,0.09369418063187994,0.2559020053228906,0.5487885608367535,0.5274725274725275,0.5662650602409639,0.4827586206896552,False
later,AMZN,has_qualified_event,1,F1,5,0.5,0.0,0.3419734913974664,0.3333333333333333,0.0,1.0,0.0,True
later,AMZN,has_original_news,0,F2,95,0.5596187943262412,0.12613553931990254,0.24290844019334246,0.6183510638297872,0.723404255319149,0.3958333333333333,0.6631578947368421,False
later,AMZN,has_original_news,1,F2,84,0.5333525014376078,0.06630585267224726,0.28293227466514725,0.5376653248993675,0.5531914893617021,0.5135135135135135,0.5238095238095238,False
later,AMZN,has_usable_text,0,F2,95,0.5596187943262412,0.12613553931990254,0.24290844019334246,0.6183510638297872,0.723404255319149,0.3958333333333333,0.6631578947368421,False
later,AMZN,has_usable_text,1,F2,84,0.5333525014376078,0.06630585267224726,0.28293227466514725,0.5376653248993675,0.5531914893617021,0.5135135135135135,0.5238095238095238,False
later,AMZN,has_qualified_event,0,F2,174,0.5585859923209321,0.11963667473546648,0.25618883875799653,0.5882430822189858,0.6593406593406593,0.4578313253012048,0.603448275862069,False
later,AMZN,has_qualified_event,1,F2,5,0.0,-1.0,0.45315098926970104,0.0,0.0,0.0,0.4,False
later,AMZN,has_original_news,0,F6,95,0.5596187943262412,0.12613553931990254,0.24290844019334246,0.6183510638297872,0.723404255319149,0.3958333333333333,0.6631578947368421,False
later,AMZN,has_original_news,1,F6,84,0.45715928694652097,-0.08946561129828609,0.26769052945825456,0.41920644048303624,0.6170212765957447,0.2972972972972973,0.6547619047619048,False
later,AMZN,has_usable_text,0,F6,95,0.5596187943262412,0.12613553931990254,0.24290844019334246,0.6183510638297872,0.723404255319149,0.3958333333333333,0.6631578947368421,False
later,AMZN,has_usable_text,1,F6,84,0.45715928694652097,-0.08946561129828609,0.26769052945825456,0.41920644048303624,0.6170212765957447,0.2972972972972973,0.6547619047619048,False
later,AMZN,has_qualified_event,0,F6,174,0.5158877267311002,0.033390540451693144,0.2527387237754264,0.5379319475705018,0.6703296703296703,0.3614457831325301,0.6551724137931034,False
later,AMZN,has_qualified_event,1,F6,5,0.3333333333333333,-0.4082482904638631,0.31715367118734505,0.0,0.6666666666666666,0.0,0.8,False
later,AMZN,has_original_news,0,F1_temperature,95,0.5596187943262412,0.12613553931990254,0.24290844019334246,0.6183510638297872,0.723404255319149,0.3958333333333333,0.6631578947368421,False
later,AMZN,has_original_news,1,F1_temperature,84,0.5543415756181713,0.12460403068253721,0.25012997405288095,0.4876365727429557,0.2978723404255319,0.8108108108108109,0.25,False
later,AMZN,has_usable_text,0,F1_temperature,95,0.5596187943262412,0.12613553931990254,0.24290844019334246,0.6183510638297872,0.723404255319149,0.3958333333333333,0.6631578947368421,False
later,AMZN,has_usable_text,1,F1_temperature,84,0.5543415756181713,0.12460403068253721,0.25012997405288095,0.4876365727429557,0.2978723404255319,0.8108108108108109,0.25,False
later,AMZN,has_qualified_event,0,F1_temperature,174,0.5468687938567457,0.09369418063187994,0.24616795109478118,0.5556732424202304,0.5274725274725275,0.5662650602409639,0.4827586206896552,False
later,AMZN,has_qualified_event,1,F1_temperature,5,0.5,0.0,0.2507992296635214,0.3333333333333333,0.0,1.0,0.0,True
later,AMZN,has_original_news,0,F1_platt_shrunk,95,0.5596187943262412,0.12613553931990254,0.24290844019334246,0.6183510638297872,0.723404255319149,0.3958333333333333,0.6631578947368421,False
later,AMZN,has_original_news,1,F1_platt_shrunk,84,0.5204140310523289,0.060082885977088975,0.2545842238318342,0.4876365727429557,0.14893617021276595,0.8918918918918919,0.13095238095238096,False
later,AMZN,has_usable_text,0,F1_platt_shrunk,95,0.5596187943262412,0.12613553931990254,0.24290844019334246,0.6183510638297872,0.723404255319149,0.3958333333333333,0.6631578947368421,False
later,AMZN,has_usable_text,1,F1_platt_shrunk,84,0.5204140310523289,0.060082885977088975,0.2545842238318342,0.4876365727429557,0.14893617021276595,0.8918918918918919,0.13095238095238096,False
later,AMZN,has_qualified_event,0,F1_platt_shrunk,174,0.5264795445518338,0.053503770568653415,0.24779283524105394,0.5532900834105654,0.45054945054945056,0.6024096385542169,0.42528735632183906,False
later,AMZN,has_qualified_event,1,F1_platt_shrunk,5,0.5,0.0,0.26908465765964285,0.3333333333333333,0.0,1.0,0.0,True
later,AMZN,has_original_news,0,F1_calibrated,95,0.5596187943262412,0.12613553931990254,0.24290844019334246,0.6183510638297872,0.723404255319149,0.3958333333333333,0.6631578947368421,False
later,AMZN,has_original_news,1,F1_calibrated,84,0.5204140310523289,0.060082885977088975,0.2545842238318342,0.4876365727429557,0.14893617021276595,0.8918918918918919,0.13095238095238096,False
later,AMZN,has_usable_text,0,F1_calibrated,95,0.5596187943262412,0.12613553931990254,0.24290844019334246,0.6183510638297872,0.723404255319149,0.3958333333333333,0.6631578947368421,False
later,AMZN,has_usable_text,1,F1_calibrated,84,0.5204140310523289,0.060082885977088975,0.2545842238318342,0.4876365727429557,0.14893617021276595,0.8918918918918919,0.13095238095238096,False
later,AMZN,has_qualified_event,0,F1_calibrated,174,0.5264795445518338,0.053503770568653415,0.24779283524105394,0.5532900834105654,0.45054945054945056,0.6024096385542169,0.42528735632183906,False
later,AMZN,has_qualified_event,1,F1_calibrated,5,0.5,0.0,0.26908465765964285,0.3333333333333333,0.0,1.0,0.0,True
later,AMZN,has_original_news,0,F2_temperature,95,0.5596187943262412,0.12613553931990254,0.24290844019334246,0.6183510638297872,0.723404255319149,0.3958333333333333,0.6631578947368421,False
later,AMZN,has_original_news,1,F2_temperature,84,0.5333525014376078,0.06630585267224726,0.24989813400352814,0.5376653248993675,0.5531914893617021,0.5135135135135135,0.5238095238095238,False
later,AMZN,has_usable_text,0,F2_temperature,95,0.5596187943262412,0.12613553931990254,0.24290844019334246,0.6183510638297872,0.723404255319149,0.3958333333333333,0.6631578947368421,False
later,AMZN,has_usable_text,1,F2_temperature,84,0.5333525014376078,0.06630585267224726,0.24989813400352814,0.5376653248993675,0.5531914893617021,0.5135135135135135,0.5238095238095238,False
later,AMZN,has_qualified_event,0,F2_temperature,174,0.5585859923209321,0.11963667473546648,0.24602663233464486,0.569442605587184,0.6593406593406593,0.4578313253012048,0.603448275862069,False
later,AMZN,has_qualified_event,1,F2_temperature,5,0.0,-1.0,0.25182220968713875,0.0,0.0,0.0,0.4,False
later,AMZN,has_original_news,0,F2_platt_shrunk,95,0.5596187943262412,0.12613553931990254,0.24290844019334246,0.6183510638297872,0.723404255319149,0.3958333333333333,0.6631578947368421,False
later,AMZN,has_original_news,1,F2_platt_shrunk,84,0.5,0.0,0.2522138436033033,0.5376653248993675,0.0,1.0,0.0,True
later,AMZN,has_usable_text,0,F2_platt_shrunk,95,0.5596187943262412,0.12613553931990254,0.24290844019334246,0.6183510638297872,0.723404255319149,0.3958333333333333,0.6631578947368421,False
later,AMZN,has_usable_text,1,F2_platt_shrunk,84,0.5,0.0,0.2522138436033033,0.5376653248993675,0.0,1.0,0.0,True
later,AMZN,has_qualified_event,0,F2_platt_shrunk,174,0.512114391632464,0.025180223654756525,0.24703885128598638,0.5705017873692573,0.37362637362637363,0.6506024096385542,0.3620689655172414,False
later,AMZN,has_qualified_event,1,F2_platt_shrunk,5,0.5,0.0,0.255500911456675,0.0,0.0,1.0,0.0,True
later,AMZN,has_original_news,0,F2_calibrated,95,0.5596187943262412,0.12613553931990254,0.24290844019334246,0.6183510638297872,0.723404255319149,0.3958333333333333,0.6631578947368421,False
later,AMZN,has_original_news,1,F2_calibrated,84,0.5,0.0,0.2522138436033033,0.5376653248993675,0.0,1.0,0.0,True
later,AMZN,has_usable_text,0,F2_calibrated,95,0.5596187943262412,0.12613553931990254,0.24290844019334246,0.6183510638297872,0.723404255319149,0.3958333333333333,0.6631578947368421,False
later,AMZN,has_usable_text,1,F2_calibrated,84,0.5,0.0,0.2522138436033033,0.5376653248993675,0.0,1.0,0.0,True
later,AMZN,has_qualified_event,0,F2_calibrated,174,0.512114391632464,0.025180223654756525,0.24703885128598638,0.5705017873692573,0.37362637362637363,0.6506024096385542,0.3620689655172414,False
later,AMZN,has_qualified_event,1,F2_calibrated,5,0.5,0.0,0.255500911456675,0.0,0.0,1.0,0.0,True
later,AMZN,has_original_news,0,J0,95,0.5596187943262412,0.12613553931990254,0.24290844019334246,0.6183510638297872,0.723404255319149,0.3958333333333333,0.6631578947368421,False
later,AMZN,has_original_news,1,J0,84,0.5543415756181713,0.12460403068253721,0.2757204114857473,0.4876365727429557,0.2978723404255319,0.8108108108108109,0.25,False
later,AMZN,has_usable_text,0,J0,95,0.5596187943262412,0.12613553931990254,0.24290844019334246,0.6183510638297872,0.723404255319149,0.3958333333333333,0.6631578947368421,False
later,AMZN,has_usable_text,1,J0,84,0.5543415756181713,0.12460403068253721,0.2757204114857473,0.4876365727429557,0.2978723404255319,0.8108108108108109,0.25,False
later,AMZN,has_qualified_event,0,J0,174,0.5468687938567457,0.09369418063187994,0.2559020053228906,0.5487885608367535,0.5274725274725275,0.5662650602409639,0.4827586206896552,False
later,AMZN,has_qualified_event,1,J0,5,0.5,0.0,0.3419734913974664,0.3333333333333333,0.0,1.0,0.0,True
later,AMZN,has_original_news,0,J1,95,0.5596187943262412,0.12613553931990254,0.24290844019334246,0.6183510638297872,0.723404255319149,0.3958333333333333,0.6631578947368421,False
later,AMZN,has_original_news,1,J1,84,0.5244393329499712,0.05307293735021397,0.27956762307402816,0.48303622771707877,0.3191489361702128,0.7297297297297297,0.2976190476190476,False
later,AMZN,has_usable_text,0,J1,95,0.5596187943262412,0.12613553931990254,0.24290844019334246,0.6183510638297872,0.723404255319149,0.3958333333333333,0.6631578947368421,False
later,AMZN,has_usable_text,1,J1,84,0.5244393329499712,0.05307293735021397,0.27956762307402816,0.48303622771707877,0.3191489361702128,0.7297297297297297,0.2976190476190476,False
later,AMZN,has_qualified_event,0,J1,174,0.5403151065801668,0.08054494655283631,0.25742165580241894,0.5502449357871044,0.5384615384615384,0.5421686746987951,0.5,False
later,AMZN,has_qualified_event,1,J1,5,0.25,-0.6123724356957946,0.3537228093930015,0.16666666666666666,0.0,0.5,0.2,False
later,AMZN,has_original_news,0,J2,95,0.5596187943262412,0.12613553931990254,0.24290844019334246,0.6183510638297872,0.723404255319149,0.3958333333333333,0.6631578947368421,False
later,AMZN,has_original_news,1,J2,84,0.5333525014376078,0.06630585267224726,0.2829322746651472,0.5376653248993675,0.5531914893617021,0.5135135135135135,0.5238095238095238,False
later,AMZN,has_usable_text,0,J2,95,0.5596187943262412,0.12613553931990254,0.24290844019334246,0.6183510638297872,0.723404255319149,0.3958333333333333,0.6631578947368421,False
later,AMZN,has_usable_text,1,J2,84,0.5333525014376078,0.06630585267224726,0.2829322746651472,0.5376653248993675,0.5531914893617021,0.5135135135135135,0.5238095238095238,False
later,AMZN,has_qualified_event,0,J2,174,0.5585859923209321,0.11963667473546648,0.25618883875799653,0.5882430822189858,0.6593406593406593,0.4578313253012048,0.603448275862069,False
later,AMZN,has_qualified_event,1,J2,5,0.0,-1.0,0.4531509892697011,0.0,0.0,0.0,0.4,False
later,AMZN,has_original_news,0,J3,95,0.5596187943262412,0.12613553931990254,0.24290844019334246,0.6183510638297872,0.723404255319149,0.3958333333333333,0.6631578947368421,False
later,AMZN,has_original_news,1,J3,84,0.5255894192064405,0.05082929188607178,0.2941030347181429,0.5526164462334675,0.5106382978723404,0.5405405405405406,0.4880952380952381,False
later,AMZN,has_usable_text,0,J3,95,0.5596187943262412,0.12613553931990254,0.24290844019334246,0.6183510638297872,0.723404255319149,0.3958333333333333,0.6631578947368421,False
later,AMZN,has_usable_text,1,J3,84,0.5255894192064405,0.05082929188607178,0.2941030347181429,0.5526164462334675,0.5106382978723404,0.5405405405405406,0.4880952380952381,False
later,AMZN,has_qualified_event,0,J3,174,0.5481265722229578,0.09742099290830777,0.26325555105292986,0.5919502184562426,0.6263736263736264,0.46987951807228917,0.5804597701149425,False
later,AMZN,has_qualified_event,1,J3,5,0.16666666666666666,-0.6666666666666666,0.39489817029634866,0.0,0.3333333333333333,0.0,0.6,False
later,AMZN,has_original_news,0,N0M,95,0.5596187943262412,0.12613553931990254,0.24290844019334246,0.6183510638297872,0.723404255319149,0.3958333333333333,0.6631578947368421,False
later,AMZN,has_original_news,1,N0M,84,0.5411155836687751,0.08223116733755031,0.2876150441705392,0.518688901667625,0.5957446808510638,0.4864864864864865,0.5595238095238095,False
later,AMZN,has_usable_text,0,N0M,95,0.5596187943262412,0.12613553931990254,0.24290844019334246,0.6183510638297872,0.723404255319149,0.3958333333333333,0.6631578947368421,False
later,AMZN,has_usable_text,1,N0M,84,0.5411155836687751,0.08223116733755031,0.2876150441705392,0.518688901667625,0.5957446808510638,0.4864864864864865,0.5595238095238095,False
later,AMZN,has_qualified_event,0,N0M,174,0.5635509069244009,0.13083611660105948,0.2576083131716995,0.5862571163775984,0.6813186813186813,0.4457831325301205,0.6206896551724138,False
later,AMZN,has_qualified_event,1,N0M,5,0.0,-1.0,0.4824238073634226,0.0,0.0,0.0,0.4,False
later,AMZN,has_original_news,0,N1,95,0.5596187943262412,0.12613553931990254,0.24290844019334246,0.6183510638297872,0.723404255319149,0.3958333333333333,0.6631578947368421,False
later,AMZN,has_original_news,1,N1,84,0.5960322024151812,0.19425500404386742,0.2546132548705437,0.566992524439333,0.48936170212765956,0.7027027027027027,0.40476190476190477,False
later,AMZN,has_usable_text,0,N1,95,0.5596187943262412,0.12613553931990254,0.24290844019334246,0.6183510638297872,0.723404255319149,0.3958333333333333,0.6631578947368421,False
later,AMZN,has_usable_text,1,N1,84,0.5960322024151812,0.19425500404386742,0.2546132548705437,0.566992524439333,0.48936170212765956,0.7027027027027027,0.40476190476190477,False
later,AMZN,has_qualified_event,0,N1,174,0.5842711505362108,0.16908041807625485,0.24623061268926402,0.5822851846948233,0.6263736263736264,0.5421686746987951,0.5459770114942529,False
later,AMZN,has_qualified_event,1,N1,5,0.0,-1.0,0.3239377239122522,0.0,0.0,0.0,0.4,False
later,AMZN,has_original_news,0,N1M,95,0.5596187943262412,0.12613553931990254,0.24290844019334246,0.6183510638297872,0.723404255319149,0.3958333333333333,0.6631578947368421,False
later,AMZN,has_original_news,1,N1M,84,0.6066705002875216,0.21482857931789248,0.2544319102426804,0.5675675675675675,0.5106382978723404,0.7027027027027027,0.4166666666666667,False
later,AMZN,has_usable_text,0,N1M,95,0.5596187943262412,0.12613553931990254,0.24290844019334246,0.6183510638297872,0.723404255319149,0.3958333333333333,0.6631578947368421,False
later,AMZN,has_usable_text,1,N1M,84,0.6066705002875216,0.21482857931789248,0.2544319102426804,0.5675675675675675,0.5106382978723404,0.7027027027027027,0.4166666666666667,False
later,AMZN,has_qualified_event,0,N1M,174,0.5897656560307163,0.1803088441190145,0.24640007125004273,0.5809612074672316,0.6373626373626373,0.5421686746987951,0.5517241379310345,False
later,AMZN,has_qualified_event,1,N1M,5,0.0,-1.0,0.31499397624905157,0.0,0.0,0.0,0.4,False
later,AMZN,has_original_news,0,N0,95,0.5596187943262412,0.12613553931990254,0.24290844019334246,0.6183510638297872,0.723404255319149,0.3958333333333333,0.6631578947368421,False
later,AMZN,has_original_news,1,N0,84,0.5333525014376078,0.06630585267224726,0.2829322746651472,0.5376653248993675,0.5531914893617021,0.5135135135135135,0.5238095238095238,False
later,AMZN,has_usable_text,0,N0,95,0.5596187943262412,0.12613553931990254,0.24290844019334246,0.6183510638297872,0.723404255319149,0.3958333333333333,0.6631578947368421,False
later,AMZN,has_usable_text,1,N0,84,0.5333525014376078,0.06630585267224726,0.2829322746651472,0.5376653248993675,0.5531914893617021,0.5135135135135135,0.5238095238095238,False
later,AMZN,has_qualified_event,0,N0,174,0.5585859923209321,0.11963667473546648,0.25618883875799653,0.5882430822189858,0.6593406593406593,0.4578313253012048,0.603448275862069,False
later,AMZN,has_qualified_event,1,N0,5,0.0,-1.0,0.4531509892697011,0.0,0.0,0.0,0.4,False
train_forward_oof,AAPL,has_original_news,0,F0,4,0.6666666666666666,0.3333333333333333,0.2587048015148473,0.6666666666666667,1.0,0.3333333333333333,0.75,False
train_forward_oof,AAPL,has_original_news,1,F0,379,0.5004329004329005,0.0008523291021112745,0.2650513527181538,0.4966810966810967,0.5333333333333333,0.4675324675324675,0.5329815303430079,False
train_forward_oof,AAPL,has_usable_text,0,F0,4,0.6666666666666666,0.3333333333333333,0.2587048015148473,0.6666666666666667,1.0,0.3333333333333333,0.75,False
train_forward_oof,AAPL,has_usable_text,1,F0,379,0.5004329004329005,0.0008523291021112745,0.2650513527181538,0.4966810966810967,0.5333333333333333,0.4675324675324675,0.5329815303430079,False
train_forward_oof,AAPL,has_qualified_event,0,F0,223,0.4812582020997376,-0.037318670844018804,0.2679237129244549,0.4730150918635171,0.5354330708661418,0.4270833333333333,0.5515695067264574,False
train_forward_oof,AAPL,has_qualified_event,1,F0,160,0.5299718496439808,0.058246767461165805,0.26088933690053895,0.539658883921179,0.5353535353535354,0.5245901639344263,0.5125,False
train_forward_oof,AAPL,has_original_news,0,R1,4,0.6666666666666666,0.3333333333333333,0.2587048015148473,0.6666666666666667,1.0,0.3333333333333333,0.75,False
train_forward_oof,AAPL,has_original_news,1,R1,379,0.5279365079365079,0.05504522172739839,0.25764954055078154,0.5433477633477634,0.48444444444444446,0.5714285714285714,0.46174142480211083,False
train_forward_oof,AAPL,has_usable_text,0,R1,4,0.6666666666666666,0.3333333333333333,0.2587048015148473,0.6666666666666667,1.0,0.3333333333333333,0.75,False
train_forward_oof,AAPL,has_usable_text,1,R1,379,0.5279365079365079,0.05504522172739839,0.25764954055078154,0.5433477633477634,0.48444444444444446,0.5714285714285714,0.46174142480211083,False
train_forward_oof,AAPL,has_qualified_event,0,R1,223,0.5240731627296589,0.04773696022752376,0.2605242882551662,0.5259186351706037,0.49606299212598426,0.5520833333333334,0.47533632286995514,False
train_forward_oof,AAPL,has_qualified_event,1,R1,160,0.5324557045868521,0.06337178905769598,0.2536692424618972,0.5679748302699121,0.47474747474747475,0.5901639344262295,0.45,False
train_forward_oof,AAPL,has_original_news,0,F1,4,0.6666666666666666,0.3333333333333333,0.2587048015148473,0.6666666666666667,1.0,0.3333333333333333,0.75,False
train_forward_oof,AAPL,has_original_news,1,F1,379,0.5026695526695527,0.005402626341600254,0.25926653151355117,0.5131024531024532,0.6222222222222222,0.38311688311688313,0.6200527704485488,False
train_forward_oof,AAPL,has_usable_text,0,F1,4,0.6666666666666666,0.3333333333333333,0.2587048015148473,0.6666666666666667,1.0,0.3333333333333333,0.75,False
train_forward_oof,AAPL,has_usable_text,1,F1,379,0.5026695526695527,0.005402626341600254,0.25926653151355117,0.5131024531024532,0.6222222222222222,0.38311688311688313,0.6200527704485488,False
train_forward_oof,AAPL,has_qualified_event,0,F1,223,0.5168143044619422,0.03436365392033389,0.25682123986330424,0.536745406824147,0.6377952755905512,0.3958333333333333,0.6233183856502242,False
train_forward_oof,AAPL,has_qualified_event,1,F1,160,0.4833581718827621,-0.033283656234475906,0.26266061350111525,0.48302699122371257,0.6060606060606061,0.36065573770491804,0.61875,False
train_forward_oof,AAPL,has_original_news,0,F2,4,0.6666666666666666,0.3333333333333333,0.2587048015148473,0.6666666666666667,1.0,0.3333333333333333,0.75,False
train_forward_oof,AAPL,has_original_news,1,F2,379,0.5004329004329005,0.0008523291021112745,0.2602047328634746,0.5187012987012987,0.5333333333333333,0.4675324675324675,0.5329815303430079,False
train_forward_oof,AAPL,has_usable_text,0,F2,4,0.6666666666666666,0.3333333333333333,0.2587048015148473,0.6666666666666667,1.0,0.3333333333333333,0.75,False
train_forward_oof,AAPL,has_usable_text,1,F2,379,0.5004329004329005,0.0008523291021112745,0.2602047328634746,0.5187012987012987,0.5333333333333333,0.4675324675324675,0.5329815303430079,False
train_forward_oof,AAPL,has_qualified_event,0,F2,223,0.4746555118110236,-0.050310756509457086,0.2735861592982359,0.4751476377952756,0.5118110236220472,0.4375,0.5336322869955157,False
train_forward_oof,AAPL,has_qualified_event,1,F2,160,0.5369266434840205,0.07194278707087454,0.24151687148631037,0.5833747309157146,0.5656565656565656,0.5081967213114754,0.5375,False
train_forward_oof,AAPL,has_original_news,0,F6,4,0.6666666666666666,0.3333333333333333,0.2587048015148473,0.6666666666666667,1.0,0.3333333333333333,0.75,False
train_forward_oof,AAPL,has_original_news,1,F6,379,0.5534343434343435,0.11036734730204796,0.24503630178367275,0.5646753246753247,0.6977777777777778,0.4090909090909091,0.6543535620052771,False
train_forward_oof,AAPL,has_usable_text,0,F6,4,0.6666666666666666,0.3333333333333333,0.2587048015148473,0.6666666666666667,1.0,0.3333333333333333,0.75,False
train_forward_oof,AAPL,has_usable_text,1,F6,379,0.5534343434343435,0.11036734730204796,0.24503630178367275,0.5646753246753247,0.6977777777777778,0.4090909090909091,0.6543535620052771,False
train_forward_oof,AAPL,has_qualified_event,0,F6,223,0.5599983595800525,0.12387790068129881,0.24593195275540092,0.5695538057742782,0.6929133858267716,0.4270833333333333,0.6412556053811659,False
train_forward_oof,AAPL,has_qualified_event,1,F6,160,0.5420599436992879,0.08723035660645236,0.24412970073510598,0.5575426395098526,0.7070707070707071,0.3770491803278688,0.675,False
train_forward_oof,AAPL,has_original_news,0,F1_temperature,4,0.6666666666666666,0.3333333333333333,0.2587048015148473,0.6666666666666667,1.0,0.3333333333333333,0.75,False
train_forward_oof,AAPL,has_original_news,1,F1_temperature,379,0.5026695526695527,0.005402626341600254,0.25489878378469494,0.5161038961038962,0.6222222222222222,0.38311688311688313,0.6200527704485488,False
train_forward_oof,AAPL,has_usable_text,0,F1_temperature,4,0.6666666666666666,0.3333333333333333,0.2587048015148473,0.6666666666666667,1.0,0.3333333333333333,0.75,False
train_forward_oof,AAPL,has_usable_text,1,F1_temperature,379,0.5026695526695527,0.005402626341600254,0.25489878378469494,0.5161038961038962,0.6222222222222222,0.38311688311688313,0.6200527704485488,False
train_forward_oof,AAPL,has_qualified_event,0,F1_temperature,223,0.5168143044619422,0.03436365392033389,0.25712755192232795,0.5299376640419947,0.6377952755905512,0.3958333333333333,0.6233183856502242,False
train_forward_oof,AAPL,has_qualified_event,1,F1_temperature,160,0.4833581718827621,-0.033283656234475906,0.2518875886361228,0.4911409173704256,0.6060606060606061,0.36065573770491804,0.61875,False
train_forward_oof,AAPL,has_original_news,0,F1_platt_shrunk,4,0.6666666666666666,0.3333333333333333,0.2587048015148473,0.6666666666666667,1.0,0.3333333333333333,0.75,False
train_forward_oof,AAPL,has_original_news,1,F1_platt_shrunk,379,0.5337950937950937,0.0758174325311309,0.25049457591803836,0.5295526695526696,0.7688888888888888,0.2987012987012987,0.741424802110818,False
train_forward_oof,AAPL,has_usable_text,0,F1_platt_shrunk,4,0.6666666666666666,0.3333333333333333,0.2587048015148473,0.6666666666666667,1.0,0.3333333333333333,0.75,False
train_forward_oof,AAPL,has_usable_text,1,F1_platt_shrunk,379,0.5337950937950937,0.0758174325311309,0.25049457591803836,0.5295526695526696,0.7688888888888888,0.2987012987012987,0.741424802110818,False
train_forward_oof,AAPL,has_qualified_event,0,F1_platt_shrunk,223,0.5812007874015748,0.17860657696829912,0.25128755680618003,0.5579068241469816,0.7874015748031497,0.375,0.7174887892376681,False
train_forward_oof,AAPL,has_qualified_event,1,F1_platt_shrunk,160,0.46390130816360325,-0.08397342780523287,0.2495946144451112,0.49412154330187114,0.7474747474747475,0.18032786885245902,0.775,False
train_forward_oof,AAPL,has_original_news,0,F1_calibrated,4,0.6666666666666666,0.3333333333333333,0.2587048015148473,0.6666666666666667,1.0,0.3333333333333333,0.75,False
train_forward_oof,AAPL,has_original_news,1,F1_calibrated,379,0.5026695526695527,0.005402626341600254,0.25628709658658233,0.5056854256854257,0.6222222222222222,0.38311688311688313,0.6200527704485488,False
train_forward_oof,AAPL,has_usable_text,0,F1_calibrated,4,0.6666666666666666,0.3333333333333333,0.2587048015148473,0.6666666666666667,1.0,0.3333333333333333,0.75,False
train_forward_oof,AAPL,has_usable_text,1,F1_calibrated,379,0.5026695526695527,0.005402626341600254,0.25628709658658233,0.5056854256854257,0.6222222222222222,0.38311688311688313,0.6200527704485488,False
train_forward_oof,AAPL,has_qualified_event,0,F1_calibrated,223,0.5168143044619422,0.03436365392033389,0.2571671912189196,0.5164041994750657,0.6377952755905512,0.3958333333333333,0.6233183856502242,False
train_forward_oof,AAPL,has_qualified_event,1,F1_calibrated,160,0.4833581718827621,-0.033283656234475906,0.2551209073159689,0.49196886901804937,0.6060606060606061,0.36065573770491804,0.61875,False
train_forward_oof,AAPL,has_original_news,0,F2_temperature,4,0.6666666666666666,0.3333333333333333,0.2587048015148473,0.6666666666666667,1.0,0.3333333333333333,0.75,False
train_forward_oof,AAPL,has_original_news,1,F2_temperature,379,0.5004329004329005,0.0008523291021112745,0.26154616659464214,0.5139105339105339,0.5333333333333333,0.4675324675324675,0.5329815303430079,False
train_forward_oof,AAPL,has_usable_text,0,F2_temperature,4,0.6666666666666666,0.3333333333333333,0.2587048015148473,0.6666666666666667,1.0,0.3333333333333333,0.75,False
train_forward_oof,AAPL,has_usable_text,1,F2_temperature,379,0.5004329004329005,0.0008523291021112745,0.26154616659464214,0.5139105339105339,0.5333333333333333,0.4675324675324675,0.5329815303430079,False
train_forward_oof,AAPL,has_qualified_event,0,F2_temperature,223,0.4746555118110236,-0.050310756509457086,0.2702354142375989,0.4664534120734908,0.5118110236220472,0.4375,0.5336322869955157,False
train_forward_oof,AAPL,has_qualified_event,1,F2_temperature,160,0.5369266434840205,0.07194278707087454,0.24936449356527626,0.5856929955290611,0.5656565656565656,0.5081967213114754,0.5375,False
train_forward_oof,AAPL,has_original_news,0,F2_platt_shrunk,4,0.6666666666666666,0.3333333333333333,0.2587048015148473,0.6666666666666667,1.0,0.3333333333333333,0.75,False
train_forward_oof,AAPL,has_original_news,1,F2_platt_shrunk,379,0.5033910533910534,0.009125260603184093,0.2538314942039197,0.5307936507936508,0.8444444444444444,0.16233766233766234,0.841688654353562,False
train_forward_oof,AAPL,has_usable_text,0,F2_platt_shrunk,4,0.6666666666666666,0.3333333333333333,0.2587048015148473,0.6666666666666667,1.0,0.3333333333333333,0.75,False
train_forward_oof,AAPL,has_usable_text,1,F2_platt_shrunk,379,0.5033910533910534,0.009125260603184093,0.2538314942039197,0.5307936507936508,0.8444444444444444,0.16233766233766234,0.841688654353562,False
train_forward_oof,AAPL,has_qualified_event,0,F2_platt_shrunk,223,0.49926181102362205,-0.0018696964156976674,0.2642199505192662,0.4941765091863517,0.8110236220472441,0.1875,0.8116591928251121,False
train_forward_oof,AAPL,has_qualified_event,1,F2_platt_shrunk,160,0.5100182149362477,0.03008267824904047,0.23947441589717872,0.5807252856433185,0.8888888888888888,0.13114754098360656,0.88125,False
train_forward_oof,AAPL,has_original_news,0,F2_calibrated,4,0.6666666666666666,0.3333333333333333,0.2587048015148473,0.6666666666666667,1.0,0.3333333333333333,0.75,False
train_forward_oof,AAPL,has_original_news,1,F2_calibrated,379,0.5004329004329005,0.0008523291021112745,0.26335166929509096,0.4801154401154401,0.5333333333333333,0.4675324675324675,0.5329815303430079,False
train_forward_oof,AAPL,has_usable_text,0,F2_calibrated,4,0.6666666666666666,0.3333333333333333,0.2587048015148473,0.6666666666666667,1.0,0.3333333333333333,0.75,False
train_forward_oof,AAPL,has_usable_text,1,F2_calibrated,379,0.5004329004329005,0.0008523291021112745,0.26335166929509096,0.4801154401154401,0.5333333333333333,0.4675324675324675,0.5329815303430079,False
train_forward_oof,AAPL,has_qualified_event,0,F2_calibrated,223,0.4746555118110236,-0.050310756509457086,0.2706806632575698,0.45250984251968507,0.5118110236220472,0.4375,0.5336322869955157,False
train_forward_oof,AAPL,has_qualified_event,1,F2_calibrated,160,0.5369266434840205,0.07194278707087454,0.25302071226538,0.5292266931611195,0.5656565656565656,0.5081967213114754,0.5375,False
train_forward_oof,AAPL,has_original_news,0,J0,4,0.6666666666666666,0.3333333333333333,0.2587048015148473,0.6666666666666667,1.0,0.3333333333333333,0.75,False
train_forward_oof,AAPL,has_original_news,1,J0,379,0.5026695526695527,0.005402626341600254,0.25926653151355117,0.5131024531024532,0.6222222222222222,0.38311688311688313,0.6200527704485488,False
train_forward_oof,AAPL,has_usable_text,0,J0,4,0.6666666666666666,0.3333333333333333,0.2587048015148473,0.6666666666666667,1.0,0.3333333333333333,0.75,False
train_forward_oof,AAPL,has_usable_text,1,J0,379,0.5026695526695527,0.005402626341600254,0.25926653151355117,0.5131024531024532,0.6222222222222222,0.38311688311688313,0.6200527704485488,False
train_forward_oof,AAPL,has_qualified_event,0,J0,223,0.5168143044619422,0.03436365392033389,0.25682123986330424,0.536745406824147,0.6377952755905512,0.3958333333333333,0.6233183856502242,False
train_forward_oof,AAPL,has_qualified_event,1,J0,160,0.4833581718827621,-0.033283656234475906,0.26266061350111525,0.48302699122371257,0.6060606060606061,0.36065573770491804,0.61875,False
train_forward_oof,AAPL,has_original_news,0,J1,4,0.6666666666666666,0.3333333333333333,0.2587048015148473,0.6666666666666667,1.0,0.3333333333333333,0.75,False
train_forward_oof,AAPL,has_original_news,1,J1,379,0.5368398268398269,0.07284560034499676,0.2773201509523006,0.5120923520923522,0.5866666666666667,0.487012987012987,0.5567282321899736,False
train_forward_oof,AAPL,has_usable_text,0,J1,4,0.6666666666666666,0.3333333333333333,0.2587048015148473,0.6666666666666667,1.0,0.3333333333333333,0.75,False
train_forward_oof,AAPL,has_usable_text,1,J1,379,0.5368398268398269,0.07284560034499676,0.2773201509523006,0.5120923520923522,0.5866666666666667,0.487012987012987,0.5567282321899736,False
train_forward_oof,AAPL,has_qualified_event,0,J1,223,0.5570866141732284,0.11403301801682487,0.27308785394216173,0.5330544619422573,0.6141732283464567,0.5,0.5650224215246636,False
train_forward_oof,AAPL,has_qualified_event,1,J1,160,0.5072859744990893,0.014226319992543996,0.2827535311742454,0.4851796655075344,0.5555555555555556,0.45901639344262296,0.55,False
train_forward_oof,AAPL,has_original_news,0,J2,4,0.6666666666666666,0.3333333333333333,0.2587048015148473,0.6666666666666667,1.0,0.3333333333333333,0.75,False
train_forward_oof,AAPL,has_original_news,1,J2,379,0.5004329004329005,0.0008523291021112745,0.2602047328634746,0.5187012987012987,0.5333333333333333,0.4675324675324675,0.5329815303430079,False
train_forward_oof,AAPL,has_usable_text,0,J2,4,0.6666666666666666,0.3333333333333333,0.2587048015148473,0.6666666666666667,1.0,0.3333333333333333,0.75,False
train_forward_oof,AAPL,has_usable_text,1,J2,379,0.5004329004329005,0.0008523291021112745,0.2602047328634746,0.5187012987012987,0.5333333333333333,0.4675324675324675,0.5329815303430079,False
train_forward_oof,AAPL,has_qualified_event,0,J2,223,0.4746555118110236,-0.050310756509457086,0.2735861592982359,0.4751476377952756,0.5118110236220472,0.4375,0.5336322869955157,False
train_forward_oof,AAPL,has_qualified_event,1,J2,160,0.5369266434840205,0.07194278707087454,0.24151687148631035,0.5833747309157146,0.5656565656565656,0.5081967213114754,0.5375,False
train_forward_oof,AAPL,has_original_news,0,J3,4,0.6666666666666666,0.3333333333333333,0.2587048015148473,0.6666666666666667,1.0,0.3333333333333333,0.75,False
train_forward_oof,AAPL,has_original_news,1,J3,379,0.5342712842712842,0.06743268944530408,0.2721929289168003,0.506897546897547,0.5555555555555556,0.512987012987013,0.5277044854881267,False
train_forward_oof,AAPL,has_usable_text,0,J3,4,0.6666666666666666,0.3333333333333333,0.2587048015148473,0.6666666666666667,1.0,0.3333333333333333,0.75,False
train_forward_oof,AAPL,has_usable_text,1,J3,379,0.5342712842712842,0.06743268944530408,0.2721929289168003,0.506897546897547,0.5555555555555556,0.512987012987013,0.5277044854881267,False
train_forward_oof,AAPL,has_qualified_event,0,J3,223,0.4929461942257217,-0.014002346471887733,0.2851937538941481,0.4656332020997376,0.5275590551181102,0.4583333333333333,0.5336322869955157,False
train_forward_oof,AAPL,has_qualified_event,1,J3,160,0.5930617651929126,0.18102450027069883,0.25373582591957317,0.5716178175194568,0.5959595959595959,0.5901639344262295,0.525,False
train_forward_oof,AAPL,has_original_news,0,N0M,4,0.6666666666666666,0.3333333333333333,0.2587048015148473,0.6666666666666667,1.0,0.3333333333333333,0.75,False
train_forward_oof,AAPL,has_original_news,1,N0M,379,0.4929148629148629,-0.0139724708067586,0.288019333497486,0.4916305916305916,0.5377777777777778,0.44805194805194803,0.5435356200527705,False
train_forward_oof,AAPL,has_usable_text,0,N0M,4,0.6666666666666666,0.3333333333333333,0.2587048015148473,0.6666666666666667,1.0,0.3333333333333333,0.75,False
train_forward_oof,AAPL,has_usable_text,1,N0M,379,0.4929148629148629,-0.0139724708067586,0.288019333497486,0.4916305916305916,0.5377777777777778,0.44805194805194803,0.5435356200527705,False
train_forward_oof,AAPL,has_qualified_event,0,N0M,223,0.4590305118110236,-0.0815055925289931,0.3009763453467188,0.44512795275590555,0.5118110236220472,0.40625,0.547085201793722,False
train_forward_oof,AAPL,has_qualified_event,1,N0M,160,0.5419771485345256,0.08186615401208311,0.2692276349330519,0.5585361814870011,0.5757575757575758,0.5081967213114754,0.54375,False
train_forward_oof,AAPL,has_original_news,0,N1,4,0.6666666666666666,0.3333333333333333,0.2587048015148473,0.6666666666666667,1.0,0.3333333333333333,0.75,False
train_forward_oof,AAPL,has_original_news,1,N1,379,0.5050505050505051,0.00997513589905999,0.26171294035638226,0.504011544011544,0.5555555555555556,0.45454545454545453,0.5514511873350924,False
train_forward_oof,AAPL,has_usable_text,0,N1,4,0.6666666666666666,0.3333333333333333,0.2587048015148473,0.6666666666666667,1.0,0.3333333333333333,0.75,False
train_forward_oof,AAPL,has_usable_text,1,N1,379,0.5050505050505051,0.00997513589905999,0.26171294035638226,0.504011544011544,0.5555555555555556,0.45454545454545453,0.5514511873350924,False
train_forward_oof,AAPL,has_qualified_event,0,N1,223,0.4655101706036745,-0.06846496152824176,0.2716535648315489,0.4619422572178478,0.5039370078740157,0.4270833333333333,0.5336322869955157,False
train_forward_oof,AAPL,has_qualified_event,1,N1,160,0.5590329524755755,0.11623264999456287,0.24778299152308042,0.5644974333498923,0.6262626262626263,0.4918032786885246,0.58125,False
train_forward_oof,AAPL,has_original_news,0,N1M,4,0.6666666666666666,0.3333333333333333,0.2587048015148473,0.6666666666666667,1.0,0.3333333333333333,0.75,False
train_forward_oof,AAPL,has_original_news,1,N1M,379,0.4929148629148629,-0.0139724708067586,0.2662649969516521,0.49688311688311687,0.5377777777777778,0.44805194805194803,0.5435356200527705,False
train_forward_oof,AAPL,has_usable_text,0,N1M,4,0.6666666666666666,0.3333333333333333,0.2587048015148473,0.6666666666666667,1.0,0.3333333333333333,0.75,False
train_forward_oof,AAPL,has_usable_text,1,N1M,379,0.4929148629148629,-0.0139724708067586,0.2662649969516521,0.49688311688311687,0.5377777777777778,0.44805194805194803,0.5435356200527705,False
train_forward_oof,AAPL,has_qualified_event,0,N1M,223,0.4393454724409449,-0.12027762210648661,0.2804540873963886,0.44570209973753283,0.47244094488188976,0.40625,0.5246636771300448,False
train_forward_oof,AAPL,has_qualified_event,1,N1M,160,0.5672296737870508,0.13210679134957232,0.24629994725838059,0.5754263950985262,0.6262626262626263,0.5081967213114754,0.575,False
train_forward_oof,AAPL,has_original_news,0,N0,4,0.6666666666666666,0.3333333333333333,0.2587048015148473,0.6666666666666667,1.0,0.3333333333333333,0.75,False
train_forward_oof,AAPL,has_original_news,1,N0,379,0.5004329004329005,0.0008523291021112745,0.2602047328634746,0.5187012987012987,0.5333333333333333,0.4675324675324675,0.5329815303430079,False
train_forward_oof,AAPL,has_usable_text,0,N0,4,0.6666666666666666,0.3333333333333333,0.2587048015148473,0.6666666666666667,1.0,0.3333333333333333,0.75,False
train_forward_oof,AAPL,has_usable_text,1,N0,379,0.5004329004329005,0.0008523291021112745,0.2602047328634746,0.5187012987012987,0.5333333333333333,0.4675324675324675,0.5329815303430079,False
train_forward_oof,AAPL,has_qualified_event,0,N0,223,0.4746555118110236,-0.050310756509457086,0.2735861592982359,0.4751476377952756,0.5118110236220472,0.4375,0.5336322869955157,False
train_forward_oof,AAPL,has_qualified_event,1,N0,160,0.5369266434840205,0.07194278707087454,0.24151687148631035,0.5833747309157146,0.5656565656565656,0.5081967213114754,0.5375,False
train_forward_oof,AMZN,has_original_news,0,F0,184,0.571150097465887,0.15750225190539477,0.24499033244624976,0.5841861598440545,0.7870370370370371,0.35526315789473684,0.7282608695652174,False
train_forward_oof,AMZN,has_original_news,1,F0,198,0.45855901890648954,-0.08455774894392962,0.2697790920953221,0.4550843127235565,0.5578947368421052,0.3592233009708738,0.601010101010101,False
train_forward_oof,AMZN,has_usable_text,0,F0,184,0.571150097465887,0.15750225190539477,0.24499033244624976,0.5841861598440545,0.7870370370370371,0.35526315789473684,0.7282608695652174,False
train_forward_oof,AMZN,has_usable_text,1,F0,198,0.45855901890648954,-0.08455774894392962,0.2697790920953221,0.4550843127235565,0.5578947368421052,0.3592233009708738,0.601010101010101,False
train_forward_oof,AMZN,has_qualified_event,0,F0,372,0.5157982019725932,0.033541603569040956,0.25832409465659756,0.5156672776468535,0.6865671641791045,0.34502923976608185,0.6720430107526881,False
train_forward_oof,AMZN,has_qualified_event,1,F0,10,0.3125,-0.3273268353539886,0.23979181927294185,0.625,0.0,0.625,0.3,False
train_forward_oof,AMZN,has_original_news,0,R1,184,0.571150097465887,0.15750225190539477,0.24499033244624976,0.5841861598440545,0.7870370370370371,0.35526315789473684,0.7282608695652174,False
train_forward_oof,AMZN,has_original_news,1,R1,198,0.46300459887583034,-0.07504508094802169,0.26657115015641863,0.4362800204394481,0.5473684210526316,0.3786407766990291,0.5858585858585859,False
train_forward_oof,AMZN,has_usable_text,0,R1,184,0.571150097465887,0.15750225190539477,0.24499033244624976,0.5841861598440545,0.7870370370370371,0.35526315789473684,0.7282608695652174,False
train_forward_oof,AMZN,has_usable_text,1,R1,198,0.46300459887583034,-0.07504508094802169,0.26657115015641863,0.4362800204394481,0.5473684210526316,0.3786407766990291,0.5858585858585859,False
train_forward_oof,AMZN,has_qualified_event,0,R1,372,0.5220825696080998,0.04650748573638069,0.2558761649705449,0.5150562974600681,0.681592039800995,0.36257309941520466,0.6612903225806451,False
train_forward_oof,AMZN,has_qualified_event,1,R1,10,0.25,-0.4082482904638631,0.26733755320381647,0.375,0.0,0.5,0.4,False
train_forward_oof,AMZN,has_original_news,0,F1,184,0.571150097465887,0.15750225190539477,0.24499033244624976,0.5841861598440545,0.7870370370370371,0.35526315789473684,0.7282608695652174,False
train_forward_oof,AMZN,has_original_news,1,F1,198,0.44951456310679616,-0.11610760578770377,0.27502377805406053,0.4126724578436382,0.2,0.6990291262135923,0.25252525252525254,False
train_forward_oof,AMZN,has_usable_text,0,F1,184,0.571150097465887,0.15750225190539477,0.24499033244624976,0.5841861598440545,0.7870370370370371,0.35526315789473684,0.7282608695652174,False
train_forward_oof,AMZN,has_usable_text,1,F1,198,0.44951456310679616,-0.11610760578770377,0.27502377805406053,0.4126724578436382,0.2,0.6990291262135923,0.25252525252525254,False
train_forward_oof,AMZN,has_qualified_event,0,F1,372,0.5247883390067207,0.049418057501586635,0.26294521568190726,0.5089464955922144,0.5174129353233831,0.5321637426900585,0.4946236559139785,False
train_forward_oof,AMZN,has_qualified_event,1,F1,10,0.5,0.0,0.1717308991144415,0.8125,0.0,1.0,0.0,True
train_forward_oof,AMZN,has_original_news,0,F2,184,0.571150097465887,0.15750225190539477,0.24499033244624976,0.5841861598440545,0.7870370370370371,0.35526315789473684,0.7282608695652174,False
train_forward_oof,AMZN,has_original_news,1,F2,198,0.3800204394481349,-0.24036477959861086,0.30260520483692077,0.3711803781297905,0.4105263157894737,0.34951456310679613,0.5353535353535354,False
train_forward_oof,AMZN,has_usable_text,0,F2,184,0.571150097465887,0.15750225190539477,0.24499033244624976,0.5841861598440545,0.7870370370370371,0.35526315789473684,0.7282608695652174,False
train_forward_oof,AMZN,has_usable_text,1,F2,198,0.3800204394481349,-0.24036477959861086,0.30260520483692077,0.3711803781297905,0.4105263157894737,0.34951456310679613,0.5353535353535354,False
train_forward_oof,AMZN,has_qualified_event,0,F2,372,0.47512437810945274,-0.05164867074346665,0.2768761574696743,0.45203805533734837,0.6169154228855721,0.3333333333333333,0.6397849462365591,False
train_forward_oof,AMZN,has_qualified_event,1,F2,10,0.375,-0.25,0.1996121149101425,0.625,0.0,0.75,0.2,False
train_forward_oof,AMZN,has_original_news,0,F6,184,0.571150097465887,0.15750225190539477,0.24499033244624976,0.5841861598440545,0.7870370370370371,0.35526315789473684,0.7282608695652174,False
train_forward_oof,AMZN,has_original_news,1,F6,198,0.5261624936126724,0.054680885783056854,0.25859134955892027,0.4650996423096576,0.6736842105263158,0.3786407766990291,0.6464646464646465,False
train_forward_oof,AMZN,has_usable_text,0,F6,184,0.571150097465887,0.15750225190539477,0.24499033244624976,0.5841861598440545,0.7870370370370371,0.35526315789473684,0.7282608695652174,False
train_forward_oof,AMZN,has_usable_text,1,F6,198,0.5261624936126724,0.054680885783056854,0.25859134955892027,0.4650996423096576,0.6736842105263158,0.3786407766990291,0.6464646464646465,False
train_forward_oof,AMZN,has_qualified_event,0,F6,372,0.5460853626603823,0.10013672963907128,0.252134243566664,0.529574350469873,0.7412935323383084,0.3508771929824561,0.6989247311827957,False
train_forward_oof,AMZN,has_qualified_event,1,F6,10,0.375,-0.25,0.24853697759771526,0.3125,0.0,0.75,0.2,False
train_forward_oof,AMZN,has_original_news,0,F1_temperature,184,0.571150097465887,0.15750225190539477,0.24499033244624976,0.5841861598440545,0.7870370370370371,0.35526315789473684,0.7282608695652174,False
train_forward_oof,AMZN,has_original_news,1,F1_temperature,198,0.44951456310679616,-0.11610760578770377,0.2655036900101197,0.4183955033214103,0.2,0.6990291262135923,0.25252525252525254,False
train_forward_oof,AMZN,has_usable_text,0,F1_temperature,184,0.571150097465887,0.15750225190539477,0.24499033244624976,0.5841861598440545,0.7870370370370371,0.35526315789473684,0.7282608695652174,False
train_forward_oof,AMZN,has_usable_text,1,F1_temperature,198,0.44951456310679616,-0.11610760578770377,0.2655036900101197,0.4183955033214103,0.2,0.6990291262135923,0.25252525252525254,False
train_forward_oof,AMZN,has_qualified_event,0,F1_temperature,372,0.5247883390067207,0.049418057501586635,0.2571858073068829,0.5218643623985336,0.5174129353233831,0.5321637426900585,0.4946236559139785,False
train_forward_oof,AMZN,has_qualified_event,1,F1_temperature,10,0.5,0.0,0.19748314739532202,0.9375,0.0,1.0,0.0,True
train_forward_oof,AMZN,has_original_news,0,F1_platt_shrunk,184,0.571150097465887,0.15750225190539477,0.24499033244624976,0.5841861598440545,0.7870370370370371,0.35526315789473684,0.7282608695652174,False
train_forward_oof,AMZN,has_original_news,1,F1_platt_shrunk,198,0.41389882473173223,-0.1993555432027888,0.27012508485902464,0.3841594276954522,0.15789473684210525,0.6699029126213593,0.2474747474747475,False
train_forward_oof,AMZN,has_usable_text,0,F1_platt_shrunk,184,0.571150097465887,0.15750225190539477,0.24499033244624976,0.5841861598440545,0.7870370370370371,0.35526315789473684,0.7282608695652174,False
train_forward_oof,AMZN,has_usable_text,1,F1_platt_shrunk,198,0.41389882473173223,-0.1993555432027888,0.27012508485902464,0.3841594276954522,0.15789473684210525,0.6699029126213593,0.2474747474747475,False
train_forward_oof,AMZN,has_qualified_event,0,F1_platt_shrunk,372,0.5060661604259404,0.012094377613210897,0.25955275294093116,0.5060952547205493,0.4975124378109453,0.5146198830409356,0.49193548387096775,False
train_forward_oof,AMZN,has_qualified_event,1,F1_platt_shrunk,10,0.5,0.0,0.200936387817045,0.4375,0.0,1.0,0.0,True
train_forward_oof,AMZN,has_original_news,0,F1_calibrated,184,0.571150097465887,0.15750225190539477,0.24499033244624976,0.5841861598440545,0.7870370370370371,0.35526315789473684,0.7282608695652174,False
train_forward_oof,AMZN,has_original_news,1,F1_calibrated,198,0.44951456310679616,-0.11610760578770377,0.2655036900101197,0.4183955033214103,0.2,0.6990291262135923,0.25252525252525254,False
train_forward_oof,AMZN,has_usable_text,0,F1_calibrated,184,0.571150097465887,0.15750225190539477,0.24499033244624976,0.5841861598440545,0.7870370370370371,0.35526315789473684,0.7282608695652174,False
train_forward_oof,AMZN,has_usable_text,1,F1_calibrated,198,0.44951456310679616,-0.11610760578770377,0.2655036900101197,0.4183955033214103,0.2,0.6990291262135923,0.25252525252525254,False
train_forward_oof,AMZN,has_qualified_event,0,F1_calibrated,372,0.5247883390067207,0.049418057501586635,0.2571858073068829,0.5218643623985336,0.5174129353233831,0.5321637426900585,0.4946236559139785,False
train_forward_oof,AMZN,has_qualified_event,1,F1_calibrated,10,0.5,0.0,0.19748314739532202,0.9375,0.0,1.0,0.0,True
train_forward_oof,AMZN,has_original_news,0,F2_temperature,184,0.571150097465887,0.15750225190539477,0.24499033244624976,0.5841861598440545,0.7870370370370371,0.35526315789473684,0.7282608695652174,False
train_forward_oof,AMZN,has_original_news,1,F2_temperature,198,0.3800204394481349,-0.24036477959861086,0.2806810935178343,0.371895758814512,0.4105263157894737,0.34951456310679613,0.5353535353535354,False
train_forward_oof,AMZN,has_usable_text,0,F2_temperature,184,0.571150097465887,0.15750225190539477,0.24499033244624976,0.5841861598440545,0.7870370370370371,0.35526315789473684,0.7282608695652174,False
train_forward_oof,AMZN,has_usable_text,1,F2_temperature,198,0.3800204394481349,-0.24036477959861086,0.2806810935178343,0.371895758814512,0.4105263157894737,0.34951456310679613,0.5353535353535354,False
train_forward_oof,AMZN,has_qualified_event,0,F2_temperature,372,0.47512437810945274,-0.05164867074346665,0.2640085307962928,0.49754153210555413,0.6169154228855721,0.3333333333333333,0.6397849462365591,False
train_forward_oof,AMZN,has_qualified_event,1,F2_temperature,10,0.375,-0.25,0.2441904230420254,0.6875,0.0,0.75,0.2,False
train_forward_oof,AMZN,has_original_news,0,F2_platt_shrunk,184,0.571150097465887,0.15750225190539477,0.24499033244624976,0.5841861598440545,0.7870370370370371,0.35526315789473684,0.7282608695652174,False
train_forward_oof,AMZN,has_original_news,1,F2_platt_shrunk,198,0.40137966274910575,-0.21247683816969903,0.2839983452006999,0.35942769545222275,0.21052631578947367,0.5922330097087378,0.31313131313131315,False
train_forward_oof,AMZN,has_usable_text,0,F2_platt_shrunk,184,0.571150097465887,0.15750225190539477,0.24499033244624976,0.5841861598440545,0.7870370370370371,0.35526315789473684,0.7282608695652174,False
train_forward_oof,AMZN,has_usable_text,1,F2_platt_shrunk,198,0.40137966274910575,-0.21247683816969903,0.2839983452006999,0.35942769545222275,0.21052631578947367,0.5922330097087378,0.31313131313131315,False
train_forward_oof,AMZN,has_qualified_event,0,F2_platt_shrunk,372,0.5097320415466526,0.01940769966297221,0.2655847931221449,0.49271187920048887,0.5223880597014925,0.49707602339181284,0.5134408602150538,False
train_forward_oof,AMZN,has_qualified_event,1,F2_platt_shrunk,10,0.1875,-0.5,0.2512350478410626,0.1875,0.0,0.375,0.5,False
train_forward_oof,AMZN,has_original_news,0,F2_calibrated,184,0.571150097465887,0.15750225190539477,0.24499033244624976,0.5841861598440545,0.7870370370370371,0.35526315789473684,0.7282608695652174,False
train_forward_oof,AMZN,has_original_news,1,F2_calibrated,198,0.3800204394481349,-0.24036477959861086,0.2983181453806066,0.3291773122125702,0.4105263157894737,0.34951456310679613,0.5353535353535354,False
train_forward_oof,AMZN,has_usable_text,0,F2_calibrated,184,0.571150097465887,0.15750225190539477,0.24499033244624976,0.5841861598440545,0.7870370370370371,0.35526315789473684,0.7282608695652174,False
train_forward_oof,AMZN,has_usable_text,1,F2_calibrated,198,0.3800204394481349,-0.24036477959861086,0.2983181453806066,0.3291773122125702,0.4105263157894737,0.34951456310679613,0.5353535353535354,False
train_forward_oof,AMZN,has_qualified_event,0,F2_calibrated,372,0.47512437810945274,-0.05164867074346665,0.2733627373083822,0.4585260830351169,0.6169154228855721,0.3333333333333333,0.6397849462365591,False
train_forward_oof,AMZN,has_qualified_event,1,F2_calibrated,10,0.375,-0.25,0.24542756767518936,0.3125,0.0,0.75,0.2,False
train_forward_oof,AMZN,has_original_news,0,J0,184,0.571150097465887,0.15750225190539477,0.24499033244624976,0.5841861598440545,0.7870370370370371,0.35526315789473684,0.7282608695652174,False
train_forward_oof,AMZN,has_original_news,1,J0,198,0.44951456310679616,-0.11610760578770377,0.2750237780540605,0.4126724578436382,0.2,0.6990291262135923,0.25252525252525254,False
train_forward_oof,AMZN,has_usable_text,0,J0,184,0.571150097465887,0.15750225190539477,0.24499033244624976,0.5841861598440545,0.7870370370370371,0.35526315789473684,0.7282608695652174,False
train_forward_oof,AMZN,has_usable_text,1,J0,198,0.44951456310679616,-0.11610760578770377,0.2750237780540605,0.4126724578436382,0.2,0.6990291262135923,0.25252525252525254,False
train_forward_oof,AMZN,has_qualified_event,0,J0,372,0.5247883390067207,0.049418057501586635,0.26294521568190726,0.5089464955922144,0.5174129353233831,0.5321637426900585,0.4946236559139785,False
train_forward_oof,AMZN,has_qualified_event,1,J0,10,0.5,0.0,0.1717308991144415,0.8125,0.0,1.0,0.0,True
train_forward_oof,AMZN,has_original_news,0,J1,184,0.571150097465887,0.15750225190539477,0.24499033244624976,0.5841861598440545,0.7870370370370371,0.35526315789473684,0.7282608695652174,False
train_forward_oof,AMZN,has_original_news,1,J1,198,0.40337250894225857,-0.2269204892411022,0.2733564561812442,0.41011752682677566,0.1368421052631579,0.6699029126213593,0.23737373737373738,False
train_forward_oof,AMZN,has_usable_text,0,J1,184,0.571150097465887,0.15750225190539477,0.24499033244624976,0.5841861598440545,0.7870370370370371,0.35526315789473684,0.7282608695652174,False
train_forward_oof,AMZN,has_usable_text,1,J1,198,0.40337250894225857,-0.2269204892411022,0.2733564561812442,0.41011752682677566,0.1368421052631579,0.6699029126213593,0.23737373737373738,False
train_forward_oof,AMZN,has_qualified_event,0,J1,372,0.501091036047831,0.0021757510832928484,0.26206169299038795,0.5017311105292253,0.48756218905472637,0.5146198830409356,0.48655913978494625,False
train_forward_oof,AMZN,has_qualified_event,1,J1,10,0.5,0.0,0.17158497015719787,0.8125,0.0,1.0,0.0,True
train_forward_oof,AMZN,has_original_news,0,J2,184,0.571150097465887,0.15750225190539477,0.24499033244624976,0.5841861598440545,0.7870370370370371,0.35526315789473684,0.7282608695652174,False
train_forward_oof,AMZN,has_original_news,1,J2,198,0.3800204394481349,-0.24036477959861086,0.30260520483692077,0.3711803781297905,0.4105263157894737,0.34951456310679613,0.5353535353535354,False
train_forward_oof,AMZN,has_usable_text,0,J2,184,0.571150097465887,0.15750225190539477,0.24499033244624976,0.5841861598440545,0.7870370370370371,0.35526315789473684,0.7282608695652174,False
train_forward_oof,AMZN,has_usable_text,1,J2,198,0.3800204394481349,-0.24036477959861086,0.30260520483692077,0.3711803781297905,0.4105263157894737,0.34951456310679613,0.5353535353535354,False
train_forward_oof,AMZN,has_qualified_event,0,J2,372,0.47512437810945274,-0.05164867074346665,0.2768761574696743,0.45203805533734837,0.6169154228855721,0.3333333333333333,0.6397849462365591,False
train_forward_oof,AMZN,has_qualified_event,1,J2,10,0.375,-0.25,0.19961211491014247,0.625,0.0,0.75,0.2,False
train_forward_oof,AMZN,has_original_news,0,J3,184,0.571150097465887,0.15750225190539477,0.24499033244624976,0.5841861598440545,0.7870370370370371,0.35526315789473684,0.7282608695652174,False
train_forward_oof,AMZN,has_original_news,1,J3,198,0.3913643331630046,-0.2189901636997161,0.3483822686454549,0.39540112416964746,0.45263157894736844,0.3300970873786408,0.5656565656565656,False
train_forward_oof,AMZN,has_usable_text,0,J3,184,0.571150097465887,0.15750225190539477,0.24499033244624976,0.5841861598440545,0.7870370370370371,0.35526315789473684,0.7282608695652174,False
train_forward_oof,AMZN,has_usable_text,1,J3,198,0.3913643331630046,-0.2189901636997161,0.3483822686454549,0.39540112416964746,0.45263157894736844,0.3300970873786408,0.5656565656565656,False
train_forward_oof,AMZN,has_qualified_event,0,J3,372,0.4821506502574845,-0.03738096312805567,0.30014838967003227,0.45462744755753404,0.6368159203980099,0.32748538011695905,0.6532258064516129,False
train_forward_oof,AMZN,has_qualified_event,1,J3,10,0.3125,-0.3273268353539886,0.24027094046580158,0.375,0.0,0.625,0.3,False
train_forward_oof,AMZN,has_original_news,0,N0M,184,0.571150097465887,0.15750225190539477,0.24499033244624976,0.5841861598440545,0.7870370370370371,0.35526315789473684,0.7282608695652174,False
train_forward_oof,AMZN,has_original_news,1,N0M,198,0.38972917731221257,-0.2206431397592043,0.30280217197666776,0.40408788962698006,0.4105263157894737,0.36893203883495146,0.5252525252525253,False
train_forward_oof,AMZN,has_usable_text,0,N0M,184,0.571150097465887,0.15750225190539477,0.24499033244624976,0.5841861598440545,0.7870370370370371,0.35526315789473684,0.7282608695652174,False
train_forward_oof,AMZN,has_usable_text,1,N0M,198,0.38972917731221257,-0.2206431397592043,0.30280217197666776,0.40408788962698006,0.4105263157894737,0.36893203883495146,0.5252525252525253,False
train_forward_oof,AMZN,has_qualified_event,0,N0M,372,0.4814087457449594,-0.03836076841089815,0.27574964364393634,0.4756917168543248,0.6119402985074627,0.3508771929824561,0.6290322580645161,False
train_forward_oof,AMZN,has_qualified_event,1,N0M,10,0.5625,0.10206207261596577,0.2454183785945848,0.5,0.5,0.625,0.4,False
train_forward_oof,AMZN,has_original_news,0,N1,184,0.571150097465887,0.15750225190539477,0.24499033244624976,0.5841861598440545,0.7870370370370371,0.35526315789473684,0.7282608695652174,False
train_forward_oof,AMZN,has_original_news,1,N1,198,0.371895758814512,-0.2568392150493898,0.29509815581516297,0.3621870209504343,0.3263157894736842,0.4174757281553398,0.4595959595959596,False
train_forward_oof,AMZN,has_usable_text,0,N1,184,0.571150097465887,0.15750225190539477,0.24499033244624976,0.5841861598440545,0.7870370370370371,0.35526315789473684,0.7282608695652174,False
train_forward_oof,AMZN,has_usable_text,1,N1,198,0.371895758814512,-0.2568392150493898,0.29509815581516297,0.3621870209504343,0.3263157894736842,0.4174757281553398,0.4595959595959596,False
train_forward_oof,AMZN,has_qualified_event,0,N1,372,0.4756917168543249,-0.049446413943103444,0.27283046920350496,0.4671961828285474,0.5771144278606966,0.3742690058479532,0.5994623655913979,False
train_forward_oof,AMZN,has_qualified_event,1,N1,10,0.375,-0.25,0.20147214778083794,0.625,0.0,0.75,0.2,False
train_forward_oof,AMZN,has_original_news,0,N1M,184,0.571150097465887,0.15750225190539477,0.24499033244624976,0.5841861598440545,0.7870370370370371,0.35526315789473684,0.7282608695652174,False
train_forward_oof,AMZN,has_original_news,1,N1M,198,0.3767501277465508,-0.24732257300614208,0.2971348419703308,0.36382217680122636,0.3263157894736842,0.42718446601941745,0.45454545454545453,False
train_forward_oof,AMZN,has_usable_text,0,N1M,184,0.571150097465887,0.15750225190539477,0.24499033244624976,0.5841861598440545,0.7870370370370371,0.35526315789473684,0.7282608695652174,False
train_forward_oof,AMZN,has_usable_text,1,N1M,198,0.3767501277465508,-0.24732257300614208,0.2971348419703308,0.36382217680122636,0.3263157894736842,0.42718446601941745,0.45454545454545453,False
train_forward_oof,AMZN,has_qualified_event,0,N1M,372,0.48153967007069914,-0.0374697614084259,0.27270791716135573,0.4731314189287481,0.5771144278606966,0.38596491228070173,0.5940860215053764,False
train_forward_oof,AMZN,has_qualified_event,1,N1M,10,0.3125,-0.3273268353539886,0.24635746962111188,0.5,0.0,0.625,0.3,False
train_forward_oof,AMZN,has_original_news,0,N0,184,0.571150097465887,0.15750225190539477,0.24499033244624976,0.5841861598440545,0.7870370370370371,0.35526315789473684,0.7282608695652174,False
train_forward_oof,AMZN,has_original_news,1,N0,198,0.3800204394481349,-0.24036477959861086,0.30260520483692077,0.3711803781297905,0.4105263157894737,0.34951456310679613,0.5353535353535354,False
train_forward_oof,AMZN,has_usable_text,0,N0,184,0.571150097465887,0.15750225190539477,0.24499033244624976,0.5841861598440545,0.7870370370370371,0.35526315789473684,0.7282608695652174,False
train_forward_oof,AMZN,has_usable_text,1,N0,198,0.3800204394481349,-0.24036477959861086,0.30260520483692077,0.3711803781297905,0.4105263157894737,0.34951456310679613,0.5353535353535354,False
train_forward_oof,AMZN,has_qualified_event,0,N0,372,0.47512437810945274,-0.05164867074346665,0.2768761574696743,0.45203805533734837,0.6169154228855721,0.3333333333333333,0.6397849462365591,False
train_forward_oof,AMZN,has_qualified_event,1,N0,10,0.375,-0.25,0.19961211491014247,0.625,0.0,0.75,0.2,False
