CIK,resolved_ticker,matched_alias,matched_articles,title_matches,body_matches,exact_ticker_matches,direct_high_confidence_edges,multi_company_high_confidence_edges,training_high_confidence_edges,training_distinct_recorded_dates,publisher_count,native_tag_agreement_rate,top_publisher_hash,top_publisher_fraction,publisher_entropy,training_days_denominator,training_day_coverage,risk_flags,risk_flag_count
1464790,RILYZ,great american,2985,1975.0,1010.0,0.0,1975.0,441.0,346.0,63,11,0.0,e1b55322097c99d90f2ea68eb35a38d7fbe8b3869be487635454f376a5a36960,0.6482758620689655,1.1810525997590862,731,0.08618331053351573,NONE,0
1838987,SPWR,sunpower,12865,6442.0,6423.0,0.0,4893.0,4722.0,1851.0,430,67,0.3197046249514186,7a760386ea72c5ddae3e4604fdc5f7fa942ad00c5db2a3d8dffc6bcb5912ebdf,0.18193146417445483,2.710909648966123,1008,0.42658730158730157,SINGLE_TOKEN_SEMANTIC_RISK,1
47217,HPQ,hewlett packard,19393,5410.0,13983.0,0.0,3066.0,11057.0,1708.0,402,70,0.11313360490898777,215816bf42103f1f2b24c168779f1fb0ea3afcb7a2c627e42e0bcd7fe07eb70a,0.2687385740402194,2.8266228646338063,1008,0.39880952380952384,NONE,0
1116578,PUK,prudential,20780,11179.0,9601.0,0.0,7611.0,10026.0,2622.0,578,60,0.03397497593840231,7a760386ea72c5ddae3e4604fdc5f7fa942ad00c5db2a3d8dffc6bcb5912ebdf,0.24983692106979777,2.682147426694647,1008,0.5734126984126984,SINGLE_TOKEN_SEMANTIC_RISK,1
907254,BFS,saul centers,737,556.0,181.0,0.0,446.0,241.0,171.0,76,18,0.5033921302578019,7276994fe3b691a33351d3624d75910566c16617a432697d5d342172678d794d,0.33035714285714285,2.183697559411598,1008,0.07539682539682539,NONE,0
861884,RS,reliance,37709,9909.0,27800.0,0.0,11312.0,12521.0,3136.0,867,34,0.019544405844758545,7a760386ea72c5ddae3e4604fdc5f7fa942ad00c5db2a3d8dffc6bcb5912ebdf,0.3856332703213611,2.227865810934164,1008,0.8601190476190477,EDGE_COUNT_TOP_1_PERCENT|SINGLE_TOKEN_SEMANTIC_RISK,2
1439222,AGIO,agios pharmaceuticals,1779,846.0,933.0,0.0,685.0,738.0,442.0,126,24,0.4131534569983137,7276994fe3b691a33351d3624d75910566c16617a432697d5d342172678d794d,0.1992619926199262,2.560718671884542,1008,0.125,NONE,0
108312,WWD,woodward,3997,2297.0,1700.0,0.0,1943.0,1309.0,732.0,197,34,0.2957217913435076,7a760386ea72c5ddae3e4604fdc5f7fa942ad00c5db2a3d8dffc6bcb5912ebdf,0.2283464566929134,2.563732988108831,1008,0.19543650793650794,SINGLE_TOKEN_SEMANTIC_RISK,1
938323,PSO,pearson,7718,3070.0,4648.0,0.0,3692.0,1541.0,282.0,122,43,0.0800725576574242,7276994fe3b691a33351d3624d75910566c16617a432697d5d342172678d794d,0.28524590163934427,2.7084191841701775,1008,0.12103174603174603,SINGLE_TOKEN_SEMANTIC_RISK,1
1637459,KHC,kraft heinz,11805,2860.0,8945.0,0.0,2004.0,6401.0,3327.0,582,31,0.19932232105040237,b760b1294f1c1c3c7acaf7968447dba9b64ee4ce0b10d6aa81600f9526801e12,0.26436781609195403,2.4331302484132524,1008,0.5773809523809523,NONE,0
1119774,CGEN,compugen,1400,1109.0,291.0,0.0,884.0,433.0,270.0,84,23,0.315,1b425b87521ec0ab5e4c02aa6bbf44fa197505a03a1fa7f593d749168cc34d2f,0.25,2.4278440755342805,1008,0.08333333333333333,SINGLE_TOKEN_SEMANTIC_RISK,1
1374690,LRMR,zafgen,1488,1358.0,130.0,0.0,1184.0,278.0,452.0,71,26,0.0,7276994fe3b691a33351d3624d75910566c16617a432697d5d342172678d794d,0.3394683026584867,2.3573443986512093,1008,0.07043650793650794,SINGLE_TOKEN_SEMANTIC_RISK,1
1577552,BABA,BABA,143,0.0,0.0,143.0,48.0,95.0,12.0,6,3,0.3776223776223776,1b425b87521ec0ab5e4c02aa6bbf44fa197505a03a1fa7f593d749168cc34d2f,0.796875,0.5919104328777565,1008,0.005952380952380952,SINGLE_TOKEN_SEMANTIC_RISK,1
831001,C,C,270,0.0,0.0,270.0,42.0,228.0,78.0,35,4,0.08518518518518518,1b425b87521ec0ab5e4c02aa6bbf44fa197505a03a1fa7f593d749168cc34d2f,0.7647058823529411,0.8002288163312473,1008,0.034722222222222224,SINGLE_TOKEN_SEMANTIC_RISK,1
1384905,RNG,ringcentral,3224,2009.0,1215.0,0.0,1567.0,1013.0,1245.0,276,32,0.4435483870967742,7276994fe3b691a33351d3624d75910566c16617a432697d5d342172678d794d,0.15755627009646303,2.5637354865365842,1008,0.27380952380952384,SINGLE_TOKEN_SEMANTIC_RISK,1
1546417,BLMN,bloomin brands,2169,751.0,1418.0,0.0,415.0,1292.0,567.0,138,16,0.23651452282157676,b760b1294f1c1c3c7acaf7968447dba9b64ee4ce0b10d6aa81600f9526801e12,0.28888888888888886,2.2539651307115722,1008,0.13690476190476192,NONE,0
1333822,LEDS,semileds,883,661.0,222.0,0.0,624.0,180.0,253.0,50,26,0.5254813137032842,1b425b87521ec0ab5e4c02aa6bbf44fa197505a03a1fa7f593d749168cc34d2f,0.23931623931623933,2.516402626338485,1008,0.0496031746031746,SINGLE_TOKEN_SEMANTIC_RISK,1
1669779,CWH,camping world,2328,855.0,1473.0,0.0,679.0,1158.0,916.0,206,9,0.23926116838487974,7276994fe3b691a33351d3624d75910566c16617a432697d5d342172678d794d,0.3119266055045872,1.8785490598342809,1008,0.20436507936507936,NONE,0
1409171,TITN,titan machinery,2125,1510.0,615.0,0.0,1164.0,829.0,377.0,76,35,0.47247058823529414,7a760386ea72c5ddae3e4604fdc5f7fa942ad00c5db2a3d8dffc6bcb5912ebdf,0.17866666666666667,2.763293006731519,1008,0.07539682539682539,NONE,0
1177648,ENTA,enanta pharmaceuticals,1118,576.0,542.0,0.0,430.0,502.0,323.0,108,12,0.39713774597495527,7276994fe3b691a33351d3624d75910566c16617a432697d5d342172678d794d,0.23134328358208955,2.1163844657475774,1008,0.10714285714285714,NONE,0
314203,MUX,u s gold,3161,814.0,2347.0,0.0,986.0,426.0,306.0,165,6,0.0,7276994fe3b691a33351d3624d75910566c16617a432697d5d342172678d794d,0.53125,1.3974092295649063,1008,0.1636904761904762,NONE,0
1308648,AG,first majestic silver,2224,1015.0,1209.0,0.0,962.0,821.0,669.0,202,31,0.37859712230215825,7276994fe3b691a33351d3624d75910566c16617a432697d5d342172678d794d,0.31275720164609055,2.3443121161325875,1008,0.2003968253968254,NONE,0
800457,DGICA,donegal,1191,1012.0,179.0,0.0,859.0,308.0,321.0,71,19,0.2980688497061293,7276994fe3b691a33351d3624d75910566c16617a432697d5d342172678d794d,0.3212669683257919,2.0252930450331856,1008,0.07043650793650794,SINGLE_TOKEN_SEMANTIC_RISK,1
1756607,EQX,equinox gold,384,110.0,274.0,0.0,95.0,197.0,142.0,43,4,0.2916666666666667,b760b1294f1c1c3c7acaf7968447dba9b64ee4ce0b10d6aa81600f9526801e12,0.5405405405405406,0.9555735221898101,778,0.055269922879177376,NONE,0
6955,EPAC,actuant,2207,1852.0,355.0,0.0,1619.0,468.0,416.0,84,44,0.00045310376076121433,7a760386ea72c5ddae3e4604fdc5f7fa942ad00c5db2a3d8dffc6bcb5912ebdf,0.40212443095599393,2.306086090053952,1008,0.08333333333333333,SINGLE_TOKEN_SEMANTIC_RISK,1
1164863,NPO,enpro,2022,1350.0,672.0,0.0,1146.0,607.0,491.0,139,28,0.44708209693372897,7a760386ea72c5ddae3e4604fdc5f7fa942ad00c5db2a3d8dffc6bcb5912ebdf,0.38392857142857145,2.0652250492010404,1008,0.1378968253968254,SINGLE_TOKEN_SEMANTIC_RISK,1
927066,DVA,davita,9871,4806.0,5065.0,0.0,3815.0,4432.0,1344.0,321,57,0.2831526694357208,7a760386ea72c5ddae3e4604fdc5f7fa942ad00c5db2a3d8dffc6bcb5912ebdf,0.3290836653386454,2.549220089688381,1008,0.31845238095238093,SINGLE_TOKEN_SEMANTIC_RISK,1
1393052,VEEV,veeva systems,6063,2597.0,3466.0,0.0,1788.0,2683.0,2084.0,425,29,0.4026059706415966,7a760386ea72c5ddae3e4604fdc5f7fa942ad00c5db2a3d8dffc6bcb5912ebdf,0.26051560379918587,2.3818889365602205,1008,0.42162698412698413,NONE,0
1720250,KNDI,kandi technologies,1659,1234.0,425.0,0.0,1065.0,501.0,536.0,113,33,0.49547920433996384,7276994fe3b691a33351d3624d75910566c16617a432697d5d342172678d794d,0.3699731903485255,2.2790285573436107,1008,0.11210317460317461,NONE,0
872589,REGN,REGN,596,0.0,0.0,596.0,183.0,413.0,269.0,132,5,0.2197986577181208,deb56840b9cdc03f6c4ee4d521ae2d441afded63a6b8dfc35db2427b482be521,0.7323943661971831,0.8644403659102352,1008,0.13095238095238096,SINGLE_TOKEN_SEMANTIC_RISK,1
1434316,FATE,fate therapeutics,1680,1074.0,606.0,0.0,873.0,505.0,597.0,149,18,0.4595238095238095,7276994fe3b691a33351d3624d75910566c16617a432697d5d342172678d794d,0.25219941348973607,2.353002990336805,1008,0.14781746031746032,NONE,0
1000753,NSP,insperity,3063,1995.0,1068.0,0.0,1380.0,1284.0,1009.0,200,24,0.4028730003264773,7a760386ea72c5ddae3e4604fdc5f7fa942ad00c5db2a3d8dffc6bcb5912ebdf,0.3663003663003663,2.061519484003879,1008,0.1984126984126984,SINGLE_TOKEN_SEMANTIC_RISK,1
917273,RMBS,rambus,6046,3862.0,2184.0,0.0,3129.0,1437.0,582.0,160,61,0.30482963943102875,7a760386ea72c5ddae3e4604fdc5f7fa942ad00c5db2a3d8dffc6bcb5912ebdf,0.20554272517321015,2.9062169191513876,1008,0.15873015873015872,SINGLE_TOKEN_SEMANTIC_RISK,1
1610853,HSDT,helius medical technologies,214,126.0,88.0,0.0,76.0,99.0,59.0,11,2,0.12149532710280374,b760b1294f1c1c3c7acaf7968447dba9b64ee4ce0b10d6aa81600f9526801e12,0.625,0.6615632381579821,1008,0.010912698412698412,NONE,0
1495320,VRA,vera bradley,2721,1876.0,845.0,0.0,1616.0,941.0,605.0,127,58,0.5174568173465638,7276994fe3b691a33351d3624d75910566c16617a432697d5d342172678d794d,0.2070015220700152,3.004264746978203,1008,0.1259920634920635,NONE,0
1438423,MRAM,everspin technologies,318,141.0,177.0,0.0,75.0,148.0,102.0,30,4,0.17295597484276728,b760b1294f1c1c3c7acaf7968447dba9b64ee4ce0b10d6aa81600f9526801e12,0.7714285714285715,0.7602449274151057,1008,0.02976190476190476,NONE,0
882184,DHI,DHI,1388,0.0,0.0,1388.0,288.0,1100.0,286.0,118,2,0.24639769452449567,deb56840b9cdc03f6c4ee4d521ae2d441afded63a6b8dfc35db2427b482be521,0.8260869565217391,0.46203690946645704,1008,0.11706349206349206,PUBLISHER_CONCENTRATION_GE_80_PERCENT|SINGLE_TOKEN_SEMANTIC_RISK,2
1288403,WTI,w t offshore,2634,1165.0,1469.0,0.0,1043.0,1111.0,472.0,99,5,0.20311313591495825,7a760386ea72c5ddae3e4604fdc5f7fa942ad00c5db2a3d8dffc6bcb5912ebdf,0.8282828282828283,0.6624982638994155,1008,0.09821428571428571,PUBLISHER_CONCENTRATION_GE_80_PERCENT,1
1069202,LII,lennox international,2356,1327.0,1029.0,0.0,1201.0,635.0,493.0,153,28,0.2652801358234295,b760b1294f1c1c3c7acaf7968447dba9b64ee4ce0b10d6aa81600f9526801e12,0.13677811550151975,2.636566924227078,1008,0.15178571428571427,NONE,0
1286613,LINC,lincoln educational services,837,618.0,219.0,0.0,606.0,174.0,121.0,36,29,0.34767025089605735,7276994fe3b691a33351d3624d75910566c16617a432697d5d342172678d794d,0.25675675675675674,2.5886638589478275,1008,0.03571428571428571,NONE,0
1075880,KZIA,novogen,535,498.0,37.0,0.0,461.0,56.0,0.0,0,15,0.003738317757009346,84625ab1a763851f03bf27f1f4f68b3b7efe198626d098151d461cbb0e262da0,0.6666666666666666,1.3517024842213134,1008,0.0,SINGLE_TOKEN_SEMANTIC_RISK,1
912728,FWRD,forward air,1588,1202.0,386.0,0.0,975.0,498.0,445.0,132,31,0.4722921914357683,b760b1294f1c1c3c7acaf7968447dba9b64ee4ce0b10d6aa81600f9526801e12,0.19272727272727272,2.556898796296091,1008,0.13095238095238096,NONE,0
1084869,FLWS,1 800 flowers com,1563,1073.0,490.0,0.0,950.0,424.0,438.0,107,25,0.4209852847088932,7276994fe3b691a33351d3624d75910566c16617a432697d5d342172678d794d,0.284,2.3469336722928142,1008,0.10615079365079365,NONE,0
1279704,CLRB,cellectar biosciences,730,488.0,242.0,0.0,455.0,190.0,272.0,62,14,0.5164383561643836,1b425b87521ec0ab5e4c02aa6bbf44fa197505a03a1fa7f593d749168cc34d2f,0.2696629213483146,1.9433612868696164,1008,0.061507936507936505,NONE,0
886206,FC,franklin covey,984,596.0,388.0,0.0,351.0,598.0,89.0,43,5,0.22052845528455284,b760b1294f1c1c3c7acaf7968447dba9b64ee4ce0b10d6aa81600f9526801e12,0.5142857142857142,1.196711785674406,1008,0.04265873015873016,NONE,0
1598646,NERV,minerva neurosciences,847,632.0,215.0,0.0,564.0,212.0,302.0,65,21,0.551357733175915,7276994fe3b691a33351d3624d75910566c16617a432697d5d342172678d794d,0.2551440329218107,2.367435738636325,1008,0.06448412698412699,NONE,0
1289490,EXR,extra space storage,4539,2136.0,2403.0,0.0,1641.0,1995.0,875.0,237,27,0.35999118748623044,7a760386ea72c5ddae3e4604fdc5f7fa942ad00c5db2a3d8dffc6bcb5912ebdf,0.20040080160320642,2.452041694867922,1008,0.23511904761904762,NONE,0
896622,ATR,aptargroup,2338,1034.0,1304.0,0.0,750.0,1128.0,447.0,152,5,0.24721984602224123,7a760386ea72c5ddae3e4604fdc5f7fa942ad00c5db2a3d8dffc6bcb5912ebdf,0.8214285714285714,0.6441724626647543,1008,0.15079365079365079,PUBLISHER_CONCENTRATION_GE_80_PERCENT|SINGLE_TOKEN_SEMANTIC_RISK,2
1456772,OPI,government properties income trust,676,495.0,181.0,0.0,459.0,197.0,165.0,34,13,0.0,7276994fe3b691a33351d3624d75910566c16617a432697d5d342172678d794d,0.34146341463414637,2.1653917000758374,1008,0.03373015873015873,NONE,0
1388320,ATNM,actinium pharmaceuticals,567,365.0,202.0,0.0,341.0,147.0,183.0,40,13,0.4444444444444444,b760b1294f1c1c3c7acaf7968447dba9b64ee4ce0b10d6aa81600f9526801e12,0.27927927927927926,2.1845130919853553,1008,0.03968253968253968,NONE,0
884269,APT,alpha pro tech,490,226.0,264.0,0.0,187.0,143.0,154.0,40,7,0.14489795918367346,08f472aed74b038b1cd05a1e3cd5afd5b1a5ccd3c9ab2b14bf706239f26376a8,0.34615384615384615,1.6984222477333593,1008,0.03968253968253968,NONE,0
1340677,SVM,silvercorp metals,1191,481.0,710.0,0.0,446.0,549.0,356.0,97,18,0.31066330814441645,7276994fe3b691a33351d3624d75910566c16617a432697d5d342172678d794d,0.36752136752136755,2.2189642769882627,1008,0.09623015873015874,NONE,0
1327068,USO,USO,192,0.0,0.0,192.0,33.0,159.0,4.0,2,3,0.2760416666666667,a6b342c58afec58a888d1a4b68a52c5d20d7a65d813f5520038b11b5ef584e03,0.42857142857142855,1.0042424730540764,1008,0.001984126984126984,SINGLE_TOKEN_SEMANTIC_RISK,1
1196298,NEPH,nephros,271,264.0,7.0,0.0,250.0,21.0,27.0,8,1,0.05166051660516605,7276994fe3b691a33351d3624d75910566c16617a432697d5d342172678d794d,1.0,-0.0,1008,0.007936507936507936,PUBLISHER_CONCENTRATION_GE_80_PERCENT|SINGLE_TOKEN_SEMANTIC_RISK,2
1350869,GLO,clough global opportunities fund,397,344.0,53.0,0.0,241.0,154.0,39.0,31,1,0.18639798488664988,b760b1294f1c1c3c7acaf7968447dba9b64ee4ce0b10d6aa81600f9526801e12,1.0,-0.0,1008,0.030753968253968252,PUBLISHER_CONCENTRATION_GE_80_PERCENT,1
923120,GBX,greenbrier companies,1913,980.0,933.0,0.0,665.0,941.0,354.0,128,27,0.5007841087297439,7a760386ea72c5ddae3e4604fdc5f7fa942ad00c5db2a3d8dffc6bcb5912ebdf,0.26848249027237353,2.4906907969652563,1008,0.12698412698412698,NONE,0
1013237,FDS,factset research systems,3489,1155.0,2334.0,0.0,1137.0,1750.0,829.0,230,33,0.38320435654915447,b760b1294f1c1c3c7acaf7968447dba9b64ee4ce0b10d6aa81600f9526801e12,0.23952095808383234,2.493725066280454,1008,0.22817460317460317,NONE,0
1277902,MVBF,mvb financial corp,196,54.0,142.0,0.0,36.0,148.0,77.0,29,1,0.3877551020408163,b760b1294f1c1c3c7acaf7968447dba9b64ee4ce0b10d6aa81600f9526801e12,1.0,-0.0,1008,0.028769841269841268,PUBLISHER_CONCENTRATION_GE_80_PERCENT,1
1044777,OSPN,onespan,332,62.0,270.0,0.0,33.0,213.0,188.0,36,3,0.20481927710843373,b760b1294f1c1c3c7acaf7968447dba9b64ee4ce0b10d6aa81600f9526801e12,0.46153846153846156,1.0123308391031733,1008,0.03571428571428571,SINGLE_TOKEN_SEMANTIC_RISK,1
700923,MYRG,myr group inc,767,336.0,431.0,0.0,305.0,342.0,162.0,50,11,0.2920469361147327,b760b1294f1c1c3c7acaf7968447dba9b64ee4ce0b10d6aa81600f9526801e12,0.34782608695652173,1.9595685170067052,1008,0.0496031746031746,NONE,0
1630805,BW,babcock wilcox enterprises,432,82.0,350.0,0.0,0.0,306.0,96.0,23,2,0.2152777777777778,7276994fe3b691a33351d3624d75910566c16617a432697d5d342172678d794d,0.5416666666666666,0.6896709283570267,1008,0.022817460317460316,NONE,0
1066119,VIV,telefonica brasil s a,861,235.0,626.0,0.0,209.0,620.0,174.0,64,10,0.33797909407665505,6752e69d6ebc246e5369e53b5493b1c51f51433551b895d3c67b2e427520e39e,0.5714285714285714,1.4803920016137224,1008,0.06349206349206349,NONE,0
1129137,AMX,america movil sa de cv,32,32.0,0.0,0.0,32.0,0.0,24.0,11,1,1.0,7276994fe3b691a33351d3624d75910566c16617a432697d5d342172678d794d,1.0,-0.0,1008,0.010912698412698412,NONE,0
1487428,HRZN,horizon technology finance,1414,830.0,584.0,0.0,740.0,528.0,213.0,83,18,0.3712871287128713,7276994fe3b691a33351d3624d75910566c16617a432697d5d342172678d794d,0.32298136645962733,2.1866737330540214,1008,0.08234126984126984,NONE,0
1000228,HSIC,HSIC,28,0.0,0.0,28.0,28.0,0.0,0.0,0,1,1.0,deb56840b9cdc03f6c4ee4d521ae2d441afded63a6b8dfc35db2427b482be521,1.0,-0.0,1008,0.0,SINGLE_TOKEN_SEMANTIC_RISK,1
839470,WWR,westwater resources,378,190.0,188.0,0.0,101.0,140.0,234.0,40,2,0.08994708994708994,7276994fe3b691a33351d3624d75910566c16617a432697d5d342172678d794d,0.9655172413793104,0.14999492361041503,1008,0.03968253968253968,PUBLISHER_CONCENTRATION_GE_80_PERCENT,1
1159036,HALO,halozyme therapeutics,2441,1327.0,1114.0,0.0,1025.0,883.0,332.0,114,36,0.4219582138467841,7276994fe3b691a33351d3624d75910566c16617a432697d5d342172678d794d,0.1607717041800643,2.9558134862341596,1008,0.1130952380952381,NONE,0
1419945,TNK,teekay tankers,2355,1206.0,1149.0,0.0,0.0,1967.0,453.0,92,29,0.39490445859872614,7276994fe3b691a33351d3624d75910566c16617a432697d5d342172678d794d,0.27976190476190477,2.3807193819578503,1008,0.09126984126984126,NONE,0
1999001,FUN,six flags entertainment corporation new,307,51.0,256.0,0.0,35.0,272.0,42.0,19,4,0.06840390879478828,1b425b87521ec0ab5e4c02aa6bbf44fa197505a03a1fa7f593d749168cc34d2f,0.4375,1.2123138802671547,1008,0.018849206349206348,NONE,0
1170299,PML,pimco municipal income fund ii,178,161.0,17.0,0.0,64.0,111.0,38.0,32,2,0.4943820224719101,7276994fe3b691a33351d3624d75910566c16617a432697d5d342172678d794d,0.75,0.5623351446188083,1008,0.031746031746031744,NONE,0
1555280,ZTS,ZTS,24,0.0,0.0,24.0,24.0,0.0,0.0,0,2,1.0,deb56840b9cdc03f6c4ee4d521ae2d441afded63a6b8dfc35db2427b482be521,0.8333333333333334,0.45056120886630463,1008,0.0,SINGLE_TOKEN_SEMANTIC_RISK,1
1282957,GLU,gabelli global utility income trust,111,104.0,7.0,0.0,0.0,109.0,20.0,10,1,0.2702702702702703,7276994fe3b691a33351d3624d75910566c16617a432697d5d342172678d794d,1.0,-0.0,1008,0.00992063492063492,PUBLISHER_CONCENTRATION_GE_80_PERCENT,1
1083839,NAD,nuveen dividend advantage municipal fund,83,73.0,10.0,0.0,14.0,69.0,1.0,1,1,0.3614457831325301,899feb94f03b699155327981274efda4d980eba15273b69e3928a653287f0f0a,1.0,-0.0,1008,0.000992063492063492,NONE,0
1360604,HR,grubb ellis healthcare reit,154,154.0,0.0,0.0,154.0,0.0,0.0,0,0,0.0,,0.0,0.0,1008,0.0,NONE,0
1316463,GLQ,clough global equity fund,319,244.0,75.0,0.0,182.0,131.0,42.0,32,4,0.26959247648902823,7276994fe3b691a33351d3624d75910566c16617a432697d5d342172678d794d,0.6190476190476191,0.9447653680868369,1008,0.031746031746031744,NONE,0
1552797,DKL,delek logistics partners lp,890,297.0,593.0,0.0,288.0,473.0,178.0,48,7,0.41685393258426967,b760b1294f1c1c3c7acaf7968447dba9b64ee4ce0b10d6aa81600f9526801e12,0.6790123456790124,1.1153147608990486,1008,0.047619047619047616,NONE,0
1176984,EIM,eaton vance municipal bond fund,253,238.0,15.0,0.0,232.0,18.0,78.0,39,2,0.31620553359683795,b760b1294f1c1c3c7acaf7968447dba9b64ee4ce0b10d6aa81600f9526801e12,0.9333333333333333,0.24493002679463532,1008,0.03869047619047619,PUBLISHER_CONCENTRATION_GE_80_PERCENT,1
1258623,EFR,eaton vance senior floating rate trust,103,101.0,2.0,0.0,87.0,16.0,14.0,2,2,0.07766990291262135,b760b1294f1c1c3c7acaf7968447dba9b64ee4ce0b10d6aa81600f9526801e12,0.8571428571428571,0.410116318288409,1008,0.001984126984126984,PUBLISHER_CONCENTRATION_GE_80_PERCENT,1
1336920,LDOS,saic inc,334,90.0,244.0,0.0,114.0,160.0,0.0,0,0,0.0,,0.0,0.0,1008,0.0,NONE,0
1282850,FCT,first trust senior floating rate income fund ii,291,290.0,1.0,0.0,223.0,68.0,77.0,51,4,0.49828178694158076,7276994fe3b691a33351d3624d75910566c16617a432697d5d342172678d794d,0.8421052631578947,0.5958577356022945,1008,0.050595238095238096,PUBLISHER_CONCENTRATION_GE_80_PERCENT,1
1099160,BBGI,beasley broadcast,699,512.0,187.0,0.0,463.0,214.0,276.0,52,11,0.4206008583690987,7276994fe3b691a33351d3624d75910566c16617a432697d5d342172678d794d,0.4307692307692308,1.612705114286032,1008,0.051587301587301584,NONE,0
1514490,RGT,royce global value trust,86,78.0,8.0,0.0,77.0,9.0,19.0,12,2,0.23255813953488372,b760b1294f1c1c3c7acaf7968447dba9b64ee4ce0b10d6aa81600f9526801e12,0.875,0.37677016125643675,1008,0.011904761904761904,NONE,0
1268533,TYG,tortoise energy infrastructure,501,402.0,99.0,0.0,369.0,97.0,34.0,22,10,0.2554890219560878,7276994fe3b691a33351d3624d75910566c16617a432697d5d342172678d794d,0.34285714285714286,1.97023730401649,1008,0.021825396825396824,NONE,0
1169770,BANC,first pactrust bancorp,328,301.0,27.0,0.0,0.0,327.0,0.0,0,12,0.21036585365853658,a328d6d26983766d80fbb9adc64925a627cc56bb60e124536e235c6bd61bec28,0.28125,2.14888649517104,1008,0.0,NONE,0
1460329,FLNT,searchmedia,202,202.0,0.0,0.0,194.0,8.0,0.0,0,4,0.0,fd7425846ea62437d770cdb9d69a5951ab33b237b3bab17ac568ce2742c7bea3,0.5454545454545454,1.1685184057430877,1008,0.0,SINGLE_TOKEN_SEMANTIC_RISK,1
105744,GBR,greenbriar,203,169.0,34.0,0.0,169.0,27.0,14.0,2,8,0.0,6752e69d6ebc246e5369e53b5493b1c51f51433551b895d3c67b2e427520e39e,0.3333333333333333,1.8789674931888132,1008,0.001984126984126984,SINGLE_TOKEN_SEMANTIC_RISK,1
1074540,EVN,eaton vance municipal income trust,210,191.0,19.0,0.0,99.0,109.0,45.0,33,2,0.23809523809523808,7276994fe3b691a33351d3624d75910566c16617a432697d5d342172678d794d,0.6666666666666666,0.6365141682948128,1008,0.03273809523809524,NONE,0
1762303,RCEL,avita medical,333,234.0,99.0,0.0,213.0,98.0,20.0,8,3,0.14414414414414414,b760b1294f1c1c3c7acaf7968447dba9b64ee4ce0b10d6aa81600f9526801e12,0.9523809523809523,0.22445109055580997,1008,0.007936507936507936,PUBLISHER_CONCENTRATION_GE_80_PERCENT,1
1412486,COCP,cocrystal pharma,239,98.0,141.0,0.0,88.0,78.0,102.0,21,4,0.1297071129707113,b760b1294f1c1c3c7acaf7968447dba9b64ee4ce0b10d6aa81600f9526801e12,0.3333333333333333,1.310783678099714,1008,0.020833333333333332,NONE,0
1071438,BAK,BAK,63,0.0,0.0,63.0,16.0,47.0,23.0,8,0,0.42857142857142855,,0.0,0.0,1008,0.007936507936507936,SINGLE_TOKEN_SEMANTIC_RISK,1
1646972,ACI,ACI,314,0.0,0.0,314.0,106.0,208.0,69.0,28,0,0.12101910828025478,,0.0,0.0,531,0.05273069679849341,SINGLE_TOKEN_SEMANTIC_RISK,1
1282224,DLPN,dolphin digital media,128,128.0,0.0,0.0,126.0,2.0,0.0,0,0,0.0,,0.0,0.0,1008,0.0,NONE,0
1378590,BLIN,bridgeline software,58,58.0,0.0,0.0,54.0,4.0,0.0,0,0,0.0,,0.0,0.0,1008,0.0,NONE,0
732026,TRT,trio tech international,61,18.0,43.0,0.0,18.0,23.0,21.0,5,2,0.3442622950819672,08f472aed74b038b1cd05a1e3cd5afd5b1a5ccd3c9ab2b14bf706239f26376a8,0.5,0.6931471805599453,1008,0.00496031746031746,NONE,0
946563,RVP,retractable technologies,473,255.0,218.0,0.0,258.0,31.0,72.0,28,11,0.26849894291754756,7276994fe3b691a33351d3624d75910566c16617a432697d5d342172678d794d,0.32727272727272727,1.9863822386018817,1008,0.027777777777777776,NONE,0
925741,BCDA,clicknsettle com,8,8.0,0.0,0.0,8.0,0.0,0.0,0,0,0.0,,0.0,0.0,1008,0.0,NONE,0
812801,NUV,nuveen municipal value fund,49,14.0,35.0,0.0,9.0,28.0,17.0,6,1,0.24489795918367346,7276994fe3b691a33351d3624d75910566c16617a432697d5d342172678d794d,1.0,-0.0,1008,0.005952380952380952,NONE,0
316888,ASM,avino silver gold mines,290,111.0,179.0,0.0,136.0,133.0,61.0,22,1,0.23448275862068965,7a760386ea72c5ddae3e4604fdc5f7fa942ad00c5db2a3d8dffc6bcb5912ebdf,1.0,-0.0,1008,0.021825396825396824,PUBLISHER_CONCENTRATION_GE_80_PERCENT,1
1160990,PCN,pimco corporate income strategy fund,90,44.0,46.0,0.0,0.0,62.0,25.0,8,2,0.2,b760b1294f1c1c3c7acaf7968447dba9b64ee4ce0b10d6aa81600f9526801e12,0.625,0.6615632381579821,1008,0.007936507936507936,NONE,0
1066119,VIV,telesp,133,74.0,59.0,0.0,76.0,35.0,0.0,0,2,0.03759398496240601,7a760386ea72c5ddae3e4604fdc5f7fa942ad00c5db2a3d8dffc6bcb5912ebdf,0.6,0.6730116670092565,1008,0.0,SINGLE_TOKEN_SEMANTIC_RISK,1
802481,PPC,pilgrims pride,1079,229.0,850.0,0.0,208.0,617.0,149.0,68,12,0.4318813716404078,08f472aed74b038b1cd05a1e3cd5afd5b1a5ccd3c9ab2b14bf706239f26376a8,0.20588235294117646,2.2615684706365013,1008,0.06746031746031746,NONE,0
1468174,H,H,99,0.0,0.0,99.0,75.0,24.0,16.0,7,4,0.6464646464646465,deb56840b9cdc03f6c4ee4d521ae2d441afded63a6b8dfc35db2427b482be521,0.896551724137931,0.44624376141549016,1008,0.006944444444444444,SINGLE_TOKEN_SEMANTIC_RISK,1
1590895,CZR,eclair,26,8.0,18.0,0.0,10.0,2.0,0.0,0,3,0.0,215816bf42103f1f2b24c168779f1fb0ea3afcb7a2c627e42e0bcd7fe07eb70a,0.5,1.0397207708399179,1008,0.0,SINGLE_TOKEN_SEMANTIC_RISK,1
875320,VRTX,VRTX,4471,0.0,0.0,4471.0,757.0,3714.0,1383.0,460,4,0.24938492507269067,84625ab1a763851f03bf27f1f4f68b3b7efe198626d098151d461cbb0e262da0,0.5333333333333333,1.0625354080615974,1008,0.45634920634920634,SINGLE_TOKEN_SEMANTIC_RISK,1
821189,EOG,EOG,1503,0.0,0.0,1503.0,419.0,1084.0,516.0,183,2,0.35196274118429804,deb56840b9cdc03f6c4ee4d521ae2d441afded63a6b8dfc35db2427b482be521,0.96875,0.13906079845474112,1008,0.18154761904761904,PUBLISHER_CONCENTRATION_GE_80_PERCENT|SINGLE_TOKEN_SEMANTIC_RISK,2
1698991,ACEL,accel entertainment,322,179.0,143.0,0.0,26.0,241.0,60.0,21,0,0.2236024844720497,,0.0,0.0,1008,0.020833333333333332,NONE,0
1659939,ENIC,ENIC,78,0.0,0.0,78.0,2.0,76.0,2.0,2,0,0.1794871794871795,,0.0,0.0,1008,0.001984126984126984,SINGLE_TOKEN_SEMANTIC_RISK,1
909832,COST,COST,7305,0.0,0.0,7305.0,1132.0,6173.0,2418.0,756,0,0.3171800136892539,,0.0,0.0,1008,0.75,SINGLE_TOKEN_SEMANTIC_RISK,1
1015820,QGEN,QGEN,73,0.0,0.0,73.0,17.0,56.0,24.0,14,0,0.2465753424657534,,0.0,0.0,1008,0.013888888888888888,SINGLE_TOKEN_SEMANTIC_RISK,1
1065088,EBAY,EBAY,2104,0.0,0.0,2104.0,338.0,1766.0,1153.0,447,2,0.36834600760456276,84625ab1a763851f03bf27f1f4f68b3b7efe198626d098151d461cbb0e262da0,0.7692307692307693,0.5402041423888608,1008,0.44345238095238093,SINGLE_TOKEN_SEMANTIC_RISK,1
912766,LAUR,laureate education,484,224.0,260.0,0.0,176.0,227.0,171.0,70,4,0.32644628099173556,7276994fe3b691a33351d3624d75910566c16617a432697d5d342172678d794d,0.47619047619047616,1.1424720168028526,1008,0.06944444444444445,NONE,0
1451448,GMBL,esports entertainment,338,18.0,320.0,0.0,12.0,147.0,100.0,34,0,0.16272189349112426,,0.0,0.0,1008,0.03373015873015873,NONE,0
1320375,BOE,blackrock enhanced global dividend trust,25,1.0,24.0,0.0,8.0,17.0,7.0,5,0,0.56,,0.0,0.0,1008,0.00496031746031746,NONE,0
1621221,ARTL,artelo biosciences,198,7.0,191.0,0.0,5.0,120.0,119.0,9,0,0.10606060606060606,,0.0,0.0,1008,0.008928571428571428,NONE,0
906163,NVR,NVR,586,0.0,0.0,586.0,100.0,486.0,157.0,71,0,0.24573378839590443,,0.0,0.0,1008,0.07043650793650794,SINGLE_TOKEN_SEMANTIC_RISK,1
1195737,NEA,nuveen amt free quality municipal income fund,199,61.0,138.0,0.0,54.0,88.0,125.0,53,1,0.3015075376884422,7276994fe3b691a33351d3624d75910566c16617a432697d5d342172678d794d,1.0,-0.0,1008,0.05257936507936508,PUBLISHER_CONCENTRATION_GE_80_PERCENT,1
1657788,KRP,KRP,50,0.0,0.0,50.0,2.0,48.0,0.0,0,0,0.08,,0.0,0.0,1008,0.0,SINGLE_TOKEN_SEMANTIC_RISK,1
1521951,FBIZ,FBIZ,44,0.0,0.0,44.0,0.0,44.0,0.0,0,0,0.022727272727272728,,0.0,0.0,1008,0.0,SINGLE_TOKEN_SEMANTIC_RISK,1
880807,AMSC,AMSC,215,0.0,0.0,215.0,14.0,201.0,64.0,28,0,0.3209302325581395,,0.0,0.0,1008,0.027777777777777776,SINGLE_TOKEN_SEMANTIC_RISK,1
1552000,MPLX,MPLX,271,0.0,0.0,271.0,131.0,140.0,128.0,60,0,0.35424354243542433,,0.0,0.0,1008,0.05952380952380952,SINGLE_TOKEN_SEMANTIC_RISK,1
1609804,OEC,orion engineered carbons s a,320,143.0,177.0,0.0,110.0,175.0,91.0,33,6,0.465625,7276994fe3b691a33351d3624d75910566c16617a432697d5d342172678d794d,0.30434782608695654,1.589385161429422,1008,0.03273809523809524,NONE,0
1173643,TRX,trx gold,55,0.0,55.0,0.0,7.0,8.0,0.0,0,0,0.0,,0.0,0.0,1008,0.0,NONE,0
1466026,MSBI,midland states bancorp,403,115.0,288.0,0.0,0.0,313.0,99.0,36,0,0.3523573200992556,,0.0,0.0,1008,0.03571428571428571,NONE,0
1086600,ARLP,ARLP,407,0.0,0.0,407.0,71.0,336.0,88.0,49,1,0.42997542997543,deb56840b9cdc03f6c4ee4d521ae2d441afded63a6b8dfc35db2427b482be521,1.0,-0.0,1008,0.04861111111111111,PUBLISHER_CONCENTRATION_GE_80_PERCENT|SINGLE_TOKEN_SEMANTIC_RISK,2
1769731,AMTD,amtd international,77,6.0,71.0,0.0,4.0,11.0,9.0,4,1,0.0,7276994fe3b691a33351d3624d75910566c16617a432697d5d342172678d794d,1.0,-0.0,1008,0.003968253968253968,NONE,0
901491,PZZA,PZZA,528,0.0,0.0,528.0,57.0,471.0,331.0,147,1,0.42613636363636365,babc52a4295806f4e989a4dcdcfca96e8a4054b58bcbd9cab57492d157f49442,1.0,-0.0,1008,0.14583333333333334,PUBLISHER_CONCENTRATION_GE_80_PERCENT|SINGLE_TOKEN_SEMANTIC_RISK,2
1792267,BNR,burning rock biotech,200,24.0,176.0,0.0,19.0,164.0,103.0,20,0,0.285,,0.0,0.0,394,0.050761421319796954,NONE,0
1540159,EDSA,edesa biotech,190,34.0,156.0,0.0,15.0,107.0,115.0,16,1,0.2,6d85c5fcd083a75f7715c2add959f733b76cef5669e291147c7bb4af1f38a75b,1.0,-0.0,1008,0.015873015873015872,PUBLISHER_CONCENTRATION_GE_80_PERCENT,1
1698514,NESR,national energy services reunited,210,26.0,184.0,0.0,23.0,152.0,124.0,31,0,0.2571428571428571,,0.0,0.0,1008,0.030753968253968252,NONE,0
1094038,MRKR,marker therapeutics,210,33.0,177.0,0.0,20.0,53.0,50.0,18,3,0.14761904761904762,7276994fe3b691a33351d3624d75910566c16617a432697d5d342172678d794d,0.45454545454545453,1.0361987848192837,1008,0.017857142857142856,NONE,0
16875,CP,CP,355,0.0,0.0,355.0,61.0,294.0,167.0,65,2,0.3492957746478873,deb56840b9cdc03f6c4ee4d521ae2d441afded63a6b8dfc35db2427b482be521,0.8666666666666667,0.39267446722755217,1008,0.06448412698412699,PUBLISHER_CONCENTRATION_GE_80_PERCENT|SINGLE_TOKEN_SEMANTIC_RISK,2
1434265,GMAB,GMAB,64,0.0,0.0,64.0,9.0,55.0,33.0,10,0,0.21875,,0.0,0.0,1008,0.00992063492063492,SINGLE_TOKEN_SEMANTIC_RISK,1
920148,LH,LH,50,0.0,0.0,50.0,5.0,45.0,37.0,14,1,0.0,84625ab1a763851f03bf27f1f4f68b3b7efe198626d098151d461cbb0e262da0,1.0,-0.0,1008,0.013888888888888888,SINGLE_TOKEN_SEMANTIC_RISK,1
91576,KEY,keycorp new,648,0.0,648.0,0.0,0.0,637.0,0.0,0,0,0.3873456790123457,,0.0,0.0,1008,0.0,NONE,0
1032975,LOGI,LOGI,132,0.0,0.0,132.0,16.0,116.0,89.0,46,1,0.015151515151515152,d014d5a638eac5b2d935d6b6b173e4769692dc2a63efe5b382d586866929bd06,1.0,-0.0,1008,0.04563492063492063,PUBLISHER_CONCENTRATION_GE_80_PERCENT|SINGLE_TOKEN_SEMANTIC_RISK,2
1001807,TLK,TLK,51,0.0,0.0,51.0,13.0,38.0,26.0,14,0,0.4117647058823529,,0.0,0.0,1008,0.013888888888888888,SINGLE_TOKEN_SEMANTIC_RISK,1
2086841,CBAT,CBAT,9,0.0,0.0,9.0,0.0,9.0,7.0,1,0,0.2222222222222222,,0.0,0.0,1008,0.000992063492063492,SINGLE_TOKEN_SEMANTIC_RISK,1
1331284,DHT,DHT,62,0.0,0.0,62.0,1.0,61.0,21.0,10,0,0.03225806451612903,,0.0,0.0,1008,0.00992063492063492,SINGLE_TOKEN_SEMANTIC_RISK,1
1460235,PPLT,PPLT,36,0.0,0.0,36.0,2.0,34.0,0.0,0,0,0.16666666666666666,,0.0,0.0,0,0.0,SINGLE_TOKEN_SEMANTIC_RISK,1
1712184,LILAK,LILAK,6,0.0,0.0,6.0,0.0,6.0,0.0,0,0,0.0,,0.0,0.0,1008,0.0,SINGLE_TOKEN_SEMANTIC_RISK,1
1600033,ELF,ELF,4,0.0,0.0,4.0,2.0,2.0,0.0,0,0,0.25,,0.0,0.0,1008,0.0,SINGLE_TOKEN_SEMANTIC_RISK,1
1353615,FXF,FXF,3,0.0,0.0,3.0,3.0,0.0,0.0,0,0,0.3333333333333333,,0.0,0.0,0,0.0,SINGLE_TOKEN_SEMANTIC_RISK,1
1159508,DZZ,DZZ,28,0.0,0.0,28.0,0.0,28.0,0.0,0,0,0.21428571428571427,,0.0,0.0,1008,0.0,SINGLE_TOKEN_SEMANTIC_RISK,1
821189,EOG,enron oil gas,21,0.0,21.0,0.0,0.0,8.0,4.0,1,0,0.23809523809523808,,0.0,0.0,1008,0.000992063492063492,NONE,0
1135951,RDY,RDY,39,0.0,0.0,39.0,2.0,37.0,22.0,14,0,0.02564102564102564,,0.0,0.0,1008,0.013888888888888888,SINGLE_TOKEN_SEMANTIC_RISK,1
1569650,OZK,OZK,33,0.0,0.0,33.0,1.0,32.0,8.0,6,0,0.696969696969697,,0.0,0.0,1008,0.005952380952380952,SINGLE_TOKEN_SEMANTIC_RISK,1
884144,ASUR,ASUR,8,0.0,0.0,8.0,0.0,8.0,0.0,0,0,0.5,,0.0,0.0,1008,0.0,SINGLE_TOKEN_SEMANTIC_RISK,1
1460235,PPLT,etfs platinum trust,7,2.0,5.0,0.0,0.0,7.0,0.0,0,0,0.42857142857142855,,0.0,0.0,0,0.0,NONE,0
1483386,GLTR,etfs precious metals basket trust,9,6.0,3.0,0.0,4.0,5.0,0.0,0,0,0.0,,0.0,0.0,0,0.0,NONE,0
1483386,GLTR,GLTR,5,0.0,0.0,5.0,0.0,5.0,0.0,0,0,0.0,,0.0,0.0,0,0.0,SINGLE_TOKEN_SEMANTIC_RISK,1
1305767,PHD,pioneer floating rate fund,11,9.0,2.0,0.0,0.0,9.0,7.0,7,0,0.8181818181818182,,0.0,0.0,1008,0.006944444444444444,NONE,0
1373715,NOW,NOW,32,0.0,0.0,32.0,24.0,8.0,2.0,1,1,0.8125,deb56840b9cdc03f6c4ee4d521ae2d441afded63a6b8dfc35db2427b482be521,1.0,-0.0,1008,0.000992063492063492,SINGLE_TOKEN_SEMANTIC_RISK,1
1376321,CNET,CNET,2,0.0,0.0,2.0,0.0,2.0,2.0,1,0,0.0,,0.0,0.0,1008,0.000992063492063492,SINGLE_TOKEN_SEMANTIC_RISK,1
898173,ORLY,ORLY,68,0.0,0.0,68.0,66.0,2.0,0.0,0,1,0.9852941176470589,deb56840b9cdc03f6c4ee4d521ae2d441afded63a6b8dfc35db2427b482be521,1.0,-0.0,1008,0.0,SINGLE_TOKEN_SEMANTIC_RISK,1
1227857,NCZ,nicholas applegate convertible income fund ii,32,32.0,0.0,0.0,28.0,4.0,0.0,0,0,0.0,,0.0,0.0,1008,0.0,NONE,0
1318484,CTRN,CTRN,13,0.0,0.0,13.0,1.0,12.0,0.0,0,0,0.15384615384615385,,0.0,0.0,1008,0.0,SINGLE_TOKEN_SEMANTIC_RISK,1
1023549,XTLB,XTLB,12,0.0,0.0,12.0,0.0,12.0,0.0,0,0,0.0,,0.0,0.0,1008,0.0,SINGLE_TOKEN_SEMANTIC_RISK,1
1114995,PI,PI,2,0.0,0.0,2.0,0.0,2.0,0.0,0,0,0.0,,0.0,0.0,1008,0.0,SINGLE_TOKEN_SEMANTIC_RISK,1
1538849,CAPL,CAPL,27,0.0,0.0,27.0,24.0,3.0,5.0,4,1,0.9629629629629629,deb56840b9cdc03f6c4ee4d521ae2d441afded63a6b8dfc35db2427b482be521,1.0,-0.0,1008,0.003968253968253968,SINGLE_TOKEN_SEMANTIC_RISK,1
1443669,PRLB,PRLB,5,0.0,0.0,5.0,0.0,5.0,5.0,2,0,0.4,,0.0,0.0,1008,0.001984126984126984,SINGLE_TOKEN_SEMANTIC_RISK,1
1335258,LYV,LYV,5,0.0,0.0,5.0,2.0,3.0,0.0,0,1,0.4,d014d5a638eac5b2d935d6b6b173e4769692dc2a63efe5b382d586866929bd06,1.0,-0.0,1008,0.0,SINGLE_TOKEN_SEMANTIC_RISK,1
1185348,PRAA,PRAA,36,0.0,0.0,36.0,16.0,20.0,26.0,18,0,0.75,,0.0,0.0,1008,0.017857142857142856,SINGLE_TOKEN_SEMANTIC_RISK,1
939767,EXEL,EXEL,6,0.0,0.0,6.0,6.0,0.0,2.0,1,2,1.0,1b425b87521ec0ab5e4c02aa6bbf44fa197505a03a1fa7f593d749168cc34d2f,0.6666666666666666,0.6365141682948128,1008,0.000992063492063492,SINGLE_TOKEN_SEMANTIC_RISK,1
1539337,JRI,nuveen real asset income growth fund,2,2.0,0.0,0.0,2.0,0.0,2.0,1,1,1.0,7276994fe3b691a33351d3624d75910566c16617a432697d5d342172678d794d,1.0,-0.0,1008,0.000992063492063492,NONE,0
1174164,FFC,f c claymore preferred securities income fund,2,2.0,0.0,0.0,2.0,0.0,0.0,0,0,0.0,,0.0,0.0,1008,0.0,NONE,0
1572694,GSBD,goldman sachs liberty harbor capital llc,2,0.0,2.0,0.0,0.0,2.0,0.0,0,0,0.0,,0.0,0.0,1008,0.0,NONE,0
1207179,GLNG,GLNG,4,0.0,0.0,4.0,0.0,4.0,4.0,1,0,0.25,,0.0,0.0,1008,0.000992063492063492,SINGLE_TOKEN_SEMANTIC_RISK,1
765207,FNLC,FNLC,8,0.0,0.0,8.0,0.0,8.0,4.0,4,0,1.0,,0.0,0.0,1008,0.003968253968253968,SINGLE_TOKEN_SEMANTIC_RISK,1
1481513,JKS,JKS,8,0.0,0.0,8.0,3.0,5.0,8.0,4,0,0.0,,0.0,0.0,1008,0.003968253968253968,SINGLE_TOKEN_SEMANTIC_RISK,1
1450445,NUW,nuveen amt free municipal value fund,166,162.0,4.0,0.0,92.0,74.0,69.0,39,1,0.3674698795180723,7276994fe3b691a33351d3624d75910566c16617a432697d5d342172678d794d,1.0,-0.0,1008,0.03869047619047619,PUBLISHER_CONCENTRATION_GE_80_PERCENT,1
817720,SYNA,SYNA,20,0.0,0.0,20.0,20.0,0.0,0.0,0,2,1.0,deb56840b9cdc03f6c4ee4d521ae2d441afded63a6b8dfc35db2427b482be521,0.9,0.3250829733914482,1008,0.0,SINGLE_TOKEN_SEMANTIC_RISK,1
1383441,NIE,virtus allianzgi equity convertible income fund,12,5.0,7.0,0.0,0.0,12.0,10.0,7,0,0.6666666666666666,,0.0,0.0,1008,0.006944444444444444,NONE,0
1162027,AFB,alliance national municipal income fund,72,72.0,0.0,0.0,4.0,68.0,27.0,27,0,1.0,,0.0,0.0,1008,0.026785714285714284,NONE,0
1500435,GPRO,woodman labs,4,2.0,2.0,0.0,0.0,2.0,0.0,0,0,0.0,,0.0,0.0,1008,0.0,NONE,0
1020214,CERS,CERS,4,0.0,0.0,4.0,4.0,0.0,0.0,0,2,1.0,1b425b87521ec0ab5e4c02aa6bbf44fa197505a03a1fa7f593d749168cc34d2f,0.5,0.6931471805599453,1008,0.0,SINGLE_TOKEN_SEMANTIC_RISK,1
1778114,AIO,allianzgi artificial intelligence technology opportunities fund,1,0.0,1.0,0.0,0.0,1.0,0.0,0,0,1.0,,0.0,0.0,0,0.0,NONE,0
1479419,KALA,KALA,6,0.0,0.0,6.0,0.0,6.0,6.0,2,0,0.3333333333333333,,0.0,0.0,1008,0.001984126984126984,SINGLE_TOKEN_SEMANTIC_RISK,1
1265131,HTH,affordable residential communities,2,2.0,0.0,0.0,2.0,0.0,0.0,0,0,0.0,,0.0,0.0,1008,0.0,NONE,0
1295401,TBBK,TBBK,8,0.0,0.0,8.0,8.0,0.0,0.0,0,1,1.0,deb56840b9cdc03f6c4ee4d521ae2d441afded63a6b8dfc35db2427b482be521,1.0,-0.0,1008,0.0,SINGLE_TOKEN_SEMANTIC_RISK,1
1636289,ACV,ACV,2,0.0,0.0,2.0,2.0,0.0,0.0,0,0,0.0,,0.0,0.0,1008,0.0,SINGLE_TOKEN_SEMANTIC_RISK,1
1001171,BYFC,BYFC,2,0.0,0.0,2.0,0.0,2.0,1.0,1,0,0.5,,0.0,0.0,1008,0.000992063492063492,SINGLE_TOKEN_SEMANTIC_RISK,1
1217234,CDNA,expression diagnostics,1,0.0,1.0,0.0,0.0,0.0,0.0,0,0,0.0,,0.0,0.0,1008,0.0,NONE,0
1210123,EAD,allspring income opportunities fund,3,2.0,1.0,0.0,0.0,3.0,1.0,1,0,1.0,,0.0,0.0,1008,0.000992063492063492,NONE,0
1360604,HR,HR,1,0.0,0.0,1.0,0.0,1.0,0.0,0,0,1.0,,0.0,0.0,1008,0.0,SINGLE_TOKEN_SEMANTIC_RISK,1
1605301,CBFV,CBFV,9,0.0,0.0,9.0,1.0,8.0,5.0,5,0,1.0,,0.0,0.0,1008,0.00496031746031746,SINGLE_TOKEN_SEMANTIC_RISK,1
1044777,OSPN,one span,1,0.0,1.0,0.0,0.0,0.0,0.0,0,0,0.0,,0.0,0.0,1008,0.0,NONE,0
1180262,HLF,herbalife,6673,4610.0,2063.0,0.0,3753.0,2318.0,564.0,170,46,0.1619961037014836,6752e69d6ebc246e5369e53b5493b1c51f51433551b895d3c67b2e427520e39e,0.19672131147540983,2.808503195156888,1008,0.16865079365079366,SINGLE_TOKEN_SEMANTIC_RISK,1
1057379,HCKT,hackett,2399,1325.0,1074.0,0.0,1299.0,798.0,332.0,132,27,0.2280116715298041,1b425b87521ec0ab5e4c02aa6bbf44fa197505a03a1fa7f593d749168cc34d2f,0.24170616113744076,2.466801946747365,1008,0.13095238095238096,SINGLE_TOKEN_SEMANTIC_RISK,1
1278027,BGS,b g foods,3540,1614.0,1926.0,0.0,1017.0,2044.0,696.0,214,12,0.2556497175141243,7a760386ea72c5ddae3e4604fdc5f7fa942ad00c5db2a3d8dffc6bcb5912ebdf,0.5333333333333333,1.5184603677956692,1008,0.2123015873015873,NONE,0
1133818,BPTH,bio path,902,719.0,183.0,0.0,650.0,215.0,508.0,76,17,0.541019955654102,7276994fe3b691a33351d3624d75910566c16617a432697d5d342172678d794d,0.2749003984063745,2.0586304686096266,1008,0.07539682539682539,NONE,0
1606163,LMB,limbach,1305,510.0,795.0,0.0,140.0,687.0,161.0,27,5,0.0053639846743295016,7276994fe3b691a33351d3624d75910566c16617a432697d5d342172678d794d,0.5949367088607594,1.0887505737079837,1008,0.026785714285714284,SINGLE_TOKEN_SEMANTIC_RISK,1
883569,FOSL,fossil,29098,5513.0,23585.0,0.0,6947.0,10038.0,3328.0,712,84,0.08024606502165098,7a760386ea72c5ddae3e4604fdc5f7fa942ad00c5db2a3d8dffc6bcb5912ebdf,0.2019099590723056,2.9786487378658624,1008,0.7063492063492064,SINGLE_TOKEN_SEMANTIC_RISK,1
1131343,ATHE,prana biotechnology,280,191.0,89.0,0.0,166.0,88.0,53.0,10,18,0.08928571428571429,84625ab1a763851f03bf27f1f4f68b3b7efe198626d098151d461cbb0e262da0,0.31343283582089554,2.362505517056126,1008,0.00992063492063492,NONE,0
1534701,PSX,phillips 66,13899,4539.0,9360.0,0.0,3735.0,5684.0,2732.0,520,34,0.0918771134614001,7276994fe3b691a33351d3624d75910566c16617a432697d5d342172678d794d,0.2891674127126231,2.1145699286192676,1008,0.5158730158730159,NONE,0
1273813,AGO,assured guaranty,3893,2378.0,1515.0,0.0,2201.0,1192.0,468.0,146,41,0.31286925250449527,7276994fe3b691a33351d3624d75910566c16617a432697d5d342172678d794d,0.2459349593495935,2.60163939797359,1008,0.14484126984126985,NONE,0
712771,CNOB,connectone bancorp,735,453.0,282.0,0.0,0.0,695.0,280.0,87,14,0.5238095238095238,7276994fe3b691a33351d3624d75910566c16617a432697d5d342172678d794d,0.3023255813953488,1.992671409770636,1008,0.08630952380952381,NONE,0
1451505,RIG,transocean,12705,7528.0,5177.0,0.0,6768.0,3788.0,1283.0,266,83,0.13789846517119245,7a760386ea72c5ddae3e4604fdc5f7fa942ad00c5db2a3d8dffc6bcb5912ebdf,0.20174537987679672,2.9121689499530965,1008,0.2638888888888889,SINGLE_TOKEN_SEMANTIC_RISK,1
1611647,FRPT,freshpet,1669,889.0,780.0,0.0,695.0,608.0,452.0,156,20,0.4895146794487717,7276994fe3b691a33351d3624d75910566c16617a432697d5d342172678d794d,0.3167259786476868,2.395923619980378,1008,0.15476190476190477,SINGLE_TOKEN_SEMANTIC_RISK,1
1094366,RDWR,radware,1985,1674.0,311.0,0.0,1442.0,413.0,343.0,93,37,0.3193954659949622,7276994fe3b691a33351d3624d75910566c16617a432697d5d342172678d794d,0.14606741573033707,2.8746806304036157,1008,0.09226190476190477,SINGLE_TOKEN_SEMANTIC_RISK,1
1192448,GKOS,glaukos,1658,779.0,879.0,0.0,384.0,906.0,377.0,59,10,0.2503015681544029,bc866712ec3d41f918d736dba6181bfae8068e106956a8f51e7e26914276ce1e,0.5944444444444444,1.4417323071317312,1008,0.05853174603174603,SINGLE_TOKEN_SEMANTIC_RISK,1
25743,TXMD,therapeuticsmd,1678,1252.0,426.0,0.0,1077.0,402.0,564.0,137,30,0.5309892729439809,7276994fe3b691a33351d3624d75910566c16617a432697d5d342172678d794d,0.23890063424947147,2.4167573270357816,1008,0.1359126984126984,SINGLE_TOKEN_SEMANTIC_RISK,1
1002910,AEE,ameren,6504,3614.0,2890.0,0.0,2862.0,2804.0,1538.0,329,39,0.3371771217712177,7a760386ea72c5ddae3e4604fdc5f7fa942ad00c5db2a3d8dffc6bcb5912ebdf,0.38089330024813894,2.292943884899109,1008,0.3263888888888889,SINGLE_TOKEN_SEMANTIC_RISK,1
882508,QUIK,quicklogic,1761,1537.0,224.0,0.0,1225.0,452.0,306.0,75,20,0.39579784213515046,7a760386ea72c5ddae3e4604fdc5f7fa942ad00c5db2a3d8dffc6bcb5912ebdf,0.2921686746987952,2.10778461535967,1008,0.0744047619047619,SINGLE_TOKEN_SEMANTIC_RISK,1
1377121,PTGX,protagonist,838,263.0,575.0,0.0,183.0,351.0,267.0,54,11,0.1873508353221957,7a760386ea72c5ddae3e4604fdc5f7fa942ad00c5db2a3d8dffc6bcb5912ebdf,0.208955223880597,2.0291275529870076,1008,0.05357142857142857,SINGLE_TOKEN_SEMANTIC_RISK,1
1123360,GPN,global payments,8732,4342.0,4390.0,0.0,3390.0,3662.0,2269.0,421,68,0.29706825469537335,b760b1294f1c1c3c7acaf7968447dba9b64ee4ce0b10d6aa81600f9526801e12,0.18114874815905743,2.854938698091238,1008,0.4176587301587302,NONE,0
1222333,GLD,spdr gold trust,17869,1349.0,16520.0,0.0,1933.0,3405.0,1289.0,352,18,0.12306228664166993,b760b1294f1c1c3c7acaf7968447dba9b64ee4ce0b10d6aa81600f9526801e12,0.7785714285714286,1.0280661820373587,1008,0.3492063492063492,NONE,0
1703644,GPMT,granite point mortgage trust,330,96.0,234.0,0.0,49.0,223.0,190.0,62,3,0.3212121212121212,b760b1294f1c1c3c7acaf7968447dba9b64ee4ce0b10d6aa81600f9526801e12,0.4375,1.0717300941124526,1008,0.061507936507936505,NONE,0
1477049,PHYS,sprott physical gold trust,581,110.0,471.0,0.0,187.0,353.0,94.0,32,2,0.10843373493975904,b760b1294f1c1c3c7acaf7968447dba9b64ee4ce0b10d6aa81600f9526801e12,0.9615384615384616,0.16302362949436594,1008,0.031746031746031744,PUBLISHER_CONCENTRATION_GE_80_PERCENT,1
912767,UFPI,universal forest products,1840,968.0,872.0,0.0,617.0,873.0,461.0,117,26,0.43967391304347825,7a760386ea72c5ddae3e4604fdc5f7fa942ad00c5db2a3d8dffc6bcb5912ebdf,0.38699690402476783,2.2014001384382653,1008,0.11607142857142858,NONE,0
1253986,ABR,arbor realty trust,2819,1255.0,1564.0,0.0,966.0,1439.0,902.0,241,20,0.46151117417523946,7276994fe3b691a33351d3624d75910566c16617a432697d5d342172678d794d,0.2363013698630137,2.1462959644495587,1008,0.2390873015873016,NONE,0
1694426,DK,delek us,3603,2000.0,1603.0,0.0,1584.0,1367.0,1004.0,239,30,0.42769913960588396,b760b1294f1c1c3c7acaf7968447dba9b64ee4ce0b10d6aa81600f9526801e12,0.1956521739130435,2.3420266063403554,1008,0.2371031746031746,NONE,0
1476150,TRNO,terreno realty,2837,1653.0,1184.0,0.0,1366.0,1054.0,529.0,163,25,0.4406062742333451,7a760386ea72c5ddae3e4604fdc5f7fa942ad00c5db2a3d8dffc6bcb5912ebdf,0.31376975169300225,2.3112339597686375,1008,0.16170634920634921,NONE,0
1070732,EVF,eaton vance senior income trust,305,295.0,10.0,0.0,254.0,51.0,36.0,22,1,0.18032786885245902,7276994fe3b691a33351d3624d75910566c16617a432697d5d342172678d794d,1.0,-0.0,1008,0.021825396825396824,PUBLISHER_CONCENTRATION_GE_80_PERCENT,1
716643,RGS,regis,3580,2198.0,1382.0,0.0,2164.0,898.0,367.0,92,38,0.16927374301675976,7a760386ea72c5ddae3e4604fdc5f7fa942ad00c5db2a3d8dffc6bcb5912ebdf,0.34352941176470586,2.4920731469051236,1008,0.09126984126984126,SINGLE_TOKEN_SEMANTIC_RISK,1
310158,MRK,merck,45905,22271.0,23634.0,0.0,18086.0,17689.0,9494.0,982,110,0.23051955124714082,bc866712ec3d41f918d736dba6181bfae8068e106956a8f51e7e26914276ce1e,0.15412569474134247,3.004424778965563,1008,0.9742063492063492,EDGE_COUNT_TOP_1_PERCENT|IMPLAUSIBLY_HIGH_TRAINING_DAY_COVERAGE|SINGLE_TOKEN_SEMANTIC_RISK,3
875045,BIIB,BIIB,53,0.0,0.0,53.0,40.0,13.0,10.0,5,4,0.8113207547169812,1b425b87521ec0ab5e4c02aa6bbf44fa197505a03a1fa7f593d749168cc34d2f,0.7916666666666666,0.7315151084145227,1008,0.00496031746031746,SINGLE_TOKEN_SEMANTIC_RISK,1
1367644,EBS,emergent biosolutions,3819,2048.0,1771.0,0.0,1877.0,1359.0,1024.0,283,30,0.41162608012568735,7a760386ea72c5ddae3e4604fdc5f7fa942ad00c5db2a3d8dffc6bcb5912ebdf,0.16735537190082644,2.5635531109346896,1008,0.28075396825396826,NONE,0
1460329,FLNT,fluent,1191,250.0,941.0,0.0,249.0,390.0,201.0,74,11,0.07472712006717044,6d85c5fcd083a75f7715c2add959f733b76cef5669e291147c7bb4af1f38a75b,0.32,1.9915987842757468,1008,0.07341269841269842,SINGLE_TOKEN_SEMANTIC_RISK,1
1013131,BVN,buenaventura mining,295,93.0,202.0,0.0,81.0,176.0,59.0,26,9,0.376271186440678,b760b1294f1c1c3c7acaf7968447dba9b64ee4ce0b10d6aa81600f9526801e12,0.3225806451612903,1.9081951631007303,1008,0.025793650793650792,NONE,0
1482512,HPP,hudson pacific properties,1818,1069.0,749.0,0.0,897.0,673.0,363.0,142,25,0.444994499449945,7276994fe3b691a33351d3624d75910566c16617a432697d5d342172678d794d,0.22813688212927757,2.510848749670649,1008,0.14087301587301587,NONE,0
1136893,FIS,fidelity national information services,4004,1448.0,2556.0,0.0,1084.0,1828.0,1094.0,221,27,0.3224275724275724,b760b1294f1c1c3c7acaf7968447dba9b64ee4ce0b10d6aa81600f9526801e12,0.629976580796253,1.5952298313556852,1008,0.21924603174603174,NONE,0
917520,IART,integra lifesciences,2864,2140.0,724.0,0.0,1953.0,715.0,607.0,152,38,0.4168994413407821,7a760386ea72c5ddae3e4604fdc5f7fa942ad00c5db2a3d8dffc6bcb5912ebdf,0.16760828625235405,2.7845794546979055,1008,0.15079365079365079,NONE,0
1046257,INGR,ingredion,2828,1396.0,1432.0,0.0,961.0,1102.0,523.0,152,20,0.37623762376237624,7276994fe3b691a33351d3624d75910566c16617a432697d5d342172678d794d,0.25443786982248523,2.275537880290413,1008,0.15079365079365079,SINGLE_TOKEN_SEMANTIC_RISK,1
1428336,HQY,healthequity,3829,1732.0,2097.0,0.0,1261.0,1799.0,1059.0,228,25,0.3799947767041003,6752e69d6ebc246e5369e53b5493b1c51f51433551b895d3c67b2e427520e39e,0.19081272084805653,2.304601775273247,1008,0.2261904761904762,SINGLE_TOKEN_SEMANTIC_RISK,1
1174940,OGEN,oragenics,933,642.0,291.0,0.0,522.0,342.0,417.0,57,14,0.2840300107181136,7276994fe3b691a33351d3624d75910566c16617a432697d5d342172678d794d,0.3191489361702128,2.0131555770731584,1008,0.05654761904761905,SINGLE_TOKEN_SEMANTIC_RISK,1
1018724,AMZN,AMZN,23696,0.0,0.0,23696.0,3914.0,19782.0,9328.0,1196,6,0.029161039837947333,1b425b87521ec0ab5e4c02aa6bbf44fa197505a03a1fa7f593d749168cc34d2f,0.56,1.2872826631566625,1008,1.0,IMPLAUSIBLY_HIGH_TRAINING_DAY_COVERAGE|SINGLE_TOKEN_SEMANTIC_RISK,2
886128,FCEL,fuelcell energy,5082,2389.0,2693.0,0.0,1852.0,2433.0,1926.0,333,35,0.33530106257378983,7276994fe3b691a33351d3624d75910566c16617a432697d5d342172678d794d,0.1986062717770035,2.5606681575681267,1008,0.33035714285714285,NONE,0
4904,AEP,american electric power,7223,1325.0,5898.0,0.0,1193.0,4037.0,1142.0,270,18,0.22345285892288522,7a760386ea72c5ddae3e4604fdc5f7fa942ad00c5db2a3d8dffc6bcb5912ebdf,0.35121951219512193,1.7129237235984345,1008,0.26785714285714285,NONE,0
1823529,ACT,enact,6505,784.0,5721.0,0.0,1402.0,2295.0,338.0,134,6,0.011529592621060722,7276994fe3b691a33351d3624d75910566c16617a432697d5d342172678d794d,0.5625,1.2979570843776032,705,0.1900709219858156,SINGLE_TOKEN_SEMANTIC_RISK,1
1029199,EEFT,euronet worldwide,2029,992.0,1037.0,0.0,714.0,894.0,485.0,166,28,0.4834894036471168,b760b1294f1c1c3c7acaf7968447dba9b64ee4ce0b10d6aa81600f9526801e12,0.203125,2.491650549386853,1008,0.16468253968253968,NONE,0
838875,WVVI,willamette valley vineyards,175,160.0,15.0,0.0,146.0,18.0,28.0,17,6,0.44571428571428573,7276994fe3b691a33351d3624d75910566c16617a432697d5d342172678d794d,0.45714285714285713,1.4488831278159877,1008,0.016865079365079364,NONE,0
917225,XPL,solitario resources,16,16.0,0.0,0.0,14.0,2.0,0.0,0,1,0.25,899feb94f03b699155327981274efda4d980eba15273b69e3928a653287f0f0a,1.0,-0.0,1008,0.0,NONE,0
947263,TD,toronto dominion bank,8217,1268.0,6949.0,0.0,1661.0,4843.0,1540.0,320,23,0.2101740294511379,7276994fe3b691a33351d3624d75910566c16617a432697d5d342172678d794d,0.43799472295514513,1.8641724420295769,1008,0.31746031746031744,NONE,0
1023549,XTLB,xtl biopharmaceuticals,258,202.0,56.0,0.0,178.0,42.0,20.0,7,7,0.2713178294573643,7276994fe3b691a33351d3624d75910566c16617a432697d5d342172678d794d,0.30303030303030304,1.7502927899422451,1008,0.006944444444444444,NONE,0
1065088,EBAY,ebay inc,8673,1201.0,7472.0,0.0,1117.0,5135.0,1425.0,305,27,0.26634382566585957,b760b1294f1c1c3c7acaf7968447dba9b64ee4ce0b10d6aa81600f9526801e12,0.48,1.9747982348921238,1008,0.30257936507936506,NONE,0
1090727,UPS,united parcel service,13731,2092.0,11639.0,0.0,1340.0,7776.0,2585.0,545,18,0.22722307188114485,b760b1294f1c1c3c7acaf7968447dba9b64ee4ce0b10d6aa81600f9526801e12,0.6788732394366197,1.2376614584251822,1008,0.5406746031746031,NONE,0
917225,XPL,solitario exploration royalty,117,54.0,63.0,0.0,56.0,50.0,0.0,0,1,0.29914529914529914,7a760386ea72c5ddae3e4604fdc5f7fa942ad00c5db2a3d8dffc6bcb5912ebdf,1.0,-0.0,1008,0.0,PUBLISHER_CONCENTRATION_GE_80_PERCENT,1
1097149,ALGN,ALGN,26,0.0,0.0,26.0,12.0,14.0,22.0,11,2,0.7307692307692307,deb56840b9cdc03f6c4ee4d521ae2d441afded63a6b8dfc35db2427b482be521,0.75,0.5623351446188083,1008,0.010912698412698412,SINGLE_TOKEN_SEMANTIC_RISK,1
1352010,EPAM,epam systems,2617,1175.0,1442.0,0.0,1017.0,1006.0,690.0,184,25,0.4600687810470004,b760b1294f1c1c3c7acaf7968447dba9b64ee4ce0b10d6aa81600f9526801e12,0.2529832935560859,2.279902667702978,1008,0.18253968253968253,NONE,0
1429260,FBIOP,fortress biotech,477,102.0,375.0,0.0,46.0,339.0,299.0,34,4,0.0020964360587002098,7276994fe3b691a33351d3624d75910566c16617a432697d5d342172678d794d,0.45,1.2876716260045196,1008,0.03373015873015873,NONE,0
1692819,VST,vistra,2216,582.0,1634.0,0.0,384.0,1061.0,476.0,148,7,0.20803249097472923,b760b1294f1c1c3c7acaf7968447dba9b64ee4ce0b10d6aa81600f9526801e12,0.6635514018691588,1.1521342024249905,1008,0.14682539682539683,SINGLE_TOKEN_SEMANTIC_RISK,1
927003,AEIS,advanced energy industries,1497,536.0,961.0,0.0,354.0,789.0,342.0,122,26,0.4589178356713427,1b425b87521ec0ab5e4c02aa6bbf44fa197505a03a1fa7f593d749168cc34d2f,0.21621621621621623,2.729122996417594,1008,0.12103174603174603,NONE,0
1448431,OPRX,optimizerx,602,417.0,185.0,0.0,268.0,257.0,132.0,46,5,0.19601328903654486,7a760386ea72c5ddae3e4604fdc5f7fa942ad00c5db2a3d8dffc6bcb5912ebdf,0.41025641025641024,1.2426473770101583,1008,0.04563492063492063,SINGLE_TOKEN_SEMANTIC_RISK,1
1705110,ANGI,angi homeservices,607,214.0,393.0,0.0,93.0,396.0,448.0,114,10,0.37397034596375617,b760b1294f1c1c3c7acaf7968447dba9b64ee4ce0b10d6aa81600f9526801e12,0.25,1.9365329311342112,1008,0.1130952380952381,NONE,0
1195737,NEA,nuveen amt free municipal income fund,119,98.0,21.0,0.0,81.0,30.0,32.0,4,2,0.3865546218487395,b760b1294f1c1c3c7acaf7968447dba9b64ee4ce0b10d6aa81600f9526801e12,0.9523809523809523,0.19144408195771734,1008,0.003968253968253968,PUBLISHER_CONCENTRATION_GE_80_PERCENT,1
1530804,TROX,tronox,2501,1869.0,632.0,0.0,1599.0,591.0,550.0,192,24,0.41583366653338666,7276994fe3b691a33351d3624d75910566c16617a432697d5d342172678d794d,0.2411504424778761,2.3268557436568855,1008,0.19047619047619047,SINGLE_TOKEN_SEMANTIC_RISK,1
1051003,DSU,blackrock debt strategies fund,169,145.0,24.0,0.0,136.0,29.0,68.0,14,2,0.39644970414201186,7276994fe3b691a33351d3624d75910566c16617a432697d5d342172678d794d,0.5737704918032787,0.6822231733423603,1008,0.013888888888888888,NONE,0
1050446,MSTR,microstrategy,4211,1881.0,2330.0,0.0,1625.0,1509.0,700.0,213,27,0.29422939919259083,b760b1294f1c1c3c7acaf7968447dba9b64ee4ce0b10d6aa81600f9526801e12,0.24452554744525548,2.313600273626019,1008,0.2113095238095238,SINGLE_TOKEN_SEMANTIC_RISK,1
1666175,FTS,fortis,4786,3393.0,1393.0,0.0,3424.0,889.0,256.0,97,18,0.04575846218136231,b760b1294f1c1c3c7acaf7968447dba9b64ee4ce0b10d6aa81600f9526801e12,0.4098360655737705,1.6628385309629963,1008,0.09623015873015874,SINGLE_TOKEN_SEMANTIC_RISK,1
1505952,DOMO,domo inc,690,59.0,631.0,0.0,21.0,475.0,135.0,48,1,0.21739130434782608,b760b1294f1c1c3c7acaf7968447dba9b64ee4ce0b10d6aa81600f9526801e12,1.0,-0.0,884,0.05429864253393665,PUBLISHER_CONCENTRATION_GE_80_PERCENT,1
891482,FLL,full house resorts,845,656.0,189.0,0.0,594.0,179.0,216.0,53,15,0.33136094674556216,7276994fe3b691a33351d3624d75910566c16617a432697d5d342172678d794d,0.2786885245901639,2.20161895950299,1008,0.05257936507936508,NONE,0
1308547,DLB,dolby laboratories,2132,1123.0,1009.0,0.0,919.0,760.0,535.0,165,38,0.4620075046904315,b760b1294f1c1c3c7acaf7968447dba9b64ee4ce0b10d6aa81600f9526801e12,0.21172638436482086,2.7321757905608313,1008,0.1636904761904762,NONE,0
821483,PARR,par pacific,1637,444.0,1193.0,0.0,411.0,608.0,362.0,105,11,0.38729383017715335,7276994fe3b691a33351d3624d75910566c16617a432697d5d342172678d794d,0.3310344827586207,1.9374590503689741,1008,0.10416666666666667,NONE,0
1680062,ACMR,acm research,910,185.0,725.0,0.0,29.0,477.0,144.0,63,4,0.23626373626373626,7a760386ea72c5ddae3e4604fdc5f7fa942ad00c5db2a3d8dffc6bcb5912ebdf,0.5625,1.103432909638192,1008,0.0625,NONE,0
1637459,KHC,h j heinz,1032,335.0,697.0,0.0,363.0,471.0,8.0,5,6,0.00872093023255814,7a760386ea72c5ddae3e4604fdc5f7fa942ad00c5db2a3d8dffc6bcb5912ebdf,0.3076923076923077,1.6715952780212542,1008,0.00496031746031746,NONE,0
1140625,EQNR,equinor asa,2077,86.0,1991.0,0.0,188.0,1251.0,351.0,131,3,0.30380356283100624,b760b1294f1c1c3c7acaf7968447dba9b64ee4ce0b10d6aa81600f9526801e12,0.7142857142857143,0.7589367727620595,1008,0.12996031746031747,NONE,0
1282224,DLPN,logica,1782,1610.0,172.0,0.0,1476.0,223.0,1.0,1,6,0.0,eb9b40bded431eb4f758b202da393bfb659ea741e0604809bce4fee4252c3d39,0.5,1.4729377586898837,1008,0.000992063492063492,SINGLE_TOKEN_SEMANTIC_RISK,1
1133869,CAPR,nile therapeutics,176,176.0,0.0,0.0,140.0,36.0,0.0,0,1,0.0,7a760386ea72c5ddae3e4604fdc5f7fa942ad00c5db2a3d8dffc6bcb5912ebdf,1.0,-0.0,1008,0.0,PUBLISHER_CONCENTRATION_GE_80_PERCENT,1
798528,OMEX,universal capital,94,94.0,0.0,0.0,94.0,0.0,0.0,0,0,0.0,,0.0,0.0,1008,0.0,NONE,0
1140102,HQI,command center,1057,565.0,492.0,0.0,604.0,192.0,88.0,42,7,0.014191106906338695,899feb94f03b699155327981274efda4d980eba15273b69e3928a653287f0f0a,0.3684210526315789,1.643821824832424,1008,0.041666666666666664,NONE,0
1289945,SPOK,usa mobility,176,162.0,14.0,0.0,161.0,12.0,0.0,0,0,0.0,,0.0,0.0,1008,0.0,NONE,0
921082,HIW,highwoods properties,2157,1184.0,973.0,0.0,1000.0,708.0,351.0,125,25,0.4325452016689847,7276994fe3b691a33351d3624d75910566c16617a432697d5d342172678d794d,0.224,2.4827058297137494,1008,0.12400793650793651,NONE,0
310158,MRK,schering plough,868,804.0,64.0,0.0,777.0,64.0,4.0,2,2,0.002304147465437788,899feb94f03b699155327981274efda4d980eba15273b69e3928a653287f0f0a,0.5,0.6931471805599453,1008,0.001984126984126984,NONE,0
1176199,HPI,john hancock preferred income fund,316,262.0,54.0,0.0,45.0,251.0,72.0,41,3,0.22468354430379747,7276994fe3b691a33351d3624d75910566c16617a432697d5d342172678d794d,0.8461538461538461,0.5158361211027406,1008,0.040674603174603176,PUBLISHER_CONCENTRATION_GE_80_PERCENT,1
1367859,CZWI,citizens community bancorp,319,270.0,49.0,0.0,0.0,307.0,56.0,22,9,0.5579937304075235,7276994fe3b691a33351d3624d75910566c16617a432697d5d342172678d794d,0.36507936507936506,1.6997246257692993,1008,0.021825396825396824,NONE,0
1538849,CAPL,lehigh gas partners lp,113,101.0,12.0,0.0,96.0,15.0,0.0,0,0,0.0,,0.0,0.0,1008,0.0,NONE,0
790359,NBTB,nbt bancorp,780,515.0,265.0,0.0,0.0,702.0,177.0,76,14,0.532051282051282,7276994fe3b691a33351d3624d75910566c16617a432697d5d342172678d794d,0.28688524590163933,2.050254145373388,1008,0.07539682539682539,NONE,0
1260563,NFJ,nfj dividend interest premium strategy fund,62,62.0,0.0,0.0,0.0,62.0,0.0,0,1,0.04838709677419355,0c74a14b7e1ad44393a4980b24e216d9f02db5e029fc09ad055d7b8cd93758fd,1.0,-0.0,1008,0.0,NONE,0
1228509,EHI,western asset global high income fund,189,180.0,9.0,0.0,173.0,8.0,16.0,13,1,0.06878306878306878,7276994fe3b691a33351d3624d75910566c16617a432697d5d342172678d794d,1.0,-0.0,1008,0.012896825396825396,PUBLISHER_CONCENTRATION_GE_80_PERCENT,1
34956,TENX,synthetic blood international,26,26.0,0.0,0.0,26.0,0.0,0.0,0,0,0.0,,0.0,0.0,1008,0.0,NONE,0
900391,NTZ,natuzzi s p a,268,138.0,130.0,0.0,139.0,40.0,43.0,6,0,0.041044776119402986,,0.0,0.0,1008,0.005952380952380952,NONE,0
1390195,AWP,alpine global premier properties fund,235,209.0,26.0,0.0,123.0,111.0,24.0,12,2,0.22127659574468084,7276994fe3b691a33351d3624d75910566c16617a432697d5d342172678d794d,0.96,0.167944147734173,1008,0.011904761904761904,PUBLISHER_CONCENTRATION_GE_80_PERCENT,1
918251,MPAA,motorcar parts america,24,16.0,8.0,0.0,16.0,7.0,10.0,2,3,0.4166666666666667,7276994fe3b691a33351d3624d75910566c16617a432697d5d342172678d794d,0.6666666666666666,0.8675632284814612,1008,0.001984126984126984,NONE,0
1074692,CEV,eaton vance california municipal income trust,111,111.0,0.0,0.0,71.0,40.0,12.0,6,1,0.4954954954954955,7276994fe3b691a33351d3624d75910566c16617a432697d5d342172678d794d,1.0,-0.0,1008,0.005952380952380952,PUBLISHER_CONCENTRATION_GE_80_PERCENT,1
1308927,ETB,eaton vance tax managed buy write income fund,234,231.0,3.0,0.0,163.0,70.0,40.0,34,1,0.3504273504273504,7276994fe3b691a33351d3624d75910566c16617a432697d5d342172678d794d,1.0,-0.0,1008,0.03373015873015873,PUBLISHER_CONCENTRATION_GE_80_PERCENT,1
1244183,PFL,pimco income strategy fund,224,189.0,35.0,0.0,0.0,213.0,24.0,8,2,0.28125,7276994fe3b691a33351d3624d75910566c16617a432697d5d342172678d794d,0.9615384615384616,0.16302362949436594,1008,0.007936507936507936,PUBLISHER_CONCENTRATION_GE_80_PERCENT,1
1094972,UGP,ultrapar,1376,468.0,908.0,0.0,383.0,836.0,250.0,94,14,0.3938953488372093,7276994fe3b691a33351d3624d75910566c16617a432697d5d342172678d794d,0.4424778761061947,1.79497207487526,1008,0.09325396825396826,SINGLE_TOKEN_SEMANTIC_RISK,1
1307579,LIQT,blue moose media,4,4.0,0.0,0.0,4.0,0.0,0.0,0,0,0.0,,0.0,0.0,1008,0.0,NONE,0
850027,GRF,eagle capital growth fund,66,43.0,23.0,0.0,33.0,32.0,13.0,8,3,0.4696969696969697,b760b1294f1c1c3c7acaf7968447dba9b64ee4ce0b10d6aa81600f9526801e12,0.5555555555555556,0.936888307539016,1008,0.007936507936507936,NONE,0
1332174,GSG,ishares s p gsci commodity indexed trust,194,12.0,182.0,0.0,28.0,49.0,29.0,11,0,0.26804123711340205,,0.0,0.0,1008,0.010912698412698412,NONE,0
925683,BTO,john hancock financial opportunities fund,80,52.0,28.0,0.0,25.0,37.0,16.0,12,1,0.375,b760b1294f1c1c3c7acaf7968447dba9b64ee4ce0b10d6aa81600f9526801e12,1.0,-0.0,1008,0.011904761904761904,NONE,0
1291334,FFA,first trust enhanced equity income fund,156,118.0,38.0,0.0,118.0,38.0,16.0,4,4,0.08333333333333333,b760b1294f1c1c3c7acaf7968447dba9b64ee4ce0b10d6aa81600f9526801e12,0.6,1.0888999753452238,1008,0.003968253968253968,NONE,0
842180,BBVA,banco bilbao vizcaya argentaria s a,532,55.0,477.0,0.0,49.0,227.0,49.0,24,4,0.29887218045112784,7276994fe3b691a33351d3624d75910566c16617a432697d5d342172678d794d,0.7222222222222222,0.8838756262717338,1008,0.023809523809523808,NONE,0
1512499,LIND,capitol acquisition corp ii,23,22.0,1.0,0.0,22.0,1.0,0.0,0,2,0.0,7276994fe3b691a33351d3624d75910566c16617a432697d5d342172678d794d,0.6666666666666666,0.6365141682948128,1008,0.0,NONE,0
1074952,NAC,nuveen california dividend advantage municipal fund,69,68.0,1.0,0.0,36.0,33.0,0.0,0,1,0.4927536231884058,1b425b87521ec0ab5e4c02aa6bbf44fa197505a03a1fa7f593d749168cc34d2f,1.0,-0.0,1008,0.0,NONE,0
1004702,OCFC,ocean financial,8,0.0,8.0,0.0,0.0,4.0,0.0,0,0,0.0,,0.0,0.0,1008,0.0,NONE,0
1190723,TS,tenaris sa,847,72.0,775.0,0.0,163.0,321.0,56.0,33,9,0.24439197166469895,10fcd4ce7788feb63927380fea83a2d1328c6e29233988c7cb8f96373035204e,0.23809523809523808,1.8949239288419228,1008,0.03273809523809524,NONE,0
26780,DAN,dana holding corp,157,91.0,66.0,0.0,87.0,52.0,2.0,2,9,0.5286624203821656,10fcd4ce7788feb63927380fea83a2d1328c6e29233988c7cb8f96373035204e,0.4375,1.6180011405331058,1008,0.001984126984126984,NONE,0
946486,WINT,ansan,12,0.0,12.0,0.0,6.0,5.0,1.0,1,0,0.0,,0.0,0.0,1008,0.000992063492063492,SINGLE_TOKEN_SEMANTIC_RISK,1
1075415,DHC,diversified healthcare trust,567,141.0,426.0,0.0,23.0,356.0,59.0,34,2,0.2275132275132275,b760b1294f1c1c3c7acaf7968447dba9b64ee4ce0b10d6aa81600f9526801e12,0.8333333333333334,0.45056120886630463,1008,0.03373015873015873,PUBLISHER_CONCENTRATION_GE_80_PERCENT,1
1571996,DELL,DELL,739,0.0,0.0,739.0,36.0,703.0,116.0,44,2,0.22868741542625168,666ae3d6d87f78f5ee9daa3e68642d1ecfed598080dcb538e55a66cc13df02b3,0.5,0.6931471805599453,1008,0.04365079365079365,SINGLE_TOKEN_SEMANTIC_RISK,1
1076378,CX,CX,138,0.0,0.0,138.0,43.0,95.0,58.0,29,2,0.5434782608695652,deb56840b9cdc03f6c4ee4d521ae2d441afded63a6b8dfc35db2427b482be521,0.9166666666666666,0.2868359830561607,1008,0.028769841269841268,PUBLISHER_CONCENTRATION_GE_80_PERCENT|SINGLE_TOKEN_SEMANTIC_RISK,2
1071321,TKC,TKC,31,0.0,0.0,31.0,11.0,20.0,21.0,12,0,0.41935483870967744,,0.0,0.0,1008,0.011904761904761904,SINGLE_TOKEN_SEMANTIC_RISK,1
1274494,FSLR,FSLR,52,0.0,0.0,52.0,46.0,6.0,0.0,0,2,0.11538461538461539,84625ab1a763851f03bf27f1f4f68b3b7efe198626d098151d461cbb0e262da0,0.6666666666666666,0.6365141682948128,1008,0.0,SINGLE_TOKEN_SEMANTIC_RISK,1
1383151,UUP,invesco db us dollar index bullish fund,1095,2.0,1093.0,0.0,35.0,241.0,11.0,3,0,0.09497716894977169,,0.0,0.0,1008,0.002976190476190476,NONE,0
1173489,CEVA,CEVA,38,0.0,0.0,38.0,1.0,37.0,16.0,5,0,0.42105263157894735,,0.0,0.0,1008,0.00496031746031746,SINGLE_TOKEN_SEMANTIC_RISK,1
914156,UFPT,UFPT,27,0.0,0.0,27.0,0.0,27.0,10.0,9,0,0.48148148148148145,,0.0,0.0,1008,0.008928571428571428,SINGLE_TOKEN_SEMANTIC_RISK,1
1091223,MTLS,MTLS,49,0.0,0.0,49.0,10.0,39.0,40.0,15,0,0.24489795918367346,,0.0,0.0,1008,0.01488095238095238,SINGLE_TOKEN_SEMANTIC_RISK,1
2086841,CBAT,cbak energy technology,320,16.0,304.0,0.0,10.0,70.0,76.0,30,0,0.15,,0.0,0.0,1008,0.02976190476190476,NONE,0
1681459,FTI,FTI,7,0.0,0.0,7.0,3.0,4.0,0.0,0,0,0.42857142857142855,,0.0,0.0,1008,0.0,SINGLE_TOKEN_SEMANTIC_RISK,1
820313,APH,APH,130,0.0,0.0,130.0,26.0,104.0,44.0,35,0,0.4307692307692308,,0.0,0.0,1008,0.034722222222222224,SINGLE_TOKEN_SEMANTIC_RISK,1
1578453,DLNG,dynagas lng partners lp,512,246.0,266.0,0.0,210.0,226.0,140.0,54,7,0.513671875,7276994fe3b691a33351d3624d75910566c16617a432697d5d342172678d794d,0.6666666666666666,1.007247895879831,1008,0.05357142857142857,NONE,0
1070494,ACAD,ACAD,27,0.0,0.0,27.0,18.0,9.0,4.0,2,3,0.7777777777777778,1b425b87521ec0ab5e4c02aa6bbf44fa197505a03a1fa7f593d749168cc34d2f,0.6,0.8979457248567797,1008,0.001984126984126984,SINGLE_TOKEN_SEMANTIC_RISK,1
1683825,TRVG,trivago n v,184,52.0,132.0,0.0,11.0,134.0,72.0,37,1,0.5217391304347826,b760b1294f1c1c3c7acaf7968447dba9b64ee4ce0b10d6aa81600f9526801e12,1.0,-0.0,1008,0.03670634920634921,PUBLISHER_CONCENTRATION_GE_80_PERCENT,1
1537054,GOGO,GOGO,184,0.0,0.0,184.0,23.0,161.0,113.0,52,1,0.3804347826086957,deb56840b9cdc03f6c4ee4d521ae2d441afded63a6b8dfc35db2427b482be521,1.0,-0.0,1008,0.051587301587301584,PUBLISHER_CONCENTRATION_GE_80_PERCENT|SINGLE_TOKEN_SEMANTIC_RISK,2
1370416,WPRT,WPRT,3,0.0,0.0,3.0,0.0,3.0,3.0,1,0,0.3333333333333333,,0.0,0.0,1008,0.000992063492063492,SINGLE_TOKEN_SEMANTIC_RISK,1
1347426,BMA,BMA,32,0.0,0.0,32.0,7.0,25.0,20.0,11,0,0.5,,0.0,0.0,1008,0.010912698412698412,SINGLE_TOKEN_SEMANTIC_RISK,1
1508655,TSLX,TSLX,8,0.0,0.0,8.0,0.0,8.0,3.0,1,0,0.125,,0.0,0.0,1008,0.000992063492063492,SINGLE_TOKEN_SEMANTIC_RISK,1
52988,J,J,20,0.0,0.0,20.0,3.0,17.0,13.0,4,0,0.0,,0.0,0.0,1008,0.003968253968253968,SINGLE_TOKEN_SEMANTIC_RISK,1
1396878,UGA,UGA,26,0.0,0.0,26.0,4.0,22.0,0.0,0,1,0.3076923076923077,a6b342c58afec58a888d1a4b68a52c5d20d7a65d813f5520038b11b5ef584e03,1.0,-0.0,1008,0.0,SINGLE_TOKEN_SEMANTIC_RISK,1
1459862,PALL,PALL,48,0.0,0.0,48.0,8.0,40.0,0.0,0,2,0.22916666666666666,d24cd46da47f5679446106138ee95d4b354e5df7306abdd987c7d2c8f61b776a,0.75,0.5623351446188083,0,0.0,SINGLE_TOKEN_SEMANTIC_RISK,1
1559053,PRTA,neotope,12,4.0,8.0,0.0,4.0,5.0,0.0,0,0,0.0,,0.0,0.0,1008,0.0,SINGLE_TOKEN_SEMANTIC_RISK,1
1222922,EVV,eaton vance ltd duration income fund,13,0.0,13.0,0.0,3.0,10.0,0.0,0,0,0.3076923076923077,,0.0,0.0,1008,0.0,NONE,0
1013880,TTEC,ttec holdings inc,150,54.0,96.0,0.0,41.0,77.0,69.0,44,2,0.6866666666666666,7276994fe3b691a33351d3624d75910566c16617a432697d5d342172678d794d,0.7142857142857143,0.5982695885852573,1008,0.04365079365079365,NONE,0
1053706,CRAI,CRAI,24,0.0,0.0,24.0,2.0,22.0,14.0,13,0,0.7916666666666666,,0.0,0.0,1008,0.012896825396825396,SINGLE_TOKEN_SEMANTIC_RISK,1
1328237,DBC,db commodity index tracking fund,13,4.0,9.0,0.0,0.0,6.0,0.0,0,0,0.5384615384615384,,0.0,0.0,1008,0.0,NONE,0
1353612,FXC,FXC,5,0.0,0.0,5.0,0.0,5.0,0.0,0,0,0.2,,0.0,0.0,1008,0.0,SINGLE_TOKEN_SEMANTIC_RISK,1
1534701,PSX,PSX,53,0.0,0.0,53.0,0.0,53.0,13.0,2,0,0.018867924528301886,,0.0,0.0,1008,0.001984126984126984,SINGLE_TOKEN_SEMANTIC_RISK,1
898174,RGA,RGA,17,0.0,0.0,17.0,3.0,14.0,3.0,1,0,0.5294117647058824,,0.0,0.0,1008,0.000992063492063492,SINGLE_TOKEN_SEMANTIC_RISK,1
1035443,ARE,ARE,19,0.0,0.0,19.0,1.0,18.0,1.0,1,0,0.2631578947368421,,0.0,0.0,1008,0.000992063492063492,SINGLE_TOKEN_SEMANTIC_RISK,1
809173,MMT,mfs multimarket income trust,147,104.0,43.0,0.0,39.0,90.0,28.0,28,1,0.5578231292517006,1b425b87521ec0ab5e4c02aa6bbf44fa197505a03a1fa7f593d749168cc34d2f,1.0,-0.0,1008,0.027777777777777776,PUBLISHER_CONCENTRATION_GE_80_PERCENT,1
1023313,FORR,FORR,9,0.0,0.0,9.0,2.0,7.0,0.0,0,0,0.3333333333333333,,0.0,0.0,1008,0.0,SINGLE_TOKEN_SEMANTIC_RISK,1
278166,CVCO,CVCO,2,0.0,0.0,2.0,1.0,1.0,1.0,1,0,0.0,,0.0,0.0,1008,0.000992063492063492,SINGLE_TOKEN_SEMANTIC_RISK,1
700923,MYRG,MYRG,25,0.0,0.0,25.0,1.0,24.0,10.0,9,0,0.6,,0.0,0.0,1008,0.008928571428571428,SINGLE_TOKEN_SEMANTIC_RISK,1
1157408,LRN,LRN,51,0.0,0.0,51.0,7.0,44.0,39.0,13,0,0.0,,0.0,0.0,1008,0.012896825396825396,SINGLE_TOKEN_SEMANTIC_RISK,1
1528811,VGI,VGI,2,0.0,0.0,2.0,0.0,2.0,2.0,1,0,0.0,,0.0,0.0,1008,0.000992063492063492,SINGLE_TOKEN_SEMANTIC_RISK,1
1520697,ACHC,ACHC,2,0.0,0.0,2.0,2.0,0.0,0.0,0,1,1.0,84625ab1a763851f03bf27f1f4f68b3b7efe198626d098151d461cbb0e262da0,1.0,-0.0,1008,0.0,SINGLE_TOKEN_SEMANTIC_RISK,1
868857,ACM,ACM,6,0.0,0.0,6.0,6.0,0.0,0.0,0,1,1.0,1b425b87521ec0ab5e4c02aa6bbf44fa197505a03a1fa7f593d749168cc34d2f,1.0,-0.0,1008,0.0,SINGLE_TOKEN_SEMANTIC_RISK,1
1211805,MYSZ,mysize,15,15.0,0.0,0.0,1.0,14.0,14.0,1,1,0.06666666666666667,1b425b87521ec0ab5e4c02aa6bbf44fa197505a03a1fa7f593d749168cc34d2f,1.0,-0.0,1008,0.000992063492063492,SINGLE_TOKEN_SEMANTIC_RISK,1
1222719,CHY,CHY,4,0.0,0.0,4.0,4.0,0.0,0.0,0,0,0.0,,0.0,0.0,1008,0.0,SINGLE_TOKEN_SEMANTIC_RISK,1
1275617,UTF,cohen steers select utility fund,18,18.0,0.0,0.0,0.0,18.0,0.0,0,0,0.0,,0.0,0.0,1008,0.0,NONE,0
18230,CAT,CAT,54,0.0,0.0,54.0,10.0,44.0,6.0,3,4,0.35185185185185186,1b425b87521ec0ab5e4c02aa6bbf44fa197505a03a1fa7f593d749168cc34d2f,0.8333333333333334,0.623848004006291,1008,0.002976190476190476,SINGLE_TOKEN_SEMANTIC_RISK,1
1401257,FET,forum oilfield technologies,4,4.0,0.0,0.0,4.0,0.0,0.0,0,0,0.0,,0.0,0.0,1008,0.0,NONE,0
912892,TV,TV,29,0.0,0.0,29.0,6.0,23.0,13.0,6,0,0.3793103448275862,,0.0,0.0,1008,0.005952380952380952,SINGLE_TOKEN_SEMANTIC_RISK,1
863064,RIO,RIO,5,0.0,0.0,5.0,0.0,5.0,1.0,1,0,0.0,,0.0,0.0,1008,0.000992063492063492,SINGLE_TOKEN_SEMANTIC_RISK,1
1245648,FLC,FLC,2,0.0,0.0,2.0,0.0,2.0,2.0,1,0,0.0,,0.0,0.0,1008,0.000992063492063492,SINGLE_TOKEN_SEMANTIC_RISK,1
884624,OFIX,OFIX,6,0.0,0.0,6.0,1.0,5.0,4.0,4,0,0.6666666666666666,,0.0,0.0,1008,0.003968253968253968,SINGLE_TOKEN_SEMANTIC_RISK,1
1703079,XFLT,xai octagon floating rate alternative income term trust,23,23.0,0.0,0.0,1.0,22.0,20.0,20,0,1.0,,0.0,0.0,1008,0.01984126984126984,NONE,0
1009829,JAKK,JAKK,8,0.0,0.0,8.0,8.0,0.0,0.0,0,1,1.0,deb56840b9cdc03f6c4ee4d521ae2d441afded63a6b8dfc35db2427b482be521,1.0,-0.0,1008,0.0,SINGLE_TOKEN_SEMANTIC_RISK,1
1874071,PDLB,PDLB,8,0.0,0.0,8.0,0.0,8.0,7.0,4,0,0.5,,0.0,0.0,1008,0.003968253968253968,SINGLE_TOKEN_SEMANTIC_RISK,1
1541401,ESRT,ESRT,1,0.0,0.0,1.0,0.0,1.0,0.0,0,0,1.0,,0.0,0.0,1008,0.0,SINGLE_TOKEN_SEMANTIC_RISK,1
1295947,PBH,PBH,4,0.0,0.0,4.0,0.0,4.0,0.0,0,0,0.25,,0.0,0.0,1008,0.0,SINGLE_TOKEN_SEMANTIC_RISK,1
1090116,NVG,nuveen enhanced amt free municipal credit opportunities fund,8,0.0,8.0,0.0,0.0,4.0,0.0,0,0,0.375,,0.0,0.0,1008,0.0,NONE,0
913059,BBAR,BBAR,16,0.0,0.0,16.0,6.0,10.0,9.0,4,0,0.5,,0.0,0.0,1008,0.003968253968253968,SINGLE_TOKEN_SEMANTIC_RISK,1
1314966,BME,BME,4,0.0,0.0,4.0,0.0,4.0,0.0,0,0,0.25,,0.0,0.0,1008,0.0,SINGLE_TOKEN_SEMANTIC_RISK,1
1396814,PCRX,PCRX,31,0.0,0.0,31.0,30.0,1.0,0.0,0,1,1.0,deb56840b9cdc03f6c4ee4d521ae2d441afded63a6b8dfc35db2427b482be521,1.0,-0.0,1008,0.0,SINGLE_TOKEN_SEMANTIC_RISK,1
1293135,VET,VET,3,0.0,0.0,3.0,1.0,2.0,3.0,2,0,0.3333333333333333,,0.0,0.0,1008,0.001984126984126984,SINGLE_TOKEN_SEMANTIC_RISK,1
1467760,ARI,ARI,8,0.0,0.0,8.0,0.0,8.0,0.0,0,0,0.125,,0.0,0.0,1008,0.0,SINGLE_TOKEN_SEMANTIC_RISK,1
702165,NSC,NSC,58,0.0,0.0,58.0,58.0,0.0,0.0,0,1,1.0,deb56840b9cdc03f6c4ee4d521ae2d441afded63a6b8dfc35db2427b482be521,1.0,-0.0,1008,0.0,SINGLE_TOKEN_SEMANTIC_RISK,1
1409171,TITN,TITN,2,0.0,0.0,2.0,0.0,2.0,0.0,0,1,1.0,d014d5a638eac5b2d935d6b6b173e4769692dc2a63efe5b382d586866929bd06,1.0,-0.0,1008,0.0,SINGLE_TOKEN_SEMANTIC_RISK,1
1051003,DSU,debt strategies fund,4,4.0,0.0,0.0,4.0,0.0,0.0,0,0,0.0,,0.0,0.0,1008,0.0,NONE,0
811596,KALU,KALU,1,0.0,0.0,1.0,0.0,1.0,0.0,0,0,0.0,,0.0,0.0,1008,0.0,SINGLE_TOKEN_SEMANTIC_RISK,1
1173420,NG,NG,11,0.0,0.0,11.0,6.0,5.0,5.0,2,0,0.36363636363636365,,0.0,0.0,1008,0.001984126984126984,SINGLE_TOKEN_SEMANTIC_RISK,1
1075531,BKNG,BKNG,4,0.0,0.0,4.0,2.0,2.0,4.0,2,0,0.5,,0.0,0.0,1008,0.001984126984126984,SINGLE_TOKEN_SEMANTIC_RISK,1
1520048,PVL,PVL,3,0.0,0.0,3.0,0.0,3.0,0.0,0,0,0.3333333333333333,,0.0,0.0,1008,0.0,SINGLE_TOKEN_SEMANTIC_RISK,1
1636289,ACV,virtus allianzgi diversified income convertible,14,11.0,3.0,0.0,0.0,14.0,14.0,12,0,0.8571428571428571,,0.0,0.0,1008,0.011904761904761904,NONE,0
879585,ATNI,ATNI,32,0.0,0.0,32.0,1.0,31.0,16.0,15,0,0.78125,,0.0,0.0,1008,0.01488095238095238,SINGLE_TOKEN_SEMANTIC_RISK,1
1585608,JAGX,JAGX,2,0.0,0.0,2.0,0.0,2.0,2.0,1,0,0.0,,0.0,0.0,1008,0.000992063492063492,SINGLE_TOKEN_SEMANTIC_RISK,1
317788,APPS,seahawk capital,1,0.0,1.0,0.0,0.0,0.0,0.0,0,0,0.0,,0.0,0.0,1008,0.0,NONE,0
1602584,CCD,CCD,6,0.0,0.0,6.0,0.0,6.0,0.0,0,0,0.0,,0.0,0.0,1008,0.0,SINGLE_TOKEN_SEMANTIC_RISK,1
1528988,BUI,BUI,4,0.0,0.0,4.0,4.0,0.0,0.0,0,0,0.5,,0.0,0.0,1008,0.0,SINGLE_TOKEN_SEMANTIC_RISK,1
3570,LNG,LNG,3,0.0,0.0,3.0,1.0,2.0,0.0,0,0,0.3333333333333333,,0.0,0.0,1008,0.0,SINGLE_TOKEN_SEMANTIC_RISK,1
1415311,YCS,KOLD,3,0.0,0.0,3.0,0.0,3.0,0.0,0,0,0.0,,0.0,0.0,1008,0.0,SINGLE_TOKEN_SEMANTIC_RISK,1
96021,SYY,SYY,14,0.0,0.0,14.0,14.0,0.0,0.0,0,1,1.0,deb56840b9cdc03f6c4ee4d521ae2d441afded63a6b8dfc35db2427b482be521,1.0,-0.0,1008,0.0,SINGLE_TOKEN_SEMANTIC_RISK,1
1049521,MRCY,MRCY,12,0.0,0.0,12.0,12.0,0.0,12.0,3,2,1.0,fd7425846ea62437d770cdb9d69a5951ab33b237b3bab17ac568ce2742c7bea3,0.6666666666666666,0.6365141682948128,1008,0.002976190476190476,SINGLE_TOKEN_SEMANTIC_RISK,1
1227073,ERC,allspring multi sector income fund,2,2.0,0.0,0.0,1.0,1.0,1.0,1,0,1.0,,0.0,0.0,1008,0.000992063492063492,NONE,0
1486298,BSL,blackstone senior floating rate term fund,14,13.0,1.0,0.0,0.0,14.0,13.0,13,0,1.0,,0.0,0.0,1008,0.012896825396825396,NONE,0
877463,VKQ,invesco van kampen municipal trust,2,1.0,1.0,0.0,1.0,1.0,0.0,0,0,1.0,,0.0,0.0,1008,0.0,NONE,0
1061983,CYTK,CYTK,2,0.0,0.0,2.0,2.0,0.0,2.0,1,1,1.0,08f472aed74b038b1cd05a1e3cd5afd5b1a5ccd3c9ab2b14bf706239f26376a8,1.0,-0.0,1008,0.000992063492063492,SINGLE_TOKEN_SEMANTIC_RISK,1
1383057,DBP,DBP,1,0.0,0.0,1.0,1.0,0.0,0.0,0,0,1.0,,0.0,0.0,1008,0.0,SINGLE_TOKEN_SEMANTIC_RISK,1
1326380,GME,gamestop,20896,9539.0,11357.0,0.0,7239.0,8569.0,6155.0,736,119,0.39414241960183766,7276994fe3b691a33351d3624d75910566c16617a432697d5d342172678d794d,0.1878812525416836,3.294895492784512,1008,0.7301587301587301,SINGLE_TOKEN_SEMANTIC_RISK,1
1551152,ABBV,abbvie,28892,11561.0,17331.0,0.0,8298.0,13339.0,7434.0,1003,44,0.23217499653883428,7276994fe3b691a33351d3624d75910566c16617a432697d5d342172678d794d,0.165402124430956,2.501737989426233,1008,0.9950396825396826,IMPLAUSIBLY_HIGH_TRAINING_DAY_COVERAGE|SINGLE_TOKEN_SEMANTIC_RISK,2
1360901,EVR,evercore,17501,6576.0,10925.0,0.0,5724.0,7254.0,4393.0,717,68,0.07382435289412033,1b425b87521ec0ab5e4c02aa6bbf44fa197505a03a1fa7f593d749168cc34d2f,0.2625466611364579,2.6900604709018183,1008,0.7113095238095238,SINGLE_TOKEN_SEMANTIC_RISK,1
1373715,NOW,servicenow,10159,4751.0,5408.0,0.0,3379.0,3850.0,2458.0,454,40,0.3210945959247957,6752e69d6ebc246e5369e53b5493b1c51f51433551b895d3c67b2e427520e39e,0.20545868081880211,2.516386760161038,1008,0.4503968253968254,SINGLE_TOKEN_SEMANTIC_RISK,1
1579157,VNCE,vince,6585,998.0,5587.0,0.0,1379.0,2065.0,1049.0,384,23,0.008048595292331056,7276994fe3b691a33351d3624d75910566c16617a432697d5d342172678d794d,0.3951219512195122,1.826506667844728,1008,0.38095238095238093,SINGLE_TOKEN_SEMANTIC_RISK,1
1336920,LDOS,leidos,4768,2563.0,2205.0,0.0,2151.0,1760.0,1288.0,328,25,0.45302013422818793,7276994fe3b691a33351d3624d75910566c16617a432697d5d342172678d794d,0.1717948717948718,2.2891212041387634,1008,0.3253968253968254,SINGLE_TOKEN_SEMANTIC_RISK,1
874761,AES,aes corp,3342,1005.0,2337.0,0.0,992.0,1402.0,684.0,180,18,0.25104727707959307,7a760386ea72c5ddae3e4604fdc5f7fa942ad00c5db2a3d8dffc6bcb5912ebdf,0.6706586826347305,1.303700113960512,1008,0.17857142857142858,NONE,0
914475,NBIX,neurocrine biosciences,2732,1651.0,1081.0,0.0,1421.0,785.0,816.0,212,37,0.4443631039531479,7276994fe3b691a33351d3624d75910566c16617a432697d5d342172678d794d,0.17536534446764093,2.707934932902445,1008,0.21031746031746032,NONE,0
1474903,BGSF,bg staffing,959,524.0,435.0,0.0,342.0,416.0,503.0,126,11,0.470281543274244,7a760386ea72c5ddae3e4604fdc5f7fa942ad00c5db2a3d8dffc6bcb5912ebdf,0.39766081871345027,1.579615973124827,1008,0.125,NONE,0
1108524,CRM,salesforce,37222,14783.0,22439.0,0.0,10467.0,15144.0,6706.0,970,94,0.2004728386438128,6752e69d6ebc246e5369e53b5493b1c51f51433551b895d3c67b2e427520e39e,0.16292335115864529,2.990097434757605,1008,0.9623015873015873,EDGE_COUNT_TOP_1_PERCENT|IMPLAUSIBLY_HIGH_TRAINING_DAY_COVERAGE|SINGLE_TOKEN_SEMANTIC_RISK,3
1026785,HIHO,highway,17299,5928.0,11371.0,0.0,7188.0,4213.0,755.0,319,30,0.0020810451471183307,7276994fe3b691a33351d3624d75910566c16617a432697d5d342172678d794d,0.21161825726141079,2.6462162736027377,1008,0.31646825396825395,SINGLE_TOKEN_SEMANTIC_RISK,1
1406234,BIP,BIP,2137,0.0,0.0,2137.0,593.0,1544.0,1120.0,357,1,0.31867103416003745,1b425b87521ec0ab5e4c02aa6bbf44fa197505a03a1fa7f593d749168cc34d2f,1.0,-0.0,1008,0.3541666666666667,PUBLISHER_CONCENTRATION_GE_80_PERCENT|SINGLE_TOKEN_SEMANTIC_RISK,2
1406234,BIP,brookfield infrastructure partners l p,995,270.0,725.0,0.0,242.0,591.0,145.0,52,7,0.45226130653266333,7276994fe3b691a33351d3624d75910566c16617a432697d5d342172678d794d,0.41025641025641024,1.450301376135269,1008,0.051587301587301584,NONE,0
1002638,OTEX,open text,2204,1473.0,731.0,0.0,1213.0,664.0,378.0,131,42,0.42105263157894735,7276994fe3b691a33351d3624d75910566c16617a432697d5d342172678d794d,0.23391812865497075,2.850929809127424,1008,0.12996031746031747,NONE,0
1078075,NTCT,netscout systems,1057,587.0,470.0,0.0,459.0,463.0,163.0,58,10,0.2052980132450331,54cdaa1af72fd153cc9dc0d244fb43a089e1f19b0524cbb0e47b632c54047c9d,0.4090909090909091,1.7148768373259644,1008,0.057539682539682536,NONE,0
1018724,AMZN,amazon com,76196,5941.0,70255.0,0.0,5391.0,37311.0,9356.0,1120,57,0.043151871489317026,b760b1294f1c1c3c7acaf7968447dba9b64ee4ce0b10d6aa81600f9526801e12,0.3851921274601687,2.196670493096202,1008,1.0,EDGE_COUNT_TOP_1_PERCENT|IMPLAUSIBLY_HIGH_TRAINING_DAY_COVERAGE,2
1341335,FSM,fortuna silver mines,1094,462.0,632.0,0.0,405.0,536.0,431.0,109,16,0.3912248628884826,7276994fe3b691a33351d3624d75910566c16617a432697d5d342172678d794d,0.563953488372093,1.6818061716769537,1008,0.10813492063492064,NONE,0
1217234,CDNA,caredx,1425,946.0,479.0,0.0,789.0,508.0,689.0,138,21,0.503859649122807,7276994fe3b691a33351d3624d75910566c16617a432697d5d342172678d794d,0.2,2.284306035288898,1008,0.13690476190476192,SINGLE_TOKEN_SEMANTIC_RISK,1
1045609,PLD,prologis,10508,4926.0,5582.0,0.0,3673.0,4215.0,1803.0,455,16,0.16768176627331557,7a760386ea72c5ddae3e4604fdc5f7fa942ad00c5db2a3d8dffc6bcb5912ebdf,0.5884101040118871,1.248123611800997,1008,0.4513888888888889,SINGLE_TOKEN_SEMANTIC_RISK,1
879101,KIM,kimco realty,4050,2150.0,1900.0,0.0,1651.0,1578.0,1041.0,294,35,0.40469135802469136,7a760386ea72c5ddae3e4604fdc5f7fa942ad00c5db2a3d8dffc6bcb5912ebdf,0.23345588235294118,2.56162566149134,1008,0.2916666666666667,NONE,0
913290,FRO,frontline,8514,3765.0,4749.0,0.0,3807.0,2623.0,1257.0,399,52,0.1719520789288231,7276994fe3b691a33351d3624d75910566c16617a432697d5d342172678d794d,0.44026548672566373,2.3342485098941164,1008,0.3958333333333333,SINGLE_TOKEN_SEMANTIC_RISK,1
2082866,PNFP,pinnacle financial partners,1750,714.0,1036.0,0.0,550.0,791.0,444.0,127,23,0.37942857142857145,7276994fe3b691a33351d3624d75910566c16617a432697d5d342172678d794d,0.3127962085308057,2.1453862141955824,1008,0.1259920634920635,NONE,0
1067701,URI,united rentals,7325,3047.0,4278.0,0.0,2221.0,3761.0,1635.0,377,27,0.2570648464163823,7a760386ea72c5ddae3e4604fdc5f7fa942ad00c5db2a3d8dffc6bcb5912ebdf,0.315702479338843,2.3054117363136877,1008,0.3740079365079365,NONE,0
885639,KSS,kohls,1717,183.0,1534.0,0.0,223.0,1142.0,285.0,59,14,0.39662201514269074,6752e69d6ebc246e5369e53b5493b1c51f51433551b895d3c67b2e427520e39e,0.1935483870967742,2.277737458726676,1008,0.05853174603174603,SINGLE_TOKEN_SEMANTIC_RISK,1
1005516,BOSC,BOSC,29,0.0,0.0,29.0,2.0,27.0,8.0,5,1,0.4827586206896552,84625ab1a763851f03bf27f1f4f68b3b7efe198626d098151d461cbb0e262da0,1.0,-0.0,1008,0.00496031746031746,SINGLE_TOKEN_SEMANTIC_RISK,1
1035443,ARE,alexandria real estate equities,4371,1391.0,2980.0,0.0,1131.0,2245.0,856.0,229,20,0.3104552733928163,b760b1294f1c1c3c7acaf7968447dba9b64ee4ce0b10d6aa81600f9526801e12,0.3250883392226148,2.071346088922409,1008,0.22718253968253968,NONE,0
1165002,WHG,westwood,2706,1611.0,1095.0,0.0,1517.0,605.0,139.0,56,18,0.014781966001478197,b760b1294f1c1c3c7acaf7968447dba9b64ee4ce0b10d6aa81600f9526801e12,0.5333333333333333,1.6606421499020798,1008,0.05555555555555555,SINGLE_TOKEN_SEMANTIC_RISK,1
1524025,TLYS,tilly s,2456,1480.0,976.0,0.0,1108.0,1067.0,906.0,155,29,0.46579804560260585,7a760386ea72c5ddae3e4604fdc5f7fa942ad00c5db2a3d8dffc6bcb5912ebdf,0.36590038314176243,2.151177991639284,1008,0.15376984126984128,NONE,0
1935979,BHVN,biohaven,1544,593.0,951.0,0.0,410.0,756.0,737.0,124,7,0.2033678756476684,bc866712ec3d41f918d736dba6181bfae8068e106956a8f51e7e26914276ce1e,0.7134831460674157,0.958965764222923,630,0.19682539682539682,SINGLE_TOKEN_SEMANTIC_RISK,1
1226616,MNOV,medicinova,1953,1239.0,714.0,0.0,1120.0,643.0,884.0,104,23,0.35432667690732206,7276994fe3b691a33351d3624d75910566c16617a432697d5d342172678d794d,0.2398921832884097,2.250822713204563,1008,0.10317460317460317,SINGLE_TOKEN_SEMANTIC_RISK,1
1048477,BMRN,biomarin pharmaceutical,3930,1269.0,2661.0,0.0,1094.0,1811.0,793.0,231,35,0.4582697201017812,b760b1294f1c1c3c7acaf7968447dba9b64ee4ce0b10d6aa81600f9526801e12,0.21739130434782608,2.781470459656855,1008,0.22916666666666666,NONE,0
1022079,DGX,quest diagnostics,7227,4626.0,2601.0,0.0,3503.0,2791.0,1740.0,331,54,0.368064203680642,7a760386ea72c5ddae3e4604fdc5f7fa942ad00c5db2a3d8dffc6bcb5912ebdf,0.34642233856893545,2.571477248344139,1008,0.32837301587301587,NONE,0
771266,KOPN,kopin,1122,898.0,224.0,0.0,790.0,273.0,230.0,71,25,0.42602495543672014,7276994fe3b691a33351d3624d75910566c16617a432697d5d342172678d794d,0.24864864864864866,2.359372219055676,1008,0.07043650793650794,SINGLE_TOKEN_SEMANTIC_RISK,1
1130144,BSRR,sierra bancorp,777,545.0,232.0,0.0,0.0,765.0,199.0,73,19,0.5212355212355212,7276994fe3b691a33351d3624d75910566c16617a432697d5d342172678d794d,0.2734375,2.0718434532573897,1008,0.07242063492063493,NONE,0
1680247,PUMP,propetro,1328,392.0,936.0,0.0,251.0,737.0,483.0,122,6,0.26506024096385544,7276994fe3b691a33351d3624d75910566c16617a432697d5d342172678d794d,0.3246753246753247,1.4239823136626928,1008,0.12103174603174603,SINGLE_TOKEN_SEMANTIC_RISK,1
1508475,VNET,21vianet,1968,1246.0,722.0,0.0,1055.0,675.0,451.0,91,30,0.43902439024390244,7276994fe3b691a33351d3624d75910566c16617a432697d5d342172678d794d,0.19414893617021275,2.5873395811083637,1008,0.09027777777777778,SINGLE_TOKEN_SEMANTIC_RISK,1
1086222,AKAM,akamai technologies,4475,1234.0,3241.0,0.0,797.0,2404.0,911.0,266,20,0.3313966480446927,b760b1294f1c1c3c7acaf7968447dba9b64ee4ce0b10d6aa81600f9526801e12,0.34074074074074073,2.20234769078734,1008,0.2638888888888889,NONE,0
47217,HPQ,HPQ,1567,0.0,0.0,1567.0,205.0,1362.0,379.0,164,1,0.2603701340140396,cb40aebc8132de85c20e0bdc007ded0bc12e3f7d6b3252cd6cdd67ec47850115,1.0,-0.0,1008,0.1626984126984127,PUBLISHER_CONCENTRATION_GE_80_PERCENT|SINGLE_TOKEN_SEMANTIC_RISK,2
1379041,EIG,employers,34723,8464.0,26259.0,0.0,11780.0,12120.0,1970.0,582,37,0.018517985197131583,7276994fe3b691a33351d3624d75910566c16617a432697d5d342172678d794d,0.22108843537414966,2.5073904515178924,1008,0.5773809523809523,EDGE_COUNT_TOP_1_PERCENT|SINGLE_TOKEN_SEMANTIC_RISK,2
1318885,DSX,diana shipping,2833,2288.0,545.0,0.0,1991.0,726.0,647.0,171,46,0.49982350864807623,7276994fe3b691a33351d3624d75910566c16617a432697d5d342172678d794d,0.2511144130757801,2.5695753106433745,1008,0.16964285714285715,NONE,0
924383,GNSS,lrad corp,56,44.0,12.0,0.0,44.0,8.0,10.0,5,6,0.05357142857142857,1b425b87521ec0ab5e4c02aa6bbf44fa197505a03a1fa7f593d749168cc34d2f,0.42857142857142855,1.455599189976945,1008,0.00496031746031746,NONE,0
1674910,VVV,valvoline,1390,525.0,865.0,0.0,353.0,729.0,338.0,119,12,0.21366906474820144,b760b1294f1c1c3c7acaf7968447dba9b64ee4ce0b10d6aa81600f9526801e12,0.3177570093457944,1.881812566169239,1008,0.11805555555555555,SINGLE_TOKEN_SEMANTIC_RISK,1
844965,TTI,tetra technologies,1027,646.0,381.0,0.0,552.0,353.0,167.0,63,8,0.16845180136319376,6752e69d6ebc246e5369e53b5493b1c51f51433551b895d3c67b2e427520e39e,0.4090909090909091,1.6191314561520345,1008,0.0625,NONE,0
1520006,MTDR,matador resources,4987,1614.0,3373.0,0.0,1288.0,1950.0,659.0,198,21,0.33767796270302786,7276994fe3b691a33351d3624d75910566c16617a432697d5d342172678d794d,0.20512820512820512,2.3886152904537457,1008,0.19642857142857142,NONE,0
1104485,NOG,northern oil gas,900,379.0,521.0,0.0,434.0,302.0,268.0,82,29,0.43777777777777777,7276994fe3b691a33351d3624d75910566c16617a432697d5d342172678d794d,0.3835616438356164,2.3953435898964535,1008,0.08134920634920635,NONE,0
1207179,GLNG,golar lng,4300,2977.0,1323.0,0.0,2634.0,1370.0,983.0,223,38,0.2997674418604651,7276994fe3b691a33351d3624d75910566c16617a432697d5d342172678d794d,0.3898305084745763,2.3921237947385894,1008,0.22123015873015872,NONE,0
1603978,AQB,aquabounty technologies,215,75.0,140.0,0.0,50.0,124.0,139.0,27,8,0.21395348837209302,6d85c5fcd083a75f7715c2add959f733b76cef5669e291147c7bb4af1f38a75b,0.42105263157894735,1.7040703402696964,1008,0.026785714285714284,NONE,0
882835,ROP,roper technologies,3803,1223.0,2580.0,0.0,1001.0,1513.0,1167.0,303,18,0.3536681567183802,b760b1294f1c1c3c7acaf7968447dba9b64ee4ce0b10d6aa81600f9526801e12,0.23425692695214106,2.148336531459278,1008,0.3005952380952381,NONE,0
1142750,AMN,amn healthcare services,3885,564.0,3321.0,0.0,343.0,2898.0,291.0,110,3,0.33178893178893176,b760b1294f1c1c3c7acaf7968447dba9b64ee4ce0b10d6aa81600f9526801e12,0.676056338028169,0.7794803478551084,1008,0.10912698412698413,NONE,0
1441683,APPN,appian,1611,882.0,729.0,0.0,618.0,622.0,402.0,177,7,0.24767225325884543,215816bf42103f1f2b24c168779f1fb0ea3afcb7a2c627e42e0bcd7fe07eb70a,0.325,1.7331542204489105,1008,0.17559523809523808,SINGLE_TOKEN_SEMANTIC_RISK,1
1321732,PEN,penumbra,2178,703.0,1475.0,0.0,351.0,1158.0,444.0,121,6,0.24885215794306703,7a760386ea72c5ddae3e4604fdc5f7fa942ad00c5db2a3d8dffc6bcb5912ebdf,0.5299145299145299,1.3368056968464666,1008,0.12003968253968254,SINGLE_TOKEN_SEMANTIC_RISK,1
1125376,ENSG,ensign,3420,2173.0,1247.0,0.0,1645.0,1203.0,779.0,219,30,0.34210526315789475,7a760386ea72c5ddae3e4604fdc5f7fa942ad00c5db2a3d8dffc6bcb5912ebdf,0.3798449612403101,2.186491970587149,1008,0.21726190476190477,SINGLE_TOKEN_SEMANTIC_RISK,1
1520262,ALKS,ALKS,16,0.0,0.0,16.0,16.0,0.0,6.0,2,4,1.0,1b425b87521ec0ab5e4c02aa6bbf44fa197505a03a1fa7f593d749168cc34d2f,0.375,1.2554823251787535,1008,0.001984126984126984,SINGLE_TOKEN_SEMANTIC_RISK,1
1530950,POST,post holdings inc,2312,272.0,2040.0,0.0,251.0,1575.0,292.0,113,9,0.3732698961937716,b760b1294f1c1c3c7acaf7968447dba9b64ee4ce0b10d6aa81600f9526801e12,0.676056338028169,1.2050454523765746,1008,0.11210317460317461,NONE,0
1169770,BANC,banc of california,1706,1076.0,630.0,0.0,810.0,837.0,363.0,115,16,0.42555685814771393,7276994fe3b691a33351d3624d75910566c16617a432697d5d342172678d794d,0.380327868852459,1.9115638256513645,1008,0.11408730158730158,NONE,0
1076930,NOVT,novanta,331,136.0,195.0,0.0,63.0,180.0,151.0,53,4,0.3081570996978852,b760b1294f1c1c3c7acaf7968447dba9b64ee4ce0b10d6aa81600f9526801e12,0.625,0.8738453902678429,1008,0.05257936507936508,SINGLE_TOKEN_SEMANTIC_RISK,1
1227073,ERC,wells fargo multi sector income fund,237,176.0,61.0,0.0,96.0,141.0,59.0,36,1,0.3206751054852321,7276994fe3b691a33351d3624d75910566c16617a432697d5d342172678d794d,1.0,-0.0,1008,0.03571428571428571,PUBLISHER_CONCENTRATION_GE_80_PERCENT,1
738214,AMTX,aemetis,878,448.0,430.0,0.0,358.0,373.0,404.0,79,11,0.4271070615034169,7276994fe3b691a33351d3624d75910566c16617a432697d5d342172678d794d,0.33613445378151263,1.7756925872655023,1008,0.07837301587301587,SINGLE_TOKEN_SEMANTIC_RISK,1
1129137,AMX,AMX,163,0.0,0.0,163.0,39.0,124.0,33.0,14,1,0.3619631901840491,deb56840b9cdc03f6c4ee4d521ae2d441afded63a6b8dfc35db2427b482be521,1.0,-0.0,1008,0.013888888888888888,PUBLISHER_CONCENTRATION_GE_80_PERCENT|SINGLE_TOKEN_SEMANTIC_RISK,2
1389050,AROC,iliad,1305,808.0,497.0,0.0,825.0,354.0,46.0,28,6,0.0,7276994fe3b691a33351d3624d75910566c16617a432697d5d342172678d794d,0.30434782608695654,1.7142031713432857,1008,0.027777777777777776,SINGLE_TOKEN_SEMANTIC_RISK,1
1347426,BMA,macro bank,225,45.0,180.0,0.0,14.0,116.0,61.0,21,1,0.4311111111111111,7a760386ea72c5ddae3e4604fdc5f7fa942ad00c5db2a3d8dffc6bcb5912ebdf,1.0,-0.0,1008,0.020833333333333332,PUBLISHER_CONCENTRATION_GE_80_PERCENT,1
1227500,EQBK,equity bancshares,483,177.0,306.0,0.0,46.0,404.0,87.0,27,3,0.16977225672877846,7276994fe3b691a33351d3624d75910566c16617a432697d5d342172678d794d,0.5294117647058824,1.0027399543973452,1008,0.026785714285714284,NONE,0
102212,UVSP,univest corp of pennsylvania,96,93.0,3.0,0.0,75.0,21.0,40.0,9,3,0.4270833333333333,b760b1294f1c1c3c7acaf7968447dba9b64ee4ce0b10d6aa81600f9526801e12,0.7857142857142857,0.6330883103571556,1008,0.008928571428571428,NONE,0
1508655,TSLX,tpg specialty lending,770,605.0,165.0,0.0,489.0,254.0,365.0,96,13,0.4961038961038961,7276994fe3b691a33351d3624d75910566c16617a432697d5d342172678d794d,0.6153846153846154,1.5228940151544312,1008,0.09523809523809523,NONE,0
1552198,WHF,whitehorse finance,676,506.0,170.0,0.0,420.0,245.0,263.0,81,12,0.6198224852071006,7276994fe3b691a33351d3624d75910566c16617a432697d5d342172678d794d,0.47368421052631576,1.7854067269866263,1008,0.08035714285714286,NONE,0
315709,IBOC,international bancshares,381,193.0,188.0,0.0,181.0,196.0,71.0,22,9,0.29658792650918636,7276994fe3b691a33351d3624d75910566c16617a432697d5d342172678d794d,0.44642857142857145,1.792909454168805,1008,0.021825396825396824,NONE,0
846913,FTEK,fuel tech,1569,1129.0,440.0,0.0,1004.0,436.0,473.0,58,29,0.33588272785213513,7276994fe3b691a33351d3624d75910566c16617a432697d5d342172678d794d,0.3248175182481752,2.419514005084038,1008,0.057539682539682536,NONE,0
1580345,TPVG,triplepoint venture growth bdc,340,153.0,187.0,0.0,96.0,234.0,135.0,57,8,0.4411764705882353,7a760386ea72c5ddae3e4604fdc5f7fa942ad00c5db2a3d8dffc6bcb5912ebdf,0.3181818181818182,1.8417554236044025,1008,0.05654761904761905,NONE,0
1060822,CRI,carters,143,40.0,103.0,0.0,21.0,97.0,25.0,7,7,0.2867132867132867,7a760386ea72c5ddae3e4604fdc5f7fa942ad00c5db2a3d8dffc6bcb5912ebdf,0.4166666666666667,1.6987829895138007,1008,0.006944444444444444,SINGLE_TOKEN_SEMANTIC_RISK,1
108985,YORW,york water,914,398.0,516.0,0.0,301.0,469.0,176.0,59,3,0.2614879649890591,7a760386ea72c5ddae3e4604fdc5f7fa942ad00c5db2a3d8dffc6bcb5912ebdf,0.5573770491803278,0.993047600262441,1008,0.05853174603174603,NONE,0
1665300,PHUN,phunware,472,184.0,288.0,0.0,78.0,254.0,238.0,49,2,0.25,7276994fe3b691a33351d3624d75910566c16617a432697d5d342172678d794d,0.9565217391304348,0.17884491271684755,1008,0.04861111111111111,PUBLISHER_CONCENTRATION_GE_80_PERCENT|SINGLE_TOKEN_SEMANTIC_RISK,2
1364250,DEI,douglas emmett,1238,671.0,567.0,0.0,494.0,548.0,212.0,95,7,0.2689822294022617,b760b1294f1c1c3c7acaf7968447dba9b64ee4ce0b10d6aa81600f9526801e12,0.4827586206896552,1.5133032431510924,1008,0.09424603174603174,NONE,0
887343,COLB,columbia banking system,1395,722.0,673.0,0.0,603.0,580.0,228.0,91,20,0.3985663082437276,7276994fe3b691a33351d3624d75910566c16617a432697d5d342172678d794d,0.3835616438356164,2.1961712648252547,1008,0.09027777777777778,NONE,0
1094038,MRKR,tapimmune,281,250.0,31.0,0.0,248.0,33.0,43.0,5,1,0.0,7276994fe3b691a33351d3624d75910566c16617a432697d5d342172678d794d,1.0,-0.0,1008,0.00496031746031746,PUBLISHER_CONCENTRATION_GE_80_PERCENT|SINGLE_TOKEN_SEMANTIC_RISK,2
78890,BCO,brinks,678,310.0,368.0,0.0,327.0,199.0,134.0,77,14,0.37315634218289084,6752e69d6ebc246e5369e53b5493b1c51f51433551b895d3c67b2e427520e39e,0.3617021276595745,2.1870208630593044,1008,0.0763888888888889,SINGLE_TOKEN_SEMANTIC_RISK,1
1451448,GMBL,dk sinopharma,22,22.0,0.0,0.0,22.0,0.0,0.0,0,0,0.0,,0.0,0.0,1008,0.0,NONE,0
863894,VERU,female health,608,540.0,68.0,0.0,515.0,64.0,6.0,6,11,0.006578947368421052,7276994fe3b691a33351d3624d75910566c16617a432697d5d342172678d794d,0.3516483516483517,1.8144838630652447,1008,0.005952380952380952,NONE,0
1035354,ELOX,senesco technologies,153,152.0,1.0,0.0,146.0,6.0,0.0,0,0,0.0196078431372549,,0.0,0.0,1008,0.0,NONE,0
8504,UAVS,enerjex resources,189,186.0,3.0,0.0,179.0,10.0,2.0,1,5,0.0,b760b1294f1c1c3c7acaf7968447dba9b64ee4ce0b10d6aa81600f9526801e12,0.46153846153846156,1.377819508039033,1008,0.000992063492063492,NONE,0
1070524,GCBC,greene county bancorp,475,322.0,153.0,0.0,0.0,455.0,151.0,58,8,0.4231578947368421,7276994fe3b691a33351d3624d75910566c16617a432697d5d342172678d794d,0.576271186440678,1.444833434618821,1008,0.057539682539682536,NONE,0
1595097,CRBP,corbus pharmaceuticals,800,250.0,550.0,0.0,144.0,407.0,287.0,64,4,0.205,6d85c5fcd083a75f7715c2add959f733b76cef5669e291147c7bb4af1f38a75b,0.45,1.1058898790247633,1008,0.06349206349206349,NONE,0
1128361,HOPE,nara bancorp,212,210.0,2.0,0.0,0.0,210.0,0.0,0,0,0.0,,0.0,0.0,1008,0.0,NONE,0
275880,PSN,parson,70,24.0,46.0,0.0,38.0,7.0,1.0,1,1,0.0,215816bf42103f1f2b24c168779f1fb0ea3afcb7a2c627e42e0bcd7fe07eb70a,1.0,-0.0,670,0.0014925373134328358,SINGLE_TOKEN_SEMANTIC_RISK,1
1042776,PDM,piedmont office realty trust,954,488.0,466.0,0.0,402.0,435.0,185.0,74,2,0.27672955974842767,b760b1294f1c1c3c7acaf7968447dba9b64ee4ce0b10d6aa81600f9526801e12,0.8,0.5004024235381879,1008,0.07341269841269842,PUBLISHER_CONCENTRATION_GE_80_PERCENT,1
825324,GTIM,good times restaurants,791,587.0,204.0,0.0,538.0,152.0,214.0,54,15,0.5689001264222503,7276994fe3b691a33351d3624d75910566c16617a432697d5d342172678d794d,0.3069306930693069,2.077120832241337,1008,0.05357142857142857,NONE,0
1285550,CLPT,surgivision,31,28.0,3.0,0.0,27.0,2.0,0.0,0,2,0.0,899feb94f03b699155327981274efda4d980eba15273b69e3928a653287f0f0a,0.6666666666666666,0.6365141682948128,1008,0.0,SINGLE_TOKEN_SEMANTIC_RISK,1
1057861,DHF,dreyfus high yield strategies fund,588,586.0,2.0,0.0,521.0,67.0,13.0,13,1,0.12074829931972789,7276994fe3b691a33351d3624d75910566c16617a432697d5d342172678d794d,1.0,-0.0,1008,0.012896825396825396,PUBLISHER_CONCENTRATION_GE_80_PERCENT,1
49754,DIN,ihop corp,67,62.0,5.0,0.0,62.0,2.0,0.0,0,0,0.04477611940298507,,0.0,0.0,1008,0.0,NONE,0
1322435,ETW,eaton vance tax managed global buy write opportunities fund,177,170.0,7.0,0.0,153.0,24.0,14.0,7,2,0.1638418079096045,7276994fe3b691a33351d3624d75910566c16617a432697d5d342172678d794d,0.9230769230769231,0.2711893730418441,1008,0.006944444444444444,PUBLISHER_CONCENTRATION_GE_80_PERCENT,1
1395325,ETJ,eaton vance risk managed diversified equity income fund,299,242.0,57.0,0.0,152.0,134.0,72.0,32,0,0.28762541806020064,,0.0,0.0,1008,0.031746031746031744,NONE,0
1584549,VFF,village farms international,532,65.0,467.0,0.0,74.0,298.0,288.0,118,2,0.34962406015037595,7276994fe3b691a33351d3624d75910566c16617a432697d5d342172678d794d,0.8181818181818182,0.47413931305783735,723,0.1632088520055325,PUBLISHER_CONCENTRATION_GE_80_PERCENT,1
78150,PHI,philippine long distance telephone,660,73.0,587.0,0.0,167.0,150.0,8.0,4,3,0.13333333333333333,7276994fe3b691a33351d3624d75910566c16617a432697d5d342172678d794d,0.8571428571428571,0.509137344082687,1008,0.003968253968253968,PUBLISHER_CONCENTRATION_GE_80_PERCENT,1
946936,DSWL,deswell industries,124,111.0,13.0,0.0,80.0,40.0,29.0,13,7,0.6532258064516129,7276994fe3b691a33351d3624d75910566c16617a432697d5d342172678d794d,0.6666666666666666,1.201761679684691,1008,0.012896825396825396,NONE,0
33934,CRF,cornerstone total return fund,93,27.0,66.0,0.0,26.0,9.0,6.0,3,1,0.10752688172043011,0c74a14b7e1ad44393a4980b24e216d9f02db5e029fc09ad055d7b8cd93758fd,1.0,-0.0,1008,0.002976190476190476,NONE,0
814083,CLM,cornerstone strategic value fund,137,74.0,63.0,0.0,49.0,38.0,31.0,13,2,0.36496350364963503,7276994fe3b691a33351d3624d75910566c16617a432697d5d342172678d794d,0.6363636363636364,0.6554817739013927,1008,0.012896825396825396,NONE,0
1303523,BTI,british american tobacco p l c,1474,53.0,1421.0,0.0,330.0,825.0,325.0,105,2,0.17639077340569878,7276994fe3b691a33351d3624d75910566c16617a432697d5d342172678d794d,0.5,0.6931471805599453,1008,0.10416666666666667,NONE,0
1114700,GGAL,grupo financiero galicia sa,348,20.0,328.0,0.0,49.0,67.0,25.0,15,1,0.1752873563218391,b760b1294f1c1c3c7acaf7968447dba9b64ee4ce0b10d6aa81600f9526801e12,1.0,-0.0,1008,0.01488095238095238,PUBLISHER_CONCENTRATION_GE_80_PERCENT,1
812011,MTN,gillett,266,56.0,210.0,0.0,116.0,72.0,3.0,3,6,0.0,215816bf42103f1f2b24c168779f1fb0ea3afcb7a2c627e42e0bcd7fe07eb70a,0.3,1.6957425341696346,1008,0.002976190476190476,SINGLE_TOKEN_SEMANTIC_RISK,1
1119639,PBR-A,brazilian petroleum,51,0.0,51.0,0.0,18.0,16.0,3.0,1,0,0.0,,0.0,0.0,1008,0.000992063492063492,NONE,0
26780,DAN,dana corp,47,26.0,21.0,0.0,24.0,15.0,11.0,3,2,0.23404255319148937,84625ab1a763851f03bf27f1f4f68b3b7efe198626d098151d461cbb0e262da0,0.75,0.5623351446188083,1008,0.002976190476190476,NONE,0
1874071,PDLB,ponce financial,193,92.0,101.0,0.0,0.0,139.0,0.0,0,0,0.10880829015544041,,0.0,0.0,1008,0.0,NONE,0
1422183,FSK,FSK,58,0.0,0.0,58.0,8.0,50.0,4.0,2,0,0.1896551724137931,,0.0,0.0,1008,0.001984126984126984,SINGLE_TOKEN_SEMANTIC_RISK,1
916365,TSCO,TSCO,744,0.0,0.0,744.0,111.0,633.0,274.0,127,0,0.40591397849462363,,0.0,0.0,1008,0.1259920634920635,SINGLE_TOKEN_SEMANTIC_RISK,1
910631,KOF,KOF,77,0.0,0.0,77.0,1.0,76.0,9.0,4,0,0.05194805194805195,,0.0,0.0,1008,0.003968253968253968,SINGLE_TOKEN_SEMANTIC_RISK,1
1056288,FHI,federated hermes,1104,189.0,915.0,0.0,119.0,822.0,341.0,108,1,0.19021739130434784,7a760386ea72c5ddae3e4604fdc5f7fa942ad00c5db2a3d8dffc6bcb5912ebdf,1.0,-0.0,1008,0.10714285714285714,PUBLISHER_CONCENTRATION_GE_80_PERCENT,1
1706946,SPCE,social capital hedosophia,489,62.0,427.0,0.0,60.0,252.0,268.0,95,1,0.11042944785276074,b760b1294f1c1c3c7acaf7968447dba9b64ee4ce0b10d6aa81600f9526801e12,1.0,-0.0,1008,0.09424603174603174,PUBLISHER_CONCENTRATION_GE_80_PERCENT,1
1277866,EXK,EXK,3,0.0,0.0,3.0,0.0,3.0,2.0,1,0,0.0,,0.0,0.0,1008,0.000992063492063492,SINGLE_TOKEN_SEMANTIC_RISK,1
1286681,DPZ,DPZ,1594,0.0,0.0,1594.0,411.0,1183.0,864.0,322,4,0.411543287327478,deb56840b9cdc03f6c4ee4d521ae2d441afded63a6b8dfc35db2427b482be521,0.8846153846153846,0.48439011623800354,1008,0.3194444444444444,PUBLISHER_CONCENTRATION_GE_80_PERCENT|SINGLE_TOKEN_SEMANTIC_RISK,2
1675033,GECC,great elm capital,199,104.0,95.0,0.0,28.0,148.0,51.0,11,3,0.20100502512562815,7276994fe3b691a33351d3624d75910566c16617a432697d5d342172678d794d,0.5217391304347826,0.9724399117161489,1008,0.010912698412698412,NONE,0
1022321,GEL,GEL,67,0.0,0.0,67.0,20.0,47.0,14.0,8,1,0.417910447761194,deb56840b9cdc03f6c4ee4d521ae2d441afded63a6b8dfc35db2427b482be521,1.0,-0.0,1008,0.007936507936507936,SINGLE_TOKEN_SEMANTIC_RISK,1
1014473,VRSN,VRSN,258,0.0,0.0,258.0,20.0,238.0,60.0,35,3,0.29069767441860467,b760b1294f1c1c3c7acaf7968447dba9b64ee4ce0b10d6aa81600f9526801e12,0.5,1.0397207708399179,1008,0.034722222222222224,SINGLE_TOKEN_SEMANTIC_RISK,1
885639,KSS,KSS,1685,0.0,0.0,1685.0,497.0,1188.0,738.0,297,3,0.458160237388724,deb56840b9cdc03f6c4ee4d521ae2d441afded63a6b8dfc35db2427b482be521,0.9482758620689655,0.2364840528066643,1008,0.29464285714285715,PUBLISHER_CONCENTRATION_GE_80_PERCENT|SINGLE_TOKEN_SEMANTIC_RISK,2
1159508,DZZ,deutsche bank aktiengesellschaft,730,1.0,729.0,0.0,12.0,632.0,313.0,107,0,0.0,,0.0,0.0,1008,0.10615079365079365,NONE,0
1411579,AMC,AMC,665,0.0,0.0,665.0,124.0,541.0,455.0,138,0,0.2736842105263158,,0.0,0.0,1008,0.13690476190476192,SINGLE_TOKEN_SEMANTIC_RISK,1
1392380,GEVO,GEVO,143,0.0,0.0,143.0,21.0,122.0,46.0,22,0,0.35664335664335667,,0.0,0.0,1008,0.021825396825396824,SINGLE_TOKEN_SEMANTIC_RISK,1
102212,UVSP,univest financial,270,87.0,183.0,0.0,60.0,205.0,169.0,49,5,0.36666666666666664,7276994fe3b691a33351d3624d75910566c16617a432697d5d342172678d794d,0.41379310344827586,1.400653835245327,1008,0.04861111111111111,NONE,0
1041657,UONEK,urban one,581,8.0,573.0,0.0,10.0,227.0,176.0,19,2,0.04475043029259897,08f472aed74b038b1cd05a1e3cd5afd5b1a5ccd3c9ab2b14bf706239f26376a8,0.5,0.6931471805599453,1008,0.018849206349206348,NONE,0
1024305,COTY,COTY,224,0.0,0.0,224.0,73.0,151.0,170.0,81,0,0.48660714285714285,,0.0,0.0,1008,0.08035714285714286,SINGLE_TOKEN_SEMANTIC_RISK,1
1459200,ALRM,ALRM,23,0.0,0.0,23.0,0.0,23.0,11.0,4,0,0.2608695652173913,,0.0,0.0,1008,0.003968253968253968,SINGLE_TOKEN_SEMANTIC_RISK,1
1372612,BOX,BOX,429,0.0,0.0,429.0,81.0,348.0,300.0,128,2,0.46386946386946387,08f472aed74b038b1cd05a1e3cd5afd5b1a5ccd3c9ab2b14bf706239f26376a8,0.6666666666666666,0.6365141682948128,1008,0.12698412698412698,SINGLE_TOKEN_SEMANTIC_RISK,1
1858681,APO,APO,77,0.0,0.0,77.0,41.0,36.0,27.0,10,2,0.6233766233766234,deb56840b9cdc03f6c4ee4d521ae2d441afded63a6b8dfc35db2427b482be521,0.8823529411764706,0.362210557135449,1008,0.00992063492063492,SINGLE_TOKEN_SEMANTIC_RISK,1
921114,ARMP,armata pharmaceuticals,125,17.0,108.0,0.0,6.0,90.0,57.0,6,0,0.32,,0.0,0.0,1008,0.005952380952380952,NONE,0
1697862,ARGX,argenx se,319,23.0,296.0,0.0,42.0,187.0,92.0,32,1,0.32601880877742945,b760b1294f1c1c3c7acaf7968447dba9b64ee4ce0b10d6aa81600f9526801e12,1.0,-0.0,1008,0.031746031746031744,PUBLISHER_CONCENTRATION_GE_80_PERCENT,1
9631,BNS,BNS,17,0.0,0.0,17.0,8.0,9.0,4.0,1,1,0.5294117647058824,deb56840b9cdc03f6c4ee4d521ae2d441afded63a6b8dfc35db2427b482be521,1.0,-0.0,1008,0.000992063492063492,SINGLE_TOKEN_SEMANTIC_RISK,1
1387467,AOSL,AOSL,28,0.0,0.0,28.0,8.0,20.0,2.0,1,0,0.0,,0.0,0.0,1008,0.000992063492063492,SINGLE_TOKEN_SEMANTIC_RISK,1
876343,LCTX,lineage cell therapeutics,88,12.0,76.0,0.0,10.0,45.0,25.0,11,0,0.5227272727272727,,0.0,0.0,1008,0.010912698412698412,NONE,0
816761,TDC,TDC,155,0.0,0.0,155.0,45.0,110.0,102.0,56,0,0.6,,0.0,0.0,1008,0.05555555555555555,SINGLE_TOKEN_SEMANTIC_RISK,1
1140625,EQNR,EQNR,170,0.0,0.0,170.0,32.0,138.0,82.0,30,0,0.2411764705882353,,0.0,0.0,1008,0.02976190476190476,SINGLE_TOKEN_SEMANTIC_RISK,1
880117,JBSS,JBSS,15,0.0,0.0,15.0,1.0,14.0,8.0,4,0,0.0,,0.0,0.0,1008,0.003968253968253968,SINGLE_TOKEN_SEMANTIC_RISK,1
740664,RFIL,RFIL,35,0.0,0.0,35.0,0.0,35.0,26.0,9,0,0.4857142857142857,,0.0,0.0,1008,0.008928571428571428,SINGLE_TOKEN_SEMANTIC_RISK,1
1353612,FXC,invesco currencyshares canadian dollar trust,35,0.0,35.0,0.0,2.0,0.0,2.0,2,0,0.08571428571428572,,0.0,0.0,1008,0.001984126984126984,NONE,0
1065059,LEU,usec inc,123,66.0,57.0,0.0,68.0,33.0,0.0,0,4,0.0,d014d5a638eac5b2d935d6b6b173e4769692dc2a63efe5b382d586866929bd06,0.4,1.3321790402101223,1008,0.0,NONE,0
1258623,EFR,EFR,3,0.0,0.0,3.0,0.0,3.0,0.0,0,0,0.0,,0.0,0.0,1008,0.0,SINGLE_TOKEN_SEMANTIC_RISK,1
1707925,LIN,LIN,6,0.0,0.0,6.0,0.0,6.0,0.0,0,0,0.0,,0.0,0.0,1008,0.0,SINGLE_TOKEN_SEMANTIC_RISK,1
1273441,GTE,GTE,2,0.0,0.0,2.0,0.0,2.0,0.0,0,0,0.0,,0.0,0.0,1008,0.0,SINGLE_TOKEN_SEMANTIC_RISK,1
812074,OI,OI,82,0.0,0.0,82.0,31.0,51.0,44.0,28,1,0.6463414634146342,d014d5a638eac5b2d935d6b6b173e4769692dc2a63efe5b382d586866929bd06,1.0,-0.0,1008,0.027777777777777776,SINGLE_TOKEN_SEMANTIC_RISK,1
1227857,NCZ,virtus allianzgi convertible income fund ii,15,8.0,7.0,0.0,4.0,11.0,15.0,11,0,0.7333333333333333,,0.0,0.0,1008,0.010912698412698412,NONE,0
1711375,LOMA,loma negra compania industrial argentina sociedad anonima,3,1.0,2.0,0.0,0.0,1.0,1.0,1,0,0.0,,0.0,0.0,1008,0.000992063492063492,NONE,0
1024478,ROK,ROK,80,0.0,0.0,80.0,78.0,2.0,2.0,1,1,0.9875,deb56840b9cdc03f6c4ee4d521ae2d441afded63a6b8dfc35db2427b482be521,1.0,-0.0,1008,0.000992063492063492,SINGLE_TOKEN_SEMANTIC_RISK,1
1372920,EDU,EDU,57,0.0,0.0,57.0,13.0,44.0,40.0,15,0,0.2807017543859649,,0.0,0.0,1008,0.01488095238095238,SINGLE_TOKEN_SEMANTIC_RISK,1
1479247,CPER,USCI,4,0.0,0.0,4.0,0.0,4.0,0.0,0,0,0.0,,0.0,0.0,0,0.0,SINGLE_TOKEN_SEMANTIC_RISK,1
1495825,GBAB,guggenheim build america bonds managed duration trust,57,54.0,3.0,0.0,31.0,26.0,7.0,4,2,0.9473684210526315,7276994fe3b691a33351d3624d75910566c16617a432697d5d342172678d794d,0.9285714285714286,0.25731864054383163,1008,0.003968253968253968,NONE,0
1788399,DLY,doubleline yield opportunities fund,54,10.0,44.0,0.0,0.0,47.0,6.0,4,0,0.14814814814814814,,0.0,0.0,468,0.008547008547008548,NONE,0
1122411,ASX,ASX,42,0.0,0.0,42.0,1.0,41.0,17.0,6,0,0.30952380952380953,,0.0,0.0,1008,0.005952380952380952,SINGLE_TOKEN_SEMANTIC_RISK,1
1006655,EPM,reality interactive,9,6.0,3.0,0.0,0.0,6.0,0.0,0,0,0.0,,0.0,0.0,1008,0.0,NONE,0
1677940,BYSI,BYSI,2,0.0,0.0,2.0,0.0,2.0,2.0,1,0,0.0,,0.0,0.0,1008,0.000992063492063492,SINGLE_TOKEN_SEMANTIC_RISK,1
1657853,HTZ,hertz rental car,11,2.0,9.0,0.0,2.0,5.0,0.0,0,0,0.2727272727272727,,0.0,0.0,758,0.0,NONE,0
1005210,SPH,SPH,83,0.0,0.0,83.0,33.0,50.0,52.0,25,0,0.5060240963855421,,0.0,0.0,1008,0.0248015873015873,SINGLE_TOKEN_SEMANTIC_RISK,1
1694426,DK,DK,26,0.0,0.0,26.0,22.0,4.0,3.0,1,1,0.8846153846153846,deb56840b9cdc03f6c4ee4d521ae2d441afded63a6b8dfc35db2427b482be521,1.0,-0.0,1008,0.000992063492063492,SINGLE_TOKEN_SEMANTIC_RISK,1
1499849,LND,LND,14,0.0,0.0,14.0,4.0,10.0,2.0,1,0,0.14285714285714285,,0.0,0.0,1008,0.000992063492063492,SINGLE_TOKEN_SEMANTIC_RISK,1
1119083,MNDO,MNDO,19,0.0,0.0,19.0,3.0,16.0,4.0,4,0,0.47368421052631576,,0.0,0.0,1008,0.003968253968253968,SINGLE_TOKEN_SEMANTIC_RISK,1
1445930,KB,KB,19,0.0,0.0,19.0,1.0,18.0,12.0,6,0,0.0,,0.0,0.0,1008,0.005952380952380952,SINGLE_TOKEN_SEMANTIC_RISK,1
1471824,WEAT,WEAT,11,0.0,0.0,11.0,10.0,1.0,0.0,0,0,0.36363636363636365,,0.0,0.0,0,0.0,SINGLE_TOKEN_SEMANTIC_RISK,1
78150,PHI,PHI,7,0.0,0.0,7.0,0.0,7.0,6.0,2,0,0.2857142857142857,,0.0,0.0,1008,0.001984126984126984,SINGLE_TOKEN_SEMANTIC_RISK,1
1524358,VAC,VAC,32,0.0,0.0,32.0,4.0,28.0,3.0,1,0,0.28125,,0.0,0.0,1008,0.000992063492063492,SINGLE_TOKEN_SEMANTIC_RISK,1
1429764,BLNK,new image concepts,4,4.0,0.0,0.0,4.0,0.0,0.0,0,0,0.0,,0.0,0.0,1008,0.0,NONE,0
1393052,VEEV,verticals ondemand,24,24.0,0.0,0.0,22.0,2.0,0.0,0,0,0.0,,0.0,0.0,1008,0.0,NONE,0
927066,DVA,DVA,38,0.0,0.0,38.0,38.0,0.0,0.0,0,2,1.0,deb56840b9cdc03f6c4ee4d521ae2d441afded63a6b8dfc35db2427b482be521,0.9473684210526315,0.20619205063323187,1008,0.0,SINGLE_TOKEN_SEMANTIC_RISK,1
1441236,CLW,CLW,16,0.0,0.0,16.0,14.0,2.0,0.0,0,1,0.9375,deb56840b9cdc03f6c4ee4d521ae2d441afded63a6b8dfc35db2427b482be521,1.0,-0.0,1008,0.0,SINGLE_TOKEN_SEMANTIC_RISK,1
1472215,JLS,nuveen mortgage opportunity term fund,17,14.0,3.0,0.0,14.0,3.0,0.0,0,1,0.0,b760b1294f1c1c3c7acaf7968447dba9b64ee4ce0b10d6aa81600f9526801e12,1.0,-0.0,0,0.0,NONE,0
1066119,VIV,VIV,37,0.0,0.0,37.0,3.0,34.0,19.0,11,0,0.32432432432432434,,0.0,0.0,1008,0.010912698412698412,SINGLE_TOKEN_SEMANTIC_RISK,1
1616862,AXTA,AXTA,17,0.0,0.0,17.0,4.0,13.0,16.0,2,0,0.17647058823529413,,0.0,0.0,1008,0.001984126984126984,SINGLE_TOKEN_SEMANTIC_RISK,1
1380936,GOF,GOF,2,0.0,0.0,2.0,0.0,2.0,2.0,1,0,0.0,,0.0,0.0,1008,0.000992063492063492,SINGLE_TOKEN_SEMANTIC_RISK,1
1689796,JBGS,JBGS,5,0.0,0.0,5.0,0.0,5.0,5.0,2,0,0.0,,0.0,0.0,1008,0.001984126984126984,SINGLE_TOKEN_SEMANTIC_RISK,1
1590364,FTAI,FTAI,21,0.0,0.0,21.0,4.0,17.0,10.0,6,0,0.5714285714285714,,0.0,0.0,1008,0.005952380952380952,SINGLE_TOKEN_SEMANTIC_RISK,1
795403,WTS,watts industries,11,2.0,9.0,0.0,2.0,4.0,0.0,0,0,0.0,,0.0,0.0,1008,0.0,NONE,0
1547459,NGVC,NGVC,8,0.0,0.0,8.0,8.0,0.0,0.0,0,1,0.25,d014d5a638eac5b2d935d6b6b173e4769692dc2a63efe5b382d586866929bd06,1.0,-0.0,1008,0.0,SINGLE_TOKEN_SEMANTIC_RISK,1
1604778,QRVO,QRVO,10,0.0,0.0,10.0,10.0,0.0,0.0,0,2,1.0,deb56840b9cdc03f6c4ee4d521ae2d441afded63a6b8dfc35db2427b482be521,0.8,0.5004024235381879,1008,0.0,SINGLE_TOKEN_SEMANTIC_RISK,1
1553846,RDHL,RDHL,2,0.0,0.0,2.0,2.0,0.0,0.0,0,1,1.0,deb56840b9cdc03f6c4ee4d521ae2d441afded63a6b8dfc35db2427b482be521,1.0,-0.0,1008,0.0,SINGLE_TOKEN_SEMANTIC_RISK,1
1278895,CII,capital income strategies fund,2,2.0,0.0,0.0,2.0,0.0,0.0,0,0,0.0,,0.0,0.0,1008,0.0,NONE,0
1469395,PAM,pampa energy,2,2.0,0.0,0.0,2.0,0.0,0.0,0,0,0.0,,0.0,0.0,1008,0.0,NONE,0
1383441,NIE,agic equity convertible income fund,14,9.0,5.0,0.0,8.0,3.0,2.0,2,0,0.2857142857142857,,0.0,0.0,1008,0.001984126984126984,NONE,0
1396814,PCRX,blue acquisition,10,4.0,6.0,0.0,5.0,5.0,0.0,0,0,0.0,,0.0,0.0,1008,0.0,NONE,0
1123494,HBIO,HBIO,2,0.0,0.0,2.0,0.0,2.0,0.0,0,0,0.0,,0.0,0.0,1008,0.0,SINGLE_TOKEN_SEMANTIC_RISK,1
880892,VGM,invesco trust for investment grade municipals,65,51.0,14.0,0.0,13.0,52.0,14.0,7,1,0.8153846153846154,7276994fe3b691a33351d3624d75910566c16617a432697d5d342172678d794d,1.0,-0.0,1008,0.006944444444444444,NONE,0
806628,DNP,duff phelps utilities income,94,94.0,0.0,0.0,0.0,94.0,32.0,29,0,0.851063829787234,,0.0,0.0,1008,0.028769841269841268,NONE,0
908187,PCM,pimco commercial mortgage securities trust,43,43.0,0.0,0.0,0.0,43.0,0.0,0,0,1.0,,0.0,0.0,1008,0.0,NONE,0
882835,ROP,ROP,2,0.0,0.0,2.0,0.0,2.0,2.0,1,0,0.5,,0.0,0.0,1008,0.000992063492063492,SINGLE_TOKEN_SEMANTIC_RISK,1
910612,CBL,CBL,48,0.0,0.0,48.0,26.0,22.0,40.0,26,0,0.5625,,0.0,0.0,672,0.03869047619047619,SINGLE_TOKEN_SEMANTIC_RISK,1
1389170,TRGP,TRGP,8,0.0,0.0,8.0,4.0,4.0,0.0,0,1,0.5,deb56840b9cdc03f6c4ee4d521ae2d441afded63a6b8dfc35db2427b482be521,1.0,-0.0,1008,0.0,SINGLE_TOKEN_SEMANTIC_RISK,1
1029199,EEFT,EEFT,6,0.0,0.0,6.0,2.0,4.0,2.0,1,1,0.5,fd7425846ea62437d770cdb9d69a5951ab33b237b3bab17ac568ce2742c7bea3,1.0,-0.0,1008,0.000992063492063492,SINGLE_TOKEN_SEMANTIC_RISK,1
1001316,TGTX,TGTX,4,0.0,0.0,4.0,4.0,0.0,2.0,1,2,1.0,babc52a4295806f4e989a4dcdcfca96e8a4054b58bcbd9cab57492d157f49442,0.5,0.6931471805599453,1008,0.000992063492063492,SINGLE_TOKEN_SEMANTIC_RISK,1
1110646,NTES,NTES,124,0.0,0.0,124.0,124.0,0.0,8.0,4,1,1.0,deb56840b9cdc03f6c4ee4d521ae2d441afded63a6b8dfc35db2427b482be521,1.0,-0.0,1008,0.003968253968253968,PUBLISHER_CONCENTRATION_GE_80_PERCENT|SINGLE_TOKEN_SEMANTIC_RISK,2
1174164,FFC,flaherty crumrine claymore preferred securities income fund,14,14.0,0.0,0.0,14.0,0.0,8.0,4,1,0.8571428571428571,7276994fe3b691a33351d3624d75910566c16617a432697d5d342172678d794d,1.0,-0.0,1008,0.003968253968253968,NONE,0
1442236,QRHC,infinity resources,4,4.0,0.0,0.0,4.0,0.0,0.0,0,0,0.0,,0.0,0.0,1008,0.0,NONE,0
1524025,TLYS,TLYS,7,0.0,0.0,7.0,2.0,5.0,0.0,0,0,0.5714285714285714,,0.0,0.0,1008,0.0,SINGLE_TOKEN_SEMANTIC_RISK,1
1603978,AQB,AQB,7,0.0,0.0,7.0,1.0,6.0,7.0,2,0,0.42857142857142855,,0.0,0.0,1008,0.001984126984126984,SINGLE_TOKEN_SEMANTIC_RISK,1
1403475,BMRC,BMRC,3,0.0,0.0,3.0,1.0,2.0,0.0,0,0,0.6666666666666666,,0.0,0.0,1008,0.0,SINGLE_TOKEN_SEMANTIC_RISK,1
1529864,ENVA,ENVA,6,0.0,0.0,6.0,0.0,6.0,4.0,1,0,0.16666666666666666,,0.0,0.0,1008,0.000992063492063492,SINGLE_TOKEN_SEMANTIC_RISK,1
908993,VKI,invesco advantage municipal income trust ii,53,50.0,3.0,0.0,13.0,40.0,12.0,6,1,0.9433962264150944,7276994fe3b691a33351d3624d75910566c16617a432697d5d342172678d794d,1.0,-0.0,1008,0.005952380952380952,NONE,0
1282850,FCT,FCT,2,0.0,0.0,2.0,2.0,0.0,0.0,0,0,0.0,,0.0,0.0,1008,0.0,SINGLE_TOKEN_SEMANTIC_RISK,1
1090116,NVG,nuveen dividend advantage municipal income fund,44,39.0,5.0,0.0,12.0,32.0,0.0,0,0,0.7045454545454546,,0.0,0.0,1008,0.0,NONE,0
1040829,RHP,RHP,2,0.0,0.0,2.0,0.0,2.0,2.0,1,0,0.0,,0.0,0.0,1008,0.000992063492063492,SINGLE_TOKEN_SEMANTIC_RISK,1
1778114,AIO,AIO,1,0.0,0.0,1.0,0.0,1.0,0.0,0,0,1.0,,0.0,0.0,0,0.0,SINGLE_TOKEN_SEMANTIC_RISK,1
913341,CFFI,CFFI,6,0.0,0.0,6.0,0.0,6.0,4.0,4,0,1.0,,0.0,0.0,1008,0.003968253968253968,SINGLE_TOKEN_SEMANTIC_RISK,1
910606,REG,REG,3,0.0,0.0,3.0,0.0,3.0,3.0,1,0,0.0,,0.0,0.0,1008,0.000992063492063492,SINGLE_TOKEN_SEMANTIC_RISK,1
1575793,WATT,WATT,6,0.0,0.0,6.0,4.0,2.0,0.0,0,2,1.0,fd7425846ea62437d770cdb9d69a5951ab33b237b3bab17ac568ce2742c7bea3,0.6666666666666666,0.6365141682948128,1008,0.0,SINGLE_TOKEN_SEMANTIC_RISK,1
1370755,TCPC,TCPC,1,0.0,0.0,1.0,0.0,1.0,0.0,0,0,0.0,,0.0,0.0,1008,0.0,SINGLE_TOKEN_SEMANTIC_RISK,1
1690820,CVNA,CVNA,3,0.0,0.0,3.0,3.0,0.0,3.0,1,0,0.3333333333333333,,0.0,0.0,1008,0.000992063492063492,SINGLE_TOKEN_SEMANTIC_RISK,1
1476765,GBDC,golub capital investment,2,2.0,0.0,0.0,2.0,0.0,2.0,1,1,1.0,08f472aed74b038b1cd05a1e3cd5afd5b1a5ccd3c9ab2b14bf706239f26376a8,1.0,-0.0,1008,0.000992063492063492,NONE,0
1226616,MNOV,MNOV,2,0.0,0.0,2.0,2.0,0.0,2.0,1,1,1.0,54cdaa1af72fd153cc9dc0d244fb43a089e1f19b0524cbb0e47b632c54047c9d,1.0,-0.0,1008,0.000992063492063492,SINGLE_TOKEN_SEMANTIC_RISK,1
1621221,ARTL,reactive medical,1,0.0,1.0,0.0,0.0,0.0,0.0,0,0,0.0,,0.0,0.0,1008,0.0,NONE,0
1227857,NCZ,virtus convertible income fund ii,1,1.0,0.0,0.0,0.0,1.0,0.0,0,0,1.0,,0.0,0.0,1008,0.0,NONE,0
312070,VXZ,DJP,1,0.0,0.0,1.0,0.0,1.0,0.0,0,0,0.0,,0.0,0.0,1008,0.0,SINGLE_TOKEN_SEMANTIC_RISK,1
1560385,FWONK,FWONK,1,0.0,0.0,1.0,1.0,0.0,0.0,0,0,0.0,,0.0,0.0,1008,0.0,SINGLE_TOKEN_SEMANTIC_RISK,1
8504,UAVS,UAVS,1,0.0,0.0,1.0,0.0,1.0,1.0,1,0,1.0,,0.0,0.0,1008,0.000992063492063492,SINGLE_TOKEN_SEMANTIC_RISK,1
1219120,AVK,advent convertible income fund,1,0.0,1.0,0.0,0.0,1.0,1.0,1,0,0.0,,0.0,0.0,1008,0.000992063492063492,NONE,0
1464790,RILYZ,b riley financial,1176,187.0,989.0,0.0,192.0,677.0,367.0,130,5,0.0,b760b1294f1c1c3c7acaf7968447dba9b64ee4ce0b10d6aa81600f9526801e12,0.9056603773584906,0.4381420478030905,731,0.17783857729138167,PUBLISHER_CONCENTRATION_GE_80_PERCENT,1
6201,AAL,american airlines,28563,9762.0,18801.0,0.0,7320.0,13329.0,6826.0,884,72,0.21597871372054755,7a760386ea72c5ddae3e4604fdc5f7fa942ad00c5db2a3d8dffc6bcb5912ebdf,0.25735294117647056,2.790771385075561,1008,0.876984126984127,NONE,0
910406,HAIN,hain celestial,4895,3317.0,1578.0,0.0,2642.0,1726.0,912.0,202,47,0.45045965270684374,7a760386ea72c5ddae3e4604fdc5f7fa942ad00c5db2a3d8dffc6bcb5912ebdf,0.23882017126546146,2.6991604855332945,1008,0.2003968253968254,NONE,0
1306830,CE,celanese,7243,4062.0,3181.0,0.0,2622.0,3667.0,1485.0,288,15,0.219798426066547,7a760386ea72c5ddae3e4604fdc5f7fa942ad00c5db2a3d8dffc6bcb5912ebdf,0.8052173913043478,0.8934767337363798,1008,0.2857142857142857,PUBLISHER_CONCENTRATION_GE_80_PERCENT|SINGLE_TOKEN_SEMANTIC_RISK,2
1050915,PWR,quanta services,4845,2641.0,2204.0,0.0,2080.0,2004.0,1089.0,235,42,0.4233230134158927,7a760386ea72c5ddae3e4604fdc5f7fa942ad00c5db2a3d8dffc6bcb5912ebdf,0.28640776699029125,2.5762074957680245,1008,0.23313492063492064,NONE,0
1592386,VIRT,virtu financial,1568,542.0,1026.0,0.0,378.0,884.0,521.0,154,13,0.27487244897959184,b760b1294f1c1c3c7acaf7968447dba9b64ee4ce0b10d6aa81600f9526801e12,0.4019607843137255,1.8926664416040555,1008,0.1527777777777778,NONE,0
49071,HUM,humana,16225,10002.0,6223.0,0.0,7453.0,7137.0,3139.0,491,82,0.3015100154083205,7a760386ea72c5ddae3e4604fdc5f7fa942ad00c5db2a3d8dffc6bcb5912ebdf,0.2286764705882353,2.8988863875040076,1008,0.4871031746031746,SINGLE_TOKEN_SEMANTIC_RISK,1
1403568,ULTA,ulta beauty,9755,3662.0,6093.0,0.0,2471.0,4628.0,2898.0,530,35,0.331009738595592,6752e69d6ebc246e5369e53b5493b1c51f51433551b895d3c67b2e427520e39e,0.31282952548330406,2.2179915085941424,1008,0.5257936507936508,NONE,0
916540,DAR,darling ingredients,1960,831.0,1129.0,0.0,644.0,676.0,569.0,161,19,0.4153061224489796,7276994fe3b691a33351d3624d75910566c16617a432697d5d342172678d794d,0.22641509433962265,2.2538374970903936,1008,0.1597222222222222,NONE,0
1333493,EHTH,ehealth,3113,2457.0,656.0,0.0,2186.0,712.0,944.0,158,39,0.3578541599743013,7a760386ea72c5ddae3e4604fdc5f7fa942ad00c5db2a3d8dffc6bcb5912ebdf,0.22695035460992907,2.3849364059344333,1008,0.15674603174603174,SINGLE_TOKEN_SEMANTIC_RISK,1
898293,JBL,jabil,7427,4098.0,3329.0,0.0,3084.0,2557.0,943.0,198,73,0.2698263094116063,7a760386ea72c5ddae3e4604fdc5f7fa942ad00c5db2a3d8dffc6bcb5912ebdf,0.15813253012048192,3.065383719657065,1008,0.19642857142857142,SINGLE_TOKEN_SEMANTIC_RISK,1
1701605,BKR,baker hughes,22021,8961.0,13060.0,0.0,8515.0,8520.0,3336.0,664,73,0.0694791335543345,7276994fe3b691a33351d3624d75910566c16617a432697d5d342172678d794d,0.24742268041237114,2.7054492921001643,1008,0.6587301587301587,NONE,0
2115436,XOM,exxonmobil,19106,6894.0,12212.0,0.0,5476.0,7654.0,3192.0,728,36,0.10996545587773475,7a760386ea72c5ddae3e4604fdc5f7fa942ad00c5db2a3d8dffc6bcb5912ebdf,0.41306058221872544,2.04104155184917,1008,0.7222222222222222,SINGLE_TOKEN_SEMANTIC_RISK,1
889132,PKX,posco,6696,3536.0,3160.0,0.0,3124.0,2603.0,657.0,180,27,0.17025089605734767,7a760386ea72c5ddae3e4604fdc5f7fa942ad00c5db2a3d8dffc6bcb5912ebdf,0.47150259067357514,2.000275617444505,1008,0.17857142857142858,SINGLE_TOKEN_SEMANTIC_RISK,1
1523836,LITB,lightinthebox,1138,666.0,472.0,0.0,589.0,315.0,252.0,46,15,0.25746924428822493,7276994fe3b691a33351d3624d75910566c16617a432697d5d342172678d794d,0.28651685393258425,2.204821527914352,1008,0.04563492063492063,SINGLE_TOKEN_SEMANTIC_RISK,1
882291,AEMD,aethlon medical,859,649.0,210.0,0.0,574.0,198.0,106.0,19,5,0.06169965075669383,71f1aa6715e3f6290f36094af8b171d3aafc680def234fdfb341d67bf4ce8fcc,0.5178571428571429,1.2613798617551475,1008,0.018849206349206348,NONE,0
721994,LKFN,lakeland financial,630,362.0,268.0,0.0,311.0,290.0,181.0,61,17,0.3476190476190476,7276994fe3b691a33351d3624d75910566c16617a432697d5d342172678d794d,0.24390243902439024,2.1802275690870547,1008,0.060515873015873016,NONE,0
935419,RICK,rci hospitality,1075,658.0,417.0,0.0,558.0,407.0,325.0,106,12,0.47162790697674417,7276994fe3b691a33351d3624d75910566c16617a432697d5d342172678d794d,0.47058823529411764,1.634913287749431,1008,0.10515873015873016,NONE,0
1041024,RMTI,rockwell medical,1859,1528.0,331.0,0.0,1168.0,572.0,594.0,106,39,0.46207638515330823,bc866712ec3d41f918d736dba6181bfae8068e106956a8f51e7e26914276ce1e,0.19797979797979798,2.6927688183977434,1008,0.10515873015873016,NONE,0
882796,BCRX,biocryst pharmaceuticals,1621,373.0,1248.0,0.0,302.0,999.0,514.0,101,8,0.26835286859962987,7a760386ea72c5ddae3e4604fdc5f7fa942ad00c5db2a3d8dffc6bcb5912ebdf,0.288135593220339,1.7639672005022635,1008,0.1001984126984127,NONE,0
860730,HCA,hca healthcare,5008,2034.0,2974.0,0.0,1258.0,2717.0,2164.0,332,12,0.2747603833865815,08f472aed74b038b1cd05a1e3cd5afd5b1a5ccd3c9ab2b14bf706239f26376a8,0.288695652173913,1.7154447355724332,1008,0.32936507936507936,NONE,0
1429764,BLNK,blink charging,2202,311.0,1891.0,0.0,224.0,1043.0,620.0,170,3,0.30154405086285196,6d85c5fcd083a75f7715c2add959f733b76cef5669e291147c7bb4af1f38a75b,0.5,1.0296530140645737,1008,0.16865079365079366,NONE,0
1122904,NTGR,netgear,3284,2411.0,873.0,0.0,1960.0,989.0,795.0,176,43,0.3590133982947625,7a760386ea72c5ddae3e4604fdc5f7fa942ad00c5db2a3d8dffc6bcb5912ebdf,0.19438877755511022,2.6059279440234064,1008,0.1746031746031746,SINGLE_TOKEN_SEMANTIC_RISK,1
876427,MNRO,monro,1883,1478.0,405.0,0.0,1125.0,592.0,477.0,126,31,0.5087626128518322,7276994fe3b691a33351d3624d75910566c16617a432697d5d342172678d794d,0.19517543859649122,2.4794732150173067,1008,0.125,SINGLE_TOKEN_SEMANTIC_RISK,1
1111335,VC,visteon,3420,2400.0,1020.0,0.0,1925.0,1052.0,401.0,127,26,0.254093567251462,1b425b87521ec0ab5e4c02aa6bbf44fa197505a03a1fa7f593d749168cc34d2f,0.2861635220125786,2.3916228276878284,1008,0.1259920634920635,SINGLE_TOKEN_SEMANTIC_RISK,1
1698991,ACEL,tpg pace,191,28.0,163.0,0.0,13.0,87.0,83.0,28,1,0.0,b760b1294f1c1c3c7acaf7968447dba9b64ee4ce0b10d6aa81600f9526801e12,1.0,-0.0,1008,0.027777777777777776,PUBLISHER_CONCENTRATION_GE_80_PERCENT,1
1393311,PSA,public storage,8138,3327.0,4811.0,0.0,2626.0,3574.0,1345.0,330,42,0.3519292209388056,7a760386ea72c5ddae3e4604fdc5f7fa942ad00c5db2a3d8dffc6bcb5912ebdf,0.30058479532163745,2.480113619844139,1008,0.3273809523809524,NONE,0
1441236,CLW,clearwater paper,1612,1028.0,584.0,0.0,862.0,609.0,511.0,95,22,0.4286600496277916,7276994fe3b691a33351d3624d75910566c16617a432697d5d342172678d794d,0.2480916030534351,2.281470225022421,1008,0.09424603174603174,NONE,0
1564708,NWS,news corp,15419,8016.0,7403.0,0.0,8051.0,4116.0,607.0,179,74,0.05402425578831312,215816bf42103f1f2b24c168779f1fb0ea3afcb7a2c627e42e0bcd7fe07eb70a,0.2518720217835262,2.817184592902527,1008,0.1775793650793651,NONE,0
1385280,CNK,cinemark,4459,2375.0,2084.0,0.0,1994.0,1439.0,1034.0,293,56,0.3740749046871496,7276994fe3b691a33351d3624d75910566c16617a432697d5d342172678d794d,0.20854700854700856,2.9305729499860327,1008,0.2906746031746032,SINGLE_TOKEN_SEMANTIC_RISK,1
919012,AEO,american eagle outfitters,11844,3569.0,8275.0,0.0,2590.0,6037.0,1598.0,368,65,0.3388213441404931,7276994fe3b691a33351d3624d75910566c16617a432697d5d342172678d794d,0.17747440273037543,3.039244518780621,1008,0.36507936507936506,NONE,0
1048695,FFIV,f5 networks,3720,2035.0,1685.0,0.0,1400.0,1704.0,830.0,194,31,0.19704301075268818,6752e69d6ebc246e5369e53b5493b1c51f51433551b895d3c67b2e427520e39e,0.2972292191435768,2.3759501145085222,1008,0.19246031746031747,NONE,0
1000694,NVAX,novavax,11039,5243.0,5796.0,0.0,3914.0,4691.0,4759.0,691,60,0.4156173566446236,7276994fe3b691a33351d3624d75910566c16617a432697d5d342172678d794d,0.1905759162303665,2.8147602880656164,1008,0.685515873015873,SINGLE_TOKEN_SEMANTIC_RISK,1
1579298,BURL,burlington,10351,3948.0,6403.0,0.0,3285.0,4653.0,2228.0,401,53,0.2736933629601005,7a760386ea72c5ddae3e4604fdc5f7fa942ad00c5db2a3d8dffc6bcb5912ebdf,0.2535477767265847,2.6839138835183483,1008,0.3978174603174603,SINGLE_TOKEN_SEMANTIC_RISK,1
1001290,BAP,credicorp,2184,890.0,1294.0,0.0,759.0,679.0,409.0,135,20,0.3141025641025641,b760b1294f1c1c3c7acaf7968447dba9b64ee4ce0b10d6aa81600f9526801e12,0.3853658536585366,1.9439922237464864,1008,0.13392857142857142,SINGLE_TOKEN_SEMANTIC_RISK,1
1000228,HSIC,henry schein,6271,3369.0,2902.0,0.0,2649.0,2923.0,1139.0,270,36,0.3552862382395152,7a760386ea72c5ddae3e4604fdc5f7fa942ad00c5db2a3d8dffc6bcb5912ebdf,0.36363636363636365,2.346635962613651,1008,0.26785714285714285,NONE,0
1064728,BTU,BTU,61,0.0,0.0,61.0,58.0,3.0,0.0,0,2,0.9508196721311475,deb56840b9cdc03f6c4ee4d521ae2d441afded63a6b8dfc35db2427b482be521,0.8928571428571429,0.3404997784712986,1008,0.0,SINGLE_TOKEN_SEMANTIC_RISK,1
1504545,BWG,legg mason bw global income opportunities fund,176,176.0,0.0,0.0,150.0,26.0,24.0,12,2,0.29545454545454547,7276994fe3b691a33351d3624d75910566c16617a432697d5d342172678d794d,0.8571428571428571,0.410116318288409,1008,0.011904761904761904,PUBLISHER_CONCENTRATION_GE_80_PERCENT,1
1058090,CMG,chipotle mexican grill,14608,3018.0,11590.0,0.0,2912.0,7004.0,2981.0,641,38,0.36076122672508215,d31349428b547fbf2cc2fee5f7a851ceeded29e4f1c0243affce97096846bbff,0.12640449438202248,2.847556363389348,1008,0.6359126984126984,NONE,0
1287750,ARCC,ares capital,5107,2703.0,2404.0,0.0,2227.0,2510.0,1616.0,328,32,0.31486195418053653,7276994fe3b691a33351d3624d75910566c16617a432697d5d342172678d794d,0.448871181938911,1.9766094804307976,1008,0.3253968253968254,NONE,0
357294,HOVNP,hovnanian enterprises,2451,1194.0,1257.0,0.0,1216.0,989.0,476.0,104,33,0.0016319869441044472,7276994fe3b691a33351d3624d75910566c16617a432697d5d342172678d794d,0.5015974440894568,2.1012931012562133,1008,0.10317460317460317,NONE,0
27904,DAL,DAL,494,0.0,0.0,494.0,78.0,416.0,190.0,107,2,0.06680161943319839,666ae3d6d87f78f5ee9daa3e68642d1ecfed598080dcb538e55a66cc13df02b3,0.6666666666666666,0.6365141682948128,1008,0.10615079365079365,SINGLE_TOKEN_SEMANTIC_RISK,1
868278,PRPH,prophase labs,599,349.0,250.0,0.0,282.0,213.0,211.0,32,8,0.44908180300500833,1b425b87521ec0ab5e4c02aa6bbf44fa197505a03a1fa7f593d749168cc34d2f,0.28703703703703703,1.8468746547137196,1008,0.031746031746031744,NONE,0
1341170,ESEA,euroseas,1380,953.0,427.0,0.0,700.0,533.0,246.0,66,22,0.37971014492753624,1b425b87521ec0ab5e4c02aa6bbf44fa197505a03a1fa7f593d749168cc34d2f,0.2857142857142857,2.2614475763580453,1008,0.06547619047619048,SINGLE_TOKEN_SEMANTIC_RISK,1
1091667,CHTR,CHTR,1227,0.0,0.0,1227.0,331.0,896.0,527.0,177,2,0.2665036674816626,1b425b87521ec0ab5e4c02aa6bbf44fa197505a03a1fa7f593d749168cc34d2f,0.6666666666666666,0.6365141682948128,1008,0.17559523809523808,SINGLE_TOKEN_SEMANTIC_RISK,1
1596993,LPG,dorian lpg,1042,573.0,469.0,0.0,440.0,466.0,268.0,62,12,0.2514395393474088,7276994fe3b691a33351d3624d75910566c16617a432697d5d342172678d794d,0.3525641025641026,1.9108336254431884,1008,0.061507936507936505,NONE,0
1158324,CCOI,cogent communications,1908,1098.0,810.0,0.0,912.0,523.0,303.0,107,29,0.4077568134171908,7276994fe3b691a33351d3624d75910566c16617a432697d5d342172678d794d,0.2247191011235955,2.4509496528236028,1008,0.10615079365079365,NONE,0
56679,KFY,korn ferry,3064,2038.0,1026.0,0.0,1673.0,1193.0,704.0,177,35,0.36488250652741516,7276994fe3b691a33351d3624d75910566c16617a432697d5d342172678d794d,0.22522522522522523,2.6394951153902926,1008,0.17559523809523808,NONE,0
1489393,LYB,LYB,364,0.0,0.0,364.0,71.0,293.0,52.0,24,2,0.1813186813186813,deb56840b9cdc03f6c4ee4d521ae2d441afded63a6b8dfc35db2427b482be521,0.96875,0.13906079845474112,1008,0.023809523809523808,PUBLISHER_CONCENTRATION_GE_80_PERCENT|SINGLE_TOKEN_SEMANTIC_RISK,2
1362468,ALGT,allegiant travel,3348,1775.0,1573.0,0.0,1323.0,1429.0,839.0,260,37,0.4994026284348865,7a760386ea72c5ddae3e4604fdc5f7fa942ad00c5db2a3d8dffc6bcb5912ebdf,0.23728813559322035,2.5817802510335013,1008,0.25793650793650796,NONE,0
1045609,PLD,amb property,554,514.0,40.0,0.0,500.0,52.0,0.0,0,3,0.007220216606498195,7a760386ea72c5ddae3e4604fdc5f7fa942ad00c5db2a3d8dffc6bcb5912ebdf,0.6,0.9502705392332347,1008,0.0,NONE,0
1456772,OPI,office properties income trust,391,89.0,302.0,0.0,38.0,263.0,99.0,51,3,0.3145780051150895,b760b1294f1c1c3c7acaf7968447dba9b64ee4ce0b10d6aa81600f9526801e12,0.5,0.9184277849930976,1008,0.050595238095238096,NONE,0
1075415,DHC,senior housing properties trust,1458,999.0,459.0,0.0,920.0,408.0,328.0,98,20,0.14060356652949246,7276994fe3b691a33351d3624d75910566c16617a432697d5d342172678d794d,0.5339805825242718,1.8842492408647997,1008,0.09722222222222222,NONE,0
1524358,VAC,marriott vacations worldwide,1762,696.0,1066.0,0.0,460.0,981.0,381.0,151,15,0.4784335981838819,b760b1294f1c1c3c7acaf7968447dba9b64ee4ce0b10d6aa81600f9526801e12,0.375,1.8420737541138401,1008,0.1498015873015873,NONE,0
1128361,HOPE,bbcn bancorp,441,371.0,70.0,0.0,0.0,424.0,0.0,0,13,0.0,1b425b87521ec0ab5e4c02aa6bbf44fa197505a03a1fa7f593d749168cc34d2f,0.2804878048780488,1.9812770237859072,1008,0.0,NONE,0
1580864,VRM,vroom,849,301.0,548.0,0.0,111.0,568.0,479.0,94,8,0.24617196702002356,fe3a2b2782be8a9326e6074c72df7cd733c4d1db1b0219d567b0e3514915606e,0.3888888888888889,1.7485471551746845,396,0.23737373737373738,SINGLE_TOKEN_SEMANTIC_RISK,1
1534525,XBIO,xenetic biosciences,448,201.0,247.0,0.0,169.0,148.0,136.0,17,3,0.07589285714285714,6d85c5fcd083a75f7715c2add959f733b76cef5669e291147c7bb4af1f38a75b,0.5,1.0296530140645737,1008,0.016865079365079364,NONE,0
1257640,KRO,kronos,4565,2313.0,2252.0,0.0,1885.0,1531.0,555.0,152,12,0.2004381161007667,7a760386ea72c5ddae3e4604fdc5f7fa942ad00c5db2a3d8dffc6bcb5912ebdf,0.6391752577319587,1.326565408358375,1008,0.15079365079365079,SINGLE_TOKEN_SEMANTIC_RISK,1
1573516,MUSA,murphy usa,4636,1033.0,3603.0,0.0,644.0,1953.0,475.0,179,14,0.3224762726488352,7a760386ea72c5ddae3e4604fdc5f7fa942ad00c5db2a3d8dffc6bcb5912ebdf,0.3025210084033613,1.8504304653954462,1008,0.1775793650793651,NONE,0
891103,MTCH,iac interactivecorp,1801,803.0,998.0,0.0,590.0,855.0,592.0,133,30,0.010549694614103275,b760b1294f1c1c3c7acaf7968447dba9b64ee4ce0b10d6aa81600f9526801e12,0.4524590163934426,2.1728058445652145,1008,0.13194444444444445,NONE,0
1708055,RBBN,ribbon communications,277,70.0,207.0,0.0,4.0,178.0,127.0,49,3,0.23826714801444043,b760b1294f1c1c3c7acaf7968447dba9b64ee4ce0b10d6aa81600f9526801e12,0.4,1.0549201679861442,1008,0.04861111111111111,NONE,0
1476765,GBDC,golub capital bdc,1181,761.0,420.0,0.0,665.0,467.0,314.0,97,17,0.4521591871295512,7276994fe3b691a33351d3624d75910566c16617a432697d5d342172678d794d,0.35436893203883496,1.8996732148802475,1008,0.09623015873015874,NONE,0
910612,CBL,cbl associates properties,1367,653.0,714.0,0.0,560.0,498.0,262.0,66,3,0.18215069495245062,7276994fe3b691a33351d3624d75910566c16617a432697d5d342172678d794d,0.6808510638297872,0.7043954420461253,672,0.09821428571428571,NONE,0
810958,CZNC,citizens northern,230,127.0,103.0,0.0,78.0,148.0,59.0,26,5,0.508695652173913,7276994fe3b691a33351d3624d75910566c16617a432697d5d342172678d794d,0.4878048780487805,1.102629292334647,1008,0.025793650793650792,NONE,0
1647088,WSC,willscot,566,187.0,379.0,0.0,81.0,255.0,194.0,72,6,0.36925795053003535,b760b1294f1c1c3c7acaf7968447dba9b64ee4ce0b10d6aa81600f9526801e12,0.4594594594594595,1.3944245055278348,1008,0.07142857142857142,SINGLE_TOKEN_SEMANTIC_RISK,1
716634,RDIB,reading international,471,395.0,76.0,0.0,367.0,75.0,98.0,38,12,0.040339702760084924,7276994fe3b691a33351d3624d75910566c16617a432697d5d342172678d794d,0.5,1.6840531728670318,1008,0.037698412698412696,NONE,0
1053507,AMT,AMT,1871,0.0,0.0,1871.0,358.0,1513.0,629.0,218,2,0.2752538749331908,deb56840b9cdc03f6c4ee4d521ae2d441afded63a6b8dfc35db2427b482be521,0.9090909090909091,0.30463609734923813,1008,0.21626984126984128,PUBLISHER_CONCENTRATION_GE_80_PERCENT|SINGLE_TOKEN_SEMANTIC_RISK,2
1769731,AMTD,AMTD,259,0.0,0.0,259.0,63.0,196.0,125.0,64,3,0.528957528957529,deb56840b9cdc03f6c4ee4d521ae2d441afded63a6b8dfc35db2427b482be521,0.5416666666666666,0.8292958063087608,1008,0.06349206349206349,SINGLE_TOKEN_SEMANTIC_RISK,1
1553846,RDHL,redhill biopharma,2121,1234.0,887.0,0.0,1168.0,644.0,840.0,132,22,0.3606789250353607,7276994fe3b691a33351d3624d75910566c16617a432697d5d342172678d794d,0.18133333333333335,2.2561824024268917,1008,0.13095238095238096,NONE,0
1674416,CRSP,crispr therapeutics ag,1843,242.0,1601.0,0.0,128.0,1116.0,189.0,67,2,0.24091155724362454,b760b1294f1c1c3c7acaf7968447dba9b64ee4ce0b10d6aa81600f9526801e12,0.8571428571428571,0.410116318288409,1008,0.06646825396825397,PUBLISHER_CONCENTRATION_GE_80_PERCENT,1
884121,HQL,tekla life sciences investors,92,66.0,26.0,0.0,55.0,24.0,26.0,9,5,0.358695652173913,b760b1294f1c1c3c7acaf7968447dba9b64ee4ce0b10d6aa81600f9526801e12,0.4,1.3624474851916286,1008,0.008928571428571428,NONE,0
1428336,HQY,HQY,32,0.0,0.0,32.0,32.0,0.0,0.0,0,1,1.0,deb56840b9cdc03f6c4ee4d521ae2d441afded63a6b8dfc35db2427b482be521,1.0,-0.0,1008,0.0,SINGLE_TOKEN_SEMANTIC_RISK,1
1297989,EXLS,exlservice,1265,852.0,413.0,0.0,656.0,385.0,299.0,93,29,0.5905138339920949,b760b1294f1c1c3c7acaf7968447dba9b64ee4ce0b10d6aa81600f9526801e12,0.22112211221122113,2.631134571135964,1008,0.09226190476190477,SINGLE_TOKEN_SEMANTIC_RISK,1
897448,AMRN,ethical,5770,1996.0,3774.0,0.0,2352.0,1381.0,373.0,164,21,0.0,215816bf42103f1f2b24c168779f1fb0ea3afcb7a2c627e42e0bcd7fe07eb70a,0.32727272727272727,2.237437782916133,1008,0.1626984126984127,SINGLE_TOKEN_SEMANTIC_RISK,1
1533924,AMPY,amplify energy,370,106.0,264.0,0.0,77.0,176.0,106.0,25,2,0.24594594594594596,b760b1294f1c1c3c7acaf7968447dba9b64ee4ce0b10d6aa81600f9526801e12,0.8333333333333334,0.45056120886630463,1008,0.0248015873015873,PUBLISHER_CONCENTRATION_GE_80_PERCENT,1
1625791,KRNT,kornit digital,577,277.0,300.0,0.0,146.0,262.0,162.0,38,5,0.23743500866551126,b760b1294f1c1c3c7acaf7968447dba9b64ee4ce0b10d6aa81600f9526801e12,0.7727272727272727,0.8014786278927085,1008,0.037698412698412696,NONE,0
1421517,ERII,energy recovery,2080,1531.0,549.0,0.0,1402.0,503.0,415.0,98,31,0.34951923076923075,7276994fe3b691a33351d3624d75910566c16617a432697d5d342172678d794d,0.4117647058823529,2.201040942814108,1008,0.09722222222222222,NONE,0
1083839,NAD,nuveen quality municipal income fund,129,100.0,29.0,0.0,82.0,35.0,85.0,43,2,0.5503875968992248,b760b1294f1c1c3c7acaf7968447dba9b64ee4ce0b10d6aa81600f9526801e12,0.5909090909090909,0.6765259604934999,1008,0.04265873015873016,NONE,0
1290677,TPB,turning point brands,876,186.0,690.0,0.0,159.0,544.0,431.0,140,4,0.2853881278538813,b760b1294f1c1c3c7acaf7968447dba9b64ee4ce0b10d6aa81600f9526801e12,0.575,1.1380426473737981,1008,0.1388888888888889,NONE,0
1227073,ERC,wells fargo advantage multi sector income fund,70,68.0,2.0,0.0,40.0,30.0,2.0,1,1,0.4142857142857143,7276994fe3b691a33351d3624d75910566c16617a432697d5d342172678d794d,1.0,-0.0,1008,0.000992063492063492,NONE,0
1142417,NXST,nexstar media,1689,722.0,967.0,0.0,554.0,818.0,707.0,210,13,0.43043220840734164,b760b1294f1c1c3c7acaf7968447dba9b64ee4ce0b10d6aa81600f9526801e12,0.26104417670682734,1.992025130168554,1008,0.20833333333333334,NONE,0
1378701,GDL,gdl fund,180,167.0,13.0,0.0,145.0,35.0,82.0,28,4,0.40555555555555556,7276994fe3b691a33351d3624d75910566c16617a432697d5d342172678d794d,0.8108108108108109,0.6356986961027334,1008,0.027777777777777776,PUBLISHER_CONCENTRATION_GE_80_PERCENT,1
49754,DIN,dine brands global,1111,291.0,820.0,0.0,249.0,596.0,647.0,144,9,0.38973897389738976,7276994fe3b691a33351d3624d75910566c16617a432697d5d342172678d794d,0.3465346534653465,1.7892527929991346,1008,0.14285714285714285,NONE,0
1712184,LILAK,liberty latin america,162,49.0,113.0,0.0,31.0,66.0,66.0,30,4,0.043209876543209874,b760b1294f1c1c3c7acaf7968447dba9b64ee4ce0b10d6aa81600f9526801e12,0.6666666666666666,0.9881542242901942,1008,0.02976190476190476,NONE,0
949858,ACHV,oncogenex pharmaceuticals,402,330.0,72.0,0.0,322.0,65.0,5.0,1,16,0.007462686567164179,7a760386ea72c5ddae3e4604fdc5f7fa942ad00c5db2a3d8dffc6bcb5912ebdf,0.25301204819277107,2.337902607138019,1008,0.000992063492063492,NONE,0
1958140,BATRK,atlanta braves,2272,1404.0,868.0,0.0,1505.0,174.0,11.0,6,2,0.0035211267605633804,30a36e2c2db6c70f9e277899a89155211f5e150836c7d3a419813a8dc31c0c7f,0.6666666666666666,0.6365141682948128,1008,0.005952380952380952,NONE,0
1334933,UEC,uranium energy,2468,1148.0,1320.0,0.0,948.0,1013.0,297.0,82,19,0.22082658022690438,7276994fe3b691a33351d3624d75910566c16617a432697d5d342172678d794d,0.2694300518134715,2.405982944704956,1008,0.08134920634920635,NONE,0
1391437,GRX,gabelli healthcare wellnessrx trust,103,103.0,0.0,0.0,103.0,0.0,20.0,3,1,0.06796116504854369,b760b1294f1c1c3c7acaf7968447dba9b64ee4ce0b10d6aa81600f9526801e12,1.0,-0.0,1008,0.002976190476190476,PUBLISHER_CONCENTRATION_GE_80_PERCENT,1
717806,FUSB,united security bancshares,455,442.0,13.0,0.0,434.0,18.0,46.0,22,12,0.0,7276994fe3b691a33351d3624d75910566c16617a432697d5d342172678d794d,0.39473684210526316,1.82416217835086,1008,0.021825396825396824,NONE,0
318300,PEBO,peoples bancorp,1639,1297.0,342.0,0.0,0.0,1582.0,236.0,83,19,0.2751677852348993,7276994fe3b691a33351d3624d75910566c16617a432697d5d342172678d794d,0.35555555555555557,2.113824523401001,1008,0.08234126984126984,NONE,0
1010470,PROV,provident financial,2278,1633.0,645.0,0.0,1036.0,1134.0,411.0,138,28,0.16988586479367868,7276994fe3b691a33351d3624d75910566c16617a432697d5d342172678d794d,0.34,2.3328672225916427,1008,0.13690476190476192,NONE,0
1023313,FORR,forrester research,2513,932.0,1581.0,0.0,858.0,889.0,229.0,92,24,0.16912057302029446,7276994fe3b691a33351d3624d75910566c16617a432697d5d342172678d794d,0.2709677419354839,2.3688932110530594,1008,0.09126984126984126,NONE,0
804328,QCOM,QCOM,5494,0.0,0.0,5494.0,803.0,4691.0,2073.0,621,6,0.24754277393520205,84625ab1a763851f03bf27f1f4f68b3b7efe198626d098151d461cbb0e262da0,0.5384615384615384,1.4105135571148382,1008,0.6160714285714286,SINGLE_TOKEN_SEMANTIC_RISK,1
1140411,PCQ,pimco california municipal income fund,432,406.0,26.0,0.0,146.0,278.0,114.0,41,1,0.19675925925925927,7276994fe3b691a33351d3624d75910566c16617a432697d5d342172678d794d,1.0,-0.0,1008,0.040674603174603176,PUBLISHER_CONCENTRATION_GE_80_PERCENT,1
1418121,APLE,apple reit nine,20,20.0,0.0,0.0,0.0,20.0,0.0,0,0,0.0,,0.0,0.0,1008,0.0,NONE,0
1279704,CLRB,novelos therapeutics,173,172.0,1.0,0.0,172.0,0.0,0.0,0,0,0.0,,0.0,0.0,1008,0.0,NONE,0
1431567,OVLY,oak valley bancorp,256,191.0,65.0,0.0,0.0,251.0,66.0,32,9,0.484375,7276994fe3b691a33351d3624d75910566c16617a432697d5d342172678d794d,0.5609756097560976,1.4533474370614519,1008,0.031746031746031744,NONE,0
1122411,ASX,advanced semiconductor engineering,977,502.0,475.0,0.0,448.0,376.0,61.0,19,8,0.2804503582395087,84625ab1a763851f03bf27f1f4f68b3b7efe198626d098151d461cbb0e262da0,0.4411764705882353,1.2285542155152114,1008,0.018849206349206348,NONE,0
810943,PCF,putnam high income securities fund,50,10.0,40.0,0.0,10.0,40.0,0.0,0,0,0.02,,0.0,0.0,1008,0.0,NONE,0
353184,AIRT,air transportation,1944,109.0,1835.0,0.0,211.0,840.0,211.0,97,4,0.0,215816bf42103f1f2b24c168779f1fb0ea3afcb7a2c627e42e0bcd7fe07eb70a,0.3333333333333333,1.3296613488547582,1008,0.09623015873015874,NONE,0
1326200,GNK,genco shipping trading,929,487.0,442.0,0.0,419.0,361.0,102.0,47,3,0.24757804090419805,7276994fe3b691a33351d3624d75910566c16617a432697d5d342172678d794d,0.4444444444444444,1.0608569471580214,1008,0.04662698412698413,NONE,0
897322,GILT,gilat satellite networks,467,188.0,279.0,0.0,190.0,182.0,154.0,47,10,0.4261241970021413,08f472aed74b038b1cd05a1e3cd5afd5b1a5ccd3c9ab2b14bf706239f26376a8,0.3333333333333333,1.7007579458824709,1008,0.04662698412698413,NONE,0
1285550,CLPT,mri interventions,189,188.0,1.0,0.0,176.0,12.0,4.0,2,3,0.0,7276994fe3b691a33351d3624d75910566c16617a432697d5d342172678d794d,0.3333333333333333,1.0986122886681096,1008,0.001984126984126984,NONE,0
864240,SYPR,sypris solutions,381,302.0,79.0,0.0,280.0,83.0,144.0,31,12,0.5511811023622047,7276994fe3b691a33351d3624d75910566c16617a432697d5d342172678d794d,0.40860215053763443,1.7791627728204427,1008,0.030753968253968252,NONE,0
1400810,HCI,hci group inc,1123,82.0,1041.0,0.0,107.0,683.0,99.0,52,4,0.3303650934995548,7276994fe3b691a33351d3624d75910566c16617a432697d5d342172678d794d,0.6363636363636364,1.0335620542068176,1008,0.051587301587301584,NONE,0
1035354,ELOX,sevion therapeutics,39,38.0,1.0,0.0,38.0,1.0,0.0,0,0,0.0,,0.0,0.0,1008,0.0,NONE,0
1515324,ARDC,ares dynamic credit allocation fund,196,158.0,38.0,0.0,99.0,84.0,63.0,41,2,0.6173469387755102,7276994fe3b691a33351d3624d75910566c16617a432697d5d342172678d794d,0.7391304347826086,0.5739644913933235,1008,0.040674603174603176,NONE,0
949858,ACHV,sonus pharmaceuticals,30,30.0,0.0,0.0,26.0,4.0,0.0,0,0,0.0,,0.0,0.0,1008,0.0,NONE,0
1341439,ORCL,ozark,365,142.0,223.0,0.0,156.0,104.0,47.0,23,7,0.0,7276994fe3b691a33351d3624d75910566c16617a432697d5d342172678d794d,0.5238095238095238,1.458411970752874,1008,0.022817460317460316,SINGLE_TOKEN_SEMANTIC_RISK,1
1199004,FMN,federated premier municipal income fund,191,190.0,1.0,0.0,138.0,53.0,103.0,51,2,0.9267015706806283,7276994fe3b691a33351d3624d75910566c16617a432697d5d342172678d794d,0.7384615384615385,0.5746599564720304,1008,0.050595238095238096,NONE,0
1042776,PDM,wells real estate investment trust,16,2.0,14.0,0.0,14.0,2.0,0.0,0,1,0.0,215816bf42103f1f2b24c168779f1fb0ea3afcb7a2c627e42e0bcd7fe07eb70a,1.0,-0.0,1008,0.0,NONE,0
1445930,KB,kb financial group inc,584,27.0,557.0,0.0,60.0,360.0,66.0,28,5,0.04452054794520548,b760b1294f1c1c3c7acaf7968447dba9b64ee4ce0b10d6aa81600f9526801e12,0.2727272727272727,1.5465986860485126,1008,0.027777777777777776,NONE,0
898174,RGA,reinsurance group of america inc,588,103.0,485.0,0.0,107.0,239.0,92.0,31,3,0.09183673469387756,b760b1294f1c1c3c7acaf7968447dba9b64ee4ce0b10d6aa81600f9526801e12,0.7777777777777778,0.6546695645285008,1008,0.030753968253968252,NONE,0
1035002,VLO,VLO,1040,0.0,0.0,1040.0,189.0,851.0,325.0,135,2,0.26634615384615384,f7201aecf29243ac5c06d49728151b399ce2a8115cfdb2faf9462547d83f4ac2,0.5,0.6931471805599453,1008,0.13392857142857142,SINGLE_TOKEN_SEMANTIC_RISK,1
105319,WW,WW,145,0.0,0.0,145.0,42.0,103.0,41.0,22,0,0.36551724137931035,,0.0,0.0,1008,0.021825396825396824,SINGLE_TOKEN_SEMANTIC_RISK,1
1699039,RNGR,ranger energy services,380,44.0,336.0,0.0,28.0,206.0,70.0,14,3,0.2710526315789474,7276994fe3b691a33351d3624d75910566c16617a432697d5d342172678d794d,0.8125,0.6019239717322894,1008,0.013888888888888888,PUBLISHER_CONCENTRATION_GE_80_PERCENT,1
882095,GILD,GILD,331,0.0,0.0,331.0,76.0,255.0,125.0,54,3,0.29003021148036257,1b425b87521ec0ab5e4c02aa6bbf44fa197505a03a1fa7f593d749168cc34d2f,0.47058823529411764,0.9718487712358765,1008,0.05357142857142857,SINGLE_TOKEN_SEMANTIC_RISK,1
1362481,AGD,AGD,2,0.0,0.0,2.0,2.0,0.0,0.0,0,0,0.5,,0.0,0.0,1008,0.0,SINGLE_TOKEN_SEMANTIC_RISK,1
52988,J,jacobs solutions,418,13.0,405.0,0.0,8.0,164.0,0.0,0,0,0.0,,0.0,0.0,1008,0.0,NONE,0
1958086,CLB,CLB,410,0.0,0.0,410.0,149.0,261.0,217.0,105,0,0.47804878048780486,,0.0,0.0,1008,0.10416666666666667,SINGLE_TOKEN_SEMANTIC_RISK,1
1996862,BG,bunge global sa,172,0.0,172.0,0.0,0.0,142.0,0.0,0,0,0.05232558139534884,,0.0,0.0,1008,0.0,NONE,0
888491,OHI,OHI,144,0.0,0.0,144.0,78.0,66.0,10.0,5,2,0.5069444444444444,deb56840b9cdc03f6c4ee4d521ae2d441afded63a6b8dfc35db2427b482be521,0.8378378378378378,0.443237908471039,1008,0.00496031746031746,PUBLISHER_CONCENTRATION_GE_80_PERCENT|SINGLE_TOKEN_SEMANTIC_RISK,2
1779372,BEAT,BEAT,28,0.0,0.0,28.0,7.0,21.0,12.0,6,0,0.0,,0.0,0.0,665,0.009022556390977444,SINGLE_TOKEN_SEMANTIC_RISK,1
919012,AEO,AEO,122,0.0,0.0,122.0,68.0,54.0,28.0,12,3,0.6229508196721312,deb56840b9cdc03f6c4ee4d521ae2d441afded63a6b8dfc35db2427b482be521,0.9032258064516129,0.37953492558109464,1008,0.011904761904761904,PUBLISHER_CONCENTRATION_GE_80_PERCENT|SINGLE_TOKEN_SEMANTIC_RISK,2
1084765,RGP,RGP,23,0.0,0.0,23.0,0.0,23.0,0.0,0,0,0.0,,0.0,0.0,1008,0.0,SINGLE_TOKEN_SEMANTIC_RISK,1
1730984,BCML,baycom,180,40.0,140.0,0.0,18.0,152.0,82.0,26,2,0.2388888888888889,b760b1294f1c1c3c7acaf7968447dba9b64ee4ce0b10d6aa81600f9526801e12,0.75,0.5623351446188083,1008,0.025793650793650792,SINGLE_TOKEN_SEMANTIC_RISK,1
940944,DRI,DRI,37,0.0,0.0,37.0,4.0,33.0,9.0,4,0,0.2702702702702703,,0.0,0.0,1008,0.003968253968253968,SINGLE_TOKEN_SEMANTIC_RISK,1
1796209,APG,APG,15,0.0,0.0,15.0,6.0,9.0,2.0,2,0,1.0,,0.0,0.0,970,0.002061855670103093,SINGLE_TOKEN_SEMANTIC_RISK,1
1520048,PVL,permianville royalty trust,142,19.0,123.0,0.0,18.0,57.0,38.0,18,1,0.24647887323943662,7a760386ea72c5ddae3e4604fdc5f7fa942ad00c5db2a3d8dffc6bcb5912ebdf,1.0,-0.0,1008,0.017857142857142856,PUBLISHER_CONCENTRATION_GE_80_PERCENT,1
1045986,FORTY,formula systems 1985,90,53.0,37.0,0.0,33.0,54.0,23.0,15,4,0.5111111111111111,08f472aed74b038b1cd05a1e3cd5afd5b1a5ccd3c9ab2b14bf706239f26376a8,0.6,1.0888999753452235,1008,0.01488095238095238,NONE,0
882796,BCRX,BCRX,15,0.0,0.0,15.0,2.0,13.0,12.0,5,1,0.13333333333333333,90a39bc1f5732b0842596544dc634b3d71990701eb6566301c32954b714ace25,1.0,-0.0,1008,0.00496031746031746,SINGLE_TOKEN_SEMANTIC_RISK,1
1578987,BANX,stonecastle financial,350,321.0,29.0,0.0,295.0,47.0,118.0,46,12,0.6885714285714286,7276994fe3b691a33351d3624d75910566c16617a432697d5d342172678d794d,0.4158415841584158,1.7843531945437219,1008,0.04563492063492063,NONE,0
1142417,NXST,NXST,6,0.0,0.0,6.0,0.0,6.0,3.0,1,0,0.16666666666666666,,0.0,0.0,1008,0.000992063492063492,SINGLE_TOKEN_SEMANTIC_RISK,1
1958140,BATRK,BATRA,3,0.0,0.0,3.0,0.0,3.0,1.0,1,0,0.0,,0.0,0.0,1008,0.000992063492063492,SINGLE_TOKEN_SEMANTIC_RISK,1
1588084,TANH,tantech,86,29.0,57.0,0.0,17.0,33.0,17.0,6,1,0.10465116279069768,7276994fe3b691a33351d3624d75910566c16617a432697d5d342172678d794d,1.0,-0.0,1008,0.005952380952380952,SINGLE_TOKEN_SEMANTIC_RISK,1
1230869,ASA,ASA,9,0.0,0.0,9.0,2.0,7.0,0.0,0,0,0.2222222222222222,,0.0,0.0,1008,0.0,SINGLE_TOKEN_SEMANTIC_RISK,1
1353613,FXY,FXY,24,0.0,0.0,24.0,14.0,10.0,0.0,0,1,0.375,613022f737b276085620fb2f47764aeb33df8ababd1d0e03b28c0f67d49b86f4,1.0,-0.0,1008,0.0,SINGLE_TOKEN_SEMANTIC_RISK,1
814676,CPSH,CPSH,23,0.0,0.0,23.0,3.0,20.0,12.0,8,0,0.5652173913043478,,0.0,0.0,1008,0.007936507936507936,SINGLE_TOKEN_SEMANTIC_RISK,1
923120,GBX,GBX,37,0.0,0.0,37.0,31.0,6.0,6.0,2,1,0.8648648648648649,deb56840b9cdc03f6c4ee4d521ae2d441afded63a6b8dfc35db2427b482be521,1.0,-0.0,1008,0.001984126984126984,SINGLE_TOKEN_SEMANTIC_RISK,1
947263,TD,TD,75,0.0,0.0,75.0,41.0,34.0,12.0,5,2,0.64,deb56840b9cdc03f6c4ee4d521ae2d441afded63a6b8dfc35db2427b482be521,0.8947368421052632,0.336495757583516,1008,0.00496031746031746,SINGLE_TOKEN_SEMANTIC_RISK,1
1697862,ARGX,ARGX,23,0.0,0.0,23.0,8.0,15.0,10.0,4,0,0.2608695652173913,,0.0,0.0,1008,0.003968253968253968,SINGLE_TOKEN_SEMANTIC_RISK,1
1499543,NOAH,NOAH,79,0.0,0.0,79.0,18.0,61.0,45.0,20,0,0.3291139240506329,,0.0,0.0,1008,0.01984126984126984,SINGLE_TOKEN_SEMANTIC_RISK,1
78890,BCO,BCO,83,0.0,0.0,83.0,21.0,62.0,23.0,16,0,0.4939759036144578,,0.0,0.0,1008,0.015873015873015872,SINGLE_TOKEN_SEMANTIC_RISK,1
1493683,BBN,blackrock taxable municipal bond trust,20,3.0,17.0,0.0,1.0,5.0,1.0,1,0,0.4,,0.0,0.0,1008,0.000992063492063492,NONE,0
1126741,GSIT,GSIT,19,0.0,0.0,19.0,3.0,16.0,4.0,4,0,0.5263157894736842,,0.0,0.0,1008,0.003968253968253968,SINGLE_TOKEN_SEMANTIC_RISK,1
1341439,ORCL,ORCL,14,0.0,0.0,14.0,6.0,8.0,2.0,1,3,0.5714285714285714,a6b342c58afec58a888d1a4b68a52c5d20d7a65d813f5520038b11b5ef584e03,0.4,1.0549201679861442,1008,0.000992063492063492,SINGLE_TOKEN_SEMANTIC_RISK,1
1438893,GNT,gabelli natural resources gold income trust,14,14.0,0.0,0.0,14.0,0.0,0.0,0,0,0.0,,0.0,0.0,0,0.0,NONE,0
1321732,PEN,PEN,2,0.0,0.0,2.0,2.0,0.0,0.0,0,0,0.0,,0.0,0.0,1008,0.0,SINGLE_TOKEN_SEMANTIC_RISK,1
1022079,DGX,DGX,5,0.0,0.0,5.0,0.0,5.0,0.0,0,1,0.4,84625ab1a763851f03bf27f1f4f68b3b7efe198626d098151d461cbb0e262da0,1.0,-0.0,1008,0.0,SINGLE_TOKEN_SEMANTIC_RISK,1
1015739,AWRE,AWRE,16,0.0,0.0,16.0,2.0,14.0,9.0,6,2,0.5,d014d5a638eac5b2d935d6b6b173e4769692dc2a63efe5b382d586866929bd06,0.5,0.6931471805599453,1008,0.005952380952380952,SINGLE_TOKEN_SEMANTIC_RISK,1
78890,BCO,pittston,23,16.0,7.0,0.0,16.0,1.0,1.0,1,0,0.0,,0.0,0.0,1008,0.000992063492063492,SINGLE_TOKEN_SEMANTIC_RISK,1
1119639,PBR-A,PBR-A,4,0.0,0.0,4.0,1.0,3.0,3.0,2,0,0.0,,0.0,0.0,1008,0.001984126984126984,NONE,0
1289490,EXR,EXR,16,0.0,0.0,16.0,14.0,2.0,0.0,0,1,0.875,deb56840b9cdc03f6c4ee4d521ae2d441afded63a6b8dfc35db2427b482be521,1.0,-0.0,1008,0.0,SINGLE_TOKEN_SEMANTIC_RISK,1
1093691,PLUG,PLUG,41,0.0,0.0,41.0,34.0,7.0,4.0,1,3,0.9024390243902439,deb56840b9cdc03f6c4ee4d521ae2d441afded63a6b8dfc35db2427b482be521,0.5,1.0114042647073516,1008,0.000992063492063492,SINGLE_TOKEN_SEMANTIC_RISK,1
1050797,COLM,COLM,9,0.0,0.0,9.0,6.0,3.0,7.0,2,1,0.3333333333333333,84625ab1a763851f03bf27f1f4f68b3b7efe198626d098151d461cbb0e262da0,1.0,-0.0,1008,0.001984126984126984,SINGLE_TOKEN_SEMANTIC_RISK,1
1199004,FMN,federated hermes premier municipal income fund,15,15.0,0.0,0.0,0.0,15.0,15.0,15,0,1.0,,0.0,0.0,1008,0.01488095238095238,NONE,0
1547903,NMIH,NMIH,22,0.0,0.0,22.0,0.0,22.0,13.0,7,0,0.4090909090909091,,0.0,0.0,1008,0.006944444444444444,SINGLE_TOKEN_SEMANTIC_RISK,1
1094972,UGP,UGP,3,0.0,0.0,3.0,0.0,3.0,0.0,0,0,0.0,,0.0,0.0,1008,0.0,SINGLE_TOKEN_SEMANTIC_RISK,1
906709,NKTR,NKTR,16,0.0,0.0,16.0,12.0,4.0,10.0,3,4,0.75,deb56840b9cdc03f6c4ee4d521ae2d441afded63a6b8dfc35db2427b482be521,0.375,1.3208883431493221,1008,0.002976190476190476,SINGLE_TOKEN_SEMANTIC_RISK,1
1065078,NTIP,network 1 security solutions,11,6.0,5.0,0.0,6.0,3.0,2.0,1,1,0.18181818181818182,7276994fe3b691a33351d3624d75910566c16617a432697d5d342172678d794d,1.0,-0.0,1008,0.000992063492063492,NONE,0
921557,RBCAA,republic bancorp ky,8,8.0,0.0,0.0,0.0,8.0,0.0,0,3,1.0,8294547e9fe9367f291a22598513d897928d1a0eeb713ca2b41f31977192c5d1,0.5,1.0397207708399179,1008,0.0,NONE,0
1041024,RMTI,RMTI,4,0.0,0.0,4.0,4.0,0.0,0.0,0,1,1.0,84625ab1a763851f03bf27f1f4f68b3b7efe198626d098151d461cbb0e262da0,1.0,-0.0,1008,0.0,SINGLE_TOKEN_SEMANTIC_RISK,1
1378590,BLIN,BLIN,1,0.0,0.0,1.0,0.0,1.0,1.0,1,0,0.0,,0.0,0.0,1008,0.000992063492063492,SINGLE_TOKEN_SEMANTIC_RISK,1
1280784,HTGC,HTGC,2,0.0,0.0,2.0,0.0,2.0,0.0,0,0,0.0,,0.0,0.0,1008,0.0,SINGLE_TOKEN_SEMANTIC_RISK,1
897419,NMT,nuveen massachusetts quality municipal income fund,2,2.0,0.0,0.0,1.0,1.0,0.0,0,0,1.0,,0.0,0.0,1008,0.0,NONE,0
1120193,NDAQ,NDAQ,4,0.0,0.0,4.0,4.0,0.0,0.0,0,1,1.0,deb56840b9cdc03f6c4ee4d521ae2d441afded63a6b8dfc35db2427b482be521,1.0,-0.0,1008,0.0,SINGLE_TOKEN_SEMANTIC_RISK,1
1002047,NTAP,NTAP,4,0.0,0.0,4.0,4.0,0.0,0.0,0,1,1.0,deb56840b9cdc03f6c4ee4d521ae2d441afded63a6b8dfc35db2427b482be521,1.0,-0.0,1008,0.0,SINGLE_TOKEN_SEMANTIC_RISK,1
1713930,NEXA,NEXA,9,0.0,0.0,9.0,4.0,5.0,1.0,1,0,0.6666666666666666,,0.0,0.0,1008,0.000992063492063492,SINGLE_TOKEN_SEMANTIC_RISK,1
1492691,KNX,KNX,2,0.0,0.0,2.0,1.0,1.0,0.0,0,0,1.0,,0.0,0.0,1008,0.0,SINGLE_TOKEN_SEMANTIC_RISK,1
1604174,ECC,ECC,4,0.0,0.0,4.0,0.0,4.0,4.0,1,0,0.0,,0.0,0.0,1008,0.000992063492063492,SINGLE_TOKEN_SEMANTIC_RISK,1
1661181,ORGO,avista healthcare public acquisition,25,0.0,25.0,0.0,1.0,24.0,0.0,0,0,0.0,,0.0,0.0,1008,0.0,NONE,0
943452,WAB,WAB,2,0.0,0.0,2.0,0.0,2.0,2.0,1,0,0.5,,0.0,0.0,1008,0.000992063492063492,SINGLE_TOKEN_SEMANTIC_RISK,1
1393311,PSA,PSA,16,0.0,0.0,16.0,16.0,0.0,0.0,0,1,1.0,deb56840b9cdc03f6c4ee4d521ae2d441afded63a6b8dfc35db2427b482be521,1.0,-0.0,1008,0.0,SINGLE_TOKEN_SEMANTIC_RISK,1
911971,TK,TK,1,0.0,0.0,1.0,0.0,1.0,1.0,1,0,0.0,,0.0,0.0,1008,0.000992063492063492,SINGLE_TOKEN_SEMANTIC_RISK,1
892992,NAZ,nuveen arizona quality municipal income fund,2,2.0,0.0,0.0,2.0,0.0,0.0,0,0,1.0,,0.0,0.0,1008,0.0,NONE,0
892992,NAZ,nuveen arizona premium income municipal fund,42,42.0,0.0,0.0,14.0,28.0,10.0,5,2,0.9523809523809523,7276994fe3b691a33351d3624d75910566c16617a432697d5d342172678d794d,0.8333333333333334,0.45056120886630463,1008,0.00496031746031746,NONE,0
1109116,EVC,EVC,4,0.0,0.0,4.0,4.0,0.0,1.0,1,0,0.75,,0.0,0.0,1008,0.000992063492063492,SINGLE_TOKEN_SEMANTIC_RISK,1
1195739,NRK,nuveen insured new york tax free advantage municipal fund,2,2.0,0.0,0.0,2.0,0.0,0.0,0,0,0.0,,0.0,0.0,1008,0.0,NONE,0
1421517,ERII,ERII,6,0.0,0.0,6.0,6.0,0.0,0.0,0,1,1.0,deb56840b9cdc03f6c4ee4d521ae2d441afded63a6b8dfc35db2427b482be521,1.0,-0.0,1008,0.0,SINGLE_TOKEN_SEMANTIC_RISK,1
1584509,ARMK,ARMK,2,0.0,0.0,2.0,2.0,0.0,0.0,0,1,1.0,84625ab1a763851f03bf27f1f4f68b3b7efe198626d098151d461cbb0e262da0,1.0,-0.0,1008,0.0,SINGLE_TOKEN_SEMANTIC_RISK,1
1636289,ACV,virtus diversified income convertible fund,1,1.0,0.0,0.0,0.0,1.0,0.0,0,0,1.0,,0.0,0.0,1008,0.0,NONE,0
1267565,COLL,COLL,1,0.0,0.0,1.0,1.0,0.0,0.0,0,0,1.0,,0.0,0.0,1008,0.0,SINGLE_TOKEN_SEMANTIC_RISK,1
1602584,CCD,calamos dynamic convertible income fund,42,42.0,0.0,0.0,0.0,42.0,27.0,27,0,1.0,,0.0,0.0,1008,0.026785714285714284,NONE,0
920148,LH,national health laboratories,1,0.0,1.0,0.0,0.0,0.0,0.0,0,0,0.0,,0.0,0.0,1008,0.0,NONE,0
1327811,WDAY,workday,9872,4722.0,5150.0,0.0,3522.0,4019.0,2542.0,455,57,0.372467585089141,6752e69d6ebc246e5369e53b5493b1c51f51433551b895d3c67b2e427520e39e,0.20164046479835954,2.774667177614278,1008,0.4513888888888889,SINGLE_TOKEN_SEMANTIC_RISK,1
944809,OPK,opko health,4219,2797.0,1422.0,0.0,2158.0,1694.0,1311.0,268,53,0.4633799478549419,7276994fe3b691a33351d3624d75910566c16617a432697d5d342172678d794d,0.27887617065556713,2.5218627897160073,1008,0.26587301587301587,NONE,0
313143,HAE,haemonetics,6164,2170.0,3994.0,0.0,1574.0,2217.0,651.0,159,39,0.25486696950032445,7a760386ea72c5ddae3e4604fdc5f7fa942ad00c5db2a3d8dffc6bcb5912ebdf,0.42805100182149364,2.242958555076773,1008,0.15773809523809523,SINGLE_TOKEN_SEMANTIC_RISK,1
851520,EXPO,failure,57549,10669.0,46880.0,0.0,16723.0,18480.0,4215.0,977,59,1.7376496550765435e-05,7276994fe3b691a33351d3624d75910566c16617a432697d5d342172678d794d,0.35374868004223864,2.6579552174200183,1008,0.9692460317460317,EDGE_COUNT_TOP_1_PERCENT|IMPLAUSIBLY_HIGH_TRAINING_DAY_COVERAGE|SINGLE_TOKEN_SEMANTIC_RISK,3
1177609,FIVE,cheap,227886,18489.0,209397.0,0.0,27259.0,155555.0,21611.0,1437,92,5.704606689309567e-05,7276994fe3b691a33351d3624d75910566c16617a432697d5d342172678d794d,0.5549062576089603,1.900604523267115,1008,1.0,EDGE_COUNT_TOP_1_PERCENT|IMPLAUSIBLY_HIGH_TRAINING_DAY_COVERAGE|SINGLE_TOKEN_SEMANTIC_RISK,3
1110646,NTES,netease,9820,3612.0,6208.0,0.0,2590.0,4505.0,1446.0,355,55,0.31456211812627294,6752e69d6ebc246e5369e53b5493b1c51f51433551b895d3c67b2e427520e39e,0.3422712933753943,2.379298225972382,1008,0.3521825396825397,SINGLE_TOKEN_SEMANTIC_RISK,1
20212,CHDN,churchill downs,2171,965.0,1206.0,0.0,874.0,753.0,406.0,160,13,0.22109626900046062,7a760386ea72c5ddae3e4604fdc5f7fa942ad00c5db2a3d8dffc6bcb5912ebdf,0.25961538461538464,2.014911806357504,1008,0.15873015873015872,NONE,0
1467373,ACN,accenture,19089,10882.0,8207.0,0.0,7906.0,7429.0,3174.0,602,74,0.2384095552412384,7a760386ea72c5ddae3e4604fdc5f7fa942ad00c5db2a3d8dffc6bcb5912ebdf,0.2637853949329359,2.814483586264573,1008,0.5972222222222222,SINGLE_TOKEN_SEMANTIC_RISK,1
1114995,PI,impinj,1112,489.0,623.0,0.0,286.0,561.0,219.0,100,6,0.3183453237410072,6d85c5fcd083a75f7715c2add959f733b76cef5669e291147c7bb4af1f38a75b,0.2923076923076923,1.5120354698242442,1008,0.0992063492063492,SINGLE_TOKEN_SEMANTIC_RISK,1
1498403,BLRX,biolinerx,1520,1278.0,242.0,0.0,1116.0,342.0,282.0,68,22,0.46842105263157896,7276994fe3b691a33351d3624d75910566c16617a432697d5d342172678d794d,0.26373626373626374,2.187121675032674,1008,0.06746031746031746,SINGLE_TOKEN_SEMANTIC_RISK,1
1070081,PTCT,PTCT,32,0.0,0.0,32.0,28.0,4.0,0.0,0,3,0.9375,84625ab1a763851f03bf27f1f4f68b3b7efe198626d098151d461cbb0e262da0,0.6875,0.7774621319109288,1008,0.0,SINGLE_TOKEN_SEMANTIC_RISK,1
884887,RCL,royal caribbean cruises,9030,1753.0,7277.0,0.0,1092.0,4785.0,1380.0,254,42,0.07585825027685493,1b425b87521ec0ab5e4c02aa6bbf44fa197505a03a1fa7f593d749168cc34d2f,0.18615751789976134,2.847900093836668,1008,0.251984126984127,NONE,0
1326732,XNCR,xencor,1141,792.0,349.0,0.0,649.0,300.0,381.0,113,15,0.4075372480280456,7276994fe3b691a33351d3624d75910566c16617a432697d5d342172678d794d,0.34101382488479265,2.192981607909112,1008,0.11210317460317461,SINGLE_TOKEN_SEMANTIC_RISK,1
1130310,CNP,centerpoint energy,5698,2776.0,2922.0,0.0,2296.0,2438.0,1657.0,330,42,0.34204984204984207,7a760386ea72c5ddae3e4604fdc5f7fa942ad00c5db2a3d8dffc6bcb5912ebdf,0.26675977653631283,2.5696334300042145,1008,0.3273809523809524,NONE,0
314808,VAL,ensco,4364,3522.0,842.0,0.0,3162.0,984.0,860.0,171,59,0.00022914757103574703,7276994fe3b691a33351d3624d75910566c16617a432697d5d342172678d794d,0.36378876781223807,2.310725382844725,800,0.21375,SINGLE_TOKEN_SEMANTIC_RISK,1
1495240,LANDP,gladstone land,1089,821.0,268.0,0.0,756.0,265.0,362.0,117,11,0.006427915518824609,7276994fe3b691a33351d3624d75910566c16617a432697d5d342172678d794d,0.5134099616858238,1.5735345865853478,598,0.1956521739130435,NONE,0
866706,ESE,esco technologies,972,653.0,319.0,0.0,443.0,433.0,206.0,93,24,0.46810699588477367,b760b1294f1c1c3c7acaf7968447dba9b64ee4ce0b10d6aa81600f9526801e12,0.22302158273381295,2.430166474120357,1008,0.09226190476190477,NONE,0
1018979,AMSF,amerisafe,1690,1023.0,667.0,0.0,642.0,839.0,199.0,71,4,0.22189349112426035,7a760386ea72c5ddae3e4604fdc5f7fa942ad00c5db2a3d8dffc6bcb5912ebdf,0.9538461538461539,0.2270722075363198,1008,0.07043650793650794,PUBLISHER_CONCENTRATION_GE_80_PERCENT|SINGLE_TOKEN_SEMANTIC_RISK,2
1166003,XPO,xpo logistics,3183,1909.0,1274.0,0.0,1647.0,1034.0,1316.0,332,35,0.489789506754634,7276994fe3b691a33351d3624d75910566c16617a432697d5d342172678d794d,0.26411960132890366,2.460396632359177,1008,0.32936507936507936,NONE,0
910521,DECK,deckers outdoor,7024,2729.0,4295.0,0.0,2132.0,3160.0,1025.0,271,66,0.33613325740318906,7a760386ea72c5ddae3e4604fdc5f7fa942ad00c5db2a3d8dffc6bcb5912ebdf,0.142668428005284,3.2723213358427734,1008,0.26884920634920634,NONE,0
920148,LH,laboratory corp of america holdings,540,216.0,324.0,0.0,149.0,330.0,136.0,25,7,0.13703703703703704,b760b1294f1c1c3c7acaf7968447dba9b64ee4ce0b10d6aa81600f9526801e12,0.7926829268292683,0.86521320427274,1008,0.0248015873015873,NONE,0
1631574,WVE,wave life sciences,466,151.0,315.0,0.0,87.0,235.0,155.0,40,6,0.21888412017167383,7276994fe3b691a33351d3624d75910566c16617a432697d5d342172678d794d,0.375,1.5272596923817312,1008,0.03968253968253968,NONE,0
1435064,CETX,cemtrex,784,443.0,341.0,0.0,329.0,384.0,379.0,37,6,0.044642857142857144,7276994fe3b691a33351d3624d75910566c16617a432697d5d342172678d794d,0.7922077922077922,0.8134236464339023,1008,0.03670634920634921,SINGLE_TOKEN_SEMANTIC_RISK,1
1430306,TNXP,tonix pharmaceuticals,2077,934.0,1143.0,0.0,886.0,826.0,1071.0,146,21,0.34809821858449685,b760b1294f1c1c3c7acaf7968447dba9b64ee4ce0b10d6aa81600f9526801e12,0.21671826625386997,2.1995347612592817,1008,0.14484126984126985,NONE,0
1347858,XXII,22nd century,1439,811.0,628.0,0.0,827.0,398.0,418.0,135,17,0.4461431549687283,7276994fe3b691a33351d3624d75910566c16617a432697d5d342172678d794d,0.24651162790697675,2.08098233619944,1008,0.13392857142857142,NONE,0
72573,MOV,movado,2525,1805.0,720.0,0.0,1481.0,925.0,763.0,122,40,0.44554455445544555,7276994fe3b691a33351d3624d75910566c16617a432697d5d342172678d794d,0.22282608695652173,2.5873421232001554,1008,0.12103174603174603,SINGLE_TOKEN_SEMANTIC_RISK,1
928876,TSEM,tower semiconductor,1925,737.0,1188.0,0.0,622.0,1124.0,339.0,71,25,0.2727272727272727,7276994fe3b691a33351d3624d75910566c16617a432697d5d342172678d794d,0.33879781420765026,2.3490771616723216,1008,0.07043650793650794,NONE,0
799288,LE,lands end,1963,1322.0,641.0,0.0,1039.0,742.0,431.0,92,21,0.3224656138563423,7276994fe3b691a33351d3624d75910566c16617a432697d5d342172678d794d,0.38943894389438943,2.0243232743539203,1008,0.09126984126984126,NONE,0
1640043,PXS,pyxis tankers,227,105.0,122.0,0.0,104.0,100.0,51.0,16,3,0.23348017621145375,7276994fe3b691a33351d3624d75910566c16617a432697d5d342172678d794d,0.6428571428571429,0.8921178708188161,1008,0.015873015873015872,NONE,0
1706946,SPCE,virgin galactic,5119,1527.0,3592.0,0.0,1210.0,2308.0,2125.0,445,20,0.3131470990427818,215816bf42103f1f2b24c168779f1fb0ea3afcb7a2c627e42e0bcd7fe07eb70a,0.3984375,2.119694780110785,1008,0.44146825396825395,NONE,0
1616707,W,wayfair,7497,3463.0,4034.0,0.0,2793.0,2546.0,2792.0,544,53,0.4337735094037615,7276994fe3b691a33351d3624d75910566c16617a432697d5d342172678d794d,0.20881057268722467,2.8570775882879547,1008,0.5396825396825397,SINGLE_TOKEN_SEMANTIC_RISK,1
1323885,ATRC,atricure,1442,1120.0,322.0,0.0,1001.0,318.0,363.0,101,30,0.4854368932038835,7276994fe3b691a33351d3624d75910566c16617a432697d5d342172678d794d,0.24333333333333335,2.57142516383818,1008,0.1001984126984127,SINGLE_TOKEN_SEMANTIC_RISK,1
1046311,CHH,choice hotels international,2949,1042.0,1907.0,0.0,1065.0,1573.0,348.0,147,19,0.3136656493726687,b760b1294f1c1c3c7acaf7968447dba9b64ee4ce0b10d6aa81600f9526801e12,0.21022727272727273,2.3683214780779958,1008,0.14583333333333334,NONE,0
1494259,CARG,cargurus,1043,411.0,632.0,0.0,160.0,636.0,308.0,95,8,0.2828379674017258,b760b1294f1c1c3c7acaf7968447dba9b64ee4ce0b10d6aa81600f9526801e12,0.6304347826086957,1.3515258893270157,1008,0.09424603174603174,SINGLE_TOKEN_SEMANTIC_RISK,1
1590895,CZR,eldorado resorts,912,343.0,569.0,0.0,199.0,546.0,518.0,122,12,0.21271929824561403,b760b1294f1c1c3c7acaf7968447dba9b64ee4ce0b10d6aa81600f9526801e12,0.5813953488372093,1.5514895869866563,1008,0.12103174603174603,NONE,0
877212,ZBRA,zebra technologies,3894,1980.0,1914.0,0.0,1559.0,1518.0,1075.0,245,39,0.3543913713405239,b760b1294f1c1c3c7acaf7968447dba9b64ee4ce0b10d6aa81600f9526801e12,0.18711018711018712,2.6700452060504833,1008,0.24305555555555555,NONE,0
868278,PRPH,quigley,2204,226.0,1978.0,0.0,813.0,294.0,14.0,9,5,0.0,215816bf42103f1f2b24c168779f1fb0ea3afcb7a2c627e42e0bcd7fe07eb70a,0.6666666666666666,1.0805738483648537,1008,0.008928571428571428,SINGLE_TOKEN_SEMANTIC_RISK,1
908315,WINA,winmark,665,448.0,217.0,0.0,449.0,153.0,100.0,44,11,0.42857142857142855,7276994fe3b691a33351d3624d75910566c16617a432697d5d342172678d794d,0.31932773109243695,1.818549748442139,1008,0.04365079365079365,SINGLE_TOKEN_SEMANTIC_RISK,1
1610853,HSDT,solana,3189,851.0,2338.0,0.0,950.0,529.0,125.0,68,3,0.0,215816bf42103f1f2b24c168779f1fb0ea3afcb7a2c627e42e0bcd7fe07eb70a,0.9512195121951219,0.2287207447761076,1008,0.06746031746031746,PUBLISHER_CONCENTRATION_GE_80_PERCENT|SINGLE_TOKEN_SEMANTIC_RISK,2
1604028,WMS,advanced drainage systems,1229,682.0,547.0,0.0,518.0,394.0,351.0,113,11,0.48331977217249794,7276994fe3b691a33351d3624d75910566c16617a432697d5d342172678d794d,0.4941860465116279,1.6523316480770995,1008,0.11210317460317461,NONE,0
1289308,ENS,enersys,3537,2005.0,1532.0,0.0,1396.0,1549.0,723.0,158,34,0.4153237206672321,7a760386ea72c5ddae3e4604fdc5f7fa942ad00c5db2a3d8dffc6bcb5912ebdf,0.31752577319587627,2.3575933639411017,1008,0.15674603174603174,SINGLE_TOKEN_SEMANTIC_RISK,1
1045450,EPR,epr properties,3500,1640.0,1860.0,0.0,1254.0,1509.0,877.0,273,18,0.38685714285714284,7276994fe3b691a33351d3624d75910566c16617a432697d5d342172678d794d,0.4896142433234421,1.7763885157173178,1008,0.2708333333333333,NONE,0
1013605,PDS,precision drilling,2188,1635.0,553.0,0.0,1512.0,510.0,427.0,101,28,0.3587751371115174,7276994fe3b691a33351d3624d75910566c16617a432697d5d342172678d794d,0.32753623188405795,2.3416967915367706,1008,0.1001984126984127,NONE,0
105319,WW,weight watchers international,1843,778.0,1065.0,0.0,573.0,1002.0,643.0,167,26,0.29137276180141075,7a760386ea72c5ddae3e4604fdc5f7fa942ad00c5db2a3d8dffc6bcb5912ebdf,0.37446808510638296,2.193004395602065,1008,0.16567460317460317,NONE,0
1389050,AROC,archrock,1225,389.0,836.0,0.0,259.0,513.0,423.0,150,4,0.28408163265306124,7a760386ea72c5ddae3e4604fdc5f7fa942ad00c5db2a3d8dffc6bcb5912ebdf,0.5272727272727272,1.1652219241940482,1008,0.1488095238095238,SINGLE_TOKEN_SEMANTIC_RISK,1
1585608,JAGX,jaguar health,324,39.0,285.0,0.0,33.0,180.0,204.0,33,4,0.0,6d85c5fcd083a75f7715c2add959f733b76cef5669e291147c7bb4af1f38a75b,0.5833333333333334,1.0751393240053735,1008,0.03273809523809524,NONE,0
1628369,CWK,cushman wakefield,2480,628.0,1852.0,0.0,729.0,719.0,160.0,78,14,0.09274193548387097,215816bf42103f1f2b24c168779f1fb0ea3afcb7a2c627e42e0bcd7fe07eb70a,0.6935933147632312,1.087601753260171,861,0.09059233449477352,NONE,0
1166003,XPO,express 1 expedited solutions,83,80.0,3.0,0.0,80.0,0.0,0.0,0,3,0.10843373493975904,a328d6d26983766d80fbb9adc64925a627cc56bb60e124536e235c6bd61bec28,0.5,1.0397207708399179,1008,0.0,NONE,0
1372920,EDU,new oriental education technology,2270,392.0,1878.0,0.0,503.0,1160.0,672.0,172,3,0.31233480176211453,b760b1294f1c1c3c7acaf7968447dba9b64ee4ce0b10d6aa81600f9526801e12,0.660377358490566,0.7136540078712699,1008,0.17063492063492064,NONE,0
1584207,OMF,springleaf,330,267.0,63.0,0.0,262.0,58.0,1.0,1,5,0.0030303030303030303,6752e69d6ebc246e5369e53b5493b1c51f51433551b895d3c67b2e427520e39e,0.631578947368421,1.1285962936622183,1008,0.000992063492063492,SINGLE_TOKEN_SEMANTIC_RISK,1
1109138,CAMT,camtek,1688,969.0,719.0,0.0,849.0,649.0,354.0,106,23,0.39988151658767773,7276994fe3b691a33351d3624d75910566c16617a432697d5d342172678d794d,0.2882882882882883,2.223661681736702,1008,0.10515873015873016,SINGLE_TOKEN_SEMANTIC_RISK,1
1035983,FIX,comfort systems usa,2273,907.0,1366.0,0.0,581.0,780.0,434.0,140,18,0.31984161900571934,7a760386ea72c5ddae3e4604fdc5f7fa942ad00c5db2a3d8dffc6bcb5912ebdf,0.23369565217391305,2.240922484108405,1008,0.1388888888888889,NONE,0
1552000,MPLX,mplx lp,2343,751.0,1592.0,0.0,611.0,1174.0,632.0,171,13,0.353393085787452,b760b1294f1c1c3c7acaf7968447dba9b64ee4ce0b10d6aa81600f9526801e12,0.6231884057971014,1.3914818781016338,1008,0.16964285714285715,NONE,0
1039399,FORM,formfactor,2424,1761.0,663.0,0.0,1361.0,875.0,566.0,145,32,0.4834983498349835,7a760386ea72c5ddae3e4604fdc5f7fa942ad00c5db2a3d8dffc6bcb5912ebdf,0.32238193018480493,2.346902688418405,1008,0.14384920634920634,SINGLE_TOKEN_SEMANTIC_RISK,1
26780,DAN,dana inc,511,133.0,378.0,0.0,85.0,220.0,218.0,67,5,0.37181996086105673,b760b1294f1c1c3c7acaf7968447dba9b64ee4ce0b10d6aa81600f9526801e12,0.7083333333333334,0.9401453181214774,1008,0.06646825396825397,NONE,0
1993004,NWE,northwestern energy,405,358.0,47.0,0.0,303.0,83.0,39.0,16,13,0.2419753086419753,1b425b87521ec0ab5e4c02aa6bbf44fa197505a03a1fa7f593d749168cc34d2f,0.2619047619047619,2.219844064631436,1008,0.015873015873015872,NONE,0
1707925,LIN,linde,6018,2510.0,3508.0,0.0,2255.0,1826.0,674.0,232,14,0.001163177135260884,b760b1294f1c1c3c7acaf7968447dba9b64ee4ce0b10d6aa81600f9526801e12,0.7266666666666667,1.1469872181063185,1008,0.23015873015873015,SINGLE_TOKEN_SEMANTIC_RISK,1
1227654,CMP,compass minerals international,1192,469.0,723.0,0.0,331.0,598.0,279.0,120,16,0.49916107382550334,b760b1294f1c1c3c7acaf7968447dba9b64ee4ce0b10d6aa81600f9526801e12,0.43089430894308944,1.8464021434044384,1008,0.11904761904761904,NONE,0
1030471,UTSI,utstarcom,1232,1002.0,230.0,0.0,970.0,229.0,260.0,39,17,0.3352272727272727,7276994fe3b691a33351d3624d75910566c16617a432697d5d342172678d794d,0.35195530726256985,2.1242191043896983,1008,0.03869047619047619,SINGLE_TOKEN_SEMANTIC_RISK,1
1350653,ATEC,alphatec,1573,1097.0,476.0,0.0,985.0,393.0,306.0,98,22,0.4189446916719644,7276994fe3b691a33351d3624d75910566c16617a432697d5d342172678d794d,0.23605150214592274,2.286972191340841,1008,0.09722222222222222,SINGLE_TOKEN_SEMANTIC_RISK,1
1269238,TCOM,trip com,2017,306.0,1711.0,0.0,133.0,1206.0,514.0,97,3,0.22211204759543876,b760b1294f1c1c3c7acaf7968447dba9b64ee4ce0b10d6aa81600f9526801e12,0.84,0.4999531052023729,1008,0.09623015873015874,PUBLISHER_CONCENTRATION_GE_80_PERCENT,1
944745,CIVB,civista bancshares,663,234.0,429.0,0.0,37.0,564.0,300.0,77,5,0.28355957767722473,7a760386ea72c5ddae3e4604fdc5f7fa942ad00c5db2a3d8dffc6bcb5912ebdf,0.5277777777777778,1.0032094046012214,1008,0.0763888888888889,NONE,0
1615905,JGH,nuveen global high income fund,40,38.0,2.0,0.0,38.0,1.0,26.0,8,1,0.4,7276994fe3b691a33351d3624d75910566c16617a432697d5d342172678d794d,1.0,-0.0,1008,0.007936507936507936,NONE,0
1404655,HUBS,HUBS,74,0.0,0.0,74.0,74.0,0.0,0.0,0,2,1.0,deb56840b9cdc03f6c4ee4d521ae2d441afded63a6b8dfc35db2427b482be521,0.9459459459459459,0.21028341228613337,1008,0.0,SINGLE_TOKEN_SEMANTIC_RISK,1
1100682,CRL,charles river laboratories,2440,792.0,1648.0,0.0,807.0,1194.0,431.0,133,31,0.37868852459016394,7276994fe3b691a33351d3624d75910566c16617a432697d5d342172678d794d,0.28225806451612906,2.530842555541151,1008,0.13194444444444445,NONE,0
1758530,SY,so young international,55,14.0,41.0,0.0,20.0,30.0,38.0,20,1,0.6181818181818182,7276994fe3b691a33351d3624d75910566c16617a432697d5d342172678d794d,1.0,-0.0,675,0.02962962962962963,NONE,0
1420720,IBIO,ibio inc,805,139.0,666.0,0.0,113.0,276.0,269.0,16,8,0.03602484472049689,b760b1294f1c1c3c7acaf7968447dba9b64ee4ce0b10d6aa81600f9526801e12,0.3076923076923077,1.8848713335781606,1008,0.015873015873015872,NONE,0
866374,FLEX,flex ltd,2854,139.0,2715.0,0.0,104.0,2456.0,209.0,92,6,0.17764540995094605,7276994fe3b691a33351d3624d75910566c16617a432697d5d342172678d794d,0.4482758620689655,1.3278895782906046,1008,0.09126984126984126,NONE,0
727273,CDZI,cadiz,984,460.0,524.0,0.0,534.0,363.0,130.0,46,12,0.23577235772357724,b760b1294f1c1c3c7acaf7968447dba9b64ee4ce0b10d6aa81600f9526801e12,0.2441860465116279,2.12214882125821,1008,0.04563492063492063,SINGLE_TOKEN_SEMANTIC_RISK,1
1026655,CMT,core molding technologies,217,174.0,43.0,0.0,152.0,45.0,43.0,8,4,0.10599078341013825,6d85c5fcd083a75f7715c2add959f733b76cef5669e291147c7bb4af1f38a75b,0.4444444444444444,1.1858203126288678,1008,0.007936507936507936,NONE,0
1528356,GNE,genie energy,824,524.0,300.0,0.0,488.0,292.0,255.0,67,10,0.36650485436893204,7276994fe3b691a33351d3624d75910566c16617a432697d5d342172678d794d,0.5620437956204379,1.4981450471024251,1008,0.06646825396825397,NONE,0
1270436,COHN,institutional financial markets,81,65.0,16.0,0.0,58.0,15.0,0.0,0,6,0.0,7276994fe3b691a33351d3624d75910566c16617a432697d5d342172678d794d,0.5454545454545454,1.2469771527753917,1008,0.0,NONE,0
317788,APPS,digital turbine,1047,439.0,608.0,0.0,221.0,572.0,398.0,131,3,0.33715377268385865,7a760386ea72c5ddae3e4604fdc5f7fa942ad00c5db2a3d8dffc6bcb5912ebdf,0.8888888888888888,0.4153064945747272,1008,0.12996031746031747,PUBLISHER_CONCENTRATION_GE_80_PERCENT,1
1702750,BY,byline bancorp,843,139.0,704.0,0.0,0.0,803.0,74.0,42,2,0.15776986951364175,b760b1294f1c1c3c7acaf7968447dba9b64ee4ce0b10d6aa81600f9526801e12,0.875,0.37677016125643675,1008,0.041666666666666664,PUBLISHER_CONCENTRATION_GE_80_PERCENT,1
1164771,NAK,northern dynasty minerals,666,326.0,340.0,0.0,321.0,219.0,271.0,89,14,0.42342342342342343,7276994fe3b691a33351d3624d75910566c16617a432697d5d342172678d794d,0.26666666666666666,2.175872954275685,1008,0.0882936507936508,NONE,0
1499780,GLBS,globus maritime,916,660.0,256.0,0.0,573.0,263.0,334.0,48,14,0.34170305676855894,7276994fe3b691a33351d3624d75910566c16617a432697d5d342172678d794d,0.22093023255813954,2.1552187972186334,1008,0.047619047619047616,NONE,0
1169561,CVLT,commvault systems,1257,705.0,552.0,0.0,573.0,488.0,365.0,103,29,0.5497215592680986,b760b1294f1c1c3c7acaf7968447dba9b64ee4ce0b10d6aa81600f9526801e12,0.16810344827586207,2.6924205026863457,1008,0.10218253968253968,NONE,0
1049521,MRCY,mercury systems,2712,1732.0,980.0,0.0,1569.0,955.0,1112.0,270,20,0.5460914454277286,b760b1294f1c1c3c7acaf7968447dba9b64ee4ce0b10d6aa81600f9526801e12,0.2441860465116279,2.1563943659055242,1008,0.26785714285714285,NONE,0
875582,NTIC,northern technologies international,576,328.0,248.0,0.0,309.0,208.0,83.0,35,11,0.3993055555555556,7276994fe3b691a33351d3624d75910566c16617a432697d5d342172678d794d,0.36538461538461536,1.88227781395426,1008,0.034722222222222224,NONE,0
1001115,GEOS,oyo geospace,135,120.0,15.0,0.0,116.0,14.0,0.0,0,1,0.0,8294547e9fe9367f291a22598513d897928d1a0eeb713ca2b41f31977192c5d1,1.0,-0.0,1008,0.0,PUBLISHER_CONCENTRATION_GE_80_PERCENT,1
25743,TXMD,croff enterprises,6,6.0,0.0,0.0,6.0,0.0,0.0,0,0,0.0,,0.0,0.0,1008,0.0,NONE,0
1270523,ETG,eaton vance tax advantaged global dividend income fund,196,179.0,17.0,0.0,124.0,72.0,50.0,36,1,0.5051020408163265,7276994fe3b691a33351d3624d75910566c16617a432697d5d342172678d794d,1.0,-0.0,1008,0.03571428571428571,PUBLISHER_CONCENTRATION_GE_80_PERCENT,1
1436425,HBCP,home bancorp,752,468.0,284.0,0.0,0.0,743.0,259.0,57,14,0.4002659574468085,7276994fe3b691a33351d3624d75910566c16617a432697d5d342172678d794d,0.3137254901960784,2.008790847195114,1008,0.05654761904761905,NONE,0
1288992,EFT,eaton vance floating rate income trust,195,186.0,9.0,0.0,144.0,48.0,33.0,22,4,0.36923076923076925,7276994fe3b691a33351d3624d75910566c16617a432697d5d342172678d794d,0.6875,0.9180459180656309,1008,0.021825396825396824,NONE,0
701719,ELA,dgse companies,295,294.0,1.0,0.0,282.0,13.0,12.0,6,8,0.0,1b425b87521ec0ab5e4c02aa6bbf44fa197505a03a1fa7f593d749168cc34d2f,0.25,1.8080820055585276,1008,0.005952380952380952,NONE,0
1493594,MTSI,m a com technology solutions,382,246.0,136.0,0.0,222.0,119.0,2.0,1,13,0.4816753926701571,a328d6d26983766d80fbb9adc64925a627cc56bb60e124536e235c6bd61bec28,0.16071428571428573,2.3688592759177145,1008,0.000992063492063492,NONE,0
910068,HIO,western asset high income opportunity fund,244,234.0,10.0,0.0,177.0,58.0,33.0,29,2,0.29918032786885246,84625ab1a763851f03bf27f1f4f68b3b7efe198626d098151d461cbb0e262da0,0.5,0.6931471805599453,1008,0.028769841269841268,NONE,0
1395213,EDN,edenor,389,238.0,151.0,0.0,269.0,54.0,10.0,7,8,0.12853470437017994,1b425b87521ec0ab5e4c02aa6bbf44fa197505a03a1fa7f593d749168cc34d2f,0.23076923076923078,1.9915093613566137,1008,0.006944444444444444,SINGLE_TOKEN_SEMANTIC_RISK,1
1576427,CRTO,criteo s a,205,124.0,81.0,0.0,92.0,71.0,83.0,36,5,0.8341463414634146,7276994fe3b691a33351d3624d75910566c16617a432697d5d342172678d794d,0.7142857142857143,0.9250434141356143,1008,0.03571428571428571,NONE,0
928465,DIT,amcon distributing,332,321.0,11.0,0.0,244.0,86.0,80.0,38,4,0.4186746987951807,7276994fe3b691a33351d3624d75910566c16617a432697d5d342172678d794d,0.6666666666666666,0.9943087084069813,1008,0.037698412698412696,NONE,0
1270436,COHN,alesco financial,70,70.0,0.0,0.0,66.0,4.0,0.0,0,0,0.0,,0.0,0.0,1008,0.0,NONE,0
1331284,DHT,double hull tankers,77,44.0,33.0,0.0,44.0,12.0,0.0,0,0,0.0,,0.0,0.0,1008,0.0,NONE,0
1013488,BJRI,bjs restaurants,24,12.0,12.0,0.0,10.0,9.0,7.0,4,0,0.7083333333333334,,0.0,0.0,1008,0.003968253968253968,NONE,0
1385632,IAE,ing asia pacific high dividend equity income fund,17,17.0,0.0,0.0,12.0,5.0,0.0,0,0,0.29411764705882354,,0.0,0.0,1008,0.0,NONE,0
912892,TV,grupo televisa s a,744,76.0,668.0,0.0,111.0,509.0,54.0,25,7,0.3951612903225806,7276994fe3b691a33351d3624d75910566c16617a432697d5d342172678d794d,0.25,1.8047484896412986,1008,0.0248015873015873,NONE,0
1024478,ROK,rockwell international,21,0.0,21.0,0.0,0.0,7.0,0.0,0,1,0.047619047619047616,215816bf42103f1f2b24c168779f1fb0ea3afcb7a2c627e42e0bcd7fe07eb70a,1.0,-0.0,1008,0.0,NONE,0
1534525,XBIO,general aircraft,8,0.0,8.0,0.0,4.0,2.0,0.0,0,1,0.0,215816bf42103f1f2b24c168779f1fb0ea3afcb7a2c627e42e0bcd7fe07eb70a,1.0,-0.0,1008,0.0,NONE,0
1383312,BR,BR,52,0.0,0.0,52.0,0.0,52.0,8.0,2,0,0.038461538461538464,,0.0,0.0,1008,0.001984126984126984,SINGLE_TOKEN_SEMANTIC_RISK,1
921738,PENN,penn entertainment,1548,168.0,1380.0,0.0,193.0,647.0,0.0,0,0,0.1388888888888889,,0.0,0.0,1008,0.0,NONE,0
1286043,KRG,KRG,45,0.0,0.0,45.0,0.0,45.0,2.0,1,0,0.022222222222222223,,0.0,0.0,1008,0.000992063492063492,SINGLE_TOKEN_SEMANTIC_RISK,1
1325702,MX,MX,75,0.0,0.0,75.0,8.0,67.0,0.0,0,1,0.12,84625ab1a763851f03bf27f1f4f68b3b7efe198626d098151d461cbb0e262da0,1.0,-0.0,1008,0.0,SINGLE_TOKEN_SEMANTIC_RISK,1
1185348,PRAA,pra group inc,467,60.0,407.0,0.0,52.0,283.0,84.0,39,4,0.42398286937901497,7276994fe3b691a33351d3624d75910566c16617a432697d5d342172678d794d,0.5,0.993230217139768,1008,0.03869047619047619,NONE,0
1530950,POST,POST,109,0.0,0.0,109.0,46.0,63.0,21.0,10,0,0.11926605504587157,,0.0,0.0,1008,0.00992063492063492,SINGLE_TOKEN_SEMANTIC_RISK,1
1259708,FRA,blackrock floating rate income strategies fund,94,79.0,15.0,0.0,43.0,44.0,39.0,24,2,0.7340425531914894,7276994fe3b691a33351d3624d75910566c16617a432697d5d342172678d794d,0.9,0.3250829733914482,1008,0.023809523809523808,NONE,0
1308648,AG,AG,22,0.0,0.0,22.0,8.0,14.0,17.0,3,1,0.2727272727272727,84625ab1a763851f03bf27f1f4f68b3b7efe198626d098151d461cbb0e262da0,1.0,-0.0,1008,0.002976190476190476,SINGLE_TOKEN_SEMANTIC_RISK,1
1609804,OEC,orion s a,12,3.0,9.0,0.0,3.0,6.0,0.0,0,0,0.6666666666666666,,0.0,0.0,1008,0.0,NONE,0
78150,PHI,pldt inc,280,19.0,261.0,0.0,24.0,210.0,61.0,35,2,0.2642857142857143,7276994fe3b691a33351d3624d75910566c16617a432697d5d342172678d794d,0.6666666666666666,0.6365141682948128,1008,0.034722222222222224,NONE,0
1525769,PLAY,PLAY,265,0.0,0.0,265.0,65.0,200.0,170.0,55,1,0.35094339622641507,deb56840b9cdc03f6c4ee4d521ae2d441afded63a6b8dfc35db2427b482be521,1.0,-0.0,1008,0.054563492063492064,PUBLISHER_CONCENTRATION_GE_80_PERCENT|SINGLE_TOKEN_SEMANTIC_RISK,2
1576427,CRTO,CRTO,237,0.0,0.0,237.0,13.0,224.0,121.0,61,2,0.4092827004219409,08f472aed74b038b1cd05a1e3cd5afd5b1a5ccd3c9ab2b14bf706239f26376a8,0.5,0.6931471805599453,1008,0.060515873015873016,SINGLE_TOKEN_SEMANTIC_RISK,1
1705110,ANGI,angi inc,159,14.0,145.0,0.0,5.0,100.0,6.0,6,0,0.4088050314465409,,0.0,0.0,1008,0.005952380952380952,NONE,0
1691445,FINV,finvolution,372,43.0,329.0,0.0,31.0,286.0,152.0,33,1,0.239247311827957,7276994fe3b691a33351d3624d75910566c16617a432697d5d342172678d794d,1.0,-0.0,1008,0.03273809523809524,PUBLISHER_CONCENTRATION_GE_80_PERCENT|SINGLE_TOKEN_SEMANTIC_RISK,2
1420520,ATOM,atomera,181,81.0,100.0,0.0,48.0,97.0,108.0,30,4,0.287292817679558,7276994fe3b691a33351d3624d75910566c16617a432697d5d342172678d794d,0.4,1.2519894208137132,1008,0.02976190476190476,SINGLE_TOKEN_SEMANTIC_RISK,1
1546652,OUNZ,vaneck merk gold trust,209,3.0,206.0,0.0,40.0,93.0,24.0,17,0,0.17703349282296652,,0.0,0.0,1008,0.016865079365079364,NONE,0
911177,CWST,CWST,22,0.0,0.0,22.0,15.0,7.0,0.0,0,0,0.09090909090909091,,0.0,0.0,1008,0.0,SINGLE_TOKEN_SEMANTIC_RISK,1
314808,VAL,VAL,68,0.0,0.0,68.0,8.0,60.0,15.0,6,1,0.08823529411764706,deb56840b9cdc03f6c4ee4d521ae2d441afded63a6b8dfc35db2427b482be521,1.0,-0.0,800,0.0075,SINGLE_TOKEN_SEMANTIC_RISK,1
1408198,MSCI,MSCI,199,0.0,0.0,199.0,38.0,161.0,47.0,23,0,0.3165829145728643,,0.0,0.0,1008,0.022817460317460316,SINGLE_TOKEN_SEMANTIC_RISK,1
34903,FRT,FRT,76,0.0,0.0,76.0,17.0,59.0,52.0,25,0,0.3815789473684211,,0.0,0.0,1008,0.0248015873015873,SINGLE_TOKEN_SEMANTIC_RISK,1
1415311,YCS,proshares trust ii,35,2.0,33.0,0.0,5.0,0.0,0.0,0,1,0.02857142857142857,b62c4a42b559a75a763db16f1d5b5418e26a6381c70c7115f29a89d2cc6ac9bf,1.0,-0.0,1008,0.0,NONE,0
1517518,EMO,clearbridge energy midstream opportunity fund,15,11.0,4.0,0.0,3.0,8.0,10.0,9,1,0.7333333333333333,b760b1294f1c1c3c7acaf7968447dba9b64ee4ce0b10d6aa81600f9526801e12,1.0,-0.0,1008,0.008928571428571428,NONE,0
912767,UFPI,UFPI,52,0.0,0.0,52.0,7.0,45.0,19.0,15,0,0.6153846153846154,,0.0,0.0,1008,0.01488095238095238,SINGLE_TOKEN_SEMANTIC_RISK,1
1649096,CLPR,clipper realty,173,74.0,99.0,0.0,11.0,133.0,47.0,25,2,0.4913294797687861,7276994fe3b691a33351d3624d75910566c16617a432697d5d342172678d794d,0.625,0.6615632381579821,1008,0.0248015873015873,NONE,0
913059,BBAR,banco bbva argentina s a,6,0.0,6.0,0.0,0.0,4.0,0.0,0,0,0.16666666666666666,,0.0,0.0,1008,0.0,NONE,0
1612940,PRQR,PRQR,41,0.0,0.0,41.0,2.0,39.0,24.0,7,1,0.24390243902439024,deb56840b9cdc03f6c4ee4d521ae2d441afded63a6b8dfc35db2427b482be521,1.0,-0.0,1008,0.006944444444444444,SINGLE_TOKEN_SEMANTIC_RISK,1
1298946,DRH,DRH,3,0.0,0.0,3.0,0.0,3.0,1.0,1,0,0.0,,0.0,0.0,1008,0.000992063492063492,SINGLE_TOKEN_SEMANTIC_RISK,1
1075124,TRI,thomson reuters can,8,0.0,8.0,0.0,4.0,1.0,0.0,0,0,0.125,,0.0,0.0,1008,0.0,NONE,0
1221029,CPAC,CPAC,2,0.0,0.0,2.0,0.0,2.0,2.0,1,0,0.0,,0.0,0.0,1008,0.000992063492063492,SINGLE_TOKEN_SEMANTIC_RISK,1
1643953,PRPL,PRPL,6,0.0,0.0,6.0,0.0,6.0,6.0,2,0,0.16666666666666666,,0.0,0.0,1008,0.001984126984126984,SINGLE_TOKEN_SEMANTIC_RISK,1
715579,ACNB,acnb corp,19,19.0,0.0,0.0,15.0,4.0,14.0,7,4,0.8947368421052632,08f472aed74b038b1cd05a1e3cd5afd5b1a5ccd3c9ab2b14bf706239f26376a8,0.25,1.3862943611198906,1008,0.006944444444444444,NONE,0
1838987,SPWR,SPWR,63,0.0,0.0,63.0,58.0,5.0,0.0,0,2,0.9206349206349206,deb56840b9cdc03f6c4ee4d521ae2d441afded63a6b8dfc35db2427b482be521,0.9310344827586207,0.2509548043576197,1008,0.0,SINGLE_TOKEN_SEMANTIC_RISK,1
771992,PAAS,PAAS,20,0.0,0.0,20.0,20.0,0.0,0.0,0,1,1.0,deb56840b9cdc03f6c4ee4d521ae2d441afded63a6b8dfc35db2427b482be521,1.0,-0.0,1008,0.0,SINGLE_TOKEN_SEMANTIC_RISK,1
925741,BCDA,cardo medical,22,22.0,0.0,0.0,22.0,0.0,0.0,0,0,0.0,,0.0,0.0,1008,0.0,NONE,0
65312,EVI,dryclean usa,22,22.0,0.0,0.0,22.0,0.0,0.0,0,0,0.0,,0.0,0.0,1008,0.0,NONE,0
1563696,ETX,eaton vance municipal income 2028 term trust,39,37.0,2.0,0.0,14.0,25.0,21.0,21,1,0.8461538461538461,7276994fe3b691a33351d3624d75910566c16617a432697d5d342172678d794d,1.0,-0.0,1008,0.020833333333333332,NONE,0
1379384,BTZ,blackrock preferred equity advantage trust,2,2.0,0.0,0.0,2.0,0.0,0.0,0,0,0.0,,0.0,0.0,1008,0.0,NONE,0
935703,DLTR,DLTR,42,0.0,0.0,42.0,26.0,16.0,10.0,4,2,0.5952380952380952,deb56840b9cdc03f6c4ee4d521ae2d441afded63a6b8dfc35db2427b482be521,0.6923076923076923,0.6172417697303416,1008,0.003968253968253968,SINGLE_TOKEN_SEMANTIC_RISK,1
1442236,QRHC,bluestar financial,6,6.0,0.0,0.0,6.0,0.0,0.0,0,0,0.0,,0.0,0.0,1008,0.0,NONE,0
1403568,ULTA,ULTA,142,0.0,0.0,142.0,91.0,51.0,51.0,26,3,0.7535211267605634,deb56840b9cdc03f6c4ee4d521ae2d441afded63a6b8dfc35db2427b482be521,0.9534883720930233,0.22035233116154795,1008,0.025793650793650792,PUBLISHER_CONCENTRATION_GE_80_PERCENT|SINGLE_TOKEN_SEMANTIC_RISK,2
1653653,RRR,RRR,3,0.0,0.0,3.0,0.0,3.0,0.0,0,0,0.3333333333333333,,0.0,0.0,1008,0.0,SINGLE_TOKEN_SEMANTIC_RISK,1
704440,KRMD,koru medical systems,23,10.0,13.0,0.0,0.0,19.0,0.0,0,0,0.7391304347826086,,0.0,0.0,1008,0.0,NONE,0
1590364,FTAI,fortress transportation infrastructure investors,65,38.0,27.0,0.0,18.0,41.0,38.0,28,0,0.7384615384615385,,0.0,0.0,1008,0.027777777777777776,NONE,0
736772,CCNE,CCNE,32,0.0,0.0,32.0,0.0,32.0,25.0,13,0,0.5625,,0.0,0.0,1008,0.012896825396825396,SINGLE_TOKEN_SEMANTIC_RISK,1
1263994,UTG,UTG,4,0.0,0.0,4.0,0.0,4.0,2.0,1,0,0.5,,0.0,0.0,1008,0.000992063492063492,SINGLE_TOKEN_SEMANTIC_RISK,1
1504008,BKU,BKU,4,0.0,0.0,4.0,0.0,4.0,4.0,1,0,0.0,,0.0,0.0,1008,0.000992063492063492,SINGLE_TOKEN_SEMANTIC_RISK,1
1137887,NZF,nuveen dividend advantage municipal fund 3,33,31.0,2.0,0.0,0.0,33.0,0.0,0,1,0.7272727272727273,899feb94f03b699155327981274efda4d980eba15273b69e3928a653287f0f0a,1.0,-0.0,1008,0.0,NONE,0
883265,VTN,invesco van kampen trust for investment grade new york municipals,2,2.0,0.0,0.0,2.0,0.0,0.0,0,0,0.0,,0.0,0.0,1008,0.0,NONE,0
827876,CLSK,stratean,2,2.0,0.0,0.0,2.0,0.0,0.0,0,0,0.0,,0.0,0.0,1008,0.0,SINGLE_TOKEN_SEMANTIC_RISK,1
838875,WVVI,WVVI,7,0.0,0.0,7.0,0.0,7.0,7.0,3,0,0.14285714285714285,,0.0,0.0,1008,0.002976190476190476,SINGLE_TOKEN_SEMANTIC_RISK,1
67088,MUFG,MUFG,4,0.0,0.0,4.0,0.0,4.0,4.0,2,0,0.0,,0.0,0.0,1008,0.001984126984126984,SINGLE_TOKEN_SEMANTIC_RISK,1
1214816,AXS,AXS,1,0.0,0.0,1.0,0.0,1.0,1.0,1,0,0.0,,0.0,0.0,1008,0.000992063492063492,SINGLE_TOKEN_SEMANTIC_RISK,1
1278895,CII,CII,1,0.0,0.0,1.0,0.0,1.0,0.0,0,0,0.0,,0.0,0.0,1008,0.0,SINGLE_TOKEN_SEMANTIC_RISK,1
1395325,ETJ,ETJ,3,0.0,0.0,3.0,1.0,2.0,0.0,0,0,0.6666666666666666,,0.0,0.0,1008,0.0,SINGLE_TOKEN_SEMANTIC_RISK,1
810943,PCF,high income securities fund,29,25.0,4.0,0.0,8.0,21.0,25.0,21,2,0.896551724137931,7276994fe3b691a33351d3624d75910566c16617a432697d5d342172678d794d,0.75,0.5623351446188083,1008,0.020833333333333332,NONE,0
1745916,PFSI,PFSI,8,0.0,0.0,8.0,3.0,5.0,8.0,6,0,0.75,,0.0,0.0,1008,0.005952380952380952,SINGLE_TOKEN_SEMANTIC_RISK,1
1539838,FANG,FANG,5,0.0,0.0,5.0,2.0,3.0,2.0,1,0,0.2,,0.0,0.0,1008,0.000992063492063492,SINGLE_TOKEN_SEMANTIC_RISK,1
1306550,BGR,BGR,1,0.0,0.0,1.0,0.0,1.0,1.0,1,0,0.0,,0.0,0.0,1008,0.000992063492063492,SINGLE_TOKEN_SEMANTIC_RISK,1
795403,WTS,WTS,2,0.0,0.0,2.0,0.0,2.0,0.0,0,0,0.5,,0.0,0.0,1008,0.0,SINGLE_TOKEN_SEMANTIC_RISK,1
1598646,NERV,NERV,14,0.0,0.0,14.0,14.0,0.0,0.0,0,1,1.0,deb56840b9cdc03f6c4ee4d521ae2d441afded63a6b8dfc35db2427b482be521,1.0,-0.0,1008,0.0,SINGLE_TOKEN_SEMANTIC_RISK,1
1371285,TRUP,TRUP,8,0.0,0.0,8.0,8.0,0.0,0.0,0,1,1.0,deb56840b9cdc03f6c4ee4d521ae2d441afded63a6b8dfc35db2427b482be521,1.0,-0.0,1008,0.0,SINGLE_TOKEN_SEMANTIC_RISK,1
6955,EPAC,EPAC,3,0.0,0.0,3.0,0.0,3.0,3.0,1,0,0.0,,0.0,0.0,1008,0.000992063492063492,SINGLE_TOKEN_SEMANTIC_RISK,1
1006281,PLX,PLX,2,0.0,0.0,2.0,2.0,0.0,0.0,0,1,1.0,54cdaa1af72fd153cc9dc0d244fb43a089e1f19b0524cbb0e47b632c54047c9d,1.0,-0.0,1008,0.0,SINGLE_TOKEN_SEMANTIC_RISK,1
1145197,PODD,PODD,6,0.0,0.0,6.0,6.0,0.0,0.0,0,1,1.0,1b425b87521ec0ab5e4c02aa6bbf44fa197505a03a1fa7f593d749168cc34d2f,1.0,-0.0,1008,0.0,SINGLE_TOKEN_SEMANTIC_RISK,1
858706,GF,GF,2,0.0,0.0,2.0,0.0,2.0,0.0,0,0,0.0,,0.0,0.0,1008,0.0,SINGLE_TOKEN_SEMANTIC_RISK,1
1778114,AIO,virtus allianzgi artificial intelligence technology opportunities fund,4,0.0,4.0,0.0,0.0,0.0,0.0,0,0,0.25,,0.0,0.0,0,0.0,NONE,0
1383441,NIE,NIE,2,0.0,0.0,2.0,0.0,2.0,2.0,1,0,0.0,,0.0,0.0,1008,0.000992063492063492,SINGLE_TOKEN_SEMANTIC_RISK,1
1584207,OMF,OMF,2,0.0,0.0,2.0,0.0,2.0,0.0,0,0,0.5,,0.0,0.0,1008,0.0,SINGLE_TOKEN_SEMANTIC_RISK,1
1474735,GNRC,GNRC,3,0.0,0.0,3.0,2.0,1.0,0.0,0,1,0.6666666666666666,84625ab1a763851f03bf27f1f4f68b3b7efe198626d098151d461cbb0e262da0,1.0,-0.0,1008,0.0,SINGLE_TOKEN_SEMANTIC_RISK,1
1415311,YCS,UGL,2,0.0,0.0,2.0,2.0,0.0,0.0,0,0,0.0,,0.0,0.0,1008,0.0,SINGLE_TOKEN_SEMANTIC_RISK,1
1415311,YCS,UVXY,4,0.0,0.0,4.0,0.0,4.0,1.0,1,0,0.0,,0.0,0.0,1008,0.000992063492063492,SINGLE_TOKEN_SEMANTIC_RISK,1
1401667,PBYI,innovative acquisitions,1,0.0,1.0,0.0,0.0,1.0,0.0,0,0,0.0,,0.0,0.0,1008,0.0,NONE,0
1164771,NAK,NAK,2,0.0,0.0,2.0,2.0,0.0,0.0,0,1,1.0,1b425b87521ec0ab5e4c02aa6bbf44fa197505a03a1fa7f593d749168cc34d2f,1.0,-0.0,1008,0.0,SINGLE_TOKEN_SEMANTIC_RISK,1
807882,JACK,JACK,53,0.0,0.0,53.0,52.0,1.0,3.0,2,2,0.9811320754716981,deb56840b9cdc03f6c4ee4d521ae2d441afded63a6b8dfc35db2427b482be521,0.9615384615384616,0.16302362949436594,1008,0.001984126984126984,SINGLE_TOKEN_SEMANTIC_RISK,1
1578453,DLNG,DLNG,5,0.0,0.0,5.0,4.0,1.0,3.0,2,1,1.0,b760b1294f1c1c3c7acaf7968447dba9b64ee4ce0b10d6aa81600f9526801e12,1.0,-0.0,1008,0.001984126984126984,SINGLE_TOKEN_SEMANTIC_RISK,1
1472072,CCM,CCM,1,0.0,0.0,1.0,0.0,1.0,0.0,0,0,1.0,,0.0,0.0,1008,0.0,SINGLE_TOKEN_SEMANTIC_RISK,1
842162,LEA,lear seating,1,0.0,1.0,0.0,0.0,0.0,0.0,0,0,1.0,,0.0,0.0,1008,0.0,NONE,0
1467858,GM,general motors,39499,7596.0,31903.0,0.0,6526.0,19428.0,4927.0,896,86,0.0026076609534418592,7a760386ea72c5ddae3e4604fdc5f7fa942ad00c5db2a3d8dffc6bcb5912ebdf,0.3394988066825776,2.486863522381288,1008,0.8888888888888888,EDGE_COUNT_TOP_1_PERCENT,1
1437578,BFAM,bright horizons family solutions,746,371.0,375.0,0.0,341.0,224.0,155.0,71,11,0.5080428954423593,b760b1294f1c1c3c7acaf7968447dba9b64ee4ce0b10d6aa81600f9526801e12,0.25925925925925924,1.947502836137234,1008,0.07043650793650794,NONE,0
863064,RIO,rio tinto,27036,12602.0,14434.0,0.0,13883.0,6566.0,1662.0,499,58,0.03513833407308774,7276994fe3b691a33351d3624d75910566c16617a432697d5d342172678d794d,0.14852492370295015,2.939513783509857,1008,0.49503968253968256,NONE,0
1116132,TPR,coach,25037,13528.0,11509.0,0.0,15881.0,4449.0,264.0,147,120,0.0021568079242720774,7a760386ea72c5ddae3e4604fdc5f7fa942ad00c5db2a3d8dffc6bcb5912ebdf,0.138353765323993,3.421629393213744,1008,0.14583333333333334,SINGLE_TOKEN_SEMANTIC_RISK,1
1300514,LVS,las vegas sands,8716,2999.0,5717.0,0.0,2613.0,3683.0,1521.0,411,40,0.006424965580541533,7a760386ea72c5ddae3e4604fdc5f7fa942ad00c5db2a3d8dffc6bcb5912ebdf,0.3350694444444444,2.448727854990106,1008,0.40773809523809523,NONE,0
1527166,CG,carlyle,13073,7408.0,5665.0,0.0,6713.0,4993.0,2012.0,445,40,0.1590300619597644,7276994fe3b691a33351d3624d75910566c16617a432697d5d342172678d794d,0.2909880564603692,2.532708295807836,1008,0.44146825396825395,SINGLE_TOKEN_SEMANTIC_RISK,1
900075,CPRT,copart,4131,2339.0,1792.0,0.0,1542.0,1914.0,1144.0,272,37,0.35197288792060033,7a760386ea72c5ddae3e4604fdc5f7fa942ad00c5db2a3d8dffc6bcb5912ebdf,0.3106796116504854,2.294408226927997,1008,0.2698412698412698,SINGLE_TOKEN_SEMANTIC_RISK,1
1639300,OLLI,ollie s bargain outlet,3106,563.0,2543.0,0.0,327.0,1823.0,738.0,212,9,0.2678686413393432,6752e69d6ebc246e5369e53b5493b1c51f51433551b895d3c67b2e427520e39e,0.2463768115942029,1.8613147145449669,1008,0.21031746031746032,NONE,0
1243429,MT,arcelormittal,15248,8011.0,7237.0,0.0,7213.0,5348.0,1958.0,434,46,0.227898740818468,7a760386ea72c5ddae3e4604fdc5f7fa942ad00c5db2a3d8dffc6bcb5912ebdf,0.3526275704493526,2.368205945430278,1008,0.4305555555555556,SINGLE_TOKEN_SEMANTIC_RISK,1
885725,BSX,boston scientific,13975,9315.0,4660.0,0.0,7328.0,5033.0,2888.0,439,79,0.3405366726296959,7a760386ea72c5ddae3e4604fdc5f7fa942ad00c5db2a3d8dffc6bcb5912ebdf,0.23587223587223588,2.8986362804276613,1008,0.435515873015873,NONE,0
901832,AZN,astrazeneca,24848,12825.0,12023.0,0.0,11079.0,8916.0,4857.0,842,81,0.0884175788795879,84625ab1a763851f03bf27f1f4f68b3b7efe198626d098151d461cbb0e262da0,0.22090469916556874,2.7084084720528545,1008,0.8353174603174603,SINGLE_TOKEN_SEMANTIC_RISK,1
1529192,VIPS,vipshop,5303,2767.0,2536.0,0.0,2125.0,2292.0,1627.0,310,40,0.40448802564586084,6752e69d6ebc246e5369e53b5493b1c51f51433551b895d3c67b2e427520e39e,0.2584745762711864,2.405428198752346,1008,0.30753968253968256,SINGLE_TOKEN_SEMANTIC_RISK,1
1555280,ZTS,zoetis,6498,3465.0,3033.0,0.0,2486.0,2723.0,1713.0,329,42,0.3799630655586334,b760b1294f1c1c3c7acaf7968447dba9b64ee4ce0b10d6aa81600f9526801e12,0.188780053428317,2.5266841248439493,1008,0.3263888888888889,SINGLE_TOKEN_SEMANTIC_RISK,1
100885,UNP,union pacific,13387,5496.0,7891.0,0.0,3429.0,6398.0,2361.0,478,34,0.19309778142974526,7a760386ea72c5ddae3e4604fdc5f7fa942ad00c5db2a3d8dffc6bcb5912ebdf,0.385395537525355,2.1555041282043588,1008,0.4742063492063492,NONE,0
740260,VTR,ventas,6911,4278.0,2633.0,0.0,3496.0,2412.0,1725.0,347,45,0.3555201852119809,7276994fe3b691a33351d3624d75910566c16617a432697d5d342172678d794d,0.2916666666666667,2.2581454399849155,1008,0.34424603174603174,SINGLE_TOKEN_SEMANTIC_RISK,1
1687932,JILL,j jill,1169,323.0,846.0,0.0,190.0,756.0,531.0,67,8,0.0,6d85c5fcd083a75f7715c2add959f733b76cef5669e291147c7bb4af1f38a75b,0.36363636363636365,1.5676477228702794,1008,0.06646825396825397,NONE,0
1481513,JKS,jinkosolar,5822,3253.0,2569.0,0.0,2830.0,2105.0,1443.0,254,54,0.22981793198213674,7a760386ea72c5ddae3e4604fdc5f7fa942ad00c5db2a3d8dffc6bcb5912ebdf,0.3356164383561644,2.4245862762716754,1008,0.251984126984127,SINGLE_TOKEN_SEMANTIC_RISK,1
1383312,BR,broadridge financial solutions,3842,1118.0,2724.0,0.0,731.0,2403.0,828.0,210,28,0.321186881832379,7276994fe3b691a33351d3624d75910566c16617a432697d5d342172678d794d,0.27238805970149255,2.216081499659032,1008,0.20833333333333334,NONE,0
1580808,ATEN,a10 networks,1379,969.0,410.0,0.0,830.0,379.0,217.0,68,21,0.37200870195794056,7276994fe3b691a33351d3624d75910566c16617a432697d5d342172678d794d,0.20725388601036268,2.38669882434339,1008,0.06746031746031746,NONE,0
1668717,BUD,anheuser busch inbev sa nv,1340,530.0,810.0,0.0,484.0,615.0,336.0,102,3,0.2656716417910448,b760b1294f1c1c3c7acaf7968447dba9b64ee4ce0b10d6aa81600f9526801e12,0.7874015748031497,0.5915402565911569,1008,0.10119047619047619,NONE,0
1283699,TMUS,t mobile us,11654,1601.0,10053.0,0.0,1373.0,5808.0,2502.0,621,16,0.2859962244722842,b760b1294f1c1c3c7acaf7968447dba9b64ee4ce0b10d6aa81600f9526801e12,0.32558139534883723,1.9865316450419066,1008,0.6160714285714286,NONE,0
1631761,YRD,yirendai,436,201.0,235.0,0.0,132.0,258.0,161.0,41,5,0.27293577981651373,7276994fe3b691a33351d3624d75910566c16617a432697d5d342172678d794d,0.5084745762711864,1.2131595680352252,1008,0.040674603174603176,SINGLE_TOKEN_SEMANTIC_RISK,1
1333141,FMS,fresenius medical care ag,653,91.0,562.0,0.0,141.0,335.0,115.0,41,5,0.2725880551301684,7276994fe3b691a33351d3624d75910566c16617a432697d5d342172678d794d,0.6451612903225806,0.9646266301458397,1008,0.040674603174603176,NONE,0
91576,KEY,society,54476,23729.0,30747.0,0.0,26823.0,9342.0,2281.0,742,57,5.507012262280637e-05,215816bf42103f1f2b24c168779f1fb0ea3afcb7a2c627e42e0bcd7fe07eb70a,0.36163522012578614,2.428452088028784,1008,0.7361111111111112,EDGE_COUNT_TOP_1_PERCENT|SINGLE_TOKEN_SEMANTIC_RISK,2
1526119,VSTM,verastem,2061,1561.0,500.0,0.0,1409.0,524.0,938.0,135,31,0.40562833575934015,7276994fe3b691a33351d3624d75910566c16617a432697d5d342172678d794d,0.22401433691756273,2.479135799072615,1008,0.13392857142857142,SINGLE_TOKEN_SEMANTIC_RISK,1
1559053,PRTA,prothena,1280,686.0,594.0,0.0,452.0,632.0,185.0,70,13,0.19453125,7a760386ea72c5ddae3e4604fdc5f7fa942ad00c5db2a3d8dffc6bcb5912ebdf,0.35,2.0462086904912016,1008,0.06944444444444445,SINGLE_TOKEN_SEMANTIC_RISK,1
1101302,ENTG,entegris,2539,1548.0,991.0,0.0,1224.0,811.0,633.0,177,29,0.41354864119732176,7276994fe3b691a33351d3624d75910566c16617a432697d5d342172678d794d,0.2452316076294278,2.3655634549835702,1008,0.17559523809523808,SINGLE_TOKEN_SEMANTIC_RISK,1
1022652,INSG,novatel wireless,1034,931.0,103.0,0.0,884.0,104.0,0.0,0,13,0.0009671179883945841,7a760386ea72c5ddae3e4604fdc5f7fa942ad00c5db2a3d8dffc6bcb5912ebdf,0.2727272727272727,2.0816304736693185,1008,0.0,NONE,0
925741,BCDA,biocardia,289,125.0,164.0,0.0,19.0,249.0,177.0,17,1,0.18339100346020762,08f472aed74b038b1cd05a1e3cd5afd5b1a5ccd3c9ab2b14bf706239f26376a8,1.0,-0.0,1008,0.016865079365079364,PUBLISHER_CONCENTRATION_GE_80_PERCENT|SINGLE_TOKEN_SEMANTIC_RISK,2
1136869,ZBH,zimmer,6661,3800.0,2861.0,0.0,2965.0,2597.0,1010.0,221,49,0.12145323524996247,7a760386ea72c5ddae3e4604fdc5f7fa942ad00c5db2a3d8dffc6bcb5912ebdf,0.3522727272727273,2.4734121233889845,1008,0.21924603174603174,SINGLE_TOKEN_SEMANTIC_RISK,1
49754,DIN,dineequity,2313,1519.0,794.0,0.0,1283.0,837.0,217.0,62,27,0.3990488543017726,7a760386ea72c5ddae3e4604fdc5f7fa942ad00c5db2a3d8dffc6bcb5912ebdf,0.21875,2.524093752321995,1008,0.061507936507936505,SINGLE_TOKEN_SEMANTIC_RISK,1
1057352,CSGP,costar,3441,1713.0,1728.0,0.0,1487.0,1310.0,623.0,172,27,0.3144434757337983,b760b1294f1c1c3c7acaf7968447dba9b64ee4ce0b10d6aa81600f9526801e12,0.25271739130434784,2.4499446979918065,1008,0.17063492063492064,SINGLE_TOKEN_SEMANTIC_RISK,1
1034760,WYY,widepoint,1003,916.0,87.0,0.0,880.0,95.0,183.0,49,16,0.4476570289132602,7276994fe3b691a33351d3624d75910566c16617a432697d5d342172678d794d,0.24675324675324675,2.2388407207064644,1008,0.04861111111111111,SINGLE_TOKEN_SEMANTIC_RISK,1
1620459,JRVR,james river,1375,891.0,484.0,0.0,768.0,466.0,279.0,76,20,0.20945454545454545,7276994fe3b691a33351d3624d75910566c16617a432697d5d342172678d794d,0.21674876847290642,2.287236214070311,1008,0.07539682539682539,NONE,0
891103,MTCH,interactivecorp,176,70.0,106.0,0.0,70.0,60.0,20.0,8,15,0.045454545454545456,7276994fe3b691a33351d3624d75910566c16617a432697d5d342172678d794d,0.25,2.4096636274671663,1008,0.007936507936507936,SINGLE_TOKEN_SEMANTIC_RISK,1
1596812,ENLV,enlivex,326,39.0,287.0,0.0,31.0,216.0,217.0,25,2,0.15644171779141106,6d85c5fcd083a75f7715c2add959f733b76cef5669e291147c7bb4af1f38a75b,0.5,0.6931471805599453,1008,0.0248015873015873,SINGLE_TOKEN_SEMANTIC_RISK,1
887936,FCN,fti consulting,4851,2703.0,2148.0,0.0,2227.0,2264.0,856.0,198,28,0.2803545660688518,7a760386ea72c5ddae3e4604fdc5f7fa942ad00c5db2a3d8dffc6bcb5912ebdf,0.48323170731707316,1.9063972721766713,1008,0.19642857142857142,NONE,0
1475922,PRI,primerica,2965,1593.0,1372.0,0.0,1160.0,1354.0,582.0,171,29,0.36795952782462055,7a760386ea72c5ddae3e4604fdc5f7fa942ad00c5db2a3d8dffc6bcb5912ebdf,0.31521739130434784,2.316906963483042,1008,0.16964285714285715,SINGLE_TOKEN_SEMANTIC_RISK,1
1632790,ENR,energizer,4478,3214.0,1264.0,0.0,2730.0,1356.0,991.0,224,49,0.3874497543546226,7276994fe3b691a33351d3624d75910566c16617a432697d5d342172678d794d,0.2274011299435028,2.681809757549018,1008,0.2222222222222222,SINGLE_TOKEN_SEMANTIC_RISK,1
889971,LPTH,lightpath technologies,840,648.0,192.0,0.0,577.0,220.0,206.0,38,17,0.27380952380952384,7276994fe3b691a33351d3624d75910566c16617a432697d5d342172678d794d,0.3357664233576642,2.1507820926953403,1008,0.037698412698412696,NONE,0
1615165,VERI,veritone,470,157.0,313.0,0.0,58.0,335.0,238.0,55,9,0.2531914893617021,54cdaa1af72fd153cc9dc0d244fb43a089e1f19b0524cbb0e47b632c54047c9d,0.36666666666666664,1.8340335345233756,1008,0.054563492063492064,SINGLE_TOKEN_SEMANTIC_RISK,1
1288847,FIVN,five9,2504,1617.0,887.0,0.0,1289.0,933.0,1011.0,236,22,0.41293929712460065,7276994fe3b691a33351d3624d75910566c16617a432697d5d342172678d794d,0.2191780821917808,2.3771304803788147,1008,0.23412698412698413,SINGLE_TOKEN_SEMANTIC_RISK,1
317788,APPS,mandalay digital,173,168.0,5.0,0.0,152.0,21.0,4.0,4,2,0.023121387283236993,7a760386ea72c5ddae3e4604fdc5f7fa942ad00c5db2a3d8dffc6bcb5912ebdf,0.6666666666666666,0.6365141682948128,1008,0.003968253968253968,NONE,0
1140625,EQNR,statoil asa,3964,612.0,3352.0,0.0,1241.0,1456.0,198.0,82,13,0.01160443995963673,b760b1294f1c1c3c7acaf7968447dba9b64ee4ce0b10d6aa81600f9526801e12,0.3076923076923077,1.7878810714213822,1008,0.08134920634920635,NONE,0
1404655,HUBS,hubspot,3897,2390.0,1507.0,0.0,1798.0,1290.0,1199.0,288,29,0.4359763920964845,7276994fe3b691a33351d3624d75910566c16617a432697d5d342172678d794d,0.20993589743589744,2.413651725781856,1008,0.2857142857142857,SINGLE_TOKEN_SEMANTIC_RISK,1
1433607,NSPR,inspiremd,1182,927.0,255.0,0.0,845.0,307.0,555.0,72,15,0.46785109983079526,7276994fe3b691a33351d3624d75910566c16617a432697d5d342172678d794d,0.2733333333333333,2.1520843770308304,1008,0.07142857142857142,SINGLE_TOKEN_SEMANTIC_RISK,1
16040,CBT,cabot,10276,5544.0,4732.0,0.0,4711.0,3681.0,2156.0,441,47,0.12806539509536785,7a760386ea72c5ddae3e4604fdc5f7fa942ad00c5db2a3d8dffc6bcb5912ebdf,0.27207062600321025,2.33321602539847,1008,0.4375,SINGLE_TOKEN_SEMANTIC_RISK,1
1300514,LVS,LVS,25,0.0,0.0,25.0,8.0,17.0,2.0,1,4,0.0,062ba0369cf68e64f09be733e8de8901812767af7ee0e94fbb1ac9dd5bc4b929,0.7272727272727273,0.8855741515766717,1008,0.000992063492063492,SINGLE_TOKEN_SEMANTIC_RISK,1
1372299,OCGN,ocugen,1614,504.0,1110.0,0.0,243.0,770.0,822.0,206,3,0.3785625774473358,7276994fe3b691a33351d3624d75910566c16617a432697d5d342172678d794d,0.5714285714285714,0.8760057656431737,1008,0.20436507936507936,SINGLE_TOKEN_SEMANTIC_RISK,1
16868,CNI,canadian national railway,5498,1808.0,3690.0,0.0,1312.0,3354.0,1238.0,333,41,0.34739905420152783,7276994fe3b691a33351d3624d75910566c16617a432697d5d342172678d794d,0.25945017182130586,2.4101738192128144,1008,0.33035714285714285,NONE,0
1401040,DMAC,diamedica,510,457.0,53.0,0.0,452.0,35.0,59.0,11,2,0.054901960784313725,bc866712ec3d41f918d736dba6181bfae8068e106956a8f51e7e26914276ce1e,0.8888888888888888,0.34883209584303193,1008,0.010912698412698412,PUBLISHER_CONCENTRATION_GE_80_PERCENT|SINGLE_TOKEN_SEMANTIC_RISK,2
1013880,TTEC,teletech,1195,1080.0,115.0,0.0,990.0,180.0,34.0,17,18,0.30711297071129706,1b425b87521ec0ab5e4c02aa6bbf44fa197505a03a1fa7f593d749168cc34d2f,0.32941176470588235,2.2136035052652017,1008,0.016865079365079364,SINGLE_TOKEN_SEMANTIC_RISK,1
1529377,ACRE,ares commercial real estate,950,571.0,379.0,0.0,471.0,460.0,360.0,77,14,0.4378947368421053,7276994fe3b691a33351d3624d75910566c16617a432697d5d342172678d794d,0.48344370860927155,1.793838865761339,1008,0.0763888888888889,NONE,0
1552275,SUN,sunoco lp,2344,654.0,1690.0,0.0,493.0,1279.0,650.0,161,10,0.36646757679180886,7276994fe3b691a33351d3624d75910566c16617a432697d5d342172678d794d,0.46621621621621623,1.5163888034514716,1008,0.1597222222222222,NONE,0
1046102,RBA,ritchie bros auctioneers,1157,781.0,376.0,0.0,736.0,347.0,222.0,79,23,0.3889369057908384,7276994fe3b691a33351d3624d75910566c16617a432697d5d342172678d794d,0.30303030303030304,2.397024506464561,1008,0.07837301587301587,NONE,0
1422183,FSK,fs investment,580,414.0,166.0,0.0,383.0,197.0,157.0,42,11,0.0034482758620689655,7276994fe3b691a33351d3624d75910566c16617a432697d5d342172678d794d,0.5759493670886076,1.4641508605226012,1008,0.041666666666666664,NONE,0
884144,ASUR,asure software,2434,1209.0,1225.0,0.0,987.0,750.0,320.0,74,16,0.4005751848808546,7276994fe3b691a33351d3624d75910566c16617a432697d5d342172678d794d,0.22868217054263565,2.187010904425058,1008,0.07341269841269842,NONE,0
1297184,AMPH,amphastar pharmaceuticals,1345,392.0,953.0,0.0,234.0,577.0,205.0,77,13,0.32118959107806694,b760b1294f1c1c3c7acaf7968447dba9b64ee4ce0b10d6aa81600f9526801e12,0.21333333333333335,2.2613974228537983,1008,0.0763888888888889,NONE,0
1371285,TRUP,trupanion,1726,721.0,1005.0,0.0,649.0,648.0,709.0,209,14,0.45654692931633833,7276994fe3b691a33351d3624d75910566c16617a432697d5d342172678d794d,0.4748858447488584,1.8407126160011227,1008,0.20734126984126985,SINGLE_TOKEN_SEMANTIC_RISK,1
937966,ASML,asml holding nv,3003,85.0,2918.0,0.0,151.0,1038.0,160.0,55,6,0.1928071928071928,b760b1294f1c1c3c7acaf7968447dba9b64ee4ce0b10d6aa81600f9526801e12,0.45454545454545453,1.4297244321061084,1008,0.054563492063492064,NONE,0
1467760,ARI,apollo commercial real estate finance,1299,732.0,567.0,0.0,636.0,569.0,355.0,117,13,0.3826020015396459,7276994fe3b691a33351d3624d75910566c16617a432697d5d342172678d794d,0.4453125,1.756863151383143,1008,0.11607142857142858,NONE,0
1361113,VRNS,varonis systems,1092,520.0,572.0,0.0,361.0,475.0,345.0,94,18,0.48443223443223443,b760b1294f1c1c3c7acaf7968447dba9b64ee4ce0b10d6aa81600f9526801e12,0.19597989949748743,2.319055628747184,1008,0.09325396825396826,NONE,0
1373670,GRBK,green brick partners,948,411.0,537.0,0.0,347.0,397.0,359.0,107,11,0.439873417721519,7276994fe3b691a33351d3624d75910566c16617a432697d5d342172678d794d,0.3724137931034483,1.8803058769607606,1008,0.10615079365079365,NONE,0
1383414,PNNT,pennantpark investment,970,743.0,227.0,0.0,705.0,265.0,182.0,73,18,0.4422680412371134,7276994fe3b691a33351d3624d75910566c16617a432697d5d342172678d794d,0.6122448979591837,1.474027762302681,1008,0.07242063492063493,NONE,0
1650107,CCEP,coca cola european partners,701,257.0,444.0,0.0,222.0,317.0,239.0,91,13,0.12838801711840228,b760b1294f1c1c3c7acaf7968447dba9b64ee4ce0b10d6aa81600f9526801e12,0.2222222222222222,2.146101214679796,1008,0.09027777777777778,NONE,0
946581,TTWO,take two interactive software,5695,830.0,4865.0,0.0,55.0,3848.0,1028.0,275,11,0.26286215978928884,b760b1294f1c1c3c7acaf7968447dba9b64ee4ce0b10d6aa81600f9526801e12,0.3815789473684211,1.7679622505696784,1008,0.2728174603174603,NONE,0
1543418,TMQ,novacopper,235,204.0,31.0,0.0,203.0,14.0,1.0,1,8,0.0,7276994fe3b691a33351d3624d75910566c16617a432697d5d342172678d794d,0.41935483870967744,1.698536914478451,1008,0.000992063492063492,SINGLE_TOKEN_SEMANTIC_RISK,1
1361538,PRIM,primoris services,2053,1413.0,640.0,0.0,1230.0,635.0,572.0,164,24,0.547491475888943,7276994fe3b691a33351d3624d75910566c16617a432697d5d342172678d794d,0.23095823095823095,2.223785562259776,1008,0.1626984126984127,NONE,0
1287213,PLOW,douglas dynamics,1316,966.0,350.0,0.0,786.0,435.0,286.0,99,32,0.5250759878419453,7276994fe3b691a33351d3624d75910566c16617a432697d5d342172678d794d,0.24444444444444444,2.296455873232388,1008,0.09821428571428571,NONE,0
891014,MTX,minerals technologies,1109,749.0,360.0,0.0,560.0,420.0,142.0,69,3,0.25969341749323716,b760b1294f1c1c3c7acaf7968447dba9b64ee4ce0b10d6aa81600f9526801e12,0.6956521739130435,0.7393213302245918,1008,0.06845238095238096,NONE,0
1106644,CPHI,china pharma,1172,493.0,679.0,0.0,492.0,22.0,94.0,24,13,0.12798634812286688,7276994fe3b691a33351d3624d75910566c16617a432697d5d342172678d794d,0.475,1.7728613826591748,1008,0.023809523809523808,NONE,0
1003078,MSM,msc industrial direct,1929,1075.0,854.0,0.0,997.0,713.0,593.0,176,29,0.48989113530326595,7276994fe3b691a33351d3624d75910566c16617a432697d5d342172678d794d,0.2585669781931464,2.3887349965681315,1008,0.1746031746031746,NONE,0
1377789,AVNW,aviat networks,1238,808.0,430.0,0.0,660.0,524.0,187.0,44,24,0.28836833602584816,7276994fe3b691a33351d3624d75910566c16617a432697d5d342172678d794d,0.3021978021978022,2.232875665387926,1008,0.04365079365079365,NONE,0
1109116,EVC,entravision communications,652,462.0,190.0,0.0,400.0,190.0,76.0,38,3,0.19785276073619631,b760b1294f1c1c3c7acaf7968447dba9b64ee4ce0b10d6aa81600f9526801e12,0.4666666666666667,0.9908353864438493,1008,0.037698412698412696,NONE,0
1176309,ORMP,oramed pharmaceuticals,334,231.0,103.0,0.0,224.0,63.0,40.0,18,3,0.11676646706586827,7276994fe3b691a33351d3624d75910566c16617a432697d5d342172678d794d,0.5,1.0397207708399179,1008,0.017857142857142856,NONE,0
1561894,HASI,hannon armstrong sustainable infrastructure capital,918,369.0,549.0,0.0,357.0,403.0,203.0,105,7,0.4324618736383442,7276994fe3b691a33351d3624d75910566c16617a432697d5d342172678d794d,0.5111111111111111,1.3982019216555306,1008,0.10416666666666667,NONE,0
1386301,RSSS,derycz scientific,128,128.0,0.0,0.0,124.0,4.0,0.0,0,0,0.0,,0.0,0.0,1008,0.0,NONE,0
1170311,PNI,pimco new york municipal income fund ii,93,93.0,0.0,0.0,24.0,69.0,38.0,32,1,0.8709677419354839,7276994fe3b691a33351d3624d75910566c16617a432697d5d342172678d794d,1.0,-0.0,1008,0.031746031746031744,NONE,0
1454741,EOT,eaton vance national municipal opportunities trust,190,182.0,8.0,0.0,174.0,16.0,13.0,5,3,0.07894736842105263,7276994fe3b691a33351d3624d75910566c16617a432697d5d342172678d794d,0.5,1.0114042647073518,1008,0.00496031746031746,NONE,0
2018064,TTGT,techtarget,1160,987.0,173.0,0.0,882.0,197.0,249.0,79,22,0.43103448275862066,7276994fe3b691a33351d3624d75910566c16617a432697d5d342172678d794d,0.27053140096618356,2.2454632956156337,1008,0.07837301587301587,SINGLE_TOKEN_SEMANTIC_RISK,1
1227862,EMD,western asset emerging markets debt fund,326,226.0,100.0,0.0,198.0,117.0,105.0,36,1,0.2085889570552147,7276994fe3b691a33351d3624d75910566c16617a432697d5d342172678d794d,1.0,-0.0,1008,0.03571428571428571,PUBLISHER_CONCENTRATION_GE_80_PERCENT,1
1058239,HIX,western asset high income fund ii,275,262.0,13.0,0.0,206.0,60.0,51.0,31,2,0.2909090909090909,b760b1294f1c1c3c7acaf7968447dba9b64ee4ce0b10d6aa81600f9526801e12,0.6923076923076923,0.6172417697303416,1008,0.030753968253968252,NONE,0
1313510,GGN,gamco global gold natural resources income trust,118,101.0,17.0,0.0,99.0,11.0,9.0,4,2,0.11864406779661017,7276994fe3b691a33351d3624d75910566c16617a432697d5d342172678d794d,0.6666666666666666,0.6365141682948128,1008,0.003968253968253968,NONE,0
1211805,MYSZ,my size,371,42.0,329.0,0.0,13.0,164.0,117.0,12,2,0.03773584905660377,1b425b87521ec0ab5e4c02aa6bbf44fa197505a03a1fa7f593d749168cc34d2f,0.75,0.5623351446188083,1008,0.011904761904761904,NONE,0
1076930,NOVT,gsi group inc,130,118.0,12.0,0.0,95.0,31.0,0.0,0,0,0.0,,0.0,0.0,1008,0.0,NONE,0
855886,PDT,patriot premium dividend fund ii,60,60.0,0.0,0.0,52.0,8.0,0.0,0,0,0.0,,0.0,0.0,1008,0.0,NONE,0
1160990,PCN,pimco corporate income fund,99,85.0,14.0,0.0,29.0,68.0,1.0,1,1,0.050505050505050504,8294547e9fe9367f291a22598513d897928d1a0eeb713ca2b41f31977192c5d1,1.0,-0.0,1008,0.000992063492063492,NONE,0
1506289,BCX,blackrock resources commodities strategy trust,17,5.0,12.0,0.0,0.0,10.0,0.0,0,0,0.29411764705882354,,0.0,0.0,0,0.0,NONE,0
80035,PLPC,preformed line products,478,350.0,128.0,0.0,283.0,194.0,88.0,44,9,0.4225941422594142,7276994fe3b691a33351d3624d75910566c16617a432697d5d342172678d794d,0.5076923076923077,1.5768510401428688,1008,0.04365079365079365,NONE,0
1340736,ETY,eaton vance tax managed diversified equity income fund,274,259.0,15.0,0.0,186.0,78.0,43.0,36,2,0.3686131386861314,7276994fe3b691a33351d3624d75910566c16617a432697d5d342172678d794d,0.8571428571428571,0.410116318288409,1008,0.03571428571428571,PUBLISHER_CONCENTRATION_GE_80_PERCENT,1
1379438,EXG,eaton vance tax managed global diversified equity income fund,263,249.0,14.0,0.0,210.0,48.0,49.0,36,2,0.23193916349809887,7276994fe3b691a33351d3624d75910566c16617a432697d5d342172678d794d,0.8333333333333334,0.45056120886630463,1008,0.03571428571428571,PUBLISHER_CONCENTRATION_GE_80_PERCENT,1
850027,GRF,naic growth fund,16,16.0,0.0,0.0,16.0,0.0,0.0,0,1,0.75,b760b1294f1c1c3c7acaf7968447dba9b64ee4ce0b10d6aa81600f9526801e12,1.0,-0.0,1008,0.0,NONE,0
1471055,BSBR,banco santander brasil s a,255,110.0,145.0,0.0,100.0,83.0,60.0,23,2,0.4823529411764706,7276994fe3b691a33351d3624d75910566c16617a432697d5d342172678d794d,0.9655172413793104,0.14999492361041503,1008,0.022817460317460316,PUBLISHER_CONCENTRATION_GE_80_PERCENT,1
1227857,NCZ,agic convertible income fund ii,12,12.0,0.0,0.0,10.0,2.0,0.0,0,0,0.16666666666666666,,0.0,0.0,1008,0.0,NONE,0
1552275,SUN,susser petroleum partners lp,89,60.0,29.0,0.0,54.0,35.0,0.0,0,2,0.02247191011235955,84625ab1a763851f03bf27f1f4f68b3b7efe198626d098151d461cbb0e262da0,0.6666666666666666,0.6365141682948128,1008,0.0,NONE,0
1173643,TRX,tanzanian royalty exploration,113,56.0,57.0,0.0,82.0,30.0,14.0,9,7,0.23008849557522124,10fcd4ce7788feb63927380fea83a2d1328c6e29233988c7cb8f96373035204e,0.23076923076923078,1.844621476365503,1008,0.008928571428571428,NONE,0
1616000,XHR,xenia hotels resorts,644,186.0,458.0,0.0,129.0,311.0,91.0,57,2,0.3245341614906832,6752e69d6ebc246e5369e53b5493b1c51f51433551b895d3c67b2e427520e39e,0.5,0.6931471805599453,1008,0.05654761904761905,NONE,0
937966,ASML,asml nv,4,2.0,2.0,0.0,2.0,0.0,0.0,0,0,0.0,,0.0,0.0,1008,0.0,NONE,0
913059,BBAR,bbva banco frances sa,117,0.0,117.0,0.0,10.0,43.0,3.0,3,0,0.02564102564102564,,0.0,0.0,1008,0.002976190476190476,NONE,0
860730,HCA,columbia hca healthcare,12,0.0,12.0,0.0,4.0,2.0,0.0,0,0,0.0,,0.0,0.0,1008,0.0,NONE,0
51143,IBM,IBM,2829,0.0,0.0,2829.0,413.0,2416.0,1061.0,432,5,0.0021208907741251328,1b425b87521ec0ab5e4c02aa6bbf44fa197505a03a1fa7f593d749168cc34d2f,0.4,1.3624474851916286,1008,0.42857142857142855,SINGLE_TOKEN_SEMANTIC_RISK,1
1674416,CRSP,CRSP,3303,0.0,0.0,3303.0,539.0,2764.0,998.0,301,1,0.17438692098092642,08f472aed74b038b1cd05a1e3cd5afd5b1a5ccd3c9ab2b14bf706239f26376a8,1.0,-0.0,1008,0.2986111111111111,PUBLISHER_CONCENTRATION_GE_80_PERCENT|SINGLE_TOKEN_SEMANTIC_RISK,2
1303523,BTI,BTI,753,0.0,0.0,753.0,303.0,450.0,381.0,152,0,0.25763612217795484,,0.0,0.0,1008,0.15079365079365079,SINGLE_TOKEN_SEMANTIC_RISK,1
915779,DAKT,DAKT,164,0.0,0.0,164.0,0.0,164.0,31.0,18,0,0.31097560975609756,,0.0,0.0,1008,0.017857142857142856,SINGLE_TOKEN_SEMANTIC_RISK,1
879101,KIM,KIM,63,0.0,0.0,63.0,48.0,15.0,13.0,6,1,0.25396825396825395,deb56840b9cdc03f6c4ee4d521ae2d441afded63a6b8dfc35db2427b482be521,1.0,-0.0,1008,0.005952380952380952,SINGLE_TOKEN_SEMANTIC_RISK,1
866374,FLEX,FLEX,86,0.0,0.0,86.0,9.0,77.0,20.0,10,1,0.3023255813953488,deb56840b9cdc03f6c4ee4d521ae2d441afded63a6b8dfc35db2427b482be521,1.0,-0.0,1008,0.00992063492063492,SINGLE_TOKEN_SEMANTIC_RISK,1
1158324,CCOI,CCOI,72,0.0,0.0,72.0,34.0,38.0,0.0,0,0,0.05555555555555555,,0.0,0.0,1008,0.0,SINGLE_TOKEN_SEMANTIC_RISK,1
1999001,FUN,FUN,397,0.0,0.0,397.0,139.0,258.0,177.0,103,0,0.5214105793450882,,0.0,0.0,1008,0.10218253968253968,SINGLE_TOKEN_SEMANTIC_RISK,1
1789832,HESM,HESM,106,0.0,0.0,106.0,34.0,72.0,71.0,39,0,0.4056603773584906,,0.0,0.0,1008,0.03869047619047619,SINGLE_TOKEN_SEMANTIC_RISK,1
1295947,PBH,prestige consumer healthcare,391,128.0,263.0,0.0,108.0,157.0,141.0,59,5,0.4578005115089514,b760b1294f1c1c3c7acaf7968447dba9b64ee4ce0b10d6aa81600f9526801e12,0.45454545454545453,1.242048144440967,1008,0.05853174603174603,NONE,0
1677940,BYSI,beyondspring,276,54.0,222.0,0.0,28.0,103.0,91.0,31,0,0.2427536231884058,,0.0,0.0,1008,0.030753968253968252,SINGLE_TOKEN_SEMANTIC_RISK,1
1683825,TRVG,TRVG,269,0.0,0.0,269.0,29.0,240.0,191.0,79,0,0.35315985130111527,,0.0,0.0,1008,0.07837301587301587,SINGLE_TOKEN_SEMANTIC_RISK,1
1618756,QSR,QSR,195,0.0,0.0,195.0,61.0,134.0,45.0,19,0,0.18461538461538463,,0.0,0.0,1008,0.018849206349206348,SINGLE_TOKEN_SEMANTIC_RISK,1
1835632,MRVL,MRVL,221,0.0,0.0,221.0,67.0,154.0,38.0,17,2,0.38461538461538464,deb56840b9cdc03f6c4ee4d521ae2d441afded63a6b8dfc35db2427b482be521,0.84375,0.4333988732907457,1008,0.016865079365079364,PUBLISHER_CONCENTRATION_GE_80_PERCENT|SINGLE_TOKEN_SEMANTIC_RISK,2
701719,ELA,envela,136,19.0,117.0,0.0,2.0,54.0,17.0,2,0,0.19117647058823528,,0.0,0.0,1008,0.001984126984126984,SINGLE_TOKEN_SEMANTIC_RISK,1
1838987,SPWR,complete solaria,8,1.0,7.0,0.0,0.0,8.0,0.0,0,0,0.0,,0.0,0.0,1008,0.0,NONE,0
1395213,EDN,EDN,102,0.0,0.0,102.0,0.0,102.0,30.0,5,0,0.20588235294117646,,0.0,0.0,1008,0.00496031746031746,SINGLE_TOKEN_SEMANTIC_RISK,1
60714,LXU,LXU,113,0.0,0.0,113.0,1.0,112.0,14.0,4,0,0.0,,0.0,0.0,1008,0.003968253968253968,SINGLE_TOKEN_SEMANTIC_RISK,1
863894,VERU,veru inc,254,28.0,226.0,0.0,20.0,152.0,92.0,19,0,0.4645669291338583,,0.0,0.0,1008,0.018849206349206348,NONE,0
1387467,AOSL,alpha omega semiconductor,189,104.0,85.0,0.0,75.0,89.0,33.0,11,7,0.20634920634920634,b760b1294f1c1c3c7acaf7968447dba9b64ee4ce0b10d6aa81600f9526801e12,0.2916666666666667,1.7117327410493703,1008,0.010912698412698412,NONE,0
1534504,PBF,PBF,291,0.0,0.0,291.0,98.0,193.0,75.0,41,1,0.43986254295532645,deb56840b9cdc03f6c4ee4d521ae2d441afded63a6b8dfc35db2427b482be521,1.0,-0.0,1008,0.040674603174603176,PUBLISHER_CONCENTRATION_GE_80_PERCENT|SINGLE_TOKEN_SEMANTIC_RISK,2
1690437,BAR,graniteshares gold trust,231,2.0,229.0,0.0,2.0,176.0,26.0,8,1,0.12121212121212122,54cdaa1af72fd153cc9dc0d244fb43a089e1f19b0524cbb0e47b632c54047c9d,1.0,-0.0,1008,0.007936507936507936,PUBLISHER_CONCENTRATION_GE_80_PERCENT,1
1404912,KKR,KKR,513,0.0,0.0,513.0,118.0,395.0,202.0,92,2,0.4171539961013645,deb56840b9cdc03f6c4ee4d521ae2d441afded63a6b8dfc35db2427b482be521,0.9473684210526315,0.20619205063323187,1008,0.09126984126984126,PUBLISHER_CONCENTRATION_GE_80_PERCENT|SINGLE_TOKEN_SEMANTIC_RISK,2
1783180,CARR,CARR,38,0.0,0.0,38.0,12.0,26.0,34.0,9,0,0.23684210526315788,,0.0,0.0,492,0.018292682926829267,SINGLE_TOKEN_SEMANTIC_RISK,1
1670592,YETI,YETI,139,0.0,0.0,139.0,30.0,109.0,93.0,36,0,0.37410071942446044,,0.0,0.0,802,0.04488778054862843,SINGLE_TOKEN_SEMANTIC_RISK,1
875357,BOKF,BOKF,48,0.0,0.0,48.0,0.0,48.0,16.0,13,0,0.6458333333333334,,0.0,0.0,1008,0.012896825396825396,SINGLE_TOKEN_SEMANTIC_RISK,1
1630805,BW,BW,11,0.0,0.0,11.0,0.0,11.0,11.0,3,0,0.18181818181818182,,0.0,0.0,1008,0.002976190476190476,SINGLE_TOKEN_SEMANTIC_RISK,1
1737927,CGC,CGC,33,0.0,0.0,33.0,7.0,26.0,33.0,15,1,0.30303030303030304,babc52a4295806f4e989a4dcdcfca96e8a4054b58bcbd9cab57492d157f49442,1.0,-0.0,1008,0.01488095238095238,SINGLE_TOKEN_SEMANTIC_RISK,1
1169561,CVLT,CVLT,16,0.0,0.0,16.0,2.0,14.0,0.0,0,1,0.3125,84625ab1a763851f03bf27f1f4f68b3b7efe198626d098151d461cbb0e262da0,1.0,-0.0,1008,0.0,SINGLE_TOKEN_SEMANTIC_RISK,1
912615,URBN,URBN,4,0.0,0.0,4.0,0.0,4.0,0.0,0,0,0.25,,0.0,0.0,1008,0.0,SINGLE_TOKEN_SEMANTIC_RISK,1
1353613,FXY,currencyshares japanese yen trust,354,21.0,333.0,0.0,35.0,99.0,20.0,4,3,0.2853107344632768,d24cd46da47f5679446106138ee95d4b354e5df7306abdd987c7d2c8f61b776a,0.4,1.0549201679861442,1008,0.003968253968253968,NONE,0
1282224,DLPN,DLPN,4,0.0,0.0,4.0,0.0,4.0,4.0,2,0,0.0,,0.0,0.0,1008,0.001984126984126984,SINGLE_TOKEN_SEMANTIC_RISK,1
1888447,EE,EE,43,0.0,0.0,43.0,4.0,39.0,10.0,4,1,0.27906976744186046,d014d5a638eac5b2d935d6b6b173e4769692dc2a63efe5b382d586866929bd06,1.0,-0.0,630,0.006349206349206349,SINGLE_TOKEN_SEMANTIC_RISK,1
1520504,VLRS,controladora vuela compania de aviacion s a b de c v,84,14.0,70.0,0.0,14.0,65.0,20.0,10,2,0.5119047619047619,1b425b87521ec0ab5e4c02aa6bbf44fa197505a03a1fa7f593d749168cc34d2f,0.5,0.6931471805599453,1008,0.00992063492063492,NONE,0
1135951,RDY,dr reddys laboratories,46,12.0,34.0,0.0,10.0,21.0,5.0,2,3,0.2391304347826087,a328d6d26983766d80fbb9adc64925a627cc56bb60e124536e235c6bd61bec28,0.3333333333333333,1.0986122886681096,1008,0.001984126984126984,NONE,0
901243,MUA,blackrock muniassets fund,46,30.0,16.0,0.0,17.0,17.0,18.0,9,1,0.7391304347826086,7276994fe3b691a33351d3624d75910566c16617a432697d5d342172678d794d,1.0,-0.0,1008,0.008928571428571428,NONE,0
1035983,FIX,FIX,6,0.0,0.0,6.0,2.0,4.0,0.0,0,0,0.16666666666666666,,0.0,0.0,1008,0.0,SINGLE_TOKEN_SEMANTIC_RISK,1
906465,QCRH,quad city,30,10.0,20.0,0.0,12.0,5.0,0.0,0,3,0.03333333333333333,c6f792c46a47a9c1d8aff799da74ada08dc3b402419e082e650e492dcc9d4813,0.3333333333333333,1.0986122886681096,1008,0.0,NONE,0
1084869,FLWS,FLWS,16,0.0,0.0,16.0,0.0,16.0,0.0,0,1,0.3125,b760b1294f1c1c3c7acaf7968447dba9b64ee4ce0b10d6aa81600f9526801e12,1.0,-0.0,1008,0.0,SINGLE_TOKEN_SEMANTIC_RISK,1
1353615,FXF,currencyshares swiss franc trust,20,4.0,16.0,0.0,4.0,3.0,0.0,0,1,0.45,10fcd4ce7788feb63927380fea83a2d1328c6e29233988c7cb8f96373035204e,1.0,-0.0,0,0.0,NONE,0
1141688,LARK,landmark bancorp,174,155.0,19.0,0.0,0.0,168.0,82.0,40,6,0.8505747126436781,7276994fe3b691a33351d3624d75910566c16617a432697d5d342172678d794d,0.8269230769230769,0.7243200539070563,1008,0.03968253968253968,PUBLISHER_CONCENTRATION_GE_80_PERCENT,1
1383057,DBP,invesco db precious metals fund,38,0.0,38.0,0.0,0.0,34.0,4.0,1,0,0.13157894736842105,,0.0,0.0,1008,0.000992063492063492,NONE,0
1309108,WEX,WEX,90,0.0,0.0,90.0,52.0,38.0,39.0,25,0,0.5666666666666667,,0.0,0.0,1008,0.0248015873015873,SINGLE_TOKEN_SEMANTIC_RISK,1
1245648,FLC,flaherty crumrine total return fund,54,39.0,15.0,0.0,3.0,48.0,21.0,17,0,0.7222222222222222,,0.0,0.0,1008,0.016865079365079364,NONE,0
1180262,HLF,HLF,2,0.0,0.0,2.0,1.0,1.0,1.0,1,0,1.0,,0.0,0.0,1008,0.000992063492063492,SINGLE_TOKEN_SEMANTIC_RISK,1
819793,AIN,AIN,33,0.0,0.0,33.0,17.0,16.0,23.0,23,0,0.9393939393939394,,0.0,0.0,1008,0.022817460317460316,SINGLE_TOKEN_SEMANTIC_RISK,1
884152,VMO,invesco municipal opportunity trust,119,92.0,27.0,0.0,75.0,44.0,26.0,7,2,0.4957983193277311,7276994fe3b691a33351d3624d75910566c16617a432697d5d342172678d794d,0.5333333333333333,0.6909233093138181,1008,0.006944444444444444,NONE,0
1280452,MPWR,MPWR,9,0.0,0.0,9.0,2.0,7.0,2.0,1,1,0.4444444444444444,08f472aed74b038b1cd05a1e3cd5afd5b1a5ccd3c9ab2b14bf706239f26376a8,1.0,-0.0,1008,0.000992063492063492,SINGLE_TOKEN_SEMANTIC_RISK,1
1289945,SPOK,spok holdings inc,75,29.0,46.0,0.0,12.0,45.0,47.0,20,2,0.5066666666666667,b760b1294f1c1c3c7acaf7968447dba9b64ee4ce0b10d6aa81600f9526801e12,0.5,0.6931471805599453,1008,0.01984126984126984,NONE,0
1058290,CTSH,CTSH,147,0.0,0.0,147.0,106.0,41.0,23.0,8,3,0.7551020408163265,deb56840b9cdc03f6c4ee4d521ae2d441afded63a6b8dfc35db2427b482be521,0.96,0.19567003495657082,1008,0.007936507936507936,PUBLISHER_CONCENTRATION_GE_80_PERCENT|SINGLE_TOKEN_SEMANTIC_RISK,2
1095565,HSTM,HSTM,4,0.0,0.0,4.0,0.0,4.0,0.0,0,1,0.5,90a39bc1f5732b0842596544dc634b3d71990701eb6566301c32954b714ace25,1.0,-0.0,1008,0.0,SINGLE_TOKEN_SEMANTIC_RISK,1
1233681,BLW,blackrock limited duration income trust,40,34.0,6.0,0.0,27.0,13.0,12.0,6,1,0.8,7276994fe3b691a33351d3624d75910566c16617a432697d5d342172678d794d,1.0,-0.0,1008,0.005952380952380952,NONE,0
1176984,EIM,eaton vance insured municipal bond fund,32,32.0,0.0,0.0,32.0,0.0,0.0,0,0,0.0,,0.0,0.0,1008,0.0,NONE,0
1259429,OXSQ,technology investment capital,8,4.0,4.0,0.0,4.0,4.0,4.0,1,0,0.125,,0.0,0.0,1008,0.000992063492063492,NONE,0
898174,RGA,reinsurance of america,14,0.0,14.0,0.0,0.0,0.0,0.0,0,0,0.0,,0.0,0.0,1008,0.0,NONE,0
1113232,ACLS,ACLS,8,0.0,0.0,8.0,2.0,6.0,2.0,1,0,0.375,,0.0,0.0,1008,0.000992063492063492,SINGLE_TOKEN_SEMANTIC_RISK,1
1211583,FENC,adherex technologies,38,32.0,6.0,0.0,14.0,20.0,0.0,0,0,0.3684210526315789,,0.0,0.0,1008,0.0,NONE,0
1034842,RIGL,RIGL,2,0.0,0.0,2.0,2.0,0.0,0.0,0,0,0.5,,0.0,0.0,1008,0.0,SINGLE_TOKEN_SEMANTIC_RISK,1
1082324,VHC,VHC,23,0.0,0.0,23.0,6.0,17.0,0.0,0,1,0.7391304347826086,84625ab1a763851f03bf27f1f4f68b3b7efe198626d098151d461cbb0e262da0,1.0,-0.0,1008,0.0,SINGLE_TOKEN_SEMANTIC_RISK,1
1009001,CCJ,CCJ,54,0.0,0.0,54.0,52.0,2.0,2.0,1,2,0.9814814814814815,deb56840b9cdc03f6c4ee4d521ae2d441afded63a6b8dfc35db2427b482be521,0.9615384615384616,0.16302362949436594,1008,0.000992063492063492,SINGLE_TOKEN_SEMANTIC_RISK,1
100885,UNP,UNP,6,0.0,0.0,6.0,0.0,6.0,0.0,0,0,0.3333333333333333,,0.0,0.0,1008,0.0,SINGLE_TOKEN_SEMANTIC_RISK,1
715579,ACNB,ACNB,15,0.0,0.0,15.0,2.0,13.0,10.0,9,0,0.9333333333333333,,0.0,0.0,1008,0.008928571428571428,SINGLE_TOKEN_SEMANTIC_RISK,1
1553079,OGCP,empire state realty op l p,6,2.0,4.0,0.0,2.0,4.0,0.0,0,0,0.0,,0.0,0.0,0,0.0,NONE,0
723646,FRAF,FRAF,9,0.0,0.0,9.0,0.0,9.0,7.0,7,0,1.0,,0.0,0.0,1008,0.006944444444444444,SINGLE_TOKEN_SEMANTIC_RISK,1
1614806,RPT,RPT,30,0.0,0.0,30.0,10.0,20.0,15.0,15,0,0.7333333333333333,,0.0,0.0,1008,0.01488095238095238,SINGLE_TOKEN_SEMANTIC_RISK,1
1045520,CM,canadian imperial bank of commerce can,10,0.0,10.0,0.0,4.0,4.0,4.0,1,0,0.3,,0.0,0.0,1008,0.000992063492063492,NONE,0
1584549,VFF,VFF,14,0.0,0.0,14.0,0.0,14.0,14.0,7,0,0.42857142857142855,,0.0,0.0,723,0.009681881051175657,SINGLE_TOKEN_SEMANTIC_RISK,1
1554697,GHY,pgim global high yield fund,32,32.0,0.0,0.0,28.0,4.0,31.0,22,1,1.0,7276994fe3b691a33351d3624d75910566c16617a432697d5d342172678d794d,1.0,-0.0,1008,0.021825396825396824,NONE,0
874499,GPOR,GPOR,8,0.0,0.0,8.0,8.0,0.0,0.0,0,1,1.0,deb56840b9cdc03f6c4ee4d521ae2d441afded63a6b8dfc35db2427b482be521,1.0,-0.0,789,0.0,SINGLE_TOKEN_SEMANTIC_RISK,1
1680062,ACMR,ACMR,3,0.0,0.0,3.0,0.0,3.0,0.0,0,0,0.3333333333333333,,0.0,0.0,1008,0.0,SINGLE_TOKEN_SEMANTIC_RISK,1
1659166,FTV,FTV,3,0.0,0.0,3.0,0.0,3.0,0.0,0,0,0.0,,0.0,0.0,1008,0.0,SINGLE_TOKEN_SEMANTIC_RISK,1
1519401,RM,RM,1,0.0,0.0,1.0,1.0,0.0,0.0,0,0,0.0,,0.0,0.0,1008,0.0,SINGLE_TOKEN_SEMANTIC_RISK,1
1710680,HFRO,HFRO,4,0.0,0.0,4.0,0.0,4.0,0.0,0,0,0.25,,0.0,0.0,1008,0.0,SINGLE_TOKEN_SEMANTIC_RISK,1
1260563,NFJ,allianzgi dividend interest premium strategy fund,2,1.0,1.0,0.0,0.0,2.0,1.0,1,0,1.0,,0.0,0.0,1008,0.000992063492063492,NONE,0
906553,BYD,BYD,6,0.0,0.0,6.0,6.0,0.0,4.0,2,2,0.8333333333333334,08f472aed74b038b1cd05a1e3cd5afd5b1a5ccd3c9ab2b14bf706239f26376a8,0.5,0.6931471805599453,1008,0.001984126984126984,SINGLE_TOKEN_SEMANTIC_RISK,1
1430306,TNXP,tamandare explorations,2,2.0,0.0,0.0,2.0,0.0,0.0,0,0,0.0,,0.0,0.0,1008,0.0,NONE,0
1415311,YCS,GLL,3,0.0,0.0,3.0,0.0,3.0,0.0,0,0,0.0,,0.0,0.0,1008,0.0,SINGLE_TOKEN_SEMANTIC_RISK,1
1137887,NZF,NZF,2,0.0,0.0,2.0,0.0,2.0,2.0,1,0,0.5,,0.0,0.0,1008,0.000992063492063492,SINGLE_TOKEN_SEMANTIC_RISK,1
1514705,SXC,SXC,1,0.0,0.0,1.0,1.0,0.0,0.0,0,0,1.0,,0.0,0.0,1008,0.0,SINGLE_TOKEN_SEMANTIC_RISK,1
1282957,GLU,GLU,3,0.0,0.0,3.0,0.0,3.0,0.0,0,0,0.0,,0.0,0.0,1008,0.0,SINGLE_TOKEN_SEMANTIC_RISK,1
1434316,FATE,FATE,1,0.0,0.0,1.0,0.0,1.0,1.0,1,0,0.0,,0.0,0.0,1008,0.000992063492063492,SINGLE_TOKEN_SEMANTIC_RISK,1
1499849,LND,brasilagro brazilian agricultural real estate,38,38.0,0.0,0.0,38.0,0.0,32.0,14,1,1.0,7276994fe3b691a33351d3624d75910566c16617a432697d5d342172678d794d,1.0,-0.0,1008,0.013888888888888888,NONE,0
1606366,LOCO,LOCO,66,0.0,0.0,66.0,66.0,0.0,0.0,0,1,1.0,deb56840b9cdc03f6c4ee4d521ae2d441afded63a6b8dfc35db2427b482be521,1.0,-0.0,1008,0.0,SINGLE_TOKEN_SEMANTIC_RISK,1
1495320,VRA,VRA,4,0.0,0.0,4.0,4.0,0.0,0.0,0,1,1.0,deb56840b9cdc03f6c4ee4d521ae2d441afded63a6b8dfc35db2427b482be521,1.0,-0.0,1008,0.0,SINGLE_TOKEN_SEMANTIC_RISK,1
1442145,VRSK,VRSK,1,0.0,0.0,1.0,1.0,0.0,1.0,1,0,1.0,,0.0,0.0,1008,0.000992063492063492,SINGLE_TOKEN_SEMANTIC_RISK,1
1511737,UI,UI,1,0.0,0.0,1.0,1.0,0.0,0.0,0,0,1.0,,0.0,0.0,1008,0.0,SINGLE_TOKEN_SEMANTIC_RISK,1
1675149,AA,alcoa,18741,12036.0,6705.0,0.0,10281.0,6618.0,1488.0,346,132,0.2145029614214823,7a760386ea72c5ddae3e4604fdc5f7fa942ad00c5db2a3d8dffc6bcb5912ebdf,0.12572533849129594,3.6034215901479087,1008,0.34325396825396826,SINGLE_TOKEN_SEMANTIC_RISK,1
807882,JACK,jack in the box,4906,3375.0,1531.0,0.0,2777.0,1688.0,1070.0,204,67,0.330207908683245,7a760386ea72c5ddae3e4604fdc5f7fa942ad00c5db2a3d8dffc6bcb5912ebdf,0.19545454545454546,2.9739399059391123,1008,0.20238095238095238,NONE,0
1393818,BX,blackstone,30448,15121.0,15327.0,0.0,13304.0,13504.0,6295.0,883,87,0.19390436153441934,7276994fe3b691a33351d3624d75910566c16617a432697d5d342172678d794d,0.24041694687289844,2.7523462397912675,1008,0.8759920634920635,SINGLE_TOKEN_SEMANTIC_RISK,1
932696,NSIT,insight enterprises,2141,1175.0,966.0,0.0,872.0,711.0,598.0,159,25,0.37365716954694067,7a760386ea72c5ddae3e4604fdc5f7fa942ad00c5db2a3d8dffc6bcb5912ebdf,0.2929936305732484,2.1732868180441094,1008,0.15773809523809523,NONE,0
888491,OHI,omega healthcare investors,2322,1110.0,1212.0,0.0,952.0,967.0,698.0,247,25,0.5012919896640827,7276994fe3b691a33351d3624d75910566c16617a432697d5d342172678d794d,0.5421348314606742,1.7964438195267414,1008,0.24503968253968253,NONE,0
40545,GE,GE,235,0.0,0.0,235.0,13.0,222.0,75.0,32,2,0.14468085106382977,1b425b87521ec0ab5e4c02aa6bbf44fa197505a03a1fa7f593d749168cc34d2f,0.96,0.167944147734173,1008,0.031746031746031744,PUBLISHER_CONCENTRATION_GE_80_PERCENT|SINGLE_TOKEN_SEMANTIC_RISK,2
1511737,UI,ubiquiti,2451,1020.0,1431.0,0.0,801.0,977.0,635.0,190,15,0.08404732762137902,7a760386ea72c5ddae3e4604fdc5f7fa942ad00c5db2a3d8dffc6bcb5912ebdf,0.35377358490566035,1.8216052004006118,1008,0.1884920634920635,SINGLE_TOKEN_SEMANTIC_RISK,1
50863,INTC,intel,84354,31538.0,52816.0,0.0,23264.0,38338.0,14585.0,1188,131,0.11617706332835431,215816bf42103f1f2b24c168779f1fb0ea3afcb7a2c627e42e0bcd7fe07eb70a,0.2272951223517819,2.7961416596942983,1008,1.0,EDGE_COUNT_TOP_1_PERCENT|IMPLAUSIBLY_HIGH_TRAINING_DAY_COVERAGE|SINGLE_TOKEN_SEMANTIC_RISK,3
12927,BA,boeing,79637,38873.0,40764.0,0.0,35527.0,22863.0,15015.0,1215,123,0.07416150784183231,215816bf42103f1f2b24c168779f1fb0ea3afcb7a2c627e42e0bcd7fe07eb70a,0.30448090107737513,2.813065156957683,1008,1.0,EDGE_COUNT_TOP_1_PERCENT|IMPLAUSIBLY_HIGH_TRAINING_DAY_COVERAGE|SINGLE_TOKEN_SEMANTIC_RISK,3
1097864,ON,on semiconductor,10239,3495.0,6744.0,0.0,2582.0,4286.0,1281.0,290,55,0.1281375134290458,7a760386ea72c5ddae3e4604fdc5f7fa942ad00c5db2a3d8dffc6bcb5912ebdf,0.22979397781299524,3.20073737416752,1008,0.2876984126984127,NONE,0
1526520,TRIP,tripadvisor,9946,6010.0,3936.0,0.0,3843.0,4092.0,1997.0,401,99,0.3449627991152222,7a760386ea72c5ddae3e4604fdc5f7fa942ad00c5db2a3d8dffc6bcb5912ebdf,0.14949037372593432,3.244559124931452,1008,0.3978174603174603,SINGLE_TOKEN_SEMANTIC_RISK,1
1018963,ATI,allegheny technologies,3717,1835.0,1882.0,0.0,1459.0,1832.0,746.0,184,33,0.4358353510895884,7276994fe3b691a33351d3624d75910566c16617a432697d5d342172678d794d,0.2291220556745182,2.5680060956929234,1008,0.18253968253968253,NONE,0
1356090,PGEN,intrexon,2433,1965.0,468.0,0.0,1581.0,667.0,539.0,119,32,0.1265926839293054,7276994fe3b691a33351d3624d75910566c16617a432697d5d342172678d794d,0.23467862481315396,2.4000812571944286,1008,0.11805555555555555,SINGLE_TOKEN_SEMANTIC_RISK,1
1375877,CSIQ,canadian solar,9776,5971.0,3805.0,0.0,4720.0,3669.0,1800.0,326,69,0.3755114566284779,7a760386ea72c5ddae3e4604fdc5f7fa942ad00c5db2a3d8dffc6bcb5912ebdf,0.292713567839196,2.6723146571242764,1008,0.32341269841269843,NONE,0
1203464,IAG,iamgold,3900,2430.0,1470.0,0.0,2228.0,1195.0,434.0,128,38,0.24102564102564103,1b425b87521ec0ab5e4c02aa6bbf44fa197505a03a1fa7f593d749168cc34d2f,0.22274881516587677,2.7310837117350806,1008,0.12698412698412698,SINGLE_TOKEN_SEMANTIC_RISK,1
77360,PNR,pentair,4968,3413.0,1555.0,0.0,2719.0,1472.0,1079.0,222,39,0.36614331723027377,7a760386ea72c5ddae3e4604fdc5f7fa942ad00c5db2a3d8dffc6bcb5912ebdf,0.2765726681127983,2.497797024147215,1008,0.22023809523809523,SINGLE_TOKEN_SEMANTIC_RISK,1
1316835,BLDR,builders firstsource,5707,1594.0,4113.0,0.0,1063.0,1763.0,626.0,196,27,0.2654634659190468,7a760386ea72c5ddae3e4604fdc5f7fa942ad00c5db2a3d8dffc6bcb5912ebdf,0.22485207100591717,2.4956603407599145,1008,0.19444444444444445,NONE,0
1006281,PLX,protalix biotherapeutics,1060,719.0,341.0,0.0,729.0,243.0,283.0,63,23,0.4481132075471698,7276994fe3b691a33351d3624d75910566c16617a432697d5d342172678d794d,0.18461538461538463,2.553270497488595,1008,0.0625,NONE,0
831001,C,travelers,28385,11428.0,16957.0,0.0,11146.0,9651.0,2947.0,640,70,0.0005284481240091598,7a760386ea72c5ddae3e4604fdc5f7fa942ad00c5db2a3d8dffc6bcb5912ebdf,0.31286127167630057,2.621634181065403,1008,0.6349206349206349,SINGLE_TOKEN_SEMANTIC_RISK,1
1278680,IAU,ishares gold trust,3024,607.0,2417.0,0.0,770.0,1301.0,582.0,167,6,0.2080026455026455,b760b1294f1c1c3c7acaf7968447dba9b64ee4ce0b10d6aa81600f9526801e12,0.9653679653679653,0.20223833276105463,1008,0.16567460317460317,PUBLISHER_CONCENTRATION_GE_80_PERCENT,1
1070235,BB,research in motion,4394,1520.0,2874.0,0.0,1067.0,2337.0,3.0,2,40,0.0006827492034592626,8294547e9fe9367f291a22598513d897928d1a0eeb713ca2b41f31977192c5d1,0.24836601307189543,2.845821695214478,1008,0.001984126984126984,NONE,0
1200375,CDXS,codexis,1684,1120.0,564.0,0.0,910.0,633.0,434.0,94,29,0.42814726840855105,7276994fe3b691a33351d3624d75910566c16617a432697d5d342172678d794d,0.17419354838709677,2.5710885607447262,1008,0.09325396825396826,SINGLE_TOKEN_SEMANTIC_RISK,1
1145197,PODD,insulet,7508,2336.0,5172.0,0.0,1759.0,3013.0,946.0,198,41,0.21337240277037825,7276994fe3b691a33351d3624d75910566c16617a432697d5d342172678d794d,0.153125,2.755798503697542,1008,0.19642857142857142,SINGLE_TOKEN_SEMANTIC_RISK,1
1403475,BMRC,bank of marin bancorp,829,422.0,407.0,0.0,0.0,802.0,170.0,59,15,0.43546441495778043,7276994fe3b691a33351d3624d75910566c16617a432697d5d342172678d794d,0.4631578947368421,1.816381288263944,1008,0.05853174603174603,NONE,0
1447669,TWLO,twilio,7496,2446.0,5050.0,0.0,1262.0,3683.0,2046.0,490,21,0.26987726787620064,b760b1294f1c1c3c7acaf7968447dba9b64ee4ce0b10d6aa81600f9526801e12,0.20795107033639143,2.324098526884363,1008,0.4861111111111111,SINGLE_TOKEN_SEMANTIC_RISK,1
906709,NKTR,nektar therapeutics,3063,1700.0,1363.0,0.0,1377.0,1129.0,1048.0,257,44,0.505713352921972,7276994fe3b691a33351d3624d75910566c16617a432697d5d342172678d794d,0.16083916083916083,2.843555857478028,1008,0.25496031746031744,NONE,0
949858,ACHV,achieve life sciences,342,116.0,226.0,0.0,82.0,197.0,258.0,23,4,0.09064327485380116,bc866712ec3d41f918d736dba6181bfae8068e106956a8f51e7e26914276ce1e,0.3958333333333333,1.2124139436808938,1008,0.022817460317460316,NONE,0
1503274,QTRX,quanterix,847,232.0,615.0,0.0,155.0,513.0,128.0,34,5,0.2408500590318772,54cdaa1af72fd153cc9dc0d244fb43a089e1f19b0524cbb0e47b632c54047c9d,0.45454545454545453,1.3667110520552042,1008,0.03373015873015873,SINGLE_TOKEN_SEMANTIC_RISK,1
1539838,FANG,diamondback energy,9050,1812.0,7238.0,0.0,1327.0,3752.0,2230.0,458,16,0.2358011049723757,7276994fe3b691a33351d3624d75910566c16617a432697d5d342172678d794d,0.29577464788732394,1.9211645452516968,1008,0.45436507936507936,NONE,0
1089113,HSBC,hsbc holdings plc,22853,2478.0,20375.0,0.0,6111.0,10588.0,807.0,323,8,0.07045026911127641,b760b1294f1c1c3c7acaf7968447dba9b64ee4ce0b10d6aa81600f9526801e12,0.4430379746835443,1.4254308990378501,1008,0.32043650793650796,NONE,0
940942,HUBG,hub group,1787,1348.0,439.0,0.0,1142.0,497.0,465.0,137,36,0.5181869054280918,1b425b87521ec0ab5e4c02aa6bbf44fa197505a03a1fa7f593d749168cc34d2f,0.15989159891598917,2.7514229785956097,1008,0.1359126984126984,NONE,0
1604174,ECC,eagle point credit,596,415.0,181.0,0.0,303.0,289.0,273.0,73,14,0.5503355704697986,7276994fe3b691a33351d3624d75910566c16617a432697d5d342172678d794d,0.4507042253521127,1.6665992564492187,1008,0.07242063492063493,NONE,0
1475260,CVE,cenovus energy,4540,1459.0,3081.0,0.0,1404.0,2296.0,1397.0,322,29,0.3539647577092511,7276994fe3b691a33351d3624d75910566c16617a432697d5d342172678d794d,0.2987951807228916,2.229976626503769,1008,0.3194444444444444,NONE,0
1689796,JBGS,jbg smith properties,218,75.0,143.0,0.0,24.0,115.0,50.0,15,4,0.0,b760b1294f1c1c3c7acaf7968447dba9b64ee4ce0b10d6aa81600f9526801e12,0.8,0.7026832764796582,1008,0.01488095238095238,PUBLISHER_CONCENTRATION_GE_80_PERCENT,1
1587987,NEWT,newtek business services,1090,837.0,253.0,0.0,753.0,288.0,313.0,92,12,0.3669724770642202,7276994fe3b691a33351d3624d75910566c16617a432697d5d342172678d794d,0.4148936170212766,1.8887748558332804,1008,0.09126984126984126,NONE,0
1293613,KYN,kayne anderson mlp midstream investment,104,96.0,8.0,0.0,84.0,20.0,104.0,43,3,0.8076923076923077,b760b1294f1c1c3c7acaf7968447dba9b64ee4ce0b10d6aa81600f9526801e12,0.75,0.7088232991946961,1008,0.04265873015873016,NONE,0
1572694,GSBD,goldman sachs bdc,575,308.0,267.0,0.0,0.0,537.0,157.0,45,2,0.2591304347826087,7276994fe3b691a33351d3624d75910566c16617a432697d5d342172678d794d,0.8625,0.40039917444896944,1008,0.044642857142857144,PUBLISHER_CONCENTRATION_GE_80_PERCENT,1
1370755,TCPC,blackrock tcp capital,408,179.0,229.0,0.0,162.0,238.0,189.0,36,7,0.28921568627450983,7276994fe3b691a33351d3624d75910566c16617a432697d5d342172678d794d,0.8024691358024691,0.7950884470352505,1008,0.03571428571428571,PUBLISHER_CONCENTRATION_GE_80_PERCENT,1
790526,RDNT,radnet,1378,1091.0,287.0,0.0,978.0,300.0,271.0,79,32,0.3984034833091437,7a760386ea72c5ddae3e4604fdc5f7fa942ad00c5db2a3d8dffc6bcb5912ebdf,0.19343065693430658,2.4692296867193226,1008,0.07837301587301587,SINGLE_TOKEN_SEMANTIC_RISK,1
1517175,CHEF,chefs warehouse,1923,634.0,1289.0,0.0,381.0,1329.0,697.0,157,8,0.32605304212168484,7a760386ea72c5ddae3e4604fdc5f7fa942ad00c5db2a3d8dffc6bcb5912ebdf,0.38271604938271603,1.6108967728732009,1008,0.15575396825396826,NONE,0
1520697,ACHC,acadia healthcare,3139,1916.0,1223.0,0.0,1301.0,1354.0,699.0,181,32,0.4049060210258044,7a760386ea72c5ddae3e4604fdc5f7fa942ad00c5db2a3d8dffc6bcb5912ebdf,0.2211895910780669,2.485784402830075,1008,0.17956349206349206,NONE,0
1386278,GDOT,green dot,3914,3043.0,871.0,0.0,2718.0,880.0,1584.0,197,58,0.3288196218702095,7276994fe3b691a33351d3624d75910566c16617a432697d5d342172678d794d,0.4311624072547403,2.358820360231818,1008,0.19543650793650794,NONE,0
1513761,NCLH,norwegian cruise line,9085,2103.0,6982.0,0.0,1596.0,3334.0,2390.0,420,33,0.16565767749036875,b760b1294f1c1c3c7acaf7968447dba9b64ee4ce0b10d6aa81600f9526801e12,0.22784810126582278,2.456944742601388,1008,0.4166666666666667,NONE,0
1294133,INGN,inogen,3093,1604.0,1489.0,0.0,1202.0,994.0,868.0,171,24,0.4477853216941481,7a760386ea72c5ddae3e4604fdc5f7fa942ad00c5db2a3d8dffc6bcb5912ebdf,0.32427184466019415,2.280795230000776,1008,0.16964285714285715,SINGLE_TOKEN_SEMANTIC_RISK,1
1070494,ACAD,acadia pharmaceuticals,3552,1517.0,2035.0,0.0,1367.0,1475.0,719.0,214,36,0.3854166666666667,b760b1294f1c1c3c7acaf7968447dba9b64ee4ce0b10d6aa81600f9526801e12,0.1497175141242938,2.821178774506331,1008,0.2123015873015873,NONE,0
1070081,PTCT,ptc therapeutics,2442,1718.0,724.0,0.0,1466.0,745.0,604.0,162,35,0.5212940212940212,1b425b87521ec0ab5e4c02aa6bbf44fa197505a03a1fa7f593d749168cc34d2f,0.17509025270758122,2.713141831065359,1008,0.16071428571428573,NONE,0
1770787,TXG,10x genomics,522,124.0,398.0,0.0,103.0,175.0,115.0,54,4,0.35823754789272033,7276994fe3b691a33351d3624d75910566c16617a432697d5d342172678d794d,0.6666666666666666,0.953271014705891,603,0.08955223880597014,NONE,0
939767,EXEL,exelixis,6552,3468.0,3084.0,0.0,2515.0,2750.0,1771.0,378,35,0.34004884004884006,7276994fe3b691a33351d3624d75910566c16617a432697d5d342172678d794d,0.23210161662817552,2.550245806722926,1008,0.375,SINGLE_TOKEN_SEMANTIC_RISK,1
1104506,INSM,insmed,1415,1009.0,406.0,0.0,803.0,541.0,493.0,68,12,0.16042402826855123,bc866712ec3d41f918d736dba6181bfae8068e106956a8f51e7e26914276ce1e,0.5440414507772021,1.5361331764502422,1008,0.06746031746031746,SINGLE_TOKEN_SEMANTIC_RISK,1
1437402,ARDX,ardelyx,1459,905.0,554.0,0.0,777.0,556.0,418.0,84,19,0.45236463331048665,7276994fe3b691a33351d3624d75910566c16617a432697d5d342172678d794d,0.31736526946107785,2.1673323514725347,1008,0.08333333333333333,SINGLE_TOKEN_SEMANTIC_RISK,1
1124198,FLR,fluor,7380,5210.0,2170.0,0.0,4229.0,2453.0,1450.0,288,55,0.3654471544715447,7a760386ea72c5ddae3e4604fdc5f7fa942ad00c5db2a3d8dffc6bcb5912ebdf,0.3253012048192771,2.5753735682279744,1008,0.2857142857142857,SINGLE_TOKEN_SEMANTIC_RISK,1
1481241,PSHG,diana containerships,1177,930.0,247.0,0.0,756.0,404.0,170.0,32,22,0.08411214953271028,1b425b87521ec0ab5e4c02aa6bbf44fa197505a03a1fa7f593d749168cc34d2f,0.29449838187702265,2.206983236092397,1008,0.031746031746031744,NONE,0
1690820,CVNA,carvana,4595,1366.0,3229.0,0.0,907.0,2474.0,986.0,284,12,0.2770402611534276,b760b1294f1c1c3c7acaf7968447dba9b64ee4ce0b10d6aa81600f9526801e12,0.3333333333333333,1.9075306385030721,1008,0.28174603174603174,SINGLE_TOKEN_SEMANTIC_RISK,1
27904,DAL,delta air lines,21910,5091.0,16819.0,0.0,3698.0,12048.0,4563.0,728,74,0.08242811501597444,7a760386ea72c5ddae3e4604fdc5f7fa942ad00c5db2a3d8dffc6bcb5912ebdf,0.17865804365400162,3.0563949295232162,1008,0.7222222222222222,NONE,0
1596532,ANET,arista networks,12655,3061.0,9594.0,0.0,2044.0,5279.0,1969.0,417,34,0.27854602923745553,b760b1294f1c1c3c7acaf7968447dba9b64ee4ce0b10d6aa81600f9526801e12,0.1761786600496278,2.5515480394761436,1008,0.41369047619047616,NONE,0
65770,MVIS,microvision,2102,1439.0,663.0,0.0,1119.0,764.0,624.0,154,30,0.4191246431969553,7276994fe3b691a33351d3624d75910566c16617a432697d5d342172678d794d,0.23513513513513515,2.394795902215738,1008,0.1527777777777778,SINGLE_TOKEN_SEMANTIC_RISK,1
1858681,APO,apollo global management,7739,1697.0,6042.0,0.0,2184.0,3973.0,1717.0,436,34,0.27367876986690787,b760b1294f1c1c3c7acaf7968447dba9b64ee4ce0b10d6aa81600f9526801e12,0.2571428571428571,2.617798540713382,1008,0.43253968253968256,NONE,0
1579298,BURL,BURL,70,0.0,0.0,70.0,70.0,0.0,0.0,0,4,1.0,deb56840b9cdc03f6c4ee4d521ae2d441afded63a6b8dfc35db2427b482be521,0.8,0.6596647515729505,1008,0.0,SINGLE_TOKEN_SEMANTIC_RISK,1
37996,F,ford motor,28224,4060.0,24164.0,0.0,3555.0,17232.0,3311.0,642,29,0.032879818594104306,7a760386ea72c5ddae3e4604fdc5f7fa942ad00c5db2a3d8dffc6bcb5912ebdf,0.27319587628865977,2.4717062460694246,1008,0.6369047619047619,NONE,0
1389170,TRGP,targa resources,4681,2419.0,2262.0,0.0,2248.0,1158.0,857.0,265,37,0.31531723990600297,7276994fe3b691a33351d3624d75910566c16617a432697d5d342172678d794d,0.20926756352765322,2.558160435371934,1008,0.2628968253968254,NONE,0
874396,LCUT,lifetime brands,921,789.0,132.0,0.0,642.0,248.0,207.0,60,21,0.4799131378935939,7276994fe3b691a33351d3624d75910566c16617a432697d5d342172678d794d,0.3468208092485549,2.110443875816851,1008,0.05952380952380952,NONE,0
1443646,BAH,booz allen hamilton,3872,1730.0,2142.0,0.0,1351.0,1781.0,837.0,247,45,0.37241735537190085,7a760386ea72c5ddae3e4604fdc5f7fa942ad00c5db2a3d8dffc6bcb5912ebdf,0.17288801571709234,2.827700678233865,1008,0.24503968253968253,NONE,0
1290677,TPB,north atlantic,4007,1107.0,2900.0,0.0,1996.0,800.0,23.0,11,13,0.0,7276994fe3b691a33351d3624d75910566c16617a432697d5d342172678d794d,0.5845070422535211,1.5420145656692306,1008,0.010912698412698412,NONE,0
1237831,GMED,globus medical,1859,1374.0,485.0,0.0,1086.0,480.0,482.0,118,25,0.34265734265734266,7a760386ea72c5ddae3e4604fdc5f7fa942ad00c5db2a3d8dffc6bcb5912ebdf,0.1778846153846154,2.4403566547267146,1008,0.11706349206349206,NONE,0
46765,HP,helmerich payne,5639,2934.0,2705.0,0.0,2403.0,2154.0,1190.0,324,47,0.4440503635396347,7a760386ea72c5ddae3e4604fdc5f7fa942ad00c5db2a3d8dffc6bcb5912ebdf,0.30357142857142855,2.3722593019954497,1008,0.32142857142857145,NONE,0
771999,DSS,document security systems,683,379.0,304.0,0.0,348.0,100.0,67.0,12,4,0.05710102489019034,54cdaa1af72fd153cc9dc0d244fb43a089e1f19b0524cbb0e47b632c54047c9d,0.45454545454545453,1.2882523050229004,1008,0.011904761904761904,NONE,0
1398659,G,genpact,3471,2301.0,1170.0,0.0,1845.0,1180.0,682.0,200,42,0.3560933448573898,7a760386ea72c5ddae3e4604fdc5f7fa942ad00c5db2a3d8dffc6bcb5912ebdf,0.158953722334004,2.7415996988963647,1008,0.1984126984126984,SINGLE_TOKEN_SEMANTIC_RISK,1
1083220,XELB,xcel brands,483,309.0,174.0,0.0,224.0,207.0,143.0,24,3,0.09109730848861283,7276994fe3b691a33351d3624d75910566c16617a432697d5d342172678d794d,0.5909090909090909,0.9369181202504688,1008,0.023809523809523808,NONE,0
1683606,CARS,cars com,1614,982.0,632.0,0.0,837.0,509.0,380.0,86,13,0.10842627013630732,7a760386ea72c5ddae3e4604fdc5f7fa942ad00c5db2a3d8dffc6bcb5912ebdf,0.22727272727272727,2.2423461921297165,1008,0.08531746031746032,NONE,0
1518621,ORC,orchid island capital,1029,665.0,364.0,0.0,305.0,653.0,431.0,78,4,0.13896987366375121,7276994fe3b691a33351d3624d75910566c16617a432697d5d342172678d794d,0.9320987654320988,0.31164797422377555,1008,0.07738095238095238,PUBLISHER_CONCENTRATION_GE_80_PERCENT,1
1474735,GNRC,generac,4036,2296.0,1740.0,0.0,1823.0,1274.0,684.0,220,36,0.4207135777998018,6752e69d6ebc246e5369e53b5493b1c51f51433551b895d3c67b2e427520e39e,0.25406203840472674,2.4359512214234087,1008,0.21825396825396826,SINGLE_TOKEN_SEMANTIC_RISK,1
1298946,DRH,diamondrock hospitality,1063,483.0,580.0,0.0,367.0,425.0,172.0,74,4,0.24553151458137348,7a760386ea72c5ddae3e4604fdc5f7fa942ad00c5db2a3d8dffc6bcb5912ebdf,0.38461538461538464,1.3061066090853948,1008,0.07341269841269842,NONE,0
1018164,WLFC,willis lease finance,369,333.0,36.0,0.0,322.0,37.0,75.0,23,14,0.5447154471544715,b760b1294f1c1c3c7acaf7968447dba9b64ee4ce0b10d6aa81600f9526801e12,0.4230769230769231,1.950539360249476,1008,0.022817460317460316,NONE,0
1396814,PCRX,pacira,2912,2193.0,719.0,0.0,1780.0,855.0,840.0,170,33,0.5030906593406593,7a760386ea72c5ddae3e4604fdc5f7fa942ad00c5db2a3d8dffc6bcb5912ebdf,0.2580195258019526,2.4522728877619073,1008,0.16865079365079366,SINGLE_TOKEN_SEMANTIC_RISK,1
879526,WNC,wabash national,2397,1378.0,1019.0,0.0,1053.0,948.0,328.0,108,29,0.44472256987901543,7276994fe3b691a33351d3624d75910566c16617a432697d5d342172678d794d,0.25510204081632654,2.293408096753355,1008,0.10714285714285714,NONE,0
1015328,WTFC,wintrust financial,2485,1550.0,935.0,0.0,1142.0,1081.0,631.0,175,27,0.38551307847082494,7a760386ea72c5ddae3e4604fdc5f7fa942ad00c5db2a3d8dffc6bcb5912ebdf,0.25146198830409355,2.3772370129406446,1008,0.1736111111111111,NONE,0
1597095,TOUR,tuniu,809,489.0,320.0,0.0,425.0,222.0,272.0,35,15,0.43510506798516685,7276994fe3b691a33351d3624d75910566c16617a432697d5d342172678d794d,0.35294117647058826,1.980246792664956,1008,0.034722222222222224,SINGLE_TOKEN_SEMANTIC_RISK,1
793074,WERN,werner enterprises,2626,1652.0,974.0,0.0,1368.0,923.0,664.0,213,43,0.43412033511043413,b760b1294f1c1c3c7acaf7968447dba9b64ee4ce0b10d6aa81600f9526801e12,0.16470588235294117,2.9669516687242057,1008,0.2113095238095238,NONE,0
1020214,CERS,cerus,1547,1339.0,208.0,0.0,1254.0,237.0,328.0,91,31,0.4783451842275372,1b425b87521ec0ab5e4c02aa6bbf44fa197505a03a1fa7f593d749168cc34d2f,0.19726027397260273,2.4823110993381303,1008,0.09027777777777778,SINGLE_TOKEN_SEMANTIC_RISK,1
314203,MUX,mcewen,1478,825.0,653.0,0.0,858.0,501.0,253.0,68,9,0.15967523680649526,7276994fe3b691a33351d3624d75910566c16617a432697d5d342172678d794d,0.3673469387755102,1.6878495403723122,1008,0.06746031746031746,SINGLE_TOKEN_SEMANTIC_RISK,1
1345016,YELP,YELP,331,0.0,0.0,331.0,72.0,259.0,165.0,81,3,0.42900302114803623,deb56840b9cdc03f6c4ee4d521ae2d441afded63a6b8dfc35db2427b482be521,0.45454545454545453,1.0361987848192837,1008,0.08035714285714286,SINGLE_TOKEN_SEMANTIC_RISK,1
1047127,AMKR,amkor technology,1975,871.0,1104.0,0.0,631.0,1012.0,454.0,124,14,0.28556962025316457,7a760386ea72c5ddae3e4604fdc5f7fa942ad00c5db2a3d8dffc6bcb5912ebdf,0.5238095238095238,1.7697387481560019,1008,0.12301587301587301,NONE,0
1514416,BAND,bandwidth,11258,2392.0,8866.0,0.0,2352.0,3053.0,815.0,397,21,0.022472908154201457,b760b1294f1c1c3c7acaf7968447dba9b64ee4ce0b10d6aa81600f9526801e12,0.21739130434782608,2.7102179792973287,1008,0.39384920634920634,SINGLE_TOKEN_SEMANTIC_RISK,1
36104,USB,us bancorp de,42,16.0,26.0,0.0,0.0,41.0,16.0,2,1,0.023809523809523808,b760b1294f1c1c3c7acaf7968447dba9b64ee4ce0b10d6aa81600f9526801e12,1.0,-0.0,1008,0.001984126984126984,NONE,0
1356576,SUPN,supernus pharmaceuticals,1199,516.0,683.0,0.0,458.0,494.0,406.0,126,17,0.5062552126772311,7276994fe3b691a33351d3624d75910566c16617a432697d5d342172678d794d,0.24022346368715083,2.253401590413661,1008,0.125,NONE,0
1525769,PLAY,dave buster s entertainment,4066,692.0,3374.0,0.0,451.0,2697.0,982.0,217,14,0.3514510575504181,b760b1294f1c1c3c7acaf7968447dba9b64ee4ce0b10d6aa81600f9526801e12,0.2787878787878788,2.014846722359769,1008,0.2152777777777778,NONE,0
1378789,AER,aercap holdings n v,1236,533.0,703.0,0.0,560.0,622.0,211.0,46,11,0.05744336569579288,b760b1294f1c1c3c7acaf7968447dba9b64ee4ce0b10d6aa81600f9526801e12,0.3125,2.0086004657756193,1008,0.04563492063492063,NONE,0
1434524,CLIR,clearsign combustion,323,316.0,7.0,0.0,275.0,44.0,136.0,27,8,0.5015479876160991,7276994fe3b691a33351d3624d75910566c16617a432697d5d342172678d794d,0.6696428571428571,1.1827908861135152,1008,0.026785714285714284,NONE,0
1109345,NVMI,nova measuring instruments,706,455.0,251.0,0.0,369.0,263.0,170.0,44,19,0.4376770538243626,7276994fe3b691a33351d3624d75910566c16617a432697d5d342172678d794d,0.3697478991596639,2.031343739497042,1008,0.04365079365079365,NONE,0
1360604,HR,healthcare trust of america,1259,1072.0,187.0,0.0,930.0,289.0,344.0,96,17,0.005559968228752979,7276994fe3b691a33351d3624d75910566c16617a432697d5d342172678d794d,0.38671875,1.902555055601913,1008,0.09523809523809523,NONE,0
1002047,NTAP,network appliance,149,138.0,11.0,0.0,135.0,6.0,4.0,2,3,0.08053691275167785,8294547e9fe9367f291a22598513d897928d1a0eeb713ca2b41f31977192c5d1,0.4,1.0549201679861442,1008,0.001984126984126984,NONE,0
1261166,NRO,neuberger berman real estate securities income fund,384,357.0,27.0,0.0,286.0,80.0,67.0,44,3,0.2786458333333333,7276994fe3b691a33351d3624d75910566c16617a432697d5d342172678d794d,0.5,0.9580002800887726,1008,0.04365079365079365,NONE,0
1487610,NHS,neuberger berman high yield strategies fund,320,300.0,20.0,0.0,209.0,103.0,45.0,37,2,0.275,7276994fe3b691a33351d3624d75910566c16617a432697d5d342172678d794d,0.6470588235294118,0.649248354870898,1008,0.03670634920634921,NONE,0
1488917,ELMD,electromed,472,351.0,121.0,0.0,310.0,97.0,132.0,33,14,0.4597457627118644,7276994fe3b691a33351d3624d75910566c16617a432697d5d342172678d794d,0.375,2.08567748757928,1008,0.03273809523809524,SINGLE_TOKEN_SEMANTIC_RISK,1
1293613,KYN,kayne anderson mlp investment,853,757.0,96.0,0.0,682.0,171.0,93.0,47,12,0.305978898007034,7276994fe3b691a33351d3624d75910566c16617a432697d5d342172678d794d,0.35714285714285715,1.8329186428362585,1008,0.04662698412698413,NONE,0
1657853,HTZ,HTZ,525,0.0,0.0,525.0,105.0,420.0,211.0,105,4,0.18476190476190477,84625ab1a763851f03bf27f1f4f68b3b7efe198626d098151d461cbb0e262da0,0.37037037037037035,1.2710572857122466,758,0.13852242744063326,SINGLE_TOKEN_SEMANTIC_RISK,1
1396277,CHW,calamos global dynamic income fund,118,107.0,11.0,0.0,39.0,75.0,49.0,37,2,0.7627118644067796,7276994fe3b691a33351d3624d75910566c16617a432697d5d342172678d794d,0.8333333333333334,0.45056120886630463,1008,0.03670634920634921,PUBLISHER_CONCENTRATION_GE_80_PERCENT,1
1590714,ESI,element solutions,692,380.0,312.0,0.0,189.0,402.0,295.0,95,7,0.47832369942196534,7a760386ea72c5ddae3e4604fdc5f7fa942ad00c5db2a3d8dffc6bcb5912ebdf,0.4177215189873418,1.539802749307098,1008,0.09424603174603174,NONE,0
1261654,UTI,universal technical institute,1522,984.0,538.0,0.0,911.0,441.0,289.0,81,22,0.44415243101182655,7276994fe3b691a33351d3624d75910566c16617a432697d5d342172678d794d,0.2757009345794392,2.2751595999599585,1008,0.08035714285714286,NONE,0
1173420,NG,novagold resources,1105,471.0,634.0,0.0,469.0,444.0,319.0,99,16,0.4081447963800905,7276994fe3b691a33351d3624d75910566c16617a432697d5d342172678d794d,0.36129032258064514,2.0518453108923285,1008,0.09821428571428571,NONE,0
1504545,BWG,brandywineglobal global income opportunities fund,33,33.0,0.0,0.0,17.0,16.0,32.0,17,1,0.5757575757575758,7276994fe3b691a33351d3624d75910566c16617a432697d5d342172678d794d,1.0,-0.0,1008,0.016865079365079364,NONE,0
1583107,TBPH,theravance biopharma,1363,888.0,475.0,0.0,809.0,394.0,376.0,127,14,0.5509904622157007,7276994fe3b691a33351d3624d75910566c16617a432697d5d342172678d794d,0.2126984126984127,2.142619570583884,1008,0.1259920634920635,NONE,0
1005210,SPH,suburban propane partners lp,267,65.0,202.0,0.0,83.0,158.0,120.0,37,5,0.4344569288389513,b760b1294f1c1c3c7acaf7968447dba9b64ee4ce0b10d6aa81600f9526801e12,0.6551724137931034,0.9684781869675236,1008,0.03670634920634921,NONE,0
885590,BHC,bausch health companies,1164,134.0,1030.0,0.0,129.0,776.0,446.0,164,1,0.3281786941580756,7276994fe3b691a33351d3624d75910566c16617a432697d5d342172678d794d,1.0,-0.0,1008,0.1626984126984127,PUBLISHER_CONCENTRATION_GE_80_PERCENT,1
1379785,BBDC,barings bdc,308,142.0,166.0,0.0,78.0,161.0,128.0,41,1,0.35064935064935066,b760b1294f1c1c3c7acaf7968447dba9b64ee4ce0b10d6aa81600f9526801e12,1.0,-0.0,1008,0.040674603174603176,PUBLISHER_CONCENTRATION_GE_80_PERCENT,1
1675644,FVCB,fvcbankcorp,134,72.0,62.0,0.0,7.0,126.0,24.0,12,1,0.41044776119402987,7a760386ea72c5ddae3e4604fdc5f7fa942ad00c5db2a3d8dffc6bcb5912ebdf,1.0,-0.0,1008,0.011904761904761904,PUBLISHER_CONCENTRATION_GE_80_PERCENT|SINGLE_TOKEN_SEMANTIC_RISK,2
1517302,APAM,artisan partners asset management,1183,649.0,534.0,0.0,558.0,574.0,416.0,138,10,0.3355874894336433,7276994fe3b691a33351d3624d75910566c16617a432697d5d342172678d794d,0.3393665158371041,1.7276785824533305,1008,0.13690476190476192,NONE,0
842717,BRBS,blue ridge bankshares,46,37.0,9.0,0.0,33.0,9.0,2.0,2,0,0.15217391304347827,,0.0,0.0,1008,0.001984126984126984,NONE,0
1393434,OCUL,i therapeutix,6,6.0,0.0,0.0,6.0,0.0,0.0,0,0,0.0,,0.0,0.0,1008,0.0,NONE,0
1046257,INGR,corn products international,340,282.0,58.0,0.0,282.0,42.0,0.0,0,3,0.0029411764705882353,8294547e9fe9367f291a22598513d897928d1a0eeb713ca2b41f31977192c5d1,0.42857142857142855,1.0042424730540764,1008,0.0,NONE,0
771856,CSBR,champions biotechnology,82,82.0,0.0,0.0,82.0,0.0,0.0,0,0,0.0,,0.0,0.0,1008,0.0,NONE,0
821483,PARR,delta petroleum,354,312.0,42.0,0.0,298.0,48.0,0.0,0,2,0.0,28f090545d1cfccaf1060b00e914562cf4176a4aa80142933db3169b005bab81,0.5,0.6931471805599453,1008,0.0,NONE,0
1039280,NTWK,netsol technologies,1164,1001.0,163.0,0.0,897.0,239.0,151.0,44,17,0.2929553264604811,b760b1294f1c1c3c7acaf7968447dba9b64ee4ce0b10d6aa81600f9526801e12,0.17647058823529413,2.4071470188664197,1008,0.04365079365079365,NONE,0
25743,TXMD,amhn inc,16,16.0,0.0,0.0,16.0,0.0,0.0,0,0,0.0,,0.0,0.0,1008,0.0,NONE,0
1410384,QTWO,q2 holdings inc,347,114.0,233.0,0.0,127.0,99.0,41.0,30,6,0.44668587896253603,54cdaa1af72fd153cc9dc0d244fb43a089e1f19b0524cbb0e47b632c54047c9d,0.3157894736842105,1.6489915882944808,1008,0.02976190476190476,NONE,0
766011,CMCL,caledonia mining,658,477.0,181.0,0.0,471.0,116.0,97.0,29,1,0.05927051671732523,b760b1294f1c1c3c7acaf7968447dba9b64ee4ce0b10d6aa81600f9526801e12,1.0,-0.0,1008,0.028769841269841268,PUBLISHER_CONCENTRATION_GE_80_PERCENT,1
1142417,NXST,nexstar broadcasting,1191,908.0,283.0,0.0,808.0,340.0,44.0,19,25,0.43828715365239296,1b425b87521ec0ab5e4c02aa6bbf44fa197505a03a1fa7f593d749168cc34d2f,0.21808510638297873,2.5667435644355607,1008,0.018849206349206348,NONE,0
806628,DNP,dnp select income fund,372,334.0,38.0,0.0,313.0,36.0,39.0,14,4,0.08602150537634409,7276994fe3b691a33351d3624d75910566c16617a432697d5d342172678d794d,0.6,0.9615971416862611,1008,0.013888888888888888,NONE,0
1137883,BCLI,brainstorm cell therapeutics,647,378.0,269.0,0.0,374.0,132.0,194.0,58,14,0.4327666151468315,7276994fe3b691a33351d3624d75910566c16617a432697d5d342172678d794d,0.28346456692913385,2.1853561954710194,1008,0.057539682539682536,NONE,0
1134115,THM,international tower hill mines,387,251.0,136.0,0.0,296.0,66.0,13.0,6,8,0.2248062015503876,7276994fe3b691a33351d3624d75910566c16617a432697d5d342172678d794d,0.44,1.6546290732651288,1008,0.005952380952380952,NONE,0
1318220,WCN,bfi canada,96,96.0,0.0,0.0,96.0,0.0,0.0,0,0,0.0,,0.0,0.0,1008,0.0,NONE,0
1297341,KFFB,kentucky first federal bancorp,289,276.0,13.0,0.0,0.0,289.0,63.0,30,7,0.4463667820069204,7276994fe3b691a33351d3624d75910566c16617a432697d5d342172678d794d,0.6739130434782609,1.1300407017063272,1008,0.02976190476190476,NONE,0
5513,UNM,unumprovident,32,32.0,0.0,0.0,32.0,0.0,0.0,0,0,0.0,,0.0,0.0,1008,0.0,SINGLE_TOKEN_SEMANTIC_RISK,1
1648257,HCM,hutchison china meditech,293,54.0,239.0,0.0,58.0,118.0,84.0,31,3,0.32764505119453924,b760b1294f1c1c3c7acaf7968447dba9b64ee4ce0b10d6aa81600f9526801e12,0.6666666666666666,0.8486855577264172,1008,0.030753968253968252,NONE,0
890066,GLBZ,glen burnie bancorp,304,303.0,1.0,0.0,0.0,304.0,77.0,32,10,0.5328947368421053,7276994fe3b691a33351d3624d75910566c16617a432697d5d342172678d794d,0.47692307692307695,1.637484628114824,1008,0.031746031746031744,NONE,0
1331284,DHT,dht maritime,80,78.0,2.0,0.0,76.0,2.0,0.0,0,7,0.275,899feb94f03b699155327981274efda4d980eba15273b69e3928a653287f0f0a,0.18181818181818182,1.8937882323911377,1008,0.0,NONE,0
1098151,FDBC,fidelity d d bancorp,235,149.0,86.0,0.0,0.0,235.0,18.0,9,1,0.09787234042553192,1b425b87521ec0ab5e4c02aa6bbf44fa197505a03a1fa7f593d749168cc34d2f,1.0,-0.0,1008,0.008928571428571428,PUBLISHER_CONCENTRATION_GE_80_PERCENT,1
1300391,EOI,eaton vance enhanced equity income fund,524,468.0,56.0,0.0,444.0,73.0,71.0,11,2,0.03435114503816794,7276994fe3b691a33351d3624d75910566c16617a432697d5d342172678d794d,0.9583333333333334,0.1732052067491771,1008,0.010912698412698412,PUBLISHER_CONCENTRATION_GE_80_PERCENT,1
1537054,GOGO,gogo inc,1152,286.0,866.0,0.0,229.0,710.0,243.0,84,11,0.3845486111111111,7a760386ea72c5ddae3e4604fdc5f7fa942ad00c5db2a3d8dffc6bcb5912ebdf,0.20270270270270271,1.9706596165094132,1008,0.08333333333333333,NONE,0
1282850,FCT,first trust four corners senior floating rate income fund ii,84,84.0,0.0,0.0,84.0,0.0,0.0,0,0,0.0,,0.0,0.0,1008,0.0,NONE,0
1260563,NFJ,allianzgi nfj dividend interest premium strategy fund,104,89.0,15.0,0.0,0.0,104.0,30.0,16,3,0.4423076923076923,7276994fe3b691a33351d3624d75910566c16617a432697d5d342172678d794d,0.8,0.639031859650177,1008,0.015873015873015872,PUBLISHER_CONCENTRATION_GE_80_PERCENT,1
1137774,PRH,PRU,106,0.0,0.0,106.0,24.0,82.0,3.0,2,1,0.0,deb56840b9cdc03f6c4ee4d521ae2d441afded63a6b8dfc35db2427b482be521,1.0,-0.0,630,0.0031746031746031746,PUBLISHER_CONCENTRATION_GE_80_PERCENT|SINGLE_TOKEN_SEMANTIC_RISK,2
1801198,LEGN,legend biotech,538,74.0,464.0,0.0,41.0,225.0,136.0,25,0,0.25650557620817843,,0.0,0.0,410,0.06097560975609756,NONE,0
1327688,OOMA,ooma inc,404,34.0,370.0,0.0,14.0,354.0,37.0,18,1,0.2623762376237624,b760b1294f1c1c3c7acaf7968447dba9b64ee4ce0b10d6aa81600f9526801e12,1.0,-0.0,1008,0.017857142857142856,PUBLISHER_CONCENTRATION_GE_80_PERCENT,1
1283699,TMUS,TMUS,760,0.0,0.0,760.0,99.0,661.0,359.0,139,2,0.21578947368421053,84625ab1a763851f03bf27f1f4f68b3b7efe198626d098151d461cbb0e262da0,0.6666666666666666,0.6365141682948128,1008,0.1378968253968254,SINGLE_TOKEN_SEMANTIC_RISK,1
1603454,CELC,celcuity,103,21.0,82.0,0.0,12.0,59.0,22.0,14,2,0.3592233009708738,7a760386ea72c5ddae3e4604fdc5f7fa942ad00c5db2a3d8dffc6bcb5912ebdf,0.6666666666666666,0.6365141682948128,1008,0.013888888888888888,SINGLE_TOKEN_SEMANTIC_RISK,1
1332174,GSG,ishares gsci commodity indexed trust,41,0.0,41.0,0.0,0.0,20.0,0.0,0,0,0.24390243902439024,,0.0,0.0,1008,0.0,NONE,0
884624,OFIX,orthofix medical,342,65.0,277.0,0.0,52.0,276.0,92.0,36,7,0.45321637426900585,08f472aed74b038b1cd05a1e3cd5afd5b1a5ccd3c9ab2b14bf706239f26376a8,0.35,1.7339835697484476,1008,0.03571428571428571,NONE,0
1361538,PRIM,rhapsody acquisition,24,20.0,4.0,0.0,20.0,4.0,0.0,0,0,0.041666666666666664,,0.0,0.0,1008,0.0,NONE,0
1469395,PAM,PAM,160,0.0,0.0,160.0,4.0,156.0,39.0,12,0,0.11875,,0.0,0.0,1008,0.011904761904761904,SINGLE_TOKEN_SEMANTIC_RISK,1
1359931,TARA,protara therapeutics,109,14.0,95.0,0.0,1.0,94.0,91.0,10,1,0.1743119266055046,b760b1294f1c1c3c7acaf7968447dba9b64ee4ce0b10d6aa81600f9526801e12,1.0,-0.0,1008,0.00992063492063492,PUBLISHER_CONCENTRATION_GE_80_PERCENT,1
1504461,NGL,NGL,123,0.0,0.0,123.0,33.0,90.0,44.0,25,0,0.3333333333333333,,0.0,0.0,1008,0.0248015873015873,SINGLE_TOKEN_SEMANTIC_RISK,1
886128,FCEL,FCEL,81,0.0,0.0,81.0,32.0,49.0,17.0,8,3,0.3950617283950617,deb56840b9cdc03f6c4ee4d521ae2d441afded63a6b8dfc35db2427b482be521,0.7857142857142857,0.6559757323365467,1008,0.007936507936507936,SINGLE_TOKEN_SEMANTIC_RISK,1
1649904,RYTM,RYTM,3,0.0,0.0,3.0,0.0,3.0,0.0,0,0,0.0,,0.0,0.0,1008,0.0,SINGLE_TOKEN_SEMANTIC_RISK,1
1420720,IBIO,IBIO,28,0.0,0.0,28.0,7.0,21.0,26.0,15,1,0.07142857142857142,84625ab1a763851f03bf27f1f4f68b3b7efe198626d098151d461cbb0e262da0,1.0,-0.0,1008,0.01488095238095238,SINGLE_TOKEN_SEMANTIC_RISK,1
1564708,NWS,NWSA,18,0.0,0.0,18.0,3.0,15.0,9.0,9,1,0.0,deb56840b9cdc03f6c4ee4d521ae2d441afded63a6b8dfc35db2427b482be521,1.0,-0.0,1008,0.008928571428571428,SINGLE_TOKEN_SEMANTIC_RISK,1
1109345,NVMI,nova ltd,184,40.0,144.0,0.0,9.0,114.0,7.0,7,0,0.5652173913043478,,0.0,0.0,1008,0.006944444444444444,NONE,0
1308547,DLB,DLB,36,0.0,0.0,36.0,26.0,10.0,9.0,7,2,0.8055555555555556,deb56840b9cdc03f6c4ee4d521ae2d441afded63a6b8dfc35db2427b482be521,0.9090909090909091,0.30463609734923813,1008,0.006944444444444444,SINGLE_TOKEN_SEMANTIC_RISK,1
784977,POR,POR,81,0.0,0.0,81.0,2.0,79.0,42.0,27,0,0.6172839506172839,,0.0,0.0,1008,0.026785714285714284,SINGLE_TOKEN_SEMANTIC_RISK,1
312070,VXZ,VXX,62,0.0,0.0,62.0,35.0,27.0,0.0,0,2,0.0,d24cd46da47f5679446106138ee95d4b354e5df7306abdd987c7d2c8f61b776a,0.8888888888888888,0.34883209584303193,1008,0.0,SINGLE_TOKEN_SEMANTIC_RISK,1
901832,AZN,AZN,50,0.0,0.0,50.0,40.0,10.0,8.0,4,3,0.36,1b425b87521ec0ab5e4c02aa6bbf44fa197505a03a1fa7f593d749168cc34d2f,0.5909090909090909,0.8192299997020129,1008,0.003968253968253968,SINGLE_TOKEN_SEMANTIC_RISK,1
1174164,FFC,flaherty crumrine preferred securities income fund,69,23.0,46.0,0.0,13.0,29.0,11.0,4,1,0.5217391304347826,7276994fe3b691a33351d3624d75910566c16617a432697d5d342172678d794d,1.0,-0.0,1008,0.003968253968253968,NONE,0
1321741,GAIN,GAIN,69,0.0,0.0,69.0,2.0,67.0,47.0,23,0,0.36231884057971014,,0.0,0.0,1008,0.022817460317460316,SINGLE_TOKEN_SEMANTIC_RISK,1
1498612,PSF,PSF,8,0.0,0.0,8.0,0.0,8.0,8.0,2,0,0.0,,0.0,0.0,1008,0.001984126984126984,SINGLE_TOKEN_SEMANTIC_RISK,1
1527166,CG,CG,11,0.0,0.0,11.0,7.0,4.0,0.0,0,1,0.8181818181818182,deb56840b9cdc03f6c4ee4d521ae2d441afded63a6b8dfc35db2427b482be521,1.0,-0.0,1008,0.0,SINGLE_TOKEN_SEMANTIC_RISK,1
1137887,NZF,nuveen municipal credit income fund,108,46.0,62.0,0.0,41.0,44.0,46.0,35,1,0.4537037037037037,7276994fe3b691a33351d3624d75910566c16617a432697d5d342172678d794d,1.0,-0.0,1008,0.034722222222222224,PUBLISHER_CONCENTRATION_GE_80_PERCENT,1
1332174,GSG,GSG,1,0.0,0.0,1.0,1.0,0.0,0.0,0,0,1.0,,0.0,0.0,1008,0.0,SINGLE_TOKEN_SEMANTIC_RISK,1
1637459,KHC,KHC,15,0.0,0.0,15.0,2.0,13.0,8.0,3,1,0.2,1b425b87521ec0ab5e4c02aa6bbf44fa197505a03a1fa7f593d749168cc34d2f,1.0,-0.0,1008,0.002976190476190476,SINGLE_TOKEN_SEMANTIC_RISK,1
1433270,AR,AR,45,0.0,0.0,45.0,42.0,3.0,3.0,1,1,0.9555555555555556,deb56840b9cdc03f6c4ee4d521ae2d441afded63a6b8dfc35db2427b482be521,1.0,-0.0,1008,0.000992063492063492,SINGLE_TOKEN_SEMANTIC_RISK,1
1552797,DKL,DKL,73,0.0,0.0,73.0,20.0,53.0,23.0,13,0,0.4657534246575342,,0.0,0.0,1008,0.012896825396825396,SINGLE_TOKEN_SEMANTIC_RISK,1
909832,COST,price costco,70,0.0,70.0,0.0,5.0,31.0,16.0,8,0,0.4714285714285714,,0.0,0.0,1008,0.007936507936507936,NONE,0
1711375,LOMA,LOMA,13,0.0,0.0,13.0,4.0,9.0,10.0,5,0,0.0,,0.0,0.0,1008,0.00496031746031746,SINGLE_TOKEN_SEMANTIC_RISK,1
1178839,NBH,neuberger berman municipal fund,36,24.0,12.0,0.0,4.0,32.0,31.0,24,0,0.7222222222222222,,0.0,0.0,1008,0.023809523809523808,NONE,0
890541,BLX,foreign trade bank of latin america,32,0.0,32.0,0.0,1.0,23.0,0.0,0,0,0.1875,,0.0,0.0,1008,0.0,NONE,0
7431,AWI,AWI,2,0.0,0.0,2.0,0.0,2.0,2.0,1,0,0.0,,0.0,0.0,1008,0.000992063492063492,SINGLE_TOKEN_SEMANTIC_RISK,1
1074902,LCNB,LCNB,3,0.0,0.0,3.0,0.0,3.0,0.0,0,0,0.0,,0.0,0.0,1008,0.0,SINGLE_TOKEN_SEMANTIC_RISK,1
1410384,QTWO,QTWO,65,0.0,0.0,65.0,28.0,37.0,47.0,28,0,0.6461538461538462,,0.0,0.0,1008,0.027777777777777776,SINGLE_TOKEN_SEMANTIC_RISK,1
879169,INCY,INCY,149,0.0,0.0,149.0,126.0,23.0,10.0,2,5,0.9395973154362416,deb56840b9cdc03f6c4ee4d521ae2d441afded63a6b8dfc35db2427b482be521,0.8082191780821918,0.7364638652988263,1008,0.001984126984126984,PUBLISHER_CONCENTRATION_GE_80_PERCENT|SINGLE_TOKEN_SEMANTIC_RISK,2
14930,BC,BC,5,0.0,0.0,5.0,4.0,1.0,4.0,1,1,0.6,babc52a4295806f4e989a4dcdcfca96e8a4054b58bcbd9cab57492d157f49442,1.0,-0.0,1008,0.000992063492063492,SINGLE_TOKEN_SEMANTIC_RISK,1
1528437,BTT,blackrock municipal target term trust,103,102.0,1.0,0.0,87.0,16.0,28.0,22,1,0.7087378640776699,7276994fe3b691a33351d3624d75910566c16617a432697d5d342172678d794d,1.0,-0.0,1008,0.021825396825396824,PUBLISHER_CONCENTRATION_GE_80_PERCENT,1
1380936,GOF,claymore guggenheim strategic opportunities fund,2,2.0,0.0,0.0,2.0,0.0,0.0,0,0,0.0,,0.0,0.0,1008,0.0,NONE,0
1327567,PANW,PANW,187,0.0,0.0,187.0,161.0,26.0,17.0,7,2,0.7807486631016043,deb56840b9cdc03f6c4ee4d521ae2d441afded63a6b8dfc35db2427b482be521,0.759493670886076,0.5516628608532441,1008,0.006944444444444444,SINGLE_TOKEN_SEMANTIC_RISK,1
866787,AZO,AZO,44,0.0,0.0,44.0,44.0,0.0,0.0,0,1,1.0,deb56840b9cdc03f6c4ee4d521ae2d441afded63a6b8dfc35db2427b482be521,1.0,-0.0,1008,0.0,SINGLE_TOKEN_SEMANTIC_RISK,1
1401914,DARE,tempo pharmaceuticals,4,4.0,0.0,0.0,4.0,0.0,0.0,0,0,0.0,,0.0,0.0,1008,0.0,NONE,0
1033767,UMC,UMC,23,0.0,0.0,23.0,2.0,21.0,12.0,6,1,0.391304347826087,08f472aed74b038b1cd05a1e3cd5afd5b1a5ccd3c9ab2b14bf706239f26376a8,1.0,-0.0,1008,0.005952380952380952,SINGLE_TOKEN_SEMANTIC_RISK,1
929008,WCC,WCC,4,0.0,0.0,4.0,0.0,4.0,0.0,0,0,0.25,,0.0,0.0,1008,0.0,SINGLE_TOKEN_SEMANTIC_RISK,1
1522727,USAC,USAC,25,0.0,0.0,25.0,10.0,15.0,15.0,11,0,0.44,,0.0,0.0,1008,0.010912698412698412,SINGLE_TOKEN_SEMANTIC_RISK,1
1093557,DXCM,DXCM,2,0.0,0.0,2.0,2.0,0.0,2.0,1,0,0.5,,0.0,0.0,1008,0.000992063492063492,SINGLE_TOKEN_SEMANTIC_RISK,1
1063259,DNN,international uranium,17,6.0,11.0,0.0,6.0,10.0,0.0,0,0,0.0,,0.0,0.0,1008,0.0,NONE,0
65312,EVI,EVI,4,0.0,0.0,4.0,2.0,2.0,0.0,0,1,1.0,1b425b87521ec0ab5e4c02aa6bbf44fa197505a03a1fa7f593d749168cc34d2f,1.0,-0.0,1008,0.0,SINGLE_TOKEN_SEMANTIC_RISK,1
860489,CEE,central europe russia fund,2,2.0,0.0,0.0,2.0,0.0,2.0,1,1,1.0,7276994fe3b691a33351d3624d75910566c16617a432697d5d342172678d794d,1.0,-0.0,1008,0.000992063492063492,NONE,0
738214,AMTX,ae biofuels,46,46.0,0.0,0.0,40.0,6.0,0.0,0,0,0.0,,0.0,0.0,1008,0.0,NONE,0
1375877,CSIQ,CSIQ,109,0.0,0.0,109.0,100.0,9.0,0.0,0,2,0.944954128440367,deb56840b9cdc03f6c4ee4d521ae2d441afded63a6b8dfc35db2427b482be521,0.98,0.098039113279732,1008,0.0,PUBLISHER_CONCENTRATION_GE_80_PERCENT|SINGLE_TOKEN_SEMANTIC_RISK,2
898293,JBL,JBL,3,0.0,0.0,3.0,3.0,0.0,0.0,0,1,0.6666666666666666,84625ab1a763851f03bf27f1f4f68b3b7efe198626d098151d461cbb0e262da0,1.0,-0.0,1008,0.0,SINGLE_TOKEN_SEMANTIC_RISK,1
1548717,LDP,LDP,3,0.0,0.0,3.0,0.0,3.0,3.0,1,0,0.3333333333333333,,0.0,0.0,1008,0.000992063492063492,SINGLE_TOKEN_SEMANTIC_RISK,1
1528437,BTT,blackrock municipal 2030 target term trust,10,2.0,8.0,0.0,5.0,4.0,3.0,1,0,0.3,,0.0,0.0,1008,0.000992063492063492,NONE,0
1123360,GPN,GPN,8,0.0,0.0,8.0,8.0,0.0,0.0,0,1,1.0,deb56840b9cdc03f6c4ee4d521ae2d441afded63a6b8dfc35db2427b482be521,1.0,-0.0,1008,0.0,SINGLE_TOKEN_SEMANTIC_RISK,1
1420520,ATOM,mears technologies,6,6.0,0.0,0.0,6.0,0.0,0.0,0,0,0.0,,0.0,0.0,1008,0.0,NONE,0
842633,TRS,TRS,2,0.0,0.0,2.0,0.0,2.0,0.0,0,0,0.0,,0.0,0.0,1008,0.0,SINGLE_TOKEN_SEMANTIC_RISK,1
1159508,DZZ,DGP,4,0.0,0.0,4.0,0.0,4.0,0.0,0,0,0.25,,0.0,0.0,1008,0.0,SINGLE_TOKEN_SEMANTIC_RISK,1
885462,GURE,GURE,4,0.0,0.0,4.0,2.0,2.0,0.0,0,1,0.75,84625ab1a763851f03bf27f1f4f68b3b7efe198626d098151d461cbb0e262da0,1.0,-0.0,1008,0.0,SINGLE_TOKEN_SEMANTIC_RISK,1
1366868,GSAT,GSAT,4,0.0,0.0,4.0,4.0,0.0,0.0,0,2,1.0,1b425b87521ec0ab5e4c02aa6bbf44fa197505a03a1fa7f593d749168cc34d2f,0.5,0.6931471805599453,1008,0.0,SINGLE_TOKEN_SEMANTIC_RISK,1
812011,MTN,MTN,22,0.0,0.0,22.0,22.0,0.0,0.0,0,1,1.0,deb56840b9cdc03f6c4ee4d521ae2d441afded63a6b8dfc35db2427b482be521,1.0,-0.0,1008,0.0,SINGLE_TOKEN_SEMANTIC_RISK,1
818851,NCA,nuveen california municipal value fund,53,53.0,0.0,0.0,22.0,31.0,22.0,7,1,0.7358490566037735,7276994fe3b691a33351d3624d75910566c16617a432697d5d342172678d794d,1.0,-0.0,1008,0.006944444444444444,NONE,0
928876,TSEM,TSEM,2,0.0,0.0,2.0,2.0,0.0,0.0,0,1,1.0,84625ab1a763851f03bf27f1f4f68b3b7efe198626d098151d461cbb0e262da0,1.0,-0.0,1008,0.0,SINGLE_TOKEN_SEMANTIC_RISK,1
43920,GEF,GEF,4,0.0,0.0,4.0,4.0,0.0,0.0,0,1,1.0,1b425b87521ec0ab5e4c02aa6bbf44fa197505a03a1fa7f593d749168cc34d2f,1.0,-0.0,1008,0.0,SINGLE_TOKEN_SEMANTIC_RISK,1
1554697,GHY,pgim global short duration high yield fund,5,4.0,1.0,0.0,4.0,0.0,4.0,2,2,1.0,08f472aed74b038b1cd05a1e3cd5afd5b1a5ccd3c9ab2b14bf706239f26376a8,0.5,0.6931471805599453,1008,0.001984126984126984,NONE,0
916540,DAR,DAR,6,0.0,0.0,6.0,2.0,4.0,0.0,0,1,0.3333333333333333,84625ab1a763851f03bf27f1f4f68b3b7efe198626d098151d461cbb0e262da0,1.0,-0.0,1008,0.0,SINGLE_TOKEN_SEMANTIC_RISK,1
910631,KOF,coca cola femsa sa de cv,2,2.0,0.0,0.0,2.0,0.0,0.0,0,0,0.0,,0.0,0.0,1008,0.0,NONE,0
923796,GEO,wackenhut corrections,1,0.0,1.0,0.0,1.0,0.0,1.0,1,0,1.0,,0.0,0.0,1008,0.000992063492063492,NONE,0
1383082,DBA,DBA,5,0.0,0.0,5.0,2.0,3.0,0.0,0,1,0.8,613022f737b276085620fb2f47764aeb33df8ababd1d0e03b28c0f67d49b86f4,1.0,-0.0,1008,0.0,SINGLE_TOKEN_SEMANTIC_RISK,1
891103,MTCH,MTCH,2,0.0,0.0,2.0,0.0,2.0,2.0,1,0,0.0,,0.0,0.0,1008,0.000992063492063492,SINGLE_TOKEN_SEMANTIC_RISK,1
1211805,MYSZ,topspin medical,2,2.0,0.0,0.0,2.0,0.0,0.0,0,0,0.0,,0.0,0.0,1008,0.0,NONE,0
1077183,NEO,NEO,1,0.0,0.0,1.0,0.0,1.0,1.0,1,0,0.0,,0.0,0.0,1008,0.000992063492063492,SINGLE_TOKEN_SEMANTIC_RISK,1
43196,GTN-A,gray media,2,2.0,0.0,0.0,2.0,0.0,0.0,0,0,0.0,,0.0,0.0,1008,0.0,NONE,0
897448,AMRN,amarin pharmaceuticals,1,0.0,1.0,0.0,0.0,0.0,0.0,0,0,0.0,,0.0,0.0,1008,0.0,NONE,0
900391,NTZ,NTZ,2,0.0,0.0,2.0,2.0,0.0,1.0,1,0,1.0,,0.0,0.0,1008,0.000992063492063492,SINGLE_TOKEN_SEMANTIC_RISK,1
1120193,NDAQ,nasdaq,2576470,103387.0,2473083.0,0.0,405855.0,909785.0,255784.0,1460,169,0.0017865529193043196,6752e69d6ebc246e5369e53b5493b1c51f51433551b895d3c67b2e427520e39e,0.14006944784075903,3.09812624593032,1008,1.0,DUAL_ROLE_EXCHANGE_COMPANY_SENTINEL|EDGE_COUNT_TOP_1_PERCENT|EXCHANGE_OR_VENUE_NAME|IMPLAUSIBLY_HIGH_TRAINING_DAY_COVERAGE|SINGLE_TOKEN_SEMANTIC_RISK,5
1579157,VNCE,apparel,74045,16436.0,57609.0,0.0,16736.0,32612.0,11527.0,1202,101,0.000553717334053616,7276994fe3b691a33351d3624d75910566c16617a432697d5d342172678d794d,0.22397929844738354,2.9439570073039953,1008,1.0,EDGE_COUNT_TOP_1_PERCENT|IMPLAUSIBLY_HIGH_TRAINING_DAY_COVERAGE|SINGLE_TOKEN_SEMANTIC_RISK,3
1490281,GRPN,groupon,14246,10105.0,4141.0,0.0,8327.0,4306.0,1382.0,308,124,0.3811596237540362,1b425b87521ec0ab5e4c02aa6bbf44fa197505a03a1fa7f593d749168cc34d2f,0.12001375515818431,3.535729257207494,1008,0.3055555555555556,SINGLE_TOKEN_SEMANTIC_RISK,1
1077183,NEO,neogenomics,1328,929.0,399.0,0.0,865.0,375.0,517.0,101,17,0.3313253012048193,7276994fe3b691a33351d3624d75910566c16617a432697d5d342172678d794d,0.2892857142857143,2.179246219018507,1008,0.1001984126984127,SINGLE_TOKEN_SEMANTIC_RISK,1
1590714,ESI,platform specialty products,1482,1337.0,145.0,0.0,1313.0,143.0,206.0,63,14,0.012145748987854251,7276994fe3b691a33351d3624d75910566c16617a432697d5d342172678d794d,0.39215686274509803,1.8315544260933536,1008,0.0625,NONE,0
1295401,TBBK,bancorp,123851,85261.0,38590.0,0.0,60755.0,52284.0,22549.0,1192,107,0.0038594763062066518,7276994fe3b691a33351d3624d75910566c16617a432697d5d342172678d794d,0.27452854230377166,2.4738580039012965,1008,1.0,EDGE_COUNT_TOP_1_PERCENT|IMPLAUSIBLY_HIGH_TRAINING_DAY_COVERAGE|SINGLE_TOKEN_SEMANTIC_RISK,3
1521404,BGH,babson capital global short duration high yield fund,160,160.0,0.0,0.0,137.0,23.0,0.0,0,2,0.35625,7276994fe3b691a33351d3624d75910566c16617a432697d5d342172678d794d,0.9375,0.2337916587064593,1008,0.0,PUBLISHER_CONCENTRATION_GE_80_PERCENT,1
1064728,BTU,peabody energy,7332,3899.0,3433.0,0.0,3281.0,2882.0,956.0,226,52,0.3487452264048009,7276994fe3b691a33351d3624d75910566c16617a432697d5d342172678d794d,0.2840909090909091,2.759570033291444,1008,0.22420634920634921,NONE,0
1737927,CGC,canopy growth,10562,2432.0,8130.0,0.0,1829.0,5103.0,5508.0,972,31,0.3107366029161144,7276994fe3b691a33351d3624d75910566c16617a432697d5d342172678d794d,0.25517241379310346,2.533498728174197,1008,0.9642857142857143,IMPLAUSIBLY_HIGH_TRAINING_DAY_COVERAGE,1
1329099,BIDU,baidu,24287,10027.0,14260.0,0.0,6974.0,10854.0,4433.0,802,107,0.2673034956972866,6752e69d6ebc246e5369e53b5493b1c51f51433551b895d3c67b2e427520e39e,0.16408450704225352,3.014749563487455,1008,0.7956349206349206,SINGLE_TOKEN_SEMANTIC_RISK,1
1509646,FENG,phoenix new media,1128,675.0,453.0,0.0,650.0,219.0,219.0,56,24,0.42109929078014185,7276994fe3b691a33351d3624d75910566c16617a432697d5d342172678d794d,0.31627906976744186,2.3609730217563496,1008,0.05555555555555555,NONE,0
1156375,CME,cme group inc,7126,754.0,6372.0,0.0,1286.0,3144.0,735.0,195,22,0.16222284591636263,b760b1294f1c1c3c7acaf7968447dba9b64ee4ce0b10d6aa81600f9526801e12,0.6256410256410256,1.6419807836645601,1008,0.19345238095238096,NONE,0
899051,ALL,allstate,10899,6614.0,4285.0,0.0,5359.0,4058.0,1970.0,417,57,0.25828057619965133,7a760386ea72c5ddae3e4604fdc5f7fa942ad00c5db2a3d8dffc6bcb5912ebdf,0.36633663366336633,2.468039963274306,1008,0.41369047619047616,SINGLE_TOKEN_SEMANTIC_RISK,1
1037540,BXP,boston properties,5157,2774.0,2383.0,0.0,2094.0,2210.0,922.0,262,40,0.35912352142718634,7a760386ea72c5ddae3e4604fdc5f7fa942ad00c5db2a3d8dffc6bcb5912ebdf,0.3285917496443812,2.5373099006706816,1008,0.25992063492063494,NONE,0
1389050,AROC,exterran,1362,1012.0,350.0,0.0,910.0,360.0,88.0,21,20,0.0,7a760386ea72c5ddae3e4604fdc5f7fa942ad00c5db2a3d8dffc6bcb5912ebdf,0.2781456953642384,2.4259571503330633,1008,0.020833333333333332,SINGLE_TOKEN_SEMANTIC_RISK,1
1579241,ALLE,allegion,3307,1957.0,1350.0,0.0,1334.0,1540.0,850.0,221,21,0.4315089204717266,7a760386ea72c5ddae3e4604fdc5f7fa942ad00c5db2a3d8dffc6bcb5912ebdf,0.3458646616541353,2.1006995383956806,1008,0.21924603174603174,SINGLE_TOKEN_SEMANTIC_RISK,1
1517022,AKBA,akebia therapeutics,939,412.0,527.0,0.0,301.0,509.0,467.0,90,15,0.31629392971246006,b760b1294f1c1c3c7acaf7968447dba9b64ee4ce0b10d6aa81600f9526801e12,0.23684210526315788,2.2522823571407025,1008,0.08928571428571429,NONE,0
920148,LH,labcorp,3560,2606.0,954.0,0.0,2155.0,962.0,731.0,156,30,0.22808988764044943,7a760386ea72c5ddae3e4604fdc5f7fa942ad00c5db2a3d8dffc6bcb5912ebdf,0.5131396957123098,1.9573735247258663,1008,0.15476190476190477,SINGLE_TOKEN_SEMANTIC_RISK,1
1121788,GRMN,garmin,8710,5706.0,3004.0,0.0,4402.0,2969.0,1710.0,360,85,0.35717566016073476,7a760386ea72c5ddae3e4604fdc5f7fa942ad00c5db2a3d8dffc6bcb5912ebdf,0.25039123630672927,2.9829655500769334,1008,0.35714285714285715,SINGLE_TOKEN_SEMANTIC_RISK,1
1133416,GALT,galectin therapeutics,1140,955.0,185.0,0.0,923.0,162.0,218.0,70,24,0.5035087719298246,1b425b87521ec0ab5e4c02aa6bbf44fa197505a03a1fa7f593d749168cc34d2f,0.2545454545454545,2.33180486187274,1008,0.06944444444444445,NONE,0
1084554,LTBR,lightbridge,792,673.0,119.0,0.0,630.0,134.0,317.0,72,14,0.3851010101010101,7276994fe3b691a33351d3624d75910566c16617a432697d5d342172678d794d,0.33152173913043476,1.8545921525335276,1008,0.07142857142857142,SINGLE_TOKEN_SEMANTIC_RISK,1
1428439,ROKU,roku inc,4076,250.0,3826.0,0.0,190.0,2296.0,981.0,258,2,0.22620215897939155,b760b1294f1c1c3c7acaf7968447dba9b64ee4ce0b10d6aa81600f9526801e12,0.9583333333333334,0.1732052067491771,1008,0.25595238095238093,PUBLISHER_CONCENTRATION_GE_80_PERCENT,1
1705696,VICI,vici properties,2511,455.0,2056.0,0.0,260.0,1487.0,648.0,205,6,0.2516925527678216,b760b1294f1c1c3c7acaf7968447dba9b64ee4ce0b10d6aa81600f9526801e12,0.7837837837837838,0.8380710378168125,1008,0.20337301587301587,NONE,0
1423689,AGNCN,agnc investment,5081,2814.0,2267.0,0.0,1935.0,3146.0,2685.0,449,13,0.000393623302499508,7276994fe3b691a33351d3624d75910566c16617a432697d5d342172678d794d,0.7798941798941799,0.8986443561316108,1008,0.44543650793650796,NONE,0
1006655,EPM,evolution petroleum,2316,1000.0,1316.0,0.0,766.0,738.0,251.0,80,18,0.32599309153713296,7276994fe3b691a33351d3624d75910566c16617a432697d5d342172678d794d,0.41830065359477125,2.040552699400011,1008,0.07936507936507936,NONE,0
902791,BBSI,barrett business services,1696,870.0,826.0,0.0,466.0,911.0,235.0,89,15,0.31839622641509435,7a760386ea72c5ddae3e4604fdc5f7fa942ad00c5db2a3d8dffc6bcb5912ebdf,0.4090909090909091,1.9219963567397234,1008,0.0882936507936508,NONE,0
1258602,NNI,nelnet,1489,1291.0,198.0,0.0,1194.0,217.0,176.0,66,24,0.25050369375419745,7276994fe3b691a33351d3624d75910566c16617a432697d5d342172678d794d,0.21212121212121213,2.4329492245455215,1008,0.06547619047619048,SINGLE_TOKEN_SEMANTIC_RISK,1
1224608,CNO,cno financial group inc,2087,339.0,1748.0,0.0,301.0,1417.0,232.0,109,12,0.36942980354575944,7276994fe3b691a33351d3624d75910566c16617a432697d5d342172678d794d,0.36585365853658536,1.9914481694162545,1008,0.10813492063492064,NONE,0
1511337,RLJ,rlj lodging trust,1242,820.0,422.0,0.0,662.0,434.0,256.0,105,19,0.4557165861513688,7276994fe3b691a33351d3624d75910566c16617a432697d5d342172678d794d,0.3036649214659686,2.2562476465043857,1008,0.10416666666666667,NONE,0
1591670,FPI,farmland partners,916,689.0,227.0,0.0,592.0,282.0,355.0,105,11,0.5578602620087336,7276994fe3b691a33351d3624d75910566c16617a432697d5d342172678d794d,0.6327433628318584,1.3891607075847203,1008,0.10416666666666667,NONE,0
1577670,LADR,ladder capital,1160,729.0,431.0,0.0,618.0,469.0,565.0,131,14,0.3767241379310345,7276994fe3b691a33351d3624d75910566c16617a432697d5d342172678d794d,0.48363636363636364,1.7650081438553136,1008,0.12996031746031747,NONE,0
1423689,AGNCN,american capital agency,2214,1384.0,830.0,0.0,1202.0,844.0,15.0,10,33,0.0,7276994fe3b691a33351d3624d75910566c16617a432697d5d342172678d794d,0.3844086021505376,2.29125973237085,1008,0.00992063492063492,NONE,0
1325702,MX,magnachip semiconductor,923,560.0,363.0,0.0,488.0,346.0,265.0,68,18,0.47562296858071507,7a760386ea72c5ddae3e4604fdc5f7fa942ad00c5db2a3d8dffc6bcb5912ebdf,0.23178807947019867,2.2156463642201256,1008,0.06746031746031746,NONE,0
910631,KOF,coca cola femsa sab de cv,37,29.0,8.0,0.0,15.0,21.0,28.0,7,3,0.40540540540540543,b760b1294f1c1c3c7acaf7968447dba9b64ee4ce0b10d6aa81600f9526801e12,0.6428571428571429,0.8304717124362917,1008,0.006944444444444444,NONE,0
733099,RCI,rogers communications,3159,1534.0,1625.0,0.0,7.0,2670.0,544.0,137,24,0.18138651471984804,7a760386ea72c5ddae3e4604fdc5f7fa942ad00c5db2a3d8dffc6bcb5912ebdf,0.36363636363636365,2.06747400591802,1008,0.1359126984126984,NONE,0
1510593,XNET,xunlei,1156,570.0,586.0,0.0,469.0,460.0,458.0,87,11,0.4083044982698962,7276994fe3b691a33351d3624d75910566c16617a432697d5d342172678d794d,0.4632768361581921,1.598328406989453,1008,0.08630952380952381,SINGLE_TOKEN_SEMANTIC_RISK,1
702165,NSC,norfolk southern,9898,6119.0,3779.0,0.0,4486.0,3922.0,2136.0,417,71,0.35027278238027887,7a760386ea72c5ddae3e4604fdc5f7fa942ad00c5db2a3d8dffc6bcb5912ebdf,0.20072992700729927,2.8472574778166204,1008,0.41369047619047616,NONE,0
831641,TTEK,tetra tech,3763,2759.0,1004.0,0.0,2252.0,1075.0,863.0,210,28,0.4225352112676056,7a760386ea72c5ddae3e4604fdc5f7fa942ad00c5db2a3d8dffc6bcb5912ebdf,0.3907894736842105,2.0711055900303013,1008,0.20833333333333334,NONE,0
885550,CACC,credit acceptance,1919,778.0,1141.0,0.0,701.0,959.0,560.0,141,9,0.23606044815007818,7a760386ea72c5ddae3e4604fdc5f7fa942ad00c5db2a3d8dffc6bcb5912ebdf,0.3,1.8233304351423711,1008,0.13988095238095238,NONE,0
1514705,SXC,suncoke energy,2868,1593.0,1275.0,0.0,1336.0,967.0,607.0,129,34,0.3678521617852162,7276994fe3b691a33351d3624d75910566c16617a432697d5d342172678d794d,0.3548387096774194,2.3165366787518975,1008,0.12797619047619047,NONE,0
876343,LCTX,biotime,1309,1238.0,71.0,0.0,1166.0,126.0,240.0,64,22,0.0,7276994fe3b691a33351d3624d75910566c16617a432697d5d342172678d794d,0.2920634920634921,2.248285343681752,1008,0.06349206349206349,SINGLE_TOKEN_SEMANTIC_RISK,1
1447028,ABUS,tekmira pharmaceuticals,399,317.0,82.0,0.0,295.0,84.0,0.0,0,24,0.0,a6726d391d7987cc2e233f20a62e3d7981623e84379970d69843553383b07802,0.10256410256410256,2.903536538104409,1008,0.0,NONE,0
1024478,ROK,rockwell automation,5864,3631.0,2233.0,0.0,2814.0,1891.0,1438.0,321,40,0.3639154160982265,7a760386ea72c5ddae3e4604fdc5f7fa942ad00c5db2a3d8dffc6bcb5912ebdf,0.2824175824175824,2.482325803419142,1008,0.31845238095238093,NONE,0
1636222,WING,wingstop,3837,1216.0,2621.0,0.0,589.0,2321.0,574.0,161,16,0.21892103205629398,6752e69d6ebc246e5369e53b5493b1c51f51433551b895d3c67b2e427520e39e,0.36875,1.923948278812783,1008,0.1597222222222222,SINGLE_TOKEN_SEMANTIC_RISK,1
1623925,AM,antero midstream,2572,1222.0,1350.0,0.0,950.0,1108.0,838.0,220,19,0.40279937791601866,7276994fe3b691a33351d3624d75910566c16617a432697d5d342172678d794d,0.2541966426858513,2.172326221009061,1008,0.21825396825396826,NONE,0
1414932,OCSL,fifth street finance,1571,1377.0,194.0,0.0,1316.0,217.0,0.0,0,24,0.0,7276994fe3b691a33351d3624d75910566c16617a432697d5d342172678d794d,0.3805970149253731,2.1039986730783977,1008,0.0,NONE,0
1095565,HSTM,healthstream,1133,889.0,244.0,0.0,806.0,257.0,178.0,59,22,0.46866725507502205,1b425b87521ec0ab5e4c02aa6bbf44fa197505a03a1fa7f593d749168cc34d2f,0.21666666666666667,2.319391085079051,1008,0.05853174603174603,SINGLE_TOKEN_SEMANTIC_RISK,1
1069157,EWBC,east west bancorp,2702,1674.0,1028.0,0.0,0.0,2103.0,547.0,154,36,0.43375277572168763,7a760386ea72c5ddae3e4604fdc5f7fa942ad00c5db2a3d8dffc6bcb5912ebdf,0.24644549763033174,2.555461448646993,1008,0.1527777777777778,NONE,0
1492691,KNX,swift,22164,6198.0,15966.0,0.0,6921.0,4795.0,1878.0,578,68,0.016468146543945135,7276994fe3b691a33351d3624d75910566c16617a432697d5d342172678d794d,0.1563467492260062,3.2075519226303126,1008,0.5734126984126984,SINGLE_TOKEN_SEMANTIC_RISK,1
1043961,PRPO,transgenomic,651,624.0,27.0,0.0,596.0,52.0,0.0,0,8,0.0,7276994fe3b691a33351d3624d75910566c16617a432697d5d342172678d794d,0.34285714285714286,1.607028461248777,1008,0.0,SINGLE_TOKEN_SEMANTIC_RISK,1
351569,ABCB,ameris bancorp,1298,463.0,835.0,0.0,1.0,1134.0,571.0,139,10,0.2696456086286595,b760b1294f1c1c3c7acaf7968447dba9b64ee4ce0b10d6aa81600f9526801e12,0.37254901960784315,1.8071784712880512,1008,0.1378968253968254,NONE,0
1469367,RUN,sunrun,4536,1302.0,3234.0,0.0,937.0,1905.0,999.0,243,14,0.2021604938271605,6752e69d6ebc246e5369e53b5493b1c51f51433551b895d3c67b2e427520e39e,0.2692307692307692,1.9533879955086424,1008,0.24107142857142858,SINGLE_TOKEN_SEMANTIC_RISK,1
1074769,NAN,NAN,26,0.0,0.0,26.0,22.0,4.0,0.0,0,3,0.0,6ae9697661dc6809f214ac56cce581c199e31589c2f726f9ecd714a74b2d0449,0.6153846153846154,0.8587409130062867,1008,0.0,SINGLE_TOKEN_SEMANTIC_RISK,1
1063259,DNN,denison mines,3148,740.0,2408.0,0.0,684.0,2159.0,253.0,90,14,0.1508894536213469,7276994fe3b691a33351d3624d75910566c16617a432697d5d342172678d794d,0.3333333333333333,2.108938385218398,1008,0.08928571428571429,NONE,0
1289848,HURN,huron consulting,2406,1574.0,832.0,0.0,1257.0,933.0,251.0,62,25,0.2963424771404821,7276994fe3b691a33351d3624d75910566c16617a432697d5d342172678d794d,0.1826086956521739,2.556633410423445,1008,0.061507936507936505,NONE,0
1650132,FCPT,four corners property trust,511,134.0,377.0,0.0,75.0,331.0,122.0,68,4,0.3913894324853229,08f472aed74b038b1cd05a1e3cd5afd5b1a5ccd3c9ab2b14bf706239f26376a8,0.4,1.2798542258336674,1008,0.06746031746031746,NONE,0
1113809,BBW,build a bear workshop,2571,1148.0,1423.0,0.0,953.0,1151.0,515.0,66,21,0.3337222870478413,7276994fe3b691a33351d3624d75910566c16617a432697d5d342172678d794d,0.3023255813953488,2.1489987859610165,1008,0.06547619047619048,NONE,0
1370416,WPRT,westport innovations,1163,860.0,303.0,0.0,684.0,394.0,42.0,16,43,0.5588993981083406,84625ab1a763851f03bf27f1f4f68b3b7efe198626d098151d461cbb0e262da0,0.18064516129032257,2.9305251007268676,1008,0.015873015873015872,NONE,0
1460329,FLNT,cogint,42,27.0,15.0,0.0,24.0,18.0,12.0,3,2,0.0,7276994fe3b691a33351d3624d75910566c16617a432697d5d342172678d794d,0.9230769230769231,0.2711893730418441,1008,0.002976190476190476,SINGLE_TOKEN_SEMANTIC_RISK,1
1467858,GM,GM,178,0.0,0.0,178.0,16.0,162.0,42.0,25,1,0.0,1b425b87521ec0ab5e4c02aa6bbf44fa197505a03a1fa7f593d749168cc34d2f,1.0,-0.0,1008,0.0248015873015873,PUBLISHER_CONCENTRATION_GE_80_PERCENT|SINGLE_TOKEN_SEMANTIC_RISK,2
1569650,OZK,bank of the ozarks,2013,1381.0,632.0,0.0,1264.0,520.0,239.0,46,38,0.015399900645802286,7276994fe3b691a33351d3624d75910566c16617a432697d5d342172678d794d,0.21149425287356322,2.549433592638823,1008,0.04563492063492063,NONE,0
1368265,CLNE,CLNE,24,0.0,0.0,24.0,0.0,24.0,5.0,2,1,0.3333333333333333,90a39bc1f5732b0842596544dc634b3d71990701eb6566301c32954b714ace25,1.0,-0.0,1008,0.001984126984126984,SINGLE_TOKEN_SEMANTIC_RISK,1
1709626,NCNA,nucana,535,96.0,439.0,0.0,26.0,241.0,222.0,32,4,0.08411214953271028,bc866712ec3d41f918d736dba6181bfae8068e106956a8f51e7e26914276ce1e,0.4074074074074074,1.2590634027712944,1008,0.031746031746031744,SINGLE_TOKEN_SEMANTIC_RISK,1
1681682,NDRA,endra,176,61.0,115.0,0.0,32.0,95.0,122.0,16,5,0.10227272727272728,bc866712ec3d41f918d736dba6181bfae8068e106956a8f51e7e26914276ce1e,0.5925925925925926,1.1907232065259765,1008,0.015873015873015872,SINGLE_TOKEN_SEMANTIC_RISK,1
1565228,VISL,vislink technologies,94,17.0,77.0,0.0,16.0,60.0,45.0,9,3,0.18085106382978725,6d85c5fcd083a75f7715c2add959f733b76cef5669e291147c7bb4af1f38a75b,0.5,1.0114042647073518,1008,0.008928571428571428,NONE,0
886744,GERN,GERN,34,0.0,0.0,34.0,34.0,0.0,20.0,5,4,0.6470588235294118,babc52a4295806f4e989a4dcdcfca96e8a4054b58bcbd9cab57492d157f49442,0.29411764705882354,1.3664254949488692,1008,0.00496031746031746,SINGLE_TOKEN_SEMANTIC_RISK,1
1098972,AGEN,agenus,3139,1878.0,1261.0,0.0,1341.0,1173.0,770.0,143,32,0.39789741956036956,7276994fe3b691a33351d3624d75910566c16617a432697d5d342172678d794d,0.2732447817836812,2.241616527829502,1008,0.14186507936507936,SINGLE_TOKEN_SEMANTIC_RISK,1
1280784,HTGC,hercules technology growth capital,1074,821.0,253.0,0.0,827.0,153.0,37.0,35,19,0.3230912476722533,7276994fe3b691a33351d3624d75910566c16617a432697d5d342172678d794d,0.45614035087719296,1.9904137936943558,1008,0.034722222222222224,NONE,0
1166003,XPO,XPO,57,0.0,0.0,57.0,30.0,27.0,22.0,9,3,0.6491228070175439,08f472aed74b038b1cd05a1e3cd5afd5b1a5ccd3c9ab2b14bf706239f26376a8,0.5,0.9184277849930975,1008,0.008928571428571428,SINGLE_TOKEN_SEMANTIC_RISK,1
1410098,CRMD,cormedix,976,780.0,196.0,0.0,722.0,156.0,238.0,65,17,0.41290983606557374,7276994fe3b691a33351d3624d75910566c16617a432697d5d342172678d794d,0.3900414937759336,2.0295465149114214,1008,0.06448412698412699,SINGLE_TOKEN_SEMANTIC_RISK,1
1293135,VET,vermilion energy,2088,1044.0,1044.0,0.0,965.0,870.0,789.0,220,12,0.41235632183908044,7276994fe3b691a33351d3624d75910566c16617a432697d5d342172678d794d,0.6509803921568628,1.2999842287405272,1008,0.21825396825396826,NONE,0
1477449,TDOC,teladoc,7636,1636.0,6000.0,0.0,1220.0,2989.0,2414.0,580,13,0.30866946045049765,7a760386ea72c5ddae3e4604fdc5f7fa942ad00c5db2a3d8dffc6bcb5912ebdf,0.5424836601307189,1.471633478407583,1008,0.5753968253968254,SINGLE_TOKEN_SEMANTIC_RISK,1
1477333,NET,cloudflare,4338,982.0,3356.0,0.0,595.0,2121.0,928.0,234,7,0.24389119409866297,7a760386ea72c5ddae3e4604fdc5f7fa942ad00c5db2a3d8dffc6bcb5912ebdf,0.32142857142857145,1.6852540081286362,621,0.37681159420289856,SINGLE_TOKEN_SEMANTIC_RISK,1
1618756,QSR,restaurant brands international,3668,893.0,2775.0,0.0,778.0,1690.0,1065.0,318,18,0.257360959651036,7276994fe3b691a33351d3624d75910566c16617a432697d5d342172678d794d,0.3192982456140351,1.9693691286638915,1008,0.31547619047619047,NONE,0
927628,COF,capital one financial corp,3188,425.0,2763.0,0.0,515.0,1772.0,443.0,144,11,0.25501882057716435,b760b1294f1c1c3c7acaf7968447dba9b64ee4ce0b10d6aa81600f9526801e12,0.7722772277227723,1.0135641528692416,1008,0.14285714285714285,NONE,0
1037646,MTD,mettler toledo international,1540,742.0,798.0,0.0,689.0,581.0,381.0,132,17,0.4077922077922078,b760b1294f1c1c3c7acaf7968447dba9b64ee4ce0b10d6aa81600f9526801e12,0.2864321608040201,2.225745491567958,1008,0.13095238095238096,NONE,0
1670541,ADNT,adient,1373,610.0,763.0,0.0,353.0,704.0,525.0,153,11,0.25273124544792425,b760b1294f1c1c3c7acaf7968447dba9b64ee4ce0b10d6aa81600f9526801e12,0.4797687861271676,1.337366395743901,1008,0.15178571428571427,SINGLE_TOKEN_SEMANTIC_RISK,1
2037400,CAAS,china automotive systems,1235,837.0,398.0,0.0,686.0,466.0,372.0,77,21,0.46396761133603237,7276994fe3b691a33351d3624d75910566c16617a432697d5d342172678d794d,0.35377358490566035,2.1798738620208886,1008,0.0763888888888889,NONE,0
1433195,APPF,appfolio,932,460.0,472.0,0.0,145.0,572.0,242.0,101,6,0.3218884120171674,7a760386ea72c5ddae3e4604fdc5f7fa942ad00c5db2a3d8dffc6bcb5912ebdf,0.5714285714285714,1.059687449838005,1008,0.1001984126984127,SINGLE_TOKEN_SEMANTIC_RISK,1
1653653,RRR,red rock resorts,802,341.0,461.0,0.0,88.0,550.0,223.0,82,7,0.32418952618453867,7a760386ea72c5ddae3e4604fdc5f7fa942ad00c5db2a3d8dffc6bcb5912ebdf,0.25925925925925924,1.744666296339383,1008,0.08134920634920635,NONE,0
945841,POOL,pool corp,1747,622.0,1125.0,0.0,447.0,869.0,395.0,122,16,0.3646250715512307,7a760386ea72c5ddae3e4604fdc5f7fa942ad00c5db2a3d8dffc6bcb5912ebdf,0.6113989637305699,1.3473037225799394,1008,0.12103174603174603,NONE,0
1493594,MTSI,macom technology solutions,700,229.0,471.0,0.0,147.0,447.0,215.0,70,10,0.44142857142857145,b760b1294f1c1c3c7acaf7968447dba9b64ee4ce0b10d6aa81600f9526801e12,0.26153846153846155,1.9923354591514437,1008,0.06944444444444445,NONE,0
1567683,CWEN,nrg yield,954,567.0,387.0,0.0,498.0,338.0,142.0,46,14,0.0,7276994fe3b691a33351d3624d75910566c16617a432697d5d342172678d794d,0.3023255813953488,2.106952413725761,1008,0.04563492063492063,NONE,0
1651717,NOMD,nomad foods,1188,324.0,864.0,0.0,160.0,702.0,319.0,100,4,0.2878787878787879,b760b1294f1c1c3c7acaf7968447dba9b64ee4ce0b10d6aa81600f9526801e12,0.6727272727272727,0.8896962374604198,1008,0.0992063492063492,NONE,0
851520,EXPO,exponent,1660,878.0,782.0,0.0,737.0,552.0,390.0,133,16,0.40240963855421685,7276994fe3b691a33351d3624d75910566c16617a432697d5d342172678d794d,0.19170984455958548,2.25067504242239,1008,0.13194444444444445,SINGLE_TOKEN_SEMANTIC_RISK,1
1069878,TREX,trex co inc,556,83.0,473.0,0.0,85.0,246.0,74.0,31,3,0.4370503597122302,b760b1294f1c1c3c7acaf7968447dba9b64ee4ce0b10d6aa81600f9526801e12,0.7857142857142857,0.6681113778219323,1008,0.030753968253968252,NONE,0
1379785,BBDC,triangle capital,1241,1121.0,120.0,0.0,1118.0,107.0,68.0,18,18,0.0,7276994fe3b691a33351d3624d75910566c16617a432697d5d342172678d794d,0.48299319727891155,1.845897466445149,1008,0.017857142857142856,NONE,0
1422183,FSK,franklin square investment,74,74.0,0.0,0.0,74.0,0.0,2.0,1,1,0.0,7276994fe3b691a33351d3624d75910566c16617a432697d5d342172678d794d,1.0,-0.0,1008,0.000992063492063492,NONE,0
77543,TPC,tutor perini,1770,1379.0,391.0,0.0,1166.0,511.0,383.0,93,33,0.4604519774011299,7a760386ea72c5ddae3e4604fdc5f7fa942ad00c5db2a3d8dffc6bcb5912ebdf,0.2975391498881432,2.326422754480183,1008,0.09226190476190477,NONE,0
1667313,ZDGE,zedge,233,114.0,119.0,0.0,74.0,75.0,42.0,9,4,0.0815450643776824,7276994fe3b691a33351d3624d75910566c16617a432697d5d342172678d794d,0.8717948717948718,0.5182066061504345,1008,0.008928571428571428,PUBLISHER_CONCENTRATION_GE_80_PERCENT|SINGLE_TOKEN_SEMANTIC_RISK,2
1021561,NUS,nu skin enterprises,2615,972.0,1643.0,0.0,737.0,1439.0,511.0,129,6,0.2653919694072658,7276994fe3b691a33351d3624d75910566c16617a432697d5d342172678d794d,0.3620689655172414,1.4659301363134496,1008,0.12797619047619047,NONE,0
1621832,AQMS,aqua metals,477,272.0,205.0,0.0,139.0,314.0,220.0,40,7,0.13626834381551362,7276994fe3b691a33351d3624d75910566c16617a432697d5d342172678d794d,0.5168539325842697,1.2942243636718784,1008,0.03968253968253968,NONE,0
1649904,RYTM,rhythm pharmaceuticals,415,77.0,338.0,0.0,31.0,295.0,128.0,29,3,0.25783132530120484,7276994fe3b691a33351d3624d75910566c16617a432697d5d342172678d794d,0.4,1.0549201679861442,1008,0.028769841269841268,NONE,0
1691221,FRSX,foresight autonomous,133,29.0,104.0,0.0,24.0,85.0,100.0,26,3,0.24812030075187969,7276994fe3b691a33351d3624d75910566c16617a432697d5d342172678d794d,0.625,0.9002560512685369,1008,0.025793650793650792,NONE,0
771856,CSBR,champions oncology,395,238.0,157.0,0.0,250.0,123.0,95.0,33,4,0.1468354430379747,7a760386ea72c5ddae3e4604fdc5f7fa942ad00c5db2a3d8dffc6bcb5912ebdf,0.65,0.9819416009240194,1008,0.03273809523809524,NONE,0
1422183,FSK,fs kkr capital corp,523,97.0,426.0,0.0,98.0,372.0,146.0,56,1,0.32504780114722753,b760b1294f1c1c3c7acaf7968447dba9b64ee4ce0b10d6aa81600f9526801e12,1.0,-0.0,1008,0.05555555555555555,PUBLISHER_CONCENTRATION_GE_80_PERCENT,1
1133416,GALT,pro pharmaceuticals,226,226.0,0.0,0.0,226.0,0.0,0.0,0,0,0.0,,0.0,0.0,1008,0.0,NONE,0
1386301,RSSS,research solutions,603,204.0,399.0,0.0,177.0,120.0,27.0,12,2,0.04145936981757877,fd7425846ea62437d770cdb9d69a5951ab33b237b3bab17ac568ce2742c7bea3,0.5,0.6931471805599453,1008,0.011904761904761904,NONE,0
1556727,FNWB,first northwest bancorp,171,79.0,92.0,0.0,0.0,163.0,28.0,20,1,0.3333333333333333,6752e69d6ebc246e5369e53b5493b1c51f51433551b895d3c67b2e427520e39e,1.0,-0.0,1008,0.01984126984126984,PUBLISHER_CONCENTRATION_GE_80_PERCENT,1
1606757,KE,kimball electronics,509,341.0,168.0,0.0,297.0,153.0,136.0,61,9,0.4774066797642436,7276994fe3b691a33351d3624d75910566c16617a432697d5d342172678d794d,0.3838383838383838,1.7028218080618212,1008,0.060515873015873016,NONE,0
1606909,PANL,pangaea logistics solutions,627,263.0,364.0,0.0,169.0,353.0,159.0,54,8,0.40350877192982454,7276994fe3b691a33351d3624d75910566c16617a432697d5d342172678d794d,0.42,1.7427842903707658,1008,0.05357142857142857,NONE,0
1318025,PGP,pimco global stocksplus income fund,179,141.0,38.0,0.0,68.0,82.0,42.0,34,2,0.5195530726256983,7276994fe3b691a33351d3624d75910566c16617a432697d5d342172678d794d,0.75,0.5623351446188083,1008,0.03373015873015873,NONE,0
356171,TCBK,trico bancshares,950,609.0,341.0,0.0,420.0,459.0,185.0,78,16,0.4231578947368421,7276994fe3b691a33351d3624d75910566c16617a432697d5d342172678d794d,0.31451612903225806,2.1194867512003444,1008,0.07738095238095238,NONE,0
1227073,ERC,evergreen multi sector income fund,9,9.0,0.0,0.0,6.0,3.0,0.0,0,0,0.3333333333333333,,0.0,0.0,1008,0.0,NONE,0
1434621,TREE,tree com,501,383.0,118.0,0.0,337.0,157.0,47.0,21,13,0.3932135728542914,7a760386ea72c5ddae3e4604fdc5f7fa942ad00c5db2a3d8dffc6bcb5912ebdf,0.26666666666666666,2.0937836767907365,1008,0.020833333333333332,NONE,0
887359,VCEL,aastrom biosciences,297,258.0,39.0,0.0,238.0,47.0,0.0,0,4,0.0,7a760386ea72c5ddae3e4604fdc5f7fa942ad00c5db2a3d8dffc6bcb5912ebdf,0.4,1.2798542258336674,1008,0.0,NONE,0
1503290,ACP,avenue income credit strategies fund,312,310.0,2.0,0.0,293.0,19.0,14.0,7,4,0.2564102564102564,7276994fe3b691a33351d3624d75910566c16617a432697d5d342172678d794d,0.8928571428571429,0.45820823797145316,1008,0.006944444444444444,PUBLISHER_CONCENTRATION_GE_80_PERCENT,1
1478102,DMO,western asset mortgage defined opportunity fund,229,210.0,19.0,0.0,168.0,50.0,4.0,2,1,0.22707423580786026,7276994fe3b691a33351d3624d75910566c16617a432697d5d342172678d794d,1.0,-0.0,1008,0.001984126984126984,PUBLISHER_CONCENTRATION_GE_80_PERCENT,1
1070985,CXW,corrections corp of america,331,136.0,195.0,0.0,117.0,145.0,49.0,23,12,0.4259818731117825,1b425b87521ec0ab5e4c02aa6bbf44fa197505a03a1fa7f593d749168cc34d2f,0.43478260869565216,1.9311885800857536,1008,0.022817460317460316,NONE,0
1215913,HPS,john hancock preferred income fund iii,128,118.0,10.0,0.0,0.0,123.0,44.0,34,2,0.640625,7276994fe3b691a33351d3624d75910566c16617a432697d5d342172678d794d,0.625,0.6615632381579821,1008,0.03373015873015873,NONE,0
894671,OVBC,ohio valley banc,195,175.0,20.0,0.0,130.0,63.0,42.0,26,5,0.49230769230769234,1b425b87521ec0ab5e4c02aa6bbf44fa197505a03a1fa7f593d749168cc34d2f,0.39285714285714285,1.4314265123005108,1008,0.025793650793650792,NONE,0
1085243,VTSI,virtra,673,469.0,204.0,0.0,240.0,276.0,35.0,11,0,0.09361069836552749,,0.0,0.0,1008,0.010912698412698412,SINGLE_TOKEN_SEMANTIC_RISK,1
1069394,FSI,flexible solutions international,334,173.0,161.0,0.0,132.0,151.0,89.0,34,10,0.6317365269461078,7276994fe3b691a33351d3624d75910566c16617a432697d5d342172678d794d,0.5571428571428572,1.4347276083793166,1008,0.03373015873015873,NONE,0
1705110,ANGI,ANGI,107,0.0,0.0,107.0,10.0,97.0,24.0,7,1,0.19626168224299065,84625ab1a763851f03bf27f1f4f68b3b7efe198626d098151d461cbb0e262da0,1.0,-0.0,1008,0.006944444444444444,PUBLISHER_CONCENTRATION_GE_80_PERCENT|SINGLE_TOKEN_SEMANTIC_RISK,2
1515671,DPG,duff phelps global utility income fund,77,59.0,18.0,0.0,0.0,69.0,7.0,5,1,0.2727272727272727,7276994fe3b691a33351d3624d75910566c16617a432697d5d342172678d794d,1.0,-0.0,1008,0.00496031746031746,NONE,0
33934,CRF,eis fund,4,4.0,0.0,0.0,4.0,0.0,0.0,0,0,0.0,,0.0,0.0,1008,0.0,NONE,0
875357,BOKF,bok financial corp,516,101.0,415.0,0.0,123.0,241.0,99.0,51,2,0.37790697674418605,b760b1294f1c1c3c7acaf7968447dba9b64ee4ce0b10d6aa81600f9526801e12,0.9259259259259259,0.2640520518256287,1008,0.050595238095238096,PUBLISHER_CONCENTRATION_GE_80_PERCENT,1
1593538,JSM,new corp,54,4.0,50.0,0.0,10.0,31.0,0.0,0,1,0.0,215816bf42103f1f2b24c168779f1fb0ea3afcb7a2c627e42e0bcd7fe07eb70a,1.0,-0.0,1008,0.0,NONE,0
1577526,AI,AI,2887,0.0,0.0,2887.0,955.0,1932.0,323.0,117,0,0.22306892968479392,,0.0,0.0,898,0.13028953229398663,SINGLE_TOKEN_SEMANTIC_RISK,1
880266,AGCO,AGCO,302,0.0,0.0,302.0,95.0,207.0,55.0,35,2,0.26490066225165565,84625ab1a763851f03bf27f1f4f68b3b7efe198626d098151d461cbb0e262da0,0.5,0.6931471805599453,1008,0.034722222222222224,SINGLE_TOKEN_SEMANTIC_RISK,1
1841666,APA,apa corp,2373,13.0,2360.0,0.0,169.0,940.0,172.0,46,0,0.15634218289085547,,0.0,0.0,1008,0.04563492063492063,NONE,0
1483994,HTHT,h world,342,116.0,226.0,0.0,42.0,156.0,0.0,0,1,0.14912280701754385,215816bf42103f1f2b24c168779f1fb0ea3afcb7a2c627e42e0bcd7fe07eb70a,1.0,-0.0,1008,0.0,PUBLISHER_CONCENTRATION_GE_80_PERCENT,1
1841666,APA,APA,788,0.0,0.0,788.0,124.0,664.0,406.0,141,0,0.3616751269035533,,0.0,0.0,1008,0.13988095238095238,SINGLE_TOKEN_SEMANTIC_RISK,1
1222719,CHY,calamos convertible high income fund,31,16.0,15.0,0.0,12.0,12.0,12.0,6,1,0.4838709677419355,7276994fe3b691a33351d3624d75910566c16617a432697d5d342172678d794d,1.0,-0.0,1008,0.005952380952380952,NONE,0
1913971,BPRN,princeton bancorp,88,16.0,72.0,0.0,0.0,48.0,0.0,0,0,0.3068181818181818,,0.0,0.0,1008,0.0,NONE,0
1771226,RMM,rivernorth managed duration municipal income fund,65,4.0,61.0,0.0,3.0,10.0,7.0,5,0,0.1076923076923077,,0.0,0.0,615,0.008130081300813009,NONE,0
1408534,FGBI,first guaranty bancshares,229,92.0,137.0,0.0,8.0,182.0,38.0,23,1,0.42358078602620086,7276994fe3b691a33351d3624d75910566c16617a432697d5d342172678d794d,1.0,-0.0,1008,0.022817460317460316,PUBLISHER_CONCENTRATION_GE_80_PERCENT,1
1172358,DMLP,dorchester minerals lp,236,15.0,221.0,0.0,28.0,197.0,25.0,13,1,0.2584745762711864,b760b1294f1c1c3c7acaf7968447dba9b64ee4ce0b10d6aa81600f9526801e12,1.0,-0.0,1008,0.012896825396825396,PUBLISHER_CONCENTRATION_GE_80_PERCENT,1
1486957,BWXT,BWXT,169,0.0,0.0,169.0,66.0,103.0,30.0,21,0,0.26627218934911245,,0.0,0.0,1008,0.020833333333333332,SINGLE_TOKEN_SEMANTIC_RISK,1
1005284,OLED,OLED,742,0.0,0.0,742.0,182.0,560.0,317.0,177,0,0.42587601078167114,,0.0,0.0,1008,0.17559523809523808,SINGLE_TOKEN_SEMANTIC_RISK,1
1043219,NLY,NLY,106,0.0,0.0,106.0,7.0,99.0,5.0,2,0,0.1792452830188679,,0.0,0.0,1008,0.001984126984126984,SINGLE_TOKEN_SEMANTIC_RISK,1
1428205,ARR,ARR,10,0.0,0.0,10.0,2.0,8.0,0.0,0,1,0.4,deb56840b9cdc03f6c4ee4d521ae2d441afded63a6b8dfc35db2427b482be521,1.0,-0.0,1008,0.0,SINGLE_TOKEN_SEMANTIC_RISK,1
1713539,KXIN,kaixin,523,46.0,477.0,0.0,36.0,232.0,243.0,32,3,0.12045889101338432,08f472aed74b038b1cd05a1e3cd5afd5b1a5ccd3c9ab2b14bf706239f26376a8,0.5,1.0397207708399179,1008,0.031746031746031744,SINGLE_TOKEN_SEMANTIC_RISK,1
704440,KRMD,repro med systems,179,20.0,159.0,0.0,10.0,117.0,107.0,11,0,0.1005586592178771,,0.0,0.0,1008,0.010912698412698412,NONE,0
927971,BMO,BMO,219,0.0,0.0,219.0,36.0,183.0,49.0,28,1,0.3105022831050228,deb56840b9cdc03f6c4ee4d521ae2d441afded63a6b8dfc35db2427b482be521,1.0,-0.0,1008,0.027777777777777776,PUBLISHER_CONCENTRATION_GE_80_PERCENT|SINGLE_TOKEN_SEMANTIC_RISK,2
1374690,LRMR,larimar therapeutics,63,8.0,55.0,0.0,5.0,30.0,16.0,3,1,0.1111111111111111,08f472aed74b038b1cd05a1e3cd5afd5b1a5ccd3c9ab2b14bf706239f26376a8,1.0,-0.0,1008,0.002976190476190476,NONE,0
1710340,ETON,eton pharmaceuticals,642,33.0,609.0,0.0,14.0,361.0,242.0,25,3,0.17289719626168223,b760b1294f1c1c3c7acaf7968447dba9b64ee4ce0b10d6aa81600f9526801e12,0.5,1.0397207708399179,789,0.031685678073510776,NONE,0
1012019,RUSHA,RUSHA,54,0.0,0.0,54.0,3.0,51.0,19.0,11,0,0.4444444444444444,,0.0,0.0,1008,0.010912698412698412,SINGLE_TOKEN_SEMANTIC_RISK,1
765880,DOC,DOC,163,0.0,0.0,163.0,39.0,124.0,79.0,42,0,0.4601226993865031,,0.0,0.0,1008,0.041666666666666664,SINGLE_TOKEN_SEMANTIC_RISK,1
1420720,IBIO,ibiopharma,22,18.0,4.0,0.0,16.0,2.0,2.0,1,0,0.0,,0.0,0.0,1008,0.000992063492063492,SINGLE_TOKEN_SEMANTIC_RISK,1
1762303,RCEL,avita therapeutics,7,2.0,5.0,0.0,3.0,4.0,5.0,1,0,0.5714285714285714,,0.0,0.0,1008,0.000992063492063492,NONE,0
1320375,BOE,blackrock global opportunities equity trust,7,7.0,0.0,0.0,7.0,0.0,1.0,1,0,0.14285714285714285,,0.0,0.0,1008,0.000992063492063492,NONE,0
1687451,ZKIN,ZKIN,29,0.0,0.0,29.0,7.0,22.0,26.0,6,0,0.3103448275862069,,0.0,0.0,1008,0.005952380952380952,SINGLE_TOKEN_SEMANTIC_RISK,1
1631596,KREF,kkr real estate finance trust,101,32.0,69.0,0.0,19.0,68.0,53.0,23,3,0.06930693069306931,bc866712ec3d41f918d736dba6181bfae8068e106956a8f51e7e26914276ce1e,0.3333333333333333,1.0986122886681096,1008,0.022817460317460316,NONE,0
1136893,FIS,FIS,29,0.0,0.0,29.0,5.0,24.0,17.0,9,0,0.4482758620689655,,0.0,0.0,1008,0.008928571428571428,SINGLE_TOKEN_SEMANTIC_RISK,1
1472787,FAF,FAF,100,0.0,0.0,100.0,53.0,47.0,33.0,21,0,0.46,,0.0,0.0,1008,0.020833333333333332,SINGLE_TOKEN_SEMANTIC_RISK,1
1544206,CGBD,carlyle secured lending,88,29.0,59.0,0.0,0.0,86.0,0.0,0,0,0.48863636363636365,,0.0,0.0,1008,0.0,NONE,0
1013237,FDS,FDS,38,0.0,0.0,38.0,2.0,36.0,24.0,10,0,0.13157894736842105,,0.0,0.0,1008,0.00992063492063492,SINGLE_TOKEN_SEMANTIC_RISK,1
1474903,BGSF,BGSF,7,0.0,0.0,7.0,1.0,6.0,1.0,1,0,0.2857142857142857,,0.0,0.0,1008,0.000992063492063492,SINGLE_TOKEN_SEMANTIC_RISK,1
1328237,DBC,DBC,14,0.0,0.0,14.0,6.0,8.0,0.0,0,1,0.42857142857142855,d24cd46da47f5679446106138ee95d4b354e5df7306abdd987c7d2c8f61b776a,1.0,-0.0,1008,0.0,SINGLE_TOKEN_SEMANTIC_RISK,1
1616678,BST,BST,7,0.0,0.0,7.0,0.0,7.0,7.0,2,0,0.14285714285714285,,0.0,0.0,1008,0.001984126984126984,SINGLE_TOKEN_SEMANTIC_RISK,1
2035832,AKTS,AKTS,41,0.0,0.0,41.0,2.0,39.0,31.0,13,0,0.43902439024390244,,0.0,0.0,1008,0.012896825396825396,SINGLE_TOKEN_SEMANTIC_RISK,1
1438133,TNDM,TNDM,52,0.0,0.0,52.0,7.0,45.0,49.0,18,0,0.23076923076923078,,0.0,0.0,1008,0.017857142857142856,SINGLE_TOKEN_SEMANTIC_RISK,1
763563,CHMG,CHMG,7,0.0,0.0,7.0,0.0,7.0,7.0,1,0,0.14285714285714285,,0.0,0.0,1008,0.000992063492063492,SINGLE_TOKEN_SEMANTIC_RISK,1
1504764,AVAL,grupo aval acciones y valores s a,179,140.0,39.0,0.0,84.0,74.0,85.0,28,2,0.48044692737430167,7276994fe3b691a33351d3624d75910566c16617a432697d5d342172678d794d,0.975609756097561,0.11466528220290656,1008,0.027777777777777776,PUBLISHER_CONCENTRATION_GE_80_PERCENT,1
1565381,DMB,bny mellon municipal bond infrastructure fund,26,19.0,7.0,0.0,3.0,22.0,24.0,18,1,0.7692307692307693,b760b1294f1c1c3c7acaf7968447dba9b64ee4ce0b10d6aa81600f9526801e12,1.0,-0.0,1008,0.017857142857142856,NONE,0
1171486,NRP,NRP,21,0.0,0.0,21.0,2.0,19.0,3.0,2,0,0.2857142857142857,,0.0,0.0,1008,0.001984126984126984,SINGLE_TOKEN_SEMANTIC_RISK,1
1279014,ERH,wells fargo utilities high income fund,5,0.0,5.0,0.0,0.0,5.0,5.0,1,0,0.2,,0.0,0.0,1008,0.000992063492063492,NONE,0
1720250,KNDI,KNDI,51,0.0,0.0,51.0,14.0,37.0,11.0,4,1,0.4117647058823529,84625ab1a763851f03bf27f1f4f68b3b7efe198626d098151d461cbb0e262da0,1.0,-0.0,1008,0.003968253968253968,SINGLE_TOKEN_SEMANTIC_RISK,1
1098972,AGEN,AGEN,6,0.0,0.0,6.0,2.0,4.0,0.0,0,2,0.6666666666666666,9e775d324d406389f2d73fe584f1838f5177333ea9a78bb2deaffa15d2090b4f,0.6666666666666666,0.6365141682948128,1008,0.0,SINGLE_TOKEN_SEMANTIC_RISK,1
1090116,NVG,nuveen insured dividend advantage municipal fund,20,20.0,0.0,0.0,20.0,0.0,0.0,0,0,0.0,,0.0,0.0,1008,0.0,NONE,0
1141197,PED,blast energy services,38,38.0,0.0,0.0,38.0,0.0,0.0,0,0,0.0,,0.0,0.0,1008,0.0,NONE,0
1503802,KPTI,KPTI,10,0.0,0.0,10.0,10.0,0.0,0.0,0,3,1.0,deb56840b9cdc03f6c4ee4d521ae2d441afded63a6b8dfc35db2427b482be521,0.6,0.9502705392332347,1008,0.0,SINGLE_TOKEN_SEMANTIC_RISK,1
1420529,AACG,AACG,1,0.0,0.0,1.0,1.0,0.0,1.0,1,0,1.0,,0.0,0.0,1008,0.000992063492063492,SINGLE_TOKEN_SEMANTIC_RISK,1
1706946,SPCE,SPCE,3,0.0,0.0,3.0,0.0,3.0,0.0,0,0,0.0,,0.0,0.0,1008,0.0,SINGLE_TOKEN_SEMANTIC_RISK,1
913142,BDC,BDC,2,0.0,0.0,2.0,2.0,0.0,2.0,1,0,0.5,,0.0,0.0,1008,0.000992063492063492,SINGLE_TOKEN_SEMANTIC_RISK,1
1477641,DQ,DQ,14,0.0,0.0,14.0,3.0,11.0,11.0,3,0,0.07142857142857142,,0.0,0.0,1008,0.002976190476190476,SINGLE_TOKEN_SEMANTIC_RISK,1
1471824,WEAT,CANE,4,0.0,0.0,4.0,0.0,4.0,0.0,0,0,0.0,,0.0,0.0,0,0.0,SINGLE_TOKEN_SEMANTIC_RISK,1
880117,JBSS,sanfilippo john b son,3,0.0,3.0,0.0,0.0,0.0,0.0,0,0,0.0,,0.0,0.0,1008,0.0,NONE,0
916183,RCS,rcm strategic global government fund,14,14.0,0.0,0.0,0.0,14.0,0.0,0,0,1.0,,0.0,0.0,0,0.0,NONE,0
1057352,CSGP,realty information,3,0.0,3.0,0.0,0.0,3.0,3.0,1,0,0.0,,0.0,0.0,1008,0.000992063492063492,NONE,0
1195739,NRK,nuveen new york amt free municipal income fund,52,50.0,2.0,0.0,24.0,28.0,14.0,7,3,0.8653846153846154,7276994fe3b691a33351d3624d75910566c16617a432697d5d342172678d794d,0.6666666666666666,0.8486855577264172,1008,0.006944444444444444,NONE,0
16875,CP,canadian pacific railway cn,2,2.0,0.0,0.0,0.0,2.0,0.0,0,0,0.0,,0.0,0.0,1008,0.0,NONE,0
1169770,BANC,BANC,4,0.0,0.0,4.0,4.0,0.0,2.0,1,2,1.0,1b425b87521ec0ab5e4c02aa6bbf44fa197505a03a1fa7f593d749168cc34d2f,0.5,0.6931471805599453,1008,0.000992063492063492,SINGLE_TOKEN_SEMANTIC_RISK,1
945841,POOL,scp pool,7,6.0,1.0,0.0,6.0,0.0,0.0,0,0,0.0,,0.0,0.0,1008,0.0,NONE,0
1607997,NMS,nuveen minnesota municipal income fund,23,22.0,1.0,0.0,2.0,21.0,0.0,0,0,0.9130434782608695,,0.0,0.0,1008,0.0,NONE,0
1567683,CWEN,nrg yieldco,2,2.0,0.0,0.0,2.0,0.0,0.0,0,0,0.0,,0.0,0.0,1008,0.0,NONE,0
1130310,CNP,CNP,10,0.0,0.0,10.0,10.0,0.0,0.0,0,2,1.0,deb56840b9cdc03f6c4ee4d521ae2d441afded63a6b8dfc35db2427b482be521,0.8,0.5004024235381879,1008,0.0,SINGLE_TOKEN_SEMANTIC_RISK,1
1498403,BLRX,BLRX,17,0.0,0.0,17.0,0.0,17.0,3.0,1,0,0.35294117647058826,,0.0,0.0,1008,0.000992063492063492,SINGLE_TOKEN_SEMANTIC_RISK,1
1137887,NZF,nuveen enhanced municipal credit opportunities fund,6,0.0,6.0,0.0,0.0,4.0,0.0,0,0,0.16666666666666666,,0.0,0.0,1008,0.0,NONE,0
1070985,CXW,corrections of america,20,20.0,0.0,0.0,20.0,0.0,2.0,1,8,1.0,a328d6d26983766d80fbb9adc64925a627cc56bb60e124536e235c6bd61bec28,0.3,1.9730014063936125,1008,0.000992063492063492,NONE,0
1195737,NEA,nuveen insured tax free advantage municipal fund,8,8.0,0.0,0.0,8.0,0.0,0.0,0,0,0.0,,0.0,0.0,1008,0.0,NONE,0
911147,CNTY,CNTY,6,0.0,0.0,6.0,4.0,2.0,0.0,0,1,0.8333333333333334,deb56840b9cdc03f6c4ee4d521ae2d441afded63a6b8dfc35db2427b482be521,1.0,-0.0,1008,0.0,SINGLE_TOKEN_SEMANTIC_RISK,1
1477333,NET,NET,5,0.0,0.0,5.0,1.0,4.0,1.0,1,0,0.4,,0.0,0.0,621,0.001610305958132045,SINGLE_TOKEN_SEMANTIC_RISK,1
732717,TBB,TBB,1,0.0,0.0,1.0,1.0,0.0,0.0,0,0,1.0,,0.0,0.0,1008,0.0,SINGLE_TOKEN_SEMANTIC_RISK,1
102212,UVSP,univest of pennsylvania,21,18.0,3.0,0.0,15.0,5.0,6.0,3,5,1.0,08f472aed74b038b1cd05a1e3cd5afd5b1a5ccd3c9ab2b14bf706239f26376a8,0.2857142857142857,1.5498260458782016,1008,0.002976190476190476,NONE,0
1635282,RMNI,gp investments acquisition,7,4.0,3.0,0.0,4.0,3.0,0.0,0,0,0.0,,0.0,0.0,1008,0.0,NONE,0
1227857,NCZ,NCZ,1,0.0,0.0,1.0,0.0,1.0,0.0,0,0,0.0,,0.0,0.0,1008,0.0,SINGLE_TOKEN_SEMANTIC_RISK,1
1321741,GAIN,gladstone investment corporation de,2,2.0,0.0,0.0,2.0,0.0,0.0,0,1,1.0,84625ab1a763851f03bf27f1f4f68b3b7efe198626d098151d461cbb0e262da0,1.0,-0.0,1008,0.0,NONE,0
1279014,ERH,wells fargo advantage utilities high income fund,24,24.0,0.0,0.0,24.0,0.0,12.0,6,1,1.0,7276994fe3b691a33351d3624d75910566c16617a432697d5d342172678d794d,1.0,-0.0,1008,0.005952380952380952,NONE,0
740260,VTR,VTR,2,0.0,0.0,2.0,0.0,2.0,2.0,1,0,0.0,,0.0,0.0,1008,0.000992063492063492,SINGLE_TOKEN_SEMANTIC_RISK,1
1504234,BGX,BGX,3,0.0,0.0,3.0,0.0,3.0,0.0,0,0,0.3333333333333333,,0.0,0.0,1008,0.0,SINGLE_TOKEN_SEMANTIC_RISK,1
908255,BWA,borgwarner,5792,3959.0,1833.0,0.0,3147.0,2005.0,1461.0,326,48,0.3927831491712707,7a760386ea72c5ddae3e4604fdc5f7fa942ad00c5db2a3d8dffc6bcb5912ebdf,0.2441860465116279,2.6771073000795513,1008,0.32341269841269843,SINGLE_TOKEN_SEMANTIC_RISK,1
1327567,PANW,palo alto networks,14392,5050.0,9342.0,0.0,3791.0,6020.0,2674.0,530,62,0.33622846025569764,6752e69d6ebc246e5369e53b5493b1c51f51433551b895d3c67b2e427520e39e,0.2003916449086162,2.8053882008556457,1008,0.5257936507936508,NONE,0
1552033,TRU,transunion,3247,1882.0,1365.0,0.0,1502.0,1061.0,601.0,179,18,0.1687711733908223,7a760386ea72c5ddae3e4604fdc5f7fa942ad00c5db2a3d8dffc6bcb5912ebdf,0.4971751412429379,1.6308545995435069,1008,0.1775793650793651,SINGLE_TOKEN_SEMANTIC_RISK,1
1089063,DKS,dick s sporting goods,9084,3401.0,5683.0,0.0,2801.0,4303.0,1975.0,427,68,0.3437912813738441,1b425b87521ec0ab5e4c02aa6bbf44fa197505a03a1fa7f593d749168cc34d2f,0.13784461152882205,3.265007941315951,1008,0.4236111111111111,NONE,0
1393299,BGY,blackrock international growth income trust,18,14.0,4.0,0.0,14.0,0.0,12.0,6,2,0.8333333333333334,7276994fe3b691a33351d3624d75910566c16617a432697d5d342172678d794d,0.8571428571428571,0.410116318288409,1008,0.005952380952380952,NONE,0
1577552,BABA,alibaba,53015,23568.0,29447.0,0.0,17172.0,23419.0,12988.0,1141,139,0.21990002829387909,6752e69d6ebc246e5369e53b5493b1c51f51433551b895d3c67b2e427520e39e,0.15989240884638375,3.0363213974023404,1008,1.0,EDGE_COUNT_TOP_1_PERCENT|IMPLAUSIBLY_HIGH_TRAINING_DAY_COVERAGE|SINGLE_TOKEN_SEMANTIC_RISK,3
1026655,CMT,core materials,87,26.0,61.0,0.0,29.0,25.0,27.0,5,1,0.0,08f472aed74b038b1cd05a1e3cd5afd5b1a5ccd3c9ab2b14bf706239f26376a8,1.0,-0.0,1008,0.00496031746031746,NONE,0
1625414,BZUN,baozun,1533,471.0,1062.0,0.0,194.0,761.0,589.0,168,13,0.2850619699934768,b760b1294f1c1c3c7acaf7968447dba9b64ee4ce0b10d6aa81600f9526801e12,0.25,2.0876725583487183,1008,0.16666666666666666,SINGLE_TOKEN_SEMANTIC_RISK,1
1665918,USFD,us foods,2244,1099.0,1145.0,0.0,489.0,1431.0,496.0,120,18,0.17201426024955438,7a760386ea72c5ddae3e4604fdc5f7fa942ad00c5db2a3d8dffc6bcb5912ebdf,0.23880597014925373,2.2794626663532727,1008,0.11904761904761904,NONE,0
1009829,JAKK,jakks pacific,3464,2052.0,1412.0,0.0,1595.0,1303.0,436.0,85,35,0.22921478060046188,7a760386ea72c5ddae3e4604fdc5f7fa942ad00c5db2a3d8dffc6bcb5912ebdf,0.29434697855750486,2.3146815226323407,1008,0.08432539682539683,NONE,0
312070,VXZ,barclays bank,4435,2540.0,1895.0,0.0,2825.0,643.0,87.0,53,12,0.0,215816bf42103f1f2b24c168779f1fb0ea3afcb7a2c627e42e0bcd7fe07eb70a,0.48333333333333334,1.722629140486032,1008,0.05257936507936508,NONE,0
885245,BKE,buckle,7386,3795.0,3591.0,0.0,3317.0,2456.0,1450.0,367,65,0.29948551313295424,7276994fe3b691a33351d3624d75910566c16617a432697d5d342172678d794d,0.2592250922509225,2.5941440776373437,1008,0.36408730158730157,SINGLE_TOKEN_SEMANTIC_RISK,1
1504008,BKU,bankunited,2957,1834.0,1123.0,0.0,1481.0,1190.0,520.0,146,32,0.39262766317213393,7a760386ea72c5ddae3e4604fdc5f7fa942ad00c5db2a3d8dffc6bcb5912ebdf,0.36476426799007444,2.3090644165386065,1008,0.14484126984126985,SINGLE_TOKEN_SEMANTIC_RISK,1
1808898,BNTC,benitec biopharma,268,50.0,218.0,0.0,41.0,176.0,155.0,17,3,0.11940298507462686,6d85c5fcd083a75f7715c2add959f733b76cef5669e291147c7bb4af1f38a75b,0.5555555555555556,0.936888307539016,1008,0.016865079365079364,NONE,0
1335258,LYV,live nation,6907,3113.0,3794.0,0.0,2415.0,3208.0,987.0,254,55,0.13942377298392936,7a760386ea72c5ddae3e4604fdc5f7fa942ad00c5db2a3d8dffc6bcb5912ebdf,0.1595900439238653,2.7919794746626887,1008,0.251984126984127,NONE,0
1429260,FBIOP,coronado biosciences,578,549.0,29.0,0.0,525.0,50.0,0.0,0,13,0.0,7a760386ea72c5ddae3e4604fdc5f7fa942ad00c5db2a3d8dffc6bcb5912ebdf,0.3153153153153153,2.0059813468143153,1008,0.0,NONE,0
1434588,LOPE,grand canyon education,1866,1192.0,674.0,0.0,990.0,706.0,457.0,130,35,0.38853161843515543,b760b1294f1c1c3c7acaf7968447dba9b64ee4ce0b10d6aa81600f9526801e12,0.23448275862068965,2.562997261879823,1008,0.12896825396825398,NONE,0
1058290,CTSH,cognizant technology solutions,5076,1598.0,3478.0,0.0,1207.0,2677.0,1052.0,225,35,0.3900709219858156,b760b1294f1c1c3c7acaf7968447dba9b64ee4ce0b10d6aa81600f9526801e12,0.3463497453310696,2.1685971534787147,1008,0.22321428571428573,NONE,0
929008,WCC,wesco international,2065,1214.0,851.0,0.0,965.0,877.0,417.0,138,31,0.4799031476997579,7a760386ea72c5ddae3e4604fdc5f7fa942ad00c5db2a3d8dffc6bcb5912ebdf,0.20394736842105263,2.7179043394521427,1008,0.13690476190476192,NONE,0
1298675,CUBE,cubesmart,1896,656.0,1240.0,0.0,424.0,1047.0,270.0,123,6,0.3095991561181435,7a760386ea72c5ddae3e4604fdc5f7fa942ad00c5db2a3d8dffc6bcb5912ebdf,0.30612244897959184,1.6469258434414724,1008,0.12202380952380952,SINGLE_TOKEN_SEMANTIC_RISK,1
1521951,FBIZ,first business financial services,698,386.0,312.0,0.0,192.0,440.0,83.0,41,15,0.36962750716332377,b760b1294f1c1c3c7acaf7968447dba9b64ee4ce0b10d6aa81600f9526801e12,0.2545454545454545,2.158610121771321,1008,0.040674603174603176,NONE,0
1411579,AMC,amc entertainment,13889,2472.0,11417.0,0.0,2060.0,7294.0,4950.0,657,32,0.3053495572035424,7276994fe3b691a33351d3624d75910566c16617a432697d5d342172678d794d,0.3031578947368421,2.2567351627867227,1008,0.6517857142857143,NONE,0
1262976,CMPR,cimpress,773,450.0,323.0,0.0,222.0,473.0,283.0,89,7,0.3169469598965071,7a760386ea72c5ddae3e4604fdc5f7fa942ad00c5db2a3d8dffc6bcb5912ebdf,0.6593406593406593,1.1439107391759846,1008,0.0882936507936508,SINGLE_TOKEN_SEMANTIC_RISK,1
1001316,TGTX,tg therapeutics,2065,1402.0,663.0,0.0,1169.0,713.0,784.0,187,26,0.5491525423728814,7276994fe3b691a33351d3624d75910566c16617a432697d5d342172678d794d,0.19206680584551147,2.365395782917835,1008,0.18551587301587302,NONE,0
935703,DLTR,dollar tree,13028,5736.0,7292.0,0.0,4477.0,6011.0,2642.0,442,104,0.3406509057414799,7a760386ea72c5ddae3e4604fdc5f7fa942ad00c5db2a3d8dffc6bcb5912ebdf,0.11790633608815428,3.3539400568767475,1008,0.4384920634920635,NONE,0
1530721,CPRI,capri,4373,1841.0,2532.0,0.0,1336.0,1779.0,572.0,147,43,0.148868053967528,7a760386ea72c5ddae3e4604fdc5f7fa942ad00c5db2a3d8dffc6bcb5912ebdf,0.3037383177570093,2.5924392756703387,1008,0.14583333333333334,SINGLE_TOKEN_SEMANTIC_RISK,1
1540159,EDSA,stellar biotechnologies,448,389.0,59.0,0.0,350.0,91.0,115.0,11,3,0.020089285714285716,7276994fe3b691a33351d3624d75910566c16617a432697d5d342172678d794d,0.5757575757575758,0.9020522441650023,1008,0.010912698412698412,NONE,0
1274494,FSLR,first solar,19503,9262.0,10241.0,0.0,6927.0,7730.0,1987.0,402,110,0.28026457468081833,1b425b87521ec0ab5e4c02aa6bbf44fa197505a03a1fa7f593d749168cc34d2f,0.13254486133768353,3.3000146212401007,1008,0.39880952380952384,NONE,0
1739940,CI,cigna,17410,10722.0,6688.0,0.0,8217.0,7225.0,3536.0,521,77,0.2932797242963814,7a760386ea72c5ddae3e4604fdc5f7fa942ad00c5db2a3d8dffc6bcb5912ebdf,0.24295010845986983,2.6928488017830885,1008,0.5168650793650794,SINGLE_TOKEN_SEMANTIC_RISK,1
1093557,DXCM,dexcom,12243,3685.0,8558.0,0.0,2483.0,4935.0,2064.0,382,50,0.23801355876827576,7a760386ea72c5ddae3e4604fdc5f7fa942ad00c5db2a3d8dffc6bcb5912ebdf,0.25405405405405407,2.5710570783999263,1008,0.37896825396825395,SINGLE_TOKEN_SEMANTIC_RISK,1
779544,ARKR,ark restaurants,566,514.0,52.0,0.0,471.0,76.0,106.0,38,12,0.48939929328621906,7276994fe3b691a33351d3624d75910566c16617a432697d5d342172678d794d,0.48333333333333334,1.6617447743315934,1008,0.037698412698412696,NONE,0
910606,REG,regency centers,2845,1893.0,952.0,0.0,1564.0,960.0,682.0,167,25,0.29525483304042177,7a760386ea72c5ddae3e4604fdc5f7fa942ad00c5db2a3d8dffc6bcb5912ebdf,0.2757281553398058,2.3051079356804083,1008,0.16567460317460317,NONE,0
1384195,REI,ring energy,1090,667.0,423.0,0.0,577.0,419.0,523.0,120,11,0.3963302752293578,7276994fe3b691a33351d3624d75910566c16617a432697d5d342172678d794d,0.4053030303030303,1.7523430251020538,1008,0.11904761904761904,NONE,0
1171155,RLGT,radiant logistics,1181,811.0,370.0,0.0,722.0,327.0,304.0,64,16,0.4089754445385267,7a760386ea72c5ddae3e4604fdc5f7fa942ad00c5db2a3d8dffc6bcb5912ebdf,0.2927927927927928,2.130479831935932,1008,0.06349206349206349,NONE,0
1607678,VKTX,VKTX,7,0.0,0.0,7.0,5.0,2.0,7.0,2,1,0.14285714285714285,08f472aed74b038b1cd05a1e3cd5afd5b1a5ccd3c9ab2b14bf706239f26376a8,1.0,-0.0,1008,0.001984126984126984,SINGLE_TOKEN_SEMANTIC_RISK,1
51143,IBM,international business machines,16092,1362.0,14730.0,0.0,1541.0,8290.0,1950.0,502,12,0.0013049962714392245,b760b1294f1c1c3c7acaf7968447dba9b64ee4ce0b10d6aa81600f9526801e12,0.7633333333333333,0.8658676726347134,1008,0.498015873015873,NONE,0
1604778,QRVO,qorvo,5355,2877.0,2478.0,0.0,1927.0,2107.0,1806.0,357,35,0.4128851540616246,6752e69d6ebc246e5369e53b5493b1c51f51433551b895d3c67b2e427520e39e,0.2184557438794727,2.4075574323690723,1008,0.3541666666666667,SINGLE_TOKEN_SEMANTIC_RISK,1
1937653,ZYME,zymeworks,803,298.0,505.0,0.0,226.0,307.0,153.0,36,12,0.16064757160647572,bc866712ec3d41f918d736dba6181bfae8068e106956a8f51e7e26914276ce1e,0.3492063492063492,1.9356609719257405,1008,0.03571428571428571,SINGLE_TOKEN_SEMANTIC_RISK,1
1559053,PRTA,PRTA,2,0.0,0.0,2.0,2.0,0.0,0.0,0,1,0.0,1b425b87521ec0ab5e4c02aa6bbf44fa197505a03a1fa7f593d749168cc34d2f,1.0,-0.0,1008,0.0,SINGLE_TOKEN_SEMANTIC_RISK,1
1158114,AAOI,applied optoelectronics,3185,1274.0,1911.0,0.0,886.0,1739.0,566.0,155,24,0.38712715855573,1b425b87521ec0ab5e4c02aa6bbf44fa197505a03a1fa7f593d749168cc34d2f,0.22580645161290322,2.5385841741531356,1008,0.15376984126984128,NONE,0
1788999,XPER,xperi,471,293.0,178.0,0.0,148.0,274.0,299.0,44,9,0.025477707006369428,b760b1294f1c1c3c7acaf7968447dba9b64ee4ce0b10d6aa81600f9526801e12,0.40310077519379844,1.6906796394509525,630,0.06984126984126984,SINGLE_TOKEN_SEMANTIC_RISK,1
1075880,KZIA,kazia therapeutics,175,36.0,139.0,0.0,28.0,57.0,51.0,10,3,0.18857142857142858,6d85c5fcd083a75f7715c2add959f733b76cef5669e291147c7bb4af1f38a75b,0.6666666666666666,0.8239592165010823,1008,0.00992063492063492,NONE,0
765880,DOC,health care property investors,70,42.0,28.0,0.0,40.0,28.0,0.0,0,2,0.02857142857142857,b760b1294f1c1c3c7acaf7968447dba9b64ee4ce0b10d6aa81600f9526801e12,0.5789473684210527,0.6806294878916634,1008,0.0,NONE,0
1043961,PRPO,precipio,395,78.0,317.0,0.0,47.0,181.0,206.0,35,3,0.1291139240506329,6d85c5fcd083a75f7715c2add959f733b76cef5669e291147c7bb4af1f38a75b,0.6470588235294118,0.8082699580001821,1008,0.034722222222222224,SINGLE_TOKEN_SEMANTIC_RISK,1
1056358,MTEX,mannatech,987,926.0,61.0,0.0,878.0,108.0,161.0,55,10,0.2847011144883485,7276994fe3b691a33351d3624d75910566c16617a432697d5d342172678d794d,0.41732283464566927,1.7538725164623532,1008,0.054563492063492064,SINGLE_TOKEN_SEMANTIC_RISK,1
1584509,ARMK,aramark,3303,2141.0,1162.0,0.0,1831.0,1051.0,737.0,179,27,0.34120496518316684,7276994fe3b691a33351d3624d75910566c16617a432697d5d342172678d794d,0.2505643340857788,2.3906925226008924,1008,0.1775793650793651,SINGLE_TOKEN_SEMANTIC_RISK,1
1579877,OUT,outfront media,1507,642.0,865.0,0.0,310.0,914.0,534.0,150,8,0.2913072329130723,7a760386ea72c5ddae3e4604fdc5f7fa942ad00c5db2a3d8dffc6bcb5912ebdf,0.5573770491803278,1.2028549392765495,1008,0.1488095238095238,NONE,0
1283699,TMUS,metropcs communications,919,276.0,643.0,0.0,358.0,452.0,0.0,0,3,0.002176278563656148,7a760386ea72c5ddae3e4604fdc5f7fa942ad00c5db2a3d8dffc6bcb5912ebdf,0.42857142857142855,1.0042424730540764,1008,0.0,NONE,0
1107843,QLYS,qualys,2866,1843.0,1023.0,0.0,1621.0,860.0,802.0,227,23,0.4207955338450802,6752e69d6ebc246e5369e53b5493b1c51f51433551b895d3c67b2e427520e39e,0.24817518248175183,2.263871175215173,1008,0.2251984126984127,SINGLE_TOKEN_SEMANTIC_RISK,1
1272842,AIRG,airgain,256,164.0,92.0,0.0,58.0,176.0,53.0,27,6,0.30078125,54cdaa1af72fd153cc9dc0d244fb43a089e1f19b0524cbb0e47b632c54047c9d,0.3333333333333333,1.662144798901069,1008,0.026785714285714284,SINGLE_TOKEN_SEMANTIC_RISK,1
1129928,ONCY,oncolytics biotech,1097,979.0,118.0,0.0,957.0,100.0,130.0,43,25,0.300820419325433,84625ab1a763851f03bf27f1f4f68b3b7efe198626d098151d461cbb0e262da0,0.1901840490797546,2.640764753964256,1008,0.04265873015873016,NONE,0
1401667,PBYI,puma biotechnology,3775,1183.0,2592.0,0.0,964.0,1904.0,665.0,153,21,0.2619867549668874,7276994fe3b691a33351d3624d75910566c16617a432697d5d342172678d794d,0.2413793103448276,2.4092660935686836,1008,0.15178571428571427,NONE,0
1459200,ALRM,alarm com,1656,524.0,1132.0,0.0,219.0,908.0,376.0,136,10,0.28743961352657005,7a760386ea72c5ddae3e4604fdc5f7fa942ad00c5db2a3d8dffc6bcb5912ebdf,0.45348837209302323,1.7052740278605636,1008,0.1349206349206349,NONE,0
1108524,CRM,CRM,40,0.0,0.0,40.0,22.0,18.0,21.0,7,2,0.275,1b425b87521ec0ab5e4c02aa6bbf44fa197505a03a1fa7f593d749168cc34d2f,0.7272727272727273,0.5859526183035508,1008,0.006944444444444444,SINGLE_TOKEN_SEMANTIC_RISK,1
1671584,APVO,aptevo therapeutics,448,95.0,353.0,0.0,60.0,242.0,232.0,21,5,0.09375,7276994fe3b691a33351d3624d75910566c16617a432697d5d342172678d794d,0.4642857142857143,1.2709091706839362,1008,0.020833333333333332,NONE,0
943452,WAB,wabtec,2370,1703.0,667.0,0.0,1388.0,676.0,676.0,208,31,0.44050632911392407,7276994fe3b691a33351d3624d75910566c16617a432697d5d342172678d794d,0.2367758186397985,2.5456144652407695,1008,0.20634920634920634,SINGLE_TOKEN_SEMANTIC_RISK,1
1408198,MSCI,msci inc,3696,669.0,3027.0,0.0,848.0,2018.0,453.0,135,14,0.19345238095238096,b760b1294f1c1c3c7acaf7968447dba9b64ee4ce0b10d6aa81600f9526801e12,0.6183206106870229,1.4393942277425857,1008,0.13392857142857142,NONE,0
931148,EAF,graftech international,793,443.0,350.0,0.0,358.0,348.0,316.0,102,23,0.23707440100882723,b760b1294f1c1c3c7acaf7968447dba9b64ee4ce0b10d6aa81600f9526801e12,0.30833333333333335,2.5068879540029463,934,0.10920770877944326,NONE,0
1618835,EVFM,evofem biosciences,479,38.0,441.0,0.0,38.0,229.0,201.0,36,4,0.13778705636743216,7276994fe3b691a33351d3624d75910566c16617a432697d5d342172678d794d,0.5384615384615384,1.1972375015579317,1008,0.03571428571428571,NONE,0
1177609,FIVE,FIVE,21,0.0,0.0,21.0,0.0,21.0,21.0,1,1,0.0,7a760386ea72c5ddae3e4604fdc5f7fa942ad00c5db2a3d8dffc6bcb5912ebdf,1.0,-0.0,1008,0.000992063492063492,SINGLE_TOKEN_SEMANTIC_RISK,1
1610520,UBS,ubs group ag,2434,303.0,2131.0,0.0,255.0,1589.0,510.0,149,10,0.31183237469186526,b760b1294f1c1c3c7acaf7968447dba9b64ee4ce0b10d6aa81600f9526801e12,0.4175824175824176,1.4932244550281093,1008,0.14781746031746032,NONE,0
937098,TNET,trinet,1731,1105.0,626.0,0.0,947.0,603.0,365.0,117,20,0.4003466204506066,b760b1294f1c1c3c7acaf7968447dba9b64ee4ce0b10d6aa81600f9526801e12,0.25882352941176473,2.2419722625655285,1008,0.11607142857142858,SINGLE_TOKEN_SEMANTIC_RISK,1
879407,ARWR,arrowhead pharmaceuticals,1281,482.0,799.0,0.0,373.0,493.0,601.0,162,10,0.45901639344262296,7276994fe3b691a33351d3624d75910566c16617a432697d5d342172678d794d,0.3058823529411765,1.9293398062786824,1008,0.16071428571428573,NONE,0
278166,CVCO,cavco industries,705,469.0,236.0,0.0,427.0,244.0,246.0,71,10,0.28794326241134754,b760b1294f1c1c3c7acaf7968447dba9b64ee4ce0b10d6aa81600f9526801e12,0.40714285714285714,1.7075329134858797,1008,0.07043650793650794,NONE,0
1704720,CNNE,cannae,520,104.0,416.0,0.0,119.0,252.0,241.0,84,4,0.3192307692307692,7276994fe3b691a33351d3624d75910566c16617a432697d5d342172678d794d,0.75,0.8222653373287878,1008,0.08333333333333333,SINGLE_TOKEN_SEMANTIC_RISK,1
1409493,CIM,chimera investment,1432,714.0,718.0,0.0,604.0,828.0,302.0,105,6,0.22136871508379888,7276994fe3b691a33351d3624d75910566c16617a432697d5d342172678d794d,0.47058823529411764,1.4648711793521971,1008,0.10416666666666667,NONE,0
1259429,OXSQ,ticc capital,583,488.0,95.0,0.0,346.0,222.0,39.0,10,12,0.0,7276994fe3b691a33351d3624d75910566c16617a432697d5d342172678d794d,0.5411764705882353,1.557297881625743,1008,0.00992063492063492,NONE,0
1425450,KIDS,orthopediatrics,197,78.0,119.0,0.0,27.0,110.0,23.0,7,2,0.03553299492385787,b760b1294f1c1c3c7acaf7968447dba9b64ee4ce0b10d6aa81600f9526801e12,0.7,0.6108643020548935,1008,0.006944444444444444,SINGLE_TOKEN_SEMANTIC_RISK,1
1610601,MOMO,momo inc,1368,408.0,960.0,0.0,216.0,772.0,549.0,144,9,0.38011695906432746,b760b1294f1c1c3c7acaf7968447dba9b64ee4ce0b10d6aa81600f9526801e12,0.6222222222222222,1.2252158702781701,1008,0.14285714285714285,NONE,0
1159152,JHX,james hardie industries,1063,233.0,830.0,0.0,193.0,479.0,70.0,29,13,0.12605832549388524,7276994fe3b691a33351d3624d75910566c16617a432697d5d342172678d794d,0.4246575342465753,1.8710244910521903,1008,0.028769841269841268,NONE,0
1227476,JQC,nuveen credit strategies income fund,38,27.0,11.0,0.0,23.0,15.0,15.0,8,3,0.10526315789473684,7276994fe3b691a33351d3624d75910566c16617a432697d5d342172678d794d,0.5714285714285714,0.9556998911125343,1008,0.007936507936507936,NONE,0
1707303,DOGZ,dogness international,152,14.0,138.0,0.0,10.0,38.0,45.0,8,1,0.1118421052631579,7276994fe3b691a33351d3624d75910566c16617a432697d5d342172678d794d,1.0,-0.0,1008,0.007936507936507936,PUBLISHER_CONCENTRATION_GE_80_PERCENT,1
946644,AIM,aim immunotech,303,42.0,261.0,0.0,38.0,116.0,146.0,13,3,0.09900990099009901,6d85c5fcd083a75f7715c2add959f733b76cef5669e291147c7bb4af1f38a75b,0.5625,0.8647400965276372,1008,0.012896825396825396,NONE,0
1016178,CARV,carver bancorp,456,295.0,161.0,0.0,0.0,398.0,183.0,24,11,0.29605263157894735,7276994fe3b691a33351d3624d75910566c16617a432697d5d342172678d794d,0.4084507042253521,1.7208272348176923,1008,0.023809523809523808,NONE,0
1649989,OTLK,outlook therapeutics,219,40.0,179.0,0.0,40.0,110.0,92.0,21,3,0.2557077625570776,6d85c5fcd083a75f7715c2add959f733b76cef5669e291147c7bb4af1f38a75b,0.625,0.9002560512685369,1008,0.020833333333333332,NONE,0
1022321,GEL,genesis energy lp,161,46.0,115.0,0.0,55.0,80.0,41.0,15,7,0.4782608695652174,b760b1294f1c1c3c7acaf7968447dba9b64ee4ce0b10d6aa81600f9526801e12,0.5,1.4836940556458567,1008,0.01488095238095238,NONE,0
1073404,GGB,gerdau s a,955,306.0,649.0,0.0,253.0,465.0,181.0,71,9,0.4178010471204188,7276994fe3b691a33351d3624d75910566c16617a432697d5d342172678d794d,0.46875,1.6401057504734071,1008,0.07043650793650794,NONE,0
1644378,RMR,rmr group inc,380,72.0,308.0,0.0,39.0,264.0,139.0,51,2,0.32105263157894737,b760b1294f1c1c3c7acaf7968447dba9b64ee4ce0b10d6aa81600f9526801e12,0.6428571428571429,0.6517565611726531,1008,0.050595238095238096,NONE,0
1414932,OCSL,oaktree specialty lending,387,194.0,193.0,0.0,150.0,193.0,210.0,52,2,0.3152454780361757,7276994fe3b691a33351d3624d75910566c16617a432697d5d342172678d794d,0.8695652173913043,0.38721237518636065,1008,0.051587301587301584,PUBLISHER_CONCENTRATION_GE_80_PERCENT,1
1263994,UTG,utility income trust,115,104.0,11.0,0.0,0.0,113.0,20.0,10,1,0.0,7276994fe3b691a33351d3624d75910566c16617a432697d5d342172678d794d,1.0,-0.0,1008,0.00992063492063492,PUBLISHER_CONCENTRATION_GE_80_PERCENT,1
1393726,TIPT,care investment trust,174,172.0,2.0,0.0,162.0,12.0,0.0,0,1,0.017241379310344827,1b425b87521ec0ab5e4c02aa6bbf44fa197505a03a1fa7f593d749168cc34d2f,1.0,-0.0,1008,0.0,PUBLISHER_CONCENTRATION_GE_80_PERCENT,1
1415921,NMM,navios maritime partners l p,666,551.0,115.0,0.0,546.0,86.0,95.0,37,8,0.2777777777777778,b760b1294f1c1c3c7acaf7968447dba9b64ee4ce0b10d6aa81600f9526801e12,0.3815789473684211,1.6338958116133835,1008,0.03670634920634921,NONE,0
1527541,WHLRD,wheeler real estate investment trust,762,628.0,134.0,0.0,479.0,283.0,162.0,42,10,0.003937007874015748,7276994fe3b691a33351d3624d75910566c16617a432697d5d342172678d794d,0.3360655737704918,1.8483000767924145,1008,0.041666666666666664,NONE,0
1377757,GAU,keegan resources,88,56.0,32.0,0.0,56.0,15.0,0.0,0,0,0.0,,0.0,0.0,1008,0.0,NONE,0
1127371,CWBC,community west bancshares,236,173.0,63.0,0.0,115.0,114.0,22.0,19,1,0.3093220338983051,7276994fe3b691a33351d3624d75910566c16617a432697d5d342172678d794d,1.0,-0.0,1008,0.018849206349206348,PUBLISHER_CONCENTRATION_GE_80_PERCENT,1
724742,TPHS,syms corp,112,78.0,34.0,0.0,76.0,20.0,0.0,0,0,0.008928571428571428,,0.0,0.0,1008,0.0,NONE,0
916183,RCS,pimco strategic global government fund,58,54.0,4.0,0.0,54.0,2.0,0.0,0,0,0.0,,0.0,0.0,0,0.0,NONE,0
1244183,PFL,pimco floating rate income fund,70,70.0,0.0,0.0,26.0,44.0,0.0,0,0,0.0,,0.0,0.0,1008,0.0,NONE,0
1285550,CLPT,clearpoint neuro,203,72.0,131.0,0.0,13.0,131.0,79.0,16,1,0.18226600985221675,b760b1294f1c1c3c7acaf7968447dba9b64ee4ce0b10d6aa81600f9526801e12,1.0,-0.0,1008,0.015873015873015872,PUBLISHER_CONCENTRATION_GE_80_PERCENT,1
1378950,PRTS,u s auto parts network,626,383.0,243.0,0.0,359.0,212.0,96.0,33,16,0.46166134185303515,7276994fe3b691a33351d3624d75910566c16617a432697d5d342172678d794d,0.3655913978494624,2.1458033111257175,1008,0.03273809523809524,NONE,0
65312,EVI,envirostar,255,218.0,37.0,0.0,218.0,24.0,54.0,15,9,0.5882352941176471,7276994fe3b691a33351d3624d75910566c16617a432697d5d342172678d794d,0.3037974683544304,1.8019738552510143,1008,0.01488095238095238,SINGLE_TOKEN_SEMANTIC_RISK,1
859796,JOF,japan smaller capitalization fund,67,61.0,6.0,0.0,38.0,29.0,2.0,1,2,0.05970149253731343,b760b1294f1c1c3c7acaf7968447dba9b64ee4ce0b10d6aa81600f9526801e12,0.8888888888888888,0.34883209584303193,1008,0.000992063492063492,NONE,0
1046050,TSBK,timberland bancorp,392,319.0,73.0,0.0,0.0,380.0,88.0,35,11,0.45408163265306123,7276994fe3b691a33351d3624d75910566c16617a432697d5d342172678d794d,0.4189189189189189,1.810587459307389,1008,0.034722222222222224,NONE,0
1269238,TCOM,ctrip com international,1996,357.0,1639.0,0.0,267.0,1032.0,208.0,76,6,0.2895791583166333,b760b1294f1c1c3c7acaf7968447dba9b64ee4ce0b10d6aa81600f9526801e12,0.3170731707317073,1.411903881264506,1008,0.07539682539682539,NONE,0
1373670,GRBK,biofuel energy,168,124.0,44.0,0.0,139.0,16.0,0.0,0,3,0.005952380952380952,d014d5a638eac5b2d935d6b6b173e4769692dc2a63efe5b382d586866929bd06,0.7142857142857143,0.7963116401738131,1008,0.0,NONE,0
1216583,JPC,nuveen preferred income opportunities fund,77,38.0,39.0,0.0,38.0,37.0,16.0,7,1,0.18181818181818182,7276994fe3b691a33351d3624d75910566c16617a432697d5d342172678d794d,1.0,-0.0,1008,0.006944444444444444,NONE,0
924805,FRHC,bmb munai,48,48.0,0.0,0.0,46.0,2.0,0.0,0,0,0.0,,0.0,0.0,1006,0.0,NONE,0
1083220,XELB,netfabric,2,2.0,0.0,0.0,2.0,0.0,0.0,0,0,0.0,,0.0,0.0,1008,0.0,SINGLE_TOKEN_SEMANTIC_RISK,1
1362481,AGD,alpine global dynamic dividend fund,322,315.0,7.0,0.0,188.0,134.0,57.0,25,2,0.3944099378881988,b760b1294f1c1c3c7acaf7968447dba9b64ee4ce0b10d6aa81600f9526801e12,0.532258064516129,0.6910645689482917,1008,0.0248015873015873,NONE,0
1534675,TGLS,andina acquisition,133,31.0,102.0,0.0,30.0,103.0,2.0,1,0,0.015037593984962405,,0.0,0.0,1008,0.000992063492063492,NONE,0
1400810,HCI,homeowners choice,460,400.0,60.0,0.0,361.0,70.0,2.0,1,10,0.16956521739130434,1b425b87521ec0ab5e4c02aa6bbf44fa197505a03a1fa7f593d749168cc34d2f,0.3888888888888889,1.725071012062956,1008,0.000992063492063492,NONE,0
1425287,WKHS,amp holding inc,22,22.0,0.0,0.0,22.0,0.0,0.0,0,0,0.0,,0.0,0.0,1008,0.0,NONE,0
1383441,NIE,allianzgi equity convertible income fund,61,54.0,7.0,0.0,32.0,29.0,7.0,4,0,0.16393442622950818,,0.0,0.0,1008,0.003968253968253968,NONE,0
935036,ACIW,transaction systems architects,2,2.0,0.0,0.0,2.0,0.0,0.0,0,0,0.0,,0.0,0.0,1008,0.0,NONE,0
1610520,UBS,UBS,476,0.0,0.0,476.0,142.0,334.0,126.0,56,3,0.27941176470588236,deb56840b9cdc03f6c4ee4d521ae2d441afded63a6b8dfc35db2427b482be521,0.92,0.33422114621338295,1008,0.05555555555555555,PUBLISHER_CONCENTRATION_GE_80_PERCENT|SINGLE_TOKEN_SEMANTIC_RISK,2
1053092,GLDI,credit suisse fi,25,8.0,17.0,0.0,6.0,14.0,9.0,3,1,0.0,b760b1294f1c1c3c7acaf7968447dba9b64ee4ce0b10d6aa81600f9526801e12,1.0,-0.0,1008,0.002976190476190476,NONE,0
1526125,GDS,GDS,125,0.0,0.0,125.0,3.0,122.0,45.0,24,0,0.296,,0.0,0.0,1008,0.023809523809523808,SINGLE_TOKEN_SEMANTIC_RISK,1
898173,ORLY,oreilly automotive,166,0.0,166.0,0.0,6.0,14.0,1.0,1,0,0.12650602409638553,,0.0,0.0,1008,0.000992063492063492,NONE,0
1749723,NFE,new fortress energy,1459,127.0,1332.0,0.0,252.0,461.0,130.0,54,3,0.22344071281699796,b760b1294f1c1c3c7acaf7968447dba9b64ee4ce0b10d6aa81600f9526801e12,0.6,0.9502705392332347,737,0.07327001356852103,NONE,0
874501,OSG,OSG,95,0.0,0.0,95.0,12.0,83.0,8.0,6,0,0.14736842105263157,,0.0,0.0,1008,0.005952380952380952,SINGLE_TOKEN_SEMANTIC_RISK,1
923796,GEO,GEO,300,0.0,0.0,300.0,49.0,251.0,144.0,56,0,0.2833333333333333,,0.0,0.0,1008,0.05555555555555555,SINGLE_TOKEN_SEMANTIC_RISK,1
1561894,HASI,HASI,137,0.0,0.0,137.0,76.0,61.0,66.0,19,0,0.20437956204379562,,0.0,0.0,1008,0.018849206349206348,SINGLE_TOKEN_SEMANTIC_RISK,1
1527541,WHLRD,WHLR,31,0.0,0.0,31.0,0.0,31.0,0.0,0,0,0.0,,0.0,0.0,1008,0.0,SINGLE_TOKEN_SEMANTIC_RISK,1
1789832,HESM,hess midstream lp,300,54.0,246.0,0.0,56.0,78.0,27.0,20,0,0.2966666666666667,,0.0,0.0,1008,0.01984126984126984,NONE,0
1499422,RBB,rbb bancorp,376,31.0,345.0,0.0,0.0,365.0,125.0,16,0,0.17553191489361702,,0.0,0.0,1008,0.015873015873015872,NONE,0
1090116,NVG,nuveen amt free municipal credit income fund,142,85.0,57.0,0.0,75.0,46.0,88.0,45,2,0.4788732394366197,7276994fe3b691a33351d3624d75910566c16617a432697d5d342172678d794d,0.6,0.6730116670092565,1008,0.044642857142857144,NONE,0
1322422,HBM,HBM,2,0.0,0.0,2.0,0.0,2.0,2.0,1,0,0.5,,0.0,0.0,1008,0.000992063492063492,SINGLE_TOKEN_SEMANTIC_RISK,1
1023731,EGHT,EGHT,220,0.0,0.0,220.0,58.0,162.0,92.0,40,1,0.44545454545454544,09ed925742d2c97c603d2a6d06b043edecc5bdcfa7f3aab33dfc491777138238,1.0,-0.0,1008,0.03968253968253968,PUBLISHER_CONCENTRATION_GE_80_PERCENT|SINGLE_TOKEN_SEMANTIC_RISK,2
1644378,RMR,RMR,57,0.0,0.0,57.0,4.0,53.0,1.0,1,0,0.10526315789473684,,0.0,0.0,1008,0.000992063492063492,SINGLE_TOKEN_SEMANTIC_RISK,1
1474903,BGSF,bgsf inc,104,15.0,89.0,0.0,15.0,40.0,12.0,11,0,0.4230769230769231,,0.0,0.0,1008,0.010912698412698412,NONE,0
277948,CSX,CSX,581,0.0,0.0,581.0,73.0,508.0,262.0,112,3,0.4079173838209983,deb56840b9cdc03f6c4ee4d521ae2d441afded63a6b8dfc35db2427b482be521,0.6,0.9502705392332347,1008,0.1111111111111111,SINGLE_TOKEN_SEMANTIC_RISK,1
1709819,FEDU,four seasons education cayman,27,9.0,18.0,0.0,0.0,14.0,14.0,6,1,0.1111111111111111,b760b1294f1c1c3c7acaf7968447dba9b64ee4ce0b10d6aa81600f9526801e12,1.0,-0.0,1008,0.005952380952380952,NONE,0
1324404,CF,CF,382,0.0,0.0,382.0,225.0,157.0,33.0,12,5,0.6256544502617801,deb56840b9cdc03f6c4ee4d521ae2d441afded63a6b8dfc35db2427b482be521,0.9438202247191011,0.2911655218224968,1008,0.011904761904761904,PUBLISHER_CONCENTRATION_GE_80_PERCENT|SINGLE_TOKEN_SEMANTIC_RISK,2
1364479,HRI,herc holdings inc,437,68.0,369.0,0.0,94.0,174.0,85.0,50,1,0.40045766590389015,b760b1294f1c1c3c7acaf7968447dba9b64ee4ce0b10d6aa81600f9526801e12,1.0,-0.0,1008,0.0496031746031746,PUBLISHER_CONCENTRATION_GE_80_PERCENT,1
8504,UAVS,ageagle aerial systems,224,34.0,190.0,0.0,21.0,116.0,126.0,37,1,0.23214285714285715,1b425b87521ec0ab5e4c02aa6bbf44fa197505a03a1fa7f593d749168cc34d2f,1.0,-0.0,1008,0.03670634920634921,PUBLISHER_CONCENTRATION_GE_80_PERCENT,1
894627,EGY,EGY,151,0.0,0.0,151.0,26.0,125.0,20.0,10,0,0.31125827814569534,,0.0,0.0,1008,0.00992063492063492,SINGLE_TOKEN_SEMANTIC_RISK,1
842180,BBVA,BBVA,102,0.0,0.0,102.0,22.0,80.0,41.0,17,0,0.21568627450980393,,0.0,0.0,1008,0.016865079365079364,SINGLE_TOKEN_SEMANTIC_RISK,1
1472494,BNO,united states brent oil fund lp,284,0.0,284.0,0.0,29.0,25.0,18.0,5,0,0.10915492957746478,,0.0,0.0,1008,0.00496031746031746,NONE,0
1513761,NCLH,NCLH,73,0.0,0.0,73.0,9.0,64.0,36.0,19,1,0.273972602739726,deb56840b9cdc03f6c4ee4d521ae2d441afded63a6b8dfc35db2427b482be521,1.0,-0.0,1008,0.018849206349206348,SINGLE_TOKEN_SEMANTIC_RISK,1
1913971,BPRN,BPRN,15,0.0,0.0,15.0,0.0,15.0,12.0,11,0,1.0,,0.0,0.0,1008,0.010912698412698412,SINGLE_TOKEN_SEMANTIC_RISK,1
1089872,GAIA,gaia inc,101,38.0,63.0,0.0,34.0,49.0,56.0,19,3,0.42574257425742573,7276994fe3b691a33351d3624d75910566c16617a432697d5d342172678d794d,0.5882352941176471,0.8463658296262874,1008,0.018849206349206348,NONE,0
1463101,ENPH,ENPH,119,0.0,0.0,119.0,27.0,92.0,68.0,24,2,0.3025210084033613,babc52a4295806f4e989a4dcdcfca96e8a4054b58bcbd9cab57492d157f49442,0.6,0.6730116670092565,1008,0.023809523809523808,SINGLE_TOKEN_SEMANTIC_RISK,1
921738,PENN,PENN,169,0.0,0.0,169.0,30.0,139.0,141.0,47,1,0.20710059171597633,d014d5a638eac5b2d935d6b6b173e4769692dc2a63efe5b382d586866929bd06,1.0,-0.0,1008,0.04662698412698413,PUBLISHER_CONCENTRATION_GE_80_PERCENT|SINGLE_TOKEN_SEMANTIC_RISK,2
1378789,AER,AER,109,0.0,0.0,109.0,16.0,93.0,92.0,40,0,0.0,,0.0,0.0,1008,0.03968253968253968,SINGLE_TOKEN_SEMANTIC_RISK,1
1027664,ESLT,ESLT,4,0.0,0.0,4.0,0.0,4.0,4.0,2,0,0.0,,0.0,0.0,1008,0.001984126984126984,SINGLE_TOKEN_SEMANTIC_RISK,1
1048695,FFIV,FFIV,74,0.0,0.0,74.0,2.0,72.0,2.0,2,0,0.4189189189189189,,0.0,0.0,1008,0.001984126984126984,SINGLE_TOKEN_SEMANTIC_RISK,1
1531031,ESQ,esquire financial,146,43.0,103.0,0.0,6.0,128.0,32.0,17,0,0.4863013698630137,,0.0,0.0,1008,0.016865079365079364,NONE,0
1221029,CPAC,cementos pacasmayo saa,84,5.0,79.0,0.0,15.0,44.0,4.0,2,2,0.20238095238095238,7276994fe3b691a33351d3624d75910566c16617a432697d5d342172678d794d,0.5,0.6931471805599453,1008,0.001984126984126984,NONE,0
1342338,HIMX,HIMX,10,0.0,0.0,10.0,2.0,8.0,6.0,3,1,0.4,84625ab1a763851f03bf27f1f4f68b3b7efe198626d098151d461cbb0e262da0,1.0,-0.0,1008,0.002976190476190476,SINGLE_TOKEN_SEMANTIC_RISK,1
790816,BDN,BDN,6,0.0,0.0,6.0,0.0,6.0,0.0,0,0,0.3333333333333333,,0.0,0.0,1008,0.0,SINGLE_TOKEN_SEMANTIC_RISK,1
1040470,AEHR,AEHR,2,0.0,0.0,2.0,0.0,2.0,2.0,1,0,0.0,,0.0,0.0,1008,0.000992063492063492,SINGLE_TOKEN_SEMANTIC_RISK,1
797468,OXY,occidental petroleum corp de,5,2.0,3.0,0.0,2.0,3.0,0.0,0,1,1.0,84625ab1a763851f03bf27f1f4f68b3b7efe198626d098151d461cbb0e262da0,1.0,-0.0,1008,0.0,NONE,0
1517399,SUPV,SUPV,30,0.0,0.0,30.0,4.0,26.0,27.0,14,0,0.43333333333333335,,0.0,0.0,1008,0.013888888888888888,SINGLE_TOKEN_SEMANTIC_RISK,1
1266585,NMZ,nuveen municipal high income opportunity fund,65,52.0,13.0,0.0,0.0,64.0,30.0,27,1,0.7230769230769231,7276994fe3b691a33351d3624d75910566c16617a432697d5d342172678d794d,1.0,-0.0,1008,0.026785714285714284,NONE,0
1630472,TRTX,TRTX,2,0.0,0.0,2.0,0.0,2.0,2.0,1,0,0.5,,0.0,0.0,1008,0.000992063492063492,SINGLE_TOKEN_SEMANTIC_RISK,1
1376321,CNET,emazing interactive,10,10.0,0.0,0.0,0.0,10.0,0.0,0,1,0.0,899feb94f03b699155327981274efda4d980eba15273b69e3928a653287f0f0a,1.0,-0.0,1008,0.0,NONE,0
1178670,ALNY,ALNY,13,0.0,0.0,13.0,2.0,11.0,5.0,2,1,0.3076923076923077,1b425b87521ec0ab5e4c02aa6bbf44fa197505a03a1fa7f593d749168cc34d2f,1.0,-0.0,1008,0.001984126984126984,SINGLE_TOKEN_SEMANTIC_RISK,1
1343793,BTA,blackrock long term municipal advantage trust,43,43.0,0.0,0.0,14.0,29.0,27.0,21,1,1.0,7276994fe3b691a33351d3624d75910566c16617a432697d5d342172678d794d,1.0,-0.0,1008,0.020833333333333332,NONE,0
1219120,AVK,advent claymore convertible securities income fund,26,24.0,2.0,0.0,24.0,2.0,2.0,1,1,0.15384615384615385,7276994fe3b691a33351d3624d75910566c16617a432697d5d342172678d794d,1.0,-0.0,1008,0.000992063492063492,NONE,0
318306,ABEO,plasmatech biopharmaceuticals,156,156.0,0.0,0.0,148.0,8.0,0.0,0,7,0.0,84625ab1a763851f03bf27f1f4f68b3b7efe198626d098151d461cbb0e262da0,0.3333333333333333,1.759429482437211,1008,0.0,NONE,0
1074769,NAN,nuveen new york dividend advantage municipal fund,51,50.0,1.0,0.0,25.0,26.0,8.0,4,3,0.7450980392156863,7276994fe3b691a33351d3624d75910566c16617a432697d5d342172678d794d,0.6666666666666666,0.8675632284814612,1008,0.003968253968253968,NONE,0
1410636,AWK,AWK,79,0.0,0.0,79.0,78.0,1.0,0.0,0,2,0.9873417721518988,deb56840b9cdc03f6c4ee4d521ae2d441afded63a6b8dfc35db2427b482be521,0.9487179487179487,0.20227300179743635,1008,0.0,SINGLE_TOKEN_SEMANTIC_RISK,1
1390195,AWP,aberdeen global premier properties fund,67,53.0,14.0,0.0,52.0,15.0,62.0,27,2,0.8059701492537313,b760b1294f1c1c3c7acaf7968447dba9b64ee4ce0b10d6aa81600f9526801e12,0.6538461538461539,0.6450331516760341,1008,0.026785714285714284,NONE,0
909494,TCX,infonautics,2,0.0,2.0,0.0,0.0,0.0,0.0,0,1,0.0,215816bf42103f1f2b24c168779f1fb0ea3afcb7a2c627e42e0bcd7fe07eb70a,1.0,-0.0,1008,0.0,SINGLE_TOKEN_SEMANTIC_RISK,1
33992,KINS,extech,16,16.0,0.0,0.0,16.0,0.0,0.0,0,0,0.0,,0.0,0.0,1008,0.0,SINGLE_TOKEN_SEMANTIC_RISK,1
709283,QMCO,QMCO,18,0.0,0.0,18.0,0.0,18.0,11.0,8,0,0.8333333333333334,,0.0,0.0,1008,0.007936507936507936,SINGLE_TOKEN_SEMANTIC_RISK,1
1000697,WAT,waters de,3,0.0,3.0,0.0,0.0,0.0,0.0,0,0,0.0,,0.0,0.0,1008,0.0,NONE,0
1061894,GIL,GIL,4,0.0,0.0,4.0,2.0,2.0,0.0,0,1,0.5,84625ab1a763851f03bf27f1f4f68b3b7efe198626d098151d461cbb0e262da0,1.0,-0.0,1008,0.0,SINGLE_TOKEN_SEMANTIC_RISK,1
1109345,NVMI,NVMI,12,0.0,0.0,12.0,1.0,11.0,2.0,2,0,0.3333333333333333,,0.0,0.0,1008,0.001984126984126984,SINGLE_TOKEN_SEMANTIC_RISK,1
1345126,CODI,CODI,9,0.0,0.0,9.0,6.0,3.0,3.0,1,1,0.6666666666666666,deb56840b9cdc03f6c4ee4d521ae2d441afded63a6b8dfc35db2427b482be521,1.0,-0.0,1008,0.000992063492063492,SINGLE_TOKEN_SEMANTIC_RISK,1
1390195,AWP,AWP,2,0.0,0.0,2.0,0.0,2.0,0.0,0,0,0.0,,0.0,0.0,1008,0.0,SINGLE_TOKEN_SEMANTIC_RISK,1
1108109,CYH,CYH,60,0.0,0.0,60.0,52.0,8.0,0.0,0,1,0.8833333333333333,deb56840b9cdc03f6c4ee4d521ae2d441afded63a6b8dfc35db2427b482be521,1.0,-0.0,1008,0.0,SINGLE_TOKEN_SEMANTIC_RISK,1
1616000,XHR,XHR,1,0.0,0.0,1.0,1.0,0.0,1.0,1,0,1.0,,0.0,0.0,1008,0.000992063492063492,SINGLE_TOKEN_SEMANTIC_RISK,1
1410384,QTWO,cbg holdings inc,2,2.0,0.0,0.0,2.0,0.0,0.0,0,0,0.0,,0.0,0.0,1008,0.0,NONE,0
1451505,RIG,RIG,2,0.0,0.0,2.0,2.0,0.0,0.0,0,1,1.0,84625ab1a763851f03bf27f1f4f68b3b7efe198626d098151d461cbb0e262da0,1.0,-0.0,1008,0.0,SINGLE_TOKEN_SEMANTIC_RISK,1
1216583,JPC,nuveen multi strategy income growth fund,4,4.0,0.0,0.0,0.0,4.0,0.0,0,0,0.0,,0.0,0.0,1008,0.0,NONE,0
872912,DCTH,DCTH,1,0.0,0.0,1.0,0.0,1.0,0.0,0,0,1.0,,0.0,0.0,1007,0.0,SINGLE_TOKEN_SEMANTIC_RISK,1
771856,CSBR,champions sports,1,0.0,1.0,0.0,0.0,0.0,0.0,0,0,0.0,,0.0,0.0,1008,0.0,NONE,0
1013605,PDS,PDS,2,0.0,0.0,2.0,0.0,2.0,0.0,0,0,0.5,,0.0,0.0,1008,0.0,SINGLE_TOKEN_SEMANTIC_RISK,1
1578987,BANX,arrowmark financial,6,1.0,5.0,0.0,0.0,6.0,0.0,0,0,0.5,,0.0,0.0,1008,0.0,NONE,0
1171155,RLGT,golf two,4,2.0,2.0,0.0,4.0,0.0,0.0,0,0,0.0,,0.0,0.0,1008,0.0,NONE,0
1711279,KRYS,KRYS,4,0.0,0.0,4.0,0.0,4.0,0.0,0,0,0.25,,0.0,0.0,1008,0.0,SINGLE_TOKEN_SEMANTIC_RISK,1
890541,BLX,BLX,7,0.0,0.0,7.0,6.0,1.0,6.0,6,0,1.0,,0.0,0.0,1008,0.005952380952380952,SINGLE_TOKEN_SEMANTIC_RISK,1
1575793,WATT,dvinewave,2,2.0,0.0,0.0,2.0,0.0,0.0,0,0,0.0,,0.0,0.0,1008,0.0,SINGLE_TOKEN_SEMANTIC_RISK,1
910406,HAIN,HAIN,61,0.0,0.0,61.0,60.0,1.0,0.0,0,2,0.9672131147540983,deb56840b9cdc03f6c4ee4d521ae2d441afded63a6b8dfc35db2427b482be521,0.9333333333333333,0.24493002679463532,1008,0.0,SINGLE_TOKEN_SEMANTIC_RISK,1
30305,DCO,DCO,33,0.0,0.0,33.0,16.0,17.0,16.0,16,0,0.8787878787878788,,0.0,0.0,1008,0.015873015873015872,SINGLE_TOKEN_SEMANTIC_RISK,1
883265,VTN,invesco trust for investment grade new york municipals,17,15.0,2.0,0.0,17.0,0.0,12.0,6,2,1.0,7276994fe3b691a33351d3624d75910566c16617a432697d5d342172678d794d,0.8571428571428571,0.410116318288409,1008,0.005952380952380952,NONE,0
919567,RCG,renaissance capital growth income fund iii,4,4.0,0.0,0.0,4.0,0.0,0.0,0,0,0.0,,0.0,0.0,1008,0.0,NONE,0
314489,BUSE,BUSE,25,0.0,0.0,25.0,0.0,25.0,9.0,9,0,0.88,,0.0,0.0,1008,0.008928571428571428,SINGLE_TOKEN_SEMANTIC_RISK,1
1267902,WIW,western asset inflation linked opportunities income fund,1,1.0,0.0,0.0,1.0,0.0,0.0,0,0,1.0,,0.0,0.0,1008,0.0,NONE,0
1565228,VISL,VISL,1,0.0,0.0,1.0,1.0,0.0,1.0,1,0,1.0,,0.0,0.0,1008,0.000992063492063492,SINGLE_TOKEN_SEMANTIC_RISK,1
1279014,ERH,ERH,1,0.0,0.0,1.0,1.0,0.0,1.0,1,0,0.0,,0.0,0.0,1008,0.000992063492063492,SINGLE_TOKEN_SEMANTIC_RISK,1
1318025,PGP,PGP,2,0.0,0.0,2.0,0.0,2.0,0.0,0,0,0.5,,0.0,0.0,1008,0.0,SINGLE_TOKEN_SEMANTIC_RISK,1
1359931,TARA,artara therapeutics,2,2.0,0.0,0.0,0.0,2.0,0.0,0,0,1.0,,0.0,0.0,1008,0.0,NONE,0
706863,UNB,UNB,2,0.0,0.0,2.0,0.0,2.0,2.0,2,0,1.0,,0.0,0.0,1008,0.001984126984126984,SINGLE_TOKEN_SEMANTIC_RISK,1
912615,URBN,urban outfitters,9998,5339.0,4659.0,0.0,3814.0,4492.0,2311.0,389,102,0.3945789157831566,7a760386ea72c5ddae3e4604fdc5f7fa942ad00c5db2a3d8dffc6bcb5912ebdf,0.19186399514268368,3.439006330019792,1008,0.38591269841269843,NONE,0
1137774,PRH,prudential financial,8497,3284.0,5213.0,0.0,3.0,6909.0,1619.0,373,46,0.0012945745557255502,7a760386ea72c5ddae3e4604fdc5f7fa942ad00c5db2a3d8dffc6bcb5912ebdf,0.22121212121212122,2.6716459066095952,630,0.5920634920634921,NONE,0
821026,ANDE,andersons,4206,1324.0,2882.0,0.0,793.0,2234.0,277.0,83,13,0.16000951022349025,7a760386ea72c5ddae3e4604fdc5f7fa942ad00c5db2a3d8dffc6bcb5912ebdf,0.6505376344086021,1.273934679395861,1008,0.08234126984126984,SINGLE_TOKEN_SEMANTIC_RISK,1
1381197,IBKR,interactive brokers,5148,2776.0,2372.0,0.0,2.0,4520.0,1302.0,248,49,0.1921134421134421,7276994fe3b691a33351d3624d75910566c16617a432697d5d342172678d794d,0.3533678756476684,2.154946149214042,1008,0.24603174603174602,NONE,0
1021860,NOV,NOV,148,0.0,0.0,148.0,109.0,39.0,10.0,8,2,0.8378378378378378,deb56840b9cdc03f6c4ee4d521ae2d441afded63a6b8dfc35db2427b482be521,0.9565217391304348,0.17884491271684755,1008,0.007936507936507936,PUBLISHER_CONCENTRATION_GE_80_PERCENT|SINGLE_TOKEN_SEMANTIC_RISK,2
1270436,COHN,cohen,21272,8529.0,12743.0,0.0,6040.0,10376.0,3055.0,613,52,0.0011282437006393381,b760b1294f1c1c3c7acaf7968447dba9b64ee4ce0b10d6aa81600f9526801e12,0.4476600985221675,2.027638579357928,1008,0.6081349206349206,SINGLE_TOKEN_SEMANTIC_RISK,1
1009001,CCJ,cameco,5250,3058.0,2192.0,0.0,2813.0,1410.0,935.0,236,39,0.30704761904761907,7276994fe3b691a33351d3624d75910566c16617a432697d5d342172678d794d,0.39279869067103107,2.2672039632373986,1008,0.23412698412698413,SINGLE_TOKEN_SEMANTIC_RISK,1
1048911,FDX,fedex,28619,14269.0,14350.0,0.0,10312.0,12730.0,6397.0,868,152,0.2861385792655229,7276994fe3b691a33351d3624d75910566c16617a432697d5d342172678d794d,0.14314988290398126,3.3869538317546435,1008,0.8611111111111112,SINGLE_TOKEN_SEMANTIC_RISK,1
1527636,ATHM,autohome,2532,1396.0,1136.0,0.0,1230.0,861.0,788.0,216,20,0.45537124802527645,6752e69d6ebc246e5369e53b5493b1c51f51433551b895d3c67b2e427520e39e,0.38698010849909587,1.9657080564690563,1008,0.21428571428571427,SINGLE_TOKEN_SEMANTIC_RISK,1
817720,SYNA,synaptics,3882,2871.0,1011.0,0.0,2352.0,970.0,809.0,192,55,0.511334363730036,6752e69d6ebc246e5369e53b5493b1c51f51433551b895d3c67b2e427520e39e,0.15575620767494355,2.785127554545902,1008,0.19047619047619047,SINGLE_TOKEN_SEMANTIC_RISK,1
1097149,ALGN,align technology,9048,3192.0,5856.0,0.0,2376.0,4224.0,2343.0,461,37,0.35234305923961096,7a760386ea72c5ddae3e4604fdc5f7fa942ad00c5db2a3d8dffc6bcb5912ebdf,0.3089820359281437,2.349734387225946,1008,0.4573412698412698,NONE,0
1329099,BIDU,BIDU,13,0.0,0.0,13.0,2.0,11.0,2.0,1,4,0.38461538461538464,a6b342c58afec58a888d1a4b68a52c5d20d7a65d813f5520038b11b5ef584e03,0.4,1.3321790402101223,1008,0.000992063492063492,SINGLE_TOKEN_SEMANTIC_RISK,1
1075531,BKNG,priceline,8600,6159.0,2441.0,0.0,4342.0,3190.0,138.0,41,108,0.0031395348837209304,6752e69d6ebc246e5369e53b5493b1c51f51433551b895d3c67b2e427520e39e,0.21674876847290642,3.2395931441348154,1008,0.040674603174603176,SINGLE_TOKEN_SEMANTIC_RISK,1
1140859,COR,amerisourcebergen,4950,2696.0,2254.0,0.0,2408.0,1939.0,1333.0,261,48,0.0006060606060606061,7a760386ea72c5ddae3e4604fdc5f7fa942ad00c5db2a3d8dffc6bcb5912ebdf,0.16956521739130434,2.875282993466069,1008,0.25892857142857145,SINGLE_TOKEN_SEMANTIC_RISK,1
318306,ABEO,access pharmaceuticals,310,310.0,0.0,0.0,300.0,10.0,0.0,0,1,0.0,899feb94f03b699155327981274efda4d980eba15273b69e3928a653287f0f0a,1.0,-0.0,1008,0.0,PUBLISHER_CONCENTRATION_GE_80_PERCENT,1
1597835,CMCM,cheetah mobile,1368,830.0,538.0,0.0,767.0,328.0,401.0,86,21,0.49853801169590645,7276994fe3b691a33351d3624d75910566c16617a432697d5d342172678d794d,0.26644736842105265,2.3376891825727015,1008,0.08531746031746032,NONE,0
1634117,BNED,barnes noble education,672,237.0,435.0,0.0,172.0,326.0,246.0,53,9,0.20089285714285715,6d85c5fcd083a75f7715c2add959f733b76cef5669e291147c7bb4af1f38a75b,0.40625,1.4181062977054946,1008,0.05257936507936508,NONE,0
1133311,TZOO,travelzoo,2166,1681.0,485.0,0.0,1496.0,534.0,238.0,52,55,0.402123730378578,7276994fe3b691a33351d3624d75910566c16617a432697d5d342172678d794d,0.2085201793721973,3.184822848107038,1008,0.051587301587301584,SINGLE_TOKEN_SEMANTIC_RISK,1
1034670,ALV,autoliv,4574,3164.0,1410.0,0.0,2604.0,1655.0,806.0,211,41,0.38828159160472236,7a760386ea72c5ddae3e4604fdc5f7fa942ad00c5db2a3d8dffc6bcb5912ebdf,0.28156748911465895,2.490150036845489,1008,0.20932539682539683,SINGLE_TOKEN_SEMANTIC_RISK,1
936395,CIEN,ciena,7489,5355.0,2134.0,0.0,4164.0,2844.0,1733.0,332,82,0.41727867539057284,7a760386ea72c5ddae3e4604fdc5f7fa942ad00c5db2a3d8dffc6bcb5912ebdf,0.17115384615384616,3.152243416146682,1008,0.32936507936507936,SINGLE_TOKEN_SEMANTIC_RISK,1
1495153,MMYT,makemytrip,1689,987.0,702.0,0.0,755.0,598.0,261.0,87,34,0.42451154529307283,7276994fe3b691a33351d3624d75910566c16617a432697d5d342172678d794d,0.24814814814814815,2.800892936906103,1008,0.08630952380952381,SINGLE_TOKEN_SEMANTIC_RISK,1
1604821,NTRA,natera,989,372.0,617.0,0.0,307.0,328.0,249.0,72,8,0.20525783619817997,b760b1294f1c1c3c7acaf7968447dba9b64ee4ce0b10d6aa81600f9526801e12,0.5,1.4463609017120551,1008,0.07142857142857142,SINGLE_TOKEN_SEMANTIC_RISK,1
104169,WMT,wal mart stores,12029,1370.0,10659.0,0.0,2075.0,5883.0,113.0,29,22,0.00033252971984371103,7a760386ea72c5ddae3e4604fdc5f7fa942ad00c5db2a3d8dffc6bcb5912ebdf,0.31862745098039214,2.063869423095944,1008,0.028769841269841268,NONE,0
887596,CAKE,cheesecake factory,4480,3037.0,1443.0,0.0,2311.0,1620.0,1094.0,237,63,0.3997767857142857,7a760386ea72c5ddae3e4604fdc5f7fa942ad00c5db2a3d8dffc6bcb5912ebdf,0.27456258411843876,2.7971352184473766,1008,0.23511904761904762,NONE,0
1681459,FTI,technipfmc,5049,1411.0,3638.0,0.0,1168.0,1921.0,2065.0,319,19,0.2707466825113884,7a760386ea72c5ddae3e4604fdc5f7fa942ad00c5db2a3d8dffc6bcb5912ebdf,0.27734375,2.0815582016996927,1008,0.31646825396825395,SINGLE_TOKEN_SEMANTIC_RISK,1
5513,UNM,unum group,3923,1600.0,2323.0,0.0,964.0,2261.0,648.0,203,15,0.27300535304613816,7a760386ea72c5ddae3e4604fdc5f7fa942ad00c5db2a3d8dffc6bcb5912ebdf,0.6512820512820513,1.3032504585430067,1008,0.2013888888888889,NONE,0
1439222,AGIO,AGIO,31,0.0,0.0,31.0,26.0,5.0,1.0,1,3,0.7096774193548387,deb56840b9cdc03f6c4ee4d521ae2d441afded63a6b8dfc35db2427b482be521,0.5,0.9184277849930975,1008,0.000992063492063492,SINGLE_TOKEN_SEMANTIC_RISK,1
1632127,CABO,cable one,1082,458.0,624.0,0.0,255.0,502.0,228.0,103,5,0.30868761552680224,b760b1294f1c1c3c7acaf7968447dba9b64ee4ce0b10d6aa81600f9526801e12,0.5370370370370371,1.1712574489021708,1008,0.10218253968253968,NONE,0
917251,ADC,agree realty,3354,1926.0,1428.0,0.0,1678.0,1077.0,691.0,207,37,0.44782349433512225,7276994fe3b691a33351d3624d75910566c16617a432697d5d342172678d794d,0.18518518518518517,2.582515036388867,1008,0.20535714285714285,NONE,0
1234006,GOOD,gladstone commercial,1177,833.0,344.0,0.0,598.0,459.0,123.0,65,5,0.24893797790994052,7a760386ea72c5ddae3e4604fdc5f7fa942ad00c5db2a3d8dffc6bcb5912ebdf,0.5609756097560976,1.1431469049177756,1008,0.06448412698412699,NONE,0
1742518,MTC,mmtec,370,136.0,234.0,0.0,71.0,189.0,259.0,23,1,0.04594594594594595,7276994fe3b691a33351d3624d75910566c16617a432697d5d342172678d794d,1.0,-0.0,774,0.029715762273901807,PUBLISHER_CONCENTRATION_GE_80_PERCENT|SINGLE_TOKEN_SEMANTIC_RISK,2
1005229,CMCO,columbus mckinnon,1647,1141.0,506.0,0.0,920.0,617.0,446.0,115,23,0.4013357619914997,7276994fe3b691a33351d3624d75910566c16617a432697d5d342172678d794d,0.3562753036437247,2.0343611431679043,1008,0.11408730158730158,NONE,0
1617640,Z,zillow,9396,4221.0,5175.0,0.0,3478.0,3210.0,1744.0,381,42,0.13111962537249894,6752e69d6ebc246e5369e53b5493b1c51f51433551b895d3c67b2e427520e39e,0.2329246935201401,2.6424663700526048,1008,0.37797619047619047,SINGLE_TOKEN_SEMANTIC_RISK,1
886163,LGND,ligand pharmaceuticals,2761,994.0,1767.0,0.0,807.0,1319.0,679.0,187,31,0.20536037667511772,7276994fe3b691a33351d3624d75910566c16617a432697d5d342172678d794d,0.19571045576407506,2.5375437064233424,1008,0.18551587301587302,NONE,0
1099800,EW,edwards lifesciences,9214,4787.0,4427.0,0.0,3667.0,3538.0,2140.0,397,62,0.3968960277838072,7a760386ea72c5ddae3e4604fdc5f7fa942ad00c5db2a3d8dffc6bcb5912ebdf,0.23908794788273616,2.835751281302395,1008,0.39384920634920634,NONE,0
1288469,MXL,maxlinear,2600,1659.0,941.0,0.0,1343.0,895.0,372.0,104,29,0.3923076923076923,6752e69d6ebc246e5369e53b5493b1c51f51433551b895d3c67b2e427520e39e,0.22494432071269488,2.446066235629361,1008,0.10317460317460317,SINGLE_TOKEN_SEMANTIC_RISK,1
1636519,MSGS,madison square garden,3768,1840.0,1928.0,0.0,1891.0,778.0,539.0,171,65,0.012208067940552018,1b425b87521ec0ab5e4c02aa6bbf44fa197505a03a1fa7f593d749168cc34d2f,0.12898330804248861,3.174233531901037,1008,0.16964285714285715,NONE,0
1103838,IBN,icici bank,5112,2054.0,3058.0,0.0,1724.0,1786.0,648.0,146,25,0.08626760563380281,7a760386ea72c5ddae3e4604fdc5f7fa942ad00c5db2a3d8dffc6bcb5912ebdf,0.3572938689217759,2.0699236782012664,1008,0.14484126984126985,NONE,0
1366868,GSAT,globalstar,1904,1640.0,264.0,0.0,1558.0,233.0,274.0,81,38,0.4028361344537815,7276994fe3b691a33351d3624d75910566c16617a432697d5d342172678d794d,0.2549889135254989,2.486388613858069,1008,0.08035714285714286,SINGLE_TOKEN_SEMANTIC_RISK,1
1126328,PFG,principal financial,6087,3515.0,2572.0,0.0,2699.0,2858.0,1269.0,281,41,0.28339083292262196,7a760386ea72c5ddae3e4604fdc5f7fa942ad00c5db2a3d8dffc6bcb5912ebdf,0.38040712468193383,2.278237917797661,1008,0.2787698412698413,NONE,0
19584,CHE,chemed,3078,1937.0,1141.0,0.0,1538.0,1061.0,935.0,223,24,0.3937621832358674,7a760386ea72c5ddae3e4604fdc5f7fa942ad00c5db2a3d8dffc6bcb5912ebdf,0.4060475161987041,2.109950806387207,1008,0.22123015873015872,SINGLE_TOKEN_SEMANTIC_RISK,1
1359931,TARA,proteon therapeutics,456,419.0,37.0,0.0,339.0,117.0,122.0,22,16,0.03289473684210526,1b425b87521ec0ab5e4c02aa6bbf44fa197505a03a1fa7f593d749168cc34d2f,0.2080536912751678,2.1710096572363713,1008,0.021825396825396824,NONE,0
6207,AXR,amrep,345,286.0,59.0,0.0,272.0,70.0,48.0,12,10,0.3739130434782609,7276994fe3b691a33351d3624d75910566c16617a432697d5d342172678d794d,0.2647058823529412,1.9450837570009445,1008,0.011904761904761904,SINGLE_TOKEN_SEMANTIC_RISK,1
918251,MPAA,motorcar parts of america,1186,957.0,229.0,0.0,768.0,382.0,278.0,68,19,0.4477234401349072,7276994fe3b691a33351d3624d75910566c16617a432697d5d342172678d794d,0.2896825396825397,2.0975478417808326,1008,0.06746031746031746,NONE,0
921114,ARMP,ampliphi biosciences,119,68.0,51.0,0.0,52.0,64.0,16.0,4,3,0.0,54cdaa1af72fd153cc9dc0d244fb43a089e1f19b0524cbb0e47b632c54047c9d,0.7,0.8018185525433373,1008,0.003968253968253968,NONE,0
1509991,KOS,kosmos energy,2828,1398.0,1430.0,0.0,1359.0,1041.0,743.0,156,33,0.3635077793493635,7276994fe3b691a33351d3624d75910566c16617a432697d5d342172678d794d,0.2535612535612536,2.451461197219073,1008,0.15476190476190477,NONE,0
59527,LECO,lincoln electric,2939,2313.0,626.0,0.0,1952.0,635.0,735.0,145,35,0.30962912555290917,7a760386ea72c5ddae3e4604fdc5f7fa942ad00c5db2a3d8dffc6bcb5912ebdf,0.32472826086956524,2.1356996811976026,1008,0.14384920634920634,NONE,0
1625101,PLSE,pulse biosciences,137,70.0,67.0,0.0,39.0,82.0,62.0,18,3,0.291970802919708,b760b1294f1c1c3c7acaf7968447dba9b64ee4ce0b10d6aa81600f9526801e12,0.3888888888888889,1.0893096789558299,1008,0.017857142857142856,NONE,0
1503802,KPTI,karyopharm therapeutics,1178,756.0,422.0,0.0,613.0,451.0,559.0,131,20,0.5246179966044142,b760b1294f1c1c3c7acaf7968447dba9b64ee4ce0b10d6aa81600f9526801e12,0.20652173913043478,2.340376775473512,1008,0.12996031746031747,NONE,0
1313310,GRVY,gravity,5934,1923.0,4011.0,0.0,2161.0,1313.0,548.0,247,37,0.04179305695989215,7276994fe3b691a33351d3624d75910566c16617a432697d5d342172678d794d,0.2440677966101695,2.8131666497484615,1008,0.24503968253968253,SINGLE_TOKEN_SEMANTIC_RISK,1
6201,AAL,amr corp,1568,230.0,1338.0,0.0,406.0,759.0,0.0,0,2,0.0012755102040816326,666ae3d6d87f78f5ee9daa3e68642d1ecfed598080dcb538e55a66cc13df02b3,0.8888888888888888,0.34883209584303193,1008,0.0,PUBLISHER_CONCENTRATION_GE_80_PERCENT,1
1065059,LEU,centrus energy,1090,416.0,674.0,0.0,373.0,538.0,408.0,72,10,0.28073394495412846,7276994fe3b691a33351d3624d75910566c16617a432697d5d342172678d794d,0.6887417218543046,1.1239986975174876,1008,0.07142857142857142,NONE,0
886163,LGND,LGND,22,0.0,0.0,22.0,16.0,6.0,8.0,1,4,0.7272727272727273,08f472aed74b038b1cd05a1e3cd5afd5b1a5ccd3c9ab2b14bf706239f26376a8,0.5,1.2130075659799042,1008,0.000992063492063492,SINGLE_TOKEN_SEMANTIC_RISK,1
1607678,VKTX,viking therapeutics,1062,394.0,668.0,0.0,305.0,437.0,271.0,87,7,0.2570621468926554,7276994fe3b691a33351d3624d75910566c16617a432697d5d342172678d794d,0.5918367346938775,1.2474610222969655,1008,0.08630952380952381,NONE,0
1307579,LIQT,liqtech international,472,401.0,71.0,0.0,384.0,71.0,167.0,30,11,0.2690677966101695,7276994fe3b691a33351d3624d75910566c16617a432697d5d342172678d794d,0.3258426966292135,1.8534159327741353,1008,0.02976190476190476,NONE,0
1604464,ATRA,atara biotherapeutics,1200,638.0,562.0,0.0,471.0,496.0,569.0,142,18,0.5016666666666667,b760b1294f1c1c3c7acaf7968447dba9b64ee4ce0b10d6aa81600f9526801e12,0.2532188841201717,2.24847188872672,1008,0.14087301587301587,NONE,0
1045742,LIVE,LIVE,6,0.0,0.0,6.0,6.0,0.0,0.0,0,2,0.3333333333333333,73cd1b16c4fb83061ad18a0b29b9643a68d4640075a466dc9e51682f84a847f5,0.6666666666666666,0.6365141682948128,1008,0.0,SINGLE_TOKEN_SEMANTIC_RISK,1
1442145,VRSK,verisk analytics,3415,1692.0,1723.0,0.0,1230.0,1640.0,829.0,200,33,0.39619326500732066,b760b1294f1c1c3c7acaf7968447dba9b64ee4ce0b10d6aa81600f9526801e12,0.23469387755102042,2.5177658947885377,1008,0.1984126984126984,NONE,0
1679273,LW,lamb weston,3996,1065.0,2931.0,0.0,485.0,2364.0,729.0,184,12,0.0017517517517517517,7a760386ea72c5ddae3e4604fdc5f7fa942ad00c5db2a3d8dffc6bcb5912ebdf,0.34554973821989526,1.6780273680072197,1008,0.18253968253968253,NONE,0
1528849,RH,restoration hardware,3298,1577.0,1721.0,0.0,1468.0,1336.0,565.0,190,46,0.15281989084293512,6752e69d6ebc246e5369e53b5493b1c51f51433551b895d3c67b2e427520e39e,0.2345679012345679,2.6946004137109174,1008,0.1884920634920635,NONE,0
1034842,RIGL,rigel pharmaceuticals,1152,590.0,562.0,0.0,542.0,469.0,429.0,91,26,0.4340277777777778,7276994fe3b691a33351d3624d75910566c16617a432697d5d342172678d794d,0.22916666666666666,2.5502600227678003,1008,0.09027777777777778,NONE,0
874766,HIG,hartford financial services,3660,1070.0,2590.0,0.0,909.0,2121.0,517.0,184,37,0.3396174863387978,7276994fe3b691a33351d3624d75910566c16617a432697d5d342172678d794d,0.1836734693877551,2.9984970890490277,1008,0.18253968253968253,NONE,0
1606366,LOCO,el pollo loco,1732,1258.0,474.0,0.0,1033.0,553.0,443.0,110,22,0.3215935334872979,7a760386ea72c5ddae3e4604fdc5f7fa942ad00c5db2a3d8dffc6bcb5912ebdf,0.2506265664160401,2.2216565740851326,1008,0.10912698412698413,NONE,0
101984,UEIC,universal electronics,1115,843.0,272.0,0.0,746.0,287.0,285.0,82,25,0.4565022421524664,7276994fe3b691a33351d3624d75910566c16617a432697d5d342172678d794d,0.1990521327014218,2.4644915744863236,1008,0.08134920634920635,NONE,0
1050441,EGBN,eagle bancorp,1685,1259.0,426.0,0.0,0.0,1624.0,605.0,173,29,0.34599406528189913,b760b1294f1c1c3c7acaf7968447dba9b64ee4ce0b10d6aa81600f9526801e12,0.2005813953488372,2.3635095137125823,1008,0.17162698412698413,NONE,0
1114925,LTRX,lantronix,917,760.0,157.0,0.0,732.0,131.0,173.0,49,7,0.14940021810250817,08f472aed74b038b1cd05a1e3cd5afd5b1a5ccd3c9ab2b14bf706239f26376a8,0.3472222222222222,1.4908358545092975,1008,0.04861111111111111,SINGLE_TOKEN_SEMANTIC_RISK,1
910108,LXP,lexington realty trust,1219,1002.0,217.0,0.0,974.0,159.0,247.0,82,24,0.36259228876127975,7276994fe3b691a33351d3624d75910566c16617a432697d5d342172678d794d,0.4235294117647059,2.062696728128775,1008,0.08134920634920635,NONE,0
1783180,CARR,carrier global,2548,240.0,2308.0,0.0,211.0,1344.0,220.0,67,2,0.15580847723704866,08f472aed74b038b1cd05a1e3cd5afd5b1a5ccd3c9ab2b14bf706239f26376a8,0.8,0.5004024235381879,492,0.13617886178861788,PUBLISHER_CONCENTRATION_GE_80_PERCENT,1
1284812,CNS,cohen steers,6454,3179.0,3275.0,0.0,0.0,5378.0,1656.0,336,22,0.15447784319801675,b760b1294f1c1c3c7acaf7968447dba9b64ee4ce0b10d6aa81600f9526801e12,0.38863976083707025,1.7247146186907287,1008,0.3333333333333333,NONE,0
1123799,WIT,wipro,4777,2755.0,2022.0,0.0,2308.0,1311.0,426.0,133,31,0.17395855139208707,7276994fe3b691a33351d3624d75910566c16617a432697d5d342172678d794d,0.2564935064935065,2.634580763373422,1008,0.13194444444444445,SINGLE_TOKEN_SEMANTIC_RISK,1
1383058,DBO,powershares db oil fund,212,19.0,193.0,0.0,24.0,55.0,3.0,3,2,0.2641509433962264,10fcd4ce7788feb63927380fea83a2d1328c6e29233988c7cb8f96373035204e,0.6666666666666666,0.6365141682948128,1008,0.002976190476190476,NONE,0
1584207,OMF,onemain,1201,390.0,811.0,0.0,270.0,630.0,388.0,119,8,0.2939217318900916,7a760386ea72c5ddae3e4604fdc5f7fa942ad00c5db2a3d8dffc6bcb5912ebdf,0.44155844155844154,1.6223853148293244,1008,0.11805555555555555,SINGLE_TOKEN_SEMANTIC_RISK,1
1030894,CLS,celestica,2036,1067.0,969.0,0.0,833.0,859.0,343.0,88,11,0.23722986247544203,7a760386ea72c5ddae3e4604fdc5f7fa942ad00c5db2a3d8dffc6bcb5912ebdf,0.29508196721311475,1.7752591903291437,1008,0.0873015873015873,SINGLE_TOKEN_SEMANTIC_RISK,1
1591956,ANY,sphere 3d,852,621.0,231.0,0.0,546.0,222.0,208.0,44,10,0.2793427230046948,7276994fe3b691a33351d3624d75910566c16617a432697d5d342172678d794d,0.5481481481481482,1.440186383271313,1008,0.04365079365079365,NONE,0
1617640,Z,Z,7,0.0,0.0,7.0,1.0,6.0,1.0,1,1,0.2857142857142857,84625ab1a763851f03bf27f1f4f68b3b7efe198626d098151d461cbb0e262da0,1.0,-0.0,1008,0.000992063492063492,SINGLE_TOKEN_SEMANTIC_RISK,1
1495584,SVVC,firsthand technology value fund,474,463.0,11.0,0.0,449.0,24.0,101.0,33,14,0.4008438818565401,b760b1294f1c1c3c7acaf7968447dba9b64ee4ce0b10d6aa81600f9526801e12,0.24742268041237114,2.073645176936331,1008,0.03273809523809524,NONE,0
922621,ERIE,erie indemnity,1549,855.0,694.0,0.0,542.0,727.0,268.0,110,11,0.342156229825694,7276994fe3b691a33351d3624d75910566c16617a432697d5d342172678d794d,0.26506024096385544,1.9477028877492268,1008,0.10912698412698413,NONE,0
1377757,GAU,galiano gold,187,41.0,146.0,0.0,10.0,114.0,9.0,4,1,0.12834224598930483,b760b1294f1c1c3c7acaf7968447dba9b64ee4ce0b10d6aa81600f9526801e12,1.0,-0.0,1008,0.003968253968253968,PUBLISHER_CONCENTRATION_GE_80_PERCENT,1
917851,VALE,vale s a,3412,569.0,2843.0,0.0,543.0,2249.0,437.0,141,10,0.28604923798358733,7a760386ea72c5ddae3e4604fdc5f7fa942ad00c5db2a3d8dffc6bcb5912ebdf,0.29310344827586204,1.8655494091433764,1008,0.13988095238095238,NONE,0
1158463,JBLU,jetblue airways,7145,2342.0,4803.0,0.0,1934.0,3644.0,1404.0,397,46,0.08033589923023093,7a760386ea72c5ddae3e4604fdc5f7fa942ad00c5db2a3d8dffc6bcb5912ebdf,0.23628691983122363,2.9396015074059245,1008,0.39384920634920634,NONE,0
903651,INOD,innodata,635,464.0,171.0,0.0,436.0,106.0,59.0,20,10,0.30078740157480316,7276994fe3b691a33351d3624d75910566c16617a432697d5d342172678d794d,0.4090909090909091,1.772849679989322,1008,0.01984126984126984,SINGLE_TOKEN_SEMANTIC_RISK,1
1023024,ANIP,ani pharmaceuticals,2041,414.0,1627.0,0.0,309.0,1309.0,179.0,77,8,0.42283194512493877,7a760386ea72c5ddae3e4604fdc5f7fa942ad00c5db2a3d8dffc6bcb5912ebdf,0.47619047619047616,1.5863601202338575,1008,0.0763888888888889,NONE,0
1653653,RRR,station casinos,455,376.0,79.0,0.0,356.0,78.0,0.0,0,4,0.002197802197802198,8294547e9fe9367f291a22598513d897928d1a0eeb713ca2b41f31977192c5d1,0.6666666666666666,1.0027182645175161,1008,0.0,NONE,0
874501,OSG,ambac financial,1308,691.0,617.0,0.0,603.0,496.0,197.0,57,15,0.0,7276994fe3b691a33351d3624d75910566c16617a432697d5d342172678d794d,0.5688622754491018,1.6743226790173664,1008,0.05654761904761905,NONE,0
1710680,HFRO,highland floating rate opportunities fund,55,45.0,10.0,0.0,25.0,29.0,32.0,13,2,0.2,b760b1294f1c1c3c7acaf7968447dba9b64ee4ce0b10d6aa81600f9526801e12,0.9,0.3250829733914482,1008,0.012896825396825396,NONE,0
903419,ALRS,alerus financial,195,92.0,103.0,0.0,33.0,141.0,54.0,25,1,0.36923076923076925,b760b1294f1c1c3c7acaf7968447dba9b64ee4ce0b10d6aa81600f9526801e12,1.0,-0.0,1008,0.0248015873015873,PUBLISHER_CONCENTRATION_GE_80_PERCENT,1
1596532,ANET,ANET,19,0.0,0.0,19.0,12.0,7.0,6.0,3,2,0.7894736842105263,deb56840b9cdc03f6c4ee4d521ae2d441afded63a6b8dfc35db2427b482be521,0.8333333333333334,0.45056120886630463,1008,0.002976190476190476,SINGLE_TOKEN_SEMANTIC_RISK,1
1132924,CHT,chunghwa telecom,1093,677.0,416.0,0.0,583.0,394.0,175.0,73,15,0.3870082342177493,7a760386ea72c5ddae3e4604fdc5f7fa942ad00c5db2a3d8dffc6bcb5912ebdf,0.3805970149253731,1.6886332464242075,1008,0.07242063492063493,NONE,0
1043277,CHRW,c h robinson worldwide,3149,692.0,2457.0,0.0,501.0,2042.0,659.0,242,10,0.38139091775166717,b760b1294f1c1c3c7acaf7968447dba9b64ee4ce0b10d6aa81600f9526801e12,0.2222222222222222,2.130739045712224,1008,0.2400793650793651,NONE,0
1508478,ARCO,arcos dorados,4343,1607.0,2736.0,0.0,849.0,2714.0,308.0,85,33,0.29818098088878653,7276994fe3b691a33351d3624d75910566c16617a432697d5d342172678d794d,0.2692307692307692,2.564454722783551,1008,0.08432539682539683,NONE,0
1032975,LOGI,logitech international sa,680,114.0,566.0,0.0,98.0,376.0,146.0,39,2,0.07058823529411765,b760b1294f1c1c3c7acaf7968447dba9b64ee4ce0b10d6aa81600f9526801e12,0.6842105263157895,0.6236548495681085,1008,0.03869047619047619,NONE,0
1704711,FNKO,funko,1351,532.0,819.0,0.0,267.0,801.0,622.0,165,14,0.2849740932642487,7a760386ea72c5ddae3e4604fdc5f7fa942ad00c5db2a3d8dffc6bcb5912ebdf,0.2981366459627329,1.9137585162513893,1008,0.1636904761904762,SINGLE_TOKEN_SEMANTIC_RISK,1
811596,KALU,kaiser aluminum,1327,1136.0,191.0,0.0,999.0,264.0,347.0,104,29,0.4348153730218538,7276994fe3b691a33351d3624d75910566c16617a432697d5d342172678d794d,0.2523961661341853,2.38659827371417,1008,0.10317460317460317,NONE,0
1460329,FLNT,tiger media,80,80.0,0.0,0.0,72.0,8.0,0.0,0,3,0.0,7276994fe3b691a33351d3624d75910566c16617a432697d5d342172678d794d,0.5,0.9743147528693494,1008,0.0,NONE,0
1000177,NAT,nordic american tankers,2242,1493.0,749.0,0.0,1419.0,644.0,492.0,139,18,0.43577163247100803,7276994fe3b691a33351d3624d75910566c16617a432697d5d342172678d794d,0.2975,1.9763033662374494,1008,0.1378968253968254,NONE,0
1575965,GLPI,gaming leisure properties,494,156.0,338.0,0.0,78.0,212.0,99.0,56,5,0.34210526315789475,1b425b87521ec0ab5e4c02aa6bbf44fa197505a03a1fa7f593d749168cc34d2f,0.5,1.3592367006650063,1008,0.05555555555555555,NONE,0
726601,CCBG,capital city bank,724,487.0,237.0,0.0,411.0,271.0,188.0,67,15,0.4530386740331492,7276994fe3b691a33351d3624d75910566c16617a432697d5d342172678d794d,0.36283185840707965,1.9515506698301441,1008,0.06646825396825397,NONE,0
1024305,COTY,coty inc,4073,476.0,3597.0,0.0,654.0,2204.0,1242.0,171,6,0.23078811686717407,b760b1294f1c1c3c7acaf7968447dba9b64ee4ce0b10d6aa81600f9526801e12,0.75,0.9646946227273334,1008,0.16964285714285715,NONE,0
1630472,TRTX,tpg re finance trust,302,89.0,213.0,0.0,46.0,159.0,145.0,42,2,0.27483443708609273,b760b1294f1c1c3c7acaf7968447dba9b64ee4ce0b10d6aa81600f9526801e12,0.9090909090909091,0.30463609734923813,1008,0.041666666666666664,PUBLISHER_CONCENTRATION_GE_80_PERCENT,1
1622194,DEA,easterly government properties,718,230.0,488.0,0.0,160.0,342.0,154.0,77,3,0.3467966573816156,b760b1294f1c1c3c7acaf7968447dba9b64ee4ce0b10d6aa81600f9526801e12,0.6470588235294118,0.8938885362449964,1008,0.0763888888888889,NONE,0
1533040,PHIO,rxi pharmaceuticals,811,764.0,47.0,0.0,739.0,67.0,77.0,24,17,0.0,7276994fe3b691a33351d3624d75910566c16617a432697d5d342172678d794d,0.34108527131782945,2.2099945900413305,1008,0.023809523809523808,NONE,0
1127371,CWBC,central valley community bancorp,639,399.0,240.0,0.0,0.0,605.0,148.0,63,10,0.0,7276994fe3b691a33351d3624d75910566c16617a432697d5d342172678d794d,0.38271604938271603,1.672806204450635,1008,0.0625,NONE,0
740260,VTR,vencor,66,66.0,0.0,0.0,64.0,2.0,0.0,0,0,0.0,,0.0,0.0,1008,0.0,SINGLE_TOKEN_SEMANTIC_RISK,1
1040470,AEHR,aehr test systems,1574,889.0,685.0,0.0,630.0,673.0,244.0,59,10,0.2731893265565438,7276994fe3b691a33351d3624d75910566c16617a432697d5d342172678d794d,0.3412698412698413,1.7879287607973515,1008,0.05853174603174603,NONE,0
1224608,CNO,conseco,473,416.0,57.0,0.0,416.0,33.0,0.0,0,5,0.06342494714587738,899feb94f03b699155327981274efda4d980eba15273b69e3928a653287f0f0a,0.4666666666666667,1.3605138827424867,1008,0.0,SINGLE_TOKEN_SEMANTIC_RISK,1
1496749,HEQ,john hancock hedged equity income fund,117,115.0,2.0,0.0,84.0,33.0,14.0,11,1,0.21367521367521367,b760b1294f1c1c3c7acaf7968447dba9b64ee4ce0b10d6aa81600f9526801e12,1.0,-0.0,1008,0.010912698412698412,PUBLISHER_CONCENTRATION_GE_80_PERCENT,1
889609,CPSS,consumer portfolio services,486,224.0,262.0,0.0,213.0,157.0,90.0,28,12,0.4794238683127572,7276994fe3b691a33351d3624d75910566c16617a432697d5d342172678d794d,0.5061728395061729,1.5437864309004146,1008,0.027777777777777776,NONE,0
874761,AES,aes corporation,2055,490.0,1565.0,0.0,414.0,1370.0,289.0,94,20,0.3148418491484185,7276994fe3b691a33351d3624d75910566c16617a432697d5d342172678d794d,0.25396825396825395,2.336423227311416,1008,0.09325396825396826,NONE,0
1520048,PVL,enduro royalty trust,273,222.0,51.0,0.0,211.0,57.0,41.0,15,9,0.01098901098901099,7276994fe3b691a33351d3624d75910566c16617a432697d5d342172678d794d,0.5208333333333334,1.6132586585271285,1008,0.01488095238095238,NONE,0
1517518,EMO,clearbridge energy mlp opportunity fund,172,165.0,7.0,0.0,152.0,20.0,2.0,2,3,0.12790697674418605,899feb94f03b699155327981274efda4d980eba15273b69e3928a653287f0f0a,0.3333333333333333,1.0986122886681096,1008,0.001984126984126984,NONE,0
1635977,THW,tekla world healthcare fund,89,63.0,26.0,0.0,25.0,42.0,23.0,22,1,0.47191011235955055,08f472aed74b038b1cd05a1e3cd5afd5b1a5ccd3c9ab2b14bf706239f26376a8,1.0,-0.0,1008,0.021825396825396824,NONE,0
1145986,ASPN,aspen aerogels,747,301.0,446.0,0.0,129.0,461.0,57.0,24,2,0.19544846050870146,7276994fe3b691a33351d3624d75910566c16617a432697d5d342172678d794d,0.7692307692307693,0.5402041423888608,1008,0.023809523809523808,NONE,0
1383414,PNNT,pennant investment,14,12.0,2.0,0.0,12.0,2.0,0.0,0,3,0.6428571428571429,a328d6d26983766d80fbb9adc64925a627cc56bb60e124536e235c6bd61bec28,0.5,1.0397207708399179,1008,0.0,NONE,0
77543,TPC,perini,180,174.0,6.0,0.0,170.0,6.0,10.0,4,9,0.1111111111111111,b760b1294f1c1c3c7acaf7968447dba9b64ee4ce0b10d6aa81600f9526801e12,0.18181818181818182,2.1458417525947544,1008,0.003968253968253968,SINGLE_TOKEN_SEMANTIC_RISK,1
1388141,EDD,morgan stanley emerging markets domestic debt fund,137,69.0,68.0,0.0,39.0,66.0,16.0,12,1,0.24087591240875914,7276994fe3b691a33351d3624d75910566c16617a432697d5d342172678d794d,1.0,-0.0,1008,0.011904761904761904,PUBLISHER_CONCENTRATION_GE_80_PERCENT,1
827876,CLSK,cleanspark,1140,179.0,961.0,0.0,91.0,492.0,302.0,62,3,0.19649122807017544,08f472aed74b038b1cd05a1e3cd5afd5b1a5ccd3c9ab2b14bf706239f26376a8,0.3333333333333333,1.0986122886681096,1008,0.061507936507936505,SINGLE_TOKEN_SEMANTIC_RISK,1
1291855,SPCB,vuance,106,106.0,0.0,0.0,90.0,16.0,0.0,0,0,0.0,,0.0,0.0,1008,0.0,SINGLE_TOKEN_SEMANTIC_RISK,1
897419,NMT,nuveen massachusetts premium income municipal fund,59,59.0,0.0,0.0,30.0,29.0,10.0,5,2,0.6949152542372882,7276994fe3b691a33351d3624d75910566c16617a432697d5d342172678d794d,0.8333333333333334,0.45056120886630463,1008,0.00496031746031746,NONE,0
1071321,TKC,turkcell iletisim hizmetleri a s,254,71.0,183.0,0.0,64.0,137.0,106.0,36,3,0.33070866141732286,7276994fe3b691a33351d3624d75910566c16617a432697d5d342172678d794d,0.75,0.7214636866925115,1008,0.03571428571428571,NONE,0
900422,PMO,putnam municipal opportunities trust,91,91.0,0.0,0.0,66.0,25.0,10.0,5,2,0.6263736263736264,7276994fe3b691a33351d3624d75910566c16617a432697d5d342172678d794d,0.7777777777777778,0.5297061990576545,1008,0.00496031746031746,NONE,0
883948,AUB,union first market bankshares,252,231.0,21.0,0.0,224.0,25.0,3.0,2,12,0.04365079365079365,1b425b87521ec0ab5e4c02aa6bbf44fa197505a03a1fa7f593d749168cc34d2f,0.2608695652173913,2.1392739466373687,1008,0.001984126984126984,NONE,0
1392380,GEVO,gevo inc,749,160.0,589.0,0.0,150.0,400.0,183.0,40,13,0.32309746328437916,b760b1294f1c1c3c7acaf7968447dba9b64ee4ce0b10d6aa81600f9526801e12,0.21951219512195122,2.2731723361309055,1008,0.03968253968253968,NONE,0
1504234,BGX,blackstone gso long short credit income fund,96,59.0,37.0,0.0,0.0,66.0,4.0,4,0,0.28125,,0.0,0.0,1008,0.003968253968253968,NONE,0
1073404,GGB,gerdau sa,756,39.0,717.0,0.0,122.0,457.0,94.0,22,7,0.10052910052910052,b760b1294f1c1c3c7acaf7968447dba9b64ee4ce0b10d6aa81600f9526801e12,0.35714285714285715,1.7298201303799212,1008,0.021825396825396824,NONE,0
1001316,TGTX,atlantic pharmaceuticals,8,8.0,0.0,0.0,8.0,0.0,0.0,0,0,0.0,,0.0,0.0,1008,0.0,NONE,0
884394,SPY,spdr s p 500 etf trust,11520,190.0,11330.0,0.0,1177.0,2539.0,509.0,201,1,0.10512152777777778,b62c4a42b559a75a763db16f1d5b5418e26a6381c70c7115f29a89d2cc6ac9bf,1.0,-0.0,1008,0.19940476190476192,PUBLISHER_CONCENTRATION_GE_80_PERCENT,1
860730,HCA,columbia healthcare,8,0.0,8.0,0.0,6.0,0.0,0.0,0,0,0.0,,0.0,0.0,1008,0.0,NONE,0
1327068,USO,united states oil fund lp,804,55.0,749.0,0.0,49.0,163.0,28.0,14,1,0.21019900497512436,d24cd46da47f5679446106138ee95d4b354e5df7306abdd987c7d2c8f61b776a,1.0,-0.0,1008,0.013888888888888888,PUBLISHER_CONCENTRATION_GE_80_PERCENT,1
1528849,RH,RH,441,0.0,0.0,441.0,52.0,389.0,123.0,42,3,0.07936507936507936,08f472aed74b038b1cd05a1e3cd5afd5b1a5ccd3c9ab2b14bf706239f26376a8,0.3333333333333333,1.0986122886681096,1008,0.041666666666666664,SINGLE_TOKEN_SEMANTIC_RISK,1
1711279,KRYS,krystal biotech,372,125.0,247.0,0.0,75.0,211.0,70.0,26,2,0.260752688172043,7276994fe3b691a33351d3624d75910566c16617a432697d5d342172678d794d,0.625,0.6615632381579821,1008,0.025793650793650792,NONE,0
1697851,REKR,rekor systems,296,25.0,271.0,0.0,10.0,92.0,61.0,23,1,0.20945945945945946,08f472aed74b038b1cd05a1e3cd5afd5b1a5ccd3c9ab2b14bf706239f26376a8,1.0,-0.0,1008,0.022817460317460316,PUBLISHER_CONCENTRATION_GE_80_PERCENT,1
1549802,JD,JD,2953,0.0,0.0,2953.0,592.0,2361.0,1519.0,547,2,0.04740941415509651,deb56840b9cdc03f6c4ee4d521ae2d441afded63a6b8dfc35db2427b482be521,0.9714285714285714,0.12974069471942834,1008,0.5426587301587301,PUBLISHER_CONCENTRATION_GE_80_PERCENT|SINGLE_TOKEN_SEMANTIC_RISK,2
1341335,FSM,FSM,26,0.0,0.0,26.0,6.0,20.0,23.0,6,0,0.19230769230769232,,0.0,0.0,1008,0.005952380952380952,SINGLE_TOKEN_SEMANTIC_RISK,1
1157557,CIG,CIG,237,0.0,0.0,237.0,13.0,224.0,75.0,20,0,0.3080168776371308,,0.0,0.0,1008,0.01984126984126984,SINGLE_TOKEN_SEMANTIC_RISK,1
4457,UHAL,UHAL,91,0.0,0.0,91.0,6.0,85.0,55.0,34,0,0.5604395604395604,,0.0,0.0,1008,0.03373015873015873,SINGLE_TOKEN_SEMANTIC_RISK,1
1222333,GLD,GLD,379,0.0,0.0,379.0,99.0,280.0,3.0,3,6,0.23482849604221637,d24cd46da47f5679446106138ee95d4b354e5df7306abdd987c7d2c8f61b776a,0.5263157894736842,1.3968066979582099,1008,0.002976190476190476,SINGLE_TOKEN_SEMANTIC_RISK,1
1157647,WNEB,western new england bancorp,160,93.0,67.0,0.0,3.0,154.0,42.0,13,1,0.31875,b760b1294f1c1c3c7acaf7968447dba9b64ee4ce0b10d6aa81600f9526801e12,1.0,-0.0,1008,0.012896825396825396,PUBLISHER_CONCENTRATION_GE_80_PERCENT,1
1481241,PSHG,performance shipping,248,71.0,177.0,0.0,102.0,115.0,160.0,27,3,0.08064516129032258,7276994fe3b691a33351d3624d75910566c16617a432697d5d342172678d794d,0.4375,1.0612039759627614,1008,0.026785714285714284,NONE,0
46765,HP,HP,87,0.0,0.0,87.0,24.0,63.0,29.0,10,1,0.21839080459770116,deb56840b9cdc03f6c4ee4d521ae2d441afded63a6b8dfc35db2427b482be521,1.0,-0.0,1008,0.00992063492063492,SINGLE_TOKEN_SEMANTIC_RISK,1
30305,DCO,ducommun inc de,199,0.0,199.0,0.0,0.0,192.0,0.0,0,0,0.5226130653266332,,0.0,0.0,1008,0.0,NONE,0
1142750,AMN,AMN,12,0.0,0.0,12.0,0.0,12.0,5.0,2,0,0.3333333333333333,,0.0,0.0,1008,0.001984126984126984,SINGLE_TOKEN_SEMANTIC_RISK,1
1368622,AVAV,AVAV,16,0.0,0.0,16.0,8.0,8.0,10.0,4,2,0.625,fd7425846ea62437d770cdb9d69a5951ab33b237b3bab17ac568ce2742c7bea3,0.6666666666666666,0.6365141682948128,1008,0.003968253968253968,SINGLE_TOKEN_SEMANTIC_RISK,1
1190723,TS,TS,28,0.0,0.0,28.0,2.0,26.0,6.0,4,0,0.17857142857142858,,0.0,0.0,1008,0.003968253968253968,SINGLE_TOKEN_SEMANTIC_RISK,1
1687277,RETO,reto eco solutions,115,14.0,101.0,0.0,14.0,71.0,69.0,11,0,0.10434782608695652,,0.0,0.0,1008,0.010912698412698412,NONE,0
1055726,INO,INO,197,0.0,0.0,197.0,76.0,121.0,155.0,63,4,0.467005076142132,deb56840b9cdc03f6c4ee4d521ae2d441afded63a6b8dfc35db2427b482be521,0.6818181818181818,0.9295776887159249,1008,0.0625,SINGLE_TOKEN_SEMANTIC_RISK,1
1650664,EDIT,EDIT,18,0.0,0.0,18.0,4.0,14.0,18.0,6,1,0.2777777777777778,08f472aed74b038b1cd05a1e3cd5afd5b1a5ccd3c9ab2b14bf706239f26376a8,1.0,-0.0,1008,0.005952380952380952,SINGLE_TOKEN_SEMANTIC_RISK,1
1610601,MOMO,MOMO,441,0.0,0.0,441.0,139.0,302.0,307.0,135,2,0.5714285714285714,deb56840b9cdc03f6c4ee4d521ae2d441afded63a6b8dfc35db2427b482be521,0.8958333333333334,0.3341427913871891,1008,0.13392857142857142,PUBLISHER_CONCENTRATION_GE_80_PERCENT|SINGLE_TOKEN_SEMANTIC_RISK,2
789019,MSFT,MSFT,49,0.0,0.0,49.0,0.0,49.0,4.0,3,1,0.0,613022f737b276085620fb2f47764aeb33df8ababd1d0e03b28c0f67d49b86f4,1.0,-0.0,1008,0.002976190476190476,SINGLE_TOKEN_SEMANTIC_RISK,1
1647088,WSC,double eagle acquisition,9,4.0,5.0,0.0,4.0,5.0,0.0,0,0,0.0,,0.0,0.0,1008,0.0,NONE,0
924168,EFOI,EFOI,27,0.0,0.0,27.0,1.0,26.0,12.0,6,0,0.4444444444444444,,0.0,0.0,1008,0.005952380952380952,SINGLE_TOKEN_SEMANTIC_RISK,1
1074952,NAC,nuveen california quality municipal income fund,50,34.0,16.0,0.0,14.0,29.0,40.0,22,1,0.54,b760b1294f1c1c3c7acaf7968447dba9b64ee4ce0b10d6aa81600f9526801e12,1.0,-0.0,1008,0.021825396825396824,NONE,0
31235,KODK,KODK,22,0.0,0.0,22.0,6.0,16.0,17.0,9,0,0.45454545454545453,,0.0,0.0,1008,0.008928571428571428,SINGLE_TOKEN_SEMANTIC_RISK,1
1590895,CZR,CZR,106,0.0,0.0,106.0,9.0,97.0,54.0,23,0,0.14150943396226415,,0.0,0.0,1008,0.022817460317460316,SINGLE_TOKEN_SEMANTIC_RISK,1
1966983,LAC,LAC,8,0.0,0.0,8.0,0.0,8.0,8.0,1,0,0.0,,0.0,0.0,630,0.0015873015873015873,SINGLE_TOKEN_SEMANTIC_RISK,1
1353613,FXY,invesco currencyshares japanese yen trust,166,8.0,158.0,0.0,8.0,44.0,13.0,3,1,0.10240963855421686,b760b1294f1c1c3c7acaf7968447dba9b64ee4ce0b10d6aa81600f9526801e12,1.0,-0.0,1008,0.002976190476190476,PUBLISHER_CONCENTRATION_GE_80_PERCENT,1
1046311,CHH,CHH,66,0.0,0.0,66.0,2.0,64.0,17.0,7,0,0.15151515151515152,,0.0,0.0,1008,0.006944444444444444,SINGLE_TOKEN_SEMANTIC_RISK,1
1565025,ABEV,ABEV,181,0.0,0.0,181.0,17.0,164.0,70.0,29,0,0.2265193370165746,,0.0,0.0,1008,0.028769841269841268,SINGLE_TOKEN_SEMANTIC_RISK,1
904112,MSD,morgan stanley emerging markets debt fund,49,21.0,28.0,0.0,3.0,46.0,0.0,0,0,0.2653061224489796,,0.0,0.0,0,0.0,NONE,0
765207,FNLC,first bancorp inc me,25,23.0,2.0,0.0,0.0,23.0,2.0,1,3,0.8,08f472aed74b038b1cd05a1e3cd5afd5b1a5ccd3c9ab2b14bf706239f26376a8,0.3333333333333333,1.0986122886681096,1008,0.000992063492063492,NONE,0
763907,FUNC,FUNC,6,0.0,0.0,6.0,0.0,6.0,4.0,4,0,1.0,,0.0,0.0,1008,0.003968253968253968,SINGLE_TOKEN_SEMANTIC_RISK,1
1690842,PLTM,PLTM,19,0.0,0.0,19.0,7.0,12.0,0.0,0,0,0.3157894736842105,,0.0,0.0,985,0.0,SINGLE_TOKEN_SEMANTIC_RISK,1
731653,UBCP,UBCP,12,0.0,0.0,12.0,3.0,9.0,10.0,6,0,0.5833333333333334,,0.0,0.0,1008,0.005952380952380952,SINGLE_TOKEN_SEMANTIC_RISK,1
1400810,HCI,HCI,8,0.0,0.0,8.0,5.0,3.0,4.0,3,0,0.5,,0.0,0.0,1008,0.002976190476190476,SINGLE_TOKEN_SEMANTIC_RISK,1
1073404,GGB,GGB,45,0.0,0.0,45.0,8.0,37.0,24.0,8,1,0.2222222222222222,84625ab1a763851f03bf27f1f4f68b3b7efe198626d098151d461cbb0e262da0,1.0,-0.0,1008,0.007936507936507936,SINGLE_TOKEN_SEMANTIC_RISK,1
1501072,RIV,rivernorth opportunities fund,76,52.0,24.0,0.0,9.0,60.0,37.0,33,0,0.75,,0.0,0.0,1008,0.03273809523809524,NONE,0
1648257,HCM,hutchmed china,54,1.0,53.0,0.0,10.0,33.0,8.0,6,0,0.48148148148148145,,0.0,0.0,1008,0.005952380952380952,NONE,0
884152,VMO,invesco van kampen municipal opportunity trust,6,0.0,6.0,0.0,0.0,6.0,3.0,1,0,0.3333333333333333,,0.0,0.0,1008,0.000992063492063492,NONE,0
1386067,EOD,wells fargo global dividend opportunity fund,17,11.0,6.0,0.0,1.0,16.0,13.0,9,0,0.7058823529411765,,0.0,0.0,1008,0.008928571428571428,NONE,0
1590714,ESI,ESI,34,0.0,0.0,34.0,8.0,26.0,0.0,0,1,0.17647058823529413,84625ab1a763851f03bf27f1f4f68b3b7efe198626d098151d461cbb0e262da0,1.0,-0.0,1008,0.0,SINGLE_TOKEN_SEMANTIC_RISK,1
1160864,BHK,blackrock core bond trust,84,68.0,16.0,0.0,37.0,47.0,35.0,25,1,0.8095238095238095,7276994fe3b691a33351d3624d75910566c16617a432697d5d342172678d794d,1.0,-0.0,1008,0.0248015873015873,NONE,0
1703956,BBCP,industrea acquisition,10,6.0,4.0,0.0,6.0,4.0,0.0,0,1,0.0,b760b1294f1c1c3c7acaf7968447dba9b64ee4ce0b10d6aa81600f9526801e12,1.0,-0.0,1008,0.0,NONE,0
1493594,MTSI,MTSI,43,0.0,0.0,43.0,29.0,14.0,6.0,2,1,0.813953488372093,deb56840b9cdc03f6c4ee4d521ae2d441afded63a6b8dfc35db2427b482be521,1.0,-0.0,1008,0.001984126984126984,SINGLE_TOKEN_SEMANTIC_RISK,1
1451448,GMBL,virtual closet,14,2.0,12.0,0.0,2.0,0.0,0.0,0,0,0.0,,0.0,0.0,1008,0.0,NONE,0
1468091,VEON,VEON,10,0.0,0.0,10.0,1.0,9.0,4.0,2,0,0.5,,0.0,0.0,1008,0.001984126984126984,SINGLE_TOKEN_SEMANTIC_RISK,1
312070,VXZ,GRN,7,0.0,0.0,7.0,0.0,7.0,0.0,0,0,0.0,,0.0,0.0,1008,0.0,SINGLE_TOKEN_SEMANTIC_RISK,1
1385849,UUUU,UUUU,5,0.0,0.0,5.0,0.0,5.0,0.0,0,0,0.0,,0.0,0.0,1008,0.0,SINGLE_TOKEN_SEMANTIC_RISK,1
1291334,FFA,FFA,2,0.0,0.0,2.0,0.0,2.0,2.0,1,0,0.0,,0.0,0.0,1008,0.000992063492063492,SINGLE_TOKEN_SEMANTIC_RISK,1
1281895,RCKT,RCKT,4,0.0,0.0,4.0,0.0,4.0,4.0,1,0,0.25,,0.0,0.0,1008,0.000992063492063492,SINGLE_TOKEN_SEMANTIC_RISK,1
1048911,FDX,FDX,59,0.0,0.0,59.0,49.0,10.0,8.0,3,2,0.864406779661017,deb56840b9cdc03f6c4ee4d521ae2d441afded63a6b8dfc35db2427b482be521,0.9583333333333334,0.1732052067491771,1008,0.002976190476190476,SINGLE_TOKEN_SEMANTIC_RISK,1
1171155,RLGT,RLGT,6,0.0,0.0,6.0,6.0,0.0,2.0,1,2,1.0,54cdaa1af72fd153cc9dc0d244fb43a089e1f19b0524cbb0e47b632c54047c9d,0.6666666666666666,0.6365141682948128,1008,0.000992063492063492,SINGLE_TOKEN_SEMANTIC_RISK,1
919567,RCG,renn global entrepreneurs fund,6,6.0,0.0,0.0,6.0,0.0,0.0,0,0,0.0,,0.0,0.0,1008,0.0,NONE,0
105744,GBR,cabeltel international,10,10.0,0.0,0.0,10.0,0.0,0.0,0,1,0.4,b760b1294f1c1c3c7acaf7968447dba9b64ee4ce0b10d6aa81600f9526801e12,1.0,-0.0,1008,0.0,NONE,0
1001807,TLK,perusahaan perseroan persero pt telekomunikasi indonesia tbk,12,2.0,10.0,0.0,3.0,9.0,2.0,1,1,0.4166666666666667,7276994fe3b691a33351d3624d75910566c16617a432697d5d342172678d794d,1.0,-0.0,1008,0.000992063492063492,NONE,0
889971,LPTH,LPTH,5,0.0,0.0,5.0,0.0,5.0,0.0,0,0,0.2,,0.0,0.0,1008,0.0,SINGLE_TOKEN_SEMANTIC_RISK,1
1286613,LINC,LINC,3,0.0,0.0,3.0,0.0,3.0,2.0,1,0,0.0,,0.0,0.0,1008,0.000992063492063492,SINGLE_TOKEN_SEMANTIC_RISK,1
908255,BWA,BWA,6,0.0,0.0,6.0,0.0,6.0,0.0,0,0,0.3333333333333333,,0.0,0.0,1008,0.0,SINGLE_TOKEN_SEMANTIC_RISK,1
1364479,HRI,HRI,9,0.0,0.0,9.0,1.0,8.0,3.0,1,0,0.5555555555555556,,0.0,0.0,1008,0.000992063492063492,SINGLE_TOKEN_SEMANTIC_RISK,1
1045450,EPR,EPR,3,0.0,0.0,3.0,0.0,3.0,0.0,0,0,0.3333333333333333,,0.0,0.0,1008,0.0,SINGLE_TOKEN_SEMANTIC_RISK,1
1160990,PCN,PCN,4,0.0,0.0,4.0,0.0,4.0,0.0,0,0,0.25,,0.0,0.0,1008,0.0,SINGLE_TOKEN_SEMANTIC_RISK,1
1739940,CI,CI,28,0.0,0.0,28.0,28.0,0.0,4.0,1,3,0.9285714285714286,deb56840b9cdc03f6c4ee4d521ae2d441afded63a6b8dfc35db2427b482be521,0.7857142857142857,0.6559757323365467,1008,0.000992063492063492,SINGLE_TOKEN_SEMANTIC_RISK,1
890119,NIM,nuveen select maturities municipal fund,35,35.0,0.0,0.0,10.0,25.0,10.0,5,1,1.0,7276994fe3b691a33351d3624d75910566c16617a432697d5d342172678d794d,1.0,-0.0,1008,0.00496031746031746,NONE,0
931148,EAF,ucar international,4,0.0,4.0,0.0,4.0,0.0,0.0,0,0,0.0,,0.0,0.0,934,0.0,NONE,0
1567683,CWEN,CWEN,3,0.0,0.0,3.0,2.0,1.0,0.0,0,0,0.0,,0.0,0.0,1008,0.0,SINGLE_TOKEN_SEMANTIC_RISK,1
1277902,MVBF,MVBF,3,0.0,0.0,3.0,0.0,3.0,1.0,1,0,0.3333333333333333,,0.0,0.0,1008,0.000992063492063492,SINGLE_TOKEN_SEMANTIC_RISK,1
1285550,CLPT,surgi vision,4,4.0,0.0,0.0,0.0,4.0,0.0,0,0,0.0,,0.0,0.0,1008,0.0,NONE,0
1195737,NEA,NEA,2,0.0,0.0,2.0,0.0,2.0,2.0,1,0,0.5,,0.0,0.0,1008,0.000992063492063492,SINGLE_TOKEN_SEMANTIC_RISK,1
1479419,KALA,kala bio,2,2.0,0.0,0.0,0.0,2.0,0.0,0,0,1.0,,0.0,0.0,1008,0.0,NONE,0
1412486,COCP,international surf resorts,2,2.0,0.0,0.0,2.0,0.0,0.0,0,0,0.0,,0.0,0.0,1008,0.0,NONE,0
1340736,ETY,ETY,1,0.0,0.0,1.0,0.0,1.0,0.0,0,0,0.0,,0.0,0.0,1008,0.0,SINGLE_TOKEN_SEMANTIC_RISK,1
1504545,BWG,BWG,1,0.0,0.0,1.0,1.0,0.0,0.0,0,0,1.0,,0.0,0.0,1008,0.0,SINGLE_TOKEN_SEMANTIC_RISK,1
1517175,CHEF,CHEF,1,0.0,0.0,1.0,0.0,1.0,1.0,1,0,0.0,,0.0,0.0,1008,0.000992063492063492,SINGLE_TOKEN_SEMANTIC_RISK,1
1158289,JRS,JRS,1,0.0,0.0,1.0,0.0,1.0,0.0,0,0,0.0,,0.0,0.0,1008,0.0,SINGLE_TOKEN_SEMANTIC_RISK,1
1350593,MWA,MWA,1,0.0,0.0,1.0,0.0,1.0,0.0,0,0,0.0,,0.0,0.0,1008,0.0,SINGLE_TOKEN_SEMANTIC_RISK,1
736772,CCNE,cnb financial corp pa,1,1.0,0.0,0.0,1.0,0.0,0.0,0,0,1.0,,0.0,0.0,1008,0.0,NONE,0
831001,C,citigroup,116239,51353.0,64886.0,0.0,48587.0,45333.0,13245.0,1043,135,0.052977055893460884,d31349428b547fbf2cc2fee5f7a851ceeded29e4f1c0243affce97096846bbff,0.1608921801992418,3.126971524543792,1008,1.0,EDGE_COUNT_TOP_1_PERCENT|IMPLAUSIBLY_HIGH_TRAINING_DAY_COVERAGE|SINGLE_TOKEN_SEMANTIC_RISK,3
50725,GFF,griffon,2708,1517.0,1191.0,0.0,843.0,1490.0,502.0,119,18,0.2946824224519941,7276994fe3b691a33351d3624d75910566c16617a432697d5d342172678d794d,0.3523809523809524,2.1611217549424664,1008,0.11805555555555555,SINGLE_TOKEN_SEMANTIC_RISK,1
18230,CAT,caterpillar,30749,13196.0,17553.0,0.0,9815.0,13823.0,5668.0,741,127,0.22530814010211714,7a760386ea72c5ddae3e4604fdc5f7fa942ad00c5db2a3d8dffc6bcb5912ebdf,0.20539782684893096,3.3288551846831247,1008,0.7351190476190477,SINGLE_TOKEN_SEMANTIC_RISK,1
84748,ROG,rogers,18290,8295.0,9995.0,0.0,7163.0,6432.0,1574.0,363,72,0.03865500273373428,b760b1294f1c1c3c7acaf7968447dba9b64ee4ce0b10d6aa81600f9526801e12,0.33102652825836215,2.316767145415759,1008,0.3601190476190476,SINGLE_TOKEN_SEMANTIC_RISK,1
1037038,RL,ralph lauren,8576,4230.0,4346.0,0.0,3136.0,3993.0,2066.0,372,81,0.37418376865671643,7a760386ea72c5ddae3e4604fdc5f7fa942ad00c5db2a3d8dffc6bcb5912ebdf,0.22338049143708116,2.9848936910187986,1008,0.36904761904761907,NONE,0
1289419,MORN,morningstar,32817,6304.0,26513.0,0.0,7745.0,12768.0,3463.0,811,47,0.02632781789925953,7276994fe3b691a33351d3624d75910566c16617a432697d5d342172678d794d,0.32123212321232125,2.3510319729777565,1008,0.8045634920634921,EDGE_COUNT_TOP_1_PERCENT|SINGLE_TOKEN_SEMANTIC_RISK,2
891103,MTCH,match,117545,11613.0,105932.0,0.0,16704.0,42781.0,8623.0,1171,71,0.011221234420860097,7a760386ea72c5ddae3e4604fdc5f7fa942ad00c5db2a3d8dffc6bcb5912ebdf,0.36935341009743133,2.4534500392293124,1008,1.0,EDGE_COUNT_TOP_1_PERCENT|IMPLAUSIBLY_HIGH_TRAINING_DAY_COVERAGE|SINGLE_TOKEN_SEMANTIC_RISK,3
1041803,PSMT,pricesmart,1637,965.0,672.0,0.0,705.0,740.0,352.0,112,11,0.22541233964569335,7a760386ea72c5ddae3e4604fdc5f7fa942ad00c5db2a3d8dffc6bcb5912ebdf,0.6076923076923076,1.4562409402163754,1008,0.1111111111111111,SINGLE_TOKEN_SEMANTIC_RISK,1
1318605,TSLA,TSLA,23,0.0,0.0,23.0,6.0,17.0,12.0,5,2,0.043478260869565216,90a39bc1f5732b0842596544dc634b3d71990701eb6566301c32954b714ace25,0.5,0.6931471805599453,1008,0.00496031746031746,SINGLE_TOKEN_SEMANTIC_RISK,1
886744,GERN,geron,4423,3238.0,1185.0,0.0,2535.0,1436.0,995.0,210,44,0.42753787022383,7276994fe3b691a33351d3624d75910566c16617a432697d5d342172678d794d,0.4196078431372549,2.2676598522036215,1008,0.20833333333333334,SINGLE_TOKEN_SEMANTIC_RISK,1
96021,SYY,sysco,9535,5461.0,4074.0,0.0,4021.0,4032.0,2491.0,397,69,0.3579444153120084,7a760386ea72c5ddae3e4604fdc5f7fa942ad00c5db2a3d8dffc6bcb5912ebdf,0.20714285714285716,2.6813982198722535,1008,0.39384920634920634,SINGLE_TOKEN_SEMANTIC_RISK,1
918646,EXP,eagle materials,2641,1661.0,980.0,0.0,1223.0,1012.0,550.0,153,31,0.4066641423703143,7276994fe3b691a33351d3624d75910566c16617a432697d5d342172678d794d,0.2519480519480519,2.4395177154821277,1008,0.15178571428571427,NONE,0
926282,ADTN,adtran,3599,2870.0,729.0,0.0,2232.0,1178.0,630.0,155,47,0.4126146151708808,7a760386ea72c5ddae3e4604fdc5f7fa942ad00c5db2a3d8dffc6bcb5912ebdf,0.34401114206128136,2.6135497662260594,1008,0.15376984126984128,SINGLE_TOKEN_SEMANTIC_RISK,1
866787,AZO,autozone,8239,4554.0,3685.0,0.0,3640.0,3491.0,1757.0,372,84,0.2246631872800097,7a760386ea72c5ddae3e4604fdc5f7fa942ad00c5db2a3d8dffc6bcb5912ebdf,0.20474967907573813,3.0114416412372185,1008,0.36904761904761907,SINGLE_TOKEN_SEMANTIC_RISK,1
106535,WY,weyerhaeuser,5176,3007.0,2169.0,0.0,2229.0,2211.0,809.0,206,21,0.18102782071097373,7a760386ea72c5ddae3e4604fdc5f7fa942ad00c5db2a3d8dffc6bcb5912ebdf,0.41203703703703703,1.9571811163965513,1008,0.20436507936507936,SINGLE_TOKEN_SEMANTIC_RISK,1
8504,UAVS,aurora,18037,6754.0,11283.0,0.0,5351.0,6248.0,5597.0,946,48,5.544159228253035e-05,b760b1294f1c1c3c7acaf7968447dba9b64ee4ce0b10d6aa81600f9526801e12,0.2789598108747045,2.7833829687464813,1008,0.9384920634920635,IMPLAUSIBLY_HIGH_TRAINING_DAY_COVERAGE|SINGLE_TOKEN_SEMANTIC_RISK,2
1501989,CTMX,cytomx therapeutics,873,128.0,745.0,0.0,78.0,320.0,77.0,33,8,0.12943871706758306,6d85c5fcd083a75f7715c2add959f733b76cef5669e291147c7bb4af1f38a75b,0.3333333333333333,1.8428570055276674,1008,0.03273809523809524,NONE,0
1060822,CRI,carter,11014,4161.0,6853.0,0.0,4474.0,3190.0,851.0,295,42,0.04884692209914654,215816bf42103f1f2b24c168779f1fb0ea3afcb7a2c627e42e0bcd7fe07eb70a,0.24130879345603273,2.5094173043138155,1008,0.2926587301587302,SINGLE_TOKEN_SEMANTIC_RISK,1
1551152,ABBV,ABBV,33,0.0,0.0,33.0,24.0,9.0,13.0,5,3,0.45454545454545453,08f472aed74b038b1cd05a1e3cd5afd5b1a5ccd3c9ab2b14bf706239f26376a8,0.45454545454545453,0.9347698978582794,1008,0.00496031746031746,SINGLE_TOKEN_SEMANTIC_RISK,1
1368622,AVAV,aerovironment,3810,2339.0,1471.0,0.0,1920.0,1256.0,772.0,182,53,0.3036745406824147,7276994fe3b691a33351d3624d75910566c16617a432697d5d342172678d794d,0.16621253405994552,3.0457883354155397,1008,0.18055555555555555,SINGLE_TOKEN_SEMANTIC_RISK,1
12927,BA,BA,29,0.0,0.0,29.0,4.0,25.0,7.0,3,1,0.034482758620689655,1b425b87521ec0ab5e4c02aa6bbf44fa197505a03a1fa7f593d749168cc34d2f,1.0,-0.0,1008,0.002976190476190476,SINGLE_TOKEN_SEMANTIC_RISK,1
1590895,CZR,caesars entertainment,6267,1689.0,4578.0,0.0,1299.0,3313.0,1493.0,293,22,0.12031274932184459,b760b1294f1c1c3c7acaf7968447dba9b64ee4ce0b10d6aa81600f9526801e12,0.34274193548387094,2.0970829785104383,1008,0.2906746031746032,NONE,0
1275101,BOTJ,bank of the james financial,181,177.0,4.0,0.0,139.0,40.0,58.0,30,4,0.6519337016574586,7276994fe3b691a33351d3624d75910566c16617a432697d5d342172678d794d,0.7619047619047619,0.7734811445633372,1008,0.02976190476190476,NONE,0
1442236,QRHC,quest resource,589,469.0,120.0,0.0,404.0,159.0,158.0,46,11,0.5161290322580645,7276994fe3b691a33351d3624d75910566c16617a432697d5d342172678d794d,0.4,1.8248539204822274,1008,0.04563492063492063,NONE,0
50863,INTC,INTC,47,0.0,0.0,47.0,6.0,41.0,15.0,7,4,0.0425531914893617,0c978fd0dd3b81ef1274a97aea39e5f10766a7e4b5d7d3f7afa93bf3412dae3b,0.46153846153846156,1.2047933096947843,1008,0.006944444444444444,SINGLE_TOKEN_SEMANTIC_RISK,1
765880,DOC,healthpeak properties,1545,563.0,982.0,0.0,314.0,824.0,581.0,103,4,0.007766990291262136,b760b1294f1c1c3c7acaf7968447dba9b64ee4ce0b10d6aa81600f9526801e12,0.9545454545454546,0.2317098088979836,1008,0.10218253968253968,PUBLISHER_CONCENTRATION_GE_80_PERCENT,1
842633,TRS,trimas,1935,1712.0,223.0,0.0,1380.0,495.0,450.0,103,30,0.40930232558139534,7a760386ea72c5ddae3e4604fdc5f7fa942ad00c5db2a3d8dffc6bcb5912ebdf,0.41244239631336405,2.1740103332641167,1008,0.10218253968253968,SINGLE_TOKEN_SEMANTIC_RISK,1
100591,AGX,argan,1017,709.0,308.0,0.0,616.0,280.0,224.0,72,16,0.4051130776794494,7276994fe3b691a33351d3624d75910566c16617a432697d5d342172678d794d,0.3497536945812808,1.9183423394459023,1008,0.07142857142857142,SINGLE_TOKEN_SEMANTIC_RISK,1
105634,EME,emcor,6098,2562.0,3536.0,0.0,1877.0,3040.0,927.0,209,26,0.2659888488028862,7a760386ea72c5ddae3e4604fdc5f7fa942ad00c5db2a3d8dffc6bcb5912ebdf,0.45454545454545453,2.0235898001862753,1008,0.20734126984126985,SINGLE_TOKEN_SEMANTIC_RISK,1
1305767,PHD,pioneer floating rate trust,132,121.0,11.0,0.0,60.0,72.0,38.0,24,2,0.5378787878787878,7276994fe3b691a33351d3624d75910566c16617a432697d5d342172678d794d,0.8181818181818182,0.47413931305783735,1008,0.023809523809523808,PUBLISHER_CONCENTRATION_GE_80_PERCENT,1
1443669,PRLB,proto labs,1812,1272.0,540.0,0.0,1090.0,451.0,454.0,135,25,0.45695364238410596,6752e69d6ebc246e5369e53b5493b1c51f51433551b895d3c67b2e427520e39e,0.26737967914438504,2.179197522651903,1008,0.13392857142857142,NONE,0
1537435,TGEN,tecogen,626,556.0,70.0,0.0,521.0,88.0,140.0,34,11,0.3738019169329074,7276994fe3b691a33351d3624d75910566c16617a432697d5d342172678d794d,0.47413793103448276,1.5506993826655773,1008,0.03373015873015873,SINGLE_TOKEN_SEMANTIC_RISK,1
1304492,ATEX,pdvwireless,84,60.0,24.0,0.0,34.0,40.0,18.0,5,2,0.023809523809523808,7276994fe3b691a33351d3624d75910566c16617a432697d5d342172678d794d,0.75,0.5623351446188083,1008,0.00496031746031746,SINGLE_TOKEN_SEMANTIC_RISK,1
1177609,FIVE,five below,6408,2826.0,3582.0,0.0,1951.0,3246.0,1665.0,370,54,0.3615792759051186,6752e69d6ebc246e5369e53b5493b1c51f51433551b895d3c67b2e427520e39e,0.14483627204030228,3.054637284664721,1008,0.36706349206349204,NONE,0
1041859,PLCE,childrens place,1393,273.0,1120.0,0.0,223.0,1126.0,105.0,31,22,0.3854989231873654,6d85c5fcd083a75f7715c2add959f733b76cef5669e291147c7bb4af1f38a75b,0.29411764705882354,2.3920080490333984,1008,0.030753968253968252,NONE,0
946644,AIM,hemispherx biopharma,928,890.0,38.0,0.0,851.0,73.0,120.0,31,16,0.0,1b425b87521ec0ab5e4c02aa6bbf44fa197505a03a1fa7f593d749168cc34d2f,0.24550898203592814,2.359079541107404,1008,0.030753968253968252,NONE,0
1055726,INO,inovio pharmaceuticals,4330,1631.0,2699.0,0.0,1308.0,2003.0,1948.0,335,28,0.37944572748267896,7276994fe3b691a33351d3624d75910566c16617a432697d5d342172678d794d,0.15472779369627507,2.695863438912501,1008,0.3323412698412698,NONE,0
1039280,NTWK,mirage,2859,1382.0,1477.0,0.0,1409.0,568.0,124.0,59,24,0.0,215816bf42103f1f2b24c168779f1fb0ea3afcb7a2c627e42e0bcd7fe07eb70a,0.6091549295774648,1.5292898538098878,1008,0.05853174603174603,SINGLE_TOKEN_SEMANTIC_RISK,1
1379006,NNVC,nanoviricides,1108,856.0,252.0,0.0,841.0,133.0,355.0,74,14,0.2996389891696751,08f472aed74b038b1cd05a1e3cd5afd5b1a5ccd3c9ab2b14bf706239f26376a8,0.3155080213903743,2.0481540515878605,1008,0.07341269841269842,SINGLE_TOKEN_SEMANTIC_RISK,1
1486298,BSL,blackstone gso senior floating rate term fund,98,94.0,4.0,0.0,0.0,96.0,26.0,8,3,0.3877551020408163,7276994fe3b691a33351d3624d75910566c16617a432697d5d342172678d794d,0.75,0.7214636866925116,1008,0.007936507936507936,NONE,0
1337298,FF,futurefuel,778,496.0,282.0,0.0,471.0,265.0,194.0,42,18,0.30719794344473006,7276994fe3b691a33351d3624d75910566c16617a432697d5d342172678d794d,0.34415584415584416,2.129438569556057,1008,0.041666666666666664,SINGLE_TOKEN_SEMANTIC_RISK,1
1645590,HPE,hewlett packard enterprise,6231,983.0,5248.0,0.0,1.0,4578.0,1325.0,340,18,0.24506499759268174,b760b1294f1c1c3c7acaf7968447dba9b64ee4ce0b10d6aa81600f9526801e12,0.3464052287581699,2.1383319622667565,1008,0.3373015873015873,NONE,0
16160,CALM,cal maine foods,3389,1455.0,1934.0,0.0,1061.0,1834.0,472.0,116,35,0.3493655945706698,7276994fe3b691a33351d3624d75910566c16617a432697d5d342172678d794d,0.26047904191616766,2.681749780337648,1008,0.11507936507936507,NONE,0
868857,ACM,aecom,5367,3523.0,1844.0,0.0,2639.0,2150.0,864.0,202,40,0.32066331283771193,7a760386ea72c5ddae3e4604fdc5f7fa942ad00c5db2a3d8dffc6bcb5912ebdf,0.36666666666666664,2.470450861703568,1008,0.2003968253968254,SINGLE_TOKEN_SEMANTIC_RISK,1
1652044,GOOG,GOOG,1360,0.0,0.0,1360.0,99.0,1261.0,208.0,112,7,0.04485294117647059,84625ab1a763851f03bf27f1f4f68b3b7efe198626d098151d461cbb0e262da0,0.46153846153846156,1.631345420808597,1008,0.1111111111111111,SINGLE_TOKEN_SEMANTIC_RISK,1
1045742,LIVE,livedeal,865,804.0,61.0,0.0,702.0,134.0,2.0,1,19,0.3352601156069364,84625ab1a763851f03bf27f1f4f68b3b7efe198626d098151d461cbb0e262da0,0.2073170731707317,2.3567114701364136,1008,0.000992063492063492,SINGLE_TOKEN_SEMANTIC_RISK,1
1447028,ABUS,arbutus biopharma,659,170.0,489.0,0.0,123.0,341.0,245.0,48,9,0.26858877086494687,7276994fe3b691a33351d3624d75910566c16617a432697d5d342172678d794d,0.3469387755102041,1.7295729955850523,1008,0.047619047619047616,NONE,0
1609711,GDDY,godaddy,2748,1295.0,1453.0,0.0,856.0,1262.0,531.0,158,22,0.20705967976710335,6752e69d6ebc246e5369e53b5493b1c51f51433551b895d3c67b2e427520e39e,0.22510822510822512,2.307247694088925,1008,0.15674603174603174,SINGLE_TOKEN_SEMANTIC_RISK,1
712034,ACCO,acco brands,2246,1062.0,1184.0,0.0,923.0,974.0,459.0,122,16,0.38958147818343725,7276994fe3b691a33351d3624d75910566c16617a432697d5d342172678d794d,0.3760330578512397,1.9501265037547884,1008,0.12103174603174603,NONE,0
1032975,LOGI,logitech international s a,582,64.0,518.0,0.0,66.0,369.0,99.0,32,5,0.10824742268041238,7276994fe3b691a33351d3624d75910566c16617a432697d5d342172678d794d,0.5357142857142857,1.2620979543212703,1008,0.031746031746031744,NONE,0
1649744,DLTH,duluth,2116,918.0,1198.0,0.0,669.0,907.0,376.0,91,8,0.11483931947069943,7a760386ea72c5ddae3e4604fdc5f7fa942ad00c5db2a3d8dffc6bcb5912ebdf,0.379746835443038,1.5774740532123912,1008,0.09027777777777778,SINGLE_TOKEN_SEMANTIC_RISK,1
1401914,DARE,dare bioscience,121,64.0,57.0,0.0,30.0,83.0,83.0,13,4,0.18181818181818182,6d85c5fcd083a75f7715c2add959f733b76cef5669e291147c7bb4af1f38a75b,0.6666666666666666,0.9612857525845959,1008,0.012896825396825396,NONE,0
1084765,RGP,resources connection,1046,654.0,392.0,0.0,530.0,469.0,265.0,73,26,0.07074569789674952,7276994fe3b691a33351d3624d75910566c16617a432697d5d342172678d794d,0.29906542056074764,2.4730544562112526,1008,0.07242063492063493,NONE,0
884624,OFIX,orthofix international n v,333,123.0,210.0,0.0,113.0,105.0,25.0,11,7,0.3993993993993994,1b425b87521ec0ab5e4c02aa6bbf44fa197505a03a1fa7f593d749168cc34d2f,0.3076923076923077,1.7755709416057863,1008,0.010912698412698412,NONE,0
104169,WMT,WMT,564,0.0,0.0,564.0,66.0,498.0,73.0,36,7,0.02127659574468085,1b425b87521ec0ab5e4c02aa6bbf44fa197505a03a1fa7f593d749168cc34d2f,0.5882352941176471,1.3972047975232547,1008,0.03571428571428571,SINGLE_TOKEN_SEMANTIC_RISK,1
797468,OXY,OXY,4391,0.0,0.0,4391.0,802.0,3589.0,1009.0,281,3,0.2108859029833751,1b425b87521ec0ab5e4c02aa6bbf44fa197505a03a1fa7f593d749168cc34d2f,0.5,1.0114042647073516,1008,0.2787698412698413,SINGLE_TOKEN_SEMANTIC_RISK,1
921738,PENN,penn national gaming,5005,2241.0,2764.0,0.0,1838.0,2171.0,1956.0,435,51,0.3878121878121878,7276994fe3b691a33351d3624d75910566c16617a432697d5d342172678d794d,0.1634782608695652,2.9074242675271074,1008,0.43154761904761907,NONE,0
1370416,WPRT,westport fuel systems,1158,591.0,567.0,0.0,453.0,572.0,601.0,136,13,0.4067357512953368,7276994fe3b691a33351d3624d75910566c16617a432697d5d342172678d794d,0.5458515283842795,1.593727896265269,1008,0.1349206349206349,NONE,0
947484,ACGLO,arch capital,5381,2103.0,3278.0,0.0,1189.0,2948.0,836.0,202,40,0.0027875859505668093,7a760386ea72c5ddae3e4604fdc5f7fa942ad00c5db2a3d8dffc6bcb5912ebdf,0.3771289537712895,2.488900298954441,1008,0.2003968253968254,NONE,0
1410636,AWK,american water works,4721,1588.0,3133.0,0.0,1492.0,2431.0,1154.0,342,36,0.16267739885617455,7a760386ea72c5ddae3e4604fdc5f7fa942ad00c5db2a3d8dffc6bcb5912ebdf,0.2847222222222222,2.339699255546073,1008,0.3392857142857143,NONE,0
882835,ROP,roper industries,1305,928.0,377.0,0.0,879.0,331.0,8.0,5,27,0.30727969348659,7a760386ea72c5ddae3e4604fdc5f7fa942ad00c5db2a3d8dffc6bcb5912ebdf,0.16,2.7571748856594396,1008,0.00496031746031746,NONE,0
1166691,CCZ,at t comcast,178,111.0,67.0,0.0,73.0,62.0,18.0,8,8,0.0,6752e69d6ebc246e5369e53b5493b1c51f51433551b895d3c67b2e427520e39e,0.3225806451612903,1.897233934920382,626,0.012779552715654952,NONE,0
1670592,YETI,yeti holdings inc,600,41.0,559.0,0.0,64.0,376.0,233.0,92,1,0.4683333333333333,b760b1294f1c1c3c7acaf7968447dba9b64ee4ce0b10d6aa81600f9526801e12,1.0,-0.0,802,0.11471321695760599,PUBLISHER_CONCENTRATION_GE_80_PERCENT,1
1582554,MTNB,matinas biopharma,238,122.0,116.0,0.0,117.0,56.0,35.0,19,2,0.15126050420168066,7276994fe3b691a33351d3624d75910566c16617a432697d5d342172678d794d,0.8571428571428571,0.410116318288409,1008,0.018849206349206348,PUBLISHER_CONCENTRATION_GE_80_PERCENT,1
67088,MUFG,mitsubishi ufj financial,4602,388.0,4214.0,0.0,733.0,2771.0,254.0,106,13,0.03911342894393742,7a760386ea72c5ddae3e4604fdc5f7fa942ad00c5db2a3d8dffc6bcb5912ebdf,0.3870967741935484,1.9435392357620362,1008,0.10515873015873016,NONE,0
1322422,HBM,hudbay minerals,1603,827.0,776.0,0.0,810.0,633.0,405.0,132,14,0.35308796007485965,7276994fe3b691a33351d3624d75910566c16617a432697d5d342172678d794d,0.5027322404371585,1.766647309575577,1008,0.13095238095238096,NONE,0
34956,TENX,tenax therapeutics,412,249.0,163.0,0.0,223.0,132.0,195.0,34,6,0.441747572815534,7276994fe3b691a33351d3624d75910566c16617a432697d5d342172678d794d,0.5,1.3556202716430081,1008,0.03373015873015873,NONE,0
885590,BHC,valeant pharmaceuticals international,1827,329.0,1498.0,0.0,346.0,1158.0,75.0,24,6,0.0005473453749315818,b760b1294f1c1c3c7acaf7968447dba9b64ee4ce0b10d6aa81600f9526801e12,0.42857142857142855,1.3882040281742298,1008,0.023809523809523808,NONE,0
1681622,VREX,varex imaging,366,146.0,220.0,0.0,66.0,194.0,140.0,47,3,0.2923497267759563,b760b1294f1c1c3c7acaf7968447dba9b64ee4ce0b10d6aa81600f9526801e12,0.5945945945945946,0.9479851562853798,1008,0.04662698412698413,NONE,0
883948,AUB,atlantic union bankshares,538,152.0,386.0,0.0,94.0,400.0,252.0,65,2,0.24721189591078066,b760b1294f1c1c3c7acaf7968447dba9b64ee4ce0b10d6aa81600f9526801e12,0.975,0.11690684913753106,1008,0.06448412698412699,PUBLISHER_CONCENTRATION_GE_80_PERCENT,1
1004702,OCFC,oceanfirst financial,1007,738.0,269.0,0.0,545.0,433.0,334.0,101,17,0.48361469712015887,7276994fe3b691a33351d3624d75910566c16617a432697d5d342172678d794d,0.3045977011494253,2.129634446803396,1008,0.1001984126984127,NONE,0
731802,ATO,atmos energy,3750,1299.0,2451.0,0.0,830.0,1736.0,490.0,165,7,0.23493333333333333,7a760386ea72c5ddae3e4604fdc5f7fa942ad00c5db2a3d8dffc6bcb5912ebdf,0.6276595744680851,0.9563557148088604,1008,0.1636904761904762,NONE,0
874866,CRVL,corvel,480,228.0,252.0,0.0,190.0,278.0,138.0,58,4,0.22291666666666668,54cdaa1af72fd153cc9dc0d244fb43a089e1f19b0524cbb0e47b632c54047c9d,0.6666666666666666,0.9830877585747856,1008,0.057539682539682536,SINGLE_TOKEN_SEMANTIC_RISK,1
912093,VIAV,viavi solutions,697,158.0,539.0,0.0,93.0,418.0,165.0,67,5,0.3615494978479197,1b425b87521ec0ab5e4c02aa6bbf44fa197505a03a1fa7f593d749168cc34d2f,0.28,1.5300196866864273,1008,0.06646825396825397,NONE,0
1710155,EYE,national vision,688,307.0,381.0,0.0,177.0,398.0,187.0,73,5,0.3183139534883721,7a760386ea72c5ddae3e4604fdc5f7fa942ad00c5db2a3d8dffc6bcb5912ebdf,0.5769230769230769,1.0559317168687192,1008,0.07242063492063493,NONE,0
1089113,HSBC,HSBC,338,0.0,0.0,338.0,81.0,257.0,98.0,41,1,0.1390532544378698,deb56840b9cdc03f6c4ee4d521ae2d441afded63a6b8dfc35db2427b482be521,1.0,-0.0,1008,0.040674603174603176,PUBLISHER_CONCENTRATION_GE_80_PERCENT|SINGLE_TOKEN_SEMANTIC_RISK,2
1267565,COLL,collegium pharmaceutical,552,185.0,367.0,0.0,120.0,283.0,87.0,40,3,0.3333333333333333,b760b1294f1c1c3c7acaf7968447dba9b64ee4ce0b10d6aa81600f9526801e12,0.5,0.9433483923290393,1008,0.03968253968253968,NONE,0
1666138,ATKR,atkore,1202,327.0,875.0,0.0,193.0,629.0,423.0,118,5,0.25873544093178036,b760b1294f1c1c3c7acaf7968447dba9b64ee4ce0b10d6aa81600f9526801e12,0.4666666666666667,1.0236422447838398,1008,0.11706349206349206,SINGLE_TOKEN_SEMANTIC_RISK,1
1584831,OXBR,oxbridge re,650,263.0,387.0,0.0,177.0,167.0,190.0,31,7,0.21076923076923076,7276994fe3b691a33351d3624d75910566c16617a432697d5d342172678d794d,0.7611940298507462,0.9468663901529012,1008,0.030753968253968252,NONE,0
824142,AAON,aaon inc,697,295.0,402.0,0.0,177.0,379.0,139.0,65,8,0.3744619799139168,b760b1294f1c1c3c7acaf7968447dba9b64ee4ce0b10d6aa81600f9526801e12,0.64,1.2834752513913306,1008,0.06448412698412699,NONE,0
1156375,CME,chicago mercantile exchange,3773,63.0,3710.0,0.0,1276.0,659.0,100.0,44,3,0.028889477869069705,215816bf42103f1f2b24c168779f1fb0ea3afcb7a2c627e42e0bcd7fe07eb70a,0.5,0.8982053397041498,1008,0.04365079365079365,EXCHANGE_OR_VENUE_NAME,1
860413,FIBK,first interstate bancsystem,1206,703.0,503.0,0.0,492.0,537.0,206.0,95,17,0.44776119402985076,7276994fe3b691a33351d3624d75910566c16617a432697d5d342172678d794d,0.2265625,2.144692433771607,1008,0.09424603174603174,NONE,0
1369241,DAC,danaos,1568,947.0,621.0,0.0,735.0,599.0,269.0,90,20,0.41135204081632654,7a760386ea72c5ddae3e4604fdc5f7fa942ad00c5db2a3d8dffc6bcb5912ebdf,0.2613065326633166,2.1994641693355055,1008,0.08928571428571429,SINGLE_TOKEN_SEMANTIC_RISK,1
1403568,ULTA,ulta salon cosmetics fragrance,1406,419.0,987.0,0.0,290.0,860.0,15.0,6,15,0.43314366998577525,7a760386ea72c5ddae3e4604fdc5f7fa942ad00c5db2a3d8dffc6bcb5912ebdf,0.3821138211382114,2.160555301126015,1008,0.005952380952380952,NONE,0
1492165,PFBC,preferred bank,1498,933.0,565.0,0.0,725.0,699.0,293.0,110,25,0.4252336448598131,7276994fe3b691a33351d3624d75910566c16617a432697d5d342172678d794d,0.3080568720379147,2.1805007141454946,1008,0.10912698412698413,NONE,0
1273441,GTE,gran tierra energy,1378,931.0,447.0,0.0,884.0,321.0,278.0,93,21,0.39985486211901305,7276994fe3b691a33351d3624d75910566c16617a432697d5d342172678d794d,0.3407079646017699,2.205135056450044,1008,0.09226190476190477,NONE,0
1768224,ARCT,arcturus therapeutics,1162,155.0,1007.0,0.0,108.0,593.0,382.0,66,5,0.16953528399311532,b760b1294f1c1c3c7acaf7968447dba9b64ee4ce0b10d6aa81600f9526801e12,0.4117647058823529,1.3180238017106036,1008,0.06547619047619048,NONE,0
821483,PARR,par petroleum,267,219.0,48.0,0.0,144.0,113.0,21.0,9,8,0.5355805243445693,7276994fe3b691a33351d3624d75910566c16617a432697d5d342172678d794d,0.3333333333333333,1.7222607218500245,1008,0.008928571428571428,NONE,0
1035354,ELOX,eloxx pharmaceuticals,141,20.0,121.0,0.0,11.0,82.0,34.0,22,0,0.2624113475177305,,0.0,0.0,1008,0.021825396825396824,NONE,0
712771,CNOB,center bancorp,379,339.0,40.0,0.0,0.0,374.0,0.0,0,3,0.023746701846965697,7a760386ea72c5ddae3e4604fdc5f7fa942ad00c5db2a3d8dffc6bcb5912ebdf,0.6666666666666666,0.8675632284814612,1008,0.0,NONE,0
1345105,CPA,copa holdings s a,1413,183.0,1230.0,0.0,139.0,1056.0,171.0,81,12,0.08421797593772117,1b425b87521ec0ab5e4c02aa6bbf44fa197505a03a1fa7f593d749168cc34d2f,0.3389830508474576,2.0174990030358515,1008,0.08035714285714286,NONE,0
1045450,EPR,entertainment properties trust,418,411.0,7.0,0.0,398.0,15.0,0.0,0,12,0.22727272727272727,fd7425846ea62437d770cdb9d69a5951ab33b237b3bab17ac568ce2742c7bea3,0.24,2.1680320690020043,1008,0.0,NONE,0
1464591,GPRK,geopark,1139,754.0,385.0,0.0,697.0,370.0,368.0,120,15,0.47585601404741,7276994fe3b691a33351d3624d75910566c16617a432697d5d342172678d794d,0.4514285714285714,1.8659981261754015,1008,0.11904761904761904,SINGLE_TOKEN_SEMANTIC_RISK,1
1044777,OSPN,vasco data security international,261,115.0,146.0,0.0,108.0,117.0,17.0,8,8,0.0,7a760386ea72c5ddae3e4604fdc5f7fa942ad00c5db2a3d8dffc6bcb5912ebdf,0.37037037037037035,1.7442509853924313,1008,0.007936507936507936,NONE,0
1185348,PRAA,portfolio recovery associates,568,349.0,219.0,0.0,329.0,187.0,2.0,1,15,0.30809859154929575,1b425b87521ec0ab5e4c02aa6bbf44fa197505a03a1fa7f593d749168cc34d2f,0.19607843137254902,2.3670060790337764,1008,0.000992063492063492,NONE,0
798528,OMEX,odyssey marine exploration,644,477.0,167.0,0.0,449.0,112.0,75.0,22,22,0.3944099378881988,1b425b87521ec0ab5e4c02aa6bbf44fa197505a03a1fa7f593d749168cc34d2f,0.18461538461538463,2.5426441495879972,1008,0.021825396825396824,NONE,0
1554697,GHY,prudential global short duration high yield fund,139,136.0,3.0,0.0,0.0,139.0,26.0,9,4,0.4172661870503597,7276994fe3b691a33351d3624d75910566c16617a432697d5d342172678d794d,0.7142857142857143,0.8766452322622142,1008,0.008928571428571428,NONE,0
1438893,GNT,gamco natural resources gold income trust,39,38.0,1.0,0.0,36.0,3.0,0.0,0,0,0.05128205128205128,,0.0,0.0,0,0.0,NONE,0
1212545,WAL,western alliance bancorporation,2273,456.0,1817.0,0.0,546.0,848.0,278.0,97,18,0.29520457545094586,7276994fe3b691a33351d3624d75910566c16617a432697d5d342172678d794d,0.32,2.323186246883581,1008,0.09623015873015874,NONE,0
884121,HQL,h q life sciences investors,181,181.0,0.0,0.0,174.0,7.0,0.0,0,4,0.14917127071823205,899feb94f03b699155327981274efda4d980eba15273b69e3928a653287f0f0a,0.5,1.2206072645530173,1008,0.0,NONE,0
1624512,BOXL,logical choice,473,8.0,465.0,0.0,19.0,154.0,35.0,23,0,0.0,,0.0,0.0,1008,0.022817460317460316,NONE,0
1163792,WEA,western asset premier bond fund,230,221.0,9.0,0.0,221.0,7.0,3.0,1,0,0.013043478260869565,,0.0,0.0,1008,0.000992063492063492,NONE,0
1053092,GLDI,credit suisse ag,2954,152.0,2802.0,0.0,405.0,2046.0,828.0,176,5,0.005416384563303994,b760b1294f1c1c3c7acaf7968447dba9b64ee4ce0b10d6aa81600f9526801e12,0.5384615384615384,1.303875529336385,1008,0.1746031746031746,NONE,0
1528811,VGI,virtus global multi sector income fund,249,230.0,19.0,0.0,150.0,99.0,75.0,47,3,0.5341365461847389,7276994fe3b691a33351d3624d75910566c16617a432697d5d342172678d794d,0.6756756756756757,0.8124651103811076,1008,0.04662698412698413,NONE,0
1015820,QGEN,qiagen n v,919,227.0,692.0,0.0,223.0,579.0,182.0,76,10,0.3895538628944505,1b425b87521ec0ab5e4c02aa6bbf44fa197505a03a1fa7f593d749168cc34d2f,0.2909090909090909,1.8555229893225496,1008,0.07539682539682539,NONE,0
1322436,ETV,eaton vance tax managed buy write opportunities fund,183,152.0,31.0,0.0,135.0,42.0,24.0,4,1,0.07103825136612021,7276994fe3b691a33351d3624d75910566c16617a432697d5d342172678d794d,1.0,-0.0,1008,0.003968253968253968,PUBLISHER_CONCENTRATION_GE_80_PERCENT,1
1560672,EARN,ellington residential mortgage reit,460,327.0,133.0,0.0,267.0,183.0,128.0,52,9,0.5652173913043478,7276994fe3b691a33351d3624d75910566c16617a432697d5d342172678d794d,0.6526315789473685,1.2468131837469412,1008,0.051587301587301584,NONE,0
1565381,DMB,dreyfus municipal bond infrastructure fund,229,227.0,2.0,0.0,190.0,37.0,28.0,18,1,0.24890829694323144,7276994fe3b691a33351d3624d75910566c16617a432697d5d342172678d794d,1.0,-0.0,1008,0.017857142857142856,PUBLISHER_CONCENTRATION_GE_80_PERCENT,1
317788,APPS,neumedia,28,28.0,0.0,0.0,28.0,0.0,0.0,0,0,0.0,,0.0,0.0,1008,0.0,SINGLE_TOKEN_SEMANTIC_RISK,1
1525221,VTOL,era group inc,153,130.0,23.0,0.0,131.0,15.0,28.0,13,4,0.0,7276994fe3b691a33351d3624d75910566c16617a432697d5d342172678d794d,0.6818181818181818,0.8788632452354226,1008,0.012896825396825396,NONE,0
923796,GEO,geo group inc,1175,291.0,884.0,0.0,290.0,653.0,223.0,84,9,0.41106382978723405,1b425b87521ec0ab5e4c02aa6bbf44fa197505a03a1fa7f593d749168cc34d2f,0.3620689655172414,1.6338625909420303,1008,0.08333333333333333,NONE,0
1434265,GMAB,genmab a s,505,84.0,421.0,0.0,99.0,293.0,144.0,34,2,0.19207920792079208,b760b1294f1c1c3c7acaf7968447dba9b64ee4ce0b10d6aa81600f9526801e12,0.75,0.5623351446188083,1008,0.03373015873015873,NONE,0
6955,EPAC,applied power,25,22.0,3.0,0.0,20.0,3.0,0.0,0,0,0.0,,0.0,0.0,1008,0.0,NONE,0
71508,ENO,entergy new orleans,113,27.0,86.0,0.0,20.0,37.0,7.0,5,0,0.035398230088495575,,0.0,0.0,1008,0.00496031746031746,NONE,0
1057379,HCKT,answerthink,60,58.0,2.0,0.0,56.0,2.0,0.0,0,0,0.0,,0.0,0.0,1008,0.0,SINGLE_TOKEN_SEMANTIC_RISK,1
1084554,LTBR,thorium power,130,130.0,0.0,0.0,130.0,0.0,0.0,0,1,0.0,899feb94f03b699155327981274efda4d980eba15273b69e3928a653287f0f0a,1.0,-0.0,1008,0.0,PUBLISHER_CONCENTRATION_GE_80_PERCENT,1
1313510,GGN,gabelli global gold natural resources income trust,54,38.0,16.0,0.0,43.0,0.0,0.0,0,0,0.18518518518518517,,0.0,0.0,1008,0.0,NONE,0
891103,MTCH,usa networks,40,4.0,36.0,0.0,10.0,23.0,0.0,0,1,0.0,215816bf42103f1f2b24c168779f1fb0ea3afcb7a2c627e42e0bcd7fe07eb70a,1.0,-0.0,1008,0.0,NONE,0
1289945,SPOK,SPOK,75,0.0,0.0,75.0,0.0,75.0,5.0,4,0,0.09333333333333334,,0.0,0.0,1008,0.003968253968253968,SINGLE_TOKEN_SEMANTIC_RISK,1
1378950,PRTS,carparts com,565,78.0,487.0,0.0,10.0,353.0,51.0,24,0,0.35398230088495575,,0.0,0.0,1008,0.023809523809523808,NONE,0
884887,RCL,RCL,855,0.0,0.0,855.0,230.0,625.0,444.0,245,0,0.005847953216374269,,0.0,0.0,1008,0.24305555555555555,SINGLE_TOKEN_SEMANTIC_RISK,1
1645590,HPE,HPE,118,0.0,0.0,118.0,11.0,107.0,57.0,26,0,0.2033898305084746,,0.0,0.0,1008,0.025793650793650792,SINGLE_TOKEN_SEMANTIC_RISK,1
917851,VALE,VALE,831,0.0,0.0,831.0,196.0,635.0,144.0,65,1,0.19975932611311673,84625ab1a763851f03bf27f1f4f68b3b7efe198626d098151d461cbb0e262da0,1.0,-0.0,1008,0.06448412698412699,PUBLISHER_CONCENTRATION_GE_80_PERCENT|SINGLE_TOKEN_SEMANTIC_RISK,2
1788451,LIFE,LIFE,48,0.0,0.0,48.0,0.0,48.0,8.0,3,0,0.08333333333333333,,0.0,0.0,1008,0.002976190476190476,SINGLE_TOKEN_SEMANTIC_RISK,1
1506251,CTXR,citius pharmaceuticals,269,28.0,241.0,0.0,22.0,145.0,128.0,20,1,0.20817843866171004,7276994fe3b691a33351d3624d75910566c16617a432697d5d342172678d794d,1.0,-0.0,1008,0.01984126984126984,PUBLISHER_CONCENTRATION_GE_80_PERCENT,1
1396878,UGA,united states gasoline fund lp,90,0.0,90.0,0.0,20.0,25.0,1.0,1,0,0.2222222222222222,,0.0,0.0,1008,0.000992063492063492,NONE,0
890196,MQY,blackrock muniyield quality fund,153,97.0,56.0,0.0,26.0,82.0,23.0,6,2,0.17647058823529413,7276994fe3b691a33351d3624d75910566c16617a432697d5d342172678d794d,0.7333333333333333,0.5799151714181009,1008,0.005952380952380952,NONE,0
700565,FMBH,first mid bancshares,106,61.0,45.0,0.0,2.0,104.0,35.0,12,0,0.24528301886792453,,0.0,0.0,1008,0.011904761904761904,NONE,0
1065078,NTIP,network 1 technologies,168,135.0,33.0,0.0,125.0,38.0,73.0,34,8,0.7619047619047619,7276994fe3b691a33351d3624d75910566c16617a432697d5d342172678d794d,0.5344827586206896,1.4217109690288654,1008,0.03373015873015873,NONE,0
1397911,LPLA,LPLA,98,0.0,0.0,98.0,46.0,52.0,7.0,3,1,0.47959183673469385,deb56840b9cdc03f6c4ee4d521ae2d441afded63a6b8dfc35db2427b482be521,1.0,-0.0,1008,0.002976190476190476,SINGLE_TOKEN_SEMANTIC_RISK,1
802481,PPC,PPC,153,0.0,0.0,153.0,42.0,111.0,49.0,23,2,0.3137254901960784,d014d5a638eac5b2d935d6b6b173e4769692dc2a63efe5b382d586866929bd06,0.5,0.6931471805599453,1008,0.022817460317460316,SINGLE_TOKEN_SEMANTIC_RISK,1
1434524,CLIR,clearsign technologies,233,13.0,220.0,0.0,9.0,106.0,89.0,14,1,0.1759656652360515,08f472aed74b038b1cd05a1e3cd5afd5b1a5ccd3c9ab2b14bf706239f26376a8,1.0,-0.0,1008,0.013888888888888888,PUBLISHER_CONCENTRATION_GE_80_PERCENT,1
6201,AAL,AAL,72,0.0,0.0,72.0,7.0,65.0,47.0,20,1,0.3888888888888889,1b425b87521ec0ab5e4c02aa6bbf44fa197505a03a1fa7f593d749168cc34d2f,1.0,-0.0,1008,0.01984126984126984,SINGLE_TOKEN_SEMANTIC_RISK,1
883569,FOSL,FOSL,51,0.0,0.0,51.0,50.0,1.0,0.0,0,1,0.9803921568627451,deb56840b9cdc03f6c4ee4d521ae2d441afded63a6b8dfc35db2427b482be521,1.0,-0.0,1008,0.0,SINGLE_TOKEN_SEMANTIC_RISK,1
1383149,UDN,invesco db us dollar index bearish fund,40,0.0,40.0,0.0,0.0,18.0,0.0,0,0,0.3,,0.0,0.0,0,0.0,NONE,0
1565025,ABEV,ambev s a,789,63.0,726.0,0.0,58.0,661.0,317.0,69,5,0.25602027883396705,7276994fe3b691a33351d3624d75910566c16617a432697d5d342172678d794d,0.5,1.3143738430069454,1008,0.06845238095238096,NONE,0
1173643,TRX,tanzanian gold,91,55.0,36.0,0.0,69.0,20.0,65.0,31,2,0.26373626373626374,7276994fe3b691a33351d3624d75910566c16617a432697d5d342172678d794d,0.5882352941176471,0.6774944044487072,1008,0.030753968253968252,NONE,0
1383058,DBO,invesco db oil fund,502,2.0,500.0,0.0,3.0,123.0,16.0,8,0,0.10358565737051793,,0.0,0.0,1008,0.007936507936507936,NONE,0
6845,APOG,APOG,4,0.0,0.0,4.0,0.0,4.0,4.0,1,0,0.0,,0.0,0.0,1008,0.000992063492063492,SINGLE_TOKEN_SEMANTIC_RISK,1
1652130,NTLA,NTLA,51,0.0,0.0,51.0,1.0,50.0,43.0,11,1,0.2549019607843137,08f472aed74b038b1cd05a1e3cd5afd5b1a5ccd3c9ab2b14bf706239f26376a8,1.0,-0.0,1008,0.010912698412698412,SINGLE_TOKEN_SEMANTIC_RISK,1
726958,CASY,CASY,259,0.0,0.0,259.0,31.0,228.0,115.0,56,0,0.5482625482625483,,0.0,0.0,1008,0.05555555555555555,SINGLE_TOKEN_SEMANTIC_RISK,1
1293613,KYN,kayne anderson energy infrastructure fund,18,3.0,15.0,0.0,0.0,6.0,6.0,4,0,0.3888888888888889,,0.0,0.0,1008,0.003968253968253968,NONE,0
1607997,NMS,nuveen minnesota quality municipal income fund,43,41.0,2.0,0.0,12.0,29.0,38.0,33,1,0.9534883720930233,7276994fe3b691a33351d3624d75910566c16617a432697d5d342172678d794d,1.0,-0.0,1008,0.03273809523809524,NONE,0
69733,NATH,NATH,34,0.0,0.0,34.0,2.0,32.0,20.0,15,0,0.5294117647058824,,0.0,0.0,1008,0.01488095238095238,SINGLE_TOKEN_SEMANTIC_RISK,1
1999001,FUN,six flags entertainment new,4,0.0,4.0,0.0,0.0,2.0,2.0,1,0,0.0,,0.0,0.0,1008,0.000992063492063492,NONE,0
1631761,YRD,yiren digital,125,33.0,92.0,0.0,24.0,47.0,57.0,12,1,0.176,7276994fe3b691a33351d3624d75910566c16617a432697d5d342172678d794d,1.0,-0.0,1008,0.011904761904761904,PUBLISHER_CONCENTRATION_GE_80_PERCENT,1
1061736,FMX,FMX,94,0.0,0.0,94.0,11.0,83.0,16.0,12,0,0.2553191489361702,,0.0,0.0,1008,0.011904761904761904,SINGLE_TOKEN_SEMANTIC_RISK,1
1415311,YCS,YCS,54,0.0,0.0,54.0,19.0,35.0,0.0,0,0,0.2037037037037037,,0.0,0.0,1008,0.0,SINGLE_TOKEN_SEMANTIC_RISK,1
1478888,NBB,nuveen build america bond fund,41,36.0,5.0,0.0,2.0,39.0,6.0,6,0,0.8292682926829268,,0.0,0.0,1008,0.005952380952380952,NONE,0
1375205,URG,URG,30,0.0,0.0,30.0,4.0,26.0,10.0,3,0,0.13333333333333333,,0.0,0.0,1008,0.002976190476190476,SINGLE_TOKEN_SEMANTIC_RISK,1
1779372,BEAT,heartbeam,49,8.0,41.0,0.0,6.0,15.0,6.0,3,0,0.3877551020408163,,0.0,0.0,665,0.004511278195488722,SINGLE_TOKEN_SEMANTIC_RISK,1
884144,ASUR,forgent networks,31,26.0,5.0,0.0,26.0,2.0,2.0,1,2,0.3548387096774194,b760b1294f1c1c3c7acaf7968447dba9b64ee4ce0b10d6aa81600f9526801e12,0.8333333333333334,0.45056120886630463,1008,0.000992063492063492,NONE,0
788784,PEG,PEG,3,0.0,0.0,3.0,0.0,3.0,0.0,0,0,0.0,,0.0,0.0,1008,0.0,SINGLE_TOKEN_SEMANTIC_RISK,1
894405,ARCB,ARCB,102,0.0,0.0,102.0,10.0,92.0,38.0,29,0,0.5588235294117647,,0.0,0.0,1008,0.028769841269841268,SINGLE_TOKEN_SEMANTIC_RISK,1
1690842,PLTM,graniteshares platinum trust,40,0.0,40.0,0.0,15.0,13.0,6.0,5,0,0.4,,0.0,0.0,985,0.005076142131979695,NONE,0
1471055,BSBR,BSBR,50,0.0,0.0,50.0,4.0,46.0,7.0,3,0,0.22,,0.0,0.0,1008,0.002976190476190476,SINGLE_TOKEN_SEMANTIC_RISK,1
1021561,NUS,NUS,17,0.0,0.0,17.0,3.0,14.0,0.0,0,1,0.11764705882352941,1b425b87521ec0ab5e4c02aa6bbf44fa197505a03a1fa7f593d749168cc34d2f,1.0,-0.0,1008,0.0,SINGLE_TOKEN_SEMANTIC_RISK,1
1713930,NEXA,nexa resources s a,133,44.0,89.0,0.0,8.0,95.0,29.0,18,0,0.5639097744360902,,0.0,0.0,1008,0.017857142857142856,NONE,0
1279014,ERH,evergreen utilities high income fund,16,3.0,13.0,0.0,3.0,0.0,0.0,0,0,0.125,,0.0,0.0,1008,0.0,NONE,0
1650132,FCPT,FCPT,14,0.0,0.0,14.0,4.0,10.0,7.0,1,0,0.14285714285714285,,0.0,0.0,1008,0.000992063492063492,SINGLE_TOKEN_SEMANTIC_RISK,1
877463,VKQ,invesco municipal trust,74,53.0,21.0,0.0,13.0,59.0,12.0,6,1,0.8108108108108109,7276994fe3b691a33351d3624d75910566c16617a432697d5d342172678d794d,1.0,-0.0,1008,0.005952380952380952,NONE,0
1253986,ABR,ABR,4,0.0,0.0,4.0,0.0,4.0,0.0,0,0,0.0,,0.0,0.0,1008,0.0,SINGLE_TOKEN_SEMANTIC_RISK,1
1285819,OMER,OMER,30,0.0,0.0,30.0,28.0,2.0,22.0,9,4,0.8,1b425b87521ec0ab5e4c02aa6bbf44fa197505a03a1fa7f593d749168cc34d2f,0.42857142857142855,1.1032634988483543,1008,0.008928571428571428,SINGLE_TOKEN_SEMANTIC_RISK,1
887905,LTC,LTC,23,0.0,0.0,23.0,9.0,14.0,0.0,0,0,0.0,,0.0,0.0,1008,0.0,SINGLE_TOKEN_SEMANTIC_RISK,1
1606909,PANL,PANL,45,0.0,0.0,45.0,6.0,39.0,0.0,0,0,0.26666666666666666,,0.0,0.0,1008,0.0,SINGLE_TOKEN_SEMANTIC_RISK,1
935419,RICK,RICK,6,0.0,0.0,6.0,2.0,4.0,0.0,0,0,0.0,,0.0,0.0,1008,0.0,SINGLE_TOKEN_SEMANTIC_RISK,1
759944,CFG,citizens financial group inc ri,4,0.0,4.0,0.0,1.0,1.0,0.0,0,0,0.0,,0.0,0.0,1008,0.0,NONE,0
1254370,WIA,western asset inflation linked income fund,31,14.0,17.0,0.0,17.0,12.0,17.0,2,1,0.12903225806451613,b760b1294f1c1c3c7acaf7968447dba9b64ee4ce0b10d6aa81600f9526801e12,1.0,-0.0,1008,0.001984126984126984,NONE,0
1434621,TREE,TREE,35,0.0,0.0,35.0,24.0,11.0,9.0,4,1,0.8,deb56840b9cdc03f6c4ee4d521ae2d441afded63a6b8dfc35db2427b482be521,1.0,-0.0,1008,0.003968253968253968,SINGLE_TOKEN_SEMANTIC_RISK,1
1174940,OGEN,OGEN,1,0.0,0.0,1.0,1.0,0.0,1.0,1,0,0.0,,0.0,0.0,1008,0.000992063492063492,SINGLE_TOKEN_SEMANTIC_RISK,1
67088,MUFG,mitsubishi tokyo financial,12,0.0,12.0,0.0,0.0,0.0,0.0,0,1,0.0,215816bf42103f1f2b24c168779f1fb0ea3afcb7a2c627e42e0bcd7fe07eb70a,1.0,-0.0,1008,0.0,NONE,0
1443646,BAH,BAH,22,0.0,0.0,22.0,16.0,6.0,3.0,2,1,0.8181818181818182,deb56840b9cdc03f6c4ee4d521ae2d441afded63a6b8dfc35db2427b482be521,1.0,-0.0,1008,0.001984126984126984,SINGLE_TOKEN_SEMANTIC_RISK,1
1286043,KRG,kite realty trust,2,2.0,0.0,0.0,2.0,0.0,2.0,1,1,1.0,08f472aed74b038b1cd05a1e3cd5afd5b1a5ccd3c9ab2b14bf706239f26376a8,1.0,-0.0,1008,0.000992063492063492,NONE,0
1665918,USFD,USFD,31,0.0,0.0,31.0,0.0,31.0,9.0,3,0,0.22580645161290322,,0.0,0.0,1008,0.002976190476190476,SINGLE_TOKEN_SEMANTIC_RISK,1
1114446,UCIB,AMUB,4,0.0,0.0,4.0,0.0,4.0,4.0,1,0,0.0,,0.0,0.0,1008,0.000992063492063492,SINGLE_TOKEN_SEMANTIC_RISK,1
901491,PZZA,papa johns international,33,2.0,31.0,0.0,4.0,6.0,5.0,2,1,0.3333333333333333,1b425b87521ec0ab5e4c02aa6bbf44fa197505a03a1fa7f593d749168cc34d2f,1.0,-0.0,1008,0.001984126984126984,NONE,0
1095052,PLG,PLG,5,0.0,0.0,5.0,1.0,4.0,0.0,0,0,0.4,,0.0,0.0,1008,0.0,SINGLE_TOKEN_SEMANTIC_RISK,1
1210123,EAD,wells fargo advantage income opportunities fund,42,36.0,6.0,0.0,9.0,33.0,7.0,2,1,0.7142857142857143,7276994fe3b691a33351d3624d75910566c16617a432697d5d342172678d794d,1.0,-0.0,1008,0.001984126984126984,NONE,0
1511337,RLJ,RLJ,3,0.0,0.0,3.0,0.0,3.0,0.0,0,0,0.3333333333333333,,0.0,0.0,1008,0.0,SINGLE_TOKEN_SEMANTIC_RISK,1
1020710,DXPE,DXPE,17,0.0,0.0,17.0,0.0,17.0,6.0,6,0,0.7058823529411765,,0.0,0.0,1008,0.005952380952380952,SINGLE_TOKEN_SEMANTIC_RISK,1
724910,NVEC,NVEC,50,0.0,0.0,50.0,4.0,46.0,24.0,21,0,0.64,,0.0,0.0,1008,0.020833333333333332,SINGLE_TOKEN_SEMANTIC_RISK,1
4127,SWKS,alpha industries,8,2.0,6.0,0.0,4.0,0.0,0.0,0,1,0.0,be33a2316ee6ce95c471eaad604e3efc4239a90b25abc9a6d8ea0751a19c5773,1.0,-0.0,1008,0.0,NONE,0
1254370,WIA,western asset claymore inflation linked securities income fund,4,4.0,0.0,0.0,2.0,2.0,2.0,1,1,0.5,7276994fe3b691a33351d3624d75910566c16617a432697d5d342172678d794d,1.0,-0.0,1008,0.000992063492063492,NONE,0
1137883,BCLI,BCLI,7,0.0,0.0,7.0,6.0,1.0,5.0,3,2,0.8571428571428571,08f472aed74b038b1cd05a1e3cd5afd5b1a5ccd3c9ab2b14bf706239f26376a8,0.6666666666666666,0.6365141682948128,1008,0.002976190476190476,SINGLE_TOKEN_SEMANTIC_RISK,1
1713539,KXIN,cm seven star acquisition,7,6.0,1.0,0.0,6.0,1.0,6.0,2,2,0.0,08f472aed74b038b1cd05a1e3cd5afd5b1a5ccd3c9ab2b14bf706239f26376a8,0.6666666666666666,0.6365141682948128,1008,0.001984126984126984,NONE,0
1227476,JQC,nuveen multi strategy income growth fund 2,2,2.0,0.0,0.0,0.0,2.0,0.0,0,0,0.0,,0.0,0.0,1008,0.0,NONE,0
827876,CLSK,smartdata,8,6.0,2.0,0.0,8.0,0.0,2.0,1,0,0.0,,0.0,0.0,1008,0.000992063492063492,SINGLE_TOKEN_SEMANTIC_RISK,1
1362468,ALGT,ALGT,8,0.0,0.0,8.0,1.0,7.0,2.0,1,0,0.25,,0.0,0.0,1008,0.000992063492063492,SINGLE_TOKEN_SEMANTIC_RISK,1
1087294,CPIX,CPIX,6,0.0,0.0,6.0,0.0,6.0,6.0,3,0,0.0,,0.0,0.0,1008,0.002976190476190476,SINGLE_TOKEN_SEMANTIC_RISK,1
1429764,BLNK,BLNK,19,0.0,0.0,19.0,6.0,13.0,13.0,8,0,0.47368421052631576,,0.0,0.0,1008,0.007936507936507936,SINGLE_TOKEN_SEMANTIC_RISK,1
1195739,NRK,nuveen new york amt free quality municipal income fund,12,1.0,11.0,0.0,1.0,11.0,10.0,2,0,0.3333333333333333,,0.0,0.0,1008,0.001984126984126984,NONE,0
899051,ALL,ALL,4,0.0,0.0,4.0,0.0,4.0,0.0,0,0,0.0,,0.0,0.0,1008,0.0,SINGLE_TOKEN_SEMANTIC_RISK,1
1552033,TRU,TRU,1,0.0,0.0,1.0,0.0,1.0,1.0,1,0,0.0,,0.0,0.0,1008,0.000992063492063492,SINGLE_TOKEN_SEMANTIC_RISK,1
1074769,NAN,nuveen new york quality municipal income fund,25,22.0,3.0,0.0,2.0,22.0,20.0,20,0,0.92,,0.0,0.0,1008,0.01984126984126984,NONE,0
1383058,DBO,DBO,6,0.0,0.0,6.0,1.0,5.0,0.0,0,0,0.3333333333333333,,0.0,0.0,1008,0.0,SINGLE_TOKEN_SEMANTIC_RISK,1
1401667,PBYI,PBYI,104,0.0,0.0,104.0,104.0,0.0,2.0,1,4,1.0,deb56840b9cdc03f6c4ee4d521ae2d441afded63a6b8dfc35db2427b482be521,0.7115384615384616,0.8580378559927602,1008,0.000992063492063492,SINGLE_TOKEN_SEMANTIC_RISK,1
1415311,YCS,AGQ,5,0.0,0.0,5.0,0.0,5.0,0.0,0,0,0.0,,0.0,0.0,1008,0.0,SINGLE_TOKEN_SEMANTIC_RISK,1
1629210,PZG,PZG,1,0.0,0.0,1.0,0.0,1.0,0.0,0,0,0.0,,0.0,0.0,1008,0.0,SINGLE_TOKEN_SEMANTIC_RISK,1
1591670,FPI,FPI,1,0.0,0.0,1.0,0.0,1.0,0.0,0,0,0.0,,0.0,0.0,1008,0.0,SINGLE_TOKEN_SEMANTIC_RISK,1
1294133,INGN,INGN,4,0.0,0.0,4.0,4.0,0.0,2.0,1,2,1.0,deb56840b9cdc03f6c4ee4d521ae2d441afded63a6b8dfc35db2427b482be521,0.5,0.6931471805599453,1008,0.000992063492063492,SINGLE_TOKEN_SEMANTIC_RISK,1
891103,MTCH,usa interactive,2,2.0,0.0,0.0,0.0,2.0,0.0,0,0,0.0,,0.0,0.0,1008,0.0,NONE,0
708781,CASS,cass commercial,2,2.0,0.0,0.0,2.0,0.0,0.0,0,1,1.0,1b425b87521ec0ab5e4c02aa6bbf44fa197505a03a1fa7f593d749168cc34d2f,1.0,-0.0,1008,0.0,NONE,0
1653558,PRTH,m i acquisitions,3,2.0,1.0,0.0,3.0,0.0,0.0,0,0,0.0,,0.0,0.0,1008,0.0,NONE,0
1451448,GMBL,vgambling,5,5.0,0.0,0.0,4.0,1.0,0.0,0,0,0.2,,0.0,0.0,1008,0.0,SINGLE_TOKEN_SEMANTIC_RISK,1
353184,AIRT,AIRT,8,0.0,0.0,8.0,0.0,8.0,3.0,3,0,0.75,,0.0,0.0,1008,0.002976190476190476,SINGLE_TOKEN_SEMANTIC_RISK,1
1141197,PED,verdisys,2,0.0,2.0,0.0,0.0,0.0,0.0,0,0,0.0,,0.0,0.0,1008,0.0,SINGLE_TOKEN_SEMANTIC_RISK,1
714310,VLY,VLY,3,0.0,0.0,3.0,0.0,3.0,0.0,0,0,0.0,,0.0,0.0,1008,0.0,SINGLE_TOKEN_SEMANTIC_RISK,1
882150,MYN,blackrock muniyield new york quality fund,47,47.0,0.0,0.0,17.0,30.0,12.0,6,2,1.0,7276994fe3b691a33351d3624d75910566c16617a432697d5d342172678d794d,0.8571428571428571,0.410116318288409,1008,0.005952380952380952,NONE,0
2018064,TTGT,TTGT,2,0.0,0.0,2.0,2.0,0.0,0.0,0,1,1.0,84625ab1a763851f03bf27f1f4f68b3b7efe198626d098151d461cbb0e262da0,1.0,-0.0,1008,0.0,SINGLE_TOKEN_SEMANTIC_RISK,1
1517022,AKBA,AKBA,2,0.0,0.0,2.0,2.0,0.0,2.0,1,1,1.0,08f472aed74b038b1cd05a1e3cd5afd5b1a5ccd3c9ab2b14bf706239f26376a8,1.0,-0.0,1008,0.000992063492063492,SINGLE_TOKEN_SEMANTIC_RISK,1
1546417,BLMN,BLMN,1,0.0,0.0,1.0,0.0,1.0,0.0,0,0,0.0,,0.0,0.0,1008,0.0,SINGLE_TOKEN_SEMANTIC_RISK,1
1587987,NEWT,NEWT,2,0.0,0.0,2.0,2.0,0.0,2.0,1,1,1.0,08f472aed74b038b1cd05a1e3cd5afd5b1a5ccd3c9ab2b14bf706239f26376a8,1.0,-0.0,1008,0.000992063492063492,SINGLE_TOKEN_SEMANTIC_RISK,1
908993,VKI,van kampen advantage municipal income trust ii,2,2.0,0.0,0.0,2.0,0.0,0.0,0,0,1.0,,0.0,0.0,1008,0.0,NONE,0
1504234,BGX,blackstone long short credit income fund,13,13.0,0.0,0.0,0.0,13.0,13.0,13,0,1.0,,0.0,0.0,1008,0.012896825396825396,NONE,0
1559991,DFP,DFP,2,0.0,0.0,2.0,0.0,2.0,0.0,0,0,0.0,,0.0,0.0,1008,0.0,SINGLE_TOKEN_SEMANTIC_RISK,1
1650372,TEAM,TEAM,1,0.0,0.0,1.0,0.0,1.0,1.0,1,0,0.0,,0.0,0.0,1008,0.000992063492063492,SINGLE_TOKEN_SEMANTIC_RISK,1
1580808,ATEN,ATEN,1,0.0,0.0,1.0,0.0,1.0,0.0,0,0,1.0,,0.0,0.0,1008,0.0,SINGLE_TOKEN_SEMANTIC_RISK,1
886982,GS,goldman sachs,147998,55388.0,92610.0,0.0,55003.0,56253.0,17558.0,1179,200,0.056669684725469266,1b425b87521ec0ab5e4c02aa6bbf44fa197505a03a1fa7f593d749168cc34d2f,0.12232349537037036,3.6999301390539405,1008,1.0,EDGE_COUNT_TOP_1_PERCENT|IMPLAUSIBLY_HIGH_TRAINING_DAY_COVERAGE,2
1020710,DXPE,index,936956,184322.0,752634.0,0.0,280509.0,272123.0,79384.0,1395,177,6.19025866742942e-05,7276994fe3b691a33351d3624d75910566c16617a432697d5d342172678d794d,0.3544829092497543,2.800864208344318,1008,1.0,EDGE_COUNT_TOP_1_PERCENT|IMPLAUSIBLY_HIGH_TRAINING_DAY_COVERAGE|SINGLE_TOKEN_SEMANTIC_RISK,3
1652130,NTLA,intellia therapeutics,2366,388.0,1978.0,0.0,223.0,1020.0,520.0,129,8,0.19907016060862215,7276994fe3b691a33351d3624d75910566c16617a432697d5d342172678d794d,0.3225806451612903,1.8274850947881192,1008,0.12797619047619047,NONE,0
1612630,JYNT,joint,124437,39993.0,84444.0,0.0,51441.0,42302.0,10528.0,1264,82,0.0024269308967590024,08f472aed74b038b1cd05a1e3cd5afd5b1a5ccd3c9ab2b14bf706239f26376a8,0.13307240704500978,2.8208603621782826,1008,1.0,EDGE_COUNT_TOP_1_PERCENT|IMPLAUSIBLY_HIGH_TRAINING_DAY_COVERAGE|SINGLE_TOKEN_SEMANTIC_RISK,3
1262976,CMPR,vistaprint,1000,905.0,95.0,0.0,819.0,153.0,23.0,7,7,0.002,7a760386ea72c5ddae3e4604fdc5f7fa942ad00c5db2a3d8dffc6bcb5912ebdf,0.5754716981132075,1.2685435804795784,1008,0.006944444444444444,SINGLE_TOKEN_SEMANTIC_RISK,1
716634,RDIB,citadel,4465,2243.0,2222.0,0.0,2084.0,1794.0,282.0,93,34,0.0,1b425b87521ec0ab5e4c02aa6bbf44fa197505a03a1fa7f593d749168cc34d2f,0.23952095808383234,2.903180317022778,1008,0.09226190476190477,SINGLE_TOKEN_SEMANTIC_RISK,1
1318484,CTRN,citi trends,2565,952.0,1613.0,0.0,502.0,1665.0,202.0,59,6,0.3044834307992203,7a760386ea72c5ddae3e4604fdc5f7fa942ad00c5db2a3d8dffc6bcb5912ebdf,0.6825396825396826,1.1015199010445251,1008,0.05853174603174603,NONE,0
1530721,CPRI,michael kors,7545,4882.0,2663.0,0.0,3755.0,2875.0,1092.0,183,91,0.0049039098740888,6752e69d6ebc246e5369e53b5493b1c51f51433551b895d3c67b2e427520e39e,0.16277915632754342,3.1761046262065626,1008,0.18154761904761904,NONE,0
940944,DRI,darden restaurants,9459,3493.0,5966.0,0.0,2575.0,4977.0,2219.0,423,74,0.3403108150967333,08f472aed74b038b1cd05a1e3cd5afd5b1a5ccd3c9ab2b14bf706239f26376a8,0.14801864801864803,3.290763735131868,1008,0.41964285714285715,NONE,0
3570,LNG,cheniere energy,8867,2591.0,6276.0,0.0,2399.0,3926.0,1606.0,419,34,0.22329987594451337,b760b1294f1c1c3c7acaf7968447dba9b64ee4ce0b10d6aa81600f9526801e12,0.2176560121765601,2.4543368997152606,1008,0.4156746031746032,NONE,0
1291855,SPCB,supercom,1008,707.0,301.0,0.0,677.0,229.0,275.0,58,18,0.4632936507936508,7276994fe3b691a33351d3624d75910566c16617a432697d5d342172678d794d,0.26582278481012656,2.200519467867251,1008,0.057539682539682536,SINGLE_TOKEN_SEMANTIC_RISK,1
1021860,NOV,national oilwell,6038,3574.0,2464.0,0.0,2970.0,1948.0,1171.0,261,55,0.41685988737992713,7276994fe3b691a33351d3624d75910566c16617a432697d5d342172678d794d,0.23864648263579696,2.6371835308039775,1008,0.25892857142857145,NONE,0
934549,ACTG,acacia research,1607,1135.0,472.0,0.0,970.0,493.0,210.0,63,26,0.48039825762289984,7276994fe3b691a33351d3624d75910566c16617a432697d5d342172678d794d,0.20555555555555555,2.4154569814302644,1008,0.0625,NONE,0
899460,MNKD,mannkind,5660,4481.0,1179.0,0.0,3928.0,1479.0,1117.0,252,72,0.49346289752650174,7276994fe3b691a33351d3624d75910566c16617a432697d5d342172678d794d,0.4590995561192137,2.4089693498229257,1008,0.25,SINGLE_TOKEN_SEMANTIC_RISK,1
1324404,CF,cf industries holdings inc,4172,718.0,3454.0,0.0,867.0,1990.0,742.0,213,14,0.3343720038350911,b760b1294f1c1c3c7acaf7968447dba9b64ee4ce0b10d6aa81600f9526801e12,0.4307692307692308,1.856632476579685,1008,0.2113095238095238,NONE,0
1014739,OPCH,option care health,757,113.0,644.0,0.0,84.0,404.0,185.0,41,5,0.2311756935270806,b760b1294f1c1c3c7acaf7968447dba9b64ee4ce0b10d6aa81600f9526801e12,0.36,1.4394059397333092,1008,0.040674603174603176,NONE,0
1078271,EXTR,extreme networks,2773,2279.0,494.0,0.0,1888.0,722.0,516.0,84,34,0.2275513883880274,7276994fe3b691a33351d3624d75910566c16617a432697d5d342172678d794d,0.21962616822429906,2.5820494301379933,1008,0.08333333333333333,NONE,0
1567529,KMDA,kamada,1529,1013.0,516.0,0.0,926.0,410.0,487.0,92,23,0.421190320470896,7276994fe3b691a33351d3624d75910566c16617a432697d5d342172678d794d,0.2318840579710145,2.2354139579078542,1008,0.09126984126984126,SINGLE_TOKEN_SEMANTIC_RISK,1
1067491,INFY,infosys,10802,6165.0,4637.0,0.0,4874.0,3931.0,1672.0,358,56,0.24264025180522125,7a760386ea72c5ddae3e4604fdc5f7fa942ad00c5db2a3d8dffc6bcb5912ebdf,0.23189522342064714,2.732027025901902,1008,0.3551587301587302,SINGLE_TOKEN_SEMANTIC_RISK,1
1061983,CYTK,cytokinetics,3169,2079.0,1090.0,0.0,1706.0,1106.0,571.0,145,37,0.4212685389712843,1b425b87521ec0ab5e4c02aa6bbf44fa197505a03a1fa7f593d749168cc34d2f,0.19375,2.439973894429694,1008,0.14384920634920634,SINGLE_TOKEN_SEMANTIC_RISK,1
890541,BLX,bladex,527,474.0,53.0,0.0,458.0,45.0,66.0,26,10,0.25426944971537,b760b1294f1c1c3c7acaf7968447dba9b64ee4ce0b10d6aa81600f9526801e12,0.3333333333333333,2.0018760594891853,1008,0.025793650793650792,SINGLE_TOKEN_SEMANTIC_RISK,1
1314102,EYPT,eyepoint,924,408.0,516.0,0.0,185.0,640.0,345.0,39,3,0.1266233766233766,bc866712ec3d41f918d736dba6181bfae8068e106956a8f51e7e26914276ce1e,0.8695652173913043,0.4758028011852553,1008,0.03869047619047619,PUBLISHER_CONCENTRATION_GE_80_PERCENT|SINGLE_TOKEN_SEMANTIC_RISK,2
1295947,PBH,prestige brands,1541,1094.0,447.0,0.0,981.0,324.0,232.0,57,33,0.4016872160934458,7276994fe3b691a33351d3624d75910566c16617a432697d5d342172678d794d,0.2119205298013245,2.703780154069288,1008,0.05654761904761905,NONE,0
895456,RCKY,rocky brands,1822,1120.0,702.0,0.0,0.0,1550.0,606.0,131,13,0.26180021953896815,7a760386ea72c5ddae3e4604fdc5f7fa942ad00c5db2a3d8dffc6bcb5912ebdf,0.3954248366013072,1.7603662445366126,1008,0.12996031746031747,NONE,0
1368265,CLNE,clean energy fuels,2881,1246.0,1635.0,0.0,0.0,2291.0,804.0,188,34,0.3755640402637973,7276994fe3b691a33351d3624d75910566c16617a432697d5d342172678d794d,0.21451104100946372,2.74364147805408,1008,0.1865079365079365,NONE,0
1046568,PRDO,career education,1609,1249.0,360.0,0.0,1185.0,322.0,211.0,63,33,0.10130515848353014,7a760386ea72c5ddae3e4604fdc5f7fa942ad00c5db2a3d8dffc6bcb5912ebdf,0.1625,2.8128449242560376,1008,0.0625,NONE,0
1835632,MRVL,marvell technology,9744,3378.0,6366.0,0.0,2575.0,4285.0,1559.0,369,74,0.3156814449917898,7276994fe3b691a33351d3624d75910566c16617a432697d5d342172678d794d,0.11205976520811099,3.325731526849048,1008,0.36607142857142855,NONE,0
1559865,EVTC,evertec,1128,836.0,292.0,0.0,641.0,364.0,325.0,107,14,0.4769503546099291,7276994fe3b691a33351d3624d75910566c16617a432697d5d342172678d794d,0.25943396226415094,2.1271341869642413,1008,0.10615079365079365,SINGLE_TOKEN_SEMANTIC_RISK,1
876437,MTG,mgic investment,4589,2058.0,2531.0,0.0,1673.0,2916.0,1379.0,293,37,0.375898888646764,7a760386ea72c5ddae3e4604fdc5f7fa942ad00c5db2a3d8dffc6bcb5912ebdf,0.31690140845070425,2.375239316067036,1008,0.2906746031746032,NONE,0
872589,REGN,regeneron pharmaceuticals,9261,1844.0,7417.0,0.0,1566.0,4369.0,2296.0,451,48,0.12028938559550804,b760b1294f1c1c3c7acaf7968447dba9b64ee4ce0b10d6aa81600f9526801e12,0.26902173913043476,2.7995353460771426,1008,0.44742063492063494,NONE,0
1178670,ALNY,alnylam pharmaceuticals,3661,815.0,2846.0,0.0,646.0,2047.0,1050.0,269,18,0.3370663753072931,b760b1294f1c1c3c7acaf7968447dba9b64ee4ce0b10d6aa81600f9526801e12,0.30434782608695654,2.279105557975701,1008,0.26686507936507936,NONE,0
845877,AGM-A,federal agricultural mortgage,935,496.0,439.0,0.0,424.0,441.0,187.0,84,11,0.0053475935828877,7276994fe3b691a33351d3624d75910566c16617a432697d5d342172678d794d,0.5376344086021505,1.5239177387360874,1008,0.08333333333333333,NONE,0
1620393,NXRT,nexpoint residential trust,417,197.0,220.0,0.0,104.0,252.0,136.0,51,3,0.3237410071942446,7a760386ea72c5ddae3e4604fdc5f7fa942ad00c5db2a3d8dffc6bcb5912ebdf,0.7272727272727273,0.7304179453192748,1008,0.050595238095238096,NONE,0
1050797,COLM,columbia sportswear,4063,2330.0,1733.0,0.0,1630.0,1944.0,1394.0,315,32,0.422101895151366,7a760386ea72c5ddae3e4604fdc5f7fa942ad00c5db2a3d8dffc6bcb5912ebdf,0.4177215189873418,2.1764209711619293,1008,0.3125,NONE,0
897077,ALG,alamo,3083,1541.0,1542.0,0.0,1302.0,1339.0,377.0,147,23,0.281868310087577,7276994fe3b691a33351d3624d75910566c16617a432697d5d342172678d794d,0.26406926406926406,2.378121335719458,1008,0.14583333333333334,SINGLE_TOKEN_SEMANTIC_RISK,1
913353,CIGI,colliers international,1860,630.0,1230.0,0.0,635.0,606.0,234.0,76,15,0.11182795698924732,215816bf42103f1f2b24c168779f1fb0ea3afcb7a2c627e42e0bcd7fe07eb70a,0.6363636363636364,1.3396702575277823,1008,0.07539682539682539,NONE,0
1522727,USAC,usa compression partners lp,654,148.0,506.0,0.0,119.0,360.0,123.0,52,2,0.39755351681957185,b760b1294f1c1c3c7acaf7968447dba9b64ee4ce0b10d6aa81600f9526801e12,0.64,0.6534181947937018,1008,0.051587301587301584,NONE,0
886346,KAI,kadant,1501,1183.0,318.0,0.0,1053.0,295.0,303.0,78,19,0.32978014656895405,1b425b87521ec0ab5e4c02aa6bbf44fa197505a03a1fa7f593d749168cc34d2f,0.23648648648648649,2.1311738751474514,1008,0.07738095238095238,SINGLE_TOKEN_SEMANTIC_RISK,1
1504678,LOOP,loop industries,162,67.0,95.0,0.0,27.0,101.0,113.0,20,3,0.043209876543209874,7276994fe3b691a33351d3624d75910566c16617a432697d5d342172678d794d,0.8666666666666667,0.4676524865100599,1008,0.01984126984126984,PUBLISHER_CONCENTRATION_GE_80_PERCENT,1
103145,VECO,veeco instruments,848,358.0,490.0,0.0,264.0,424.0,152.0,55,17,0.33254716981132076,08f472aed74b038b1cd05a1e3cd5afd5b1a5ccd3c9ab2b14bf706239f26376a8,0.24691358024691357,2.3326638476252697,1008,0.054563492063492064,NONE,0
1279495,BTE,baytex energy,1949,958.0,991.0,0.0,917.0,790.0,551.0,132,17,0.344792201128784,7276994fe3b691a33351d3624d75910566c16617a432697d5d342172678d794d,0.5571428571428572,1.6545469518589506,1008,0.13095238095238096,NONE,0
1645460,CUE,cue biopharma,164,57.0,107.0,0.0,14.0,80.0,56.0,23,5,0.2926829268292683,7a760386ea72c5ddae3e4604fdc5f7fa942ad00c5db2a3d8dffc6bcb5912ebdf,0.5555555555555556,1.2740230624414666,1008,0.022817460317460316,NONE,0
1624512,BOXL,boxlight,547,133.0,414.0,0.0,55.0,256.0,258.0,38,5,0.1425959780621572,7276994fe3b691a33351d3624d75910566c16617a432697d5d342172678d794d,0.5384615384615384,1.2609633079298062,1008,0.037698412698412696,SINGLE_TOKEN_SEMANTIC_RISK,1
1113232,ACLS,axcelis technologies,2995,799.0,2196.0,0.0,441.0,1400.0,388.0,105,17,0.333889816360601,b760b1294f1c1c3c7acaf7968447dba9b64ee4ce0b10d6aa81600f9526801e12,0.18633540372670807,2.3652416965623155,1008,0.10416666666666667,NONE,0
1370450,WLDN,willdan,2025,880.0,1145.0,0.0,648.0,1160.0,212.0,61,15,0.35012345679012347,7a760386ea72c5ddae3e4604fdc5f7fa942ad00c5db2a3d8dffc6bcb5912ebdf,0.3277310924369748,1.8997171901533636,1008,0.060515873015873016,SINGLE_TOKEN_SEMANTIC_RISK,1
1585608,JAGX,jaguar animal health,188,119.0,69.0,0.0,98.0,39.0,0.0,0,2,0.0,6d85c5fcd083a75f7715c2add959f733b76cef5669e291147c7bb4af1f38a75b,0.8666666666666667,0.39267446722755217,1008,0.0,PUBLISHER_CONCENTRATION_GE_80_PERCENT,1
924805,FRHC,freedom,22019,7923.0,14096.0,0.0,10302.0,4092.0,871.0,335,51,0.0022253508333711794,215816bf42103f1f2b24c168779f1fb0ea3afcb7a2c627e42e0bcd7fe07eb70a,0.4304857621440536,2.290707417934283,1006,0.33300198807157055,SINGLE_TOKEN_SEMANTIC_RISK,1
1158895,LMAT,lemaitre vascular,1435,901.0,534.0,0.0,821.0,477.0,298.0,91,20,0.27526132404181186,7276994fe3b691a33351d3624d75910566c16617a432697d5d342172678d794d,0.2425531914893617,2.295751097038665,1008,0.09027777777777778,NONE,0
318306,ABEO,abeona therapeutics,505,181.0,324.0,0.0,149.0,215.0,178.0,47,4,0.25544554455445545,7276994fe3b691a33351d3624d75910566c16617a432697d5d342172678d794d,0.3333333333333333,1.3219700745167633,1008,0.04662698412698413,NONE,0
1342338,HIMX,himax technologies,2233,739.0,1494.0,0.0,481.0,1047.0,336.0,132,10,0.2924317062248097,6d85c5fcd083a75f7715c2add959f733b76cef5669e291147c7bb4af1f38a75b,0.3076923076923077,1.9260802560767973,1008,0.13095238095238096,NONE,0
1290109,LPL,lg display,2803,1646.0,1157.0,0.0,1420.0,813.0,267.0,102,25,0.12522297538351765,7276994fe3b691a33351d3624d75910566c16617a432697d5d342172678d794d,0.27385892116182575,2.327563525221312,1008,0.10119047619047619,NONE,0
1397911,LPLA,lpl investment,158,130.0,28.0,0.0,112.0,46.0,0.0,0,18,0.5569620253164557,8294547e9fe9367f291a22598513d897928d1a0eeb713ca2b41f31977192c5d1,0.1590909090909091,2.6175306709733275,1008,0.0,NONE,0
1575793,WATT,energous,1947,1401.0,546.0,0.0,1075.0,682.0,758.0,114,24,0.5475089881869543,7276994fe3b691a33351d3624d75910566c16617a432697d5d342172678d794d,0.43667296786389415,2.0237265441862506,1008,0.1130952380952381,SINGLE_TOKEN_SEMANTIC_RISK,1
1495222,OXLCO,oxford lane capital,693,582.0,111.0,0.0,517.0,135.0,200.0,47,15,0.07503607503607504,7276994fe3b691a33351d3624d75910566c16617a432697d5d342172678d794d,0.478494623655914,1.5558056027564897,719,0.06536856745479833,NONE,0
1708055,RBBN,sonus networks,903,694.0,209.0,0.0,644.0,174.0,6.0,1,11,0.0,7a760386ea72c5ddae3e4604fdc5f7fa942ad00c5db2a3d8dffc6bcb5912ebdf,0.20689655172413793,2.1776057946561216,1008,0.000992063492063492,NONE,0
1643953,PRPL,purple innovation,566,131.0,435.0,0.0,131.0,365.0,310.0,68,4,0.29328621908127206,7276994fe3b691a33351d3624d75910566c16617a432697d5d342172678d794d,0.3235294117647059,1.3286282431094534,1008,0.06746031746031746,NONE,0
884394,SPY,SPY,1198,0.0,0.0,1198.0,189.0,1009.0,43.0,21,7,0.010851419031719533,a6b342c58afec58a888d1a4b68a52c5d20d7a65d813f5520038b11b5ef584e03,0.30434782608695654,1.691453252049175,1008,0.020833333333333332,SINGLE_TOKEN_SEMANTIC_RISK,1
1403161,V,V,5976,0.0,0.0,5976.0,1120.0,4856.0,1893.0,595,4,0.2464859437751004,0c978fd0dd3b81ef1274a97aea39e5f10766a7e4b5d7d3f7afa93bf3412dae3b,0.42857142857142855,1.1973401339967782,1008,0.5902777777777778,SINGLE_TOKEN_SEMANTIC_RISK,1
1277866,EXK,endeavour silver,2351,1526.0,825.0,0.0,1467.0,652.0,603.0,143,29,0.25478519778817527,7276994fe3b691a33351d3624d75910566c16617a432697d5d342172678d794d,0.41578947368421054,2.041927912309431,1008,0.14186507936507936,NONE,0
1597672,RYAM,rayonier,2582,1765.0,817.0,0.0,1201.0,1064.0,652.0,150,18,0.13206816421378775,7a760386ea72c5ddae3e4604fdc5f7fa942ad00c5db2a3d8dffc6bcb5912ebdf,0.31800766283524906,2.188536646254311,1008,0.1488095238095238,SINGLE_TOKEN_SEMANTIC_RISK,1
1114448,NVS,novartis ag,9174,676.0,8498.0,0.0,1084.0,6216.0,1336.0,339,21,0.2548506649226074,b760b1294f1c1c3c7acaf7968447dba9b64ee4ce0b10d6aa81600f9526801e12,0.5733333333333334,1.8088759591528012,1008,0.33630952380952384,NONE,0
34903,FRT,federal realty investment trust,2515,675.0,1840.0,0.0,661.0,1854.0,545.0,183,2,0.27793240556660037,b760b1294f1c1c3c7acaf7968447dba9b64ee4ce0b10d6aa81600f9526801e12,0.75,0.5623351446188083,1008,0.18154761904761904,NONE,0
1626878,XBIT,xbiotech,656,327.0,329.0,0.0,276.0,246.0,235.0,29,7,0.10975609756097561,7276994fe3b691a33351d3624d75910566c16617a432697d5d342172678d794d,0.4,1.401348923030929,1008,0.028769841269841268,SINGLE_TOKEN_SEMANTIC_RISK,1
1280784,HTGC,hercules capital,1347,751.0,596.0,0.0,572.0,668.0,604.0,150,14,0.49072011878247956,7276994fe3b691a33351d3624d75910566c16617a432697d5d342172678d794d,0.4448818897637795,1.7919786901712853,1008,0.1488095238095238,NONE,0
1092699,SPSC,sps commerce,1940,852.0,1088.0,0.0,631.0,507.0,167.0,62,7,0.12061855670103093,7a760386ea72c5ddae3e4604fdc5f7fa942ad00c5db2a3d8dffc6bcb5912ebdf,0.3181818181818182,1.7569600622682147,1008,0.061507936507936505,NONE,0
1468174,H,hyatt hotels,4424,1590.0,2834.0,0.0,1287.0,2108.0,870.0,264,41,0.41433092224231466,7a760386ea72c5ddae3e4604fdc5f7fa942ad00c5db2a3d8dffc6bcb5912ebdf,0.24946236559139784,2.5750474079936723,1008,0.2619047619047619,NONE,0
1574565,EVGN,evogene,751,604.0,147.0,0.0,550.0,138.0,147.0,40,18,0.44607190412782954,7276994fe3b691a33351d3624d75910566c16617a432697d5d342172678d794d,0.33112582781456956,2.1558416461670884,1008,0.03968253968253968,SINGLE_TOKEN_SEMANTIC_RISK,1
1633978,LITE,lumentum,1996,1022.0,974.0,0.0,710.0,903.0,892.0,182,16,0.0035070140280561123,6752e69d6ebc246e5369e53b5493b1c51f51433551b895d3c67b2e427520e39e,0.24129353233830847,2.118379398262581,1008,0.18055555555555555,SINGLE_TOKEN_SEMANTIC_RISK,1
1159508,DZZ,DB,724,0.0,0.0,724.0,121.0,603.0,196.0,87,3,0.0,babc52a4295806f4e989a4dcdcfca96e8a4054b58bcbd9cab57492d157f49442,0.5,1.0397207708399179,1008,0.08630952380952381,SINGLE_TOKEN_SEMANTIC_RISK,1
1090872,A,agilent technologies,7068,4413.0,2655.0,0.0,3969.0,2205.0,871.0,217,53,0.18109790605546122,b760b1294f1c1c3c7acaf7968447dba9b64ee4ce0b10d6aa81600f9526801e12,0.2042833607907743,3.0497755908421356,1008,0.2152777777777778,NONE,0
1646972,ACI,albertsons companies,1269,190.0,1079.0,0.0,130.0,737.0,186.0,80,6,0.31836091410559497,1b425b87521ec0ab5e4c02aa6bbf44fa197505a03a1fa7f593d749168cc34d2f,0.25,1.7328679513998633,531,0.15065913370998116,NONE,0
1157408,LRN,stride,5851,1087.0,4764.0,0.0,1301.0,2227.0,759.0,335,17,0.0011963766877456845,7276994fe3b691a33351d3624d75910566c16617a432697d5d342172678d794d,0.5546218487394958,1.642593405996557,1008,0.3323412698412698,SINGLE_TOKEN_SEMANTIC_RISK,1
37996,F,F,2785,0.0,0.0,2785.0,429.0,2356.0,1111.0,424,3,0.03303411131059246,062ba0369cf68e64f09be733e8de8901812767af7ee0e94fbb1ac9dd5bc4b929,0.65,0.7575189094831263,1008,0.42063492063492064,SINGLE_TOKEN_SEMANTIC_RISK,1
1345016,YELP,yelp inc,2360,477.0,1883.0,0.0,435.0,1341.0,448.0,134,16,0.38389830508474576,1b425b87521ec0ab5e4c02aa6bbf44fa197505a03a1fa7f593d749168cc34d2f,0.2846153846153846,2.058373577167395,1008,0.13293650793650794,NONE,0
771992,PAAS,pan american silver,3164,1798.0,1366.0,0.0,1636.0,1047.0,701.0,206,39,0.40707964601769914,7276994fe3b691a33351d3624d75910566c16617a432697d5d342172678d794d,0.3025210084033613,2.612094020196018,1008,0.20436507936507936,NONE,0
1141197,PED,pedevco,530,284.0,246.0,0.0,213.0,254.0,371.0,44,7,0.28679245283018867,7276994fe3b691a33351d3624d75910566c16617a432697d5d342172678d794d,0.7404580152671756,1.000719395456997,1008,0.04365079365079365,SINGLE_TOKEN_SEMANTIC_RISK,1
34956,TENX,oxygen biotherapeutics,411,402.0,9.0,0.0,371.0,37.0,0.0,0,2,0.0,7a760386ea72c5ddae3e4604fdc5f7fa942ad00c5db2a3d8dffc6bcb5912ebdf,0.5,0.6931471805599453,1008,0.0,NONE,0
1673985,ASIX,advansix,1484,264.0,1220.0,0.0,106.0,1160.0,173.0,56,3,0.27897574123989216,b760b1294f1c1c3c7acaf7968447dba9b64ee4ce0b10d6aa81600f9526801e12,0.7068965517241379,0.807563557712949,1008,0.05555555555555555,SINGLE_TOKEN_SEMANTIC_RISK,1
1317945,OFLX,omega flex,461,395.0,66.0,0.0,285.0,172.0,143.0,59,10,0.49023861171366595,7276994fe3b691a33351d3624d75910566c16617a432697d5d342172678d794d,0.3409090909090909,1.8077192686187726,1008,0.05853174603174603,NONE,0
908311,CMCT,cim commercial trust,212,135.0,77.0,0.0,121.0,65.0,114.0,28,8,0.33490566037735847,b760b1294f1c1c3c7acaf7968447dba9b64ee4ce0b10d6aa81600f9526801e12,0.42857142857142855,1.6260049346926222,1008,0.027777777777777776,NONE,0
1022652,INSG,inseego,222,110.0,112.0,0.0,48.0,123.0,124.0,56,8,0.4369369369369369,08f472aed74b038b1cd05a1e3cd5afd5b1a5ccd3c9ab2b14bf706239f26376a8,0.43478260869565216,1.7272284166165888,1008,0.05555555555555555,SINGLE_TOKEN_SEMANTIC_RISK,1
1672013,GOLF,acushnet,1000,526.0,474.0,0.0,193.0,626.0,232.0,91,13,0.229,7a760386ea72c5ddae3e4604fdc5f7fa942ad00c5db2a3d8dffc6bcb5912ebdf,0.2777777777777778,2.055947972781446,1008,0.09027777777777778,SINGLE_TOKEN_SEMANTIC_RISK,1
1669811,DFIN,donnelley financial solutions,360,115.0,245.0,0.0,59.0,237.0,115.0,38,5,0.31666666666666665,b760b1294f1c1c3c7acaf7968447dba9b64ee4ce0b10d6aa81600f9526801e12,0.6470588235294118,1.0877612930687803,1008,0.037698412698412696,NONE,0
1533040,PHIO,phio pharmaceuticals,208,18.0,190.0,0.0,4.0,98.0,42.0,9,2,0.1346153846153846,6d85c5fcd083a75f7715c2add959f733b76cef5669e291147c7bb4af1f38a75b,0.5714285714285714,0.6829081047004717,1008,0.008928571428571428,NONE,0
1275617,UTF,cohen steers infrastructure fund,301,164.0,137.0,0.0,0.0,255.0,140.0,70,3,0.42524916943521596,b760b1294f1c1c3c7acaf7968447dba9b64ee4ce0b10d6aa81600f9526801e12,0.5714285714285714,0.8324075743474855,1008,0.06944444444444445,NONE,0
833640,POWI,power integrations,1877,1496.0,381.0,0.0,1209.0,483.0,382.0,126,31,0.4278103356419819,7276994fe3b691a33351d3624d75910566c16617a432697d5d342172678d794d,0.18874172185430463,2.6777700596862117,1008,0.125,NONE,0
1314966,BME,blackrock health sciences trust,84,50.0,34.0,0.0,23.0,44.0,44.0,27,1,0.4880952380952381,7276994fe3b691a33351d3624d75910566c16617a432697d5d342172678d794d,1.0,-0.0,1008,0.026785714285714284,NONE,0
1069899,PAHC,phibro animal health,944,602.0,342.0,0.0,485.0,379.0,237.0,84,15,0.5328389830508474,1b425b87521ec0ab5e4c02aa6bbf44fa197505a03a1fa7f593d749168cc34d2f,0.20114942528735633,2.202807531281813,1008,0.08333333333333333,NONE,0
1050743,PGC,peapack gladstone financial,589,435.0,154.0,0.0,366.0,218.0,156.0,44,14,0.400679117147708,b760b1294f1c1c3c7acaf7968447dba9b64ee4ce0b10d6aa81600f9526801e12,0.33663366336633666,1.8022634462604694,1008,0.04365079365079365,NONE,0
1296445,ORA,ormat technologies,1642,755.0,887.0,0.0,629.0,634.0,239.0,88,7,0.22777101096224117,7a760386ea72c5ddae3e4604fdc5f7fa942ad00c5db2a3d8dffc6bcb5912ebdf,0.4375,1.2581908183905197,1008,0.0873015873015873,NONE,0
1069258,KTOS,kratos defense security solutions,1757,846.0,911.0,0.0,789.0,667.0,436.0,173,25,0.4348321001707456,7276994fe3b691a33351d3624d75910566c16617a432697d5d342172678d794d,0.205,2.4702470350204186,1008,0.17162698412698413,NONE,0
49071,HUM,HUM,3,0.0,0.0,3.0,2.0,1.0,1.0,1,1,1.0,deb56840b9cdc03f6c4ee4d521ae2d441afded63a6b8dfc35db2427b482be521,1.0,-0.0,1008,0.000992063492063492,SINGLE_TOKEN_SEMANTIC_RISK,1
1356093,CREX,creative realities,285,44.0,241.0,0.0,41.0,160.0,152.0,13,1,0.08771929824561403,7276994fe3b691a33351d3624d75910566c16617a432697d5d342172678d794d,1.0,-0.0,1008,0.012896825396825396,PUBLISHER_CONCENTRATION_GE_80_PERCENT,1
1286043,KRG,kite realty group trust,1106,747.0,359.0,0.0,700.0,320.0,125.0,59,15,0.21699819168173598,b760b1294f1c1c3c7acaf7968447dba9b64ee4ce0b10d6aa81600f9526801e12,0.2916666666666667,2.1116319733991755,1008,0.05853174603174603,NONE,0
1345126,CODI,compass diversified,1362,971.0,391.0,0.0,912.0,373.0,367.0,111,21,0.342143906020558,7276994fe3b691a33351d3624d75910566c16617a432697d5d342172678d794d,0.3840304182509506,2.1041231552914925,1008,0.11011904761904762,NONE,0
1076378,CX,cemex sab de cv,193,69.0,124.0,0.0,62.0,75.0,20.0,7,7,0.29533678756476683,b760b1294f1c1c3c7acaf7968447dba9b64ee4ce0b10d6aa81600f9526801e12,0.4090909090909091,1.6250574330808165,1008,0.006944444444444444,NONE,0
708781,CASS,cass information systems,380,318.0,62.0,0.0,223.0,154.0,105.0,42,11,0.42894736842105263,7276994fe3b691a33351d3624d75910566c16617a432697d5d342172678d794d,0.46296296296296297,1.70853075244696,1008,0.041666666666666664,NONE,0
1157842,RQI,cohen steers quality income realty fund,296,160.0,136.0,0.0,5.0,253.0,127.0,60,2,0.39864864864864863,b760b1294f1c1c3c7acaf7968447dba9b64ee4ce0b10d6aa81600f9526801e12,0.9259259259259259,0.2640520518256287,1008,0.05952380952380952,PUBLISHER_CONCENTRATION_GE_80_PERCENT,1
1618835,EVFM,neothetics,265,246.0,19.0,0.0,244.0,17.0,4.0,2,11,0.0,1b425b87521ec0ab5e4c02aa6bbf44fa197505a03a1fa7f593d749168cc34d2f,0.36363636363636365,1.922885863941949,1008,0.001984126984126984,SINGLE_TOKEN_SEMANTIC_RISK,1
1562463,INBK,first internet bancorp,728,424.0,304.0,0.0,0.0,701.0,350.0,85,9,0.4381868131868132,7276994fe3b691a33351d3624d75910566c16617a432697d5d342172678d794d,0.5980392156862745,1.4014160183256978,1008,0.08432539682539683,NONE,0
1362190,AEYE,audioeye,471,318.0,153.0,0.0,264.0,106.0,70.0,31,1,0.17197452229299362,7a760386ea72c5ddae3e4604fdc5f7fa942ad00c5db2a3d8dffc6bcb5912ebdf,1.0,-0.0,1008,0.030753968253968252,PUBLISHER_CONCENTRATION_GE_80_PERCENT|SINGLE_TOKEN_SEMANTIC_RISK,2
1331284,DHT,dht holdings inc,601,422.0,179.0,0.0,396.0,154.0,121.0,49,8,0.259567387687188,b760b1294f1c1c3c7acaf7968447dba9b64ee4ce0b10d6aa81600f9526801e12,0.5393258426966292,1.4802926112494978,1008,0.04861111111111111,NONE,0
912147,RMT,royce micro cap trust,327,306.0,21.0,0.0,294.0,25.0,6.0,3,1,0.06422018348623854,7276994fe3b691a33351d3624d75910566c16617a432697d5d342172678d794d,1.0,-0.0,1008,0.002976190476190476,PUBLISHER_CONCENTRATION_GE_80_PERCENT,1
1342874,TX,ternium s a,1432,200.0,1232.0,0.0,185.0,545.0,168.0,72,14,0.433659217877095,7276994fe3b691a33351d3624d75910566c16617a432697d5d342172678d794d,0.45454545454545453,1.8481266495465722,1008,0.07142857142857142,NONE,0
1160308,SVRA,adventrx pharmaceuticals,156,154.0,2.0,0.0,154.0,0.0,0.0,0,1,0.0,899feb94f03b699155327981274efda4d980eba15273b69e3928a653287f0f0a,1.0,-0.0,1008,0.0,PUBLISHER_CONCENTRATION_GE_80_PERCENT,1
721693,CREG,china recycling energy,600,506.0,94.0,0.0,443.0,134.0,175.0,29,14,0.31833333333333336,1b425b87521ec0ab5e4c02aa6bbf44fa197505a03a1fa7f593d749168cc34d2f,0.216,2.159745010554173,1008,0.028769841269841268,NONE,0
1001316,TGTX,manhattan pharmaceuticals,50,50.0,0.0,0.0,44.0,6.0,0.0,0,0,0.0,,0.0,0.0,1008,0.0,NONE,0
1123494,HBIO,harvard bioscience,655,604.0,51.0,0.0,542.0,99.0,217.0,55,15,0.5099236641221374,7276994fe3b691a33351d3624d75910566c16617a432697d5d342172678d794d,0.2710843373493976,2.0827111250558574,1008,0.054563492063492064,NONE,0
1227857,NCZ,allianzgi convertible income fund ii,138,131.0,7.0,0.0,75.0,63.0,45.0,29,4,0.6666666666666666,7276994fe3b691a33351d3624d75910566c16617a432697d5d342172678d794d,0.8333333333333334,0.6336632569776562,1008,0.028769841269841268,PUBLISHER_CONCENTRATION_GE_80_PERCENT,1
1383441,NIE,nicholas applegate equity convertible income fund,38,38.0,0.0,0.0,36.0,2.0,0.0,0,0,0.0,,0.0,0.0,1008,0.0,NONE,0
1166928,WTBA,west bancorporation,393,213.0,180.0,0.0,163.0,228.0,83.0,37,1,0.23918575063613232,b760b1294f1c1c3c7acaf7968447dba9b64ee4ce0b10d6aa81600f9526801e12,1.0,-0.0,1008,0.03670634920634921,PUBLISHER_CONCENTRATION_GE_80_PERCENT,1
1370755,TCPC,tcp capital corp,251,182.0,69.0,0.0,175.0,73.0,29.0,14,9,0.38645418326693226,a328d6d26983766d80fbb9adc64925a627cc56bb60e124536e235c6bd61bec28,0.2222222222222222,2.0306067567084245,1008,0.013888888888888888,NONE,0
908187,PCM,pcm fund,106,83.0,23.0,0.0,79.0,11.0,19.0,8,1,0.16981132075471697,7276994fe3b691a33351d3624d75910566c16617a432697d5d342172678d794d,1.0,-0.0,1008,0.007936507936507936,PUBLISHER_CONCENTRATION_GE_80_PERCENT,1
925683,BTO,BTO,7,0.0,0.0,7.0,4.0,3.0,3.0,1,0,0.0,,0.0,0.0,1008,0.000992063492063492,SINGLE_TOKEN_SEMANTIC_RISK,1
1219360,PHK,pimco high income fund,242,173.0,69.0,0.0,95.0,118.0,27.0,10,5,0.384297520661157,7276994fe3b691a33351d3624d75910566c16617a432697d5d342172678d794d,0.6363636363636364,1.0458609907772194,1008,0.00992063492063492,NONE,0
1168455,PLBC,plumas bancorp,506,261.0,245.0,0.0,0.0,496.0,123.0,36,6,0.3181818181818182,7276994fe3b691a33351d3624d75910566c16617a432697d5d342172678d794d,0.46153846153846156,1.5377765497067126,1008,0.03571428571428571,NONE,0
750574,AUBN,auburn national bancorporation,251,240.0,11.0,0.0,196.0,55.0,35.0,25,6,0.3745019920318725,7276994fe3b691a33351d3624d75910566c16617a432697d5d342172678d794d,0.5769230769230769,1.315471014385092,1008,0.0248015873015873,NONE,0
919893,TDF,templeton dragon fund,77,53.0,24.0,0.0,51.0,8.0,2.0,1,1,0.11688311688311688,b760b1294f1c1c3c7acaf7968447dba9b64ee4ce0b10d6aa81600f9526801e12,1.0,-0.0,1008,0.000992063492063492,NONE,0
9326,BCPC,balchem,958,673.0,285.0,0.0,605.0,224.0,245.0,103,18,0.5146137787056367,7276994fe3b691a33351d3624d75910566c16617a432697d5d342172678d794d,0.33519553072625696,2.1215609074247608,1008,0.10218253968253968,SINGLE_TOKEN_SEMANTIC_RISK,1
858706,GF,new germany fund,186,158.0,28.0,0.0,145.0,30.0,15.0,8,3,0.1881720430107527,7276994fe3b691a33351d3624d75910566c16617a432697d5d342172678d794d,0.625,0.9002560512685369,1008,0.007936507936507936,NONE,0
1000177,NAT,nordic american tanker shipping,330,301.0,29.0,0.0,299.0,31.0,1.0,1,8,0.11515151515151516,899feb94f03b699155327981274efda4d980eba15273b69e3928a653287f0f0a,0.391304347826087,1.7222619556978152,1008,0.000992063492063492,NONE,0
1337013,INFU,infusystem,545,522.0,23.0,0.0,518.0,17.0,68.0,24,9,0.3192660550458716,7276994fe3b691a33351d3624d75910566c16617a432697d5d342172678d794d,0.4166666666666667,1.712645065757349,1008,0.023809523809523808,SINGLE_TOKEN_SEMANTIC_RISK,1
1442620,RCON,recon technology,520,335.0,185.0,0.0,299.0,169.0,213.0,48,10,0.4153846153846154,1b425b87521ec0ab5e4c02aa6bbf44fa197505a03a1fa7f593d749168cc34d2f,0.23655913978494625,1.9204451734436332,1008,0.047619047619047616,NONE,0
1287498,EVG,eaton vance short duration diversified income fund,353,353.0,0.0,0.0,338.0,15.0,12.0,6,1,0.042492917847025496,7276994fe3b691a33351d3624d75910566c16617a432697d5d342172678d794d,1.0,-0.0,1008,0.005952380952380952,PUBLISHER_CONCENTRATION_GE_80_PERCENT,1
1376986,TVC,tennessee valley authority,373,164.0,209.0,0.0,154.0,84.0,7.0,4,5,0.024128686327077747,fd7425846ea62437d770cdb9d69a5951ab33b237b3bab17ac568ce2742c7bea3,0.2,1.6094379124341005,1008,0.003968253968253968,NONE,0
1087294,CPIX,cumberland pharmaceuticals,470,399.0,71.0,0.0,376.0,74.0,97.0,43,20,0.3595744680851064,7a760386ea72c5ddae3e4604fdc5f7fa942ad00c5db2a3d8dffc6bcb5912ebdf,0.2261904761904762,2.5114515073397072,1008,0.04265873015873016,NONE,0
1055726,INO,inovio biomedical,227,216.0,11.0,0.0,212.0,11.0,3.0,1,2,0.07048458149779736,b760b1294f1c1c3c7acaf7968447dba9b64ee4ce0b10d6aa81600f9526801e12,0.8333333333333334,0.45056120886630463,1008,0.000992063492063492,PUBLISHER_CONCENTRATION_GE_80_PERCENT,1
1629210,PZG,paramount gold nevada,105,88.0,17.0,0.0,89.0,11.0,36.0,17,7,0.6190476190476191,7276994fe3b691a33351d3624d75910566c16617a432697d5d342172678d794d,0.26666666666666666,1.7140875411870098,1008,0.016865079365079364,NONE,0
1190935,PTY,pimco corporate income opportunity fund,164,73.0,91.0,0.0,24.0,96.0,26.0,18,1,0.36585365853658536,b760b1294f1c1c3c7acaf7968447dba9b64ee4ce0b10d6aa81600f9526801e12,1.0,-0.0,1008,0.017857142857142856,PUBLISHER_CONCENTRATION_GE_80_PERCENT,1
1140625,EQNR,statoilhydro asa,74,56.0,18.0,0.0,52.0,12.0,0.0,0,2,0.0,7a760386ea72c5ddae3e4604fdc5f7fa942ad00c5db2a3d8dffc6bcb5912ebdf,0.6666666666666666,0.6365141682948128,1008,0.0,NONE,0
1299969,CHCI,comstock homebuilding companies,118,106.0,12.0,0.0,92.0,20.0,0.0,0,3,0.059322033898305086,1b425b87521ec0ab5e4c02aa6bbf44fa197505a03a1fa7f593d749168cc34d2f,0.5,1.0397207708399179,1008,0.0,NONE,0
1888447,EE,excelerate energy,246,85.0,161.0,0.0,80.0,61.0,0.0,0,2,0.18292682926829268,215816bf42103f1f2b24c168779f1fb0ea3afcb7a2c627e42e0bcd7fe07eb70a,0.75,0.5623351446188083,630,0.0,NONE,0
1091223,MTLS,materialise nv,324,137.0,187.0,0.0,114.0,135.0,107.0,44,8,0.4567901234567901,7276994fe3b691a33351d3624d75910566c16617a432697d5d342172678d794d,0.4358974358974359,1.6063091531838283,1008,0.04365079365079365,NONE,0
1069258,KTOS,wireless facilities,39,30.0,9.0,0.0,32.0,2.0,0.0,0,0,0.0,,0.0,0.0,1008,0.0,NONE,0
1296484,TOPS,top tankers,38,38.0,0.0,0.0,38.0,0.0,0.0,0,0,0.0,,0.0,0.0,1008,0.0,NONE,0
860489,CEE,CEE,16,0.0,0.0,16.0,2.0,14.0,0.0,0,0,0.0,,0.0,0.0,1008,0.0,SINGLE_TOKEN_SEMANTIC_RISK,1
1383650,CQP,cheniere energy partners l p,482,49.0,433.0,0.0,0.0,260.0,44.0,35,3,0.35684647302904565,8294547e9fe9367f291a22598513d897928d1a0eeb713ca2b41f31977192c5d1,0.5,0.9743147528693494,1008,0.034722222222222224,NONE,0
1499543,NOAH,noah holdings ltd,208,22.0,186.0,0.0,41.0,135.0,49.0,26,5,0.47115384615384615,1b425b87521ec0ab5e4c02aa6bbf44fa197505a03a1fa7f593d749168cc34d2f,0.4444444444444444,1.4270610433807247,1008,0.025793650793650792,NONE,0
1796209,APG,api group corp,150,0.0,150.0,0.0,9.0,16.0,8.0,5,0,0.23333333333333334,,0.0,0.0,970,0.005154639175257732,NONE,0
1133421,NOC,NOC,991,0.0,0.0,991.0,254.0,737.0,354.0,211,2,0.4581231079717457,143f92580d72222b4deebf15911a138a5574e1aa8c59a3c9f241903ff662b312,0.5,0.6931471805599453,1008,0.20932539682539683,SINGLE_TOKEN_SEMANTIC_RISK,1
1131343,ATHE,alterity therapeutics,382,40.0,342.0,0.0,8.0,199.0,125.0,16,2,0.11518324607329843,7276994fe3b691a33351d3624d75910566c16617a432697d5d342172678d794d,0.75,0.5623351446188083,1008,0.015873015873015872,NONE,0
1633336,CCAP,crescent capital bdc,293,61.0,232.0,0.0,12.0,254.0,52.0,18,3,0.3412969283276451,b760b1294f1c1c3c7acaf7968447dba9b64ee4ce0b10d6aa81600f9526801e12,0.6666666666666666,0.8675632284814612,484,0.0371900826446281,NONE,0
1211583,FENC,fennec pharmaceuticals,213,61.0,152.0,0.0,65.0,101.0,123.0,19,1,0.1596244131455399,b760b1294f1c1c3c7acaf7968447dba9b64ee4ce0b10d6aa81600f9526801e12,1.0,-0.0,1008,0.018849206349206348,PUBLISHER_CONCENTRATION_GE_80_PERCENT,1
1468091,VEON,veon ltd,232,8.0,224.0,0.0,6.0,143.0,106.0,38,0,0.375,,0.0,0.0,1008,0.037698412698412696,NONE,0
1353612,FXC,currencyshares canadian dollar trust,77,7.0,70.0,0.0,6.0,16.0,5.0,1,1,0.2987012987012987,10fcd4ce7788feb63927380fea83a2d1328c6e29233988c7cb8f96373035204e,1.0,-0.0,1008,0.000992063492063492,NONE,0
6955,EPAC,enerpac tool,518,69.0,449.0,0.0,46.0,415.0,135.0,28,2,0.2857142857142857,7a760386ea72c5ddae3e4604fdc5f7fa942ad00c5db2a3d8dffc6bcb5912ebdf,0.7142857142857143,0.5982695885852573,1008,0.027777777777777776,NONE,0
1276533,JFR,nuveen floating rate income fund,124,92.0,32.0,0.0,92.0,30.0,82.0,13,2,0.22580645161290322,b760b1294f1c1c3c7acaf7968447dba9b64ee4ce0b10d6aa81600f9526801e12,0.8095238095238095,0.48691270946460224,1008,0.012896825396825396,PUBLISHER_CONCENTRATION_GE_80_PERCENT,1
1636651,OVID,ovid therapeutics,422,80.0,342.0,0.0,51.0,241.0,206.0,32,2,0.16350710900473933,6d85c5fcd083a75f7715c2add959f733b76cef5669e291147c7bb4af1f38a75b,0.5,0.6931471805599453,1008,0.031746031746031744,NONE,0
1608741,QQQX,nuveen nasdaq 100 dynamic overwrite fund,238,28.0,210.0,0.0,1.0,190.0,48.0,26,1,0.2605042016806723,7276994fe3b691a33351d3624d75910566c16617a432697d5d342172678d794d,1.0,-0.0,1008,0.025793650793650792,EXCHANGE_OR_VENUE_NAME|PUBLISHER_CONCENTRATION_GE_80_PERCENT,2
1046179,TSM,TSM,1160,0.0,0.0,1160.0,156.0,1004.0,364.0,127,2,0.21120689655172414,84625ab1a763851f03bf27f1f4f68b3b7efe198626d098151d461cbb0e262da0,0.6666666666666666,0.6365141682948128,1008,0.1259920634920635,SINGLE_TOKEN_SEMANTIC_RISK,1
1227654,CMP,CMP,60,0.0,0.0,60.0,1.0,59.0,4.0,3,0,0.1,,0.0,0.0,1008,0.002976190476190476,SINGLE_TOKEN_SEMANTIC_RISK,1
1425292,UAN,UAN,138,0.0,0.0,138.0,22.0,116.0,19.0,10,0,0.26811594202898553,,0.0,0.0,1008,0.00992063492063492,SINGLE_TOKEN_SEMANTIC_RISK,1
887596,CAKE,CAKE,23,0.0,0.0,23.0,20.0,3.0,0.0,0,1,0.8695652173913043,deb56840b9cdc03f6c4ee4d521ae2d441afded63a6b8dfc35db2427b482be521,1.0,-0.0,1008,0.0,SINGLE_TOKEN_SEMANTIC_RISK,1
1002242,E,E,164,0.0,0.0,164.0,51.0,113.0,47.0,25,3,0.3719512195121951,deb56840b9cdc03f6c4ee4d521ae2d441afded63a6b8dfc35db2427b482be521,0.5,1.0114042647073518,1008,0.0248015873015873,SINGLE_TOKEN_SEMANTIC_RISK,1
928054,FTK,FTK,147,0.0,0.0,147.0,65.0,82.0,26.0,12,2,0.564625850340136,deb56840b9cdc03f6c4ee4d521ae2d441afded63a6b8dfc35db2427b482be521,0.9523809523809523,0.19144408195771734,1008,0.011904761904761904,PUBLISHER_CONCENTRATION_GE_80_PERCENT|SINGLE_TOKEN_SEMANTIC_RISK,2
1383062,DBE,powershares db energy fund,41,1.0,40.0,0.0,1.0,21.0,0.0,0,0,0.3170731707317073,,0.0,0.0,1008,0.0,NONE,0
1704292,ZLAB,ZLAB,75,0.0,0.0,75.0,5.0,70.0,52.0,23,0,0.41333333333333333,,0.0,0.0,1008,0.022817460317460316,SINGLE_TOKEN_SEMANTIC_RISK,1
1230869,ASA,asa gold precious metals,66,47.0,19.0,0.0,45.0,21.0,45.0,13,2,0.696969696969697,7276994fe3b691a33351d3624d75910566c16617a432697d5d342172678d794d,0.9130434782608695,0.2954391918721161,1008,0.012896825396825396,NONE,0
1406587,FOR,FOR,7,0.0,0.0,7.0,0.0,7.0,7.0,4,0,0.0,,0.0,0.0,1008,0.003968253968253968,SINGLE_TOKEN_SEMANTIC_RISK,1
1648257,HCM,HCM,8,0.0,0.0,8.0,0.0,8.0,1.0,1,0,0.25,,0.0,0.0,1008,0.000992063492063492,SINGLE_TOKEN_SEMANTIC_RISK,1
945841,POOL,POOL,157,0.0,0.0,157.0,5.0,152.0,52.0,29,0,0.37579617834394907,,0.0,0.0,1008,0.028769841269841268,SINGLE_TOKEN_SEMANTIC_RISK,1
732717,TBB,southwestern bell,48,0.0,48.0,0.0,8.0,12.0,12.0,6,1,0.0,215816bf42103f1f2b24c168779f1fb0ea3afcb7a2c627e42e0bcd7fe07eb70a,1.0,-0.0,1008,0.005952380952380952,NONE,0
1383082,DBA,powershares db agriculture fund,157,9.0,148.0,0.0,25.0,36.0,6.0,3,2,0.33121019108280253,10fcd4ce7788feb63927380fea83a2d1328c6e29233988c7cb8f96373035204e,0.6666666666666666,0.6365141682948128,1008,0.002976190476190476,NONE,0
927971,BMO,bank of montreal can,21,0.0,21.0,0.0,8.0,12.0,1.0,1,0,0.047619047619047616,,0.0,0.0,1008,0.000992063492063492,NONE,0
1327688,OOMA,OOMA,16,0.0,0.0,16.0,11.0,5.0,7.0,3,0,0.6875,,0.0,0.0,1008,0.002976190476190476,SINGLE_TOKEN_SEMANTIC_RISK,1
1326200,GNK,GNK,14,0.0,0.0,14.0,6.0,8.0,4.0,1,0,0.35714285714285715,,0.0,0.0,1008,0.000992063492063492,SINGLE_TOKEN_SEMANTIC_RISK,1
921825,FR,FR,69,0.0,0.0,69.0,9.0,60.0,23.0,18,0,0.5072463768115942,,0.0,0.0,1008,0.017857142857142856,SINGLE_TOKEN_SEMANTIC_RISK,1
1823529,ACT,ACT,91,0.0,0.0,91.0,18.0,73.0,33.0,16,1,0.1978021978021978,84625ab1a763851f03bf27f1f4f68b3b7efe198626d098151d461cbb0e262da0,1.0,-0.0,705,0.02269503546099291,SINGLE_TOKEN_SEMANTIC_RISK,1
1378950,PRTS,PRTS,3,0.0,0.0,3.0,3.0,0.0,0.0,0,0,0.3333333333333333,,0.0,0.0,1008,0.0,SINGLE_TOKEN_SEMANTIC_RISK,1
1393299,BGY,blackrock enhanced international dividend trust,22,1.0,21.0,0.0,3.0,19.0,17.0,7,0,0.45454545454545453,,0.0,0.0,1008,0.006944444444444444,NONE,0
717806,FUSB,first us bancshares,27,24.0,3.0,0.0,2.0,25.0,15.0,13,0,0.7777777777777778,,0.0,0.0,1008,0.012896825396825396,NONE,0
1546652,OUNZ,merk gold trust,28,0.0,28.0,0.0,5.0,21.0,0.0,0,0,0.10714285714285714,,0.0,0.0,1008,0.0,NONE,0
1677250,ZTO,ZTO,46,0.0,0.0,46.0,4.0,42.0,23.0,10,0,0.21739130434782608,,0.0,0.0,1008,0.00992063492063492,SINGLE_TOKEN_SEMANTIC_RISK,1
853816,LSTR,LSTR,4,0.0,0.0,4.0,0.0,4.0,4.0,2,0,0.0,,0.0,0.0,1008,0.001984126984126984,SINGLE_TOKEN_SEMANTIC_RISK,1
1070235,BB,BB,11,0.0,0.0,11.0,3.0,8.0,8.0,4,0,0.0,,0.0,0.0,1008,0.003968253968253968,SINGLE_TOKEN_SEMANTIC_RISK,1
1161125,BCH,BCH,37,0.0,0.0,37.0,1.0,36.0,2.0,2,0,0.0,,0.0,0.0,1008,0.001984126984126984,SINGLE_TOKEN_SEMANTIC_RISK,1
874766,HIG,hartford insurance,9,9.0,0.0,0.0,7.0,2.0,1.0,1,1,0.3333333333333333,6b1ca4b918fadca875255e6f6aee64c94194a9f98dbf1c71171c4d5f99382828,1.0,-0.0,1008,0.000992063492063492,NONE,0
5513,UNM,UNM,10,0.0,0.0,10.0,0.0,10.0,4.0,3,0,0.1,,0.0,0.0,1008,0.002976190476190476,SINGLE_TOKEN_SEMANTIC_RISK,1
1490281,GRPN,GRPN,153,0.0,0.0,153.0,150.0,3.0,2.0,1,4,0.9869281045751634,deb56840b9cdc03f6c4ee4d521ae2d441afded63a6b8dfc35db2427b482be521,0.9333333333333333,0.30828139607685096,1008,0.000992063492063492,PUBLISHER_CONCENTRATION_GE_80_PERCENT|SINGLE_TOKEN_SEMANTIC_RISK,2
1158895,LMAT,LMAT,2,0.0,0.0,2.0,0.0,2.0,2.0,1,0,0.0,,0.0,0.0,1008,0.000992063492063492,SINGLE_TOKEN_SEMANTIC_RISK,1
910068,HIO,high income opportunity fund,65,52.0,13.0,0.0,0.0,64.0,30.0,27,1,0.0,7276994fe3b691a33351d3624d75910566c16617a432697d5d342172678d794d,1.0,-0.0,1008,0.026785714285714284,NONE,0
1002638,OTEX,OTEX,6,0.0,0.0,6.0,0.0,6.0,3.0,1,0,0.16666666666666666,,0.0,0.0,1008,0.000992063492063492,SINGLE_TOKEN_SEMANTIC_RISK,1
1345105,CPA,CPA,59,0.0,0.0,59.0,13.0,46.0,19.0,13,1,0.2033898305084746,deb56840b9cdc03f6c4ee4d521ae2d441afded63a6b8dfc35db2427b482be521,1.0,-0.0,1008,0.012896825396825396,SINGLE_TOKEN_SEMANTIC_RISK,1
1331875,FNF,FNF,21,0.0,0.0,21.0,0.0,21.0,14.0,3,0,0.2857142857142857,,0.0,0.0,1008,0.002976190476190476,SINGLE_TOKEN_SEMANTIC_RISK,1
942126,TAIT,taitron components,141,121.0,20.0,0.0,84.0,38.0,43.0,28,5,0.8226950354609929,b760b1294f1c1c3c7acaf7968447dba9b64ee4ce0b10d6aa81600f9526801e12,0.6097560975609756,0.9897410964535539,1008,0.027777777777777776,NONE,0
899460,MNKD,MNKD,124,0.0,0.0,124.0,96.0,28.0,8.0,1,9,0.8548387096774194,deb56840b9cdc03f6c4ee4d521ae2d441afded63a6b8dfc35db2427b482be521,0.509090909090909,1.5167231908040963,1008,0.000992063492063492,SINGLE_TOKEN_SEMANTIC_RISK,1
1528988,BUI,blackrock utility infrastructure trust,42,38.0,4.0,0.0,38.0,0.0,12.0,6,1,0.30952380952380953,7276994fe3b691a33351d3624d75910566c16617a432697d5d342172678d794d,1.0,-0.0,1008,0.005952380952380952,NONE,0
69733,NATH,nathans famous,6,6.0,0.0,0.0,6.0,0.0,0.0,0,1,0.3333333333333333,1b425b87521ec0ab5e4c02aa6bbf44fa197505a03a1fa7f593d749168cc34d2f,1.0,-0.0,1008,0.0,NONE,0
706863,UNB,union bankshares inc,71,66.0,5.0,0.0,42.0,29.0,13.0,12,4,0.7605633802816901,b760b1294f1c1c3c7acaf7968447dba9b64ee4ce0b10d6aa81600f9526801e12,0.5,1.1269287948006759,1008,0.011904761904761904,NONE,0
886043,MMU,managed municipals portfolio,2,2.0,0.0,0.0,2.0,0.0,2.0,1,1,1.0,7276994fe3b691a33351d3624d75910566c16617a432697d5d342172678d794d,1.0,-0.0,1008,0.000992063492063492,NONE,0
1758530,SY,SY,5,0.0,0.0,5.0,0.0,5.0,0.0,0,1,0.0,912082d9d1d10594c877a88a4fee42b0b0a62956e8b8e518eb549a6e9c29e235,1.0,-0.0,675,0.0,SINGLE_TOKEN_SEMANTIC_RISK,1
922864,AIV,AIV,26,0.0,0.0,26.0,11.0,15.0,19.0,8,0,0.34615384615384615,,0.0,0.0,1008,0.007936507936507936,SINGLE_TOKEN_SEMANTIC_RISK,1
1019034,BKYI,BKYI,15,0.0,0.0,15.0,0.0,15.0,13.0,6,0,0.4666666666666667,,0.0,0.0,1008,0.005952380952380952,SINGLE_TOKEN_SEMANTIC_RISK,1
1243429,MT,MT,45,0.0,0.0,45.0,44.0,1.0,2.0,1,1,0.9555555555555556,deb56840b9cdc03f6c4ee4d521ae2d441afded63a6b8dfc35db2427b482be521,1.0,-0.0,1008,0.000992063492063492,SINGLE_TOKEN_SEMANTIC_RISK,1
1520006,MTDR,MTDR,5,0.0,0.0,5.0,5.0,0.0,3.0,1,1,0.6,deb56840b9cdc03f6c4ee4d521ae2d441afded63a6b8dfc35db2427b482be521,1.0,-0.0,1008,0.000992063492063492,SINGLE_TOKEN_SEMANTIC_RISK,1
1046102,RBA,RBA,5,0.0,0.0,5.0,2.0,3.0,2.0,1,0,0.2,,0.0,0.0,1008,0.000992063492063492,SINGLE_TOKEN_SEMANTIC_RISK,1
936395,CIEN,CIEN,27,0.0,0.0,27.0,20.0,7.0,1.0,1,3,0.7777777777777778,deb56840b9cdc03f6c4ee4d521ae2d441afded63a6b8dfc35db2427b482be521,0.6363636363636364,0.8599672810355049,1008,0.000992063492063492,SINGLE_TOKEN_SEMANTIC_RISK,1
1136893,FIS,certegy,19,16.0,3.0,0.0,16.0,3.0,4.0,1,2,0.2631578947368421,7276994fe3b691a33351d3624d75910566c16617a432697d5d342172678d794d,0.5,0.6931471805599453,1008,0.000992063492063492,SINGLE_TOKEN_SEMANTIC_RISK,1
25743,TXMD,TXMD,16,0.0,0.0,16.0,16.0,0.0,4.0,2,4,0.875,1b425b87521ec0ab5e4c02aa6bbf44fa197505a03a1fa7f593d749168cc34d2f,0.375,1.320888343149322,1008,0.001984126984126984,SINGLE_TOKEN_SEMANTIC_RISK,1
1529192,VIPS,VIPS,30,0.0,0.0,30.0,28.0,2.0,2.0,1,2,0.9333333333333333,deb56840b9cdc03f6c4ee4d521ae2d441afded63a6b8dfc35db2427b482be521,0.8571428571428571,0.410116318288409,1008,0.000992063492063492,SINGLE_TOKEN_SEMANTIC_RISK,1
4904,AEP,AEP,3,0.0,0.0,3.0,0.0,3.0,2.0,1,0,0.3333333333333333,,0.0,0.0,1008,0.000992063492063492,SINGLE_TOKEN_SEMANTIC_RISK,1
316888,ASM,ASM,5,0.0,0.0,5.0,0.0,5.0,0.0,0,0,0.0,,0.0,0.0,1008,0.0,SINGLE_TOKEN_SEMANTIC_RISK,1
1070412,CNX,CNX,119,0.0,0.0,119.0,87.0,32.0,28.0,22,2,0.8991596638655462,deb56840b9cdc03f6c4ee4d521ae2d441afded63a6b8dfc35db2427b482be521,0.9666666666666667,0.1461447460085638,1008,0.021825396825396824,PUBLISHER_CONCENTRATION_GE_80_PERCENT|SINGLE_TOKEN_SEMANTIC_RISK,2
1104506,INSM,INSM,6,0.0,0.0,6.0,4.0,2.0,0.0,0,1,0.0,84625ab1a763851f03bf27f1f4f68b3b7efe198626d098151d461cbb0e262da0,1.0,-0.0,1008,0.0,SINGLE_TOKEN_SEMANTIC_RISK,1
1122904,NTGR,NTGR,54,0.0,0.0,54.0,54.0,0.0,0.0,0,1,1.0,deb56840b9cdc03f6c4ee4d521ae2d441afded63a6b8dfc35db2427b482be521,1.0,-0.0,1008,0.0,SINGLE_TOKEN_SEMANTIC_RISK,1
1597835,CMCM,CMCM,14,0.0,0.0,14.0,14.0,0.0,0.0,0,2,1.0,1b425b87521ec0ab5e4c02aa6bbf44fa197505a03a1fa7f593d749168cc34d2f,0.8571428571428571,0.410116318288409,1008,0.0,SINGLE_TOKEN_SEMANTIC_RISK,1
1133818,BPTH,BPTH,2,0.0,0.0,2.0,0.0,2.0,2.0,1,0,0.0,,0.0,0.0,1008,0.000992063492063492,SINGLE_TOKEN_SEMANTIC_RISK,1
889132,PKX,pohang iron steel,8,2.0,6.0,0.0,2.0,4.0,0.0,0,0,0.25,,0.0,0.0,1008,0.0,NONE,0
1487610,NHS,neuberger high yield strategies fund,1,0.0,1.0,0.0,0.0,1.0,0.0,0,0,1.0,,0.0,0.0,1008,0.0,NONE,0
1456772,OPI,OPI,6,0.0,0.0,6.0,0.0,6.0,4.0,1,0,0.3333333333333333,,0.0,0.0,1008,0.000992063492063492,SINGLE_TOKEN_SEMANTIC_RISK,1
1393818,BX,BX,6,0.0,0.0,6.0,0.0,6.0,3.0,1,0,0.16666666666666666,,0.0,0.0,1008,0.000992063492063492,SINGLE_TOKEN_SEMANTIC_RISK,1
1544206,CGBD,CGBD,6,0.0,0.0,6.0,0.0,6.0,6.0,6,0,1.0,,0.0,0.0,1008,0.005952380952380952,SINGLE_TOKEN_SEMANTIC_RISK,1
1703644,GPMT,GPMT,4,0.0,0.0,4.0,3.0,1.0,3.0,1,0,0.5,,0.0,0.0,1008,0.000992063492063492,SINGLE_TOKEN_SEMANTIC_RISK,1
1500435,GPRO,GPRO,27,0.0,0.0,27.0,22.0,5.0,0.0,0,2,1.0,84625ab1a763851f03bf27f1f4f68b3b7efe198626d098151d461cbb0e262da0,0.8461538461538461,0.4293230219306162,1008,0.0,SINGLE_TOKEN_SEMANTIC_RISK,1
1447669,TWLO,TWLO,4,0.0,0.0,4.0,2.0,2.0,2.0,1,1,0.25,babc52a4295806f4e989a4dcdcfca96e8a4054b58bcbd9cab57492d157f49442,1.0,-0.0,1008,0.000992063492063492,SINGLE_TOKEN_SEMANTIC_RISK,1
1580345,TPVG,TPVG,1,0.0,0.0,1.0,0.0,1.0,0.0,0,0,0.0,,0.0,0.0,1008,0.0,SINGLE_TOKEN_SEMANTIC_RISK,1
1669779,CWH,CWH,8,0.0,0.0,8.0,0.0,8.0,0.0,0,0,0.125,,0.0,0.0,1008,0.0,SINGLE_TOKEN_SEMANTIC_RISK,1
1340677,SVM,SVM,3,0.0,0.0,3.0,0.0,3.0,0.0,0,0,0.3333333333333333,,0.0,0.0,1008,0.0,SINGLE_TOKEN_SEMANTIC_RISK,1
864240,SYPR,SYPR,2,0.0,0.0,2.0,0.0,2.0,0.0,0,1,1.0,d014d5a638eac5b2d935d6b6b173e4769692dc2a63efe5b382d586866929bd06,1.0,-0.0,1008,0.0,SINGLE_TOKEN_SEMANTIC_RISK,1
1478102,DMO,western asset mortgage opportunity fund,17,17.0,0.0,0.0,7.0,10.0,16.0,16,0,1.0,,0.0,0.0,1008,0.015873015873015872,NONE,0
1505413,VOC,VOC,3,0.0,0.0,3.0,2.0,1.0,2.0,2,0,0.6666666666666666,,0.0,0.0,1008,0.001984126984126984,SINGLE_TOKEN_SEMANTIC_RISK,1
2059653,LSBK,LSBK,2,0.0,0.0,2.0,0.0,2.0,2.0,2,0,1.0,,0.0,0.0,1008,0.001984126984126984,SINGLE_TOKEN_SEMANTIC_RISK,1
104169,WMT,walmart,54212,13319.0,40893.0,0.0,11655.0,19430.0,12390.0,1247,87,0.14939496790378515,7276994fe3b691a33351d3624d75910566c16617a432697d5d342172678d794d,0.28077571669477236,2.738497938271157,1008,1.0,EDGE_COUNT_TOP_1_PERCENT|IMPLAUSIBLY_HIGH_TRAINING_DAY_COVERAGE|SINGLE_TOKEN_SEMANTIC_RISK,3
1600033,ELF,e l f beauty,2672,651.0,2021.0,0.0,229.0,1778.0,289.0,76,9,0.23016467065868262,7276994fe3b691a33351d3624d75910566c16617a432697d5d342172678d794d,0.32098765432098764,1.790609236937423,1008,0.07539682539682539,NONE,0
789019,MSFT,microsoft,190673,59147.0,131526.0,0.0,47197.0,72790.0,17073.0,1273,175,0.04457893881147305,215816bf42103f1f2b24c168779f1fb0ea3afcb7a2c627e42e0bcd7fe07eb70a,0.37674548501210203,2.7606107768326718,1008,1.0,EDGE_COUNT_TOP_1_PERCENT|IMPLAUSIBLY_HIGH_TRAINING_DAY_COVERAGE|SINGLE_TOKEN_SEMANTIC_RISK,3
1001907,ASTC,astrotech,849,642.0,207.0,0.0,546.0,190.0,272.0,43,17,0.3663133097762073,7276994fe3b691a33351d3624d75910566c16617a432697d5d342172678d794d,0.30337078651685395,2.160475491876369,1008,0.04265873015873016,SINGLE_TOKEN_SEMANTIC_RISK,1
1604778,QRVO,rocky,19044,4879.0,14165.0,0.0,4191.0,5396.0,2041.0,562,49,0.0,7276994fe3b691a33351d3624d75910566c16617a432697d5d342172678d794d,0.32506527415143605,2.3956688087761036,1008,0.5575396825396826,SINGLE_TOKEN_SEMANTIC_RISK,1
1089063,DKS,dicks sporting goods,925,526.0,399.0,0.0,395.0,423.0,232.0,42,33,0.4237837837837838,6d85c5fcd083a75f7715c2add959f733b76cef5669e291147c7bb4af1f38a75b,0.2736842105263158,2.766685828571195,1008,0.041666666666666664,NONE,0
911147,CNTY,century casinos,1417,950.0,467.0,0.0,760.0,544.0,362.0,90,20,0.4163726182074806,7a760386ea72c5ddae3e4604fdc5f7fa942ad00c5db2a3d8dffc6bcb5912ebdf,0.2693877551020408,2.139835278090554,1008,0.08928571428571429,NONE,0
743367,BHB,bar harbor bankshares,657,462.0,195.0,0.0,398.0,252.0,91.0,41,13,0.4003044140030441,7276994fe3b691a33351d3624d75910566c16617a432697d5d342172678d794d,0.46464646464646464,1.6845556737515543,1008,0.040674603174603176,NONE,0
886986,TECK,teck resources,4167,1549.0,2618.0,0.0,1198.0,1997.0,592.0,195,26,0.17686585073194144,7276994fe3b691a33351d3624d75910566c16617a432697d5d342172678d794d,0.28955223880597014,2.2390627595961883,1008,0.19345238095238096,NONE,0
1243429,MT,arcelor,1273,831.0,442.0,0.0,739.0,329.0,89.0,29,20,0.17360565593087196,215816bf42103f1f2b24c168779f1fb0ea3afcb7a2c627e42e0bcd7fe07eb70a,0.450261780104712,2.1308852675339196,1008,0.028769841269841268,SINGLE_TOKEN_SEMANTIC_RISK,1
1070235,BB,blackberry,22544,15743.0,6801.0,0.0,13372.0,6449.0,3161.0,539,117,0.06418559261887864,1b425b87521ec0ab5e4c02aa6bbf44fa197505a03a1fa7f593d749168cc34d2f,0.17164674634794155,3.3354385470549457,1008,0.5347222222222222,SINGLE_TOKEN_SEMANTIC_RISK,1
1428205,ARR,armour residential reit,2297,1605.0,692.0,0.0,1138.0,1056.0,570.0,170,23,0.4523291249455812,7276994fe3b691a33351d3624d75910566c16617a432697d5d342172678d794d,0.4942263279445728,1.9310042478744502,1008,0.16865079365079366,NONE,0
1434621,TREE,lendingtree,2499,1620.0,879.0,0.0,1412.0,815.0,817.0,164,35,0.4005602240896359,7276994fe3b691a33351d3624d75910566c16617a432697d5d342172678d794d,0.175,2.68300904041151,1008,0.1626984126984127,SINGLE_TOKEN_SEMANTIC_RISK,1
1701108,SPRO,spero therapeutics,613,301.0,312.0,0.0,236.0,279.0,336.0,81,13,0.5285481239804242,b760b1294f1c1c3c7acaf7968447dba9b64ee4ce0b10d6aa81600f9526801e12,0.23008849557522124,2.066251115553835,1008,0.08035714285714286,NONE,0
1000275,RY,royal bank of canada,10742,1529.0,9213.0,0.0,2300.0,6512.0,1327.0,334,14,0.11524855706572333,b760b1294f1c1c3c7acaf7968447dba9b64ee4ce0b10d6aa81600f9526801e12,0.38461538461538464,1.679142155160705,1008,0.33134920634920634,NONE,0
1650664,EDIT,editas medicine,2703,476.0,2227.0,0.0,196.0,1424.0,830.0,244,11,0.24158342582315945,54cdaa1af72fd153cc9dc0d244fb43a089e1f19b0524cbb0e47b632c54047c9d,0.2,2.138008006207517,1008,0.24206349206349206,NONE,0
1048477,BMRN,BMRN,157,0.0,0.0,157.0,135.0,22.0,14.0,6,4,0.8662420382165605,deb56840b9cdc03f6c4ee4d521ae2d441afded63a6b8dfc35db2427b482be521,0.8059701492537313,0.6662791996890479,1008,0.005952380952380952,PUBLISHER_CONCENTRATION_GE_80_PERCENT|SINGLE_TOKEN_SEMANTIC_RISK,2
899923,MYGN,myriad genetics,5177,3314.0,1863.0,0.0,2570.0,2034.0,1395.0,262,57,0.45798725130384393,7a760386ea72c5ddae3e4604fdc5f7fa942ad00c5db2a3d8dffc6bcb5912ebdf,0.2474032105760151,2.7447340109331524,1008,0.25992063492063494,NONE,0
310158,MRK,MRK,92,0.0,0.0,92.0,42.0,50.0,4.0,1,5,0.31521739130434784,1b425b87521ec0ab5e4c02aa6bbf44fa197505a03a1fa7f593d749168cc34d2f,0.41935483870967744,1.2948625793306072,1008,0.000992063492063492,SINGLE_TOKEN_SEMANTIC_RISK,1
31235,KODK,eastman kodak,2847,927.0,1920.0,0.0,738.0,1236.0,988.0,139,19,0.1735159817351598,7276994fe3b691a33351d3624d75910566c16617a432697d5d342172678d794d,0.39565217391304347,2.1541708751379898,1008,0.1378968253968254,NONE,0
1409375,OESX,orion energy systems,1035,875.0,160.0,0.0,809.0,207.0,253.0,73,19,0.4106280193236715,7276994fe3b691a33351d3624d75910566c16617a432697d5d342172678d794d,0.2835820895522388,2.1798667757516004,1008,0.07242063492063493,NONE,0
887359,VCEL,vericel,1017,771.0,246.0,0.0,660.0,273.0,519.0,110,20,0.584070796460177,7276994fe3b691a33351d3624d75910566c16617a432697d5d342172678d794d,0.3111111111111111,2.293062537713137,1008,0.10912698412698413,SINGLE_TOKEN_SEMANTIC_RISK,1
4127,SWKS,skyworks solutions,5387,1507.0,3880.0,0.0,681.0,3006.0,1377.0,402,24,0.29478373863003526,b760b1294f1c1c3c7acaf7968447dba9b64ee4ce0b10d6aa81600f9526801e12,0.3452914798206278,2.159310990211479,1008,0.39880952380952384,NONE,0
1043219,NLY,annaly capital management,4877,1965.0,2912.0,0.0,1723.0,2577.0,1189.0,378,40,0.3541111338937872,7276994fe3b691a33351d3624d75910566c16617a432697d5d342172678d794d,0.27543424317617865,2.7339195755067203,1008,0.375,NONE,0
1571776,CHMI,cherry hill mortgage investment,638,397.0,241.0,0.0,308.0,330.0,340.0,60,9,0.38557993730407525,7276994fe3b691a33351d3624d75910566c16617a432697d5d342172678d794d,0.7777777777777778,0.9506644267762171,1008,0.05952380952380952,NONE,0
922864,AIV,apartment investment management,516,300.0,216.0,0.0,228.0,288.0,255.0,99,12,0.5213178294573644,b760b1294f1c1c3c7acaf7968447dba9b64ee4ce0b10d6aa81600f9526801e12,0.5542168674698795,1.62755505128459,1008,0.09821428571428571,NONE,0
1679268,TUSK,mammoth energy services,554,137.0,417.0,0.0,55.0,330.0,314.0,73,3,0.24007220216606498,7276994fe3b691a33351d3624d75910566c16617a432697d5d342172678d794d,0.5227272727272727,1.0223926817116025,1008,0.07242063492063493,NONE,0
1145255,HNNA,hennessy advisors,452,356.0,96.0,0.0,277.0,139.0,146.0,43,8,0.34292035398230086,7276994fe3b691a33351d3624d75910566c16617a432697d5d342172678d794d,0.59,1.2609023291294472,1008,0.04265873015873016,NONE,0
1288855,OPHC,optimumbank,213,211.0,2.0,0.0,184.0,28.0,48.0,15,10,0.3615023474178404,7276994fe3b691a33351d3624d75910566c16617a432697d5d342172678d794d,0.29545454545454547,1.9231897620917346,1008,0.01488095238095238,SINGLE_TOKEN_SEMANTIC_RISK,1
1350593,MWA,mueller water products,1703,1219.0,484.0,0.0,1055.0,494.0,380.0,131,24,0.4174985320023488,7276994fe3b691a33351d3624d75910566c16617a432697d5d342172678d794d,0.3192307692307692,2.0163423089140924,1008,0.12996031746031747,NONE,0
1331875,FNF,fidelity national financial,3473,1660.0,1813.0,0.0,1516.0,1320.0,636.0,189,22,0.31500143967751226,b760b1294f1c1c3c7acaf7968447dba9b64ee4ce0b10d6aa81600f9526801e12,0.313953488372093,2.1110156332661303,1008,0.1875,NONE,0
1075531,BKNG,booking,24156,4294.0,19862.0,0.0,3846.0,10177.0,4439.0,910,50,0.07641993707567478,b760b1294f1c1c3c7acaf7968447dba9b64ee4ce0b10d6aa81600f9526801e12,0.49395973154362416,2.1823741963502017,1008,0.9027777777777778,IMPLAUSIBLY_HIGH_TRAINING_DAY_COVERAGE|SINGLE_TOKEN_SEMANTIC_RISK,2
877860,NHI,national health investors,1283,788.0,495.0,0.0,637.0,535.0,410.0,148,22,0.5728760717069369,7276994fe3b691a33351d3624d75910566c16617a432697d5d342172678d794d,0.32489451476793246,2.2575560080006296,1008,0.14682539682539683,NONE,0
1706431,VIR,vir biotechnology,1768,208.0,1560.0,0.0,205.0,953.0,757.0,142,4,0.2743212669683258,7276994fe3b691a33351d3624d75910566c16617a432697d5d342172678d794d,0.4666666666666667,1.1710598699903711,581,0.24440619621342513,NONE,0
1318220,WCN,progressive waste solutions,604,517.0,87.0,0.0,491.0,95.0,0.0,0,20,0.011589403973509934,1b425b87521ec0ab5e4c02aa6bbf44fa197505a03a1fa7f593d749168cc34d2f,0.14814814814814814,2.687032765888039,1008,0.0,NONE,0
1060391,RSG,republic services,5255,2870.0,2385.0,0.0,2120.0,2045.0,1180.0,297,39,0.36022835394862035,7a760386ea72c5ddae3e4604fdc5f7fa942ad00c5db2a3d8dffc6bcb5912ebdf,0.3342857142857143,2.4637372427249633,1008,0.29464285714285715,NONE,0
1285819,OMER,omeros,2665,2209.0,456.0,0.0,1914.0,648.0,858.0,162,39,0.48592870544090055,7276994fe3b691a33351d3624d75910566c16617a432697d5d342172678d794d,0.39285714285714285,2.2569452284170612,1008,0.16071428571428573,SINGLE_TOKEN_SEMANTIC_RISK,1
944809,OPK,OPK,5,0.0,0.0,5.0,4.0,1.0,1.0,1,1,0.4,84625ab1a763851f03bf27f1f4f68b3b7efe198626d098151d461cbb0e262da0,1.0,-0.0,1008,0.000992063492063492,SINGLE_TOKEN_SEMANTIC_RISK,1
1086434,AUDC,audiocodes,2098,1020.0,1078.0,0.0,788.0,1067.0,322.0,80,21,0.2659675881792183,7276994fe3b691a33351d3624d75910566c16617a432697d5d342172678d794d,0.3050847457627119,2.297225775475896,1008,0.07936507936507936,SINGLE_TOKEN_SEMANTIC_RISK,1
1425287,WKHS,workhorse,2733,774.0,1959.0,0.0,377.0,1272.0,1227.0,340,8,0.21917306988657154,7276994fe3b691a33351d3624d75910566c16617a432697d5d342172678d794d,0.5362318840579711,1.445918310147811,1008,0.3373015873015873,SINGLE_TOKEN_SEMANTIC_RISK,1
1802883,API,agora,1039,683.0,356.0,0.0,608.0,266.0,98.0,42,11,0.05871029836381136,1b425b87521ec0ab5e4c02aa6bbf44fa197505a03a1fa7f593d749168cc34d2f,0.5344827586206896,1.5929114862753868,792,0.05303030303030303,SINGLE_TOKEN_SEMANTIC_RISK,1
1668717,BUD,BUD,1656,0.0,0.0,1656.0,561.0,1095.0,809.0,329,2,0.3194444444444444,deb56840b9cdc03f6c4ee4d521ae2d441afded63a6b8dfc35db2427b482be521,0.9722222222222222,0.12693054534140227,1008,0.3263888888888889,PUBLISHER_CONCENTRATION_GE_80_PERCENT|SINGLE_TOKEN_SEMANTIC_RISK,2
1116132,TPR,tapestry,4491,1344.0,3147.0,0.0,837.0,2390.0,1167.0,233,11,0.19884212870184814,b760b1294f1c1c3c7acaf7968447dba9b64ee4ce0b10d6aa81600f9526801e12,0.3888888888888889,1.6280664298783531,1008,0.23115079365079366,SINGLE_TOKEN_SEMANTIC_RISK,1
1541401,ESRT,empire state realty trust,1103,656.0,447.0,0.0,521.0,384.0,317.0,116,18,0.42973708068902994,7276994fe3b691a33351d3624d75910566c16617a432697d5d342172678d794d,0.3900709219858156,2.182007858459666,1008,0.11507936507936507,NONE,0
1505732,BWFG,bankwell financial,337,246.0,91.0,0.0,185.0,146.0,109.0,46,11,0.599406528189911,7276994fe3b691a33351d3624d75910566c16617a432697d5d342172678d794d,0.3283582089552239,1.9556709841063604,1008,0.04563492063492063,NONE,0
1674168,HGV,hilton grand vacations,1068,314.0,754.0,0.0,208.0,584.0,268.0,78,10,0.29868913857677903,b760b1294f1c1c3c7acaf7968447dba9b64ee4ce0b10d6aa81600f9526801e12,0.5303030303030303,1.6068278989197786,1008,0.07738095238095238,NONE,0
1593538,JSM,navient,3038,1905.0,1133.0,0.0,1426.0,1275.0,948.0,236,16,0.0,7a760386ea72c5ddae3e4604fdc5f7fa942ad00c5db2a3d8dffc6bcb5912ebdf,0.40185185185185185,1.8365852993691083,1008,0.23412698412698413,SINGLE_TOKEN_SEMANTIC_RISK,1
1301787,BXC,bluelinx,1221,831.0,390.0,0.0,777.0,264.0,320.0,63,21,0.3415233415233415,7276994fe3b691a33351d3624d75910566c16617a432697d5d342172678d794d,0.2761904761904762,2.099665166593064,1008,0.0625,SINGLE_TOKEN_SEMANTIC_RISK,1
920522,ESS,essex property trust,2920,1227.0,1693.0,0.0,965.0,1445.0,660.0,230,30,0.4434931506849315,7276994fe3b691a33351d3624d75910566c16617a432697d5d342172678d794d,0.19166666666666668,2.5379855491501804,1008,0.22817460317460317,NONE,0
1070985,CXW,corecivic,1201,764.0,437.0,0.0,591.0,390.0,551.0,152,19,0.5195670274771024,7276994fe3b691a33351d3624d75910566c16617a432697d5d342172678d794d,0.34265734265734266,2.109106653942604,1008,0.15079365079365079,SINGLE_TOKEN_SEMANTIC_RISK,1
1077688,HOFT,hooker furniture,1299,929.0,370.0,0.0,676.0,512.0,320.0,77,18,0.3933795227097768,7276994fe3b691a33351d3624d75910566c16617a432697d5d342172678d794d,0.4386792452830189,2.0045413733296433,1008,0.0763888888888889,NONE,0
1138723,ARAY,accuray,2749,2042.0,707.0,0.0,1614.0,872.0,579.0,126,10,0.3797744634412514,7a760386ea72c5ddae3e4604fdc5f7fa942ad00c5db2a3d8dffc6bcb5912ebdf,0.5698689956331878,1.3396693021093569,1008,0.125,SINGLE_TOKEN_SEMANTIC_RISK,1
1108109,CYH,community health systems,4232,2523.0,1709.0,0.0,2284.0,1274.0,570.0,160,49,0.373109640831758,7276994fe3b691a33351d3624d75910566c16617a432697d5d342172678d794d,0.1484992101105845,2.960948960738597,1008,0.15873015873015872,NONE,0
1117297,QNST,quinstreet,793,438.0,355.0,0.0,283.0,419.0,397.0,119,5,0.23203026481715006,7a760386ea72c5ddae3e4604fdc5f7fa942ad00c5db2a3d8dffc6bcb5912ebdf,0.4716981132075472,1.192224403480902,1008,0.11805555555555555,SINGLE_TOKEN_SEMANTIC_RISK,1
1966983,LAC,lithium americas,2198,417.0,1781.0,0.0,431.0,851.0,345.0,115,4,0.0031847133757961785,7276994fe3b691a33351d3624d75910566c16617a432697d5d342172678d794d,0.8181818181818182,0.6580309975500831,630,0.18253968253968253,PUBLISHER_CONCENTRATION_GE_80_PERCENT,1
898173,ORLY,o reilly automotive,5959,2416.0,3543.0,0.0,1732.0,3004.0,1388.0,345,47,0.4084577949320356,b760b1294f1c1c3c7acaf7968447dba9b64ee4ce0b10d6aa81600f9526801e12,0.19035532994923857,2.6862743818447217,1008,0.34226190476190477,NONE,0
1364954,CHGG,chegg,3578,1802.0,1776.0,0.0,1485.0,1277.0,1306.0,284,33,0.4116825041922862,7a760386ea72c5ddae3e4604fdc5f7fa942ad00c5db2a3d8dffc6bcb5912ebdf,0.2062937062937063,2.52834086505753,1008,0.28174603174603174,SINGLE_TOKEN_SEMANTIC_RISK,1
1378140,OPTT,ocean power technologies,1587,1094.0,493.0,0.0,970.0,402.0,468.0,89,29,0.34593572778827975,7276994fe3b691a33351d3624d75910566c16617a432697d5d342172678d794d,0.3125,2.300225273450754,1008,0.0882936507936508,NONE,0
1080340,LOAN,manhattan bridge capital,464,434.0,30.0,0.0,402.0,56.0,101.0,40,12,0.48060344827586204,7276994fe3b691a33351d3624d75910566c16617a432697d5d342172678d794d,0.4144144144144144,1.8959676640336955,1008,0.03968253968253968,NONE,0
1507079,FND,floor decor,1619,482.0,1137.0,0.0,177.0,1002.0,358.0,102,10,0.2266831377393453,b760b1294f1c1c3c7acaf7968447dba9b64ee4ce0b10d6aa81600f9526801e12,0.46774193548387094,1.6696241452130947,1008,0.10119047619047619,NONE,0
853816,LSTR,landstar system,1391,769.0,622.0,0.0,617.0,554.0,369.0,123,36,0.34291876347951117,1b425b87521ec0ab5e4c02aa6bbf44fa197505a03a1fa7f593d749168cc34d2f,0.1519434628975265,2.8624800908981816,1008,0.12202380952380952,NONE,0
887905,LTC,ltc properties,1221,711.0,510.0,0.0,577.0,546.0,414.0,149,19,0.3308763308763309,7276994fe3b691a33351d3624d75910566c16617a432697d5d342172678d794d,0.45121951219512196,1.8580419686157494,1008,0.14781746031746032,NONE,0
943819,RMD,resmed,5363,3076.0,2287.0,0.0,2314.0,1982.0,1313.0,275,38,0.35912735409285845,7a760386ea72c5ddae3e4604fdc5f7fa942ad00c5db2a3d8dffc6bcb5912ebdf,0.4051054384017758,2.2501193508016404,1008,0.2728174603174603,SINGLE_TOKEN_SEMANTIC_RISK,1
1528396,GWRE,guidewire software,2429,1420.0,1009.0,0.0,1242.0,959.0,623.0,159,26,0.4425689584191025,6752e69d6ebc246e5369e53b5493b1c51f51433551b895d3c67b2e427520e39e,0.16216216216216217,2.4559515702900767,1008,0.15773809523809523,NONE,0
1500217,AAT,american assets trust,1045,558.0,487.0,0.0,310.0,637.0,125.0,74,5,0.29282296650717704,7276994fe3b691a33351d3624d75910566c16617a432697d5d342172678d794d,0.8181818181818182,0.7068400813912313,1008,0.07341269841269842,PUBLISHER_CONCENTRATION_GE_80_PERCENT,1
1496099,NMFC,new mountain finance,798,464.0,334.0,0.0,502.0,290.0,189.0,82,3,0.24812030075187969,7276994fe3b691a33351d3624d75910566c16617a432697d5d342172678d794d,0.7816091954022989,0.6201175396452034,1008,0.08134920634920635,NONE,0
1448893,ESNT,essent,2020,1129.0,891.0,0.0,958.0,779.0,601.0,160,17,0.39603960396039606,6752e69d6ebc246e5369e53b5493b1c51f51433551b895d3c67b2e427520e39e,0.3333333333333333,2.065019878059123,1008,0.15873015873015872,SINGLE_TOKEN_SEMANTIC_RISK,1
906345,CPT,camden property trust,2200,1289.0,911.0,0.0,1124.0,743.0,337.0,137,26,0.44636363636363635,7276994fe3b691a33351d3624d75910566c16617a432697d5d342172678d794d,0.23659305993690852,2.463924304965653,1008,0.1359126984126984,NONE,0
795403,WTS,watts water technologies,2706,996.0,1710.0,0.0,849.0,1224.0,293.0,109,26,0.27161862527716185,7276994fe3b691a33351d3624d75910566c16617a432697d5d342172678d794d,0.3010204081632653,2.547879772226894,1008,0.10813492063492064,NONE,0
1557746,ACRS,aclaris therapeutics,440,130.0,310.0,0.0,87.0,240.0,186.0,30,6,0.015909090909090907,b760b1294f1c1c3c7acaf7968447dba9b64ee4ce0b10d6aa81600f9526801e12,0.3611111111111111,1.5405501018039764,1008,0.02976190476190476,NONE,0
1591698,PCTY,paylocity,2165,1336.0,829.0,0.0,989.0,813.0,751.0,198,17,0.4780600461893764,7a760386ea72c5ddae3e4604fdc5f7fa942ad00c5db2a3d8dffc6bcb5912ebdf,0.25301204819277107,2.1488801890426887,1008,0.19642857142857142,SINGLE_TOKEN_SEMANTIC_RISK,1
314808,VAL,valaris,1106,464.0,642.0,0.0,470.0,339.0,649.0,121,8,0.3716094032549729,7276994fe3b691a33351d3624d75910566c16617a432697d5d342172678d794d,0.32972972972972975,1.630344992012131,800,0.15125,SINGLE_TOKEN_SEMANTIC_RISK,1
1071438,BAK,braskem sa,1301,77.0,1224.0,0.0,76.0,1062.0,43.0,18,6,0.40737893927747887,7a760386ea72c5ddae3e4604fdc5f7fa942ad00c5db2a3d8dffc6bcb5912ebdf,0.36,1.5293795628723184,1008,0.017857142857142856,NONE,0
1536196,CANF,can fite biopharma,771,312.0,459.0,0.0,321.0,243.0,304.0,66,14,0.39040207522697795,7276994fe3b691a33351d3624d75910566c16617a432697d5d342172678d794d,0.3442622950819672,1.9841946134051958,1008,0.06547619047619048,NONE,0
788784,PEG,public service enterprise,4732,1892.0,2840.0,0.0,1648.0,2211.0,1088.0,237,37,0.3548182586644125,7a760386ea72c5ddae3e4604fdc5f7fa942ad00c5db2a3d8dffc6bcb5912ebdf,0.31484502446982054,2.5661290818249145,1008,0.23511904761904762,NONE,0
1406587,FOR,forestar,1271,866.0,405.0,0.0,771.0,410.0,232.0,86,21,0.3752950432730134,7276994fe3b691a33351d3624d75910566c16617a432697d5d342172678d794d,0.23423423423423423,2.3409492272920964,1008,0.08531746031746032,SINGLE_TOKEN_SEMANTIC_RISK,1
1408710,FN,fabrinet,3069,1622.0,1447.0,0.0,1111.0,1307.0,640.0,151,36,0.3805799934832193,7276994fe3b691a33351d3624d75910566c16617a432697d5d342172678d794d,0.22560975609756098,2.5719398269916227,1008,0.1498015873015873,SINGLE_TOKEN_SEMANTIC_RISK,1
1411207,ALSN,allison transmission,4057,1802.0,2255.0,0.0,1270.0,1734.0,945.0,261,35,0.464136061128913,7a760386ea72c5ddae3e4604fdc5f7fa942ad00c5db2a3d8dffc6bcb5912ebdf,0.2623655913978495,2.3975493612325773,1008,0.25892857142857145,NONE,0
1031203,GPI,1 automotive,2867,1814.0,1053.0,0.0,1473.0,902.0,624.0,164,32,0.25706313219393095,7a760386ea72c5ddae3e4604fdc5f7fa942ad00c5db2a3d8dffc6bcb5912ebdf,0.3614190687361419,2.318745852209776,1008,0.1626984126984127,NONE,0
1133869,CAPR,capricor therapeutics,622,232.0,390.0,0.0,143.0,402.0,250.0,24,3,0.1977491961414791,6d85c5fcd083a75f7715c2add959f733b76cef5669e291147c7bb4af1f38a75b,0.4375,0.9832739442463889,1008,0.023809523809523808,NONE,0
915840,BZH,beazer homes usa,2415,644.0,1771.0,0.0,561.0,1327.0,475.0,139,23,0.35859213250517596,7276994fe3b691a33351d3624d75910566c16617a432697d5d342172678d794d,0.25555555555555554,2.4982929036796784,1008,0.1378968253968254,NONE,0
1040161,PXLW,pixelworks,838,514.0,324.0,0.0,422.0,322.0,134.0,35,5,0.1801909307875895,7a760386ea72c5ddae3e4604fdc5f7fa942ad00c5db2a3d8dffc6bcb5912ebdf,0.6,1.196453821910636,1008,0.034722222222222224,SINGLE_TOKEN_SEMANTIC_RISK,1
724742,TPHS,trinity place,91,64.0,27.0,0.0,46.0,29.0,34.0,5,2,0.06593406593406594,b760b1294f1c1c3c7acaf7968447dba9b64ee4ce0b10d6aa81600f9526801e12,0.7272727272727273,0.5859526183035508,1008,0.00496031746031746,NONE,0
714310,VLY,valley national bancorp,1991,934.0,1057.0,0.0,13.0,1706.0,390.0,103,25,0.30487192365645405,7276994fe3b691a33351d3624d75910566c16617a432697d5d342172678d794d,0.3387096774193548,2.260789411550307,1008,0.10218253968253968,NONE,0
943452,WAB,westinghouse air brake technologies,1647,605.0,1042.0,0.0,385.0,667.0,378.0,103,12,0.28536733454766244,b760b1294f1c1c3c7acaf7968447dba9b64ee4ce0b10d6aa81600f9526801e12,0.6292134831460674,1.367334802278299,1008,0.10218253968253968,NONE,0
1530249,FSBW,fs bancorp,626,378.0,248.0,0.0,0.0,588.0,193.0,56,10,0.5095846645367412,7276994fe3b691a33351d3624d75910566c16617a432697d5d342172678d794d,0.2897196261682243,1.8796131268223737,1008,0.05555555555555555,NONE,0
1380936,GOF,guggenheim strategic opportunities fund,221,122.0,99.0,0.0,37.0,110.0,65.0,44,3,0.48868778280542985,7276994fe3b691a33351d3624d75910566c16617a432697d5d342172678d794d,0.875,0.4563344322932884,1008,0.04365079365079365,PUBLISHER_CONCENTRATION_GE_80_PERCENT,1
855886,PDT,john hancock premium dividend fund,177,153.0,24.0,0.0,114.0,63.0,46.0,16,3,0.4632768361581921,7276994fe3b691a33351d3624d75910566c16617a432697d5d342172678d794d,0.7096774193548387,0.7037140977973515,1008,0.015873015873015872,NONE,0
1411342,EFC,ellington financial,1563,1018.0,545.0,0.0,892.0,605.0,493.0,133,19,0.4273832373640435,7276994fe3b691a33351d3624d75910566c16617a432697d5d342172678d794d,0.5272727272727272,1.795967263467709,1008,0.13194444444444445,NONE,0
906465,QCRH,qcr holdings inc,587,183.0,404.0,0.0,147.0,402.0,236.0,45,1,0.19931856899488926,b760b1294f1c1c3c7acaf7968447dba9b64ee4ce0b10d6aa81600f9526801e12,1.0,-0.0,1008,0.044642857142857144,PUBLISHER_CONCENTRATION_GE_80_PERCENT,1
6845,APOG,apogee enterprises,2034,910.0,1124.0,0.0,583.0,1192.0,545.0,132,28,0.3997050147492625,b760b1294f1c1c3c7acaf7968447dba9b64ee4ce0b10d6aa81600f9526801e12,0.1896551724137931,2.5142864084860763,1008,0.13095238095238096,NONE,0
1024672,ELTK,eltek,1285,1120.0,165.0,0.0,1086.0,182.0,264.0,32,12,0.2077821011673152,7276994fe3b691a33351d3624d75910566c16617a432697d5d342172678d794d,0.3671875,1.7419423780561607,1008,0.031746031746031744,SINGLE_TOKEN_SEMANTIC_RISK,1
1481792,QUAD,quad graphics,1247,1082.0,165.0,0.0,959.0,248.0,346.0,96,19,0.4442662389735365,7276994fe3b691a33351d3624d75910566c16617a432697d5d342172678d794d,0.3281853281853282,2.1356113276287605,1008,0.09523809523809523,NONE,0
1557523,PGZ,principal real estate income fund,122,106.0,16.0,0.0,48.0,67.0,55.0,33,3,0.5983606557377049,7276994fe3b691a33351d3624d75910566c16617a432697d5d342172678d794d,0.5714285714285714,0.8760057656431737,1008,0.03273809523809524,NONE,0
891290,RFI,cohen steers total return realty fund,149,91.0,58.0,0.0,0.0,138.0,54.0,12,2,0.1342281879194631,b760b1294f1c1c3c7acaf7968447dba9b64ee4ce0b10d6aa81600f9526801e12,0.5714285714285714,0.6829081047004717,1008,0.011904761904761904,NONE,0
1046568,PRDO,perdoceo education,483,171.0,312.0,0.0,21.0,265.0,76.0,30,1,0.2919254658385093,b760b1294f1c1c3c7acaf7968447dba9b64ee4ce0b10d6aa81600f9526801e12,1.0,-0.0,1008,0.02976190476190476,PUBLISHER_CONCENTRATION_GE_80_PERCENT,1
1626971,CRVS,corvus pharmaceuticals,470,104.0,366.0,0.0,46.0,305.0,173.0,27,2,0.19148936170212766,7276994fe3b691a33351d3624d75910566c16617a432697d5d342172678d794d,0.625,0.6615632381579821,1008,0.026785714285714284,NONE,0
1504619,PFLT,pennantpark floating rate capital,1256,633.0,623.0,0.0,655.0,483.0,243.0,105,12,0.428343949044586,b760b1294f1c1c3c7acaf7968447dba9b64ee4ce0b10d6aa81600f9526801e12,0.4246575342465753,1.569818868285893,1008,0.10416666666666667,NONE,0
1298675,CUBE,u store it trust,65,60.0,5.0,0.0,60.0,2.0,0.0,0,1,0.0,899feb94f03b699155327981274efda4d980eba15273b69e3928a653287f0f0a,1.0,-0.0,1008,0.0,NONE,0
1001115,GEOS,geospace technologies,600,483.0,117.0,0.0,423.0,164.0,160.0,48,14,0.4866666666666667,7276994fe3b691a33351d3624d75910566c16617a432697d5d342172678d794d,0.38461538461538464,1.7984071598957196,1008,0.047619047619047616,NONE,0
1080720,GUT,gabelli utility trust,202,148.0,54.0,0.0,95.0,76.0,45.0,32,4,0.400990099009901,08f472aed74b038b1cd05a1e3cd5afd5b1a5ccd3c9ab2b14bf706239f26376a8,0.4,1.3321790402101223,1008,0.031746031746031744,NONE,0
2119322,DMRC,digimarc,1028,882.0,146.0,0.0,792.0,206.0,217.0,55,13,0.3453307392996109,7276994fe3b691a33351d3624d75910566c16617a432697d5d342172678d794d,0.3167701863354037,1.9833309889125283,1008,0.054563492063492064,SINGLE_TOKEN_SEMANTIC_RISK,1
1263994,UTG,reaves utility income fund,342,253.0,89.0,0.0,216.0,93.0,63.0,31,6,0.3304093567251462,b760b1294f1c1c3c7acaf7968447dba9b64ee4ce0b10d6aa81600f9526801e12,0.45454545454545453,1.4059404255713561,1008,0.030753968253968252,NONE,0
1228454,BCBP,bcb bancorp,784,490.0,294.0,0.0,0.0,749.0,278.0,76,11,0.46938775510204084,7276994fe3b691a33351d3624d75910566c16617a432697d5d342172678d794d,0.28695652173913044,1.9098623564451922,1008,0.07539682539682539,NONE,0
886986,TECK,teck cominco,233,228.0,5.0,0.0,231.0,0.0,0.0,0,1,0.0,215816bf42103f1f2b24c168779f1fb0ea3afcb7a2c627e42e0bcd7fe07eb70a,1.0,-0.0,1008,0.0,PUBLISHER_CONCENTRATION_GE_80_PERCENT,1
932695,CYD,china yuchai international,565,462.0,103.0,0.0,413.0,129.0,115.0,40,15,0.3893805309734513,7276994fe3b691a33351d3624d75910566c16617a432697d5d342172678d794d,0.29213483146067415,2.0734882829957284,1008,0.03968253968253968,NONE,0
1430725,GSL,global ship lease,1382,1021.0,361.0,0.0,794.0,476.0,303.0,105,17,0.4905933429811867,7276994fe3b691a33351d3624d75910566c16617a432697d5d342172678d794d,0.3132530120481928,2.051190385947023,1008,0.10416666666666667,NONE,0
1562051,NML,neuberger berman mlp income fund,102,93.0,9.0,0.0,61.0,39.0,21.0,16,1,0.43137254901960786,7276994fe3b691a33351d3624d75910566c16617a432697d5d342172678d794d,1.0,-0.0,1008,0.015873015873015872,PUBLISHER_CONCENTRATION_GE_80_PERCENT,1
1547903,NMIH,nmi holdings inc,1293,146.0,1147.0,0.0,121.0,847.0,340.0,72,3,0.3163186388244393,b760b1294f1c1c3c7acaf7968447dba9b64ee4ce0b10d6aa81600f9526801e12,0.7777777777777778,0.6134329015590849,1008,0.07142857142857142,NONE,0
1281895,RCKT,inotek pharmaceuticals,139,89.0,50.0,0.0,85.0,48.0,0.0,0,2,0.0,1b425b87521ec0ab5e4c02aa6bbf44fa197505a03a1fa7f593d749168cc34d2f,0.8,0.5004024235381879,1008,0.0,PUBLISHER_CONCENTRATION_GE_80_PERCENT,1
1375340,FOF,cohen steers closed end opportunity fund,80,66.0,14.0,0.0,0.0,77.0,30.0,29,1,0.55,7276994fe3b691a33351d3624d75910566c16617a432697d5d342172678d794d,1.0,-0.0,1008,0.028769841269841268,NONE,0
1273441,GTE,goldstrike,365,243.0,122.0,0.0,233.0,62.0,14.0,4,1,0.0,08f472aed74b038b1cd05a1e3cd5afd5b1a5ccd3c9ab2b14bf706239f26376a8,1.0,-0.0,1008,0.003968253968253968,PUBLISHER_CONCENTRATION_GE_80_PERCENT|SINGLE_TOKEN_SEMANTIC_RISK,2
1534675,TGLS,tecnoglass,1601,491.0,1110.0,0.0,149.0,1037.0,196.0,75,4,0.36289818863210493,7276994fe3b691a33351d3624d75910566c16617a432697d5d342172678d794d,0.47368421052631576,1.0535697885910258,1008,0.0744047619047619,SINGLE_TOKEN_SEMANTIC_RISK,1
1158289,JRS,nuveen real estate income fund,44,36.0,8.0,0.0,36.0,2.0,4.0,3,2,0.045454545454545456,7276994fe3b691a33351d3624d75910566c16617a432697d5d342172678d794d,0.5,0.6931471805599453,1008,0.002976190476190476,NONE,0
1541157,AKTX,morria biopharmaceuticals,32,32.0,0.0,0.0,32.0,0.0,0.0,0,0,0.0,,0.0,0.0,1008,0.0,NONE,0
1050140,DSGX,descartes systems,655,143.0,512.0,0.0,88.0,509.0,160.0,57,2,0.23511450381679388,b760b1294f1c1c3c7acaf7968447dba9b64ee4ce0b10d6aa81600f9526801e12,0.6666666666666666,0.6365141682948128,1008,0.05654761904761905,NONE,0
1299969,CHCI,comstock holding companies inc,155,40.0,115.0,0.0,35.0,56.0,50.0,9,2,0.17419354838709677,1b425b87521ec0ab5e4c02aa6bbf44fa197505a03a1fa7f593d749168cc34d2f,0.8,0.5004024235381879,1008,0.008928571428571428,PUBLISHER_CONCENTRATION_GE_80_PERCENT,1
1438569,GRFS,grifols sa,419,71.0,348.0,0.0,59.0,256.0,69.0,17,5,0.24343675417661098,b760b1294f1c1c3c7acaf7968447dba9b64ee4ce0b10d6aa81600f9526801e12,0.7878787878787878,0.7876396458397301,1008,0.016865079365079364,NONE,0
1095052,PLG,platinum metals,50,9.0,41.0,0.0,20.0,8.0,5.0,1,1,0.0,f1589137450bb77bbee39facf9a5974a471d3c5963a981cc9a9fb9214613bff4,1.0,-0.0,1008,0.000992063492063492,NONE,0
946581,TTWO,TTWO,1115,0.0,0.0,1115.0,174.0,941.0,581.0,273,0,0.40179372197309415,,0.0,0.0,1008,0.2708333333333333,SINGLE_TOKEN_SEMANTIC_RISK,1
202058,LHX,LHX,364,0.0,0.0,364.0,32.0,332.0,87.0,46,0,0.2445054945054945,,0.0,0.0,1008,0.04563492063492063,SINGLE_TOKEN_SEMANTIC_RISK,1
1119639,PBR-A,PBR,972,0.0,0.0,972.0,188.0,784.0,130.0,59,3,0.00205761316872428,deb56840b9cdc03f6c4ee4d521ae2d441afded63a6b8dfc35db2427b482be521,0.8823529411764706,0.4283676329729558,1008,0.05853174603174603,PUBLISHER_CONCENTRATION_GE_80_PERCENT|SINGLE_TOKEN_SEMANTIC_RISK,2
726958,CASY,caseys general stores,686,136.0,550.0,0.0,129.0,468.0,266.0,78,2,0.24635568513119532,7a760386ea72c5ddae3e4604fdc5f7fa942ad00c5db2a3d8dffc6bcb5912ebdf,0.7368421052631579,0.5763341277567499,1008,0.07738095238095238,NONE,0
1622345,POLA,polar power,438,28.0,410.0,0.0,15.0,245.0,206.0,19,3,0.0821917808219178,7276994fe3b691a33351d3624d75910566c16617a432697d5d342172678d794d,0.5,0.9743147528693494,1008,0.018849206349206348,NONE,0
1069878,TREX,TREX,423,0.0,0.0,423.0,162.0,261.0,189.0,93,0,0.44680851063829785,,0.0,0.0,1008,0.09226190476190477,SINGLE_TOKEN_SEMANTIC_RISK,1
1114448,NVS,NVS,1426,0.0,0.0,1426.0,234.0,1192.0,794.0,272,3,0.3330995792426367,1b425b87521ec0ab5e4c02aa6bbf44fa197505a03a1fa7f593d749168cc34d2f,0.7333333333333333,0.7647544195674196,1008,0.2698412698412698,SINGLE_TOKEN_SEMANTIC_RISK,1
1488039,ATOS,atossa therapeutics,514,79.0,435.0,0.0,14.0,382.0,377.0,42,1,0.14591439688715954,b760b1294f1c1c3c7acaf7968447dba9b64ee4ce0b10d6aa81600f9526801e12,1.0,-0.0,1008,0.041666666666666664,PUBLISHER_CONCENTRATION_GE_80_PERCENT,1
1383082,DBA,invesco db agriculture fund,206,8.0,198.0,0.0,5.0,65.0,18.0,2,0,0.21359223300970873,,0.0,0.0,1008,0.001984126984126984,NONE,0
890196,MQY,muniyield quality fund,3,0.0,3.0,0.0,0.0,0.0,0.0,0,0,0.3333333333333333,,0.0,0.0,1008,0.0,NONE,0
877212,ZBRA,ZBRA,66,0.0,0.0,66.0,18.0,48.0,0.0,0,1,0.30303030303030304,deb56840b9cdc03f6c4ee4d521ae2d441afded63a6b8dfc35db2427b482be521,1.0,-0.0,1008,0.0,SINGLE_TOKEN_SEMANTIC_RISK,1
921557,RBCAA,republic bancorp inc ky,113,5.0,108.0,0.0,0.0,113.0,58.0,17,1,0.11504424778761062,7276994fe3b691a33351d3624d75910566c16617a432697d5d342172678d794d,1.0,-0.0,1008,0.016865079365079364,PUBLISHER_CONCENTRATION_GE_80_PERCENT,1
1544206,CGBD,carlyle gms finance,51,6.0,45.0,0.0,2.0,47.0,38.0,2,1,0.058823529411764705,cb40aebc8132de85c20e0bdc007ded0bc12e3f7d6b3252cd6cdd67ec47850115,1.0,-0.0,1008,0.001984126984126984,NONE,0
1376321,CNET,zw data action technologies,112,3.0,109.0,0.0,3.0,80.0,79.0,9,0,0.125,,0.0,0.0,1008,0.008928571428571428,NONE,0
1552670,TAOP,taoping,197,21.0,176.0,0.0,17.0,45.0,58.0,17,3,0.1116751269035533,fd7425846ea62437d770cdb9d69a5951ab33b237b3bab17ac568ce2742c7bea3,0.5714285714285714,0.9556998911125343,1008,0.016865079365079364,SINGLE_TOKEN_SEMANTIC_RISK,1
927003,AEIS,AEIS,13,0.0,0.0,13.0,0.0,13.0,0.0,0,0,0.23076923076923078,,0.0,0.0,1008,0.0,SINGLE_TOKEN_SEMANTIC_RISK,1
1706431,VIR,VIR,12,0.0,0.0,12.0,0.0,12.0,8.0,2,0,0.25,,0.0,0.0,581,0.0034423407917383822,SINGLE_TOKEN_SEMANTIC_RISK,1
1768224,ARCT,ARCT,12,0.0,0.0,12.0,3.0,9.0,11.0,4,0,0.16666666666666666,,0.0,0.0,1008,0.003968253968253968,SINGLE_TOKEN_SEMANTIC_RISK,1
1438569,GRFS,GRFS,48,0.0,0.0,48.0,5.0,43.0,40.0,9,0,0.25,,0.0,0.0,1008,0.008928571428571428,SINGLE_TOKEN_SEMANTIC_RISK,1
883948,AUB,union bankshares corp,110,76.0,34.0,0.0,41.0,56.0,63.0,19,3,0.2,b760b1294f1c1c3c7acaf7968447dba9b64ee4ce0b10d6aa81600f9526801e12,0.9428571428571428,0.25864093210673234,1008,0.018849206349206348,PUBLISHER_CONCENTRATION_GE_80_PERCENT,1
908311,CMCT,creative media community trust,27,8.0,19.0,0.0,1.0,26.0,0.0,0,0,0.5925925925925926,,0.0,0.0,1008,0.0,NONE,0
1288847,FIVN,five 9,20,10.0,10.0,0.0,8.0,7.0,0.0,0,0,0.05,,0.0,0.0,1008,0.0,NONE,0
1575965,GLPI,GLPI,160,0.0,0.0,160.0,11.0,149.0,79.0,44,1,0.475,84625ab1a763851f03bf27f1f4f68b3b7efe198626d098151d461cbb0e262da0,1.0,-0.0,1008,0.04365079365079365,PUBLISHER_CONCENTRATION_GE_80_PERCENT|SINGLE_TOKEN_SEMANTIC_RISK,2
1290109,LPL,LPL,8,0.0,0.0,8.0,1.0,7.0,5.0,4,0,0.0,,0.0,0.0,1008,0.003968253968253968,SINGLE_TOKEN_SEMANTIC_RISK,1
910521,DECK,DECK,31,0.0,0.0,31.0,5.0,26.0,7.0,2,1,0.25806451612903225,deb56840b9cdc03f6c4ee4d521ae2d441afded63a6b8dfc35db2427b482be521,1.0,-0.0,1008,0.001984126984126984,SINGLE_TOKEN_SEMANTIC_RISK,1
1140859,COR,COR,139,0.0,0.0,139.0,10.0,129.0,77.0,30,0,0.34532374100719426,,0.0,0.0,1008,0.02976190476190476,SINGLE_TOKEN_SEMANTIC_RISK,1
931427,TGS,TGS,42,0.0,0.0,42.0,5.0,37.0,9.0,6,0,0.21428571428571427,,0.0,0.0,1008,0.005952380952380952,SINGLE_TOKEN_SEMANTIC_RISK,1
1025378,WPC,WPC,33,0.0,0.0,33.0,4.0,29.0,23.0,9,0,0.21212121212121213,,0.0,0.0,1008,0.008928571428571428,SINGLE_TOKEN_SEMANTIC_RISK,1
1684425,PETZ,PETZ,22,0.0,0.0,22.0,0.0,22.0,22.0,10,0,0.13636363636363635,,0.0,0.0,1008,0.00992063492063492,SINGLE_TOKEN_SEMANTIC_RISK,1
1013131,BVN,BVN,74,0.0,0.0,74.0,23.0,51.0,25.0,13,0,0.2972972972972973,,0.0,0.0,1008,0.012896825396825396,SINGLE_TOKEN_SEMANTIC_RISK,1
1159508,DZZ,DGZ,5,0.0,0.0,5.0,0.0,5.0,0.0,0,0,0.0,,0.0,0.0,1008,0.0,SINGLE_TOKEN_SEMANTIC_RISK,1
1495825,GBAB,guggenheim taxable municipal managed duration trust,29,6.0,23.0,0.0,10.0,4.0,10.0,4,1,0.27586206896551724,7276994fe3b691a33351d3624d75910566c16617a432697d5d342172678d794d,1.0,-0.0,1008,0.003968253968253968,NONE,0
842162,LEA,LEA,108,0.0,0.0,108.0,25.0,83.0,37.0,27,0,0.6203703703703703,,0.0,0.0,1008,0.026785714285714284,SINGLE_TOKEN_SEMANTIC_RISK,1
874766,HIG,HIG,76,0.0,0.0,76.0,19.0,57.0,36.0,11,1,0.2894736842105263,84625ab1a763851f03bf27f1f4f68b3b7efe198626d098151d461cbb0e262da0,1.0,-0.0,1008,0.010912698412698412,SINGLE_TOKEN_SEMANTIC_RISK,1
899923,MYGN,MYGN,12,0.0,0.0,12.0,4.0,8.0,0.0,0,1,0.4166666666666667,1b425b87521ec0ab5e4c02aa6bbf44fa197505a03a1fa7f593d749168cc34d2f,1.0,-0.0,1008,0.0,SINGLE_TOKEN_SEMANTIC_RISK,1
1636289,ACV,allianzgi diversified income convertible fund,67,48.0,19.0,0.0,20.0,43.0,34.0,19,0,0.5074626865671642,,0.0,0.0,1008,0.018849206349206348,NONE,0
64472,GENC,gencor industries,62,22.0,40.0,0.0,12.0,45.0,28.0,15,0,0.4032258064516129,,0.0,0.0,1008,0.01488095238095238,NONE,0
1712184,LILAK,LILA,3,0.0,0.0,3.0,1.0,2.0,0.0,0,0,0.0,,0.0,0.0,1008,0.0,SINGLE_TOKEN_SEMANTIC_RISK,1
16160,CALM,CALM,63,0.0,0.0,63.0,54.0,9.0,3.0,1,1,0.9047619047619048,deb56840b9cdc03f6c4ee4d521ae2d441afded63a6b8dfc35db2427b482be521,1.0,-0.0,1008,0.000992063492063492,SINGLE_TOKEN_SEMANTIC_RISK,1
1590715,AREC,AREC,32,0.0,0.0,32.0,8.0,24.0,25.0,14,0,0.46875,,0.0,0.0,1008,0.013888888888888888,SINGLE_TOKEN_SEMANTIC_RISK,1
1169034,BHV,blackrock virginia municipal bond trust,61,61.0,0.0,0.0,15.0,46.0,27.0,21,1,1.0,7276994fe3b691a33351d3624d75910566c16617a432697d5d342172678d794d,1.0,-0.0,1008,0.020833333333333332,NONE,0
818850,NNY,nuveen new york municipal value fund,52,52.0,0.0,0.0,24.0,28.0,24.0,7,1,0.7307692307692307,7276994fe3b691a33351d3624d75910566c16617a432697d5d342172678d794d,1.0,-0.0,1008,0.006944444444444444,NONE,0
1505732,BWFG,bnc financial group inc,2,2.0,0.0,0.0,2.0,0.0,0.0,0,0,0.0,,0.0,0.0,1008,0.0,NONE,0
1062579,DOX,DOX,4,0.0,0.0,4.0,4.0,0.0,4.0,2,2,1.0,babc52a4295806f4e989a4dcdcfca96e8a4054b58bcbd9cab57492d157f49442,0.5,0.6931471805599453,1008,0.001984126984126984,SINGLE_TOKEN_SEMANTIC_RISK,1
944695,THG,allmerica financial,4,4.0,0.0,0.0,4.0,0.0,0.0,0,0,0.0,,0.0,0.0,1008,0.0,NONE,0
1003078,MSM,MSM,15,0.0,0.0,15.0,0.0,15.0,1.0,1,0,0.2,,0.0,0.0,1008,0.000992063492063492,SINGLE_TOKEN_SEMANTIC_RISK,1
1296445,ORA,ORA,13,0.0,0.0,13.0,5.0,8.0,3.0,1,0,0.15384615384615385,,0.0,0.0,1008,0.000992063492063492,SINGLE_TOKEN_SEMANTIC_RISK,1
1637810,FSV,FSV,23,0.0,0.0,23.0,1.0,22.0,22.0,12,0,0.391304347826087,,0.0,0.0,1008,0.011904761904761904,SINGLE_TOKEN_SEMANTIC_RISK,1
1993004,NWE,NWE,41,0.0,0.0,41.0,5.0,36.0,23.0,19,0,0.6341463414634146,,0.0,0.0,1008,0.018849206349206348,SINGLE_TOKEN_SEMANTIC_RISK,1
1639300,OLLI,OLLI,9,0.0,0.0,9.0,0.0,9.0,0.0,0,0,0.2222222222222222,,0.0,0.0,1008,0.0,SINGLE_TOKEN_SEMANTIC_RISK,1
883412,MYI,blackrock muniyield quality fund iii,52,46.0,6.0,0.0,0.0,52.0,11.0,2,2,0.5384615384615384,7276994fe3b691a33351d3624d75910566c16617a432697d5d342172678d794d,0.5555555555555556,0.6869615765973234,1008,0.001984126984126984,NONE,0
1119769,CRNT,CRNT,4,0.0,0.0,4.0,1.0,3.0,4.0,3,0,0.5,,0.0,0.0,1008,0.002976190476190476,SINGLE_TOKEN_SEMANTIC_RISK,1
1000694,NVAX,NVAX,44,0.0,0.0,44.0,40.0,4.0,7.0,3,4,0.9318181818181818,deb56840b9cdc03f6c4ee4d521ae2d441afded63a6b8dfc35db2427b482be521,0.75,0.799902779427117,1008,0.002976190476190476,SINGLE_TOKEN_SEMANTIC_RISK,1
1260563,NFJ,virtus dividend interest premium strategy fund,9,0.0,9.0,0.0,0.0,9.0,0.0,0,0,0.4444444444444444,,0.0,0.0,1008,0.0,NONE,0
1383149,UDN,UDN,20,0.0,0.0,20.0,0.0,20.0,0.0,0,1,0.25,a6b342c58afec58a888d1a4b68a52c5d20d7a65d813f5520038b11b5ef584e03,1.0,-0.0,0,0.0,SINGLE_TOKEN_SEMANTIC_RISK,1
1065078,NTIP,NTIP,8,0.0,0.0,8.0,8.0,0.0,0.0,0,2,1.0,1b425b87521ec0ab5e4c02aa6bbf44fa197505a03a1fa7f593d749168cc34d2f,0.75,0.5623351446188083,1008,0.0,SINGLE_TOKEN_SEMANTIC_RISK,1
1037038,RL,RL,116,0.0,0.0,116.0,116.0,0.0,0.0,0,1,1.0,deb56840b9cdc03f6c4ee4d521ae2d441afded63a6b8dfc35db2427b482be521,1.0,-0.0,1008,0.0,PUBLISHER_CONCENTRATION_GE_80_PERCENT|SINGLE_TOKEN_SEMANTIC_RISK,2
1070985,CXW,CXW,16,0.0,0.0,16.0,6.0,10.0,0.0,0,1,0.375,b760b1294f1c1c3c7acaf7968447dba9b64ee4ce0b10d6aa81600f9526801e12,1.0,-0.0,1008,0.0,SINGLE_TOKEN_SEMANTIC_RISK,1
1085243,VTSI,gamecom,8,8.0,0.0,0.0,8.0,0.0,0.0,0,0,0.0,,0.0,0.0,1008,0.0,SINGLE_TOKEN_SEMANTIC_RISK,1
1089063,DKS,DKS,11,0.0,0.0,11.0,0.0,11.0,2.0,1,0,0.0,,0.0,0.0,1008,0.000992063492063492,SINGLE_TOKEN_SEMANTIC_RISK,1
1270523,ETG,ETG,2,0.0,0.0,2.0,0.0,2.0,0.0,0,0,0.5,,0.0,0.0,1008,0.0,SINGLE_TOKEN_SEMANTIC_RISK,1
1423689,AGNCN,AGNC,11,0.0,0.0,11.0,2.0,9.0,0.0,0,1,0.0,84625ab1a763851f03bf27f1f4f68b3b7efe198626d098151d461cbb0e262da0,1.0,-0.0,1008,0.0,SINGLE_TOKEN_SEMANTIC_RISK,1
1425287,WKHS,WKHS,2,0.0,0.0,2.0,0.0,2.0,2.0,1,0,0.5,,0.0,0.0,1008,0.000992063492063492,SINGLE_TOKEN_SEMANTIC_RISK,1
1090425,LAMR,lamar advertising new,1,1.0,0.0,0.0,0.0,1.0,0.0,0,0,0.0,,0.0,0.0,1008,0.0,NONE,0
1521404,BGH,BGH,2,0.0,0.0,2.0,0.0,2.0,0.0,0,0,0.0,,0.0,0.0,1008,0.0,SINGLE_TOKEN_SEMANTIC_RISK,1
1559991,DFP,flaherty crumrine dynamic preferred income fund,14,0.0,14.0,0.0,3.0,8.0,9.0,3,0,0.35714285714285715,,0.0,0.0,1008,0.002976190476190476,NONE,0
1419945,TNK,TNK,8,0.0,0.0,8.0,8.0,0.0,0.0,0,2,1.0,deb56840b9cdc03f6c4ee4d521ae2d441afded63a6b8dfc35db2427b482be521,0.75,0.5623351446188083,1008,0.0,SINGLE_TOKEN_SEMANTIC_RISK,1
33992,KINS,KINS,1,0.0,0.0,1.0,0.0,1.0,0.0,0,0,1.0,,0.0,0.0,1008,0.0,SINGLE_TOKEN_SEMANTIC_RISK,1
727273,CDZI,CDZI,2,0.0,0.0,2.0,2.0,0.0,2.0,1,1,1.0,08f472aed74b038b1cd05a1e3cd5afd5b1a5ccd3c9ab2b14bf706239f26376a8,1.0,-0.0,1008,0.000992063492063492,SINGLE_TOKEN_SEMANTIC_RISK,1
312070,VXZ,VXZ,3,0.0,0.0,3.0,0.0,3.0,0.0,0,0,0.0,,0.0,0.0,1008,0.0,SINGLE_TOKEN_SEMANTIC_RISK,1
883412,MYI,blackrock muniyield insured fund,3,0.0,3.0,0.0,0.0,0.0,0.0,0,0,0.3333333333333333,,0.0,0.0,1008,0.0,NONE,0
1478888,NBB,nuveen taxable municipal income fund,17,15.0,2.0,0.0,1.0,14.0,14.0,14,0,0.9411764705882353,,0.0,0.0,1008,0.013888888888888888,NONE,0
812801,NUV,NUV,2,0.0,0.0,2.0,0.0,2.0,0.0,0,0,0.5,,0.0,0.0,1008,0.0,SINGLE_TOKEN_SEMANTIC_RISK,1
920427,UNTY,UNTY,13,0.0,0.0,13.0,0.0,13.0,9.0,9,0,1.0,,0.0,0.0,1008,0.008928571428571428,SINGLE_TOKEN_SEMANTIC_RISK,1
909832,COST,costco companies,5,0.0,5.0,0.0,0.0,0.0,0.0,0,0,0.2,,0.0,0.0,1008,0.0,NONE,0
1133416,GALT,GALT,16,0.0,0.0,16.0,16.0,0.0,4.0,1,3,0.75,84625ab1a763851f03bf27f1f4f68b3b7efe198626d098151d461cbb0e262da0,0.5,1.0397207708399179,1008,0.000992063492063492,SINGLE_TOKEN_SEMANTIC_RISK,1
1053092,GLDI,GLDI,12,0.0,0.0,12.0,0.0,12.0,0.0,0,0,0.08333333333333333,,0.0,0.0,1008,0.0,SINGLE_TOKEN_SEMANTIC_RISK,1
1391437,GRX,GRX,1,0.0,0.0,1.0,0.0,1.0,0.0,0,0,0.0,,0.0,0.0,1008,0.0,SINGLE_TOKEN_SEMANTIC_RISK,1
1282224,DLPN,maximum awards,6,0.0,6.0,0.0,4.0,2.0,0.0,0,0,0.0,,0.0,0.0,1008,0.0,NONE,0
71508,ENO,new orleans public service,2,0.0,2.0,0.0,0.0,2.0,0.0,0,0,0.0,,0.0,0.0,1008,0.0,NONE,0
1278680,IAU,IAU,1,0.0,0.0,1.0,1.0,0.0,0.0,0,0,1.0,,0.0,0.0,1008,0.0,SINGLE_TOKEN_SEMANTIC_RISK,1
876437,MTG,MTG,4,0.0,0.0,4.0,2.0,2.0,0.0,0,2,1.0,84625ab1a763851f03bf27f1f4f68b3b7efe198626d098151d461cbb0e262da0,0.5,0.6931471805599453,1008,0.0,SINGLE_TOKEN_SEMANTIC_RISK,1
1512499,LIND,capitol acquisition ii,1,0.0,1.0,0.0,0.0,1.0,0.0,0,0,0.0,,0.0,0.0,1008,0.0,NONE,0
1175151,CTSO,CTSO,2,0.0,0.0,2.0,2.0,0.0,0.0,0,1,1.0,84625ab1a763851f03bf27f1f4f68b3b7efe198626d098151d461cbb0e262da0,1.0,-0.0,1008,0.0,SINGLE_TOKEN_SEMANTIC_RISK,1
1362190,AEYE,AEYE,1,0.0,0.0,1.0,0.0,1.0,1.0,1,0,0.0,,0.0,0.0,1008,0.000992063492063492,SINGLE_TOKEN_SEMANTIC_RISK,1
1318605,TSLA,tesla,108328,31968.0,76360.0,0.0,21955.0,47750.0,19428.0,1243,161,0.1000756960342663,6752e69d6ebc246e5369e53b5493b1c51f51433551b895d3c67b2e427520e39e,0.23875217499378573,2.970417574080893,1008,1.0,EDGE_COUNT_TOP_1_PERCENT|IMPLAUSIBLY_HIGH_TRAINING_DAY_COVERAGE|SINGLE_TOKEN_SEMANTIC_RISK,3
879407,ARWR,interactive,71958,30815.0,41143.0,0.0,27661.0,24589.0,10488.0,1128,98,1.3896995469579478e-05,7a760386ea72c5ddae3e4604fdc5f7fa942ad00c5db2a3d8dffc6bcb5912ebdf,0.20028060329708874,2.764002296173891,1008,1.0,EDGE_COUNT_TOP_1_PERCENT|IMPLAUSIBLY_HIGH_TRAINING_DAY_COVERAGE|SINGLE_TOKEN_SEMANTIC_RISK,3
1280263,AMBA,ambarella,5302,2982.0,2320.0,0.0,1679.0,2934.0,1177.0,282,43,0.30592229347416067,6752e69d6ebc246e5369e53b5493b1c51f51433551b895d3c67b2e427520e39e,0.32217090069284066,2.672303722865951,1008,0.27976190476190477,SINGLE_TOKEN_SEMANTIC_RISK,1
1571996,DELL,dell technologies,5133,912.0,4221.0,0.0,599.0,3202.0,1099.0,279,13,0.1948178453146308,b760b1294f1c1c3c7acaf7968447dba9b64ee4ce0b10d6aa81600f9526801e12,0.6313131313131313,1.3974884854688228,1008,0.2767857142857143,NONE,0
1070412,CNX,consol energy,5779,2923.0,2856.0,0.0,2305.0,2225.0,390.0,101,52,0.29416854127011594,7a760386ea72c5ddae3e4604fdc5f7fa942ad00c5db2a3d8dffc6bcb5912ebdf,0.20028612303290416,2.808434434231155,1008,0.1001984126984127,NONE,0
1037038,RL,polo ralph lauren,928,616.0,312.0,0.0,537.0,247.0,2.0,1,28,0.34913793103448276,8294547e9fe9367f291a22598513d897928d1a0eeb713ca2b41f31977192c5d1,0.20930232558139536,2.7350106911311762,1008,0.000992063492063492,NONE,0
1525221,VTOL,bristow,2784,969.0,1815.0,0.0,1195.0,732.0,331.0,91,13,0.008620689655172414,7276994fe3b691a33351d3624d75910566c16617a432697d5d342172678d794d,0.5874125874125874,1.5624596341741135,1008,0.09027777777777778,SINGLE_TOKEN_SEMANTIC_RISK,1
1521332,APTV,delphi automotive,1721,978.0,743.0,0.0,855.0,712.0,19.0,13,29,0.002905287623474724,7276994fe3b691a33351d3624d75910566c16617a432697d5d342172678d794d,0.2027491408934708,2.479859542467393,1008,0.012896825396825396,NONE,0
911971,TK,teekay,6013,4246.0,1767.0,0.0,2778.0,2693.0,1428.0,232,46,0.030600365873939796,7276994fe3b691a33351d3624d75910566c16617a432697d5d342172678d794d,0.42342342342342343,2.1104372420426043,1008,0.23015873015873015,SINGLE_TOKEN_SEMANTIC_RISK,1
1627223,CC,chemours,4348,1343.0,3005.0,0.0,782.0,2185.0,827.0,235,16,0.33233670653173875,7a760386ea72c5ddae3e4604fdc5f7fa942ad00c5db2a3d8dffc6bcb5912ebdf,0.3985239852398524,1.6961116154772102,1008,0.23313492063492064,SINGLE_TOKEN_SEMANTIC_RISK,1
1378590,BLIN,bridgeline digital,942,629.0,313.0,0.0,590.0,286.0,265.0,57,13,0.39596602972399153,7276994fe3b691a33351d3624d75910566c16617a432697d5d342172678d794d,0.24475524475524477,2.1225939401520235,1008,0.05654761904761905,NONE,0
899751,TWI,titan international,2377,1447.0,930.0,0.0,1092.0,964.0,158.0,46,7,0.16491375683634835,7a760386ea72c5ddae3e4604fdc5f7fa942ad00c5db2a3d8dffc6bcb5912ebdf,0.3472222222222222,1.5882402496808672,1008,0.04563492063492063,NONE,0
1046179,TSM,taiwan semiconductor manufacturing,15793,974.0,14819.0,0.0,1275.0,7698.0,2374.0,576,22,0.2190844044829988,b760b1294f1c1c3c7acaf7968447dba9b64ee4ce0b10d6aa81600f9526801e12,0.4555984555984556,1.7565175759639462,1008,0.5714285714285714,NONE,0
890926,RDN,radian,4363,2813.0,1550.0,0.0,2147.0,1710.0,694.0,178,35,0.16112766445106577,7a760386ea72c5ddae3e4604fdc5f7fa942ad00c5db2a3d8dffc6bcb5912ebdf,0.3129496402877698,2.557613497204057,1008,0.1765873015873016,SINGLE_TOKEN_SEMANTIC_RISK,1
1025996,KRC,kilroy realty,1960,1420.0,540.0,0.0,1202.0,540.0,425.0,162,29,0.4596938775510204,7a760386ea72c5ddae3e4604fdc5f7fa942ad00c5db2a3d8dffc6bcb5912ebdf,0.2006172839506173,2.571222460541089,1008,0.16071428571428573,NONE,0
1494904,GBLI,global indemnity,1158,866.0,292.0,0.0,792.0,348.0,103.0,46,12,0.2694300518134715,7a760386ea72c5ddae3e4604fdc5f7fa942ad00c5db2a3d8dffc6bcb5912ebdf,0.38848920863309355,1.781163745426882,1008,0.04563492063492063,NONE,0
1001385,NWPX,northwest pipe,962,695.0,267.0,0.0,609.0,258.0,248.0,82,19,0.48336798336798337,7276994fe3b691a33351d3624d75910566c16617a432697d5d342172678d794d,0.21164021164021163,2.1704926330208107,1008,0.08134920634920635,NONE,0
3545,ALCO,alico,1355,896.0,459.0,0.0,795.0,476.0,171.0,60,22,0.2730627306273063,7276994fe3b691a33351d3624d75910566c16617a432697d5d342172678d794d,0.28901734104046245,2.2196272855245343,1008,0.05952380952380952,SINGLE_TOKEN_SEMANTIC_RISK,1
1014739,OPCH,bioscrip,1719,1476.0,243.0,0.0,1294.0,403.0,289.0,56,28,0.1012216404886562,7a760386ea72c5ddae3e4604fdc5f7fa942ad00c5db2a3d8dffc6bcb5912ebdf,0.3333333333333333,2.2688520113403365,1008,0.05555555555555555,SINGLE_TOKEN_SEMANTIC_RISK,1
1384101,VCYT,veracyte,1049,720.0,329.0,0.0,559.0,385.0,450.0,110,18,0.36987607244995235,bc866712ec3d41f918d736dba6181bfae8068e106956a8f51e7e26914276ce1e,0.29411764705882354,2.089058388915389,1008,0.10912698412698413,SINGLE_TOKEN_SEMANTIC_RISK,1
1571996,DELL,denali,1421,890.0,531.0,0.0,565.0,543.0,422.0,52,13,0.0,bc866712ec3d41f918d736dba6181bfae8068e106956a8f51e7e26914276ce1e,0.5775401069518716,1.3365550969677116,1008,0.051587301587301584,SINGLE_TOKEN_SEMANTIC_RISK,1
1393434,OCUL,ocular therapeutix,1281,950.0,331.0,0.0,840.0,374.0,491.0,114,24,0.5620608899297423,7276994fe3b691a33351d3624d75910566c16617a432697d5d342172678d794d,0.2627118644067797,2.318204666929835,1008,0.1130952380952381,NONE,0
1581068,BRX,brixmor property,1575,937.0,638.0,0.0,777.0,615.0,447.0,147,22,0.41904761904761906,7276994fe3b691a33351d3624d75910566c16617a432697d5d342172678d794d,0.21864951768488747,2.3877639735429392,1008,0.14583333333333334,NONE,0
886982,GS,GS,22,0.0,0.0,22.0,6.0,16.0,8.0,4,5,0.18181818181818182,912082d9d1d10594c877a88a4fee42b0b0a62956e8b8e518eb549a6e9c29e235,0.42857142857142855,1.4750763110546947,1008,0.003968253968253968,SINGLE_TOKEN_SEMANTIC_RISK,1
45919,HHS,harte hanks,1696,1428.0,268.0,0.0,1271.0,353.0,164.0,39,23,0.36202830188679247,7276994fe3b691a33351d3624d75910566c16617a432697d5d342172678d794d,0.23949579831932774,2.3716821487130963,1008,0.03869047619047619,NONE,0
1486957,BWXT,babcock wilcox,1359,709.0,650.0,0.0,530.0,600.0,180.0,35,28,0.0007358351729212656,7a760386ea72c5ddae3e4604fdc5f7fa942ad00c5db2a3d8dffc6bcb5912ebdf,0.27040816326530615,2.4497385526582978,1008,0.034722222222222224,NONE,0
1488039,ATOS,atossa genetics,536,418.0,118.0,0.0,346.0,171.0,91.0,15,6,0.04477611940298507,7276994fe3b691a33351d3624d75910566c16617a432697d5d342172678d794d,0.59375,1.2763622854691958,1008,0.01488095238095238,NONE,0
1438133,TNDM,tandem diabetes care,1914,960.0,954.0,0.0,764.0,793.0,771.0,202,18,0.4346917450365726,7276994fe3b691a33351d3624d75910566c16617a432697d5d342172678d794d,0.1832797427652733,2.347133791366851,1008,0.2003968253968254,NONE,0
913142,BDC,belden,2700,2065.0,635.0,0.0,1836.0,690.0,451.0,126,30,0.4088888888888889,7276994fe3b691a33351d3624d75910566c16617a432697d5d342172678d794d,0.2632850241545894,2.402895694778699,1008,0.125,SINGLE_TOKEN_SEMANTIC_RISK,1
1368493,CAF,morgan stanley china a share fund,98,70.0,28.0,0.0,63.0,18.0,7.0,4,3,0.11224489795918367,b760b1294f1c1c3c7acaf7968447dba9b64ee4ce0b10d6aa81600f9526801e12,0.5,1.0397207708399179,1008,0.003968253968253968,NONE,0
1479419,KALA,kala pharmaceuticals,530,127.0,403.0,0.0,101.0,292.0,178.0,36,4,0.24528301886792453,b760b1294f1c1c3c7acaf7968447dba9b64ee4ce0b10d6aa81600f9526801e12,0.6111111111111112,1.0399095464305241,1008,0.03571428571428571,NONE,0
2074176,VNOM,viper energy,2375,939.0,1436.0,0.0,567.0,1149.0,712.0,159,17,0.36210526315789476,7276994fe3b691a33351d3624d75910566c16617a432697d5d342172678d794d,0.33221476510067116,2.089296477823703,1008,0.15773809523809523,NONE,0
920148,LH,laboratory of america,162,106.0,56.0,0.0,88.0,30.0,20.0,7,12,0.6049382716049383,a328d6d26983766d80fbb9adc64925a627cc56bb60e124536e235c6bd61bec28,0.18867924528301888,2.172069181858309,1008,0.006944444444444444,NONE,0
1027664,ESLT,elbit systems,2750,1983.0,767.0,0.0,1846.0,563.0,414.0,132,24,0.2883636363636364,84625ab1a763851f03bf27f1f4f68b3b7efe198626d098151d461cbb0e262da0,0.2478134110787172,2.225228896883441,1008,0.13095238095238096,NONE,0
1581804,NVGS,navigator,2703,1617.0,1086.0,0.0,1484.0,638.0,253.0,106,23,0.13910469848316684,7276994fe3b691a33351d3624d75910566c16617a432697d5d342172678d794d,0.25213675213675213,2.482198869325015,1008,0.10515873015873016,SINGLE_TOKEN_SEMANTIC_RISK,1
1397911,LPLA,lpl financial holdings inc,958,137.0,821.0,0.0,91.0,679.0,149.0,79,7,0.0918580375782881,b760b1294f1c1c3c7acaf7968447dba9b64ee4ce0b10d6aa81600f9526801e12,0.28,1.5965762637261103,1008,0.07837301587301587,NONE,0
1370946,OC,owens corning,5390,3194.0,2196.0,0.0,2375.0,2105.0,849.0,221,46,0.3862708719851577,7a760386ea72c5ddae3e4604fdc5f7fa942ad00c5db2a3d8dffc6bcb5912ebdf,0.20618556701030927,2.8107718767893903,1008,0.21924603174603174,NONE,0
1144980,ABG,asbury automotive,2151,1182.0,969.0,0.0,869.0,962.0,455.0,143,27,0.37796373779637377,7a760386ea72c5ddae3e4604fdc5f7fa942ad00c5db2a3d8dffc6bcb5912ebdf,0.25206611570247933,2.509961666883581,1008,0.14186507936507936,NONE,0
1650372,TEAM,atlassian,3798,1295.0,2503.0,0.0,619.0,1992.0,776.0,241,9,0.23433385992627698,6752e69d6ebc246e5369e53b5493b1c51f51433551b895d3c67b2e427520e39e,0.32934131736526945,1.8053914762962755,1008,0.2390873015873016,SINGLE_TOKEN_SEMANTIC_RISK,1
1093691,PLUG,plug power,10204,4856.0,5348.0,0.0,3058.0,4569.0,3043.0,621,46,0.38132105056840454,7276994fe3b691a33351d3624d75910566c16617a432697d5d342172678d794d,0.2244258872651357,2.5531290946868057,1008,0.6160714285714286,NONE,0
1468091,VEON,vimpelcom,4453,3319.0,1134.0,0.0,3291.0,591.0,17.0,6,40,0.0020211093644733886,7276994fe3b691a33351d3624d75910566c16617a432697d5d342172678d794d,0.2024793388429752,2.7194410836766703,1008,0.005952380952380952,SINGLE_TOKEN_SEMANTIC_RISK,1
887225,KEP,korea electric power,1729,354.0,1375.0,0.0,337.0,853.0,173.0,58,9,0.264893001735107,7a760386ea72c5ddae3e4604fdc5f7fa942ad00c5db2a3d8dffc6bcb5912ebdf,0.5806451612903226,1.3971886772561932,1008,0.057539682539682536,NONE,0
1356090,PGEN,precigen,219,44.0,175.0,0.0,28.0,103.0,67.0,24,2,0.3333333333333333,08f472aed74b038b1cd05a1e3cd5afd5b1a5ccd3c9ab2b14bf706239f26376a8,0.75,0.5623351446188083,1008,0.023809523809523808,SINGLE_TOKEN_SEMANTIC_RISK,1
917225,XPL,solitario zinc,13,6.0,7.0,0.0,6.0,1.0,7.0,4,2,0.6153846153846154,08f472aed74b038b1cd05a1e3cd5afd5b1a5ccd3c9ab2b14bf706239f26376a8,0.6666666666666666,0.6365141682948128,1008,0.003968253968253968,NONE,0
1360604,HR,healthcare realty trust,1005,548.0,457.0,0.0,425.0,450.0,142.0,83,2,0.3034825870646766,b760b1294f1c1c3c7acaf7968447dba9b64ee4ce0b10d6aa81600f9526801e12,0.7083333333333334,0.6036372515003262,1008,0.08234126984126984,NONE,0
1472072,CCM,concord medical services,429,143.0,286.0,0.0,127.0,116.0,47.0,10,15,0.31002331002331,7a760386ea72c5ddae3e4604fdc5f7fa942ad00c5db2a3d8dffc6bcb5912ebdf,0.32608695652173914,2.105149067696203,1008,0.00992063492063492,NONE,0
1432364,AZUL,azul sa,371,55.0,316.0,0.0,37.0,254.0,271.0,82,2,0.0,b760b1294f1c1c3c7acaf7968447dba9b64ee4ce0b10d6aa81600f9526801e12,0.96,0.167944147734173,1008,0.08134920634920635,PUBLISHER_CONCENTRATION_GE_80_PERCENT,1
1365767,ALLT,allot,1978,1366.0,612.0,0.0,1207.0,566.0,250.0,69,40,0.3756319514661274,7276994fe3b691a33351d3624d75910566c16617a432697d5d342172678d794d,0.22058823529411764,2.836981260805603,1008,0.06845238095238096,SINGLE_TOKEN_SEMANTIC_RISK,1
1084961,ECPG,encore capital,1724,1174.0,550.0,0.0,1015.0,582.0,412.0,134,22,0.4274941995359629,7a760386ea72c5ddae3e4604fdc5f7fa942ad00c5db2a3d8dffc6bcb5912ebdf,0.30564784053156147,2.1908783261861804,1008,0.13293650793650794,NONE,0
1691445,FINV,ppdai,166,57.0,109.0,0.0,36.0,81.0,103.0,26,2,0.0,7276994fe3b691a33351d3624d75910566c16617a432697d5d342172678d794d,0.8888888888888888,0.34883209584303193,1008,0.025793650793650792,PUBLISHER_CONCENTRATION_GE_80_PERCENT|SINGLE_TOKEN_SEMANTIC_RISK,2
1488139,AMRC,ameresco,1642,1139.0,503.0,0.0,991.0,458.0,380.0,108,28,0.43239951278928135,7276994fe3b691a33351d3624d75910566c16617a432697d5d342172678d794d,0.25475285171102663,2.4990798861657764,1008,0.10714285714285714,SINGLE_TOKEN_SEMANTIC_RISK,1
1596812,ENLV,bioblast pharma,234,201.0,33.0,0.0,188.0,37.0,79.0,12,9,0.038461538461538464,1b425b87521ec0ab5e4c02aa6bbf44fa197505a03a1fa7f593d749168cc34d2f,0.25,1.8377764865881556,1008,0.011904761904761904,NONE,0
1483994,HTHT,china lodging,1411,852.0,559.0,0.0,735.0,497.0,115.0,26,30,0.442239546420978,7a760386ea72c5ddae3e4604fdc5f7fa942ad00c5db2a3d8dffc6bcb5912ebdf,0.18604651162790697,2.6598809655179227,1008,0.025793650793650792,NONE,0
1616862,AXTA,axalta coating systems,4837,1020.0,3817.0,0.0,834.0,3035.0,510.0,157,17,0.18585900351457516,b760b1294f1c1c3c7acaf7968447dba9b64ee4ce0b10d6aa81600f9526801e12,0.2229965156794425,2.2320178501286327,1008,0.15575396825396826,NONE,0
25895,CRWS,crown crafts,869,692.0,177.0,0.0,646.0,186.0,217.0,51,14,0.41657077100115075,7276994fe3b691a33351d3624d75910566c16617a432697d5d342172678d794d,0.4625,1.7435722065030084,1008,0.050595238095238096,NONE,0
1381197,IBKR,IBKR,11,0.0,0.0,11.0,10.0,1.0,0.0,0,1,0.9090909090909091,deb56840b9cdc03f6c4ee4d521ae2d441afded63a6b8dfc35db2427b482be521,1.0,-0.0,1008,0.0,SINGLE_TOKEN_SEMANTIC_RISK,1
788965,HNRG,hallador energy,801,372.0,429.0,0.0,255.0,444.0,147.0,55,14,0.5230961298377028,7276994fe3b691a33351d3624d75910566c16617a432697d5d342172678d794d,0.5754716981132075,1.4993855363951036,1008,0.054563492063492064,NONE,0
1712189,TH,target hospitality,509,111.0,398.0,0.0,28.0,338.0,101.0,16,1,0.32612966601178783,b760b1294f1c1c3c7acaf7968447dba9b64ee4ce0b10d6aa81600f9526801e12,1.0,-0.0,961,0.01664932362122789,PUBLISHER_CONCENTRATION_GE_80_PERCENT,1
1577437,ASC,ardmore shipping,1362,828.0,534.0,0.0,510.0,632.0,305.0,59,18,0.4654919236417034,7276994fe3b691a33351d3624d75910566c16617a432697d5d342172678d794d,0.3236994219653179,2.0672431796832416,1008,0.05853174603174603,NONE,0
916540,DAR,darling international,440,373.0,67.0,0.0,359.0,55.0,2.0,1,23,0.3931818181818182,1b425b87521ec0ab5e4c02aa6bbf44fa197505a03a1fa7f593d749168cc34d2f,0.16049382716049382,2.843501153002105,1008,0.000992063492063492,NONE,0
763563,CHMG,chemung financial,517,323.0,194.0,0.0,238.0,263.0,174.0,71,9,0.5493230174081238,7276994fe3b691a33351d3624d75910566c16617a432697d5d342172678d794d,0.4024390243902439,1.8595597592784439,1008,0.07043650793650794,NONE,0
1442236,QRHC,youchange,44,44.0,0.0,0.0,44.0,0.0,0.0,0,0,0.0,,0.0,0.0,1008,0.0,SINGLE_TOKEN_SEMANTIC_RISK,1
885462,GURE,gulf resources,847,699.0,148.0,0.0,646.0,143.0,168.0,40,14,0.34238488783943327,7276994fe3b691a33351d3624d75910566c16617a432697d5d342172678d794d,0.25675675675675674,2.1277786170333166,1008,0.03968253968253968,NONE,0
1175151,CTSO,cytosorbents,1020,735.0,285.0,0.0,669.0,236.0,329.0,76,15,0.3764705882352941,7276994fe3b691a33351d3624d75910566c16617a432697d5d342172678d794d,0.325,1.9452071892279672,1008,0.07539682539682539,SINGLE_TOKEN_SEMANTIC_RISK,1
1429764,BLNK,car charging,549,431.0,118.0,0.0,413.0,86.0,9.0,6,6,0.00546448087431694,3764309c7226a4c675ab6308c9fd07766ffc180715597507591622a9c6bfdf3b,0.5,1.4735023850806486,1008,0.005952380952380952,NONE,0
1023024,ANIP,biosante pharmaceuticals,510,472.0,38.0,0.0,438.0,59.0,0.0,0,5,0.0,71f1aa6715e3f6290f36094af8b171d3aafc680def234fdfb341d67bf4ce8fcc,0.6666666666666666,0.9499968311799216,1008,0.0,NONE,0
1384195,REI,blanca,579,227.0,352.0,0.0,268.0,110.0,31.0,17,9,0.0,215816bf42103f1f2b24c168779f1fb0ea3afcb7a2c627e42e0bcd7fe07eb70a,0.6,1.5047882836811908,1008,0.016865079365079364,SINGLE_TOKEN_SEMANTIC_RISK,1
1074902,LCNB,lcnb corp,592,259.0,333.0,0.0,216.0,369.0,53.0,12,9,0.07432432432432433,b760b1294f1c1c3c7acaf7968447dba9b64ee4ce0b10d6aa81600f9526801e12,0.2727272727272727,1.7891765696813993,1008,0.011904761904761904,NONE,0
1501103,EDF,stone harbor emerging markets income fund,188,165.0,23.0,0.0,129.0,40.0,52.0,37,3,0.5053191489361702,b760b1294f1c1c3c7acaf7968447dba9b64ee4ce0b10d6aa81600f9526801e12,0.6923076923076923,0.7902679680745903,1008,0.03670634920634921,NONE,0
883237,VRTS,virtus investment partners,1588,722.0,866.0,0.0,597.0,991.0,356.0,93,18,0.3243073047858942,7276994fe3b691a33351d3624d75910566c16617a432697d5d342172678d794d,0.2892561983471074,2.1729999676177565,1008,0.09226190476190477,NONE,0
1661181,ORGO,organogenesis,664,229.0,435.0,0.0,97.0,440.0,321.0,38,1,0.15813253012048192,fd7425846ea62437d770cdb9d69a5951ab33b237b3bab17ac568ce2742c7bea3,1.0,-0.0,1008,0.037698412698412696,PUBLISHER_CONCENTRATION_GE_80_PERCENT|SINGLE_TOKEN_SEMANTIC_RISK,2
799165,DWSN,dawson geophysical,795,647.0,148.0,0.0,604.0,147.0,117.0,29,22,0.41132075471698115,7276994fe3b691a33351d3624d75910566c16617a432697d5d342172678d794d,0.3333333333333333,2.281264923367356,1008,0.028769841269841268,NONE,0
1331875,FNF,fidelity national title,50,32.0,18.0,0.0,25.0,18.0,2.0,1,0,0.12,,0.0,0.0,1008,0.000992063492063492,NONE,0
1368514,ADMA,adma biologics,1568,632.0,936.0,0.0,531.0,379.0,423.0,91,13,0.22767857142857142,08f472aed74b038b1cd05a1e3cd5afd5b1a5ccd3c9ab2b14bf706239f26376a8,0.27225130890052357,1.9971199757891736,1008,0.09027777777777778,NONE,0
1190935,PTY,pimco corporate opportunity fund,87,78.0,9.0,0.0,24.0,63.0,2.0,2,0,0.06896551724137931,,0.0,0.0,1008,0.001984126984126984,NONE,0
1541157,AKTX,celsus therapeutics,186,110.0,76.0,0.0,114.0,23.0,0.0,0,6,0.0,84625ab1a763851f03bf27f1f4f68b3b7efe198626d098151d461cbb0e262da0,0.44,1.431661814016461,1008,0.0,NONE,0
1563696,ETX,eaton vance municipal income term trust,38,38.0,0.0,0.0,36.0,2.0,12.0,6,1,0.3157894736842105,7276994fe3b691a33351d3624d75910566c16617a432697d5d342172678d794d,1.0,-0.0,1008,0.005952380952380952,NONE,0
1278895,CII,blackrock enhanced capital income fund,24,20.0,4.0,0.0,20.0,0.0,16.0,7,1,0.5833333333333334,7276994fe3b691a33351d3624d75910566c16617a432697d5d342172678d794d,1.0,-0.0,1008,0.006944444444444444,NONE,0
1189740,HPF,john hancock preferred income fund ii,60,51.0,9.0,0.0,0.0,53.0,1.0,1,1,0.1,7276994fe3b691a33351d3624d75910566c16617a432697d5d342172678d794d,1.0,-0.0,1008,0.000992063492063492,NONE,0
1508655,TSLX,sixth street specialty lending,172,94.0,78.0,0.0,83.0,70.0,35.0,27,0,0.5058139534883721,,0.0,0.0,1008,0.026785714285714284,NONE,0
1489393,LYB,lyondellbasell industries n v,1440,63.0,1377.0,0.0,47.0,813.0,240.0,84,2,0.03194444444444444,7276994fe3b691a33351d3624d75910566c16617a432697d5d342172678d794d,0.7391304347826086,0.5739644913933235,1008,0.08333333333333333,NONE,0
1650107,CCEP,coca cola europacific partners,633,30.0,603.0,0.0,28.0,69.0,7.0,6,0,0.21169036334913113,,0.0,0.0,1008,0.005952380952380952,NONE,0
1495240,LANDP,LAND,3,0.0,0.0,3.0,0.0,3.0,3.0,1,0,0.0,,0.0,0.0,598,0.0016722408026755853,SINGLE_TOKEN_SEMANTIC_RISK,1
880266,AGCO,agco de,15,12.0,3.0,0.0,6.0,6.0,0.0,0,2,0.4666666666666667,f1589137450bb77bbee39facf9a5974a471d3c5963a981cc9a9fb9214613bff4,0.6,0.6730116670092565,1008,0.0,NONE,0
1644963,ATXI,avenue therapeutics,243,36.0,207.0,0.0,17.0,136.0,131.0,20,2,0.20987654320987653,7a760386ea72c5ddae3e4604fdc5f7fa942ad00c5db2a3d8dffc6bcb5912ebdf,0.6666666666666666,0.6365141682948128,1008,0.01984126984126984,NONE,0
1090872,A,A,139,0.0,0.0,139.0,94.0,45.0,17.0,10,1,0.5683453237410072,deb56840b9cdc03f6c4ee4d521ae2d441afded63a6b8dfc35db2427b482be521,1.0,-0.0,1008,0.00992063492063492,PUBLISHER_CONCENTRATION_GE_80_PERCENT|SINGLE_TOKEN_SEMANTIC_RISK,2
1418121,APLE,APLE,62,0.0,0.0,62.0,3.0,59.0,2.0,1,0,0.06451612903225806,,0.0,0.0,1008,0.000992063492063492,SINGLE_TOKEN_SEMANTIC_RISK,1
1070412,CNX,cnx resources corp,427,19.0,408.0,0.0,47.0,114.0,101.0,55,1,0.3583138173302108,b760b1294f1c1c3c7acaf7968447dba9b64ee4ce0b10d6aa81600f9526801e12,1.0,-0.0,1008,0.054563492063492064,PUBLISHER_CONCENTRATION_GE_80_PERCENT,1
2058897,CIB,CIB,132,0.0,0.0,132.0,8.0,124.0,7.0,6,0,0.12878787878787878,,0.0,0.0,1008,0.005952380952380952,SINGLE_TOKEN_SEMANTIC_RISK,1
1778114,AIO,virtus artificial intelligence technology opportunities fund,13,1.0,12.0,0.0,0.0,10.0,0.0,0,0,0.23076923076923078,,0.0,0.0,0,0.0,NONE,0
1282224,DLPN,dolphin entertainment,174,19.0,155.0,0.0,7.0,76.0,72.0,22,0,0.22988505747126436,,0.0,0.0,1008,0.021825396825396824,NONE,0
1278680,IAU,ishares comex gold trust,126,20.0,106.0,0.0,47.0,47.0,0.0,0,3,0.23015873015873015,d24cd46da47f5679446106138ee95d4b354e5df7306abdd987c7d2c8f61b776a,0.3333333333333333,1.0986122886681096,1008,0.0,NONE,0
1306550,BGR,blackrock energy resources trust,23,14.0,9.0,0.0,12.0,5.0,12.0,5,1,0.5652173913043478,7276994fe3b691a33351d3624d75910566c16617a432697d5d342172678d794d,1.0,-0.0,1008,0.00496031746031746,NONE,0
1140102,HQI,hirequest,118,53.0,65.0,0.0,0.0,95.0,17.0,16,0,0.5423728813559322,,0.0,0.0,1008,0.015873015873015872,SINGLE_TOKEN_SEMANTIC_RISK,1
759944,CFG,CFG,465,0.0,0.0,465.0,52.0,413.0,148.0,56,0,0.2924731182795699,,0.0,0.0,1008,0.05555555555555555,SINGLE_TOKEN_SEMANTIC_RISK,1
1045520,CM,CM,166,0.0,0.0,166.0,41.0,125.0,46.0,29,1,0.40963855421686746,deb56840b9cdc03f6c4ee4d521ae2d441afded63a6b8dfc35db2427b482be521,1.0,-0.0,1008,0.028769841269841268,PUBLISHER_CONCENTRATION_GE_80_PERCENT|SINGLE_TOKEN_SEMANTIC_RISK,2
1587987,NEWT,newtekone,62,10.0,52.0,0.0,2.0,54.0,0.0,0,0,0.5,,0.0,0.0,1008,0.0,SINGLE_TOKEN_SEMANTIC_RISK,1
1000275,RY,RY,10,0.0,0.0,10.0,4.0,6.0,0.0,0,0,0.2,,0.0,0.0,1008,0.0,SINGLE_TOKEN_SEMANTIC_RISK,1
1075124,TRI,TRI,73,0.0,0.0,73.0,6.0,67.0,44.0,19,0,0.3424657534246575,,0.0,0.0,1008,0.018849206349206348,SINGLE_TOKEN_SEMANTIC_RISK,1
1390777,BNY,BNY,4,0.0,0.0,4.0,1.0,3.0,0.0,0,0,0.5,,0.0,0.0,1008,0.0,SINGLE_TOKEN_SEMANTIC_RISK,1
1517399,SUPV,grupo supervielle s a,134,16.0,118.0,0.0,11.0,51.0,39.0,20,0,0.3582089552238806,,0.0,0.0,1008,0.01984126984126984,NONE,0
1579877,OUT,cbs outdoor americas,67,33.0,34.0,0.0,26.0,38.0,0.0,0,2,0.0,7a760386ea72c5ddae3e4604fdc5f7fa942ad00c5db2a3d8dffc6bcb5912ebdf,0.5,0.6931471805599453,1008,0.0,NONE,0
105132,WDFC,WDFC,202,0.0,0.0,202.0,44.0,158.0,88.0,61,1,0.5891089108910891,08f472aed74b038b1cd05a1e3cd5afd5b1a5ccd3c9ab2b14bf706239f26376a8,1.0,-0.0,1008,0.060515873015873016,PUBLISHER_CONCENTRATION_GE_80_PERCENT|SINGLE_TOKEN_SEMANTIC_RISK,2
26780,DAN,DAN,121,0.0,0.0,121.0,25.0,96.0,63.0,34,0,0.5206611570247934,,0.0,0.0,1008,0.03373015873015873,SINGLE_TOKEN_SEMANTIC_RISK,1
1090425,LAMR,LAMR,41,0.0,0.0,41.0,1.0,40.0,7.0,3,1,0.04878048780487805,899feb94f03b699155327981274efda4d980eba15273b69e3928a653287f0f0a,1.0,-0.0,1008,0.002976190476190476,SINGLE_TOKEN_SEMANTIC_RISK,1
1769731,AMTD,amtd idea,154,7.0,147.0,0.0,5.0,106.0,0.0,0,0,0.17532467532467533,,0.0,0.0,1008,0.0,NONE,0
1069258,KTOS,KTOS,186,0.0,0.0,186.0,12.0,174.0,61.0,31,2,0.25806451612903225,fd7425846ea62437d770cdb9d69a5951ab33b237b3bab17ac568ce2742c7bea3,0.5,0.6931471805599453,1008,0.030753968253968252,SINGLE_TOKEN_SEMANTIC_RISK,1
1383151,UUP,powershares db us dollar index bullish fund,128,14.0,114.0,0.0,1.0,43.0,0.0,0,1,0.328125,7a760386ea72c5ddae3e4604fdc5f7fa942ad00c5db2a3d8dffc6bcb5912ebdf,1.0,-0.0,1008,0.0,PUBLISHER_CONCENTRATION_GE_80_PERCENT,1
1210123,EAD,wells fargo income opportunities fund,54,42.0,12.0,0.0,13.0,38.0,33.0,29,0,0.7222222222222222,,0.0,0.0,1008,0.028769841269841268,NONE,0
827773,PPT,putnam premier income trust,176,130.0,46.0,0.0,60.0,113.0,56.0,37,2,0.6079545454545454,7276994fe3b691a33351d3624d75910566c16617a432697d5d342172678d794d,0.6428571428571429,0.6517565611726531,1008,0.03670634920634921,NONE,0
1258623,EFR,eaton vance senior floating rate fund,40,40.0,0.0,0.0,7.0,33.0,15.0,15,0,1.0,,0.0,0.0,1008,0.01488095238095238,NONE,0
1659939,ENIC,enel chile s a,17,7.0,10.0,0.0,6.0,5.0,5.0,2,0,0.47058823529411764,,0.0,0.0,1008,0.001984126984126984,NONE,0
1161125,BCH,bank of chile,26,0.0,26.0,0.0,2.0,17.0,0.0,0,0,0.0,,0.0,0.0,1008,0.0,NONE,0
824142,AAON,AAON,27,0.0,0.0,27.0,2.0,25.0,13.0,6,0,0.5185185185185185,,0.0,0.0,1008,0.005952380952380952,SINGLE_TOKEN_SEMANTIC_RISK,1
1360901,EVR,EVR,3,0.0,0.0,3.0,0.0,3.0,3.0,1,0,0.3333333333333333,,0.0,0.0,1008,0.000992063492063492,SINGLE_TOKEN_SEMANTIC_RISK,1
733099,RCI,RCI,11,0.0,0.0,11.0,0.0,11.0,0.0,0,0,0.0,,0.0,0.0,1008,0.0,SINGLE_TOKEN_SEMANTIC_RISK,1
1089872,GAIA,GAIA,3,0.0,0.0,3.0,0.0,3.0,2.0,2,0,1.0,,0.0,0.0,1008,0.001984126984126984,SINGLE_TOKEN_SEMANTIC_RISK,1
1508475,VNET,vnet group inc,122,3.0,119.0,0.0,2.0,101.0,7.0,3,0,0.19672131147540983,,0.0,0.0,1008,0.002976190476190476,NONE,0
885590,BHC,BHC,33,0.0,0.0,33.0,6.0,27.0,27.0,12,0,0.2727272727272727,,0.0,0.0,1008,0.011904761904761904,SINGLE_TOKEN_SEMANTIC_RISK,1
1520504,VLRS,VLRS,54,0.0,0.0,54.0,25.0,29.0,27.0,20,0,0.6666666666666666,,0.0,0.0,1008,0.01984126984126984,SINGLE_TOKEN_SEMANTIC_RISK,1
1552275,SUN,SUN,200,0.0,0.0,200.0,137.0,63.0,33.0,17,1,0.745,deb56840b9cdc03f6c4ee4d521ae2d441afded63a6b8dfc35db2427b482be521,1.0,-0.0,1008,0.016865079365079364,PUBLISHER_CONCENTRATION_GE_80_PERCENT|SINGLE_TOKEN_SEMANTIC_RISK,2
1379384,BTZ,blackrock credit allocation income trust,172,128.0,44.0,0.0,115.0,33.0,58.0,37,0,0.47674418604651164,,0.0,0.0,1008,0.03670634920634921,NONE,0
1707303,DOGZ,DOGZ,12,0.0,0.0,12.0,0.0,12.0,6.0,2,0,0.25,,0.0,0.0,1008,0.001984126984126984,SINGLE_TOKEN_SEMANTIC_RISK,1
1114700,GGAL,GGAL,44,0.0,0.0,44.0,0.0,44.0,22.0,11,0,0.4318181818181818,,0.0,0.0,1008,0.010912698412698412,SINGLE_TOKEN_SEMANTIC_RISK,1
920522,ESS,ESS,4,0.0,0.0,4.0,0.0,4.0,3.0,1,0,0.25,,0.0,0.0,1008,0.000992063492063492,SINGLE_TOKEN_SEMANTIC_RISK,1
946486,WINT,WINT,13,0.0,0.0,13.0,0.0,13.0,8.0,5,0,0.3076923076923077,,0.0,0.0,1008,0.00496031746031746,SINGLE_TOKEN_SEMANTIC_RISK,1
914475,NBIX,NBIX,28,0.0,0.0,28.0,26.0,2.0,2.0,1,2,0.8928571428571429,deb56840b9cdc03f6c4ee4d521ae2d441afded63a6b8dfc35db2427b482be521,0.6153846153846154,0.666278442414676,1008,0.000992063492063492,SINGLE_TOKEN_SEMANTIC_RISK,1
909494,TCX,TCX,87,0.0,0.0,87.0,4.0,83.0,53.0,30,0,0.5632183908045977,,0.0,0.0,1008,0.02976190476190476,SINGLE_TOKEN_SEMANTIC_RISK,1
1687451,ZKIN,zk international group co ltd,24,1.0,23.0,0.0,1.0,18.0,14.0,2,0,0.125,,0.0,0.0,1008,0.001984126984126984,NONE,0
1526520,TRIP,TRIP,162,0.0,0.0,162.0,148.0,14.0,5.0,2,1,0.9197530864197531,deb56840b9cdc03f6c4ee4d521ae2d441afded63a6b8dfc35db2427b482be521,1.0,-0.0,1008,0.001984126984126984,PUBLISHER_CONCENTRATION_GE_80_PERCENT|SINGLE_TOKEN_SEMANTIC_RISK,2
1000177,NAT,NAT,126,0.0,0.0,126.0,103.0,23.0,2.0,1,1,0.8888888888888888,deb56840b9cdc03f6c4ee4d521ae2d441afded63a6b8dfc35db2427b482be521,1.0,-0.0,1008,0.000992063492063492,PUBLISHER_CONCENTRATION_GE_80_PERCENT|PUBLISHER_OR_SOURCE_NAME_OVERLAP|SINGLE_TOKEN_SEMANTIC_RISK,3
1420529,AACG,ata creativity global,56,5.0,51.0,0.0,5.0,45.0,29.0,11,0,0.35714285714285715,,0.0,0.0,1008,0.010912698412698412,NONE,0
1222922,EVV,eaton vance duration income fund,14,14.0,0.0,0.0,12.0,2.0,12.0,2,1,0.14285714285714285,b760b1294f1c1c3c7acaf7968447dba9b64ee4ce0b10d6aa81600f9526801e12,1.0,-0.0,1008,0.001984126984126984,NONE,0
1109354,BRKR,BRKR,54,0.0,0.0,54.0,54.0,0.0,0.0,0,1,1.0,deb56840b9cdc03f6c4ee4d521ae2d441afded63a6b8dfc35db2427b482be521,1.0,-0.0,1008,0.0,SINGLE_TOKEN_SEMANTIC_RISK,1
1178839,NBH,neuberger berman intermediate municipal fund,65,64.0,1.0,0.0,22.0,43.0,17.0,9,1,0.8461538461538461,7276994fe3b691a33351d3624d75910566c16617a432697d5d342172678d794d,1.0,-0.0,1008,0.008928571428571428,NONE,0
1228454,BCBP,BCBP,3,0.0,0.0,3.0,0.0,3.0,0.0,0,0,0.3333333333333333,,0.0,0.0,1008,0.0,SINGLE_TOKEN_SEMANTIC_RISK,1
1383650,CQP,CQP,11,0.0,0.0,11.0,0.0,11.0,3.0,1,0,0.18181818181818182,,0.0,0.0,1008,0.000992063492063492,SINGLE_TOKEN_SEMANTIC_RISK,1
4127,SWKS,SWKS,32,0.0,0.0,32.0,0.0,32.0,19.0,8,0,0.28125,,0.0,0.0,1008,0.007936507936507936,SINGLE_TOKEN_SEMANTIC_RISK,1
1037646,MTD,MTD,13,0.0,0.0,13.0,7.0,6.0,10.0,4,1,0.38461538461538464,08f472aed74b038b1cd05a1e3cd5afd5b1a5ccd3c9ab2b14bf706239f26376a8,1.0,-0.0,1008,0.003968253968253968,SINGLE_TOKEN_SEMANTIC_RISK,1
1515671,DPG,duff phelps utility infrastructure fund,5,0.0,5.0,0.0,0.0,0.0,0.0,0,0,0.2,,0.0,0.0,1008,0.0,NONE,0
1616707,W,W,102,0.0,0.0,102.0,98.0,4.0,2.0,1,5,1.0,deb56840b9cdc03f6c4ee4d521ae2d441afded63a6b8dfc35db2427b482be521,0.9019607843137255,0.45135899351612463,1008,0.000992063492063492,PUBLISHER_CONCENTRATION_GE_80_PERCENT|SINGLE_TOKEN_SEMANTIC_RISK,2
1535955,LPCN,marathon bar,2,2.0,0.0,0.0,2.0,0.0,0.0,0,0,0.0,,0.0,0.0,1008,0.0,NONE,0
1113809,BBW,BBW,2,0.0,0.0,2.0,0.0,2.0,2.0,1,0,0.0,,0.0,0.0,1008,0.000992063492063492,SINGLE_TOKEN_SEMANTIC_RISK,1
1043277,CHRW,CHRW,11,0.0,0.0,11.0,6.0,5.0,0.0,0,0,0.2727272727272727,,0.0,0.0,1008,0.0,SINGLE_TOKEN_SEMANTIC_RISK,1
1437578,BFAM,BFAM,4,0.0,0.0,4.0,0.0,4.0,4.0,2,0,0.5,,0.0,0.0,1008,0.001984126984126984,SINGLE_TOKEN_SEMANTIC_RISK,1
1308927,ETB,ETB,1,0.0,0.0,1.0,0.0,1.0,0.0,0,0,1.0,,0.0,0.0,1008,0.0,SINGLE_TOKEN_SEMANTIC_RISK,1
1322436,ETV,ETV,5,0.0,0.0,5.0,4.0,1.0,4.0,1,0,0.2,,0.0,0.0,1008,0.000992063492063492,SINGLE_TOKEN_SEMANTIC_RISK,1
1438423,MRAM,MRAM,1,0.0,0.0,1.0,0.0,1.0,0.0,0,0,0.0,,0.0,0.0,1008,0.0,SINGLE_TOKEN_SEMANTIC_RISK,1
1051470,CCI,CCI,6,0.0,0.0,6.0,6.0,0.0,0.0,0,1,0.3333333333333333,1b425b87521ec0ab5e4c02aa6bbf44fa197505a03a1fa7f593d749168cc34d2f,1.0,-0.0,1008,0.0,SINGLE_TOKEN_SEMANTIC_RISK,1
1749723,NFE,NFE,2,0.0,0.0,2.0,0.0,2.0,2.0,1,0,0.0,,0.0,0.0,737,0.0013568521031207597,SINGLE_TOKEN_SEMANTIC_RISK,1
1219360,PHK,PHK,4,0.0,0.0,4.0,0.0,4.0,4.0,1,0,0.5,,0.0,0.0,1008,0.000992063492063492,SINGLE_TOKEN_SEMANTIC_RISK,1
1386067,EOD,allspring global dividend opportunity fund,2,2.0,0.0,0.0,1.0,1.0,1.0,1,0,1.0,,0.0,0.0,1008,0.000992063492063492,NONE,0
1383441,NIE,virtus equity convertible income fund,6,1.0,5.0,0.0,0.0,3.0,0.0,0,0,0.6666666666666666,,0.0,0.0,1008,0.0,NONE,0
1958140,BATRK,BATRK,4,0.0,0.0,4.0,0.0,4.0,4.0,3,0,0.5,,0.0,0.0,1008,0.002976190476190476,SINGLE_TOKEN_SEMANTIC_RISK,1
1013880,TTEC,TTEC,5,0.0,0.0,5.0,0.0,5.0,2.0,2,0,0.6,,0.0,0.0,1008,0.001984126984126984,SINGLE_TOKEN_SEMANTIC_RISK,1
918251,MPAA,motorcar parts accessories,2,2.0,0.0,0.0,2.0,0.0,0.0,0,0,0.0,,0.0,0.0,1008,0.0,NONE,0
1609804,OEC,OEC,12,0.0,0.0,12.0,5.0,7.0,2.0,2,0,0.4166666666666667,,0.0,0.0,1008,0.001984126984126984,SINGLE_TOKEN_SEMANTIC_RISK,1
1053988,MUJ,blackrock muniholdings new jersey insured fund,29,29.0,0.0,0.0,0.0,29.0,0.0,0,0,1.0,,0.0,0.0,0,0.0,NONE,0
1508475,VNET,VNET,2,0.0,0.0,2.0,2.0,0.0,0.0,0,1,1.0,84625ab1a763851f03bf27f1f4f68b3b7efe198626d098151d461cbb0e262da0,1.0,-0.0,1008,0.0,SINGLE_TOKEN_SEMANTIC_RISK,1
1517302,APAM,APAM,2,0.0,0.0,2.0,0.0,2.0,2.0,1,0,0.0,,0.0,0.0,1008,0.000992063492063492,SINGLE_TOKEN_SEMANTIC_RISK,1
906465,QCRH,QCRH,2,0.0,0.0,2.0,0.0,2.0,2.0,2,0,1.0,,0.0,0.0,1008,0.001984126984126984,SINGLE_TOKEN_SEMANTIC_RISK,1
738214,AMTX,marwich ii,2,2.0,0.0,0.0,2.0,0.0,0.0,0,0,0.0,,0.0,0.0,1008,0.0,NONE,0
1504678,LOOP,LOOP,1,0.0,0.0,1.0,0.0,1.0,0.0,0,0,0.0,,0.0,0.0,1008,0.0,SINGLE_TOKEN_SEMANTIC_RISK,1
1224608,CNO,CNO,1,0.0,0.0,1.0,0.0,1.0,1.0,1,0,1.0,,0.0,0.0,1008,0.000992063492063492,SINGLE_TOKEN_SEMANTIC_RISK,1
1200375,CDXS,CDXS,1,0.0,0.0,1.0,0.0,1.0,1.0,1,0,0.0,,0.0,0.0,1008,0.000992063492063492,SINGLE_TOKEN_SEMANTIC_RISK,1
1318220,WCN,WCN,3,0.0,0.0,3.0,0.0,3.0,0.0,0,0,0.0,,0.0,0.0,1008,0.0,SINGLE_TOKEN_SEMANTIC_RISK,1
1388320,ATNM,cactus ventures,2,2.0,0.0,0.0,2.0,0.0,0.0,0,0,0.0,,0.0,0.0,1008,0.0,NONE,0
1500435,GPRO,gopro,9898,6498.0,3400.0,0.0,4319.0,4053.0,1581.0,332,103,0.44089715093958376,6752e69d6ebc246e5369e53b5493b1c51f51433551b895d3c67b2e427520e39e,0.1337579617834395,3.433170981375653,1008,0.32936507936507936,SINGLE_TOKEN_SEMANTIC_RISK,1
1166691,CCZ,comcast,39318,18187.0,21131.0,0.0,14646.0,15125.0,7113.0,946,95,0.0003815046543567831,7a760386ea72c5ddae3e4604fdc5f7fa942ad00c5db2a3d8dffc6bcb5912ebdf,0.14997170345217883,2.932640328744702,626,1.0,EDGE_COUNT_TOP_1_PERCENT|IMPLAUSIBLY_HIGH_TRAINING_DAY_COVERAGE|SINGLE_TOKEN_SEMANTIC_RISK,3
40545,GE,general electric,41498,10617.0,30881.0,0.0,9114.0,20755.0,8807.0,1016,81,0.1937924719263579,b760b1294f1c1c3c7acaf7968447dba9b64ee4ce0b10d6aa81600f9526801e12,0.22880490296220635,2.7003167364596203,1008,1.0,EDGE_COUNT_TOP_1_PERCENT|IMPLAUSIBLY_HIGH_TRAINING_DAY_COVERAGE,2
320193,AAPL,apple,271000,96785.0,174215.0,0.0,75585.0,107441.0,36787.0,1379,264,0.03378966789667897,6752e69d6ebc246e5369e53b5493b1c51f51433551b895d3c67b2e427520e39e,0.21951119662668359,3.2522042984933766,1008,1.0,COMMON_WORD_PRODUCT_OR_CATEGORY|EDGE_COUNT_TOP_1_PERCENT|IMPLAUSIBLY_HIGH_TRAINING_DAY_COVERAGE|SINGLE_TOKEN_SEMANTIC_RISK,4
1610601,MOMO,hello,9240,1648.0,7592.0,0.0,1946.0,2585.0,1703.0,582,55,0.021212121212121213,7276994fe3b691a33351d3624d75910566c16617a432697d5d342172678d794d,0.23160762942779292,2.9787000783245574,1008,0.5773809523809523,SINGLE_TOKEN_SEMANTIC_RISK,1
812011,MTN,vail resorts,4414,2552.0,1862.0,0.0,1956.0,1796.0,1079.0,282,50,0.44834617127322157,7276994fe3b691a33351d3624d75910566c16617a432697d5d342172678d794d,0.22093023255813954,2.73727079779574,1008,0.27976190476190477,NONE,0
1652044,GOOG,alphabet,93621,13496.0,80125.0,0.0,7189.0,42347.0,14208.0,1273,62,0.09098386045865778,b760b1294f1c1c3c7acaf7968447dba9b64ee4ce0b10d6aa81600f9526801e12,0.36974241930224977,2.3243409661467234,1008,1.0,EDGE_COUNT_TOP_1_PERCENT|IMPLAUSIBLY_HIGH_TRAINING_DAY_COVERAGE|SINGLE_TOKEN_SEMANTIC_RISK,3
1443646,BAH,explorer,13872,2498.0,11374.0,0.0,3771.0,5389.0,570.0,229,43,0.0,215816bf42103f1f2b24c168779f1fb0ea3afcb7a2c627e42e0bcd7fe07eb70a,0.6763425253991292,1.6133265642855703,1008,0.22718253968253968,SINGLE_TOKEN_SEMANTIC_RISK,1
1341439,ORCL,oracle,54235,26552.0,27683.0,0.0,20879.0,21620.0,5833.0,903,157,0.14652899419194249,1b425b87521ec0ab5e4c02aa6bbf44fa197505a03a1fa7f593d749168cc34d2f,0.12269938650306748,3.624839649975487,1008,0.8958333333333334,COMMON_WORD_PRODUCT_OR_CATEGORY|EDGE_COUNT_TOP_1_PERCENT|SINGLE_TOKEN_SEMANTIC_RISK,3
1262039,FTNT,fortinet,10912,5546.0,5366.0,0.0,3916.0,4704.0,2426.0,479,66,0.28619868035190615,7a760386ea72c5ddae3e4604fdc5f7fa942ad00c5db2a3d8dffc6bcb5912ebdf,0.21,2.914542387226723,1008,0.4751984126984127,SINGLE_TOKEN_SEMANTIC_RISK,1
1560385,FWONK,liberty media,4732,2461.0,2271.0,0.0,2178.0,1610.0,256.0,106,49,0.02599323753169907,7a760386ea72c5ddae3e4604fdc5f7fa942ad00c5db2a3d8dffc6bcb5912ebdf,0.1888,2.7998673688626523,1008,0.10515873015873016,NONE,0
1745916,PFSI,pennymac financial services,965,413.0,552.0,0.0,371.0,434.0,391.0,142,12,0.46113989637305697,b760b1294f1c1c3c7acaf7968447dba9b64ee4ce0b10d6aa81600f9526801e12,0.35537190082644626,1.9702514370115491,1008,0.14087301587301587,NONE,0
1160308,SVRA,savara,316,153.0,163.0,0.0,89.0,168.0,175.0,28,6,0.1930379746835443,bc866712ec3d41f918d736dba6181bfae8068e106956a8f51e7e26914276ce1e,0.4666666666666667,1.3428473820849436,1008,0.027777777777777776,SINGLE_TOKEN_SEMANTIC_RISK,1
1527599,SYBX,synlogic,360,115.0,245.0,0.0,83.0,168.0,143.0,32,6,0.20277777777777778,54cdaa1af72fd153cc9dc0d244fb43a089e1f19b0524cbb0e47b632c54047c9d,0.3548387096774194,1.4488404268331865,1008,0.031746031746031744,SINGLE_TOKEN_SEMANTIC_RISK,1
1598665,HRTG,heritage insurance,1048,611.0,437.0,0.0,537.0,410.0,228.0,71,13,0.44083969465648853,7276994fe3b691a33351d3624d75910566c16617a432697d5d342172678d794d,0.3105263157894737,1.9497764875015744,1008,0.07043650793650794,NONE,0
1401914,DARE,cerulean pharma,301,239.0,62.0,0.0,216.0,78.0,0.0,0,10,0.0,7a760386ea72c5ddae3e4604fdc5f7fa942ad00c5db2a3d8dffc6bcb5912ebdf,0.23255813953488372,1.8102387963174187,1008,0.0,NONE,0
1750735,MRBK,meridian,5290,3843.0,1447.0,0.0,3343.0,1482.0,894.0,241,39,0.013232514177693762,b760b1294f1c1c3c7acaf7968447dba9b64ee4ce0b10d6aa81600f9526801e12,0.2540880503144654,2.311215744036177,1008,0.2390873015873016,SINGLE_TOKEN_SEMANTIC_RISK,1
1576940,CCS,century communities,1284,696.0,588.0,0.0,566.0,546.0,679.0,173,12,0.471183800623053,7a760386ea72c5ddae3e4604fdc5f7fa942ad00c5db2a3d8dffc6bcb5912ebdf,0.30303030303030304,1.9282907699658804,1008,0.17162698412698413,NONE,0
1730168,AVGO,broadcom,30715,14322.0,16393.0,0.0,10432.0,12264.0,5779.0,696,108,0.09262575288946769,7a760386ea72c5ddae3e4604fdc5f7fa942ad00c5db2a3d8dffc6bcb5912ebdf,0.17061077304485012,2.9630702274880596,1008,0.6904761904761905,SINGLE_TOKEN_SEMANTIC_RISK,1
1158449,AAP,advance auto parts,6953,3801.0,3152.0,0.0,2678.0,3391.0,1752.0,326,61,0.40615561628074215,7276994fe3b691a33351d3624d75910566c16617a432697d5d342172678d794d,0.16408163265306122,2.8571337243725354,1008,0.32341269841269843,NONE,0
1033767,UMC,united microelectronics,1815,496.0,1319.0,0.0,386.0,885.0,452.0,104,25,0.27603305785123966,84625ab1a763851f03bf27f1f4f68b3b7efe198626d098151d461cbb0e262da0,0.2542372881355932,2.5311077946627627,1008,0.10317460317460317,NONE,0
1513363,FDUS,fidus investment,744,542.0,202.0,0.0,497.0,247.0,208.0,68,16,0.5376344086021505,7276994fe3b691a33351d3624d75910566c16617a432697d5d342172678d794d,0.40236686390532544,1.9175896514843955,1008,0.06746031746031746,NONE,0
1529864,ENVA,enova international,1303,536.0,767.0,0.0,369.0,658.0,584.0,144,12,0.4121258633921719,7a760386ea72c5ddae3e4604fdc5f7fa942ad00c5db2a3d8dffc6bcb5912ebdf,0.5380434782608695,1.4595204191694733,1008,0.14285714285714285,NONE,0
1315257,KOP,koppers,3038,1485.0,1553.0,0.0,1205.0,1193.0,515.0,116,33,0.40125082290980907,7a760386ea72c5ddae3e4604fdc5f7fa942ad00c5db2a3d8dffc6bcb5912ebdf,0.33424657534246577,2.314537900576724,1008,0.11507936507936507,SINGLE_TOKEN_SEMANTIC_RISK,1
903129,THRM,gentherm,1453,948.0,505.0,0.0,781.0,547.0,292.0,87,18,0.5519614590502409,7276994fe3b691a33351d3624d75910566c16617a432697d5d342172678d794d,0.22857142857142856,2.1468570025514984,1008,0.08630952380952381,SINGLE_TOKEN_SEMANTIC_RISK,1
1703956,BBCP,concrete pumping,262,89.0,173.0,0.0,37.0,159.0,95.0,21,3,0.23282442748091603,7276994fe3b691a33351d3624d75910566c16617a432697d5d342172678d794d,0.3888888888888889,1.0893096789558299,1008,0.020833333333333332,NONE,0
7431,AWI,armstrong world industries,2516,1175.0,1341.0,0.0,969.0,1280.0,471.0,151,30,0.39546899841017485,1b425b87521ec0ab5e4c02aa6bbf44fa197505a03a1fa7f593d749168cc34d2f,0.18394648829431437,2.5394131530926005,1008,0.1498015873015873,NONE,0
1324424,EXPE,expedia,13833,6345.0,7488.0,0.0,3982.0,6278.0,2791.0,492,85,0.2243909491794983,6752e69d6ebc246e5369e53b5493b1c51f51433551b895d3c67b2e427520e39e,0.169432918395574,3.0932591093287507,1008,0.4880952380952381,SINGLE_TOKEN_SEMANTIC_RISK,1
875045,BIIB,biogen,24796,11851.0,12945.0,0.0,8826.0,11052.0,5829.0,753,92,0.2706081626068721,7a760386ea72c5ddae3e4604fdc5f7fa942ad00c5db2a3d8dffc6bcb5912ebdf,0.12284927735719202,3.056739810397933,1008,0.7470238095238095,SINGLE_TOKEN_SEMANTIC_RISK,1
882095,GILD,gilead sciences,26851,7068.0,19783.0,0.0,5285.0,14356.0,6415.0,900,81,0.32993184611373877,b760b1294f1c1c3c7acaf7968447dba9b64ee4ce0b10d6aa81600f9526801e12,0.2927650028042625,2.8784782527601553,1008,0.8928571428571429,NONE,0
1746466,EQ,equillium,549,128.0,421.0,0.0,86.0,257.0,321.0,21,4,0.12021857923497267,bc866712ec3d41f918d736dba6181bfae8068e106956a8f51e7e26914276ce1e,0.8064516129032258,0.6592429120275791,831,0.02527075812274368,PUBLISHER_CONCENTRATION_GE_80_PERCENT|SINGLE_TOKEN_SEMANTIC_RISK,2
879169,INCY,incyte,9052,4786.0,4266.0,0.0,3347.0,3546.0,2317.0,409,58,0.3800265134776845,7a760386ea72c5ddae3e4604fdc5f7fa942ad00c5db2a3d8dffc6bcb5912ebdf,0.19758576874205844,2.713874788693529,1008,0.40575396825396826,SINGLE_TOKEN_SEMANTIC_RISK,1
1318220,WCN,waste connections,3313,1922.0,1391.0,0.0,1505.0,1220.0,912.0,218,40,0.442197404165409,7276994fe3b691a33351d3624d75910566c16617a432697d5d342172678d794d,0.16606498194945848,2.6430303715379897,1008,0.21626984126984128,NONE,0
1318220,WCN,iesi bfc,140,134.0,6.0,0.0,134.0,6.0,0.0,0,5,0.0,899feb94f03b699155327981274efda4d980eba15273b69e3928a653287f0f0a,0.5555555555555556,1.303092403761719,1008,0.0,NONE,0
1858681,APO,tango,1673,1063.0,610.0,0.0,1015.0,323.0,83.0,42,22,0.0,215816bf42103f1f2b24c168779f1fb0ea3afcb7a2c627e42e0bcd7fe07eb70a,0.3118279569892473,2.525133957718909,1008,0.041666666666666664,SINGLE_TOKEN_SEMANTIC_RISK,1
887733,CENTA,central garden pet,1961,924.0,1037.0,0.0,642.0,1031.0,297.0,107,17,0.0912799592044875,7a760386ea72c5ddae3e4604fdc5f7fa942ad00c5db2a3d8dffc6bcb5912ebdf,0.5,1.924239590819821,1008,0.10615079365079365,NONE,0
1109354,BRKR,bruker,3497,2766.0,731.0,0.0,2238.0,943.0,798.0,223,39,0.39862739490992277,7a760386ea72c5ddae3e4604fdc5f7fa942ad00c5db2a3d8dffc6bcb5912ebdf,0.3238095238095238,2.4352357505520303,1008,0.22123015873015872,SINGLE_TOKEN_SEMANTIC_RISK,1
1535955,LPCN,lipocine,1274,1094.0,180.0,0.0,940.0,272.0,581.0,84,24,0.4207221350078493,7276994fe3b691a33351d3624d75910566c16617a432697d5d342172678d794d,0.40043763676148797,2.0369564866024006,1008,0.08333333333333333,SINGLE_TOKEN_SEMANTIC_RISK,1
885725,BSX,BSX,35,0.0,0.0,35.0,33.0,2.0,2.0,1,2,0.9428571428571428,deb56840b9cdc03f6c4ee4d521ae2d441afded63a6b8dfc35db2427b482be521,0.9375,0.2337916587064593,1008,0.000992063492063492,SINGLE_TOKEN_SEMANTIC_RISK,1
1596812,ENLV,bio blast pharma,171,125.0,46.0,0.0,97.0,68.0,10.0,2,8,0.12280701754385964,6d85c5fcd083a75f7715c2add959f733b76cef5669e291147c7bb4af1f38a75b,0.3191489361702128,1.8474417543530783,1008,0.001984126984126984,NONE,0
1328919,GASS,stealthgas,606,337.0,269.0,0.0,352.0,189.0,86.0,26,4,0.1551155115511551,54cdaa1af72fd153cc9dc0d244fb43a089e1f19b0524cbb0e47b632c54047c9d,0.3333333333333333,1.286057336874379,1008,0.025793650793650792,SINGLE_TOKEN_SEMANTIC_RISK,1
1521332,APTV,aptiv,2770,795.0,1975.0,0.0,512.0,1265.0,1062.0,285,9,0.22779783393501804,b760b1294f1c1c3c7acaf7968447dba9b64ee4ce0b10d6aa81600f9526801e12,0.6033519553072626,1.044211761746491,1008,0.28273809523809523,SINGLE_TOKEN_SEMANTIC_RISK,1
1082324,VHC,virnetx,1639,1323.0,316.0,0.0,871.0,641.0,214.0,59,45,0.5668090298962782,84625ab1a763851f03bf27f1f4f68b3b7efe198626d098151d461cbb0e262da0,0.2619047619047619,2.7113762270902715,1008,0.05853174603174603,SINGLE_TOKEN_SEMANTIC_RISK,1
1275158,NDLS,noodles,2953,1705.0,1248.0,0.0,1530.0,795.0,513.0,119,27,0.2837792075855063,7276994fe3b691a33351d3624d75910566c16617a432697d5d342172678d794d,0.33585858585858586,2.272072426628042,1008,0.11805555555555555,SINGLE_TOKEN_SEMANTIC_RISK,1
1069202,LII,LII,6,0.0,0.0,6.0,4.0,2.0,2.0,1,1,0.3333333333333333,90a39bc1f5732b0842596544dc634b3d71990701eb6566301c32954b714ace25,1.0,-0.0,1008,0.000992063492063492,SINGLE_TOKEN_SEMANTIC_RISK,1
1533924,AMPY,midstates petroleum,774,649.0,125.0,0.0,626.0,136.0,201.0,36,23,0.003875968992248062,7276994fe3b691a33351d3624d75910566c16617a432697d5d342172678d794d,0.3222748815165877,2.308891639022424,1008,0.03571428571428571,NONE,0
1674335,JELD,jeld wen,442,196.0,246.0,0.0,150.0,214.0,102.0,27,7,0.0,6d85c5fcd083a75f7715c2add959f733b76cef5669e291147c7bb4af1f38a75b,0.275,1.6571403498352641,1008,0.026785714285714284,NONE,0
1641489,VTVT,vtv therapeutics,623,244.0,379.0,0.0,210.0,246.0,261.0,54,10,0.1653290529695024,7276994fe3b691a33351d3624d75910566c16617a432697d5d342172678d794d,0.5,1.5768740822690424,1008,0.05357142857142857,NONE,0
1471265,NWBI,northwest bancshares,1034,656.0,378.0,0.0,492.0,482.0,356.0,101,21,0.46518375241779497,7276994fe3b691a33351d3624d75910566c16617a432697d5d342172678d794d,0.24571428571428572,2.1905707877820593,1008,0.1001984126984127,NONE,0
1434588,LOPE,LOPE,10,0.0,0.0,10.0,4.0,6.0,8.0,4,1,0.4,08f472aed74b038b1cd05a1e3cd5afd5b1a5ccd3c9ab2b14bf706239f26376a8,1.0,-0.0,1008,0.003968253968253968,SINGLE_TOKEN_SEMANTIC_RISK,1
924383,GNSS,genasys,277,84.0,193.0,0.0,13.0,243.0,94.0,21,3,0.20938628158844766,08f472aed74b038b1cd05a1e3cd5afd5b1a5ccd3c9ab2b14bf706239f26376a8,0.5,1.0397207708399179,1008,0.020833333333333332,SINGLE_TOKEN_SEMANTIC_RISK,1
1016838,RDCM,radcom,1028,888.0,140.0,0.0,825.0,170.0,215.0,47,17,0.42217898832684825,7276994fe3b691a33351d3624d75910566c16617a432697d5d342172678d794d,0.4975609756097561,1.812400089486062,1008,0.04662698412698413,SINGLE_TOKEN_SEMANTIC_RISK,1
1082554,UTHR,united therapeutics,4200,2422.0,1778.0,0.0,1913.0,1573.0,1145.0,226,49,0.4257142857142857,7a760386ea72c5ddae3e4604fdc5f7fa942ad00c5db2a3d8dffc6bcb5912ebdf,0.18911917098445596,2.6496253558143863,1008,0.22420634920634921,NONE,0
1314102,EYPT,psivida,1144,1080.0,64.0,0.0,1017.0,114.0,37.0,9,20,0.0,7276994fe3b691a33351d3624d75910566c16617a432697d5d342172678d794d,0.2638888888888889,2.152986303007108,1008,0.008928571428571428,SINGLE_TOKEN_SEMANTIC_RISK,1
935036,ACIW,aci worldwide,2133,1445.0,688.0,0.0,1325.0,622.0,367.0,121,25,0.360056258790436,7276994fe3b691a33351d3624d75910566c16617a432697d5d342172678d794d,0.21554770318021202,2.489800685355748,1008,0.12003968253968254,NONE,0
1403161,V,visa inc,13854,2094.0,11760.0,0.0,1751.0,8084.0,2450.0,480,6,0.25941966219142487,b760b1294f1c1c3c7acaf7968447dba9b64ee4ce0b10d6aa81600f9526801e12,0.98,0.1241009613549664,1008,0.47619047619047616,PUBLISHER_CONCENTRATION_GE_80_PERCENT,1
1418121,APLE,apple hospitality reit,1073,394.0,679.0,0.0,0.0,868.0,209.0,114,3,0.3793103448275862,b760b1294f1c1c3c7acaf7968447dba9b64ee4ce0b10d6aa81600f9526801e12,0.5454545454545454,0.9164648855394713,1008,0.1130952380952381,NONE,0
1296484,TOPS,top ships,1220,868.0,352.0,0.0,697.0,459.0,489.0,88,15,0.4131147540983607,1b425b87521ec0ab5e4c02aa6bbf44fa197505a03a1fa7f593d749168cc34d2f,0.2916666666666667,2.1099088632887155,1008,0.0873015873015873,NONE,0
1119769,CRNT,ceragon networks,1121,746.0,375.0,0.0,673.0,336.0,295.0,71,24,0.5031222123104371,7276994fe3b691a33351d3624d75910566c16617a432697d5d342172678d794d,0.2914798206278027,2.227959910071969,1008,0.07043650793650794,NONE,0
876523,EZPW,ezcorp,1837,1439.0,398.0,0.0,1215.0,519.0,269.0,75,28,0.3995645073489385,7276994fe3b691a33351d3624d75910566c16617a432697d5d342172678d794d,0.25,2.5162291860351127,1008,0.0744047619047619,SINGLE_TOKEN_SEMANTIC_RISK,1
105016,WSO,watsco,3694,2433.0,1261.0,0.0,1960.0,1232.0,695.0,191,33,0.3752030319436925,7a760386ea72c5ddae3e4604fdc5f7fa942ad00c5db2a3d8dffc6bcb5912ebdf,0.33943427620632277,2.309128923386275,1008,0.18948412698412698,SINGLE_TOKEN_SEMANTIC_RISK,1
947484,ACGLO,risk capital,520,65.0,455.0,0.0,140.0,122.0,54.0,36,2,0.0038461538461538464,7276994fe3b691a33351d3624d75910566c16617a432697d5d342172678d794d,0.8,0.5004024235381879,1008,0.03571428571428571,PUBLISHER_CONCENTRATION_GE_80_PERCENT,1
1326732,XNCR,XNCR,2,0.0,0.0,2.0,2.0,0.0,0.0,0,1,1.0,84625ab1a763851f03bf27f1f4f68b3b7efe198626d098151d461cbb0e262da0,1.0,-0.0,1008,0.0,SINGLE_TOKEN_SEMANTIC_RISK,1
874499,GPOR,gulfport energy,2945,1917.0,1028.0,0.0,1746.0,924.0,823.0,179,41,0.4964346349745331,7276994fe3b691a33351d3624d75910566c16617a432697d5d342172678d794d,0.21052631578947367,2.691375126534496,789,0.22686945500633712,NONE,0
1377757,GAU,asanko gold,739,593.0,146.0,0.0,551.0,166.0,200.0,59,12,0.0,7276994fe3b691a33351d3624d75910566c16617a432697d5d342172678d794d,0.36097560975609755,1.8168605598494851,1008,0.05853174603174603,NONE,0
1129137,AMX,america movil sab de cv,381,90.0,291.0,0.0,82.0,149.0,61.0,31,7,0.3359580052493438,b760b1294f1c1c3c7acaf7968447dba9b64ee4ce0b10d6aa81600f9526801e12,0.5405405405405406,1.4460885556242637,1008,0.030753968253968252,NONE,0
43196,GTN-A,gray television,1450,654.0,796.0,0.0,464.0,753.0,321.0,110,10,0.000689655172413793,b760b1294f1c1c3c7acaf7968447dba9b64ee4ce0b10d6aa81600f9526801e12,0.2900763358778626,1.7305034218813036,1008,0.10912698412698413,NONE,0
1623925,AM,AM,17,0.0,0.0,17.0,2.0,15.0,6.0,2,1,0.47058823529411764,b760b1294f1c1c3c7acaf7968447dba9b64ee4ce0b10d6aa81600f9526801e12,1.0,-0.0,1008,0.001984126984126984,SINGLE_TOKEN_SEMANTIC_RISK,1
896264,USNA,usana,1856,1338.0,518.0,0.0,1195.0,520.0,385.0,117,17,0.2807112068965517,1b425b87521ec0ab5e4c02aa6bbf44fa197505a03a1fa7f593d749168cc34d2f,0.30538922155688625,2.2006203671438214,1008,0.11607142857142858,SINGLE_TOKEN_SEMANTIC_RISK,1
796534,NKSH,national bankshares,1051,679.0,372.0,0.0,563.0,446.0,235.0,83,14,0.15128449096098953,7276994fe3b691a33351d3624d75910566c16617a432697d5d342172678d794d,0.3793103448275862,1.9248687991778959,1008,0.08234126984126984,NONE,0
1519401,RM,regional management,1237,810.0,427.0,0.0,681.0,409.0,313.0,90,19,0.42279708973322555,7a760386ea72c5ddae3e4604fdc5f7fa942ad00c5db2a3d8dffc6bcb5912ebdf,0.314410480349345,2.054565459369431,1008,0.08928571428571429,NONE,0
1370053,ANAB,anaptysbio,589,308.0,281.0,0.0,173.0,335.0,181.0,65,6,0.2733446519524618,b760b1294f1c1c3c7acaf7968447dba9b64ee4ce0b10d6aa81600f9526801e12,0.3888888888888889,1.3854034225645129,1008,0.06448412698412699,SINGLE_TOKEN_SEMANTIC_RISK,1
1677250,ZTO,zto express cayman,963,112.0,851.0,0.0,82.0,554.0,296.0,104,2,0.29595015576323985,b760b1294f1c1c3c7acaf7968447dba9b64ee4ce0b10d6aa81600f9526801e12,0.967741935483871,0.1425058673927378,1008,0.10317460317460317,PUBLISHER_CONCENTRATION_GE_80_PERCENT,1
1018840,ANF,ANF,1360,0.0,0.0,1360.0,323.0,1037.0,328.0,114,3,0.40808823529411764,deb56840b9cdc03f6c4ee4d521ae2d441afded63a6b8dfc35db2427b482be521,0.9484536082474226,0.2288375090911017,1008,0.1130952380952381,PUBLISHER_CONCENTRATION_GE_80_PERCENT|SINGLE_TOKEN_SEMANTIC_RISK,2
1476045,CLDT,chatham lodging trust,1173,724.0,449.0,0.0,653.0,415.0,269.0,90,14,0.36231884057971014,7276994fe3b691a33351d3624d75910566c16617a432697d5d342172678d794d,0.45064377682403434,1.7044667967514286,1008,0.08928571428571429,NONE,0
1385632,IAE,voya asia pacific high dividend equity income fund,21,21.0,0.0,0.0,3.0,18.0,12.0,11,1,1.0,7276994fe3b691a33351d3624d75910566c16617a432697d5d342172678d794d,1.0,-0.0,1008,0.010912698412698412,NONE,0
1682745,VRRM,verra mobility,174,89.0,85.0,0.0,23.0,124.0,83.0,37,1,0.5229885057471264,b760b1294f1c1c3c7acaf7968447dba9b64ee4ce0b10d6aa81600f9526801e12,1.0,-0.0,1008,0.03670634920634921,PUBLISHER_CONCENTRATION_GE_80_PERCENT,1
879407,ARWR,arrowhead research,670,541.0,129.0,0.0,506.0,146.0,21.0,8,25,0.4343283582089552,7276994fe3b691a33351d3624d75910566c16617a432697d5d342172678d794d,0.15942028985507245,2.703504280598637,1008,0.007936507936507936,NONE,0
1657788,KRP,kimbell royalty partners lp,103,22.0,81.0,0.0,25.0,62.0,19.0,9,1,0.3106796116504854,b760b1294f1c1c3c7acaf7968447dba9b64ee4ce0b10d6aa81600f9526801e12,1.0,-0.0,1008,0.008928571428571428,PUBLISHER_CONCENTRATION_GE_80_PERCENT,1
919567,RCG,renn fund,21,20.0,1.0,0.0,20.0,1.0,8.0,1,3,0.5238095238095238,7276994fe3b691a33351d3624d75910566c16617a432697d5d342172678d794d,0.5714285714285714,0.9556998911125343,1008,0.000992063492063492,NONE,0
1726126,EPSN,epsilon energy,444,334.0,110.0,0.0,282.0,109.0,82.0,16,2,0.06981981981981981,b760b1294f1c1c3c7acaf7968447dba9b64ee4ce0b10d6aa81600f9526801e12,0.6538461538461539,0.6450331516760341,1008,0.015873015873015872,NONE,0
1022408,PLUS,eplus,1812,1317.0,495.0,0.0,1092.0,589.0,311.0,97,18,0.3162251655629139,7276994fe3b691a33351d3624d75910566c16617a432697d5d342172678d794d,0.23,2.2788559339797767,1008,0.09623015873015874,SINGLE_TOKEN_SEMANTIC_RISK,1
66418,MXC,mexco energy,624,260.0,364.0,0.0,215.0,94.0,122.0,17,11,0.1794871794871795,7276994fe3b691a33351d3624d75910566c16617a432697d5d342172678d794d,0.4444444444444444,1.772240480231818,1008,0.016865079365079364,NONE,0
1089872,GAIA,gaiam,754,696.0,58.0,0.0,648.0,98.0,43.0,20,15,0.28514588859416445,7a760386ea72c5ddae3e4604fdc5f7fa942ad00c5db2a3d8dffc6bcb5912ebdf,0.27,2.109453326670148,1008,0.01984126984126984,SINGLE_TOKEN_SEMANTIC_RISK,1
1260729,GDV,gabelli dividend income trust,270,181.0,89.0,0.0,182.0,88.0,79.0,47,4,0.4074074074074074,7276994fe3b691a33351d3624d75910566c16617a432697d5d342172678d794d,0.5517241379310345,0.9957935938865826,1008,0.04662698412698413,NONE,0
903129,THRM,amerigon,280,270.0,10.0,0.0,258.0,20.0,0.0,0,4,0.007142857142857143,7a760386ea72c5ddae3e4604fdc5f7fa942ad00c5db2a3d8dffc6bcb5912ebdf,0.4,1.3321790402101223,1008,0.0,SINGLE_TOKEN_SEMANTIC_RISK,1
1468328,ADUS,addus homecare,1310,384.0,926.0,0.0,244.0,693.0,190.0,63,5,0.29389312977099236,b760b1294f1c1c3c7acaf7968447dba9b64ee4ce0b10d6aa81600f9526801e12,0.38095238095238093,1.410352868465972,1008,0.0625,NONE,0
1341766,CELH,celsius,11480,1251.0,10229.0,0.0,2674.0,4476.0,484.0,162,4,0.06550522648083623,7a760386ea72c5ddae3e4604fdc5f7fa942ad00c5db2a3d8dffc6bcb5912ebdf,0.3181818181818182,1.365392686748971,1008,0.16071428571428573,SINGLE_TOKEN_SEMANTIC_RISK,1
1309108,WEX,wright express,507,456.0,51.0,0.0,404.0,84.0,13.0,10,4,0.03155818540433925,6752e69d6ebc246e5369e53b5493b1c51f51433551b895d3c67b2e427520e39e,0.6875,0.9180459180656309,1008,0.00992063492063492,NONE,0
1041657,UONEK,radio one,518,452.0,66.0,0.0,446.0,36.0,1.0,1,8,0.0,1b425b87521ec0ab5e4c02aa6bbf44fa197505a03a1fa7f593d749168cc34d2f,0.3409090909090909,1.5801969819449604,1008,0.000992063492063492,NONE,0
1560327,RPD,rapid7,988,601.0,387.0,0.0,533.0,290.0,142.0,65,12,0.17408906882591094,6752e69d6ebc246e5369e53b5493b1c51f51433551b895d3c67b2e427520e39e,0.30985915492957744,1.9032582116790122,1008,0.06448412698412699,SINGLE_TOKEN_SEMANTIC_RISK,1
1015820,QGEN,qiagen nv,717,198.0,519.0,0.0,173.0,324.0,172.0,67,13,0.403068340306834,b760b1294f1c1c3c7acaf7968447dba9b64ee4ce0b10d6aa81600f9526801e12,0.6447368421052632,1.3694963573740768,1008,0.06646825396825397,NONE,0
1538849,CAPL,crossamerica partners lp,692,162.0,530.0,0.0,138.0,506.0,215.0,71,7,0.30346820809248554,7276994fe3b691a33351d3624d75910566c16617a432697d5d342172678d794d,0.5757575757575758,1.3914322238370715,1008,0.07043650793650794,NONE,0
885590,BHC,biovail,819,784.0,35.0,0.0,747.0,63.0,0.0,0,3,0.0,7a760386ea72c5ddae3e4604fdc5f7fa942ad00c5db2a3d8dffc6bcb5912ebdf,0.6,0.9502705392332347,1008,0.0,SINGLE_TOKEN_SEMANTIC_RISK,1
1222922,EVV,eaton vance limited duration income fund,502,431.0,71.0,0.0,402.0,87.0,96.0,51,2,0.2151394422310757,7276994fe3b691a33351d3624d75910566c16617a432697d5d342172678d794d,0.6666666666666666,0.6365141682948128,1008,0.050595238095238096,NONE,0
1709164,HBB,hamilton beach brands,207,96.0,111.0,0.0,59.0,75.0,87.0,43,5,0.27053140096618356,7a760386ea72c5ddae3e4604fdc5f7fa942ad00c5db2a3d8dffc6bcb5912ebdf,0.2857142857142857,1.5367224694372192,1008,0.04265873015873016,NONE,0
789933,NC,nacco industries,668,458.0,210.0,0.0,418.0,196.0,129.0,54,12,0.3338323353293413,7276994fe3b691a33351d3624d75910566c16617a432697d5d342172678d794d,0.26136363636363635,1.9288001656225433,1008,0.05357142857142857,NONE,0
1512499,LIND,lindblad expeditions,251,111.0,140.0,0.0,74.0,138.0,67.0,22,3,0.027888446215139442,b760b1294f1c1c3c7acaf7968447dba9b64ee4ce0b10d6aa81600f9526801e12,0.5909090909090909,0.8932239510170858,1008,0.021825396825396824,NONE,0
1157647,WNEB,westfield financial,213,204.0,9.0,0.0,184.0,28.0,0.0,0,13,0.0,1b425b87521ec0ab5e4c02aa6bbf44fa197505a03a1fa7f593d749168cc34d2f,0.2857142857142857,2.098557287682582,1008,0.0,NONE,0
1378701,GDL,gabelli global deal fund,34,32.0,2.0,0.0,34.0,0.0,0.0,0,1,0.08823529411764706,899feb94f03b699155327981274efda4d980eba15273b69e3928a653287f0f0a,1.0,-0.0,1008,0.0,NONE,0
1356093,CREX,wireless ronin technologies,55,51.0,4.0,0.0,40.0,15.0,0.0,0,0,0.10909090909090909,,0.0,0.0,1008,0.0,NONE,0
1172358,DMLP,dorchester minerals l p,228,224.0,4.0,0.0,198.0,26.0,22.0,16,4,0.35964912280701755,b760b1294f1c1c3c7acaf7968447dba9b64ee4ce0b10d6aa81600f9526801e12,0.7857142857142857,0.7363093244249479,1008,0.015873015873015872,NONE,0
317788,APPS,mediavest,115,90.0,25.0,0.0,78.0,20.0,0.0,0,2,0.0,215816bf42103f1f2b24c168779f1fb0ea3afcb7a2c627e42e0bcd7fe07eb70a,0.8571428571428571,0.410116318288409,1008,0.0,PUBLISHER_CONCENTRATION_GE_80_PERCENT|SINGLE_TOKEN_SEMANTIC_RISK,2
1823529,ACT,genworth mortgage,49,28.0,21.0,0.0,28.0,10.0,10.0,5,3,0.0,b760b1294f1c1c3c7acaf7968447dba9b64ee4ce0b10d6aa81600f9526801e12,0.6,0.9502705392332347,705,0.0070921985815602835,NONE,0
700565,FMBH,first mid illinois bancshares,164,58.0,106.0,0.0,13.0,127.0,39.0,15,3,0.4024390243902439,7a760386ea72c5ddae3e4604fdc5f7fa942ad00c5db2a3d8dffc6bcb5912ebdf,0.6666666666666666,0.8675632284814612,1008,0.01488095238095238,NONE,0
1506251,CTXR,trail one,19,4.0,15.0,0.0,6.0,3.0,0.0,0,0,0.0,,0.0,0.0,1008,0.0,NONE,0
1472787,FAF,first american financial corp,712,95.0,617.0,0.0,69.0,429.0,141.0,66,5,0.4101123595505618,b760b1294f1c1c3c7acaf7968447dba9b64ee4ce0b10d6aa81600f9526801e12,0.64,1.090778470215385,1008,0.06547619047619048,NONE,0
1428439,ROKU,ROKU,5303,0.0,0.0,5303.0,1213.0,4090.0,2271.0,706,1,0.2394870827833302,08f472aed74b038b1cd05a1e3cd5afd5b1a5ccd3c9ab2b14bf706239f26376a8,1.0,-0.0,1008,0.7003968253968254,PUBLISHER_CONCENTRATION_GE_80_PERCENT|SINGLE_TOKEN_SEMANTIC_RISK,2
1660134,OKTA,OKTA,1802,0.0,0.0,1802.0,353.0,1449.0,980.0,338,0,0.3218645948945616,,0.0,0.0,1008,0.3353174603174603,SINGLE_TOKEN_SEMANTIC_RISK,1
1477449,TDOC,TDOC,60,0.0,0.0,60.0,39.0,21.0,19.0,12,0,0.18333333333333332,,0.0,0.0,1008,0.011904761904761904,SINGLE_TOKEN_SEMANTIC_RISK,1
1013871,NRG,NRG,588,0.0,0.0,588.0,73.0,515.0,100.0,56,1,0.25,84625ab1a763851f03bf27f1f4f68b3b7efe198626d098151d461cbb0e262da0,1.0,-0.0,1008,0.05555555555555555,PUBLISHER_CONCENTRATION_GE_80_PERCENT|SINGLE_TOKEN_SEMANTIC_RISK,2
91576,KEY,KEY,569,0.0,0.0,569.0,103.0,466.0,129.0,50,1,0.31282952548330406,deb56840b9cdc03f6c4ee4d521ae2d441afded63a6b8dfc35db2427b482be521,1.0,-0.0,1008,0.0496031746031746,PUBLISHER_CONCENTRATION_GE_80_PERCENT|SINGLE_TOKEN_SEMANTIC_RISK,2
1140859,COR,cencora,546,153.0,393.0,0.0,19.0,347.0,0.0,0,0,0.10622710622710622,,0.0,0.0,1008,0.0,SINGLE_TOKEN_SEMANTIC_RISK,1
1758488,OSW,onespaworld,545,108.0,437.0,0.0,14.0,454.0,58.0,24,2,0.43302752293577984,b760b1294f1c1c3c7acaf7968447dba9b64ee4ce0b10d6aa81600f9526801e12,0.9,0.3250829733914482,1008,0.023809523809523808,PUBLISHER_CONCENTRATION_GE_80_PERCENT|SINGLE_TOKEN_SEMANTIC_RISK,2
36104,USB,USB,1782,0.0,0.0,1782.0,170.0,1612.0,657.0,194,1,0.25196408529741865,08f472aed74b038b1cd05a1e3cd5afd5b1a5ccd3c9ab2b14bf706239f26376a8,1.0,-0.0,1008,0.19246031746031747,PUBLISHER_CONCENTRATION_GE_80_PERCENT|SINGLE_TOKEN_SEMANTIC_RISK,2
1090727,UPS,UPS,661,0.0,0.0,661.0,54.0,607.0,430.0,181,0,0.27685325264750377,,0.0,0.0,1008,0.17956349206349206,SINGLE_TOKEN_SEMANTIC_RISK,1
1590715,AREC,american resources corp,348,14.0,334.0,0.0,19.0,172.0,70.0,9,3,0.017241379310344827,b760b1294f1c1c3c7acaf7968447dba9b64ee4ce0b10d6aa81600f9526801e12,0.5714285714285714,0.9556998911125343,1008,0.008928571428571428,NONE,0
1018963,ATI,ATI,40,0.0,0.0,40.0,5.0,35.0,0.0,0,1,0.3,54cdaa1af72fd153cc9dc0d244fb43a089e1f19b0524cbb0e47b632c54047c9d,1.0,-0.0,1008,0.0,SINGLE_TOKEN_SEMANTIC_RISK,1
1132651,ATLO,ames national,141,57.0,84.0,0.0,19.0,122.0,102.0,17,5,0.3475177304964539,7276994fe3b691a33351d3624d75910566c16617a432697d5d342172678d794d,0.5,1.3862943611198906,1008,0.016865079365079364,NONE,0
1996862,BG,BG,318,0.0,0.0,318.0,77.0,241.0,58.0,37,0,0.3081761006289308,,0.0,0.0,1008,0.03670634920634921,SINGLE_TOKEN_SEMANTIC_RISK,1
1362481,AGD,aberdeen global dynamic dividend fund,76,71.0,5.0,0.0,46.0,30.0,71.0,38,1,0.6973684210526315,b760b1294f1c1c3c7acaf7968447dba9b64ee4ce0b10d6aa81600f9526801e12,1.0,-0.0,1008,0.037698412698412696,NONE,0
1679049,INSW,international seaways,588,194.0,394.0,0.0,63.0,387.0,100.0,46,4,0.34523809523809523,b760b1294f1c1c3c7acaf7968447dba9b64ee4ce0b10d6aa81600f9526801e12,0.6086956521739131,1.0014223119682,1008,0.04563492063492063,NONE,0
918608,EGO,EGO,223,0.0,0.0,223.0,90.0,133.0,102.0,51,2,0.47085201793721976,84625ab1a763851f03bf27f1f4f68b3b7efe198626d098151d461cbb0e262da0,0.5,0.6931471805599453,1008,0.050595238095238096,SINGLE_TOKEN_SEMANTIC_RISK,1
1281895,RCKT,rocket pharmaceuticals,380,54.0,326.0,0.0,76.0,193.0,95.0,22,3,0.25526315789473686,b760b1294f1c1c3c7acaf7968447dba9b64ee4ce0b10d6aa81600f9526801e12,0.625,0.9002560512685369,1008,0.021825396825396824,NONE,0
1612940,PRQR,proqr therapeutics n v,144,18.0,126.0,0.0,15.0,97.0,56.0,19,3,0.5,08f472aed74b038b1cd05a1e3cd5afd5b1a5ccd3c9ab2b14bf706239f26376a8,0.3333333333333333,1.0986122886681096,1008,0.018849206349206348,NONE,0
1156375,CME,CME,396,0.0,0.0,396.0,139.0,257.0,175.0,80,2,0.39646464646464646,deb56840b9cdc03f6c4ee4d521ae2d441afded63a6b8dfc35db2427b482be521,0.9565217391304348,0.17884491271684755,1008,0.07936507936507936,PUBLISHER_CONCENTRATION_GE_80_PERCENT|SINGLE_TOKEN_SEMANTIC_RISK,2
1122411,ASX,ase technology holding co ltd,633,74.0,559.0,0.0,100.0,416.0,111.0,48,2,0.42022116903633494,b760b1294f1c1c3c7acaf7968447dba9b64ee4ce0b10d6aa81600f9526801e12,0.5714285714285714,0.6829081047004717,1008,0.047619047619047616,NONE,0
1058090,CMG,CMG,298,0.0,0.0,298.0,54.0,244.0,179.0,80,2,0.31208053691275167,1b425b87521ec0ab5e4c02aa6bbf44fa197505a03a1fa7f593d749168cc34d2f,0.8333333333333334,0.45056120886630463,1008,0.07936507936507936,PUBLISHER_CONCENTRATION_GE_80_PERCENT|SINGLE_TOKEN_SEMANTIC_RISK,2
1041859,PLCE,PLCE,308,0.0,0.0,308.0,11.0,297.0,120.0,54,1,0.45454545454545453,d014d5a638eac5b2d935d6b6b173e4769692dc2a63efe5b382d586866929bd06,1.0,-0.0,1008,0.05357142857142857,PUBLISHER_CONCENTRATION_GE_80_PERCENT|SINGLE_TOKEN_SEMANTIC_RISK,2
860730,HCA,HCA,83,0.0,0.0,83.0,29.0,54.0,0.0,0,2,0.46987951807228917,deb56840b9cdc03f6c4ee4d521ae2d441afded63a6b8dfc35db2427b482be521,0.9230769230769231,0.2711893730418441,1008,0.0,SINGLE_TOKEN_SEMANTIC_RISK,1
1415311,YCS,BOIL,15,0.0,0.0,15.0,0.0,15.0,0.0,0,0,0.0,,0.0,0.0,1008,0.0,SINGLE_TOKEN_SEMANTIC_RISK,1
1475260,CVE,CVE,8,0.0,0.0,8.0,0.0,8.0,0.0,0,0,0.125,,0.0,0.0,1008,0.0,SINGLE_TOKEN_SEMANTIC_RISK,1
874761,AES,AES,106,0.0,0.0,106.0,35.0,71.0,13.0,8,1,0.2830188679245283,deb56840b9cdc03f6c4ee4d521ae2d441afded63a6b8dfc35db2427b482be521,1.0,-0.0,1008,0.007936507936507936,PUBLISHER_CONCENTRATION_GE_80_PERCENT|SINGLE_TOKEN_SEMANTIC_RISK,2
1634117,BNED,BNED,6,0.0,0.0,6.0,0.0,6.0,6.0,1,0,0.16666666666666666,,0.0,0.0,1008,0.000992063492063492,SINGLE_TOKEN_SEMANTIC_RISK,1
1328237,DBC,invesco db commodity index tracking fund,438,58.0,380.0,0.0,2.0,148.0,86.0,30,2,0.2785388127853881,b760b1294f1c1c3c7acaf7968447dba9b64ee4ce0b10d6aa81600f9526801e12,0.9090909090909091,0.30463609734923813,1008,0.02976190476190476,PUBLISHER_CONCENTRATION_GE_80_PERCENT,1
1472494,BNO,BNO,14,0.0,0.0,14.0,2.0,12.0,0.0,0,0,0.07142857142857142,,0.0,0.0,1008,0.0,SINGLE_TOKEN_SEMANTIC_RISK,1
1499505,AGRO,AGRO,113,0.0,0.0,113.0,17.0,96.0,26.0,16,0,0.18584070796460178,,0.0,0.0,1008,0.015873015873015872,SINGLE_TOKEN_SEMANTIC_RISK,1
1128361,HOPE,hope bancorp,445,167.0,278.0,0.0,0.0,383.0,128.0,67,2,0.41123595505617977,b760b1294f1c1c3c7acaf7968447dba9b64ee4ce0b10d6aa81600f9526801e12,0.6666666666666666,0.6365141682948128,1008,0.06646825396825397,NONE,0
1327811,WDAY,WDAY,45,0.0,0.0,45.0,42.0,3.0,3.0,1,1,0.9555555555555556,deb56840b9cdc03f6c4ee4d521ae2d441afded63a6b8dfc35db2427b482be521,1.0,-0.0,1008,0.000992063492063492,SINGLE_TOKEN_SEMANTIC_RISK,1
1259429,OXSQ,oxford square capital,95,33.0,62.0,0.0,11.0,64.0,64.0,33,1,0.4105263157894737,7276994fe3b691a33351d3624d75910566c16617a432697d5d342172678d794d,1.0,-0.0,1008,0.03273809523809524,NONE,0
1104485,NOG,NOG,36,0.0,0.0,36.0,1.0,35.0,17.0,4,0,0.3333333333333333,,0.0,0.0,1008,0.003968253968253968,SINGLE_TOKEN_SEMANTIC_RISK,1
918541,NNBR,NNBR,41,0.0,0.0,41.0,1.0,40.0,15.0,13,0,0.43902439024390244,,0.0,0.0,1008,0.012896825396825396,SINGLE_TOKEN_SEMANTIC_RISK,1
49754,DIN,DIN,45,0.0,0.0,45.0,18.0,27.0,37.0,12,1,0.37777777777777777,deb56840b9cdc03f6c4ee4d521ae2d441afded63a6b8dfc35db2427b482be521,1.0,-0.0,1008,0.011904761904761904,SINGLE_TOKEN_SEMANTIC_RISK,1
863894,VERU,VERU,38,0.0,0.0,38.0,7.0,31.0,8.0,3,0,0.2631578947368421,,0.0,0.0,1008,0.002976190476190476,SINGLE_TOKEN_SEMANTIC_RISK,1
1158463,JBLU,JBLU,174,0.0,0.0,174.0,16.0,158.0,60.0,33,1,0.011494252873563218,613022f737b276085620fb2f47764aeb33df8ababd1d0e03b28c0f67d49b86f4,1.0,-0.0,1008,0.03273809523809524,PUBLISHER_CONCENTRATION_GE_80_PERCENT|SINGLE_TOKEN_SEMANTIC_RISK,2
1675149,AA,AA,15,0.0,0.0,15.0,6.0,9.0,7.0,1,2,0.6,84625ab1a763851f03bf27f1f4f68b3b7efe198626d098151d461cbb0e262da0,0.75,0.5623351446188083,1008,0.000992063492063492,SINGLE_TOKEN_SEMANTIC_RISK,1
1001290,BAP,BAP,5,0.0,0.0,5.0,0.0,5.0,0.0,0,0,0.0,,0.0,0.0,1008,0.0,SINGLE_TOKEN_SEMANTIC_RISK,1
1353615,FXF,invesco currencyshares swiss franc trust,34,0.0,34.0,0.0,0.0,0.0,0.0,0,0,0.058823529411764705,,0.0,0.0,0,0.0,NONE,0
1543418,TMQ,trilogy metals,110,38.0,72.0,0.0,39.0,71.0,45.0,9,2,0.14545454545454545,7276994fe3b691a33351d3624d75910566c16617a432697d5d342172678d794d,0.9375,0.2337916587064593,1008,0.008928571428571428,PUBLISHER_CONCENTRATION_GE_80_PERCENT,1
1039065,OSIS,OSIS,89,0.0,0.0,89.0,3.0,86.0,23.0,20,2,0.5280898876404494,fd7425846ea62437d770cdb9d69a5951ab33b237b3bab17ac568ce2742c7bea3,0.5,0.6931471805599453,1008,0.01984126984126984,SINGLE_TOKEN_SEMANTIC_RISK,1
1140859,COR,amerisource bergen,59,40.0,19.0,0.0,28.0,21.0,9.0,5,6,0.0,7a760386ea72c5ddae3e4604fdc5f7fa942ad00c5db2a3d8dffc6bcb5912ebdf,0.36363636363636365,1.5941666991180168,1008,0.00496031746031746,NONE,0
915840,BZH,BZH,57,0.0,0.0,57.0,10.0,47.0,21.0,8,0,0.2631578947368421,,0.0,0.0,1008,0.007936507936507936,SINGLE_TOKEN_SEMANTIC_RISK,1
1616678,BST,blackrock science technology trust,42,8.0,34.0,0.0,10.0,12.0,22.0,9,1,0.38095238095238093,7276994fe3b691a33351d3624d75910566c16617a432697d5d342172678d794d,1.0,-0.0,1008,0.008928571428571428,NONE,0
1651625,ACIU,ACIU,22,0.0,0.0,22.0,7.0,15.0,15.0,6,0,0.3181818181818182,,0.0,0.0,1008,0.005952380952380952,SINGLE_TOKEN_SEMANTIC_RISK,1
1333141,FMS,FMS,83,0.0,0.0,83.0,7.0,76.0,54.0,26,0,0.4578313253012048,,0.0,0.0,1008,0.025793650793650792,SINGLE_TOKEN_SEMANTIC_RISK,1
1000697,WAT,WAT,84,0.0,0.0,84.0,42.0,42.0,42.0,27,0,0.4880952380952381,,0.0,0.0,1008,0.026785714285714284,SINGLE_TOKEN_SEMANTIC_RISK,1
1212545,WAL,WAL,72,0.0,0.0,72.0,4.0,68.0,29.0,11,0,0.3055555555555556,,0.0,0.0,1008,0.010912698412698412,SINGLE_TOKEN_SEMANTIC_RISK,1
879635,MPB,MPB,7,0.0,0.0,7.0,0.0,7.0,7.0,1,0,0.14285714285714285,,0.0,0.0,1008,0.000992063492063492,SINGLE_TOKEN_SEMANTIC_RISK,1
2082866,PNFP,PNFP,4,0.0,0.0,4.0,0.0,4.0,1.0,1,0,0.25,,0.0,0.0,1008,0.000992063492063492,SINGLE_TOKEN_SEMANTIC_RISK,1
1469367,RUN,RUN,1,0.0,0.0,1.0,1.0,0.0,1.0,1,0,1.0,,0.0,0.0,1008,0.000992063492063492,SINGLE_TOKEN_SEMANTIC_RISK,1
1326380,GME,GME,112,0.0,0.0,112.0,103.0,9.0,7.0,4,3,0.8482142857142857,deb56840b9cdc03f6c4ee4d521ae2d441afded63a6b8dfc35db2427b482be521,0.8823529411764706,0.4152177581785436,1008,0.003968253968253968,PUBLISHER_CONCENTRATION_GE_80_PERCENT|SINGLE_TOKEN_SEMANTIC_RISK,2
1177648,ENTA,ENTA,6,0.0,0.0,6.0,2.0,4.0,0.0,0,2,0.6666666666666666,1b425b87521ec0ab5e4c02aa6bbf44fa197505a03a1fa7f593d749168cc34d2f,0.6666666666666666,0.6365141682948128,1008,0.0,SINGLE_TOKEN_SEMANTIC_RISK,1
1521404,BGH,barings global short duration high yield fund,42,42.0,0.0,0.0,42.0,0.0,22.0,11,2,0.9523809523809523,b760b1294f1c1c3c7acaf7968447dba9b64ee4ce0b10d6aa81600f9526801e12,0.9523809523809523,0.19144408195771734,1008,0.010912698412698412,NONE,0
1210123,EAD,evergreen income advantage fund,2,2.0,0.0,0.0,2.0,0.0,0.0,0,0,0.0,,0.0,0.0,1008,0.0,NONE,0
899751,TWI,TWI,6,0.0,0.0,6.0,2.0,4.0,0.0,0,0,0.16666666666666666,,0.0,0.0,1008,0.0,SINGLE_TOKEN_SEMANTIC_RISK,1
1643953,PRPL,global partner acquisition,8,6.0,2.0,0.0,6.0,2.0,0.0,0,0,0.0,,0.0,0.0,1008,0.0,NONE,0
1157557,CIG,energy of minas gerais,25,0.0,25.0,0.0,0.0,14.0,0.0,0,0,0.36,,0.0,0.0,1008,0.0,NONE,0
799288,LE,LE,11,0.0,0.0,11.0,1.0,10.0,6.0,4,0,0.18181818181818182,,0.0,0.0,1008,0.003968253968253968,SINGLE_TOKEN_SEMANTIC_RISK,1
1505952,DOMO,DOMO,38,0.0,0.0,38.0,13.0,25.0,23.0,10,0,0.47368421052631576,,0.0,0.0,884,0.011312217194570135,SINGLE_TOKEN_SEMANTIC_RISK,1
1245648,FLC,flaherty crumrine claymore total return fund,32,32.0,0.0,0.0,28.0,4.0,8.0,4,1,0.5,7276994fe3b691a33351d3624d75910566c16617a432697d5d342172678d794d,1.0,-0.0,1008,0.003968253968253968,NONE,0
16868,CNI,CNI,16,0.0,0.0,16.0,4.0,12.0,0.0,0,2,0.4375,deb56840b9cdc03f6c4ee4d521ae2d441afded63a6b8dfc35db2427b482be521,0.5,0.6931471805599453,1008,0.0,SINGLE_TOKEN_SEMANTIC_RISK,1
1546652,OUNZ,van eck merk gold trust,38,0.0,38.0,0.0,0.0,30.0,3.0,1,0,0.18421052631578946,,0.0,0.0,1008,0.000992063492063492,NONE,0
314203,MUX,MUX,6,0.0,0.0,6.0,0.0,6.0,0.0,0,0,0.16666666666666666,,0.0,0.0,1008,0.0,SINGLE_TOKEN_SEMANTIC_RISK,1
1683825,TRVG,travel b v,3,2.0,1.0,0.0,2.0,1.0,0.0,0,1,0.0,84625ab1a763851f03bf27f1f4f68b3b7efe198626d098151d461cbb0e262da0,1.0,-0.0,1008,0.0,NONE,0
917273,RMBS,RMBS,2,0.0,0.0,2.0,0.0,2.0,0.0,0,1,1.0,d014d5a638eac5b2d935d6b6b173e4769692dc2a63efe5b382d586866929bd06,1.0,-0.0,1008,0.0,SINGLE_TOKEN_SEMANTIC_RISK,1
1386067,EOD,wells fargo advantage global dividend opportunity fund,51,51.0,0.0,0.0,38.0,13.0,14.0,7,1,0.8823529411764706,7276994fe3b691a33351d3624d75910566c16617a432697d5d342172678d794d,1.0,-0.0,1008,0.006944444444444444,NONE,0
1299969,CHCI,CHCI,6,0.0,0.0,6.0,0.0,6.0,4.0,4,0,0.8333333333333334,,0.0,0.0,1008,0.003968253968253968,SINGLE_TOKEN_SEMANTIC_RISK,1
1573516,MUSA,MUSA,5,0.0,0.0,5.0,0.0,5.0,0.0,0,0,0.4,,0.0,0.0,1008,0.0,SINGLE_TOKEN_SEMANTIC_RISK,1
1581068,BRX,BRX,6,0.0,0.0,6.0,0.0,6.0,5.0,2,0,0.5,,0.0,0.0,1008,0.001984126984126984,SINGLE_TOKEN_SEMANTIC_RISK,1
1678130,OPP,rivernorth doubleline strategic opportunity fund,28,20.0,8.0,0.0,0.0,28.0,21.0,21,0,0.7857142857142857,,0.0,0.0,1008,0.020833333333333332,NONE,0
1608741,QQQX,QQQX,5,0.0,0.0,5.0,0.0,5.0,0.0,0,0,0.0,,0.0,0.0,1008,0.0,SINGLE_TOKEN_SEMANTIC_RISK,1
1190935,PTY,PTY,7,0.0,0.0,7.0,0.0,7.0,3.0,1,0,0.14285714285714285,,0.0,0.0,1008,0.000992063492063492,SINGLE_TOKEN_SEMANTIC_RISK,1
1697851,REKR,novume solutions,5,0.0,5.0,0.0,0.0,5.0,5.0,1,0,0.0,,0.0,0.0,1008,0.000992063492063492,NONE,0
880892,VGM,van kampen trust for investment grade municipals,2,2.0,0.0,0.0,2.0,0.0,0.0,0,0,1.0,,0.0,0.0,1008,0.0,NONE,0
1333493,EHTH,EHTH,4,0.0,0.0,4.0,4.0,0.0,4.0,2,1,1.0,08f472aed74b038b1cd05a1e3cd5afd5b1a5ccd3c9ab2b14bf706239f26376a8,1.0,-0.0,1008,0.001984126984126984,SINGLE_TOKEN_SEMANTIC_RISK,1
1430306,TNXP,TNXP,2,0.0,0.0,2.0,2.0,0.0,2.0,1,1,1.0,08f472aed74b038b1cd05a1e3cd5afd5b1a5ccd3c9ab2b14bf706239f26376a8,1.0,-0.0,1008,0.000992063492063492,SINGLE_TOKEN_SEMANTIC_RISK,1
1129928,ONCY,ONCY,2,0.0,0.0,2.0,2.0,0.0,0.0,0,1,1.0,84625ab1a763851f03bf27f1f4f68b3b7efe198626d098151d461cbb0e262da0,1.0,-0.0,1008,0.0,SINGLE_TOKEN_SEMANTIC_RISK,1
1659939,ENIC,enersis chile s a,3,2.0,1.0,0.0,0.0,3.0,1.0,1,0,0.3333333333333333,,0.0,0.0,1008,0.000992063492063492,NONE,0
1006281,PLX,orthodontix,6,4.0,2.0,0.0,2.0,4.0,0.0,0,0,0.16666666666666666,,0.0,0.0,1008,0.0,SINGLE_TOKEN_SEMANTIC_RISK,1
1122411,ASX,ase industrial holding co ltd,1,0.0,1.0,0.0,0.0,0.0,0.0,0,0,0.0,,0.0,0.0,1008,0.0,NONE,0
1390195,AWP,abrdn global premier properties fund,3,1.0,2.0,0.0,1.0,2.0,0.0,0,0,0.6666666666666666,,0.0,0.0,1008,0.0,NONE,0
879407,ARWR,ARWR,26,0.0,0.0,26.0,21.0,5.0,8.0,4,2,0.8076923076923077,deb56840b9cdc03f6c4ee4d521ae2d441afded63a6b8dfc35db2427b482be521,0.8888888888888888,0.34883209584303193,1008,0.003968253968253968,SINGLE_TOKEN_SEMANTIC_RISK,1
77360,PNR,PNR,2,0.0,0.0,2.0,2.0,0.0,0.0,0,1,1.0,d014d5a638eac5b2d935d6b6b173e4769692dc2a63efe5b382d586866929bd06,1.0,-0.0,1008,0.0,SINGLE_TOKEN_SEMANTIC_RISK,1
1364954,CHGG,CHGG,2,0.0,0.0,2.0,2.0,0.0,2.0,1,1,1.0,08f472aed74b038b1cd05a1e3cd5afd5b1a5ccd3c9ab2b14bf706239f26376a8,1.0,-0.0,1008,0.000992063492063492,SINGLE_TOKEN_SEMANTIC_RISK,1
1504764,AVAL,AVAL,3,0.0,0.0,3.0,0.0,3.0,3.0,2,0,0.0,,0.0,0.0,1008,0.001984126984126984,SINGLE_TOKEN_SEMANTIC_RISK,1
1669811,DFIN,DFIN,3,0.0,0.0,3.0,0.0,3.0,3.0,1,0,0.0,,0.0,0.0,1008,0.000992063492063492,SINGLE_TOKEN_SEMANTIC_RISK,1
1604028,WMS,WMS,7,0.0,0.0,7.0,0.0,7.0,0.0,0,0,0.2857142857142857,,0.0,0.0,1008,0.0,SINGLE_TOKEN_SEMANTIC_RISK,1
1103838,IBN,IBN,2,0.0,0.0,2.0,2.0,0.0,0.0,0,1,1.0,84625ab1a763851f03bf27f1f4f68b3b7efe198626d098151d461cbb0e262da0,1.0,-0.0,1008,0.0,SINGLE_TOKEN_SEMANTIC_RISK,1
1360604,HR,nnn healthcare office reit,4,4.0,0.0,0.0,4.0,0.0,0.0,0,0,0.0,,0.0,0.0,1008,0.0,NONE,0
1368493,CAF,CAF,1,0.0,0.0,1.0,1.0,0.0,0.0,0,0,0.0,,0.0,0.0,1008,0.0,SINGLE_TOKEN_SEMANTIC_RISK,1
1050446,MSTR,strategy,417080,66906.0,350174.0,0.0,89816.0,184025.0,50351.0,1458,161,8.871199769828331e-05,7276994fe3b691a33351d3624d75910566c16617a432697d5d342172678d794d,0.571128884227088,2.0559462781816893,1008,1.0,EDGE_COUNT_TOP_1_PERCENT|IMPLAUSIBLY_HIGH_TRAINING_DAY_COVERAGE|SINGLE_TOKEN_SEMANTIC_RISK,3
1163653,NMR,nomura,28550,14220.0,14330.0,0.0,15254.0,9803.0,2384.0,483,74,0.01880910683012259,a328d6d26983766d80fbb9adc64925a627cc56bb60e124536e235c6bd61bec28,0.18513274336283186,2.9048585327961973,1008,0.4791666666666667,SINGLE_TOKEN_SEMANTIC_RISK,1
1034957,CRESY,cresud,727,381.0,346.0,0.0,408.0,270.0,173.0,55,11,0.265474552957359,7276994fe3b691a33351d3624d75910566c16617a432697d5d342172678d794d,0.6504854368932039,1.2956668651146876,1008,0.054563492063492064,SINGLE_TOKEN_SEMANTIC_RISK,1
1562401,AMH,american homes 4 rent,1886,1172.0,714.0,0.0,909.0,654.0,485.0,181,20,0.4692470837751856,7276994fe3b691a33351d3624d75910566c16617a432697d5d342172678d794d,0.3522012578616352,2.206117763508425,1008,0.17956349206349206,NONE,0
1376321,CNET,chinanet online,801,718.0,83.0,0.0,622.0,167.0,160.0,30,13,0.35830212234706615,7276994fe3b691a33351d3624d75910566c16617a432697d5d342172678d794d,0.31724137931034485,2.105181873499646,1008,0.02976190476190476,NONE,0
1341235,ALDX,aldeyra therapeutics,989,419.0,570.0,0.0,337.0,542.0,332.0,73,10,0.32962588473205257,7276994fe3b691a33351d3624d75910566c16617a432697d5d342172678d794d,0.40540540540540543,1.6901569686554798,1008,0.07242063492063493,NONE,0
1390777,BNY,bank of new york mellon,35295,23018.0,12277.0,0.0,23297.0,5972.0,1740.0,388,51,0.00045332200028332624,b760b1294f1c1c3c7acaf7968447dba9b64ee4ce0b10d6aa81600f9526801e12,0.20272904483430798,3.053964341901254,1008,0.38492063492063494,EDGE_COUNT_TOP_1_PERCENT,1
1677703,CNDT,conduent,564,261.0,303.0,0.0,151.0,285.0,245.0,79,9,0.2553191489361702,b760b1294f1c1c3c7acaf7968447dba9b64ee4ce0b10d6aa81600f9526801e12,0.5316455696202531,1.5703381854902119,1008,0.07837301587301587,SINGLE_TOKEN_SEMANTIC_RISK,1
1004434,AMG,affiliated managers,2712,1239.0,1473.0,0.0,678.0,1524.0,613.0,167,11,0.24410029498525074,7a760386ea72c5ddae3e4604fdc5f7fa942ad00c5db2a3d8dffc6bcb5912ebdf,0.4603174603174603,1.5463139422038479,1008,0.16567460317460317,NONE,0
43920,GEF,greif,4261,2608.0,1653.0,0.0,1831.0,1990.0,726.0,168,41,0.39004928420558554,7a760386ea72c5ddae3e4604fdc5f7fa942ad00c5db2a3d8dffc6bcb5912ebdf,0.36607142857142855,2.3625257352082065,1008,0.16666666666666666,SINGLE_TOKEN_SEMANTIC_RISK,1
1406666,CALX,calix,1986,1505.0,481.0,0.0,1319.0,448.0,407.0,100,35,0.4068479355488419,b760b1294f1c1c3c7acaf7968447dba9b64ee4ce0b10d6aa81600f9526801e12,0.2231404958677686,2.67053446925415,1008,0.0992063492063492,SINGLE_TOKEN_SEMANTIC_RISK,1
1463101,ENPH,enphase energy,10207,2361.0,7846.0,0.0,1837.0,4433.0,1902.0,422,26,0.25374742823552465,7276994fe3b691a33351d3624d75910566c16617a432697d5d342172678d794d,0.1903765690376569,2.3527747072140985,1008,0.41865079365079366,NONE,0
277948,CSX,csx corp,4457,941.0,3516.0,0.0,678.0,2171.0,596.0,143,26,0.2728292573479919,b760b1294f1c1c3c7acaf7968447dba9b64ee4ce0b10d6aa81600f9526801e12,0.4392857142857143,1.753726313911622,1008,0.14186507936507936,NONE,0
9631,BNS,bank of nova scotia,6451,1341.0,5110.0,0.0,1811.0,3513.0,999.0,226,27,0.19764377615873507,7276994fe3b691a33351d3624d75910566c16617a432697d5d342172678d794d,0.43425076452599387,2.0718975912871254,1008,0.22420634920634921,NONE,0
901832,AZN,zeneca,149,111.0,38.0,0.0,45.0,90.0,69.0,3,8,0.06711409395973154,bc866712ec3d41f918d736dba6181bfae8068e106956a8f51e7e26914276ce1e,0.6744186046511628,1.1942024445562958,1008,0.002976190476190476,SINGLE_TOKEN_SEMANTIC_RISK,1
1521036,LNTH,lantheus,1681,703.0,978.0,0.0,481.0,549.0,84.0,20,8,0.004164187983343248,6d85c5fcd083a75f7715c2add959f733b76cef5669e291147c7bb4af1f38a75b,0.37362637362637363,1.7253975604199587,1008,0.01984126984126984,SINGLE_TOKEN_SEMANTIC_RISK,1
872912,DCTH,delcath systems,549,280.0,269.0,0.0,233.0,229.0,62.0,9,3,0.20765027322404372,7a760386ea72c5ddae3e4604fdc5f7fa942ad00c5db2a3d8dffc6bcb5912ebdf,0.5714285714285714,0.9556998911125343,1007,0.00893743793445879,NONE,0
1025378,WPC,w p carey,4376,2292.0,2084.0,0.0,2007.0,1803.0,1009.0,316,26,0.37774223034734916,7276994fe3b691a33351d3624d75910566c16617a432697d5d342172678d794d,0.4570815450643777,2.064533216632798,1008,0.3134920634920635,NONE,0
108385,WRLD,world acceptance,1518,1096.0,422.0,0.0,955.0,472.0,261.0,75,25,0.44729907773386035,7276994fe3b691a33351d3624d75910566c16617a432697d5d342172678d794d,0.22291021671826625,2.44333185644736,1008,0.0744047619047619,NONE,0
1005516,BOSC,bos better online solutions,90,51.0,39.0,0.0,56.0,16.0,28.0,7,6,0.5555555555555556,1b425b87521ec0ab5e4c02aa6bbf44fa197505a03a1fa7f593d749168cc34d2f,0.4166666666666667,1.51496821357316,1008,0.006944444444444444,NONE,0
906553,BYD,boyd gaming,4417,2352.0,2065.0,0.0,1762.0,1933.0,981.0,264,53,0.4455512791487435,7276994fe3b691a33351d3624d75910566c16617a432697d5d342172678d794d,0.1836734693877551,2.918011069733234,1008,0.2619047619047619,NONE,0
1385849,UUUU,energy fuels,4796,2515.0,2281.0,0.0,938.0,2945.0,1272.0,285,40,0.12030859049207673,7276994fe3b691a33351d3624d75910566c16617a432697d5d342172678d794d,0.2895204262877442,2.5900841377103414,1008,0.28273809523809523,NONE,0
1624326,PAVM,pavmed,298,74.0,224.0,0.0,57.0,186.0,195.0,16,1,0.09395973154362416,6d85c5fcd083a75f7715c2add959f733b76cef5669e291147c7bb4af1f38a75b,1.0,-0.0,1008,0.015873015873015872,PUBLISHER_CONCENTRATION_GE_80_PERCENT|SINGLE_TOKEN_SEMANTIC_RISK,2
1002047,NTAP,netapp,11082,7572.0,3510.0,0.0,6188.0,3635.0,2067.0,382,92,0.4166215484569572,7a760386ea72c5ddae3e4604fdc5f7fa942ad00c5db2a3d8dffc6bcb5912ebdf,0.115234375,3.268337820126323,1008,0.37896825396825395,SINGLE_TOKEN_SEMANTIC_RISK,1
1214816,AXS,axis capital,3767,2460.0,1307.0,0.0,1969.0,1218.0,506.0,143,39,0.23174940270772498,7a760386ea72c5ddae3e4604fdc5f7fa942ad00c5db2a3d8dffc6bcb5912ebdf,0.4088888888888889,2.310343214235171,1008,0.14186507936507936,NONE,0
944695,THG,hanover insurance,2044,1441.0,603.0,0.0,1108.0,770.0,436.0,147,20,0.3840508806262231,7276994fe3b691a33351d3624d75910566c16617a432697d5d342172678d794d,0.23897058823529413,2.2372845096940135,1008,0.14583333333333334,NONE,0
1265131,HTH,hilltop,2438,1558.0,880.0,0.0,1238.0,973.0,622.0,162,21,0.36587366694011486,7a760386ea72c5ddae3e4604fdc5f7fa942ad00c5db2a3d8dffc6bcb5912ebdf,0.5486935866983373,1.6565263196065794,1008,0.16071428571428573,SINGLE_TOKEN_SEMANTIC_RISK,1
1499505,AGRO,adecoagro s a,593,98.0,495.0,0.0,91.0,350.0,54.0,20,5,0.28836424957841483,7276994fe3b691a33351d3624d75910566c16617a432697d5d342172678d794d,0.55,1.2052156773503675,1008,0.01984126984126984,NONE,0
1108205,CRIS,curis,1844,1424.0,420.0,0.0,1283.0,386.0,341.0,68,29,0.35683297180043383,7276994fe3b691a33351d3624d75910566c16617a432697d5d342172678d794d,0.2841726618705036,2.5385392916854905,1008,0.06746031746031746,SINGLE_TOKEN_SEMANTIC_RISK,1
912593,SUI,sun communities,1997,1224.0,773.0,0.0,1017.0,714.0,620.0,170,23,0.4341512268402604,7276994fe3b691a33351d3624d75910566c16617a432697d5d342172678d794d,0.2565789473684211,2.3023101273969457,1008,0.16865079365079366,NONE,0
1232582,AHT,ashford hospitality trust,2253,1025.0,1228.0,0.0,856.0,945.0,540.0,150,25,0.3879272081668886,7276994fe3b691a33351d3624d75910566c16617a432697d5d342172678d794d,0.3151750972762646,2.3399913254014253,1008,0.1488095238095238,NONE,0
1503290,ACP,aberdeen income credit strategies fund,87,87.0,0.0,0.0,62.0,25.0,87.0,41,2,0.8620689655172413,7276994fe3b691a33351d3624d75910566c16617a432697d5d342172678d794d,0.7222222222222222,0.5908422462755826,1008,0.040674603174603176,NONE,0
911177,CWST,casella waste systems,1212,567.0,645.0,0.0,467.0,550.0,199.0,57,3,0.23432343234323433,7a760386ea72c5ddae3e4604fdc5f7fa942ad00c5db2a3d8dffc6bcb5912ebdf,0.6451612903225806,0.8829809477449342,1008,0.05654761904761905,NONE,0
819793,AIN,albany international corp de,25,24.0,1.0,0.0,24.0,1.0,18.0,7,1,0.96,7276994fe3b691a33351d3624d75910566c16617a432697d5d342172678d794d,1.0,-0.0,1008,0.006944444444444444,NONE,0
750686,CAC,camden national,894,655.0,239.0,0.0,507.0,387.0,404.0,105,14,0.4250559284116331,7276994fe3b691a33351d3624d75910566c16617a432697d5d342172678d794d,0.3116883116883117,1.9958036542686741,1008,0.10416666666666667,NONE,0
1280452,MPWR,monolithic power systems,2790,1019.0,1771.0,0.0,955.0,1094.0,481.0,169,28,0.3974910394265233,b760b1294f1c1c3c7acaf7968447dba9b64ee4ce0b10d6aa81600f9526801e12,0.3,2.4317319432858078,1008,0.16765873015873015,NONE,0
1163165,COP,conocophillips,25761,7978.0,17783.0,0.0,6790.0,9572.0,3531.0,624,78,0.2293001048095959,7a760386ea72c5ddae3e4604fdc5f7fa942ad00c5db2a3d8dffc6bcb5912ebdf,0.23962264150943396,2.92280453315422,1008,0.6190476190476191,SINGLE_TOKEN_SEMANTIC_RISK,1
1520262,ALKS,alkermes,5903,3433.0,2470.0,0.0,2655.0,2398.0,1362.0,269,52,0.4301202778248348,7a760386ea72c5ddae3e4604fdc5f7fa942ad00c5db2a3d8dffc6bcb5912ebdf,0.20185375901132852,2.706615937179529,1008,0.26686507936507936,SINGLE_TOKEN_SEMANTIC_RISK,1
320193,AAPL,AAPL,67,0.0,0.0,67.0,21.0,46.0,14.0,4,9,0.014925373134328358,84625ab1a763851f03bf27f1f4f68b3b7efe198626d098151d461cbb0e262da0,0.3157894736842105,1.9408430327407735,1008,0.003968253968253968,SINGLE_TOKEN_SEMANTIC_RISK,1
1061894,GIL,gildan activewear,2736,1526.0,1210.0,0.0,1243.0,1251.0,575.0,123,43,0.4027777777777778,7276994fe3b691a33351d3624d75910566c16617a432697d5d342172678d794d,0.21782178217821782,2.742153300016726,1008,0.12202380952380952,NONE,0
1393726,TIPT,tiptree,451,332.0,119.0,0.0,273.0,174.0,134.0,51,10,0.5388026607538803,7276994fe3b691a33351d3624d75910566c16617a432697d5d342172678d794d,0.53125,1.5474397403880369,1008,0.050595238095238096,SINGLE_TOKEN_SEMANTIC_RISK,1
790816,BDN,brandywine realty trust,1208,792.0,416.0,0.0,588.0,472.0,136.0,71,3,0.20198675496688742,b760b1294f1c1c3c7acaf7968447dba9b64ee4ce0b10d6aa81600f9526801e12,0.6666666666666666,0.8239592165010823,1008,0.07043650793650794,NONE,0
1659166,FTV,fortive,2070,935.0,1135.0,0.0,473.0,1161.0,712.0,176,14,0.2391304347826087,b760b1294f1c1c3c7acaf7968447dba9b64ee4ce0b10d6aa81600f9526801e12,0.31223628691983124,1.8592053447822336,1008,0.1746031746031746,SINGLE_TOKEN_SEMANTIC_RISK,1
1369290,MYO,myomo,342,125.0,217.0,0.0,62.0,243.0,122.0,19,6,0.12573099415204678,6d85c5fcd083a75f7715c2add959f733b76cef5669e291147c7bb4af1f38a75b,0.5714285714285714,1.2932494978490887,1008,0.018849206349206348,SINGLE_TOKEN_SEMANTIC_RISK,1
1580905,IBP,installed building products,1578,846.0,732.0,0.0,630.0,732.0,386.0,114,17,0.24397972116603295,7276994fe3b691a33351d3624d75910566c16617a432697d5d342172678d794d,0.2489451476793249,2.133467222580345,1008,0.1130952380952381,NONE,0
1383151,UUP,UUP,649,0.0,0.0,649.0,39.0,610.0,0.0,0,2,0.26040061633281975,666ae3d6d87f78f5ee9daa3e68642d1ecfed598080dcb538e55a66cc13df02b3,0.5,0.6931471805599453,1008,0.0,SINGLE_TOKEN_SEMANTIC_RISK,1
1524472,XYL,xylem,4685,2856.0,1829.0,0.0,2293.0,1707.0,1043.0,231,30,0.36136606189967985,7a760386ea72c5ddae3e4604fdc5f7fa942ad00c5db2a3d8dffc6bcb5912ebdf,0.34540750323415265,2.1863811509213855,1008,0.22916666666666666,SINGLE_TOKEN_SEMANTIC_RISK,1
1045742,LIVE,live ventures,581,325.0,256.0,0.0,343.0,212.0,149.0,33,9,0.49569707401032703,7276994fe3b691a33351d3624d75910566c16617a432697d5d342172678d794d,0.40939597315436244,1.8131193228716518,1008,0.03273809523809524,NONE,0
105744,GBR,new concept energy,493,335.0,158.0,0.0,298.0,76.0,222.0,34,11,0.39148073022312374,7276994fe3b691a33351d3624d75910566c16617a432697d5d342172678d794d,0.3968253968253968,1.6299472037793772,1008,0.03373015873015873,NONE,0
1515673,RARE,ultragenyx pharmaceutical,944,385.0,559.0,0.0,330.0,432.0,285.0,92,19,0.4216101694915254,7276994fe3b691a33351d3624d75910566c16617a432697d5d342172678d794d,0.2710843373493976,2.283492153407603,1008,0.09126984126984126,NONE,0
1062579,DOX,amdocs,3475,2585.0,890.0,0.0,1999.0,1081.0,638.0,171,36,0.3709352517985611,7a760386ea72c5ddae3e4604fdc5f7fa942ad00c5db2a3d8dffc6bcb5912ebdf,0.288,2.5284530145529396,1008,0.16964285714285715,SINGLE_TOKEN_SEMANTIC_RISK,1
1267238,AIZ,assurant,6961,3793.0,3168.0,0.0,2679.0,3433.0,930.0,218,43,0.2712253986496193,7a760386ea72c5ddae3e4604fdc5f7fa942ad00c5db2a3d8dffc6bcb5912ebdf,0.495,2.021285478891987,1008,0.21626984126984128,SINGLE_TOKEN_SEMANTIC_RISK,1
1422143,KURA,kura oncology,485,158.0,327.0,0.0,87.0,357.0,154.0,31,5,0.18762886597938144,b760b1294f1c1c3c7acaf7968447dba9b64ee4ce0b10d6aa81600f9526801e12,0.27586206896551724,1.562106636180645,1008,0.030753968253968252,NONE,0
898437,ANIK,anika therapeutics,2178,503.0,1675.0,0.0,346.0,1305.0,135.0,49,7,0.38659320477502296,7a760386ea72c5ddae3e4604fdc5f7fa942ad00c5db2a3d8dffc6bcb5912ebdf,0.25,1.7532405233408244,1008,0.04861111111111111,NONE,0
1032220,MMS,maximus,3064,2112.0,952.0,0.0,1729.0,940.0,677.0,178,32,0.35574412532637073,7276994fe3b691a33351d3624d75910566c16617a432697d5d342172678d794d,0.2,2.469550808334051,1008,0.1765873015873016,SINGLE_TOKEN_SEMANTIC_RISK,1
14930,BC,brunswick,8348,4008.0,4340.0,0.0,4369.0,2160.0,951.0,326,37,0.1562050790608529,7276994fe3b691a33351d3624d75910566c16617a432697d5d342172678d794d,0.22727272727272727,2.618507750495904,1008,0.32341269841269843,SINGLE_TOKEN_SEMANTIC_RISK,1
1541157,AKTX,akari therapeutics,882,115.0,767.0,0.0,126.0,190.0,87.0,22,7,0.12018140589569161,6d85c5fcd083a75f7715c2add959f733b76cef5669e291147c7bb4af1f38a75b,0.45714285714285713,1.5585114156760451,1008,0.021825396825396824,NONE,0
1051470,CCI,crown castle,8752,4371.0,4381.0,0.0,3528.0,3272.0,1970.0,434,54,0.35054844606946983,7a760386ea72c5ddae3e4604fdc5f7fa942ad00c5db2a3d8dffc6bcb5912ebdf,0.21189894050529748,2.650466012005993,1008,0.4305555555555556,NONE,0
842162,LEA,lear corp,1320,237.0,1083.0,0.0,231.0,682.0,203.0,78,5,0.3159090909090909,b760b1294f1c1c3c7acaf7968447dba9b64ee4ce0b10d6aa81600f9526801e12,0.6428571428571429,1.069992229026357,1008,0.07738095238095238,NONE,0
1649989,OTLK,oncobiologics,74,62.0,12.0,0.0,61.0,8.0,0.0,0,1,0.013513513513513514,84625ab1a763851f03bf27f1f4f68b3b7efe198626d098151d461cbb0e262da0,1.0,-0.0,1008,0.0,SINGLE_TOKEN_SEMANTIC_RISK,1
275880,PSN,parsons,2312,1046.0,1266.0,0.0,1038.0,579.0,167.0,54,18,0.061418685121107264,b760b1294f1c1c3c7acaf7968447dba9b64ee4ce0b10d6aa81600f9526801e12,0.35964912280701755,2.0447321806537566,670,0.08059701492537313,SINGLE_TOKEN_SEMANTIC_RISK,1
1600620,AUPH,aurinia pharmaceuticals,1145,433.0,712.0,0.0,366.0,586.0,408.0,111,14,0.22969432314410482,7276994fe3b691a33351d3624d75910566c16617a432697d5d342172678d794d,0.29559748427672955,2.1461466748793017,1008,0.11011904761904762,NONE,0
1160308,SVRA,mast therapeutics,443,424.0,19.0,0.0,382.0,60.0,4.0,1,16,0.0,7276994fe3b691a33351d3624d75910566c16617a432697d5d342172678d794d,0.32558139534883723,1.8893068545006069,1008,0.000992063492063492,NONE,0
912061,NHTC,natural health trends,440,314.0,126.0,0.0,228.0,175.0,103.0,27,7,0.10681818181818181,7276994fe3b691a33351d3624d75910566c16617a432697d5d342172678d794d,0.2222222222222222,1.8282687031351577,1008,0.026785714285714284,NONE,0
1401257,FET,forum energy technologies,1064,735.0,329.0,0.0,676.0,235.0,346.0,81,22,0.4351503759398496,7276994fe3b691a33351d3624d75910566c16617a432697d5d342172678d794d,0.3305785123966942,2.33147641026219,1008,0.08035714285714286,NONE,0
1725964,NTR,nutrien,3036,1005.0,2031.0,0.0,533.0,1823.0,922.0,216,7,0.264163372859025,b760b1294f1c1c3c7acaf7968447dba9b64ee4ce0b10d6aa81600f9526801e12,0.6820512820512821,0.9337308640973103,1008,0.21428571428571427,SINGLE_TOKEN_SEMANTIC_RISK,1
1120914,PDFS,pdf solutions,769,585.0,184.0,0.0,509.0,180.0,138.0,53,13,0.4668400520156047,7276994fe3b691a33351d3624d75910566c16617a432697d5d342172678d794d,0.24822695035460993,1.981238265865112,1008,0.05257936507936508,NONE,0
1567683,CWEN,clearway energy,1471,246.0,1225.0,0.0,179.0,699.0,289.0,105,3,0.004758667573079538,7a760386ea72c5ddae3e4604fdc5f7fa942ad00c5db2a3d8dffc6bcb5912ebdf,0.8095238095238095,0.6189407438569727,1008,0.10416666666666667,PUBLISHER_CONCENTRATION_GE_80_PERCENT,1
1013857,PEGA,pegasystems,3185,1419.0,1766.0,0.0,1083.0,1364.0,242.0,100,7,0.16012558869701726,7a760386ea72c5ddae3e4604fdc5f7fa942ad00c5db2a3d8dffc6bcb5912ebdf,0.42,1.5198170311220984,1008,0.0992063492063492,SINGLE_TOKEN_SEMANTIC_RISK,1
1144800,TAC,transalta,2737,2022.0,715.0,0.0,1846.0,730.0,394.0,131,17,0.26342710997442453,7276994fe3b691a33351d3624d75910566c16617a432697d5d342172678d794d,0.3568904593639576,1.9907022482866745,1008,0.12996031746031747,SINGLE_TOKEN_SEMANTIC_RISK,1
1304492,ATEX,pacific datavision,111,110.0,1.0,0.0,78.0,32.0,0.0,0,2,0.0,7276994fe3b691a33351d3624d75910566c16617a432697d5d342172678d794d,0.972972972972973,0.12425083738963087,1008,0.0,PUBLISHER_CONCENTRATION_GE_80_PERCENT,1
73290,BMRA,biomerica,513,170.0,343.0,0.0,141.0,171.0,172.0,19,2,0.09551656920077972,6d85c5fcd083a75f7715c2add959f733b76cef5669e291147c7bb4af1f38a75b,0.5,0.6931471805599453,1008,0.018849206349206348,SINGLE_TOKEN_SEMANTIC_RISK,1
1433270,AR,antero resources,4632,1755.0,2877.0,0.0,1397.0,1790.0,1211.0,267,17,0.35168393782383417,7276994fe3b691a33351d3624d75910566c16617a432697d5d342172678d794d,0.3376383763837638,1.9637377141940389,1008,0.2648809523809524,NONE,0
883237,VRTS,duff phelps,1136,883.0,253.0,0.0,706.0,336.0,148.0,71,9,0.0017605633802816902,b760b1294f1c1c3c7acaf7968447dba9b64ee4ce0b10d6aa81600f9526801e12,0.5119047619047619,1.2729520377560197,1008,0.07043650793650794,NONE,0
1478454,EBMT,eagle bancorp montana,385,305.0,80.0,0.0,0.0,364.0,121.0,52,15,0.5012987012987012,7a760386ea72c5ddae3e4604fdc5f7fa942ad00c5db2a3d8dffc6bcb5912ebdf,0.3088235294117647,2.150781399783913,1008,0.051587301587301584,NONE,0
1483994,HTHT,huazhu,598,338.0,260.0,0.0,298.0,229.0,477.0,138,8,0.5702341137123745,b760b1294f1c1c3c7acaf7968447dba9b64ee4ce0b10d6aa81600f9526801e12,0.37410071942446044,1.4842005220913288,1008,0.13690476190476192,SINGLE_TOKEN_SEMANTIC_RISK,1
1372299,OCGN,histogenics,510,423.0,87.0,0.0,404.0,98.0,216.0,43,15,0.06470588235294118,7276994fe3b691a33351d3624d75910566c16617a432697d5d342172678d794d,0.3333333333333333,2.07428733266611,1008,0.04265873015873016,SINGLE_TOKEN_SEMANTIC_RISK,1
1053706,CRAI,charles river associates,1125,437.0,688.0,0.0,401.0,669.0,83.0,23,8,0.304,7a760386ea72c5ddae3e4604fdc5f7fa942ad00c5db2a3d8dffc6bcb5912ebdf,0.3384615384615385,1.6959023840884826,1008,0.022817460317460316,NONE,0
33992,KINS,kingstone companies,495,307.0,188.0,0.0,249.0,192.0,155.0,66,11,0.503030303030303,7276994fe3b691a33351d3624d75910566c16617a432697d5d342172678d794d,0.425,1.5362563497715616,1008,0.06547619047619048,NONE,0
1477641,DQ,daqo new energy,3068,1115.0,1953.0,0.0,928.0,1331.0,862.0,208,26,0.3970013037809648,7a760386ea72c5ddae3e4604fdc5f7fa942ad00c5db2a3d8dffc6bcb5912ebdf,0.34444444444444444,2.1630681029975025,1008,0.20634920634920634,NONE,0
1040829,RHP,ryman hospitality properties,1407,733.0,674.0,0.0,630.0,498.0,389.0,131,9,0.3212508884150675,b760b1294f1c1c3c7acaf7968447dba9b64ee4ce0b10d6aa81600f9526801e12,0.35944700460829493,1.6851059113595777,1008,0.12996031746031747,NONE,0
1547459,NGVC,natural grocers by vitamin cottage,541,303.0,238.0,0.0,281.0,192.0,191.0,60,13,0.46210720887245843,7276994fe3b691a33351d3624d75910566c16617a432697d5d342172678d794d,0.25287356321839083,2.1335093693538747,1008,0.05952380952380952,NONE,0
1171486,NRP,natural resource partners lp,383,93.0,290.0,0.0,47.0,280.0,87.0,39,7,0.4621409921671018,1b425b87521ec0ab5e4c02aa6bbf44fa197505a03a1fa7f593d749168cc34d2f,0.3,1.7262612680766163,1008,0.03869047619047619,NONE,0
1162027,AFB,alliancebernstein national municipal income fund,434,411.0,23.0,0.0,412.0,21.0,39.0,16,4,0.08986175115207373,b760b1294f1c1c3c7acaf7968447dba9b64ee4ce0b10d6aa81600f9526801e12,0.5882352941176471,1.0710178890244566,1008,0.015873015873015872,NONE,0
32621,MSN,emerson radio,251,232.0,19.0,0.0,230.0,9.0,16.0,6,10,0.398406374501992,1b425b87521ec0ab5e4c02aa6bbf44fa197505a03a1fa7f593d749168cc34d2f,0.4716981132075472,1.6178963064931697,1008,0.005952380952380952,NONE,0
1086600,ARLP,alliance resource partners lp,469,110.0,359.0,0.0,84.0,301.0,78.0,36,2,0.509594882729211,b760b1294f1c1c3c7acaf7968447dba9b64ee4ce0b10d6aa81600f9526801e12,0.9375,0.2337916587064593,1008,0.03571428571428571,PUBLISHER_CONCENTRATION_GE_80_PERCENT,1
1651625,ACIU,ac immune sa,357,28.0,329.0,0.0,70.0,169.0,169.0,37,1,0.19887955182072828,b760b1294f1c1c3c7acaf7968447dba9b64ee4ce0b10d6aa81600f9526801e12,1.0,-0.0,1008,0.03670634920634921,PUBLISHER_CONCENTRATION_GE_80_PERCENT,1
1552670,TAOP,china information technology,438,344.0,94.0,0.0,326.0,58.0,42.0,14,15,0.0045662100456621,b760b1294f1c1c3c7acaf7968447dba9b64ee4ce0b10d6aa81600f9526801e12,0.2714285714285714,2.3296134694925694,1008,0.013888888888888888,NONE,0
1660134,OKTA,okta inc,1814,155.0,1659.0,0.0,118.0,1220.0,396.0,143,1,0.3059536934950386,b760b1294f1c1c3c7acaf7968447dba9b64ee4ce0b10d6aa81600f9526801e12,1.0,-0.0,1008,0.14186507936507936,PUBLISHER_CONCENTRATION_GE_80_PERCENT,1
1488813,CUBI,customers bancorp,1321,731.0,590.0,0.0,0.0,1122.0,306.0,100,13,0.4186222558667676,7276994fe3b691a33351d3624d75910566c16617a432697d5d342172678d794d,0.37777777777777777,1.755905767032149,1008,0.0992063492063492,NONE,0
1026980,APWC,asia pacific wire cable,265,198.0,67.0,0.0,186.0,33.0,57.0,15,6,0.3283018867924528,7276994fe3b691a33351d3624d75910566c16617a432697d5d342172678d794d,0.48717948717948717,1.4271837940327177,1008,0.01488095238095238,NONE,0
276720,PCYO,pure cycle,537,297.0,240.0,0.0,281.0,236.0,71.0,32,10,0.44878957169459965,7276994fe3b691a33351d3624d75910566c16617a432697d5d342172678d794d,0.2948717948717949,1.8181292639983269,1008,0.031746031746031744,NONE,0
1178970,PFS,provident financial services,787,487.0,300.0,0.0,0.0,774.0,151.0,69,18,0.5006353240152478,7276994fe3b691a33351d3624d75910566c16617a432697d5d342172678d794d,0.21951219512195122,2.2948175008475076,1008,0.06845238095238096,NONE,0
1281926,ETO,eaton vance tax advantaged global dividend opportunities fund,158,154.0,4.0,0.0,144.0,14.0,2.0,1,2,0.0379746835443038,899feb94f03b699155327981274efda4d980eba15273b69e3928a653287f0f0a,0.5,0.6931471805599453,1008,0.000992063492063492,NONE,0
1635282,RMNI,rimini street,552,438.0,114.0,0.0,295.0,230.0,73.0,29,5,0.11956521739130435,54cdaa1af72fd153cc9dc0d244fb43a089e1f19b0524cbb0e47b632c54047c9d,0.3888888888888889,1.4264444338582805,1008,0.028769841269841268,NONE,0
1119083,MNDO,mind cti,122,115.0,7.0,0.0,118.0,1.0,0.0,0,1,0.040983606557377046,647c4bb90920981969c9cd5f4811290affd25d6b331446e32db481aecb1963f7,1.0,-0.0,1008,0.0,PUBLISHER_CONCENTRATION_GE_80_PERCENT,1
1173489,CEVA,ceva inc,874,514.0,360.0,0.0,468.0,357.0,111.0,41,11,0.3684210526315789,b760b1294f1c1c3c7acaf7968447dba9b64ee4ce0b10d6aa81600f9526801e12,0.25,1.9639926192583257,1008,0.040674603174603176,NONE,0
879635,MPB,mid penn bancorp,513,351.0,162.0,0.0,1.0,456.0,116.0,40,12,0.47953216374269003,7276994fe3b691a33351d3624d75910566c16617a432697d5d342172678d794d,0.40476190476190477,1.8009511296660918,1008,0.03968253968253968,NONE,0
1377789,AVNW,harris stratex networks,208,208.0,0.0,0.0,208.0,0.0,0.0,0,0,0.0,,0.0,0.0,1008,0.0,NONE,0
1049521,MRCY,mercury computer systems,637,624.0,13.0,0.0,598.0,35.0,8.0,7,20,0.20722135007849293,1b425b87521ec0ab5e4c02aa6bbf44fa197505a03a1fa7f593d749168cc34d2f,0.25396825396825395,2.5518757484546812,1008,0.006944444444444444,NONE,0
886043,MMU,western asset managed municipals fund,253,242.0,11.0,0.0,165.0,84.0,26.0,26,0,0.31620553359683795,,0.0,0.0,1008,0.025793650793650792,NONE,0
1175151,CTSO,medasorb technologies,36,36.0,0.0,0.0,36.0,0.0,0.0,0,0,0.0,,0.0,0.0,1008,0.0,NONE,0
1640266,VYGR,voyager therapeutics,684,176.0,508.0,0.0,90.0,407.0,221.0,63,6,0.260233918128655,7276994fe3b691a33351d3624d75910566c16617a432697d5d342172678d794d,0.4,1.454867109266288,1008,0.0625,NONE,0
1095052,PLG,platinum group metals ltd,261,122.0,139.0,0.0,112.0,110.0,25.0,2,1,0.13026819923371646,7a760386ea72c5ddae3e4604fdc5f7fa942ad00c5db2a3d8dffc6bcb5912ebdf,1.0,-0.0,1008,0.001984126984126984,PUBLISHER_CONCENTRATION_GE_80_PERCENT,1
19584,CHE,roto rooter,75,62.0,13.0,0.0,62.0,5.0,5.0,2,1,0.02666666666666667,7276994fe3b691a33351d3624d75910566c16617a432697d5d342172678d794d,1.0,-0.0,1008,0.001984126984126984,NONE,0
1567569,FPF,first trust intermediate duration preferred income fund,216,135.0,81.0,0.0,103.0,113.0,20.0,18,3,0.2175925925925926,7276994fe3b691a33351d3624d75910566c16617a432697d5d342172678d794d,0.8571428571428571,0.509137344082687,1008,0.017857142857142856,PUBLISHER_CONCENTRATION_GE_80_PERCENT,1
860730,HCA,hca holdings inc,1589,157.0,1432.0,0.0,322.0,924.0,27.0,14,9,0.2850849590937697,1b425b87521ec0ab5e4c02aa6bbf44fa197505a03a1fa7f593d749168cc34d2f,0.42857142857142855,1.5202320625666004,1008,0.013888888888888888,NONE,0
1510599,PDI,pimco dynamic income fund,236,86.0,150.0,0.0,70.0,102.0,26.0,23,1,0.4152542372881356,7276994fe3b691a33351d3624d75910566c16617a432697d5d342172678d794d,1.0,-0.0,1008,0.022817460317460316,PUBLISHER_CONCENTRATION_GE_80_PERCENT,1
891532,PESI,perma fix environmental services,357,200.0,157.0,0.0,201.0,116.0,56.0,24,12,0.5070028011204482,7276994fe3b691a33351d3624d75910566c16617a432697d5d342172678d794d,0.6031746031746031,1.4634034002004388,1008,0.023809523809523808,NONE,0
1566388,DSL,doubleline income solutions fund,214,105.0,109.0,0.0,99.0,51.0,26.0,20,0,0.2897196261682243,,0.0,0.0,1008,0.01984126984126984,NONE,0
1527599,SYBX,mirna therapeutics,168,136.0,32.0,0.0,124.0,33.0,0.0,0,1,0.0,7a760386ea72c5ddae3e4604fdc5f7fa942ad00c5db2a3d8dffc6bcb5912ebdf,1.0,-0.0,1008,0.0,PUBLISHER_CONCENTRATION_GE_80_PERCENT,1
866374,FLEX,flextronics international,622,302.0,320.0,0.0,280.0,253.0,13.0,6,22,0.4887459807073955,1b425b87521ec0ab5e4c02aa6bbf44fa197505a03a1fa7f593d749168cc34d2f,0.20168067226890757,2.6263238650058383,1008,0.005952380952380952,NONE,0
1614806,RPT,great ajax,288,117.0,171.0,0.0,50.0,162.0,85.0,27,2,0.0,7a760386ea72c5ddae3e4604fdc5f7fa942ad00c5db2a3d8dffc6bcb5912ebdf,0.8,0.5004024235381879,1008,0.026785714285714284,PUBLISHER_CONCENTRATION_GE_80_PERCENT,1
1437958,CCB,coastal financial,193,30.0,163.0,0.0,4.0,151.0,68.0,19,0,0.21761658031088082,,0.0,0.0,872,0.021788990825688075,NONE,0
1290109,LPL,lg philips lcd,66,48.0,18.0,0.0,44.0,6.0,0.0,0,1,0.0,215816bf42103f1f2b24c168779f1fb0ea3afcb7a2c627e42e0bcd7fe07eb70a,1.0,-0.0,1008,0.0,NONE,0
917851,VALE,companhia vale do rio doce,37,4.0,33.0,0.0,3.0,2.0,0.0,0,1,0.24324324324324326,215816bf42103f1f2b24c168779f1fb0ea3afcb7a2c627e42e0bcd7fe07eb70a,1.0,-0.0,1008,0.0,NONE,0
1450445,NUW,nuveen municipal value fund 2,6,6.0,0.0,0.0,0.0,6.0,0.0,0,0,0.0,,0.0,0.0,1008,0.0,NONE,0
1053988,MUJ,blackrock muniholdings new jersey quality fund,8,6.0,2.0,0.0,6.0,0.0,0.0,0,0,0.25,,0.0,0.0,0,0.0,NONE,0
1606163,LMB,1347 capital,31,28.0,3.0,0.0,26.0,5.0,0.0,0,2,0.0,54cdaa1af72fd153cc9dc0d244fb43a089e1f19b0524cbb0e47b632c54047c9d,0.5,0.6931471805599453,1008,0.0,NONE,0
1644378,RMR,reit management research,53,6.0,47.0,0.0,19.0,18.0,0.0,0,0,0.0,,0.0,0.0,1008,0.0,NONE,0
937966,ASML,ASML,1686,0.0,0.0,1686.0,336.0,1350.0,316.0,103,0,0.24139976275207592,,0.0,0.0,1008,0.10218253968253968,SINGLE_TOKEN_SEMANTIC_RISK,1
2115436,XOM,XOM,4932,0.0,0.0,4932.0,914.0,4018.0,1219.0,366,4,0.11273317112733171,1b425b87521ec0ab5e4c02aa6bbf44fa197505a03a1fa7f593d749168cc34d2f,0.4642857142857143,1.1002838541029956,1008,0.3630952380952381,SINGLE_TOKEN_SEMANTIC_RISK,1
1077688,HOFT,hooker furnishings,177,12.0,165.0,0.0,3.0,119.0,2.0,2,0,0.13559322033898305,,0.0,0.0,1008,0.001984126984126984,NONE,0
1526125,GDS,gds holdings ltd,109,1.0,108.0,0.0,8.0,51.0,12.0,11,0,0.46788990825688076,,0.0,0.0,1008,0.010912698412698412,NONE,0
1045742,LIVE,renaissance international,696,19.0,677.0,0.0,33.0,48.0,8.0,5,0,0.0,,0.0,0.0,1008,0.00496031746031746,NONE,0
897448,AMRN,AMRN,230,0.0,0.0,230.0,28.0,202.0,179.0,84,2,0.021739130434782608,08f472aed74b038b1cd05a1e3cd5afd5b1a5ccd3c9ab2b14bf706239f26376a8,0.5,0.6931471805599453,1008,0.08333333333333333,SINGLE_TOKEN_SEMANTIC_RISK,1
1653558,PRTH,priority technology,121,17.0,104.0,0.0,5.0,98.0,67.0,13,0,0.2727272727272727,,0.0,0.0,1008,0.012896825396825396,NONE,0
1328237,DBC,powershares db commodity index tracking fund,236,5.0,231.0,0.0,9.0,77.0,15.0,4,0,0.2627118644067797,,0.0,0.0,1008,0.003968253968253968,NONE,0
1342874,TX,TX,129,0.0,0.0,129.0,53.0,76.0,32.0,18,0,0.20930232558139536,,0.0,0.0,1008,0.017857142857142856,SINGLE_TOKEN_SEMANTIC_RISK,1
1086222,AKAM,AKAM,210,0.0,0.0,210.0,41.0,169.0,102.0,33,0,0.24285714285714285,,0.0,0.0,1008,0.03273809523809524,SINGLE_TOKEN_SEMANTIC_RISK,1
927628,COF,COF,746,0.0,0.0,746.0,281.0,465.0,332.0,142,2,0.3806970509383378,deb56840b9cdc03f6c4ee4d521ae2d441afded63a6b8dfc35db2427b482be521,0.8181818181818182,0.47413931305783735,1008,0.14087301587301587,PUBLISHER_CONCENTRATION_GE_80_PERCENT|SINGLE_TOKEN_SEMANTIC_RISK,2
1286681,DPZ,dominos pizza,2157,226.0,1931.0,0.0,179.0,1374.0,330.0,124,9,0.3801576263328697,8294547e9fe9367f291a22598513d897928d1a0eeb713ca2b41f31977192c5d1,0.3939393939393939,1.7505062281338617,1008,0.12301587301587301,NONE,0
1357615,KBR,KBR,123,0.0,0.0,123.0,7.0,116.0,15.0,4,2,0.04878048780487805,3d7562b7b1e0cd6ff62f45eb1b96402cfbbbfa6437b0a62017c094599951ad98,0.5,0.6931471805599453,1008,0.003968253968253968,SINGLE_TOKEN_SEMANTIC_RISK,1
1304492,ATEX,anterix,264,163.0,101.0,0.0,15.0,233.0,92.0,26,1,0.2803030303030303,b760b1294f1c1c3c7acaf7968447dba9b64ee4ce0b10d6aa81600f9526801e12,1.0,-0.0,1008,0.025793650793650792,PUBLISHER_CONCENTRATION_GE_80_PERCENT|SINGLE_TOKEN_SEMANTIC_RISK,2
1069533,RGCO,RGCO,88,0.0,0.0,88.0,0.0,88.0,37.0,19,0,0.25,,0.0,0.0,1008,0.018849206349206348,SINGLE_TOKEN_SEMANTIC_RISK,1
1730168,AVGO,AVGO,150,0.0,0.0,150.0,94.0,56.0,14.0,7,3,0.5866666666666667,deb56840b9cdc03f6c4ee4d521ae2d441afded63a6b8dfc35db2427b482be521,0.9347826086956522,0.28260010657728896,1008,0.006944444444444444,PUBLISHER_CONCENTRATION_GE_80_PERCENT|SINGLE_TOKEN_SEMANTIC_RISK,2
1383149,UDN,powershares db us dollar index bearish fund,19,0.0,19.0,0.0,2.0,5.0,0.0,0,0,0.3157894736842105,,0.0,0.0,0,0.0,NONE,0
1383062,DBE,invesco db energy fund,134,9.0,125.0,0.0,7.0,14.0,11.0,6,1,0.17164179104477612,7a760386ea72c5ddae3e4604fdc5f7fa942ad00c5db2a3d8dffc6bcb5912ebdf,1.0,-0.0,1008,0.005952380952380952,PUBLISHER_CONCENTRATION_GE_80_PERCENT,1
1159036,HALO,HALO,22,0.0,0.0,22.0,11.0,11.0,2.0,2,2,0.7272727272727273,1b425b87521ec0ab5e4c02aa6bbf44fa197505a03a1fa7f593d749168cc34d2f,0.8,0.5004024235381879,1008,0.001984126984126984,SINGLE_TOKEN_SEMANTIC_RISK,1
1590364,FTAI,ftai aviation,94,30.0,64.0,0.0,13.0,72.0,0.0,0,0,0.5319148936170213,,0.0,0.0,1008,0.0,NONE,0
855886,PDT,PDT,11,0.0,0.0,11.0,3.0,8.0,3.0,1,0,0.2727272727272727,,0.0,0.0,1008,0.000992063492063492,SINGLE_TOKEN_SEMANTIC_RISK,1
1158449,AAP,AAP,86,0.0,0.0,86.0,68.0,18.0,4.0,1,1,0.7790697674418605,deb56840b9cdc03f6c4ee4d521ae2d441afded63a6b8dfc35db2427b482be521,1.0,-0.0,1008,0.000992063492063492,SINGLE_TOKEN_SEMANTIC_RISK,1
1013488,BJRI,BJRI,310,0.0,0.0,310.0,33.0,277.0,198.0,77,1,0.4096774193548387,d014d5a638eac5b2d935d6b6b173e4769692dc2a63efe5b382d586866929bd06,1.0,-0.0,1008,0.0763888888888889,PUBLISHER_CONCENTRATION_GE_80_PERCENT|SINGLE_TOKEN_SEMANTIC_RISK,2
1684425,PETZ,tdh holdings inc,116,6.0,110.0,0.0,3.0,37.0,23.0,8,0,0.16379310344827586,,0.0,0.0,1008,0.007936507936507936,NONE,0
913341,CFFI,c f financial corp,65,22.0,43.0,0.0,25.0,40.0,12.0,3,4,0.47692307692307695,b760b1294f1c1c3c7acaf7968447dba9b64ee4ce0b10d6aa81600f9526801e12,0.6666666666666666,1.0027182645175161,1008,0.002976190476190476,NONE,0
1047127,AMKR,AMKR,10,0.0,0.0,10.0,0.0,10.0,0.0,0,0,0.1,,0.0,0.0,1008,0.0,SINGLE_TOKEN_SEMANTIC_RISK,1
1116942,TTMI,TTMI,115,0.0,0.0,115.0,6.0,109.0,43.0,29,0,0.5565217391304348,,0.0,0.0,1008,0.028769841269841268,SINGLE_TOKEN_SEMANTIC_RISK,1
1332283,BDJ,blackrock enhanced equity dividend trust,57,36.0,21.0,0.0,19.0,38.0,25.0,20,0,0.6666666666666666,,0.0,0.0,1008,0.01984126984126984,NONE,0
1415311,YCS,VIXY,5,0.0,0.0,5.0,2.0,3.0,0.0,0,0,0.0,,0.0,0.0,1008,0.0,SINGLE_TOKEN_SEMANTIC_RISK,1
1507079,FND,FND,58,0.0,0.0,58.0,5.0,53.0,4.0,2,0,0.2413793103448276,,0.0,0.0,1008,0.001984126984126984,SINGLE_TOKEN_SEMANTIC_RISK,1
1383057,DBP,powershares db precious metals fund,34,0.0,34.0,0.0,0.0,7.0,0.0,0,0,0.20588235294117646,,0.0,0.0,1008,0.0,NONE,0
846913,FTEK,FTEK,1,0.0,0.0,1.0,0.0,1.0,0.0,0,0,0.0,,0.0,0.0,1008,0.0,SINGLE_TOKEN_SEMANTIC_RISK,1
1415921,NMM,NMM,42,0.0,0.0,42.0,17.0,25.0,21.0,8,0,0.2857142857142857,,0.0,0.0,1008,0.007936507936507936,SINGLE_TOKEN_SEMANTIC_RISK,1
1476765,GBDC,GBDC,13,0.0,0.0,13.0,0.0,13.0,1.0,1,0,0.23076923076923078,,0.0,0.0,1008,0.000992063492063492,SINGLE_TOKEN_SEMANTIC_RISK,1
1564708,NWS,NWS,3,0.0,0.0,3.0,2.0,1.0,0.0,0,0,0.3333333333333333,,0.0,0.0,1008,0.0,SINGLE_TOKEN_SEMANTIC_RISK,1
1508475,VNET,21 vianet,17,5.0,12.0,0.0,4.0,3.0,0.0,0,1,0.4117647058823529,1b425b87521ec0ab5e4c02aa6bbf44fa197505a03a1fa7f593d749168cc34d2f,1.0,-0.0,1008,0.0,NONE,0
1163165,COP,COP,55,0.0,0.0,55.0,8.0,47.0,12.0,5,1,0.32727272727272727,84625ab1a763851f03bf27f1f4f68b3b7efe198626d098151d461cbb0e262da0,1.0,-0.0,1008,0.00496031746031746,SINGLE_TOKEN_SEMANTIC_RISK,1
1548717,LDP,cohen steers low duration preferred income fund,2,0.0,2.0,0.0,0.0,2.0,2.0,1,0,0.0,,0.0,0.0,1008,0.000992063492063492,NONE,0
1025996,KRC,KRC,7,0.0,0.0,7.0,3.0,4.0,3.0,1,0,0.14285714285714285,,0.0,0.0,1008,0.000992063492063492,SINGLE_TOKEN_SEMANTIC_RISK,1
1515673,RARE,RARE,10,0.0,0.0,10.0,5.0,5.0,6.0,3,1,0.4,deb56840b9cdc03f6c4ee4d521ae2d441afded63a6b8dfc35db2427b482be521,1.0,-0.0,1008,0.002976190476190476,SINGLE_TOKEN_SEMANTIC_RISK,1
1459862,PALL,etfs palladium trust,16,2.0,14.0,0.0,5.0,5.0,0.0,0,0,0.3125,,0.0,0.0,0,0.0,NONE,0
1141688,LARK,landmark merger,19,4.0,15.0,0.0,7.0,12.0,7.0,3,1,0.0,7b3c334a7adabd52d2a9275ad786d3e99588ab2d2099eede4ca375aed25998af,1.0,-0.0,1008,0.002976190476190476,NONE,0
887225,KEP,KEP,3,0.0,0.0,3.0,0.0,3.0,0.0,0,0,0.0,,0.0,0.0,1008,0.0,SINGLE_TOKEN_SEMANTIC_RISK,1
1257640,KRO,KRO,4,0.0,0.0,4.0,0.0,4.0,4.0,1,0,0.25,,0.0,0.0,1008,0.000992063492063492,SINGLE_TOKEN_SEMANTIC_RISK,1
1600620,AUPH,AUPH,38,0.0,0.0,38.0,32.0,6.0,6.0,2,3,0.8421052631578947,deb56840b9cdc03f6c4ee4d521ae2d441afded63a6b8dfc35db2427b482be521,0.6875,0.7774621319109287,1008,0.001984126984126984,SINGLE_TOKEN_SEMANTIC_RISK,1
1432364,AZUL,AZUL,62,0.0,0.0,62.0,26.0,36.0,39.0,25,0,0.0,,0.0,0.0,1008,0.0248015873015873,SINGLE_TOKEN_SEMANTIC_RISK,1
1393052,VEEV,VEEV,34,0.0,0.0,34.0,9.0,25.0,24.0,11,3,0.3235294117647059,1b425b87521ec0ab5e4c02aa6bbf44fa197505a03a1fa7f593d749168cc34d2f,0.5555555555555556,0.9368883075390159,1008,0.010912698412698412,SINGLE_TOKEN_SEMANTIC_RISK,1
916183,RCS,pimco strategic income fund,88,62.0,26.0,0.0,34.0,32.0,0.0,0,1,0.45454545454545453,7276994fe3b691a33351d3624d75910566c16617a432697d5d342172678d794d,1.0,-0.0,0,0.0,NONE,0
1665300,PHUN,stellar acquisition iii,76,76.0,0.0,0.0,54.0,22.0,0.0,0,1,0.0,b760b1294f1c1c3c7acaf7968447dba9b64ee4ce0b10d6aa81600f9526801e12,1.0,-0.0,1008,0.0,NONE,0
1788451,LIFE,ethos technologies,4,4.0,0.0,0.0,4.0,0.0,0.0,0,0,0.0,,0.0,0.0,1008,0.0,NONE,0
1493683,BBN,blackrock build america bond trust,12,12.0,0.0,0.0,12.0,0.0,0.0,0,0,0.0,,0.0,0.0,1008,0.0,NONE,0
1412486,COCP,biozone pharmaceuticals,16,16.0,0.0,0.0,16.0,0.0,0.0,0,0,0.0,,0.0,0.0,1008,0.0,NONE,0
317788,APPS,mandalay media,58,58.0,0.0,0.0,56.0,2.0,0.0,0,0,0.0,,0.0,0.0,1008,0.0,NONE,0
1385763,JCE,nuveen core equity alpha fund,16,16.0,0.0,0.0,16.0,0.0,4.0,2,1,0.25,7276994fe3b691a33351d3624d75910566c16617a432697d5d342172678d794d,1.0,-0.0,1008,0.001984126984126984,NONE,0
1386067,EOD,evergreen global dividend opportunity fund,2,2.0,0.0,0.0,2.0,0.0,0.0,0,0,0.0,,0.0,0.0,1008,0.0,NONE,0
788965,HNRG,hallador petroleum,2,2.0,0.0,0.0,2.0,0.0,0.0,0,0,0.0,,0.0,0.0,1008,0.0,NONE,0
889331,LFUS,LFUS,34,0.0,0.0,34.0,11.0,23.0,18.0,9,0,0.0,,0.0,0.0,1008,0.008928571428571428,SINGLE_TOKEN_SEMANTIC_RISK,1
1029199,EEFT,euronet services,10,0.0,10.0,0.0,0.0,0.0,0.0,0,0,0.2,,0.0,0.0,1008,0.0,NONE,0
2110423,DTSS,DTSS,15,0.0,0.0,15.0,0.0,15.0,15.0,6,0,0.3333333333333333,,0.0,0.0,988,0.006072874493927126,SINGLE_TOKEN_SEMANTIC_RISK,1
1097864,ON,ON,29,0.0,0.0,29.0,6.0,23.0,0.0,0,0,0.3103448275862069,,0.0,0.0,1008,0.0,SINGLE_TOKEN_SEMANTIC_RISK,1
1063259,DNN,DNN,3,0.0,0.0,3.0,0.0,3.0,0.0,0,0,0.0,,0.0,0.0,1008,0.0,SINGLE_TOKEN_SEMANTIC_RISK,1
106535,WY,WY,10,0.0,0.0,10.0,1.0,9.0,0.0,0,0,0.3,,0.0,0.0,1008,0.0,SINGLE_TOKEN_SEMANTIC_RISK,1
1393434,OCUL,OCUL,10,0.0,0.0,10.0,10.0,0.0,4.0,1,2,1.0,1b425b87521ec0ab5e4c02aa6bbf44fa197505a03a1fa7f593d749168cc34d2f,0.6,0.6730116670092565,1008,0.000992063492063492,SINGLE_TOKEN_SEMANTIC_RISK,1
1267902,WIW,western asset claymore inflation linked opportunities income fund,8,6.0,2.0,0.0,6.0,2.0,4.0,2,1,0.5,7276994fe3b691a33351d3624d75910566c16617a432697d5d342172678d794d,1.0,-0.0,1008,0.001984126984126984,NONE,0
1119639,PBR-A,petrobras petroleo brasileiro sa,12,8.0,4.0,0.0,10.0,0.0,8.0,1,1,0.0,b760b1294f1c1c3c7acaf7968447dba9b64ee4ce0b10d6aa81600f9526801e12,1.0,-0.0,1008,0.000992063492063492,NONE,0
1082554,UTHR,UTHR,28,0.0,0.0,28.0,20.0,8.0,8.0,1,2,0.8571428571428571,deb56840b9cdc03f6c4ee4d521ae2d441afded63a6b8dfc35db2427b482be521,0.7142857142857143,0.5982695885852573,1008,0.000992063492063492,SINGLE_TOKEN_SEMANTIC_RISK,1
1687932,JILL,JILL,2,0.0,0.0,2.0,0.0,2.0,2.0,1,0,0.0,,0.0,0.0,1008,0.000992063492063492,SINGLE_TOKEN_SEMANTIC_RISK,1
1415311,YCS,EUO,11,0.0,0.0,11.0,2.0,9.0,0.0,0,1,0.0,d24cd46da47f5679446106138ee95d4b354e5df7306abdd987c7d2c8f61b776a,1.0,-0.0,1008,0.0,SINGLE_TOKEN_SEMANTIC_RISK,1
1680247,PUMP,PUMP,1,0.0,0.0,1.0,0.0,1.0,0.0,0,0,0.0,,0.0,0.0,1008,0.0,SINGLE_TOKEN_SEMANTIC_RISK,1
1057861,DHF,bny mellon high yield strategies fund,33,30.0,3.0,0.0,13.0,17.0,29.0,23,2,0.9090909090909091,b760b1294f1c1c3c7acaf7968447dba9b64ee4ce0b10d6aa81600f9526801e12,0.6666666666666666,0.6365141682948128,1008,0.022817460317460316,NONE,0
1633336,CCAP,CCAP,5,0.0,0.0,5.0,0.0,5.0,0.0,0,0,0.4,,0.0,0.0,484,0.0,SINGLE_TOKEN_SEMANTIC_RISK,1
352955,CKX,ckx lands,20,17.0,3.0,0.0,4.0,16.0,6.0,3,1,0.8,7276994fe3b691a33351d3624d75910566c16617a432697d5d342172678d794d,1.0,-0.0,1008,0.002976190476190476,NONE,0
810943,PCF,putnam high income bond fund,58,58.0,0.0,0.0,0.0,58.0,6.0,6,0,1.0,,0.0,0.0,1008,0.005952380952380952,NONE,0
1121788,GRMN,GRMN,14,0.0,0.0,14.0,14.0,0.0,0.0,0,1,1.0,deb56840b9cdc03f6c4ee4d521ae2d441afded63a6b8dfc35db2427b482be521,1.0,-0.0,1008,0.0,SINGLE_TOKEN_SEMANTIC_RISK,1
845611,GCV,gabelli convertible income securities fund,10,8.0,2.0,0.0,8.0,0.0,6.0,3,1,0.6,7276994fe3b691a33351d3624d75910566c16617a432697d5d342172678d794d,1.0,-0.0,1008,0.002976190476190476,NONE,0
1709819,FEDU,FEDU,3,0.0,0.0,3.0,0.0,3.0,3.0,1,0,0.0,,0.0,0.0,1008,0.000992063492063492,SINGLE_TOKEN_SEMANTIC_RISK,1
1529377,ACRE,ACRE,5,0.0,0.0,5.0,0.0,5.0,5.0,1,0,0.2,,0.0,0.0,1008,0.000992063492063492,SINGLE_TOKEN_SEMANTIC_RISK,1
1099800,EW,EW,35,0.0,0.0,35.0,30.0,5.0,3.0,1,1,0.9142857142857143,deb56840b9cdc03f6c4ee4d521ae2d441afded63a6b8dfc35db2427b482be521,1.0,-0.0,1008,0.000992063492063492,SINGLE_TOKEN_SEMANTIC_RISK,1
1401914,DARE,DARE,4,0.0,0.0,4.0,0.0,4.0,3.0,1,0,0.25,,0.0,0.0,1008,0.000992063492063492,SINGLE_TOKEN_SEMANTIC_RISK,1
896264,USNA,USNA,2,0.0,0.0,2.0,0.0,2.0,0.0,0,1,1.0,1b425b87521ec0ab5e4c02aa6bbf44fa197505a03a1fa7f593d749168cc34d2f,1.0,-0.0,1008,0.0,SINGLE_TOKEN_SEMANTIC_RISK,1
1530804,TROX,TROX,2,0.0,0.0,2.0,2.0,0.0,0.0,0,1,1.0,84625ab1a763851f03bf27f1f4f68b3b7efe198626d098151d461cbb0e262da0,1.0,-0.0,1008,0.0,SINGLE_TOKEN_SEMANTIC_RISK,1
1083220,XELB,houston operating,1,0.0,1.0,0.0,0.0,1.0,0.0,0,0,0.0,,0.0,0.0,1008,0.0,NONE,0
1124198,FLR,FLR,2,0.0,0.0,2.0,2.0,0.0,0.0,0,1,1.0,84625ab1a763851f03bf27f1f4f68b3b7efe198626d098151d461cbb0e262da0,1.0,-0.0,1008,0.0,SINGLE_TOKEN_SEMANTIC_RISK,1
1267902,WIW,WIW,1,0.0,0.0,1.0,0.0,1.0,0.0,0,0,1.0,,0.0,0.0,1008,0.0,SINGLE_TOKEN_SEMANTIC_RISK,1
65770,MVIS,MVIS,4,0.0,0.0,4.0,4.0,0.0,0.0,0,1,1.0,84625ab1a763851f03bf27f1f4f68b3b7efe198626d098151d461cbb0e262da0,1.0,-0.0,1008,0.0,SINGLE_TOKEN_SEMANTIC_RISK,1
64472,GENC,GENC,4,0.0,0.0,4.0,4.0,0.0,0.0,0,1,0.0,b760b1294f1c1c3c7acaf7968447dba9b64ee4ce0b10d6aa81600f9526801e12,1.0,-0.0,1008,0.0,SINGLE_TOKEN_SEMANTIC_RISK,1
880892,VGM,invesco van kampen trust for investment grade municipals,1,0.0,1.0,0.0,0.0,1.0,0.0,0,0,0.0,,0.0,0.0,1008,0.0,NONE,0
884394,SPY,spdr trust series 1,1,0.0,1.0,0.0,0.0,1.0,0.0,0,0,0.0,,0.0,0.0,1008,0.0,NONE,0
1277866,EXK,endeavour gold,1,0.0,1.0,0.0,0.0,0.0,0.0,0,0,0.0,,0.0,0.0,1008,0.0,NONE,0
1501103,EDF,virtus stone harbor emerging markets income fund,2,2.0,0.0,0.0,1.0,1.0,0.0,0,0,1.0,,0.0,0.0,1008,0.0,NONE,0
