stock,day,target_key,start_utc,end_utc,cutoff_utc,label,phase,has_news,horizon_window,method,month,probability,predicted_direction,frozen_parameter_json,train_n,train_end
AAPL,2018-09-04,AAPL|2018-09-04 13:30:00+00:00,2018-09-04 13:30:00+00:00,2018-09-04 20:00:00+00:00,2018-09-04 13:25:00+00:00,1,development,1,1d:DNEWS_OVERNIGHT,PAPER_1G_L1LR,2018-09,0.9589522424720702,1,"{""C"":1.0}",164,2018-08-31 20:00:00+00:00
AAPL,2018-09-05,AAPL|2018-09-05 13:30:00+00:00,2018-09-05 13:30:00+00:00,2018-09-05 20:00:00+00:00,2018-09-05 13:25:00+00:00,0,development,1,1d:DNEWS_OVERNIGHT,PAPER_1G_L1LR,2018-09,0.03967967737299417,0,"{""C"":1.0}",164,2018-08-31 20:00:00+00:00
AAPL,2018-09-06,AAPL|2018-09-06 13:30:00+00:00,2018-09-06 13:30:00+00:00,2018-09-06 20:00:00+00:00,2018-09-06 13:25:00+00:00,0,development,1,1d:DNEWS_OVERNIGHT,PAPER_1G_L1LR,2018-09,0.9263847743750216,1,"{""C"":1.0}",164,2018-08-31 20:00:00+00:00
AAPL,2018-09-07,AAPL|2018-09-07 13:30:00+00:00,2018-09-07 13:30:00+00:00,2018-09-07 20:00:00+00:00,2018-09-07 13:25:00+00:00,0,development,1,1d:DNEWS_OVERNIGHT,PAPER_1G_L1LR,2018-09,0.8640530047308247,1,"{""C"":1.0}",164,2018-08-31 20:00:00+00:00
AAPL,2018-09-10,AAPL|2018-09-10 13:30:00+00:00,2018-09-10 13:30:00+00:00,2018-09-10 20:00:00+00:00,2018-09-10 13:25:00+00:00,0,development,1,1d:DNEWS_OVERNIGHT,PAPER_1G_L1LR,2018-09,0.9246788149998839,1,"{""C"":1.0}",164,2018-08-31 20:00:00+00:00
AAPL,2018-09-11,AAPL|2018-09-11 13:30:00+00:00,2018-09-11 13:30:00+00:00,2018-09-11 20:00:00+00:00,2018-09-11 13:25:00+00:00,1,development,1,1d:DNEWS_OVERNIGHT,PAPER_1G_L1LR,2018-09,0.14893901415900718,0,"{""C"":1.0}",164,2018-08-31 20:00:00+00:00
AAPL,2018-09-12,AAPL|2018-09-12 13:30:00+00:00,2018-09-12 13:30:00+00:00,2018-09-12 20:00:00+00:00,2018-09-12 13:25:00+00:00,0,development,1,1d:DNEWS_OVERNIGHT,PAPER_1G_L1LR,2018-09,0.488824048005974,0,"{""C"":1.0}",164,2018-08-31 20:00:00+00:00
AAPL,2018-09-13,AAPL|2018-09-13 13:30:00+00:00,2018-09-13 13:30:00+00:00,2018-09-13 20:00:00+00:00,2018-09-13 13:25:00+00:00,1,development,1,1d:DNEWS_OVERNIGHT,PAPER_1G_L1LR,2018-09,0.09527263619981739,0,"{""C"":1.0}",164,2018-08-31 20:00:00+00:00
AAPL,2018-09-14,AAPL|2018-09-14 13:30:00+00:00,2018-09-14 13:30:00+00:00,2018-09-14 20:00:00+00:00,2018-09-14 13:25:00+00:00,0,development,1,1d:DNEWS_OVERNIGHT,PAPER_1G_L1LR,2018-09,0.3626792795672152,0,"{""C"":1.0}",164,2018-08-31 20:00:00+00:00
AAPL,2018-09-17,AAPL|2018-09-17 13:30:00+00:00,2018-09-17 13:30:00+00:00,2018-09-17 20:00:00+00:00,2018-09-17 13:25:00+00:00,0,development,1,1d:DNEWS_OVERNIGHT,PAPER_1G_L1LR,2018-09,0.9361692460811359,1,"{""C"":1.0}",164,2018-08-31 20:00:00+00:00
AAPL,2018-09-18,AAPL|2018-09-18 13:30:00+00:00,2018-09-18 13:30:00+00:00,2018-09-18 20:00:00+00:00,2018-09-18 13:25:00+00:00,0,development,1,1d:DNEWS_OVERNIGHT,PAPER_1G_L1LR,2018-09,0.9332059107568402,1,"{""C"":1.0}",164,2018-08-31 20:00:00+00:00
AAPL,2018-09-19,AAPL|2018-09-19 13:30:00+00:00,2018-09-19 13:30:00+00:00,2018-09-19 20:00:00+00:00,2018-09-19 13:25:00+00:00,1,development,1,1d:DNEWS_OVERNIGHT,PAPER_1G_L1LR,2018-09,0.3118954631187547,0,"{""C"":1.0}",164,2018-08-31 20:00:00+00:00
AAPL,2018-09-20,AAPL|2018-09-20 13:30:00+00:00,2018-09-20 13:30:00+00:00,2018-09-20 20:00:00+00:00,2018-09-20 13:25:00+00:00,1,development,1,1d:DNEWS_OVERNIGHT,PAPER_1G_L1LR,2018-09,0.4080255193235372,0,"{""C"":1.0}",164,2018-08-31 20:00:00+00:00
AAPL,2018-09-21,AAPL|2018-09-21 13:30:00+00:00,2018-09-21 13:30:00+00:00,2018-09-21 20:00:00+00:00,2018-09-21 13:25:00+00:00,0,development,1,1d:DNEWS_OVERNIGHT,PAPER_1G_L1LR,2018-09,0.28061760675076014,0,"{""C"":1.0}",164,2018-08-31 20:00:00+00:00
AAPL,2018-09-24,AAPL|2018-09-24 13:30:00+00:00,2018-09-24 13:30:00+00:00,2018-09-24 20:00:00+00:00,2018-09-24 13:25:00+00:00,1,development,1,1d:DNEWS_OVERNIGHT,PAPER_1G_L1LR,2018-09,0.6636452908958173,1,"{""C"":1.0}",164,2018-08-31 20:00:00+00:00
AAPL,2018-09-25,AAPL|2018-09-25 13:30:00+00:00,2018-09-25 13:30:00+00:00,2018-09-25 20:00:00+00:00,2018-09-25 13:25:00+00:00,1,development,1,1d:DNEWS_OVERNIGHT,PAPER_1G_L1LR,2018-09,0.7764818291048449,1,"{""C"":1.0}",164,2018-08-31 20:00:00+00:00
AAPL,2018-09-26,AAPL|2018-09-26 13:30:00+00:00,2018-09-26 13:30:00+00:00,2018-09-26 20:00:00+00:00,2018-09-26 13:25:00+00:00,0,development,1,1d:DNEWS_OVERNIGHT,PAPER_1G_L1LR,2018-09,0.7247560654531532,1,"{""C"":1.0}",164,2018-08-31 20:00:00+00:00
AAPL,2018-09-27,AAPL|2018-09-27 13:30:00+00:00,2018-09-27 13:30:00+00:00,2018-09-27 20:00:00+00:00,2018-09-27 13:25:00+00:00,1,development,1,1d:DNEWS_OVERNIGHT,PAPER_1G_L1LR,2018-09,0.8525264723334954,1,"{""C"":1.0}",164,2018-08-31 20:00:00+00:00
AAPL,2018-09-28,AAPL|2018-09-28 13:30:00+00:00,2018-09-28 13:30:00+00:00,2018-09-28 20:00:00+00:00,2018-09-28 13:25:00+00:00,1,development,1,1d:DNEWS_OVERNIGHT,PAPER_1G_L1LR,2018-09,0.29113536415609254,0,"{""C"":1.0}",164,2018-08-31 20:00:00+00:00
AAPL,2018-10-01,AAPL|2018-10-01 13:30:00+00:00,2018-10-01 13:30:00+00:00,2018-10-01 20:00:00+00:00,2018-10-01 13:25:00+00:00,0,development,1,1d:DNEWS_OVERNIGHT,PAPER_1G_L1LR,2018-10,0.014056066882663915,0,"{""C"":1.0}",183,2018-09-28 20:00:00+00:00
AAPL,2018-10-02,AAPL|2018-10-02 13:30:00+00:00,2018-10-02 13:30:00+00:00,2018-10-02 20:00:00+00:00,2018-10-02 13:25:00+00:00,1,development,1,1d:DNEWS_OVERNIGHT,PAPER_1G_L1LR,2018-10,0.08236538345236766,0,"{""C"":1.0}",183,2018-09-28 20:00:00+00:00
AAPL,2018-10-03,AAPL|2018-10-03 13:30:00+00:00,2018-10-03 13:30:00+00:00,2018-10-03 20:00:00+00:00,2018-10-03 13:25:00+00:00,1,development,1,1d:DNEWS_OVERNIGHT,PAPER_1G_L1LR,2018-10,0.7129235988969501,1,"{""C"":1.0}",183,2018-09-28 20:00:00+00:00
AAPL,2018-10-04,AAPL|2018-10-04 13:30:00+00:00,2018-10-04 13:30:00+00:00,2018-10-04 20:00:00+00:00,2018-10-04 13:25:00+00:00,0,development,1,1d:DNEWS_OVERNIGHT,PAPER_1G_L1LR,2018-10,0.5945504311476979,1,"{""C"":1.0}",183,2018-09-28 20:00:00+00:00
AAPL,2018-10-05,AAPL|2018-10-05 13:30:00+00:00,2018-10-05 13:30:00+00:00,2018-10-05 20:00:00+00:00,2018-10-05 13:25:00+00:00,0,development,1,1d:DNEWS_OVERNIGHT,PAPER_1G_L1LR,2018-10,0.36371023429013716,0,"{""C"":1.0}",183,2018-09-28 20:00:00+00:00
AAPL,2018-10-08,AAPL|2018-10-08 13:30:00+00:00,2018-10-08 13:30:00+00:00,2018-10-08 20:00:00+00:00,2018-10-08 13:25:00+00:00,0,development,1,1d:DNEWS_OVERNIGHT,PAPER_1G_L1LR,2018-10,0.9408892374679882,1,"{""C"":1.0}",183,2018-09-28 20:00:00+00:00
AAPL,2018-10-09,AAPL|2018-10-09 13:30:00+00:00,2018-10-09 13:30:00+00:00,2018-10-09 20:00:00+00:00,2018-10-09 13:25:00+00:00,1,development,1,1d:DNEWS_OVERNIGHT,PAPER_1G_L1LR,2018-10,0.8942789426635643,1,"{""C"":1.0}",183,2018-09-28 20:00:00+00:00
AAPL,2018-10-10,AAPL|2018-10-10 13:30:00+00:00,2018-10-10 13:30:00+00:00,2018-10-10 20:00:00+00:00,2018-10-10 13:25:00+00:00,0,development,1,1d:DNEWS_OVERNIGHT,PAPER_1G_L1LR,2018-10,0.7382418214390646,1,"{""C"":1.0}",183,2018-09-28 20:00:00+00:00
AAPL,2018-10-11,AAPL|2018-10-11 13:30:00+00:00,2018-10-11 13:30:00+00:00,2018-10-11 20:00:00+00:00,2018-10-11 13:25:00+00:00,1,development,1,1d:DNEWS_OVERNIGHT,PAPER_1G_L1LR,2018-10,0.7649709635794585,1,"{""C"":1.0}",183,2018-09-28 20:00:00+00:00
AAPL,2018-10-12,AAPL|2018-10-12 13:30:00+00:00,2018-10-12 13:30:00+00:00,2018-10-12 20:00:00+00:00,2018-10-12 13:25:00+00:00,1,development,1,1d:DNEWS_OVERNIGHT,PAPER_1G_L1LR,2018-10,0.6281028541869694,1,"{""C"":1.0}",183,2018-09-28 20:00:00+00:00
AAPL,2018-10-15,AAPL|2018-10-15 13:30:00+00:00,2018-10-15 13:30:00+00:00,2018-10-15 20:00:00+00:00,2018-10-15 13:25:00+00:00,0,development,1,1d:DNEWS_OVERNIGHT,PAPER_1G_L1LR,2018-10,0.9498273877108215,1,"{""C"":1.0}",183,2018-09-28 20:00:00+00:00
AAPL,2018-10-16,AAPL|2018-10-16 13:30:00+00:00,2018-10-16 13:30:00+00:00,2018-10-16 20:00:00+00:00,2018-10-16 13:25:00+00:00,1,development,1,1d:DNEWS_OVERNIGHT,PAPER_1G_L1LR,2018-10,0.88877183040559,1,"{""C"":1.0}",183,2018-09-28 20:00:00+00:00
AAPL,2018-10-17,AAPL|2018-10-17 13:30:00+00:00,2018-10-17 13:30:00+00:00,2018-10-17 20:00:00+00:00,2018-10-17 13:25:00+00:00,0,development,1,1d:DNEWS_OVERNIGHT,PAPER_1G_L1LR,2018-10,0.33575954133361197,0,"{""C"":1.0}",183,2018-09-28 20:00:00+00:00
AAPL,2018-10-18,AAPL|2018-10-18 13:30:00+00:00,2018-10-18 13:30:00+00:00,2018-10-18 20:00:00+00:00,2018-10-18 13:25:00+00:00,0,development,1,1d:DNEWS_OVERNIGHT,PAPER_1G_L1LR,2018-10,0.4458264005682018,0,"{""C"":1.0}",183,2018-09-28 20:00:00+00:00
AAPL,2018-10-19,AAPL|2018-10-19 13:30:00+00:00,2018-10-19 13:30:00+00:00,2018-10-19 20:00:00+00:00,2018-10-19 13:25:00+00:00,1,development,1,1d:DNEWS_OVERNIGHT,PAPER_1G_L1LR,2018-10,0.14380708763717684,0,"{""C"":1.0}",183,2018-09-28 20:00:00+00:00
AAPL,2018-10-22,AAPL|2018-10-22 13:30:00+00:00,2018-10-22 13:30:00+00:00,2018-10-22 20:00:00+00:00,2018-10-22 13:25:00+00:00,0,development,1,1d:DNEWS_OVERNIGHT,PAPER_1G_L1LR,2018-10,0.8876286539857686,1,"{""C"":1.0}",183,2018-09-28 20:00:00+00:00
AAPL,2018-10-23,AAPL|2018-10-23 13:30:00+00:00,2018-10-23 13:30:00+00:00,2018-10-23 20:00:00+00:00,2018-10-23 13:25:00+00:00,1,development,1,1d:DNEWS_OVERNIGHT,PAPER_1G_L1LR,2018-10,0.7849894175925667,1,"{""C"":1.0}",183,2018-09-28 20:00:00+00:00
AAPL,2018-10-24,AAPL|2018-10-24 13:30:00+00:00,2018-10-24 13:30:00+00:00,2018-10-24 20:00:00+00:00,2018-10-24 13:25:00+00:00,0,development,1,1d:DNEWS_OVERNIGHT,PAPER_1G_L1LR,2018-10,0.8040492532073469,1,"{""C"":1.0}",183,2018-09-28 20:00:00+00:00
AAPL,2018-10-25,AAPL|2018-10-25 13:30:00+00:00,2018-10-25 13:30:00+00:00,2018-10-25 20:00:00+00:00,2018-10-25 13:25:00+00:00,0,development,1,1d:DNEWS_OVERNIGHT,PAPER_1G_L1LR,2018-10,0.6050793021169288,1,"{""C"":1.0}",183,2018-09-28 20:00:00+00:00
AAPL,2018-10-26,AAPL|2018-10-26 13:30:00+00:00,2018-10-26 13:30:00+00:00,2018-10-26 20:00:00+00:00,2018-10-26 13:25:00+00:00,1,development,1,1d:DNEWS_OVERNIGHT,PAPER_1G_L1LR,2018-10,0.8585531074668737,1,"{""C"":1.0}",183,2018-09-28 20:00:00+00:00
AAPL,2018-10-29,AAPL|2018-10-29 13:30:00+00:00,2018-10-29 13:30:00+00:00,2018-10-29 20:00:00+00:00,2018-10-29 13:25:00+00:00,0,development,1,1d:DNEWS_OVERNIGHT,PAPER_1G_L1LR,2018-10,0.11156224570776282,0,"{""C"":1.0}",183,2018-09-28 20:00:00+00:00
AAPL,2018-10-30,AAPL|2018-10-30 13:30:00+00:00,2018-10-30 13:30:00+00:00,2018-10-30 20:00:00+00:00,2018-10-30 13:25:00+00:00,1,development,1,1d:DNEWS_OVERNIGHT,PAPER_1G_L1LR,2018-10,0.2477262169004001,0,"{""C"":1.0}",183,2018-09-28 20:00:00+00:00
AAPL,2018-10-31,AAPL|2018-10-31 13:30:00+00:00,2018-10-31 13:30:00+00:00,2018-10-31 20:00:00+00:00,2018-10-31 13:25:00+00:00,1,development,1,1d:DNEWS_OVERNIGHT,PAPER_1G_L1LR,2018-10,0.3398584053800105,0,"{""C"":1.0}",183,2018-09-28 20:00:00+00:00
AAPL,2018-11-01,AAPL|2018-11-01 13:30:00+00:00,2018-11-01 13:30:00+00:00,2018-11-01 20:00:00+00:00,2018-11-01 13:25:00+00:00,0,later,1,1d:DNEWS_OVERNIGHT,PAPER_1G_L1LR,2018-11,0.610360878701361,1,"{""C"":1.0}",206,2018-10-31 20:00:00+00:00
AAPL,2018-11-02,AAPL|2018-11-02 13:30:00+00:00,2018-11-02 13:30:00+00:00,2018-11-02 20:00:00+00:00,2018-11-02 13:25:00+00:00,0,later,1,1d:DNEWS_OVERNIGHT,PAPER_1G_L1LR,2018-11,0.014377571020090643,0,"{""C"":1.0}",206,2018-10-31 20:00:00+00:00
AAPL,2018-11-05,AAPL|2018-11-05 14:30:00+00:00,2018-11-05 14:30:00+00:00,2018-11-05 21:00:00+00:00,2018-11-05 14:25:00+00:00,0,later,1,1d:DNEWS_OVERNIGHT,PAPER_1G_L1LR,2018-11,0.9832478932477206,1,"{""C"":1.0}",206,2018-10-31 20:00:00+00:00
AAPL,2018-11-06,AAPL|2018-11-06 14:30:00+00:00,2018-11-06 14:30:00+00:00,2018-11-06 21:00:00+00:00,2018-11-06 14:25:00+00:00,1,later,1,1d:DNEWS_OVERNIGHT,PAPER_1G_L1LR,2018-11,0.38251119884532236,0,"{""C"":1.0}",206,2018-10-31 20:00:00+00:00
AAPL,2018-11-07,AAPL|2018-11-07 14:30:00+00:00,2018-11-07 14:30:00+00:00,2018-11-07 21:00:00+00:00,2018-11-07 14:25:00+00:00,1,later,1,1d:DNEWS_OVERNIGHT,PAPER_1G_L1LR,2018-11,0.3680288130988337,0,"{""C"":1.0}",206,2018-10-31 20:00:00+00:00
AAPL,2018-11-08,AAPL|2018-11-08 14:30:00+00:00,2018-11-08 14:30:00+00:00,2018-11-08 21:00:00+00:00,2018-11-08 14:25:00+00:00,0,later,1,1d:DNEWS_OVERNIGHT,PAPER_1G_L1LR,2018-11,0.24263520443308445,0,"{""C"":1.0}",206,2018-10-31 20:00:00+00:00
AAPL,2018-11-09,AAPL|2018-11-09 14:30:00+00:00,2018-11-09 14:30:00+00:00,2018-11-09 21:00:00+00:00,2018-11-09 14:25:00+00:00,0,later,1,1d:DNEWS_OVERNIGHT,PAPER_1G_L1LR,2018-11,0.9360504526303071,1,"{""C"":1.0}",206,2018-10-31 20:00:00+00:00
AAPL,2018-11-12,AAPL|2018-11-12 14:30:00+00:00,2018-11-12 14:30:00+00:00,2018-11-12 21:00:00+00:00,2018-11-12 14:25:00+00:00,0,later,1,1d:DNEWS_OVERNIGHT,PAPER_1G_L1LR,2018-11,0.1872911559818057,0,"{""C"":1.0}",206,2018-10-31 20:00:00+00:00
AAPL,2018-11-13,AAPL|2018-11-13 14:30:00+00:00,2018-11-13 14:30:00+00:00,2018-11-13 21:00:00+00:00,2018-11-13 14:25:00+00:00,1,later,1,1d:DNEWS_OVERNIGHT,PAPER_1G_L1LR,2018-11,0.9769008999716055,1,"{""C"":1.0}",206,2018-10-31 20:00:00+00:00
AAPL,2018-11-14,AAPL|2018-11-14 14:30:00+00:00,2018-11-14 14:30:00+00:00,2018-11-14 21:00:00+00:00,2018-11-14 14:25:00+00:00,0,later,1,1d:DNEWS_OVERNIGHT,PAPER_1G_L1LR,2018-11,0.374657499567823,0,"{""C"":1.0}",206,2018-10-31 20:00:00+00:00
AAPL,2018-11-15,AAPL|2018-11-15 14:30:00+00:00,2018-11-15 14:30:00+00:00,2018-11-15 21:00:00+00:00,2018-11-15 14:25:00+00:00,1,later,1,1d:DNEWS_OVERNIGHT,PAPER_1G_L1LR,2018-11,0.6846855174139875,1,"{""C"":1.0}",206,2018-10-31 20:00:00+00:00
AAPL,2018-11-16,AAPL|2018-11-16 14:30:00+00:00,2018-11-16 14:30:00+00:00,2018-11-16 21:00:00+00:00,2018-11-16 14:25:00+00:00,1,later,1,1d:DNEWS_OVERNIGHT,PAPER_1G_L1LR,2018-11,0.34764868205327987,0,"{""C"":1.0}",206,2018-10-31 20:00:00+00:00
AAPL,2018-11-19,AAPL|2018-11-19 14:30:00+00:00,2018-11-19 14:30:00+00:00,2018-11-19 21:00:00+00:00,2018-11-19 14:25:00+00:00,0,later,1,1d:DNEWS_OVERNIGHT,PAPER_1G_L1LR,2018-11,0.9696792774163631,1,"{""C"":1.0}",206,2018-10-31 20:00:00+00:00
AAPL,2018-11-20,AAPL|2018-11-20 14:30:00+00:00,2018-11-20 14:30:00+00:00,2018-11-20 21:00:00+00:00,2018-11-20 14:25:00+00:00,0,later,1,1d:DNEWS_OVERNIGHT,PAPER_1G_L1LR,2018-11,0.9861856527049735,1,"{""C"":1.0}",206,2018-10-31 20:00:00+00:00
AAPL,2018-11-21,AAPL|2018-11-21 14:30:00+00:00,2018-11-21 14:30:00+00:00,2018-11-21 21:00:00+00:00,2018-11-21 14:25:00+00:00,0,later,1,1d:DNEWS_OVERNIGHT,PAPER_1G_L1LR,2018-11,0.8924677121564627,1,"{""C"":1.0}",206,2018-10-31 20:00:00+00:00
AAPL,2018-11-23,AAPL|2018-11-23 14:30:00+00:00,2018-11-23 14:30:00+00:00,2018-11-23 18:00:00+00:00,2018-11-23 14:25:00+00:00,0,later,1,1d:DNEWS_OVERNIGHT,PAPER_1G_L1LR,2018-11,0.7505632590870177,1,"{""C"":1.0}",206,2018-10-31 20:00:00+00:00
AAPL,2018-11-26,AAPL|2018-11-26 14:30:00+00:00,2018-11-26 14:30:00+00:00,2018-11-26 21:00:00+00:00,2018-11-26 14:25:00+00:00,0,later,1,1d:DNEWS_OVERNIGHT,PAPER_1G_L1LR,2018-11,0.834958448575135,1,"{""C"":1.0}",206,2018-10-31 20:00:00+00:00
AAPL,2018-11-27,AAPL|2018-11-27 14:30:00+00:00,2018-11-27 14:30:00+00:00,2018-11-27 21:00:00+00:00,2018-11-27 14:25:00+00:00,1,later,1,1d:DNEWS_OVERNIGHT,PAPER_1G_L1LR,2018-11,0.019100944448674356,0,"{""C"":1.0}",206,2018-10-31 20:00:00+00:00
AAPL,2018-11-28,AAPL|2018-11-28 14:30:00+00:00,2018-11-28 14:30:00+00:00,2018-11-28 21:00:00+00:00,2018-11-28 14:25:00+00:00,1,later,1,1d:DNEWS_OVERNIGHT,PAPER_1G_L1LR,2018-11,0.5110796903961707,1,"{""C"":1.0}",206,2018-10-31 20:00:00+00:00
AAPL,2018-11-29,AAPL|2018-11-29 14:30:00+00:00,2018-11-29 14:30:00+00:00,2018-11-29 21:00:00+00:00,2018-11-29 14:25:00+00:00,0,later,1,1d:DNEWS_OVERNIGHT,PAPER_1G_L1LR,2018-11,0.027068909987229547,0,"{""C"":1.0}",206,2018-10-31 20:00:00+00:00
AAPL,2018-11-30,AAPL|2018-11-30 14:30:00+00:00,2018-11-30 14:30:00+00:00,2018-11-30 21:00:00+00:00,2018-11-30 14:25:00+00:00,0,later,1,1d:DNEWS_OVERNIGHT,PAPER_1G_L1LR,2018-11,0.5231174983044762,1,"{""C"":1.0}",206,2018-10-31 20:00:00+00:00
AAPL,2018-12-03,AAPL|2018-12-03 14:30:00+00:00,2018-12-03 14:30:00+00:00,2018-12-03 21:00:00+00:00,2018-12-03 14:25:00+00:00,0,later,1,1d:DNEWS_OVERNIGHT,PAPER_1G_L1LR,2018-12,0.6463600940582385,1,"{""C"":1.0}",227,2018-11-30 21:00:00+00:00
AAPL,2018-12-04,AAPL|2018-12-04 14:30:00+00:00,2018-12-04 14:30:00+00:00,2018-12-04 21:00:00+00:00,2018-12-04 14:25:00+00:00,0,later,1,1d:DNEWS_OVERNIGHT,PAPER_1G_L1LR,2018-12,0.6046762686433467,1,"{""C"":1.0}",227,2018-11-30 21:00:00+00:00
AAPL,2018-12-06,AAPL|2018-12-06 14:30:00+00:00,2018-12-06 14:30:00+00:00,2018-12-06 21:00:00+00:00,2018-12-06 14:25:00+00:00,1,later,1,1d:DNEWS_OVERNIGHT,PAPER_1G_L1LR,2018-12,0.7559478614925613,1,"{""C"":1.0}",227,2018-11-30 21:00:00+00:00
AAPL,2018-12-07,AAPL|2018-12-07 14:30:00+00:00,2018-12-07 14:30:00+00:00,2018-12-07 21:00:00+00:00,2018-12-07 14:25:00+00:00,0,later,1,1d:DNEWS_OVERNIGHT,PAPER_1G_L1LR,2018-12,0.8350734155548694,1,"{""C"":1.0}",227,2018-11-30 21:00:00+00:00
AAPL,2018-12-10,AAPL|2018-12-10 14:30:00+00:00,2018-12-10 14:30:00+00:00,2018-12-10 21:00:00+00:00,2018-12-10 14:25:00+00:00,1,later,1,1d:DNEWS_OVERNIGHT,PAPER_1G_L1LR,2018-12,0.799907538872341,1,"{""C"":1.0}",227,2018-11-30 21:00:00+00:00
AAPL,2018-12-11,AAPL|2018-12-11 14:30:00+00:00,2018-12-11 14:30:00+00:00,2018-12-11 21:00:00+00:00,2018-12-11 14:25:00+00:00,0,later,1,1d:DNEWS_OVERNIGHT,PAPER_1G_L1LR,2018-12,0.3146391195981911,0,"{""C"":1.0}",227,2018-11-30 21:00:00+00:00
AAPL,2018-12-12,AAPL|2018-12-12 14:30:00+00:00,2018-12-12 14:30:00+00:00,2018-12-12 21:00:00+00:00,2018-12-12 14:25:00+00:00,0,later,1,1d:DNEWS_OVERNIGHT,PAPER_1G_L1LR,2018-12,0.3987144810332248,0,"{""C"":1.0}",227,2018-11-30 21:00:00+00:00
AAPL,2018-12-13,AAPL|2018-12-13 14:30:00+00:00,2018-12-13 14:30:00+00:00,2018-12-13 21:00:00+00:00,2018-12-13 14:25:00+00:00,1,later,1,1d:DNEWS_OVERNIGHT,PAPER_1G_L1LR,2018-12,0.5991769845371865,1,"{""C"":1.0}",227,2018-11-30 21:00:00+00:00
AAPL,2018-12-14,AAPL|2018-12-14 14:30:00+00:00,2018-12-14 14:30:00+00:00,2018-12-14 21:00:00+00:00,2018-12-14 14:25:00+00:00,0,later,1,1d:DNEWS_OVERNIGHT,PAPER_1G_L1LR,2018-12,0.46325727471637396,0,"{""C"":1.0}",227,2018-11-30 21:00:00+00:00
AAPL,2018-12-17,AAPL|2018-12-17 14:30:00+00:00,2018-12-17 14:30:00+00:00,2018-12-17 21:00:00+00:00,2018-12-17 14:25:00+00:00,0,later,1,1d:DNEWS_OVERNIGHT,PAPER_1G_L1LR,2018-12,0.2930760885777918,0,"{""C"":1.0}",227,2018-11-30 21:00:00+00:00
AAPL,2018-12-18,AAPL|2018-12-18 14:30:00+00:00,2018-12-18 14:30:00+00:00,2018-12-18 21:00:00+00:00,2018-12-18 14:25:00+00:00,0,later,1,1d:DNEWS_OVERNIGHT,PAPER_1G_L1LR,2018-12,0.5198238339782002,1,"{""C"":1.0}",227,2018-11-30 21:00:00+00:00
AAPL,2018-12-19,AAPL|2018-12-19 14:30:00+00:00,2018-12-19 14:30:00+00:00,2018-12-19 21:00:00+00:00,2018-12-19 14:25:00+00:00,0,later,1,1d:DNEWS_OVERNIGHT,PAPER_1G_L1LR,2018-12,0.9063908185473631,1,"{""C"":1.0}",227,2018-11-30 21:00:00+00:00
AAPL,2018-12-20,AAPL|2018-12-20 14:30:00+00:00,2018-12-20 14:30:00+00:00,2018-12-20 21:00:00+00:00,2018-12-20 14:25:00+00:00,0,later,1,1d:DNEWS_OVERNIGHT,PAPER_1G_L1LR,2018-12,0.573990389125305,1,"{""C"":1.0}",227,2018-11-30 21:00:00+00:00
AAPL,2018-12-21,AAPL|2018-12-21 14:30:00+00:00,2018-12-21 14:30:00+00:00,2018-12-21 21:00:00+00:00,2018-12-21 14:25:00+00:00,0,later,1,1d:DNEWS_OVERNIGHT,PAPER_1G_L1LR,2018-12,0.6759695461755831,1,"{""C"":1.0}",227,2018-11-30 21:00:00+00:00
AAPL,2018-12-24,AAPL|2018-12-24 14:30:00+00:00,2018-12-24 14:30:00+00:00,2018-12-24 18:00:00+00:00,2018-12-24 14:25:00+00:00,0,later,1,1d:DNEWS_OVERNIGHT,PAPER_1G_L1LR,2018-12,0.8992658171353602,1,"{""C"":1.0}",227,2018-11-30 21:00:00+00:00
AAPL,2018-12-26,AAPL|2018-12-26 14:30:00+00:00,2018-12-26 14:30:00+00:00,2018-12-26 21:00:00+00:00,2018-12-26 14:25:00+00:00,1,later,1,1d:DNEWS_OVERNIGHT,PAPER_1G_L1LR,2018-12,0.7693252679522619,1,"{""C"":1.0}",227,2018-11-30 21:00:00+00:00
AAPL,2018-12-27,AAPL|2018-12-27 14:30:00+00:00,2018-12-27 14:30:00+00:00,2018-12-27 21:00:00+00:00,2018-12-27 14:25:00+00:00,1,later,1,1d:DNEWS_OVERNIGHT,PAPER_1G_L1LR,2018-12,0.7382126662079104,1,"{""C"":1.0}",227,2018-11-30 21:00:00+00:00
AAPL,2018-12-28,AAPL|2018-12-28 14:30:00+00:00,2018-12-28 14:30:00+00:00,2018-12-28 21:00:00+00:00,2018-12-28 14:25:00+00:00,0,later,1,1d:DNEWS_OVERNIGHT,PAPER_1G_L1LR,2018-12,0.14296404752661895,0,"{""C"":1.0}",227,2018-11-30 21:00:00+00:00
AAPL,2018-12-31,AAPL|2018-12-31 14:30:00+00:00,2018-12-31 14:30:00+00:00,2018-12-31 21:00:00+00:00,2018-12-31 14:25:00+00:00,1,later,1,1d:DNEWS_OVERNIGHT,PAPER_1G_L1LR,2018-12,0.7860037320234505,1,"{""C"":1.0}",227,2018-11-30 21:00:00+00:00
AAPL,2019-01-02,AAPL|2019-01-02 14:30:00+00:00,2019-01-02 14:30:00+00:00,2019-01-02 21:00:00+00:00,2019-01-02 14:25:00+00:00,0,later,1,1d:DNEWS_OVERNIGHT,PAPER_1G_L1LR,2019-01,0.9707306858932446,1,"{""C"":1.0}",246,2018-12-31 21:00:00+00:00
AAPL,2019-01-03,AAPL|2019-01-03 14:30:00+00:00,2019-01-03 14:30:00+00:00,2019-01-03 21:00:00+00:00,2019-01-03 14:25:00+00:00,0,later,1,1d:DNEWS_OVERNIGHT,PAPER_1G_L1LR,2019-01,0.36817617588141305,0,"{""C"":1.0}",246,2018-12-31 21:00:00+00:00
AAPL,2019-01-04,AAPL|2019-01-04 14:30:00+00:00,2019-01-04 14:30:00+00:00,2019-01-04 21:00:00+00:00,2019-01-04 14:25:00+00:00,1,later,1,1d:DNEWS_OVERNIGHT,PAPER_1G_L1LR,2019-01,0.9788391152161693,1,"{""C"":1.0}",246,2018-12-31 21:00:00+00:00
AAPL,2019-01-07,AAPL|2019-01-07 14:30:00+00:00,2019-01-07 14:30:00+00:00,2019-01-07 21:00:00+00:00,2019-01-07 14:25:00+00:00,0,later,1,1d:DNEWS_OVERNIGHT,PAPER_1G_L1LR,2019-01,0.771528907483777,1,"{""C"":1.0}",246,2018-12-31 21:00:00+00:00
AAPL,2019-01-08,AAPL|2019-01-08 14:30:00+00:00,2019-01-08 14:30:00+00:00,2019-01-08 21:00:00+00:00,2019-01-08 14:25:00+00:00,1,later,1,1d:DNEWS_OVERNIGHT,PAPER_1G_L1LR,2019-01,0.04342381187712099,0,"{""C"":1.0}",246,2018-12-31 21:00:00+00:00
AAPL,2019-01-09,AAPL|2019-01-09 14:30:00+00:00,2019-01-09 14:30:00+00:00,2019-01-09 21:00:00+00:00,2019-01-09 14:25:00+00:00,1,later,1,1d:DNEWS_OVERNIGHT,PAPER_1G_L1LR,2019-01,0.9933043312897407,1,"{""C"":1.0}",246,2018-12-31 21:00:00+00:00
AAPL,2019-01-10,AAPL|2019-01-10 14:30:00+00:00,2019-01-10 14:30:00+00:00,2019-01-10 21:00:00+00:00,2019-01-10 14:25:00+00:00,1,later,1,1d:DNEWS_OVERNIGHT,PAPER_1G_L1LR,2019-01,0.28276459978020796,0,"{""C"":1.0}",246,2018-12-31 21:00:00+00:00
AAPL,2019-01-11,AAPL|2019-01-11 14:30:00+00:00,2019-01-11 14:30:00+00:00,2019-01-11 21:00:00+00:00,2019-01-11 14:25:00+00:00,0,later,1,1d:DNEWS_OVERNIGHT,PAPER_1G_L1LR,2019-01,0.595485605710419,1,"{""C"":1.0}",246,2018-12-31 21:00:00+00:00
AAPL,2019-01-14,AAPL|2019-01-14 14:30:00+00:00,2019-01-14 14:30:00+00:00,2019-01-14 21:00:00+00:00,2019-01-14 14:25:00+00:00,0,later,1,1d:DNEWS_OVERNIGHT,PAPER_1G_L1LR,2019-01,0.7167625472456495,1,"{""C"":1.0}",246,2018-12-31 21:00:00+00:00
AAPL,2019-01-15,AAPL|2019-01-15 14:30:00+00:00,2019-01-15 14:30:00+00:00,2019-01-15 21:00:00+00:00,2019-01-15 14:25:00+00:00,1,later,1,1d:DNEWS_OVERNIGHT,PAPER_1G_L1LR,2019-01,0.799775622653728,1,"{""C"":1.0}",246,2018-12-31 21:00:00+00:00
AAPL,2019-01-16,AAPL|2019-01-16 14:30:00+00:00,2019-01-16 14:30:00+00:00,2019-01-16 21:00:00+00:00,2019-01-16 14:25:00+00:00,1,later,1,1d:DNEWS_OVERNIGHT,PAPER_1G_L1LR,2019-01,0.35363914324163676,0,"{""C"":1.0}",246,2018-12-31 21:00:00+00:00
AAPL,2019-01-17,AAPL|2019-01-17 14:30:00+00:00,2019-01-17 14:30:00+00:00,2019-01-17 21:00:00+00:00,2019-01-17 14:25:00+00:00,1,later,1,1d:DNEWS_OVERNIGHT,PAPER_1G_L1LR,2019-01,0.3125010283064698,0,"{""C"":1.0}",246,2018-12-31 21:00:00+00:00
AAPL,2019-01-18,AAPL|2019-01-18 14:30:00+00:00,2019-01-18 14:30:00+00:00,2019-01-18 21:00:00+00:00,2019-01-18 14:25:00+00:00,0,later,1,1d:DNEWS_OVERNIGHT,PAPER_1G_L1LR,2019-01,0.5359035357201654,1,"{""C"":1.0}",246,2018-12-31 21:00:00+00:00
AAPL,2019-01-22,AAPL|2019-01-22 14:30:00+00:00,2019-01-22 14:30:00+00:00,2019-01-22 21:00:00+00:00,2019-01-22 14:25:00+00:00,0,later,1,1d:DNEWS_OVERNIGHT,PAPER_1G_L1LR,2019-01,0.38960241067694057,0,"{""C"":1.0}",246,2018-12-31 21:00:00+00:00
AAPL,2019-01-23,AAPL|2019-01-23 14:30:00+00:00,2019-01-23 14:30:00+00:00,2019-01-23 21:00:00+00:00,2019-01-23 14:25:00+00:00,0,later,1,1d:DNEWS_OVERNIGHT,PAPER_1G_L1LR,2019-01,0.21413118854989882,0,"{""C"":1.0}",246,2018-12-31 21:00:00+00:00
AAPL,2019-01-24,AAPL|2019-01-24 14:30:00+00:00,2019-01-24 14:30:00+00:00,2019-01-24 21:00:00+00:00,2019-01-24 14:25:00+00:00,0,later,1,1d:DNEWS_OVERNIGHT,PAPER_1G_L1LR,2019-01,0.3076164845096237,0,"{""C"":1.0}",246,2018-12-31 21:00:00+00:00
AAPL,2019-01-25,AAPL|2019-01-25 14:30:00+00:00,2019-01-25 14:30:00+00:00,2019-01-25 21:00:00+00:00,2019-01-25 14:25:00+00:00,1,later,1,1d:DNEWS_OVERNIGHT,PAPER_1G_L1LR,2019-01,0.11968840070230509,0,"{""C"":1.0}",246,2018-12-31 21:00:00+00:00
AAPL,2019-01-28,AAPL|2019-01-28 14:30:00+00:00,2019-01-28 14:30:00+00:00,2019-01-28 21:00:00+00:00,2019-01-28 14:25:00+00:00,0,later,1,1d:DNEWS_OVERNIGHT,PAPER_1G_L1LR,2019-01,0.12090062334082935,0,"{""C"":1.0}",246,2018-12-31 21:00:00+00:00
AAPL,2019-01-29,AAPL|2019-01-29 14:30:00+00:00,2019-01-29 14:30:00+00:00,2019-01-29 21:00:00+00:00,2019-01-29 14:25:00+00:00,1,later,1,1d:DNEWS_OVERNIGHT,PAPER_1G_L1LR,2019-01,0.04795555977415723,0,"{""C"":1.0}",246,2018-12-31 21:00:00+00:00
AAPL,2019-01-30,AAPL|2019-01-30 14:30:00+00:00,2019-01-30 14:30:00+00:00,2019-01-30 21:00:00+00:00,2019-01-30 14:25:00+00:00,1,later,1,1d:DNEWS_OVERNIGHT,PAPER_1G_L1LR,2019-01,0.7552089524316229,1,"{""C"":1.0}",246,2018-12-31 21:00:00+00:00
AAPL,2019-01-31,AAPL|2019-01-31 14:30:00+00:00,2019-01-31 14:30:00+00:00,2019-01-31 21:00:00+00:00,2019-01-31 14:25:00+00:00,1,later,1,1d:DNEWS_OVERNIGHT,PAPER_1G_L1LR,2019-01,0.8692298799574122,1,"{""C"":1.0}",246,2018-12-31 21:00:00+00:00
AAPL,2019-02-01,AAPL|2019-02-01 14:30:00+00:00,2019-02-01 14:30:00+00:00,2019-02-01 21:00:00+00:00,2019-02-01 14:25:00+00:00,1,later,1,1d:DNEWS_OVERNIGHT,PAPER_1G_L1LR,2019-02,0.6237378445089568,1,"{""C"":1.0}",267,2019-01-31 21:00:00+00:00
AMZN,2018-09-04,AMZN|2018-09-04 13:30:00+00:00,2018-09-04 13:30:00+00:00,2018-09-04 20:00:00+00:00,2018-09-04 13:25:00+00:00,1,development,1,1d:DNEWS_OVERNIGHT,PAPER_1G_L1LR,2018-09,0.7288477843876515,1,"{""C"":1.0}",164,2018-08-31 20:00:00+00:00
AMZN,2018-09-05,AMZN|2018-09-05 13:30:00+00:00,2018-09-05 13:30:00+00:00,2018-09-05 20:00:00+00:00,2018-09-05 13:25:00+00:00,0,development,1,1d:DNEWS_OVERNIGHT,PAPER_1G_L1LR,2018-09,0.49738755821524566,0,"{""C"":1.0}",164,2018-08-31 20:00:00+00:00
AMZN,2018-09-06,AMZN|2018-09-06 13:30:00+00:00,2018-09-06 13:30:00+00:00,2018-09-06 20:00:00+00:00,2018-09-06 13:25:00+00:00,0,development,1,1d:DNEWS_OVERNIGHT,PAPER_1G_L1LR,2018-09,0.7287472978359435,1,"{""C"":1.0}",164,2018-08-31 20:00:00+00:00
AMZN,2018-09-07,AMZN|2018-09-07 13:30:00+00:00,2018-09-07 13:30:00+00:00,2018-09-07 20:00:00+00:00,2018-09-07 13:25:00+00:00,1,development,1,1d:DNEWS_OVERNIGHT,PAPER_1G_L1LR,2018-09,0.876812714418336,1,"{""C"":1.0}",164,2018-08-31 20:00:00+00:00
AMZN,2018-09-10,AMZN|2018-09-10 13:30:00+00:00,2018-09-10 13:30:00+00:00,2018-09-10 20:00:00+00:00,2018-09-10 13:25:00+00:00,0,development,1,1d:DNEWS_OVERNIGHT,PAPER_1G_L1LR,2018-09,0.12424856089151125,0,"{""C"":1.0}",164,2018-08-31 20:00:00+00:00
AMZN,2018-09-11,AMZN|2018-09-11 13:30:00+00:00,2018-09-11 13:30:00+00:00,2018-09-11 20:00:00+00:00,2018-09-11 13:25:00+00:00,1,development,0,1d:DNEWS_OVERNIGHT,PAPER_1G_L1LR,2018-09,0.6004123130193216,1,"{""C"":1.0}",164,2018-08-31 20:00:00+00:00
AMZN,2018-09-12,AMZN|2018-09-12 13:30:00+00:00,2018-09-12 13:30:00+00:00,2018-09-12 20:00:00+00:00,2018-09-12 13:25:00+00:00,0,development,1,1d:DNEWS_OVERNIGHT,PAPER_1G_L1LR,2018-09,0.5418407208062515,1,"{""C"":1.0}",164,2018-08-31 20:00:00+00:00
AMZN,2018-09-13,AMZN|2018-09-13 13:30:00+00:00,2018-09-13 13:30:00+00:00,2018-09-13 20:00:00+00:00,2018-09-13 13:25:00+00:00,0,development,1,1d:DNEWS_OVERNIGHT,PAPER_1G_L1LR,2018-09,0.4321784331440333,0,"{""C"":1.0}",164,2018-08-31 20:00:00+00:00
AMZN,2018-09-14,AMZN|2018-09-14 13:30:00+00:00,2018-09-14 13:30:00+00:00,2018-09-14 20:00:00+00:00,2018-09-14 13:25:00+00:00,0,development,1,1d:DNEWS_OVERNIGHT,PAPER_1G_L1LR,2018-09,0.2835458454632355,0,"{""C"":1.0}",164,2018-08-31 20:00:00+00:00
AMZN,2018-09-17,AMZN|2018-09-17 13:30:00+00:00,2018-09-17 13:30:00+00:00,2018-09-17 20:00:00+00:00,2018-09-17 13:25:00+00:00,0,development,1,1d:DNEWS_OVERNIGHT,PAPER_1G_L1LR,2018-09,0.7301401739148708,1,"{""C"":1.0}",164,2018-08-31 20:00:00+00:00
AMZN,2018-09-18,AMZN|2018-09-18 13:30:00+00:00,2018-09-18 13:30:00+00:00,2018-09-18 20:00:00+00:00,2018-09-18 13:25:00+00:00,1,development,1,1d:DNEWS_OVERNIGHT,PAPER_1G_L1LR,2018-09,0.367012848820624,0,"{""C"":1.0}",164,2018-08-31 20:00:00+00:00
AMZN,2018-09-19,AMZN|2018-09-19 13:30:00+00:00,2018-09-19 13:30:00+00:00,2018-09-19 20:00:00+00:00,2018-09-19 13:25:00+00:00,0,development,1,1d:DNEWS_OVERNIGHT,PAPER_1G_L1LR,2018-09,0.7746263678566561,1,"{""C"":1.0}",164,2018-08-31 20:00:00+00:00
AMZN,2018-09-20,AMZN|2018-09-20 13:30:00+00:00,2018-09-20 13:30:00+00:00,2018-09-20 20:00:00+00:00,2018-09-20 13:25:00+00:00,1,development,0,1d:DNEWS_OVERNIGHT,PAPER_1G_L1LR,2018-09,0.5957104974076424,1,"{""C"":1.0}",164,2018-08-31 20:00:00+00:00
AMZN,2018-09-21,AMZN|2018-09-21 13:30:00+00:00,2018-09-21 13:30:00+00:00,2018-09-21 20:00:00+00:00,2018-09-21 13:25:00+00:00,0,development,1,1d:DNEWS_OVERNIGHT,PAPER_1G_L1LR,2018-09,0.5914218612726602,1,"{""C"":1.0}",164,2018-08-31 20:00:00+00:00
AMZN,2018-09-24,AMZN|2018-09-24 13:30:00+00:00,2018-09-24 13:30:00+00:00,2018-09-24 20:00:00+00:00,2018-09-24 13:25:00+00:00,1,development,1,1d:DNEWS_OVERNIGHT,PAPER_1G_L1LR,2018-09,0.34257766426146746,0,"{""C"":1.0}",164,2018-08-31 20:00:00+00:00
AMZN,2018-09-25,AMZN|2018-09-25 13:30:00+00:00,2018-09-25 13:30:00+00:00,2018-09-25 20:00:00+00:00,2018-09-25 13:25:00+00:00,1,development,1,1d:DNEWS_OVERNIGHT,PAPER_1G_L1LR,2018-09,0.6310176713565827,1,"{""C"":1.0}",164,2018-08-31 20:00:00+00:00
AMZN,2018-09-26,AMZN|2018-09-26 13:30:00+00:00,2018-09-26 13:30:00+00:00,2018-09-26 20:00:00+00:00,2018-09-26 13:25:00+00:00,0,development,1,1d:DNEWS_OVERNIGHT,PAPER_1G_L1LR,2018-09,0.3456912536480425,0,"{""C"":1.0}",164,2018-08-31 20:00:00+00:00
AMZN,2018-09-27,AMZN|2018-09-27 13:30:00+00:00,2018-09-27 13:30:00+00:00,2018-09-27 20:00:00+00:00,2018-09-27 13:25:00+00:00,1,development,1,1d:DNEWS_OVERNIGHT,PAPER_1G_L1LR,2018-09,0.11989342022503899,0,"{""C"":1.0}",164,2018-08-31 20:00:00+00:00
AMZN,2018-09-28,AMZN|2018-09-28 13:30:00+00:00,2018-09-28 13:30:00+00:00,2018-09-28 20:00:00+00:00,2018-09-28 13:25:00+00:00,1,development,1,1d:DNEWS_OVERNIGHT,PAPER_1G_L1LR,2018-09,0.990608750847336,1,"{""C"":1.0}",164,2018-08-31 20:00:00+00:00
AMZN,2018-10-01,AMZN|2018-10-01 13:30:00+00:00,2018-10-01 13:30:00+00:00,2018-10-01 20:00:00+00:00,2018-10-01 13:25:00+00:00,0,development,1,1d:DNEWS_OVERNIGHT,PAPER_1G_L1LR,2018-10,0.5449510221789139,1,"{""C"":1.0}",183,2018-09-28 20:00:00+00:00
AMZN,2018-10-02,AMZN|2018-10-02 13:30:00+00:00,2018-10-02 13:30:00+00:00,2018-10-02 20:00:00+00:00,2018-10-02 13:25:00+00:00,0,development,1,1d:DNEWS_OVERNIGHT,PAPER_1G_L1LR,2018-10,0.9046367670380687,1,"{""C"":1.0}",183,2018-09-28 20:00:00+00:00
AMZN,2018-10-03,AMZN|2018-10-03 13:30:00+00:00,2018-10-03 13:30:00+00:00,2018-10-03 20:00:00+00:00,2018-10-03 13:25:00+00:00,0,development,0,1d:DNEWS_OVERNIGHT,PAPER_1G_L1LR,2018-10,0.5621258561606719,1,"{""C"":1.0}",183,2018-09-28 20:00:00+00:00
AMZN,2018-10-04,AMZN|2018-10-04 13:30:00+00:00,2018-10-04 13:30:00+00:00,2018-10-04 20:00:00+00:00,2018-10-04 13:25:00+00:00,0,development,1,1d:DNEWS_OVERNIGHT,PAPER_1G_L1LR,2018-10,0.4578653711756333,0,"{""C"":1.0}",183,2018-09-28 20:00:00+00:00
AMZN,2018-10-05,AMZN|2018-10-05 13:30:00+00:00,2018-10-05 13:30:00+00:00,2018-10-05 20:00:00+00:00,2018-10-05 13:25:00+00:00,0,development,1,1d:DNEWS_OVERNIGHT,PAPER_1G_L1LR,2018-10,0.5365795793285899,1,"{""C"":1.0}",183,2018-09-28 20:00:00+00:00
AMZN,2018-10-08,AMZN|2018-10-08 13:30:00+00:00,2018-10-08 13:30:00+00:00,2018-10-08 20:00:00+00:00,2018-10-08 13:25:00+00:00,0,development,1,1d:DNEWS_OVERNIGHT,PAPER_1G_L1LR,2018-10,0.6738920015747648,1,"{""C"":1.0}",183,2018-09-28 20:00:00+00:00
AMZN,2018-10-09,AMZN|2018-10-09 13:30:00+00:00,2018-10-09 13:30:00+00:00,2018-10-09 20:00:00+00:00,2018-10-09 13:25:00+00:00,1,development,1,1d:DNEWS_OVERNIGHT,PAPER_1G_L1LR,2018-10,0.5641898629237129,1,"{""C"":1.0}",183,2018-09-28 20:00:00+00:00
AMZN,2018-10-10,AMZN|2018-10-10 13:30:00+00:00,2018-10-10 13:30:00+00:00,2018-10-10 20:00:00+00:00,2018-10-10 13:25:00+00:00,0,development,1,1d:DNEWS_OVERNIGHT,PAPER_1G_L1LR,2018-10,0.05663273705971596,0,"{""C"":1.0}",183,2018-09-28 20:00:00+00:00
AMZN,2018-10-11,AMZN|2018-10-11 13:30:00+00:00,2018-10-11 13:30:00+00:00,2018-10-11 20:00:00+00:00,2018-10-11 13:25:00+00:00,1,development,1,1d:DNEWS_OVERNIGHT,PAPER_1G_L1LR,2018-10,0.9268921849944523,1,"{""C"":1.0}",183,2018-09-28 20:00:00+00:00
AMZN,2018-10-12,AMZN|2018-10-12 13:30:00+00:00,2018-10-12 13:30:00+00:00,2018-10-12 20:00:00+00:00,2018-10-12 13:25:00+00:00,0,development,0,1d:DNEWS_OVERNIGHT,PAPER_1G_L1LR,2018-10,0.6666557060106753,1,"{""C"":1.0}",183,2018-09-28 20:00:00+00:00
AMZN,2018-10-15,AMZN|2018-10-15 13:30:00+00:00,2018-10-15 13:30:00+00:00,2018-10-15 20:00:00+00:00,2018-10-15 13:25:00+00:00,0,development,1,1d:DNEWS_OVERNIGHT,PAPER_1G_L1LR,2018-10,0.3465740665641984,0,"{""C"":1.0}",183,2018-09-28 20:00:00+00:00
AMZN,2018-10-16,AMZN|2018-10-16 13:30:00+00:00,2018-10-16 13:30:00+00:00,2018-10-16 20:00:00+00:00,2018-10-16 13:25:00+00:00,1,development,1,1d:DNEWS_OVERNIGHT,PAPER_1G_L1LR,2018-10,0.24099003144401848,0,"{""C"":1.0}",183,2018-09-28 20:00:00+00:00
AMZN,2018-10-17,AMZN|2018-10-17 13:30:00+00:00,2018-10-17 13:30:00+00:00,2018-10-17 20:00:00+00:00,2018-10-17 13:25:00+00:00,1,development,1,1d:DNEWS_OVERNIGHT,PAPER_1G_L1LR,2018-10,0.37365306527860104,0,"{""C"":1.0}",183,2018-09-28 20:00:00+00:00
AMZN,2018-10-18,AMZN|2018-10-18 13:30:00+00:00,2018-10-18 13:30:00+00:00,2018-10-18 20:00:00+00:00,2018-10-18 13:25:00+00:00,0,development,1,1d:DNEWS_OVERNIGHT,PAPER_1G_L1LR,2018-10,0.787536841185458,1,"{""C"":1.0}",183,2018-09-28 20:00:00+00:00
AMZN,2018-10-19,AMZN|2018-10-19 13:30:00+00:00,2018-10-19 13:30:00+00:00,2018-10-19 20:00:00+00:00,2018-10-19 13:25:00+00:00,0,development,1,1d:DNEWS_OVERNIGHT,PAPER_1G_L1LR,2018-10,0.23763138662557265,0,"{""C"":1.0}",183,2018-09-28 20:00:00+00:00
AMZN,2018-10-22,AMZN|2018-10-22 13:30:00+00:00,2018-10-22 13:30:00+00:00,2018-10-22 20:00:00+00:00,2018-10-22 13:25:00+00:00,1,development,1,1d:DNEWS_OVERNIGHT,PAPER_1G_L1LR,2018-10,0.5410594439211772,1,"{""C"":1.0}",183,2018-09-28 20:00:00+00:00
AMZN,2018-10-23,AMZN|2018-10-23 13:30:00+00:00,2018-10-23 13:30:00+00:00,2018-10-23 20:00:00+00:00,2018-10-23 13:25:00+00:00,1,development,1,1d:DNEWS_OVERNIGHT,PAPER_1G_L1LR,2018-10,0.15810549349036832,0,"{""C"":1.0}",183,2018-09-28 20:00:00+00:00
AMZN,2018-10-24,AMZN|2018-10-24 13:30:00+00:00,2018-10-24 13:30:00+00:00,2018-10-24 20:00:00+00:00,2018-10-24 13:25:00+00:00,0,development,1,1d:DNEWS_OVERNIGHT,PAPER_1G_L1LR,2018-10,0.2138498192943924,0,"{""C"":1.0}",183,2018-09-28 20:00:00+00:00
AMZN,2018-10-25,AMZN|2018-10-25 13:30:00+00:00,2018-10-25 13:30:00+00:00,2018-10-25 20:00:00+00:00,2018-10-25 13:25:00+00:00,0,development,0,1d:DNEWS_OVERNIGHT,PAPER_1G_L1LR,2018-10,0.6442205152685045,1,"{""C"":1.0}",183,2018-09-28 20:00:00+00:00
AMZN,2018-10-26,AMZN|2018-10-26 13:30:00+00:00,2018-10-26 13:30:00+00:00,2018-10-26 20:00:00+00:00,2018-10-26 13:25:00+00:00,1,development,1,1d:DNEWS_OVERNIGHT,PAPER_1G_L1LR,2018-10,0.41706745742490897,0,"{""C"":1.0}",183,2018-09-28 20:00:00+00:00
AMZN,2018-10-29,AMZN|2018-10-29 13:30:00+00:00,2018-10-29 13:30:00+00:00,2018-10-29 20:00:00+00:00,2018-10-29 13:25:00+00:00,0,development,1,1d:DNEWS_OVERNIGHT,PAPER_1G_L1LR,2018-10,0.7851337718916758,1,"{""C"":1.0}",183,2018-09-28 20:00:00+00:00
AMZN,2018-10-30,AMZN|2018-10-30 13:30:00+00:00,2018-10-30 13:30:00+00:00,2018-10-30 20:00:00+00:00,2018-10-30 13:25:00+00:00,1,development,1,1d:DNEWS_OVERNIGHT,PAPER_1G_L1LR,2018-10,0.689041452232636,1,"{""C"":1.0}",183,2018-09-28 20:00:00+00:00
AMZN,2018-10-31,AMZN|2018-10-31 13:30:00+00:00,2018-10-31 13:30:00+00:00,2018-10-31 20:00:00+00:00,2018-10-31 13:25:00+00:00,1,development,1,1d:DNEWS_OVERNIGHT,PAPER_1G_L1LR,2018-10,0.49642234197962604,0,"{""C"":1.0}",183,2018-09-28 20:00:00+00:00
AMZN,2018-11-01,AMZN|2018-11-01 13:30:00+00:00,2018-11-01 13:30:00+00:00,2018-11-01 20:00:00+00:00,2018-11-01 13:25:00+00:00,1,later,0,1d:DNEWS_OVERNIGHT,PAPER_1G_L1LR,2018-11,0.7092814756461179,1,"{""C"":1.0}",206,2018-10-31 20:00:00+00:00
AMZN,2018-11-02,AMZN|2018-11-02 13:30:00+00:00,2018-11-02 13:30:00+00:00,2018-11-02 20:00:00+00:00,2018-11-02 13:25:00+00:00,0,later,1,1d:DNEWS_OVERNIGHT,PAPER_1G_L1LR,2018-11,0.5759406027124168,1,"{""C"":1.0}",206,2018-10-31 20:00:00+00:00
AMZN,2018-11-05,AMZN|2018-11-05 14:30:00+00:00,2018-11-05 14:30:00+00:00,2018-11-05 21:00:00+00:00,2018-11-05 14:25:00+00:00,0,later,1,1d:DNEWS_OVERNIGHT,PAPER_1G_L1LR,2018-11,0.09126332525073676,0,"{""C"":1.0}",206,2018-10-31 20:00:00+00:00
AMZN,2018-11-06,AMZN|2018-11-06 14:30:00+00:00,2018-11-06 14:30:00+00:00,2018-11-06 21:00:00+00:00,2018-11-06 14:25:00+00:00,1,later,1,1d:DNEWS_OVERNIGHT,PAPER_1G_L1LR,2018-11,0.03272149768146659,0,"{""C"":1.0}",206,2018-10-31 20:00:00+00:00
AMZN,2018-11-07,AMZN|2018-11-07 14:30:00+00:00,2018-11-07 14:30:00+00:00,2018-11-07 21:00:00+00:00,2018-11-07 14:25:00+00:00,1,later,1,1d:DNEWS_OVERNIGHT,PAPER_1G_L1LR,2018-11,0.8854139250046444,1,"{""C"":1.0}",206,2018-10-31 20:00:00+00:00
AMZN,2018-11-08,AMZN|2018-11-08 14:30:00+00:00,2018-11-08 14:30:00+00:00,2018-11-08 21:00:00+00:00,2018-11-08 14:25:00+00:00,0,later,0,1d:DNEWS_OVERNIGHT,PAPER_1G_L1LR,2018-11,0.533789317856326,1,"{""C"":1.0}",206,2018-10-31 20:00:00+00:00
AMZN,2018-11-09,AMZN|2018-11-09 14:30:00+00:00,2018-11-09 14:30:00+00:00,2018-11-09 21:00:00+00:00,2018-11-09 14:25:00+00:00,0,later,1,1d:DNEWS_OVERNIGHT,PAPER_1G_L1LR,2018-11,0.5957567209453272,1,"{""C"":1.0}",206,2018-10-31 20:00:00+00:00
AMZN,2018-11-12,AMZN|2018-11-12 14:30:00+00:00,2018-11-12 14:30:00+00:00,2018-11-12 21:00:00+00:00,2018-11-12 14:25:00+00:00,0,later,1,1d:DNEWS_OVERNIGHT,PAPER_1G_L1LR,2018-11,0.6962791656243298,1,"{""C"":1.0}",206,2018-10-31 20:00:00+00:00
AMZN,2018-11-13,AMZN|2018-11-13 14:30:00+00:00,2018-11-13 14:30:00+00:00,2018-11-13 21:00:00+00:00,2018-11-13 14:25:00+00:00,0,later,1,1d:DNEWS_OVERNIGHT,PAPER_1G_L1LR,2018-11,0.167649087522244,0,"{""C"":1.0}",206,2018-10-31 20:00:00+00:00
AMZN,2018-11-14,AMZN|2018-11-14 14:30:00+00:00,2018-11-14 14:30:00+00:00,2018-11-14 21:00:00+00:00,2018-11-14 14:25:00+00:00,0,later,1,1d:DNEWS_OVERNIGHT,PAPER_1G_L1LR,2018-11,0.040076871783905184,0,"{""C"":1.0}",206,2018-10-31 20:00:00+00:00
AMZN,2018-11-15,AMZN|2018-11-15 14:30:00+00:00,2018-11-15 14:30:00+00:00,2018-11-15 21:00:00+00:00,2018-11-15 14:25:00+00:00,1,later,1,1d:DNEWS_OVERNIGHT,PAPER_1G_L1LR,2018-11,0.4019110890872785,0,"{""C"":1.0}",206,2018-10-31 20:00:00+00:00
AMZN,2018-11-16,AMZN|2018-11-16 14:30:00+00:00,2018-11-16 14:30:00+00:00,2018-11-16 21:00:00+00:00,2018-11-16 14:25:00+00:00,1,later,1,1d:DNEWS_OVERNIGHT,PAPER_1G_L1LR,2018-11,0.5402786187157724,1,"{""C"":1.0}",206,2018-10-31 20:00:00+00:00
AMZN,2018-11-19,AMZN|2018-11-19 14:30:00+00:00,2018-11-19 14:30:00+00:00,2018-11-19 21:00:00+00:00,2018-11-19 14:25:00+00:00,0,later,1,1d:DNEWS_OVERNIGHT,PAPER_1G_L1LR,2018-11,0.8568009351348305,1,"{""C"":1.0}",206,2018-10-31 20:00:00+00:00
AMZN,2018-11-20,AMZN|2018-11-20 14:30:00+00:00,2018-11-20 14:30:00+00:00,2018-11-20 21:00:00+00:00,2018-11-20 14:25:00+00:00,1,later,1,1d:DNEWS_OVERNIGHT,PAPER_1G_L1LR,2018-11,0.474510489099652,0,"{""C"":1.0}",206,2018-10-31 20:00:00+00:00
AMZN,2018-11-21,AMZN|2018-11-21 14:30:00+00:00,2018-11-21 14:30:00+00:00,2018-11-21 21:00:00+00:00,2018-11-21 14:25:00+00:00,0,later,1,1d:DNEWS_OVERNIGHT,PAPER_1G_L1LR,2018-11,0.9228252798007938,1,"{""C"":1.0}",206,2018-10-31 20:00:00+00:00
AMZN,2018-11-23,AMZN|2018-11-23 14:30:00+00:00,2018-11-23 14:30:00+00:00,2018-11-23 18:00:00+00:00,2018-11-23 14:25:00+00:00,0,later,0,1d:DNEWS_OVERNIGHT,PAPER_1G_L1LR,2018-11,0.5762489189337632,1,"{""C"":1.0}",206,2018-10-31 20:00:00+00:00
AMZN,2018-11-26,AMZN|2018-11-26 14:30:00+00:00,2018-11-26 14:30:00+00:00,2018-11-26 21:00:00+00:00,2018-11-26 14:25:00+00:00,1,later,1,1d:DNEWS_OVERNIGHT,PAPER_1G_L1LR,2018-11,0.9289190995327936,1,"{""C"":1.0}",206,2018-10-31 20:00:00+00:00
AMZN,2018-11-27,AMZN|2018-11-27 14:30:00+00:00,2018-11-27 14:30:00+00:00,2018-11-27 21:00:00+00:00,2018-11-27 14:25:00+00:00,1,later,1,1d:DNEWS_OVERNIGHT,PAPER_1G_L1LR,2018-11,0.11096445097155566,0,"{""C"":1.0}",206,2018-10-31 20:00:00+00:00
AMZN,2018-11-28,AMZN|2018-11-28 14:30:00+00:00,2018-11-28 14:30:00+00:00,2018-11-28 21:00:00+00:00,2018-11-28 14:25:00+00:00,1,later,1,1d:DNEWS_OVERNIGHT,PAPER_1G_L1LR,2018-11,0.1321582173959688,0,"{""C"":1.0}",206,2018-10-31 20:00:00+00:00
AMZN,2018-11-29,AMZN|2018-11-29 14:30:00+00:00,2018-11-29 14:30:00+00:00,2018-11-29 21:00:00+00:00,2018-11-29 14:25:00+00:00,1,later,1,1d:DNEWS_OVERNIGHT,PAPER_1G_L1LR,2018-11,0.6193537752223677,1,"{""C"":1.0}",206,2018-10-31 20:00:00+00:00
AMZN,2018-11-30,AMZN|2018-11-30 14:30:00+00:00,2018-11-30 14:30:00+00:00,2018-11-30 21:00:00+00:00,2018-11-30 14:25:00+00:00,1,later,1,1d:DNEWS_OVERNIGHT,PAPER_1G_L1LR,2018-11,0.42868703268537234,0,"{""C"":1.0}",206,2018-10-31 20:00:00+00:00
AMZN,2018-12-03,AMZN|2018-12-03 14:30:00+00:00,2018-12-03 14:30:00+00:00,2018-12-03 21:00:00+00:00,2018-12-03 14:25:00+00:00,1,later,1,1d:DNEWS_OVERNIGHT,PAPER_1G_L1LR,2018-12,0.44216382763464585,0,"{""C"":1.0}",227,2018-11-30 21:00:00+00:00
AMZN,2018-12-04,AMZN|2018-12-04 14:30:00+00:00,2018-12-04 14:30:00+00:00,2018-12-04 21:00:00+00:00,2018-12-04 14:25:00+00:00,0,later,1,1d:DNEWS_OVERNIGHT,PAPER_1G_L1LR,2018-12,0.0700081186588184,0,"{""C"":1.0}",227,2018-11-30 21:00:00+00:00
AMZN,2018-12-06,AMZN|2018-12-06 14:30:00+00:00,2018-12-06 14:30:00+00:00,2018-12-06 21:00:00+00:00,2018-12-06 14:25:00+00:00,1,later,1,1d:DNEWS_OVERNIGHT,PAPER_1G_L1LR,2018-12,0.3112894944577799,0,"{""C"":1.0}",227,2018-11-30 21:00:00+00:00
AMZN,2018-12-07,AMZN|2018-12-07 14:30:00+00:00,2018-12-07 14:30:00+00:00,2018-12-07 21:00:00+00:00,2018-12-07 14:25:00+00:00,0,later,1,1d:DNEWS_OVERNIGHT,PAPER_1G_L1LR,2018-12,0.5487397446077411,1,"{""C"":1.0}",227,2018-11-30 21:00:00+00:00
AMZN,2018-12-10,AMZN|2018-12-10 14:30:00+00:00,2018-12-10 14:30:00+00:00,2018-12-10 21:00:00+00:00,2018-12-10 14:25:00+00:00,1,later,1,1d:DNEWS_OVERNIGHT,PAPER_1G_L1LR,2018-12,0.14979839502457745,0,"{""C"":1.0}",227,2018-11-30 21:00:00+00:00
AMZN,2018-12-11,AMZN|2018-12-11 14:30:00+00:00,2018-12-11 14:30:00+00:00,2018-12-11 21:00:00+00:00,2018-12-11 14:25:00+00:00,0,later,1,1d:DNEWS_OVERNIGHT,PAPER_1G_L1LR,2018-12,0.8861214372668712,1,"{""C"":1.0}",227,2018-11-30 21:00:00+00:00
AMZN,2018-12-12,AMZN|2018-12-12 14:30:00+00:00,2018-12-12 14:30:00+00:00,2018-12-12 21:00:00+00:00,2018-12-12 14:25:00+00:00,1,later,1,1d:DNEWS_OVERNIGHT,PAPER_1G_L1LR,2018-12,0.6235827288584207,1,"{""C"":1.0}",227,2018-11-30 21:00:00+00:00
AMZN,2018-12-13,AMZN|2018-12-13 14:30:00+00:00,2018-12-13 14:30:00+00:00,2018-12-13 21:00:00+00:00,2018-12-13 14:25:00+00:00,0,later,1,1d:DNEWS_OVERNIGHT,PAPER_1G_L1LR,2018-12,0.0487597740773847,0,"{""C"":1.0}",227,2018-11-30 21:00:00+00:00
AMZN,2018-12-14,AMZN|2018-12-14 14:30:00+00:00,2018-12-14 14:30:00+00:00,2018-12-14 21:00:00+00:00,2018-12-14 14:25:00+00:00,0,later,1,1d:DNEWS_OVERNIGHT,PAPER_1G_L1LR,2018-12,0.42218483001282225,0,"{""C"":1.0}",227,2018-11-30 21:00:00+00:00
AMZN,2018-12-17,AMZN|2018-12-17 14:30:00+00:00,2018-12-17 14:30:00+00:00,2018-12-17 21:00:00+00:00,2018-12-17 14:25:00+00:00,0,later,1,1d:DNEWS_OVERNIGHT,PAPER_1G_L1LR,2018-12,0.8628286211385398,1,"{""C"":1.0}",227,2018-11-30 21:00:00+00:00
AMZN,2018-12-18,AMZN|2018-12-18 14:30:00+00:00,2018-12-18 14:30:00+00:00,2018-12-18 21:00:00+00:00,2018-12-18 14:25:00+00:00,0,later,1,1d:DNEWS_OVERNIGHT,PAPER_1G_L1LR,2018-12,0.5984902906810026,1,"{""C"":1.0}",227,2018-11-30 21:00:00+00:00
AMZN,2018-12-19,AMZN|2018-12-19 14:30:00+00:00,2018-12-19 14:30:00+00:00,2018-12-19 21:00:00+00:00,2018-12-19 14:25:00+00:00,0,later,1,1d:DNEWS_OVERNIGHT,PAPER_1G_L1LR,2018-12,0.6723199814319478,1,"{""C"":1.0}",227,2018-11-30 21:00:00+00:00
AMZN,2018-12-20,AMZN|2018-12-20 14:30:00+00:00,2018-12-20 14:30:00+00:00,2018-12-20 21:00:00+00:00,2018-12-20 14:25:00+00:00,0,later,1,1d:DNEWS_OVERNIGHT,PAPER_1G_L1LR,2018-12,0.4506466576495434,0,"{""C"":1.0}",227,2018-11-30 21:00:00+00:00
AMZN,2018-12-21,AMZN|2018-12-21 14:30:00+00:00,2018-12-21 14:30:00+00:00,2018-12-21 21:00:00+00:00,2018-12-21 14:25:00+00:00,0,later,0,1d:DNEWS_OVERNIGHT,PAPER_1G_L1LR,2018-12,0.7644142989589323,1,"{""C"":1.0}",227,2018-11-30 21:00:00+00:00
AMZN,2018-12-24,AMZN|2018-12-24 14:30:00+00:00,2018-12-24 14:30:00+00:00,2018-12-24 18:00:00+00:00,2018-12-24 14:25:00+00:00,0,later,1,1d:DNEWS_OVERNIGHT,PAPER_1G_L1LR,2018-12,0.6142281325133846,1,"{""C"":1.0}",227,2018-11-30 21:00:00+00:00
AMZN,2018-12-26,AMZN|2018-12-26 14:30:00+00:00,2018-12-26 14:30:00+00:00,2018-12-26 21:00:00+00:00,2018-12-26 14:25:00+00:00,1,later,1,1d:DNEWS_OVERNIGHT,PAPER_1G_L1LR,2018-12,0.9286762466888615,1,"{""C"":1.0}",227,2018-11-30 21:00:00+00:00
AMZN,2018-12-27,AMZN|2018-12-27 14:30:00+00:00,2018-12-27 14:30:00+00:00,2018-12-27 21:00:00+00:00,2018-12-27 14:25:00+00:00,1,later,1,1d:DNEWS_OVERNIGHT,PAPER_1G_L1LR,2018-12,0.9340170937458055,1,"{""C"":1.0}",227,2018-11-30 21:00:00+00:00
AMZN,2018-12-28,AMZN|2018-12-28 14:30:00+00:00,2018-12-28 14:30:00+00:00,2018-12-28 21:00:00+00:00,2018-12-28 14:25:00+00:00,1,later,1,1d:DNEWS_OVERNIGHT,PAPER_1G_L1LR,2018-12,0.10701512642247386,0,"{""C"":1.0}",227,2018-11-30 21:00:00+00:00
AMZN,2018-12-31,AMZN|2018-12-31 14:30:00+00:00,2018-12-31 14:30:00+00:00,2018-12-31 21:00:00+00:00,2018-12-31 14:25:00+00:00,0,later,1,1d:DNEWS_OVERNIGHT,PAPER_1G_L1LR,2018-12,0.7799383552056438,1,"{""C"":1.0}",227,2018-11-30 21:00:00+00:00
AMZN,2019-01-02,AMZN|2019-01-02 14:30:00+00:00,2019-01-02 14:30:00+00:00,2019-01-02 21:00:00+00:00,2019-01-02 14:25:00+00:00,1,later,1,1d:DNEWS_OVERNIGHT,PAPER_1G_L1LR,2019-01,0.716796970245924,1,"{""C"":1.0}",246,2018-12-31 21:00:00+00:00
AMZN,2019-01-03,AMZN|2019-01-03 14:30:00+00:00,2019-01-03 14:30:00+00:00,2019-01-03 21:00:00+00:00,2019-01-03 14:25:00+00:00,0,later,1,1d:DNEWS_OVERNIGHT,PAPER_1G_L1LR,2019-01,0.20613076408528236,0,"{""C"":1.0}",246,2018-12-31 21:00:00+00:00
AMZN,2019-01-04,AMZN|2019-01-04 14:30:00+00:00,2019-01-04 14:30:00+00:00,2019-01-04 21:00:00+00:00,2019-01-04 14:25:00+00:00,1,later,1,1d:DNEWS_OVERNIGHT,PAPER_1G_L1LR,2019-01,0.5869580439847861,1,"{""C"":1.0}",246,2018-12-31 21:00:00+00:00
AMZN,2019-01-07,AMZN|2019-01-07 14:30:00+00:00,2019-01-07 14:30:00+00:00,2019-01-07 21:00:00+00:00,2019-01-07 14:25:00+00:00,1,later,1,1d:DNEWS_OVERNIGHT,PAPER_1G_L1LR,2019-01,0.0666170271676675,0,"{""C"":1.0}",246,2018-12-31 21:00:00+00:00
AMZN,2019-01-08,AMZN|2019-01-08 14:30:00+00:00,2019-01-08 14:30:00+00:00,2019-01-08 21:00:00+00:00,2019-01-08 14:25:00+00:00,0,later,1,1d:DNEWS_OVERNIGHT,PAPER_1G_L1LR,2019-01,0.20136455266323203,0,"{""C"":1.0}",246,2018-12-31 21:00:00+00:00
AMZN,2019-01-09,AMZN|2019-01-09 14:30:00+00:00,2019-01-09 14:30:00+00:00,2019-01-09 21:00:00+00:00,2019-01-09 14:25:00+00:00,0,later,1,1d:DNEWS_OVERNIGHT,PAPER_1G_L1LR,2019-01,0.29725351459243,0,"{""C"":1.0}",246,2018-12-31 21:00:00+00:00
AMZN,2019-01-10,AMZN|2019-01-10 14:30:00+00:00,2019-01-10 14:30:00+00:00,2019-01-10 21:00:00+00:00,2019-01-10 14:25:00+00:00,1,later,0,1d:DNEWS_OVERNIGHT,PAPER_1G_L1LR,2019-01,0.4543456928981249,0,"{""C"":1.0}",246,2018-12-31 21:00:00+00:00
AMZN,2019-01-11,AMZN|2019-01-11 14:30:00+00:00,2019-01-11 14:30:00+00:00,2019-01-11 21:00:00+00:00,2019-01-11 14:25:00+00:00,0,later,1,1d:DNEWS_OVERNIGHT,PAPER_1G_L1LR,2019-01,0.765950186492069,1,"{""C"":1.0}",246,2018-12-31 21:00:00+00:00
AMZN,2019-01-14,AMZN|2019-01-14 14:30:00+00:00,2019-01-14 14:30:00+00:00,2019-01-14 21:00:00+00:00,2019-01-14 14:25:00+00:00,1,later,1,1d:DNEWS_OVERNIGHT,PAPER_1G_L1LR,2019-01,0.8500459485165719,1,"{""C"":1.0}",246,2018-12-31 21:00:00+00:00
AMZN,2019-01-15,AMZN|2019-01-15 14:30:00+00:00,2019-01-15 14:30:00+00:00,2019-01-15 21:00:00+00:00,2019-01-15 14:25:00+00:00,1,later,1,1d:DNEWS_OVERNIGHT,PAPER_1G_L1LR,2019-01,0.21417802953278084,0,"{""C"":1.0}",246,2018-12-31 21:00:00+00:00
AMZN,2019-01-16,AMZN|2019-01-16 14:30:00+00:00,2019-01-16 14:30:00+00:00,2019-01-16 21:00:00+00:00,2019-01-16 14:25:00+00:00,0,later,1,1d:DNEWS_OVERNIGHT,PAPER_1G_L1LR,2019-01,0.43614511843661985,0,"{""C"":1.0}",246,2018-12-31 21:00:00+00:00
AMZN,2019-01-17,AMZN|2019-01-17 14:30:00+00:00,2019-01-17 14:30:00+00:00,2019-01-17 21:00:00+00:00,2019-01-17 14:25:00+00:00,1,later,1,1d:DNEWS_OVERNIGHT,PAPER_1G_L1LR,2019-01,0.07233136530300305,0,"{""C"":1.0}",246,2018-12-31 21:00:00+00:00
AMZN,2019-01-18,AMZN|2019-01-18 14:30:00+00:00,2019-01-18 14:30:00+00:00,2019-01-18 21:00:00+00:00,2019-01-18 14:25:00+00:00,0,later,0,1d:DNEWS_OVERNIGHT,PAPER_1G_L1LR,2019-01,0.4646578824634682,0,"{""C"":1.0}",246,2018-12-31 21:00:00+00:00
AMZN,2019-01-22,AMZN|2019-01-22 14:30:00+00:00,2019-01-22 14:30:00+00:00,2019-01-22 21:00:00+00:00,2019-01-22 14:25:00+00:00,0,later,1,1d:DNEWS_OVERNIGHT,PAPER_1G_L1LR,2019-01,0.7518720944983303,1,"{""C"":1.0}",246,2018-12-31 21:00:00+00:00
AMZN,2019-01-23,AMZN|2019-01-23 14:30:00+00:00,2019-01-23 14:30:00+00:00,2019-01-23 21:00:00+00:00,2019-01-23 14:25:00+00:00,0,later,0,1d:DNEWS_OVERNIGHT,PAPER_1G_L1LR,2019-01,0.48107427373516254,0,"{""C"":1.0}",246,2018-12-31 21:00:00+00:00
AMZN,2019-01-24,AMZN|2019-01-24 14:30:00+00:00,2019-01-24 14:30:00+00:00,2019-01-24 21:00:00+00:00,2019-01-24 14:25:00+00:00,1,later,1,1d:DNEWS_OVERNIGHT,PAPER_1G_L1LR,2019-01,0.3260247126185924,0,"{""C"":1.0}",246,2018-12-31 21:00:00+00:00
AMZN,2019-01-25,AMZN|2019-01-25 14:30:00+00:00,2019-01-25 14:30:00+00:00,2019-01-25 21:00:00+00:00,2019-01-25 14:25:00+00:00,1,later,0,1d:DNEWS_OVERNIGHT,PAPER_1G_L1LR,2019-01,0.5295831574791415,1,"{""C"":1.0}",246,2018-12-31 21:00:00+00:00
AMZN,2019-01-28,AMZN|2019-01-28 14:30:00+00:00,2019-01-28 14:30:00+00:00,2019-01-28 21:00:00+00:00,2019-01-28 14:25:00+00:00,0,later,1,1d:DNEWS_OVERNIGHT,PAPER_1G_L1LR,2019-01,0.11519758137242647,0,"{""C"":1.0}",246,2018-12-31 21:00:00+00:00
AMZN,2019-01-29,AMZN|2019-01-29 14:30:00+00:00,2019-01-29 14:30:00+00:00,2019-01-29 21:00:00+00:00,2019-01-29 14:25:00+00:00,0,later,1,1d:DNEWS_OVERNIGHT,PAPER_1G_L1LR,2019-01,0.5784173336604181,1,"{""C"":1.0}",246,2018-12-31 21:00:00+00:00
AMZN,2019-01-30,AMZN|2019-01-30 14:30:00+00:00,2019-01-30 14:30:00+00:00,2019-01-30 21:00:00+00:00,2019-01-30 14:25:00+00:00,1,later,1,1d:DNEWS_OVERNIGHT,PAPER_1G_L1LR,2019-01,0.360202601400626,0,"{""C"":1.0}",246,2018-12-31 21:00:00+00:00
AMZN,2019-01-31,AMZN|2019-01-31 14:30:00+00:00,2019-01-31 14:30:00+00:00,2019-01-31 21:00:00+00:00,2019-01-31 14:25:00+00:00,1,later,1,1d:DNEWS_OVERNIGHT,PAPER_1G_L1LR,2019-01,0.22043456459097296,0,"{""C"":1.0}",246,2018-12-31 21:00:00+00:00
AMZN,2019-02-01,AMZN|2019-02-01 14:30:00+00:00,2019-02-01 14:30:00+00:00,2019-02-01 21:00:00+00:00,2019-02-01 14:25:00+00:00,0,later,0,1d:DNEWS_OVERNIGHT,PAPER_1G_L1LR,2019-02,0.48327325134270416,0,"{""C"":1.0}",267,2019-01-31 21:00:00+00:00
AAPL,2018-09-04,AAPL|2018-09-04 13:30:00+00:00,2018-09-04 13:30:00+00:00,2018-09-04 20:00:00+00:00,2018-09-04 13:25:00+00:00,1,development,1,1d:DNEWS_OVERNIGHT,TFIDF_LR,2018-09,0.5184408525737774,1,"{""C"":0.01}",164,2018-08-31 20:00:00+00:00
AAPL,2018-09-05,AAPL|2018-09-05 13:30:00+00:00,2018-09-05 13:30:00+00:00,2018-09-05 20:00:00+00:00,2018-09-05 13:25:00+00:00,0,development,1,1d:DNEWS_OVERNIGHT,TFIDF_LR,2018-09,0.5170471858035995,1,"{""C"":0.01}",164,2018-08-31 20:00:00+00:00
AAPL,2018-09-06,AAPL|2018-09-06 13:30:00+00:00,2018-09-06 13:30:00+00:00,2018-09-06 20:00:00+00:00,2018-09-06 13:25:00+00:00,0,development,1,1d:DNEWS_OVERNIGHT,TFIDF_LR,2018-09,0.5069102205686123,1,"{""C"":0.01}",164,2018-08-31 20:00:00+00:00
AAPL,2018-09-07,AAPL|2018-09-07 13:30:00+00:00,2018-09-07 13:30:00+00:00,2018-09-07 20:00:00+00:00,2018-09-07 13:25:00+00:00,0,development,1,1d:DNEWS_OVERNIGHT,TFIDF_LR,2018-09,0.4764395884252412,0,"{""C"":0.01}",164,2018-08-31 20:00:00+00:00
AAPL,2018-09-10,AAPL|2018-09-10 13:30:00+00:00,2018-09-10 13:30:00+00:00,2018-09-10 20:00:00+00:00,2018-09-10 13:25:00+00:00,0,development,1,1d:DNEWS_OVERNIGHT,TFIDF_LR,2018-09,0.4768072332758323,0,"{""C"":0.01}",164,2018-08-31 20:00:00+00:00
AAPL,2018-09-11,AAPL|2018-09-11 13:30:00+00:00,2018-09-11 13:30:00+00:00,2018-09-11 20:00:00+00:00,2018-09-11 13:25:00+00:00,1,development,1,1d:DNEWS_OVERNIGHT,TFIDF_LR,2018-09,0.4616183600195268,0,"{""C"":0.01}",164,2018-08-31 20:00:00+00:00
AAPL,2018-09-12,AAPL|2018-09-12 13:30:00+00:00,2018-09-12 13:30:00+00:00,2018-09-12 20:00:00+00:00,2018-09-12 13:25:00+00:00,0,development,1,1d:DNEWS_OVERNIGHT,TFIDF_LR,2018-09,0.5202174401149513,1,"{""C"":0.01}",164,2018-08-31 20:00:00+00:00
AAPL,2018-09-13,AAPL|2018-09-13 13:30:00+00:00,2018-09-13 13:30:00+00:00,2018-09-13 20:00:00+00:00,2018-09-13 13:25:00+00:00,1,development,1,1d:DNEWS_OVERNIGHT,TFIDF_LR,2018-09,0.48066576034406794,0,"{""C"":0.01}",164,2018-08-31 20:00:00+00:00
AAPL,2018-09-14,AAPL|2018-09-14 13:30:00+00:00,2018-09-14 13:30:00+00:00,2018-09-14 20:00:00+00:00,2018-09-14 13:25:00+00:00,0,development,1,1d:DNEWS_OVERNIGHT,TFIDF_LR,2018-09,0.5265332965084244,1,"{""C"":0.01}",164,2018-08-31 20:00:00+00:00
AAPL,2018-09-17,AAPL|2018-09-17 13:30:00+00:00,2018-09-17 13:30:00+00:00,2018-09-17 20:00:00+00:00,2018-09-17 13:25:00+00:00,0,development,1,1d:DNEWS_OVERNIGHT,TFIDF_LR,2018-09,0.49469011176268185,0,"{""C"":0.01}",164,2018-08-31 20:00:00+00:00
AAPL,2018-09-18,AAPL|2018-09-18 13:30:00+00:00,2018-09-18 13:30:00+00:00,2018-09-18 20:00:00+00:00,2018-09-18 13:25:00+00:00,0,development,1,1d:DNEWS_OVERNIGHT,TFIDF_LR,2018-09,0.49185736295356436,0,"{""C"":0.01}",164,2018-08-31 20:00:00+00:00
AAPL,2018-09-19,AAPL|2018-09-19 13:30:00+00:00,2018-09-19 13:30:00+00:00,2018-09-19 20:00:00+00:00,2018-09-19 13:25:00+00:00,1,development,1,1d:DNEWS_OVERNIGHT,TFIDF_LR,2018-09,0.4870058259892009,0,"{""C"":0.01}",164,2018-08-31 20:00:00+00:00
AAPL,2018-09-20,AAPL|2018-09-20 13:30:00+00:00,2018-09-20 13:30:00+00:00,2018-09-20 20:00:00+00:00,2018-09-20 13:25:00+00:00,1,development,1,1d:DNEWS_OVERNIGHT,TFIDF_LR,2018-09,0.49956428527596697,0,"{""C"":0.01}",164,2018-08-31 20:00:00+00:00
AAPL,2018-09-21,AAPL|2018-09-21 13:30:00+00:00,2018-09-21 13:30:00+00:00,2018-09-21 20:00:00+00:00,2018-09-21 13:25:00+00:00,0,development,1,1d:DNEWS_OVERNIGHT,TFIDF_LR,2018-09,0.4867905313115228,0,"{""C"":0.01}",164,2018-08-31 20:00:00+00:00
AAPL,2018-09-24,AAPL|2018-09-24 13:30:00+00:00,2018-09-24 13:30:00+00:00,2018-09-24 20:00:00+00:00,2018-09-24 13:25:00+00:00,1,development,1,1d:DNEWS_OVERNIGHT,TFIDF_LR,2018-09,0.47231982543592765,0,"{""C"":0.01}",164,2018-08-31 20:00:00+00:00
AAPL,2018-09-25,AAPL|2018-09-25 13:30:00+00:00,2018-09-25 13:30:00+00:00,2018-09-25 20:00:00+00:00,2018-09-25 13:25:00+00:00,1,development,1,1d:DNEWS_OVERNIGHT,TFIDF_LR,2018-09,0.5227138079041885,1,"{""C"":0.01}",164,2018-08-31 20:00:00+00:00
AAPL,2018-09-26,AAPL|2018-09-26 13:30:00+00:00,2018-09-26 13:30:00+00:00,2018-09-26 20:00:00+00:00,2018-09-26 13:25:00+00:00,0,development,1,1d:DNEWS_OVERNIGHT,TFIDF_LR,2018-09,0.5222587358641513,1,"{""C"":0.01}",164,2018-08-31 20:00:00+00:00
AAPL,2018-09-27,AAPL|2018-09-27 13:30:00+00:00,2018-09-27 13:30:00+00:00,2018-09-27 20:00:00+00:00,2018-09-27 13:25:00+00:00,1,development,1,1d:DNEWS_OVERNIGHT,TFIDF_LR,2018-09,0.5020402856622238,1,"{""C"":0.01}",164,2018-08-31 20:00:00+00:00
AAPL,2018-09-28,AAPL|2018-09-28 13:30:00+00:00,2018-09-28 13:30:00+00:00,2018-09-28 20:00:00+00:00,2018-09-28 13:25:00+00:00,1,development,1,1d:DNEWS_OVERNIGHT,TFIDF_LR,2018-09,0.5142897554414939,1,"{""C"":0.01}",164,2018-08-31 20:00:00+00:00
AAPL,2018-10-01,AAPL|2018-10-01 13:30:00+00:00,2018-10-01 13:30:00+00:00,2018-10-01 20:00:00+00:00,2018-10-01 13:25:00+00:00,0,development,1,1d:DNEWS_OVERNIGHT,TFIDF_LR,2018-10,0.5235949518725963,1,"{""C"":0.01}",183,2018-09-28 20:00:00+00:00
AAPL,2018-10-02,AAPL|2018-10-02 13:30:00+00:00,2018-10-02 13:30:00+00:00,2018-10-02 20:00:00+00:00,2018-10-02 13:25:00+00:00,1,development,1,1d:DNEWS_OVERNIGHT,TFIDF_LR,2018-10,0.4990195894833222,0,"{""C"":0.01}",183,2018-09-28 20:00:00+00:00
AAPL,2018-10-03,AAPL|2018-10-03 13:30:00+00:00,2018-10-03 13:30:00+00:00,2018-10-03 20:00:00+00:00,2018-10-03 13:25:00+00:00,1,development,1,1d:DNEWS_OVERNIGHT,TFIDF_LR,2018-10,0.5087785734491036,1,"{""C"":0.01}",183,2018-09-28 20:00:00+00:00
AAPL,2018-10-04,AAPL|2018-10-04 13:30:00+00:00,2018-10-04 13:30:00+00:00,2018-10-04 20:00:00+00:00,2018-10-04 13:25:00+00:00,0,development,1,1d:DNEWS_OVERNIGHT,TFIDF_LR,2018-10,0.5143416019880954,1,"{""C"":0.01}",183,2018-09-28 20:00:00+00:00
AAPL,2018-10-05,AAPL|2018-10-05 13:30:00+00:00,2018-10-05 13:30:00+00:00,2018-10-05 20:00:00+00:00,2018-10-05 13:25:00+00:00,0,development,1,1d:DNEWS_OVERNIGHT,TFIDF_LR,2018-10,0.49215404852131456,0,"{""C"":0.01}",183,2018-09-28 20:00:00+00:00
AAPL,2018-10-08,AAPL|2018-10-08 13:30:00+00:00,2018-10-08 13:30:00+00:00,2018-10-08 20:00:00+00:00,2018-10-08 13:25:00+00:00,0,development,1,1d:DNEWS_OVERNIGHT,TFIDF_LR,2018-10,0.47949662349477895,0,"{""C"":0.01}",183,2018-09-28 20:00:00+00:00
AAPL,2018-10-09,AAPL|2018-10-09 13:30:00+00:00,2018-10-09 13:30:00+00:00,2018-10-09 20:00:00+00:00,2018-10-09 13:25:00+00:00,1,development,1,1d:DNEWS_OVERNIGHT,TFIDF_LR,2018-10,0.49248362393711276,0,"{""C"":0.01}",183,2018-09-28 20:00:00+00:00
AAPL,2018-10-10,AAPL|2018-10-10 13:30:00+00:00,2018-10-10 13:30:00+00:00,2018-10-10 20:00:00+00:00,2018-10-10 13:25:00+00:00,0,development,1,1d:DNEWS_OVERNIGHT,TFIDF_LR,2018-10,0.5184003772885929,1,"{""C"":0.01}",183,2018-09-28 20:00:00+00:00
AAPL,2018-10-11,AAPL|2018-10-11 13:30:00+00:00,2018-10-11 13:30:00+00:00,2018-10-11 20:00:00+00:00,2018-10-11 13:25:00+00:00,1,development,1,1d:DNEWS_OVERNIGHT,TFIDF_LR,2018-10,0.4477140428940449,0,"{""C"":0.01}",183,2018-09-28 20:00:00+00:00
AAPL,2018-10-12,AAPL|2018-10-12 13:30:00+00:00,2018-10-12 13:30:00+00:00,2018-10-12 20:00:00+00:00,2018-10-12 13:25:00+00:00,1,development,1,1d:DNEWS_OVERNIGHT,TFIDF_LR,2018-10,0.4973157545039715,0,"{""C"":0.01}",183,2018-09-28 20:00:00+00:00
AAPL,2018-10-15,AAPL|2018-10-15 13:30:00+00:00,2018-10-15 13:30:00+00:00,2018-10-15 20:00:00+00:00,2018-10-15 13:25:00+00:00,0,development,1,1d:DNEWS_OVERNIGHT,TFIDF_LR,2018-10,0.5259193252933011,1,"{""C"":0.01}",183,2018-09-28 20:00:00+00:00
AAPL,2018-10-16,AAPL|2018-10-16 13:30:00+00:00,2018-10-16 13:30:00+00:00,2018-10-16 20:00:00+00:00,2018-10-16 13:25:00+00:00,1,development,1,1d:DNEWS_OVERNIGHT,TFIDF_LR,2018-10,0.48951633356733426,0,"{""C"":0.01}",183,2018-09-28 20:00:00+00:00
AAPL,2018-10-17,AAPL|2018-10-17 13:30:00+00:00,2018-10-17 13:30:00+00:00,2018-10-17 20:00:00+00:00,2018-10-17 13:25:00+00:00,0,development,1,1d:DNEWS_OVERNIGHT,TFIDF_LR,2018-10,0.5188179600532901,1,"{""C"":0.01}",183,2018-09-28 20:00:00+00:00
AAPL,2018-10-18,AAPL|2018-10-18 13:30:00+00:00,2018-10-18 13:30:00+00:00,2018-10-18 20:00:00+00:00,2018-10-18 13:25:00+00:00,0,development,1,1d:DNEWS_OVERNIGHT,TFIDF_LR,2018-10,0.5110878928251843,1,"{""C"":0.01}",183,2018-09-28 20:00:00+00:00
AAPL,2018-10-19,AAPL|2018-10-19 13:30:00+00:00,2018-10-19 13:30:00+00:00,2018-10-19 20:00:00+00:00,2018-10-19 13:25:00+00:00,1,development,1,1d:DNEWS_OVERNIGHT,TFIDF_LR,2018-10,0.4905698943792366,0,"{""C"":0.01}",183,2018-09-28 20:00:00+00:00
AAPL,2018-10-22,AAPL|2018-10-22 13:30:00+00:00,2018-10-22 13:30:00+00:00,2018-10-22 20:00:00+00:00,2018-10-22 13:25:00+00:00,0,development,1,1d:DNEWS_OVERNIGHT,TFIDF_LR,2018-10,0.49970316505027146,0,"{""C"":0.01}",183,2018-09-28 20:00:00+00:00
AAPL,2018-10-23,AAPL|2018-10-23 13:30:00+00:00,2018-10-23 13:30:00+00:00,2018-10-23 20:00:00+00:00,2018-10-23 13:25:00+00:00,1,development,1,1d:DNEWS_OVERNIGHT,TFIDF_LR,2018-10,0.5010241507232752,1,"{""C"":0.01}",183,2018-09-28 20:00:00+00:00
AAPL,2018-10-24,AAPL|2018-10-24 13:30:00+00:00,2018-10-24 13:30:00+00:00,2018-10-24 20:00:00+00:00,2018-10-24 13:25:00+00:00,0,development,1,1d:DNEWS_OVERNIGHT,TFIDF_LR,2018-10,0.5395446783524548,1,"{""C"":0.01}",183,2018-09-28 20:00:00+00:00
AAPL,2018-10-25,AAPL|2018-10-25 13:30:00+00:00,2018-10-25 13:30:00+00:00,2018-10-25 20:00:00+00:00,2018-10-25 13:25:00+00:00,0,development,1,1d:DNEWS_OVERNIGHT,TFIDF_LR,2018-10,0.4898564261557375,0,"{""C"":0.01}",183,2018-09-28 20:00:00+00:00
AAPL,2018-10-26,AAPL|2018-10-26 13:30:00+00:00,2018-10-26 13:30:00+00:00,2018-10-26 20:00:00+00:00,2018-10-26 13:25:00+00:00,1,development,1,1d:DNEWS_OVERNIGHT,TFIDF_LR,2018-10,0.5012102645438524,1,"{""C"":0.01}",183,2018-09-28 20:00:00+00:00
AAPL,2018-10-29,AAPL|2018-10-29 13:30:00+00:00,2018-10-29 13:30:00+00:00,2018-10-29 20:00:00+00:00,2018-10-29 13:25:00+00:00,0,development,1,1d:DNEWS_OVERNIGHT,TFIDF_LR,2018-10,0.509194891596733,1,"{""C"":0.01}",183,2018-09-28 20:00:00+00:00
AAPL,2018-10-30,AAPL|2018-10-30 13:30:00+00:00,2018-10-30 13:30:00+00:00,2018-10-30 20:00:00+00:00,2018-10-30 13:25:00+00:00,1,development,1,1d:DNEWS_OVERNIGHT,TFIDF_LR,2018-10,0.46695361298901866,0,"{""C"":0.01}",183,2018-09-28 20:00:00+00:00
AAPL,2018-10-31,AAPL|2018-10-31 13:30:00+00:00,2018-10-31 13:30:00+00:00,2018-10-31 20:00:00+00:00,2018-10-31 13:25:00+00:00,1,development,1,1d:DNEWS_OVERNIGHT,TFIDF_LR,2018-10,0.48589102473477097,0,"{""C"":0.01}",183,2018-09-28 20:00:00+00:00
AAPL,2018-11-01,AAPL|2018-11-01 13:30:00+00:00,2018-11-01 13:30:00+00:00,2018-11-01 20:00:00+00:00,2018-11-01 13:25:00+00:00,0,later,1,1d:DNEWS_OVERNIGHT,TFIDF_LR,2018-11,0.5071690929592095,1,"{""C"":0.01}",206,2018-10-31 20:00:00+00:00
AAPL,2018-11-02,AAPL|2018-11-02 13:30:00+00:00,2018-11-02 13:30:00+00:00,2018-11-02 20:00:00+00:00,2018-11-02 13:25:00+00:00,0,later,1,1d:DNEWS_OVERNIGHT,TFIDF_LR,2018-11,0.5075131318583408,1,"{""C"":0.01}",206,2018-10-31 20:00:00+00:00
AAPL,2018-11-05,AAPL|2018-11-05 14:30:00+00:00,2018-11-05 14:30:00+00:00,2018-11-05 21:00:00+00:00,2018-11-05 14:25:00+00:00,0,later,1,1d:DNEWS_OVERNIGHT,TFIDF_LR,2018-11,0.4970405025963299,0,"{""C"":0.01}",206,2018-10-31 20:00:00+00:00
AAPL,2018-11-06,AAPL|2018-11-06 14:30:00+00:00,2018-11-06 14:30:00+00:00,2018-11-06 21:00:00+00:00,2018-11-06 14:25:00+00:00,1,later,1,1d:DNEWS_OVERNIGHT,TFIDF_LR,2018-11,0.5089462092683283,1,"{""C"":0.01}",206,2018-10-31 20:00:00+00:00
AAPL,2018-11-07,AAPL|2018-11-07 14:30:00+00:00,2018-11-07 14:30:00+00:00,2018-11-07 21:00:00+00:00,2018-11-07 14:25:00+00:00,1,later,1,1d:DNEWS_OVERNIGHT,TFIDF_LR,2018-11,0.5137480242757112,1,"{""C"":0.01}",206,2018-10-31 20:00:00+00:00
AAPL,2018-11-08,AAPL|2018-11-08 14:30:00+00:00,2018-11-08 14:30:00+00:00,2018-11-08 21:00:00+00:00,2018-11-08 14:25:00+00:00,0,later,1,1d:DNEWS_OVERNIGHT,TFIDF_LR,2018-11,0.5065825181026564,1,"{""C"":0.01}",206,2018-10-31 20:00:00+00:00
AAPL,2018-11-09,AAPL|2018-11-09 14:30:00+00:00,2018-11-09 14:30:00+00:00,2018-11-09 21:00:00+00:00,2018-11-09 14:25:00+00:00,0,later,1,1d:DNEWS_OVERNIGHT,TFIDF_LR,2018-11,0.5065428809336086,1,"{""C"":0.01}",206,2018-10-31 20:00:00+00:00
AAPL,2018-11-12,AAPL|2018-11-12 14:30:00+00:00,2018-11-12 14:30:00+00:00,2018-11-12 21:00:00+00:00,2018-11-12 14:25:00+00:00,0,later,1,1d:DNEWS_OVERNIGHT,TFIDF_LR,2018-11,0.4921732692247205,0,"{""C"":0.01}",206,2018-10-31 20:00:00+00:00
AAPL,2018-11-13,AAPL|2018-11-13 14:30:00+00:00,2018-11-13 14:30:00+00:00,2018-11-13 21:00:00+00:00,2018-11-13 14:25:00+00:00,1,later,1,1d:DNEWS_OVERNIGHT,TFIDF_LR,2018-11,0.5181321318789722,1,"{""C"":0.01}",206,2018-10-31 20:00:00+00:00
AAPL,2018-11-14,AAPL|2018-11-14 14:30:00+00:00,2018-11-14 14:30:00+00:00,2018-11-14 21:00:00+00:00,2018-11-14 14:25:00+00:00,0,later,1,1d:DNEWS_OVERNIGHT,TFIDF_LR,2018-11,0.515632834656932,1,"{""C"":0.01}",206,2018-10-31 20:00:00+00:00
AAPL,2018-11-15,AAPL|2018-11-15 14:30:00+00:00,2018-11-15 14:30:00+00:00,2018-11-15 21:00:00+00:00,2018-11-15 14:25:00+00:00,1,later,1,1d:DNEWS_OVERNIGHT,TFIDF_LR,2018-11,0.5006058492848027,1,"{""C"":0.01}",206,2018-10-31 20:00:00+00:00
AAPL,2018-11-16,AAPL|2018-11-16 14:30:00+00:00,2018-11-16 14:30:00+00:00,2018-11-16 21:00:00+00:00,2018-11-16 14:25:00+00:00,1,later,1,1d:DNEWS_OVERNIGHT,TFIDF_LR,2018-11,0.5119919203085307,1,"{""C"":0.01}",206,2018-10-31 20:00:00+00:00
AAPL,2018-11-19,AAPL|2018-11-19 14:30:00+00:00,2018-11-19 14:30:00+00:00,2018-11-19 21:00:00+00:00,2018-11-19 14:25:00+00:00,0,later,1,1d:DNEWS_OVERNIGHT,TFIDF_LR,2018-11,0.48822500207308284,0,"{""C"":0.01}",206,2018-10-31 20:00:00+00:00
AAPL,2018-11-20,AAPL|2018-11-20 14:30:00+00:00,2018-11-20 14:30:00+00:00,2018-11-20 21:00:00+00:00,2018-11-20 14:25:00+00:00,0,later,1,1d:DNEWS_OVERNIGHT,TFIDF_LR,2018-11,0.5104403902928275,1,"{""C"":0.01}",206,2018-10-31 20:00:00+00:00
AAPL,2018-11-21,AAPL|2018-11-21 14:30:00+00:00,2018-11-21 14:30:00+00:00,2018-11-21 21:00:00+00:00,2018-11-21 14:25:00+00:00,0,later,1,1d:DNEWS_OVERNIGHT,TFIDF_LR,2018-11,0.5216471077312165,1,"{""C"":0.01}",206,2018-10-31 20:00:00+00:00
AAPL,2018-11-23,AAPL|2018-11-23 14:30:00+00:00,2018-11-23 14:30:00+00:00,2018-11-23 18:00:00+00:00,2018-11-23 14:25:00+00:00,0,later,1,1d:DNEWS_OVERNIGHT,TFIDF_LR,2018-11,0.5107316214758353,1,"{""C"":0.01}",206,2018-10-31 20:00:00+00:00
AAPL,2018-11-26,AAPL|2018-11-26 14:30:00+00:00,2018-11-26 14:30:00+00:00,2018-11-26 21:00:00+00:00,2018-11-26 14:25:00+00:00,0,later,1,1d:DNEWS_OVERNIGHT,TFIDF_LR,2018-11,0.4896214908927929,0,"{""C"":0.01}",206,2018-10-31 20:00:00+00:00
AAPL,2018-11-27,AAPL|2018-11-27 14:30:00+00:00,2018-11-27 14:30:00+00:00,2018-11-27 21:00:00+00:00,2018-11-27 14:25:00+00:00,1,later,1,1d:DNEWS_OVERNIGHT,TFIDF_LR,2018-11,0.5021056186096305,1,"{""C"":0.01}",206,2018-10-31 20:00:00+00:00
AAPL,2018-11-28,AAPL|2018-11-28 14:30:00+00:00,2018-11-28 14:30:00+00:00,2018-11-28 21:00:00+00:00,2018-11-28 14:25:00+00:00,1,later,1,1d:DNEWS_OVERNIGHT,TFIDF_LR,2018-11,0.5072072338178427,1,"{""C"":0.01}",206,2018-10-31 20:00:00+00:00
AAPL,2018-11-29,AAPL|2018-11-29 14:30:00+00:00,2018-11-29 14:30:00+00:00,2018-11-29 21:00:00+00:00,2018-11-29 14:25:00+00:00,0,later,1,1d:DNEWS_OVERNIGHT,TFIDF_LR,2018-11,0.5100183222197827,1,"{""C"":0.01}",206,2018-10-31 20:00:00+00:00
AAPL,2018-11-30,AAPL|2018-11-30 14:30:00+00:00,2018-11-30 14:30:00+00:00,2018-11-30 21:00:00+00:00,2018-11-30 14:25:00+00:00,0,later,1,1d:DNEWS_OVERNIGHT,TFIDF_LR,2018-11,0.5124749124596164,1,"{""C"":0.01}",206,2018-10-31 20:00:00+00:00
AAPL,2018-12-03,AAPL|2018-12-03 14:30:00+00:00,2018-12-03 14:30:00+00:00,2018-12-03 21:00:00+00:00,2018-12-03 14:25:00+00:00,0,later,1,1d:DNEWS_OVERNIGHT,TFIDF_LR,2018-12,0.4864588055608418,0,"{""C"":0.01}",227,2018-11-30 21:00:00+00:00
AAPL,2018-12-04,AAPL|2018-12-04 14:30:00+00:00,2018-12-04 14:30:00+00:00,2018-12-04 21:00:00+00:00,2018-12-04 14:25:00+00:00,0,later,1,1d:DNEWS_OVERNIGHT,TFIDF_LR,2018-12,0.5160315017658982,1,"{""C"":0.01}",227,2018-11-30 21:00:00+00:00
AAPL,2018-12-06,AAPL|2018-12-06 14:30:00+00:00,2018-12-06 14:30:00+00:00,2018-12-06 21:00:00+00:00,2018-12-06 14:25:00+00:00,1,later,1,1d:DNEWS_OVERNIGHT,TFIDF_LR,2018-12,0.4877758510341464,0,"{""C"":0.01}",227,2018-11-30 21:00:00+00:00
AAPL,2018-12-07,AAPL|2018-12-07 14:30:00+00:00,2018-12-07 14:30:00+00:00,2018-12-07 21:00:00+00:00,2018-12-07 14:25:00+00:00,0,later,1,1d:DNEWS_OVERNIGHT,TFIDF_LR,2018-12,0.5080458110844991,1,"{""C"":0.01}",227,2018-11-30 21:00:00+00:00
AAPL,2018-12-10,AAPL|2018-12-10 14:30:00+00:00,2018-12-10 14:30:00+00:00,2018-12-10 21:00:00+00:00,2018-12-10 14:25:00+00:00,1,later,1,1d:DNEWS_OVERNIGHT,TFIDF_LR,2018-12,0.456506978663115,0,"{""C"":0.01}",227,2018-11-30 21:00:00+00:00
AAPL,2018-12-11,AAPL|2018-12-11 14:30:00+00:00,2018-12-11 14:30:00+00:00,2018-12-11 21:00:00+00:00,2018-12-11 14:25:00+00:00,0,later,1,1d:DNEWS_OVERNIGHT,TFIDF_LR,2018-12,0.5091023698980903,1,"{""C"":0.01}",227,2018-11-30 21:00:00+00:00
AAPL,2018-12-12,AAPL|2018-12-12 14:30:00+00:00,2018-12-12 14:30:00+00:00,2018-12-12 21:00:00+00:00,2018-12-12 14:25:00+00:00,0,later,1,1d:DNEWS_OVERNIGHT,TFIDF_LR,2018-12,0.4953082311219306,0,"{""C"":0.01}",227,2018-11-30 21:00:00+00:00
AAPL,2018-12-13,AAPL|2018-12-13 14:30:00+00:00,2018-12-13 14:30:00+00:00,2018-12-13 21:00:00+00:00,2018-12-13 14:25:00+00:00,1,later,1,1d:DNEWS_OVERNIGHT,TFIDF_LR,2018-12,0.5144884411074998,1,"{""C"":0.01}",227,2018-11-30 21:00:00+00:00
AAPL,2018-12-14,AAPL|2018-12-14 14:30:00+00:00,2018-12-14 14:30:00+00:00,2018-12-14 21:00:00+00:00,2018-12-14 14:25:00+00:00,0,later,1,1d:DNEWS_OVERNIGHT,TFIDF_LR,2018-12,0.5055094489387058,1,"{""C"":0.01}",227,2018-11-30 21:00:00+00:00
AAPL,2018-12-17,AAPL|2018-12-17 14:30:00+00:00,2018-12-17 14:30:00+00:00,2018-12-17 21:00:00+00:00,2018-12-17 14:25:00+00:00,0,later,1,1d:DNEWS_OVERNIGHT,TFIDF_LR,2018-12,0.4656771688782813,0,"{""C"":0.01}",227,2018-11-30 21:00:00+00:00
AAPL,2018-12-18,AAPL|2018-12-18 14:30:00+00:00,2018-12-18 14:30:00+00:00,2018-12-18 21:00:00+00:00,2018-12-18 14:25:00+00:00,0,later,1,1d:DNEWS_OVERNIGHT,TFIDF_LR,2018-12,0.4986554188326769,0,"{""C"":0.01}",227,2018-11-30 21:00:00+00:00
AAPL,2018-12-19,AAPL|2018-12-19 14:30:00+00:00,2018-12-19 14:30:00+00:00,2018-12-19 21:00:00+00:00,2018-12-19 14:25:00+00:00,0,later,1,1d:DNEWS_OVERNIGHT,TFIDF_LR,2018-12,0.49970160723318147,0,"{""C"":0.01}",227,2018-11-30 21:00:00+00:00
AAPL,2018-12-20,AAPL|2018-12-20 14:30:00+00:00,2018-12-20 14:30:00+00:00,2018-12-20 21:00:00+00:00,2018-12-20 14:25:00+00:00,0,later,1,1d:DNEWS_OVERNIGHT,TFIDF_LR,2018-12,0.4881711061867875,0,"{""C"":0.01}",227,2018-11-30 21:00:00+00:00
AAPL,2018-12-21,AAPL|2018-12-21 14:30:00+00:00,2018-12-21 14:30:00+00:00,2018-12-21 21:00:00+00:00,2018-12-21 14:25:00+00:00,0,later,1,1d:DNEWS_OVERNIGHT,TFIDF_LR,2018-12,0.500679528509643,1,"{""C"":0.01}",227,2018-11-30 21:00:00+00:00
AAPL,2018-12-24,AAPL|2018-12-24 14:30:00+00:00,2018-12-24 14:30:00+00:00,2018-12-24 18:00:00+00:00,2018-12-24 14:25:00+00:00,0,later,1,1d:DNEWS_OVERNIGHT,TFIDF_LR,2018-12,0.4587127594270798,0,"{""C"":0.01}",227,2018-11-30 21:00:00+00:00
AAPL,2018-12-26,AAPL|2018-12-26 14:30:00+00:00,2018-12-26 14:30:00+00:00,2018-12-26 21:00:00+00:00,2018-12-26 14:25:00+00:00,1,later,1,1d:DNEWS_OVERNIGHT,TFIDF_LR,2018-12,0.49009389033478545,0,"{""C"":0.01}",227,2018-11-30 21:00:00+00:00
AAPL,2018-12-27,AAPL|2018-12-27 14:30:00+00:00,2018-12-27 14:30:00+00:00,2018-12-27 21:00:00+00:00,2018-12-27 14:25:00+00:00,1,later,1,1d:DNEWS_OVERNIGHT,TFIDF_LR,2018-12,0.4956504425007065,0,"{""C"":0.01}",227,2018-11-30 21:00:00+00:00
AAPL,2018-12-28,AAPL|2018-12-28 14:30:00+00:00,2018-12-28 14:30:00+00:00,2018-12-28 21:00:00+00:00,2018-12-28 14:25:00+00:00,0,later,1,1d:DNEWS_OVERNIGHT,TFIDF_LR,2018-12,0.4866868669909815,0,"{""C"":0.01}",227,2018-11-30 21:00:00+00:00
AAPL,2018-12-31,AAPL|2018-12-31 14:30:00+00:00,2018-12-31 14:30:00+00:00,2018-12-31 21:00:00+00:00,2018-12-31 14:25:00+00:00,1,later,1,1d:DNEWS_OVERNIGHT,TFIDF_LR,2018-12,0.4840271987959017,0,"{""C"":0.01}",227,2018-11-30 21:00:00+00:00
AAPL,2019-01-02,AAPL|2019-01-02 14:30:00+00:00,2019-01-02 14:30:00+00:00,2019-01-02 21:00:00+00:00,2019-01-02 14:25:00+00:00,0,later,1,1d:DNEWS_OVERNIGHT,TFIDF_LR,2019-01,0.515920901515058,1,"{""C"":0.01}",246,2018-12-31 21:00:00+00:00
AAPL,2019-01-03,AAPL|2019-01-03 14:30:00+00:00,2019-01-03 14:30:00+00:00,2019-01-03 21:00:00+00:00,2019-01-03 14:25:00+00:00,0,later,1,1d:DNEWS_OVERNIGHT,TFIDF_LR,2019-01,0.47048184784016917,0,"{""C"":0.01}",246,2018-12-31 21:00:00+00:00
AAPL,2019-01-04,AAPL|2019-01-04 14:30:00+00:00,2019-01-04 14:30:00+00:00,2019-01-04 21:00:00+00:00,2019-01-04 14:25:00+00:00,1,later,1,1d:DNEWS_OVERNIGHT,TFIDF_LR,2019-01,0.503686914720123,1,"{""C"":0.01}",246,2018-12-31 21:00:00+00:00
AAPL,2019-01-07,AAPL|2019-01-07 14:30:00+00:00,2019-01-07 14:30:00+00:00,2019-01-07 21:00:00+00:00,2019-01-07 14:25:00+00:00,0,later,1,1d:DNEWS_OVERNIGHT,TFIDF_LR,2019-01,0.47948310655538895,0,"{""C"":0.01}",246,2018-12-31 21:00:00+00:00
AAPL,2019-01-08,AAPL|2019-01-08 14:30:00+00:00,2019-01-08 14:30:00+00:00,2019-01-08 21:00:00+00:00,2019-01-08 14:25:00+00:00,1,later,1,1d:DNEWS_OVERNIGHT,TFIDF_LR,2019-01,0.49517505663631084,0,"{""C"":0.01}",246,2018-12-31 21:00:00+00:00
AAPL,2019-01-09,AAPL|2019-01-09 14:30:00+00:00,2019-01-09 14:30:00+00:00,2019-01-09 21:00:00+00:00,2019-01-09 14:25:00+00:00,1,later,1,1d:DNEWS_OVERNIGHT,TFIDF_LR,2019-01,0.5093930092156405,1,"{""C"":0.01}",246,2018-12-31 21:00:00+00:00
AAPL,2019-01-10,AAPL|2019-01-10 14:30:00+00:00,2019-01-10 14:30:00+00:00,2019-01-10 21:00:00+00:00,2019-01-10 14:25:00+00:00,1,later,1,1d:DNEWS_OVERNIGHT,TFIDF_LR,2019-01,0.5035085954855227,1,"{""C"":0.01}",246,2018-12-31 21:00:00+00:00
AAPL,2019-01-11,AAPL|2019-01-11 14:30:00+00:00,2019-01-11 14:30:00+00:00,2019-01-11 21:00:00+00:00,2019-01-11 14:25:00+00:00,0,later,1,1d:DNEWS_OVERNIGHT,TFIDF_LR,2019-01,0.519747700715206,1,"{""C"":0.01}",246,2018-12-31 21:00:00+00:00
AAPL,2019-01-14,AAPL|2019-01-14 14:30:00+00:00,2019-01-14 14:30:00+00:00,2019-01-14 21:00:00+00:00,2019-01-14 14:25:00+00:00,0,later,1,1d:DNEWS_OVERNIGHT,TFIDF_LR,2019-01,0.47794101334880945,0,"{""C"":0.01}",246,2018-12-31 21:00:00+00:00
AAPL,2019-01-15,AAPL|2019-01-15 14:30:00+00:00,2019-01-15 14:30:00+00:00,2019-01-15 21:00:00+00:00,2019-01-15 14:25:00+00:00,1,later,1,1d:DNEWS_OVERNIGHT,TFIDF_LR,2019-01,0.5073395870308225,1,"{""C"":0.01}",246,2018-12-31 21:00:00+00:00
AAPL,2019-01-16,AAPL|2019-01-16 14:30:00+00:00,2019-01-16 14:30:00+00:00,2019-01-16 21:00:00+00:00,2019-01-16 14:25:00+00:00,1,later,1,1d:DNEWS_OVERNIGHT,TFIDF_LR,2019-01,0.5078503717043318,1,"{""C"":0.01}",246,2018-12-31 21:00:00+00:00
AAPL,2019-01-17,AAPL|2019-01-17 14:30:00+00:00,2019-01-17 14:30:00+00:00,2019-01-17 21:00:00+00:00,2019-01-17 14:25:00+00:00,1,later,1,1d:DNEWS_OVERNIGHT,TFIDF_LR,2019-01,0.4981395262021744,0,"{""C"":0.01}",246,2018-12-31 21:00:00+00:00
AAPL,2019-01-18,AAPL|2019-01-18 14:30:00+00:00,2019-01-18 14:30:00+00:00,2019-01-18 21:00:00+00:00,2019-01-18 14:25:00+00:00,0,later,1,1d:DNEWS_OVERNIGHT,TFIDF_LR,2019-01,0.49821116577523117,0,"{""C"":0.01}",246,2018-12-31 21:00:00+00:00
AAPL,2019-01-22,AAPL|2019-01-22 14:30:00+00:00,2019-01-22 14:30:00+00:00,2019-01-22 21:00:00+00:00,2019-01-22 14:25:00+00:00,0,later,1,1d:DNEWS_OVERNIGHT,TFIDF_LR,2019-01,0.4671837683556411,0,"{""C"":0.01}",246,2018-12-31 21:00:00+00:00
AAPL,2019-01-23,AAPL|2019-01-23 14:30:00+00:00,2019-01-23 14:30:00+00:00,2019-01-23 21:00:00+00:00,2019-01-23 14:25:00+00:00,0,later,1,1d:DNEWS_OVERNIGHT,TFIDF_LR,2019-01,0.49721641173891296,0,"{""C"":0.01}",246,2018-12-31 21:00:00+00:00
AAPL,2019-01-24,AAPL|2019-01-24 14:30:00+00:00,2019-01-24 14:30:00+00:00,2019-01-24 21:00:00+00:00,2019-01-24 14:25:00+00:00,0,later,1,1d:DNEWS_OVERNIGHT,TFIDF_LR,2019-01,0.4987228690764384,0,"{""C"":0.01}",246,2018-12-31 21:00:00+00:00
AAPL,2019-01-25,AAPL|2019-01-25 14:30:00+00:00,2019-01-25 14:30:00+00:00,2019-01-25 21:00:00+00:00,2019-01-25 14:25:00+00:00,1,later,1,1d:DNEWS_OVERNIGHT,TFIDF_LR,2019-01,0.48948508832424975,0,"{""C"":0.01}",246,2018-12-31 21:00:00+00:00
AAPL,2019-01-28,AAPL|2019-01-28 14:30:00+00:00,2019-01-28 14:30:00+00:00,2019-01-28 21:00:00+00:00,2019-01-28 14:25:00+00:00,0,later,1,1d:DNEWS_OVERNIGHT,TFIDF_LR,2019-01,0.4767191622805618,0,"{""C"":0.01}",246,2018-12-31 21:00:00+00:00
AAPL,2019-01-29,AAPL|2019-01-29 14:30:00+00:00,2019-01-29 14:30:00+00:00,2019-01-29 21:00:00+00:00,2019-01-29 14:25:00+00:00,1,later,1,1d:DNEWS_OVERNIGHT,TFIDF_LR,2019-01,0.49126468954524904,0,"{""C"":0.01}",246,2018-12-31 21:00:00+00:00
AAPL,2019-01-30,AAPL|2019-01-30 14:30:00+00:00,2019-01-30 14:30:00+00:00,2019-01-30 21:00:00+00:00,2019-01-30 14:25:00+00:00,1,later,1,1d:DNEWS_OVERNIGHT,TFIDF_LR,2019-01,0.4890385166645087,0,"{""C"":0.01}",246,2018-12-31 21:00:00+00:00
AAPL,2019-01-31,AAPL|2019-01-31 14:30:00+00:00,2019-01-31 14:30:00+00:00,2019-01-31 21:00:00+00:00,2019-01-31 14:25:00+00:00,1,later,1,1d:DNEWS_OVERNIGHT,TFIDF_LR,2019-01,0.5105355195884069,1,"{""C"":0.01}",246,2018-12-31 21:00:00+00:00
AAPL,2019-02-01,AAPL|2019-02-01 14:30:00+00:00,2019-02-01 14:30:00+00:00,2019-02-01 21:00:00+00:00,2019-02-01 14:25:00+00:00,1,later,1,1d:DNEWS_OVERNIGHT,TFIDF_LR,2019-02,0.5156901972251543,1,"{""C"":0.01}",267,2019-01-31 21:00:00+00:00
AMZN,2018-09-04,AMZN|2018-09-04 13:30:00+00:00,2018-09-04 13:30:00+00:00,2018-09-04 20:00:00+00:00,2018-09-04 13:25:00+00:00,1,development,1,1d:DNEWS_OVERNIGHT,TFIDF_LR,2018-09,0.5727964391339702,1,"{""C"":1.0}",164,2018-08-31 20:00:00+00:00
AMZN,2018-09-05,AMZN|2018-09-05 13:30:00+00:00,2018-09-05 13:30:00+00:00,2018-09-05 20:00:00+00:00,2018-09-05 13:25:00+00:00,0,development,1,1d:DNEWS_OVERNIGHT,TFIDF_LR,2018-09,0.4744335837024758,0,"{""C"":1.0}",164,2018-08-31 20:00:00+00:00
AMZN,2018-09-06,AMZN|2018-09-06 13:30:00+00:00,2018-09-06 13:30:00+00:00,2018-09-06 20:00:00+00:00,2018-09-06 13:25:00+00:00,0,development,1,1d:DNEWS_OVERNIGHT,TFIDF_LR,2018-09,0.4535936259020621,0,"{""C"":1.0}",164,2018-08-31 20:00:00+00:00
AMZN,2018-09-07,AMZN|2018-09-07 13:30:00+00:00,2018-09-07 13:30:00+00:00,2018-09-07 20:00:00+00:00,2018-09-07 13:25:00+00:00,1,development,1,1d:DNEWS_OVERNIGHT,TFIDF_LR,2018-09,0.545931110022094,1,"{""C"":1.0}",164,2018-08-31 20:00:00+00:00
AMZN,2018-09-10,AMZN|2018-09-10 13:30:00+00:00,2018-09-10 13:30:00+00:00,2018-09-10 20:00:00+00:00,2018-09-10 13:25:00+00:00,0,development,1,1d:DNEWS_OVERNIGHT,TFIDF_LR,2018-09,0.6834610267058292,1,"{""C"":1.0}",164,2018-08-31 20:00:00+00:00
AMZN,2018-09-11,AMZN|2018-09-11 13:30:00+00:00,2018-09-11 13:30:00+00:00,2018-09-11 20:00:00+00:00,2018-09-11 13:25:00+00:00,1,development,0,1d:DNEWS_OVERNIGHT,TFIDF_LR,2018-09,0.6001919279783321,1,"{""C"":1.0}",164,2018-08-31 20:00:00+00:00
AMZN,2018-09-12,AMZN|2018-09-12 13:30:00+00:00,2018-09-12 13:30:00+00:00,2018-09-12 20:00:00+00:00,2018-09-12 13:25:00+00:00,0,development,1,1d:DNEWS_OVERNIGHT,TFIDF_LR,2018-09,0.6251842655660932,1,"{""C"":1.0}",164,2018-08-31 20:00:00+00:00
AMZN,2018-09-13,AMZN|2018-09-13 13:30:00+00:00,2018-09-13 13:30:00+00:00,2018-09-13 20:00:00+00:00,2018-09-13 13:25:00+00:00,0,development,1,1d:DNEWS_OVERNIGHT,TFIDF_LR,2018-09,0.507809618355578,1,"{""C"":1.0}",164,2018-08-31 20:00:00+00:00
AMZN,2018-09-14,AMZN|2018-09-14 13:30:00+00:00,2018-09-14 13:30:00+00:00,2018-09-14 20:00:00+00:00,2018-09-14 13:25:00+00:00,0,development,1,1d:DNEWS_OVERNIGHT,TFIDF_LR,2018-09,0.5294640742192805,1,"{""C"":1.0}",164,2018-08-31 20:00:00+00:00
AMZN,2018-09-17,AMZN|2018-09-17 13:30:00+00:00,2018-09-17 13:30:00+00:00,2018-09-17 20:00:00+00:00,2018-09-17 13:25:00+00:00,0,development,1,1d:DNEWS_OVERNIGHT,TFIDF_LR,2018-09,0.5820502919674814,1,"{""C"":1.0}",164,2018-08-31 20:00:00+00:00
AMZN,2018-09-18,AMZN|2018-09-18 13:30:00+00:00,2018-09-18 13:30:00+00:00,2018-09-18 20:00:00+00:00,2018-09-18 13:25:00+00:00,1,development,1,1d:DNEWS_OVERNIGHT,TFIDF_LR,2018-09,0.46391996621078374,0,"{""C"":1.0}",164,2018-08-31 20:00:00+00:00
AMZN,2018-09-19,AMZN|2018-09-19 13:30:00+00:00,2018-09-19 13:30:00+00:00,2018-09-19 20:00:00+00:00,2018-09-19 13:25:00+00:00,0,development,1,1d:DNEWS_OVERNIGHT,TFIDF_LR,2018-09,0.6562240663333101,1,"{""C"":1.0}",164,2018-08-31 20:00:00+00:00
AMZN,2018-09-20,AMZN|2018-09-20 13:30:00+00:00,2018-09-20 13:30:00+00:00,2018-09-20 20:00:00+00:00,2018-09-20 13:25:00+00:00,1,development,0,1d:DNEWS_OVERNIGHT,TFIDF_LR,2018-09,0.5750541499684287,1,"{""C"":1.0}",164,2018-08-31 20:00:00+00:00
AMZN,2018-09-21,AMZN|2018-09-21 13:30:00+00:00,2018-09-21 13:30:00+00:00,2018-09-21 20:00:00+00:00,2018-09-21 13:25:00+00:00,0,development,1,1d:DNEWS_OVERNIGHT,TFIDF_LR,2018-09,0.6316618080746593,1,"{""C"":1.0}",164,2018-08-31 20:00:00+00:00
AMZN,2018-09-24,AMZN|2018-09-24 13:30:00+00:00,2018-09-24 13:30:00+00:00,2018-09-24 20:00:00+00:00,2018-09-24 13:25:00+00:00,1,development,1,1d:DNEWS_OVERNIGHT,TFIDF_LR,2018-09,0.5841577730246844,1,"{""C"":1.0}",164,2018-08-31 20:00:00+00:00
AMZN,2018-09-25,AMZN|2018-09-25 13:30:00+00:00,2018-09-25 13:30:00+00:00,2018-09-25 20:00:00+00:00,2018-09-25 13:25:00+00:00,1,development,1,1d:DNEWS_OVERNIGHT,TFIDF_LR,2018-09,0.5158164806684533,1,"{""C"":1.0}",164,2018-08-31 20:00:00+00:00
AMZN,2018-09-26,AMZN|2018-09-26 13:30:00+00:00,2018-09-26 13:30:00+00:00,2018-09-26 20:00:00+00:00,2018-09-26 13:25:00+00:00,0,development,1,1d:DNEWS_OVERNIGHT,TFIDF_LR,2018-09,0.49843690110879185,0,"{""C"":1.0}",164,2018-08-31 20:00:00+00:00
AMZN,2018-09-27,AMZN|2018-09-27 13:30:00+00:00,2018-09-27 13:30:00+00:00,2018-09-27 20:00:00+00:00,2018-09-27 13:25:00+00:00,1,development,1,1d:DNEWS_OVERNIGHT,TFIDF_LR,2018-09,0.48032277672820667,0,"{""C"":1.0}",164,2018-08-31 20:00:00+00:00
AMZN,2018-09-28,AMZN|2018-09-28 13:30:00+00:00,2018-09-28 13:30:00+00:00,2018-09-28 20:00:00+00:00,2018-09-28 13:25:00+00:00,1,development,1,1d:DNEWS_OVERNIGHT,TFIDF_LR,2018-09,0.557266263006535,1,"{""C"":1.0}",164,2018-08-31 20:00:00+00:00
AMZN,2018-10-01,AMZN|2018-10-01 13:30:00+00:00,2018-10-01 13:30:00+00:00,2018-10-01 20:00:00+00:00,2018-10-01 13:25:00+00:00,0,development,1,1d:DNEWS_OVERNIGHT,TFIDF_LR,2018-10,0.5046125245523005,1,"{""C"":1.0}",183,2018-09-28 20:00:00+00:00
AMZN,2018-10-02,AMZN|2018-10-02 13:30:00+00:00,2018-10-02 13:30:00+00:00,2018-10-02 20:00:00+00:00,2018-10-02 13:25:00+00:00,0,development,1,1d:DNEWS_OVERNIGHT,TFIDF_LR,2018-10,0.47843824333696644,0,"{""C"":1.0}",183,2018-09-28 20:00:00+00:00
AMZN,2018-10-03,AMZN|2018-10-03 13:30:00+00:00,2018-10-03 13:30:00+00:00,2018-10-03 20:00:00+00:00,2018-10-03 13:25:00+00:00,0,development,0,1d:DNEWS_OVERNIGHT,TFIDF_LR,2018-10,0.5425860470146713,1,"{""C"":1.0}",183,2018-09-28 20:00:00+00:00
AMZN,2018-10-04,AMZN|2018-10-04 13:30:00+00:00,2018-10-04 13:30:00+00:00,2018-10-04 20:00:00+00:00,2018-10-04 13:25:00+00:00,0,development,1,1d:DNEWS_OVERNIGHT,TFIDF_LR,2018-10,0.5565826403917249,1,"{""C"":1.0}",183,2018-09-28 20:00:00+00:00
AMZN,2018-10-05,AMZN|2018-10-05 13:30:00+00:00,2018-10-05 13:30:00+00:00,2018-10-05 20:00:00+00:00,2018-10-05 13:25:00+00:00,0,development,1,1d:DNEWS_OVERNIGHT,TFIDF_LR,2018-10,0.5848880231069647,1,"{""C"":1.0}",183,2018-09-28 20:00:00+00:00
AMZN,2018-10-08,AMZN|2018-10-08 13:30:00+00:00,2018-10-08 13:30:00+00:00,2018-10-08 20:00:00+00:00,2018-10-08 13:25:00+00:00,0,development,1,1d:DNEWS_OVERNIGHT,TFIDF_LR,2018-10,0.6459009006687689,1,"{""C"":1.0}",183,2018-09-28 20:00:00+00:00
AMZN,2018-10-09,AMZN|2018-10-09 13:30:00+00:00,2018-10-09 13:30:00+00:00,2018-10-09 20:00:00+00:00,2018-10-09 13:25:00+00:00,1,development,1,1d:DNEWS_OVERNIGHT,TFIDF_LR,2018-10,0.5633111640709642,1,"{""C"":1.0}",183,2018-09-28 20:00:00+00:00
AMZN,2018-10-10,AMZN|2018-10-10 13:30:00+00:00,2018-10-10 13:30:00+00:00,2018-10-10 20:00:00+00:00,2018-10-10 13:25:00+00:00,0,development,1,1d:DNEWS_OVERNIGHT,TFIDF_LR,2018-10,0.5607296933524439,1,"{""C"":1.0}",183,2018-09-28 20:00:00+00:00
AMZN,2018-10-11,AMZN|2018-10-11 13:30:00+00:00,2018-10-11 13:30:00+00:00,2018-10-11 20:00:00+00:00,2018-10-11 13:25:00+00:00,1,development,1,1d:DNEWS_OVERNIGHT,TFIDF_LR,2018-10,0.44716823947324,0,"{""C"":1.0}",183,2018-09-28 20:00:00+00:00
AMZN,2018-10-12,AMZN|2018-10-12 13:30:00+00:00,2018-10-12 13:30:00+00:00,2018-10-12 20:00:00+00:00,2018-10-12 13:25:00+00:00,0,development,0,1d:DNEWS_OVERNIGHT,TFIDF_LR,2018-10,0.7280928456679173,1,"{""C"":1.0}",183,2018-09-28 20:00:00+00:00
AMZN,2018-10-15,AMZN|2018-10-15 13:30:00+00:00,2018-10-15 13:30:00+00:00,2018-10-15 20:00:00+00:00,2018-10-15 13:25:00+00:00,0,development,1,1d:DNEWS_OVERNIGHT,TFIDF_LR,2018-10,0.5947163512114475,1,"{""C"":1.0}",183,2018-09-28 20:00:00+00:00
AMZN,2018-10-16,AMZN|2018-10-16 13:30:00+00:00,2018-10-16 13:30:00+00:00,2018-10-16 20:00:00+00:00,2018-10-16 13:25:00+00:00,1,development,1,1d:DNEWS_OVERNIGHT,TFIDF_LR,2018-10,0.5962554434432578,1,"{""C"":1.0}",183,2018-09-28 20:00:00+00:00
AMZN,2018-10-17,AMZN|2018-10-17 13:30:00+00:00,2018-10-17 13:30:00+00:00,2018-10-17 20:00:00+00:00,2018-10-17 13:25:00+00:00,1,development,1,1d:DNEWS_OVERNIGHT,TFIDF_LR,2018-10,0.6032206863350797,1,"{""C"":1.0}",183,2018-09-28 20:00:00+00:00
AMZN,2018-10-18,AMZN|2018-10-18 13:30:00+00:00,2018-10-18 13:30:00+00:00,2018-10-18 20:00:00+00:00,2018-10-18 13:25:00+00:00,0,development,1,1d:DNEWS_OVERNIGHT,TFIDF_LR,2018-10,0.4517626372924103,0,"{""C"":1.0}",183,2018-09-28 20:00:00+00:00
AMZN,2018-10-19,AMZN|2018-10-19 13:30:00+00:00,2018-10-19 13:30:00+00:00,2018-10-19 20:00:00+00:00,2018-10-19 13:25:00+00:00,0,development,1,1d:DNEWS_OVERNIGHT,TFIDF_LR,2018-10,0.490504659836175,0,"{""C"":1.0}",183,2018-09-28 20:00:00+00:00
AMZN,2018-10-22,AMZN|2018-10-22 13:30:00+00:00,2018-10-22 13:30:00+00:00,2018-10-22 20:00:00+00:00,2018-10-22 13:25:00+00:00,1,development,1,1d:DNEWS_OVERNIGHT,TFIDF_LR,2018-10,0.6234002618663909,1,"{""C"":1.0}",183,2018-09-28 20:00:00+00:00
AMZN,2018-10-23,AMZN|2018-10-23 13:30:00+00:00,2018-10-23 13:30:00+00:00,2018-10-23 20:00:00+00:00,2018-10-23 13:25:00+00:00,1,development,1,1d:DNEWS_OVERNIGHT,TFIDF_LR,2018-10,0.5335709208902311,1,"{""C"":1.0}",183,2018-09-28 20:00:00+00:00
AMZN,2018-10-24,AMZN|2018-10-24 13:30:00+00:00,2018-10-24 13:30:00+00:00,2018-10-24 20:00:00+00:00,2018-10-24 13:25:00+00:00,0,development,1,1d:DNEWS_OVERNIGHT,TFIDF_LR,2018-10,0.4909334974766264,0,"{""C"":1.0}",183,2018-09-28 20:00:00+00:00
AMZN,2018-10-25,AMZN|2018-10-25 13:30:00+00:00,2018-10-25 13:30:00+00:00,2018-10-25 20:00:00+00:00,2018-10-25 13:25:00+00:00,0,development,0,1d:DNEWS_OVERNIGHT,TFIDF_LR,2018-10,0.4424410524450242,0,"{""C"":1.0}",183,2018-09-28 20:00:00+00:00
AMZN,2018-10-26,AMZN|2018-10-26 13:30:00+00:00,2018-10-26 13:30:00+00:00,2018-10-26 20:00:00+00:00,2018-10-26 13:25:00+00:00,1,development,1,1d:DNEWS_OVERNIGHT,TFIDF_LR,2018-10,0.5142157110159622,1,"{""C"":1.0}",183,2018-09-28 20:00:00+00:00
AMZN,2018-10-29,AMZN|2018-10-29 13:30:00+00:00,2018-10-29 13:30:00+00:00,2018-10-29 20:00:00+00:00,2018-10-29 13:25:00+00:00,0,development,1,1d:DNEWS_OVERNIGHT,TFIDF_LR,2018-10,0.593741106597575,1,"{""C"":1.0}",183,2018-09-28 20:00:00+00:00
AMZN,2018-10-30,AMZN|2018-10-30 13:30:00+00:00,2018-10-30 13:30:00+00:00,2018-10-30 20:00:00+00:00,2018-10-30 13:25:00+00:00,1,development,1,1d:DNEWS_OVERNIGHT,TFIDF_LR,2018-10,0.4171126393097443,0,"{""C"":1.0}",183,2018-09-28 20:00:00+00:00
AMZN,2018-10-31,AMZN|2018-10-31 13:30:00+00:00,2018-10-31 13:30:00+00:00,2018-10-31 20:00:00+00:00,2018-10-31 13:25:00+00:00,1,development,1,1d:DNEWS_OVERNIGHT,TFIDF_LR,2018-10,0.8130163065377309,1,"{""C"":1.0}",183,2018-09-28 20:00:00+00:00
AMZN,2018-11-01,AMZN|2018-11-01 13:30:00+00:00,2018-11-01 13:30:00+00:00,2018-11-01 20:00:00+00:00,2018-11-01 13:25:00+00:00,1,later,0,1d:DNEWS_OVERNIGHT,TFIDF_LR,2018-11,0.5895343616963218,1,"{""C"":1.0}",206,2018-10-31 20:00:00+00:00
AMZN,2018-11-02,AMZN|2018-11-02 13:30:00+00:00,2018-11-02 13:30:00+00:00,2018-11-02 20:00:00+00:00,2018-11-02 13:25:00+00:00,0,later,1,1d:DNEWS_OVERNIGHT,TFIDF_LR,2018-11,0.48275374154962997,0,"{""C"":1.0}",206,2018-10-31 20:00:00+00:00
AMZN,2018-11-05,AMZN|2018-11-05 14:30:00+00:00,2018-11-05 14:30:00+00:00,2018-11-05 21:00:00+00:00,2018-11-05 14:25:00+00:00,0,later,1,1d:DNEWS_OVERNIGHT,TFIDF_LR,2018-11,0.5764480066486926,1,"{""C"":1.0}",206,2018-10-31 20:00:00+00:00
AMZN,2018-11-06,AMZN|2018-11-06 14:30:00+00:00,2018-11-06 14:30:00+00:00,2018-11-06 21:00:00+00:00,2018-11-06 14:25:00+00:00,1,later,1,1d:DNEWS_OVERNIGHT,TFIDF_LR,2018-11,0.4316143879644985,0,"{""C"":1.0}",206,2018-10-31 20:00:00+00:00
AMZN,2018-11-07,AMZN|2018-11-07 14:30:00+00:00,2018-11-07 14:30:00+00:00,2018-11-07 21:00:00+00:00,2018-11-07 14:25:00+00:00,1,later,1,1d:DNEWS_OVERNIGHT,TFIDF_LR,2018-11,0.4631840237440307,0,"{""C"":1.0}",206,2018-10-31 20:00:00+00:00
AMZN,2018-11-08,AMZN|2018-11-08 14:30:00+00:00,2018-11-08 14:30:00+00:00,2018-11-08 21:00:00+00:00,2018-11-08 14:25:00+00:00,0,later,0,1d:DNEWS_OVERNIGHT,TFIDF_LR,2018-11,0.3492197190559713,0,"{""C"":1.0}",206,2018-10-31 20:00:00+00:00
AMZN,2018-11-09,AMZN|2018-11-09 14:30:00+00:00,2018-11-09 14:30:00+00:00,2018-11-09 21:00:00+00:00,2018-11-09 14:25:00+00:00,0,later,1,1d:DNEWS_OVERNIGHT,TFIDF_LR,2018-11,0.3662946039816528,0,"{""C"":1.0}",206,2018-10-31 20:00:00+00:00
AMZN,2018-11-12,AMZN|2018-11-12 14:30:00+00:00,2018-11-12 14:30:00+00:00,2018-11-12 21:00:00+00:00,2018-11-12 14:25:00+00:00,0,later,1,1d:DNEWS_OVERNIGHT,TFIDF_LR,2018-11,0.5238253131118312,1,"{""C"":1.0}",206,2018-10-31 20:00:00+00:00
AMZN,2018-11-13,AMZN|2018-11-13 14:30:00+00:00,2018-11-13 14:30:00+00:00,2018-11-13 21:00:00+00:00,2018-11-13 14:25:00+00:00,0,later,1,1d:DNEWS_OVERNIGHT,TFIDF_LR,2018-11,0.4643932229162547,0,"{""C"":1.0}",206,2018-10-31 20:00:00+00:00
AMZN,2018-11-14,AMZN|2018-11-14 14:30:00+00:00,2018-11-14 14:30:00+00:00,2018-11-14 21:00:00+00:00,2018-11-14 14:25:00+00:00,0,later,1,1d:DNEWS_OVERNIGHT,TFIDF_LR,2018-11,0.5367087460733821,1,"{""C"":1.0}",206,2018-10-31 20:00:00+00:00
AMZN,2018-11-15,AMZN|2018-11-15 14:30:00+00:00,2018-11-15 14:30:00+00:00,2018-11-15 21:00:00+00:00,2018-11-15 14:25:00+00:00,1,later,1,1d:DNEWS_OVERNIGHT,TFIDF_LR,2018-11,0.5595353505996633,1,"{""C"":1.0}",206,2018-10-31 20:00:00+00:00
AMZN,2018-11-16,AMZN|2018-11-16 14:30:00+00:00,2018-11-16 14:30:00+00:00,2018-11-16 21:00:00+00:00,2018-11-16 14:25:00+00:00,1,later,1,1d:DNEWS_OVERNIGHT,TFIDF_LR,2018-11,0.5647284124469885,1,"{""C"":1.0}",206,2018-10-31 20:00:00+00:00
AMZN,2018-11-19,AMZN|2018-11-19 14:30:00+00:00,2018-11-19 14:30:00+00:00,2018-11-19 21:00:00+00:00,2018-11-19 14:25:00+00:00,0,later,1,1d:DNEWS_OVERNIGHT,TFIDF_LR,2018-11,0.5738430338826794,1,"{""C"":1.0}",206,2018-10-31 20:00:00+00:00
AMZN,2018-11-20,AMZN|2018-11-20 14:30:00+00:00,2018-11-20 14:30:00+00:00,2018-11-20 21:00:00+00:00,2018-11-20 14:25:00+00:00,1,later,1,1d:DNEWS_OVERNIGHT,TFIDF_LR,2018-11,0.5280359675434317,1,"{""C"":1.0}",206,2018-10-31 20:00:00+00:00
AMZN,2018-11-21,AMZN|2018-11-21 14:30:00+00:00,2018-11-21 14:30:00+00:00,2018-11-21 21:00:00+00:00,2018-11-21 14:25:00+00:00,0,later,1,1d:DNEWS_OVERNIGHT,TFIDF_LR,2018-11,0.5322402279869385,1,"{""C"":1.0}",206,2018-10-31 20:00:00+00:00
AMZN,2018-11-23,AMZN|2018-11-23 14:30:00+00:00,2018-11-23 14:30:00+00:00,2018-11-23 18:00:00+00:00,2018-11-23 14:25:00+00:00,0,later,0,1d:DNEWS_OVERNIGHT,TFIDF_LR,2018-11,0.5256493652945418,1,"{""C"":1.0}",206,2018-10-31 20:00:00+00:00
AMZN,2018-11-26,AMZN|2018-11-26 14:30:00+00:00,2018-11-26 14:30:00+00:00,2018-11-26 21:00:00+00:00,2018-11-26 14:25:00+00:00,1,later,1,1d:DNEWS_OVERNIGHT,TFIDF_LR,2018-11,0.6431923310501954,1,"{""C"":1.0}",206,2018-10-31 20:00:00+00:00
AMZN,2018-11-27,AMZN|2018-11-27 14:30:00+00:00,2018-11-27 14:30:00+00:00,2018-11-27 21:00:00+00:00,2018-11-27 14:25:00+00:00,1,later,1,1d:DNEWS_OVERNIGHT,TFIDF_LR,2018-11,0.5341226739080043,1,"{""C"":1.0}",206,2018-10-31 20:00:00+00:00
AMZN,2018-11-28,AMZN|2018-11-28 14:30:00+00:00,2018-11-28 14:30:00+00:00,2018-11-28 21:00:00+00:00,2018-11-28 14:25:00+00:00,1,later,1,1d:DNEWS_OVERNIGHT,TFIDF_LR,2018-11,0.41544934988264665,0,"{""C"":1.0}",206,2018-10-31 20:00:00+00:00
AMZN,2018-11-29,AMZN|2018-11-29 14:30:00+00:00,2018-11-29 14:30:00+00:00,2018-11-29 21:00:00+00:00,2018-11-29 14:25:00+00:00,1,later,1,1d:DNEWS_OVERNIGHT,TFIDF_LR,2018-11,0.3637861198025733,0,"{""C"":1.0}",206,2018-10-31 20:00:00+00:00
AMZN,2018-11-30,AMZN|2018-11-30 14:30:00+00:00,2018-11-30 14:30:00+00:00,2018-11-30 21:00:00+00:00,2018-11-30 14:25:00+00:00,1,later,1,1d:DNEWS_OVERNIGHT,TFIDF_LR,2018-11,0.37121050082661017,0,"{""C"":1.0}",206,2018-10-31 20:00:00+00:00
AMZN,2018-12-03,AMZN|2018-12-03 14:30:00+00:00,2018-12-03 14:30:00+00:00,2018-12-03 21:00:00+00:00,2018-12-03 14:25:00+00:00,1,later,1,1d:DNEWS_OVERNIGHT,TFIDF_LR,2018-12,0.3965240490436219,0,"{""C"":1.0}",227,2018-11-30 21:00:00+00:00
AMZN,2018-12-04,AMZN|2018-12-04 14:30:00+00:00,2018-12-04 14:30:00+00:00,2018-12-04 21:00:00+00:00,2018-12-04 14:25:00+00:00,0,later,1,1d:DNEWS_OVERNIGHT,TFIDF_LR,2018-12,0.4067919514217349,0,"{""C"":1.0}",227,2018-11-30 21:00:00+00:00
AMZN,2018-12-06,AMZN|2018-12-06 14:30:00+00:00,2018-12-06 14:30:00+00:00,2018-12-06 21:00:00+00:00,2018-12-06 14:25:00+00:00,1,later,1,1d:DNEWS_OVERNIGHT,TFIDF_LR,2018-12,0.43477110137231983,0,"{""C"":1.0}",227,2018-11-30 21:00:00+00:00
AMZN,2018-12-07,AMZN|2018-12-07 14:30:00+00:00,2018-12-07 14:30:00+00:00,2018-12-07 21:00:00+00:00,2018-12-07 14:25:00+00:00,0,later,1,1d:DNEWS_OVERNIGHT,TFIDF_LR,2018-12,0.563905815146111,1,"{""C"":1.0}",227,2018-11-30 21:00:00+00:00
AMZN,2018-12-10,AMZN|2018-12-10 14:30:00+00:00,2018-12-10 14:30:00+00:00,2018-12-10 21:00:00+00:00,2018-12-10 14:25:00+00:00,1,later,1,1d:DNEWS_OVERNIGHT,TFIDF_LR,2018-12,0.4378428647449676,0,"{""C"":1.0}",227,2018-11-30 21:00:00+00:00
AMZN,2018-12-11,AMZN|2018-12-11 14:30:00+00:00,2018-12-11 14:30:00+00:00,2018-12-11 21:00:00+00:00,2018-12-11 14:25:00+00:00,0,later,1,1d:DNEWS_OVERNIGHT,TFIDF_LR,2018-12,0.6255558453294096,1,"{""C"":1.0}",227,2018-11-30 21:00:00+00:00
AMZN,2018-12-12,AMZN|2018-12-12 14:30:00+00:00,2018-12-12 14:30:00+00:00,2018-12-12 21:00:00+00:00,2018-12-12 14:25:00+00:00,1,later,1,1d:DNEWS_OVERNIGHT,TFIDF_LR,2018-12,0.5785923145943255,1,"{""C"":1.0}",227,2018-11-30 21:00:00+00:00
AMZN,2018-12-13,AMZN|2018-12-13 14:30:00+00:00,2018-12-13 14:30:00+00:00,2018-12-13 21:00:00+00:00,2018-12-13 14:25:00+00:00,0,later,1,1d:DNEWS_OVERNIGHT,TFIDF_LR,2018-12,0.5587525382829732,1,"{""C"":1.0}",227,2018-11-30 21:00:00+00:00
AMZN,2018-12-14,AMZN|2018-12-14 14:30:00+00:00,2018-12-14 14:30:00+00:00,2018-12-14 21:00:00+00:00,2018-12-14 14:25:00+00:00,0,later,1,1d:DNEWS_OVERNIGHT,TFIDF_LR,2018-12,0.592360980695503,1,"{""C"":1.0}",227,2018-11-30 21:00:00+00:00
AMZN,2018-12-17,AMZN|2018-12-17 14:30:00+00:00,2018-12-17 14:30:00+00:00,2018-12-17 21:00:00+00:00,2018-12-17 14:25:00+00:00,0,later,1,1d:DNEWS_OVERNIGHT,TFIDF_LR,2018-12,0.5502234822914169,1,"{""C"":1.0}",227,2018-11-30 21:00:00+00:00
AMZN,2018-12-18,AMZN|2018-12-18 14:30:00+00:00,2018-12-18 14:30:00+00:00,2018-12-18 21:00:00+00:00,2018-12-18 14:25:00+00:00,0,later,1,1d:DNEWS_OVERNIGHT,TFIDF_LR,2018-12,0.6210876614556388,1,"{""C"":1.0}",227,2018-11-30 21:00:00+00:00
AMZN,2018-12-19,AMZN|2018-12-19 14:30:00+00:00,2018-12-19 14:30:00+00:00,2018-12-19 21:00:00+00:00,2018-12-19 14:25:00+00:00,0,later,1,1d:DNEWS_OVERNIGHT,TFIDF_LR,2018-12,0.6550481722580567,1,"{""C"":1.0}",227,2018-11-30 21:00:00+00:00
AMZN,2018-12-20,AMZN|2018-12-20 14:30:00+00:00,2018-12-20 14:30:00+00:00,2018-12-20 21:00:00+00:00,2018-12-20 14:25:00+00:00,0,later,1,1d:DNEWS_OVERNIGHT,TFIDF_LR,2018-12,0.5886067787496488,1,"{""C"":1.0}",227,2018-11-30 21:00:00+00:00
AMZN,2018-12-21,AMZN|2018-12-21 14:30:00+00:00,2018-12-21 14:30:00+00:00,2018-12-21 21:00:00+00:00,2018-12-21 14:25:00+00:00,0,later,0,1d:DNEWS_OVERNIGHT,TFIDF_LR,2018-12,0.6684504423924905,1,"{""C"":1.0}",227,2018-11-30 21:00:00+00:00
AMZN,2018-12-24,AMZN|2018-12-24 14:30:00+00:00,2018-12-24 14:30:00+00:00,2018-12-24 18:00:00+00:00,2018-12-24 14:25:00+00:00,0,later,1,1d:DNEWS_OVERNIGHT,TFIDF_LR,2018-12,0.5888233922747325,1,"{""C"":1.0}",227,2018-11-30 21:00:00+00:00
AMZN,2018-12-26,AMZN|2018-12-26 14:30:00+00:00,2018-12-26 14:30:00+00:00,2018-12-26 21:00:00+00:00,2018-12-26 14:25:00+00:00,1,later,1,1d:DNEWS_OVERNIGHT,TFIDF_LR,2018-12,0.7055050481277843,1,"{""C"":1.0}",227,2018-11-30 21:00:00+00:00
AMZN,2018-12-27,AMZN|2018-12-27 14:30:00+00:00,2018-12-27 14:30:00+00:00,2018-12-27 21:00:00+00:00,2018-12-27 14:25:00+00:00,1,later,1,1d:DNEWS_OVERNIGHT,TFIDF_LR,2018-12,0.4775434481962136,0,"{""C"":1.0}",227,2018-11-30 21:00:00+00:00
AMZN,2018-12-28,AMZN|2018-12-28 14:30:00+00:00,2018-12-28 14:30:00+00:00,2018-12-28 21:00:00+00:00,2018-12-28 14:25:00+00:00,1,later,1,1d:DNEWS_OVERNIGHT,TFIDF_LR,2018-12,0.34731534780118256,0,"{""C"":1.0}",227,2018-11-30 21:00:00+00:00
AMZN,2018-12-31,AMZN|2018-12-31 14:30:00+00:00,2018-12-31 14:30:00+00:00,2018-12-31 21:00:00+00:00,2018-12-31 14:25:00+00:00,0,later,1,1d:DNEWS_OVERNIGHT,TFIDF_LR,2018-12,0.46302638505731336,0,"{""C"":1.0}",227,2018-11-30 21:00:00+00:00
AMZN,2019-01-02,AMZN|2019-01-02 14:30:00+00:00,2019-01-02 14:30:00+00:00,2019-01-02 21:00:00+00:00,2019-01-02 14:25:00+00:00,1,later,1,1d:DNEWS_OVERNIGHT,TFIDF_LR,2019-01,0.4929346204143367,0,"{""C"":1.0}",246,2018-12-31 21:00:00+00:00
AMZN,2019-01-03,AMZN|2019-01-03 14:30:00+00:00,2019-01-03 14:30:00+00:00,2019-01-03 21:00:00+00:00,2019-01-03 14:25:00+00:00,0,later,1,1d:DNEWS_OVERNIGHT,TFIDF_LR,2019-01,0.4056373823566493,0,"{""C"":1.0}",246,2018-12-31 21:00:00+00:00
AMZN,2019-01-04,AMZN|2019-01-04 14:30:00+00:00,2019-01-04 14:30:00+00:00,2019-01-04 21:00:00+00:00,2019-01-04 14:25:00+00:00,1,later,1,1d:DNEWS_OVERNIGHT,TFIDF_LR,2019-01,0.46597066012549343,0,"{""C"":1.0}",246,2018-12-31 21:00:00+00:00
AMZN,2019-01-07,AMZN|2019-01-07 14:30:00+00:00,2019-01-07 14:30:00+00:00,2019-01-07 21:00:00+00:00,2019-01-07 14:25:00+00:00,1,later,1,1d:DNEWS_OVERNIGHT,TFIDF_LR,2019-01,0.43013089001371113,0,"{""C"":1.0}",246,2018-12-31 21:00:00+00:00
AMZN,2019-01-08,AMZN|2019-01-08 14:30:00+00:00,2019-01-08 14:30:00+00:00,2019-01-08 21:00:00+00:00,2019-01-08 14:25:00+00:00,0,later,1,1d:DNEWS_OVERNIGHT,TFIDF_LR,2019-01,0.44134735750755594,0,"{""C"":1.0}",246,2018-12-31 21:00:00+00:00
AMZN,2019-01-09,AMZN|2019-01-09 14:30:00+00:00,2019-01-09 14:30:00+00:00,2019-01-09 21:00:00+00:00,2019-01-09 14:25:00+00:00,0,later,1,1d:DNEWS_OVERNIGHT,TFIDF_LR,2019-01,0.41293821623161403,0,"{""C"":1.0}",246,2018-12-31 21:00:00+00:00
AMZN,2019-01-10,AMZN|2019-01-10 14:30:00+00:00,2019-01-10 14:30:00+00:00,2019-01-10 21:00:00+00:00,2019-01-10 14:25:00+00:00,1,later,0,1d:DNEWS_OVERNIGHT,TFIDF_LR,2019-01,0.49662827987289054,0,"{""C"":1.0}",246,2018-12-31 21:00:00+00:00
AMZN,2019-01-11,AMZN|2019-01-11 14:30:00+00:00,2019-01-11 14:30:00+00:00,2019-01-11 21:00:00+00:00,2019-01-11 14:25:00+00:00,0,later,1,1d:DNEWS_OVERNIGHT,TFIDF_LR,2019-01,0.48481092082218347,0,"{""C"":1.0}",246,2018-12-31 21:00:00+00:00
AMZN,2019-01-14,AMZN|2019-01-14 14:30:00+00:00,2019-01-14 14:30:00+00:00,2019-01-14 21:00:00+00:00,2019-01-14 14:25:00+00:00,1,later,1,1d:DNEWS_OVERNIGHT,TFIDF_LR,2019-01,0.509964207233574,1,"{""C"":1.0}",246,2018-12-31 21:00:00+00:00
AMZN,2019-01-15,AMZN|2019-01-15 14:30:00+00:00,2019-01-15 14:30:00+00:00,2019-01-15 21:00:00+00:00,2019-01-15 14:25:00+00:00,1,later,1,1d:DNEWS_OVERNIGHT,TFIDF_LR,2019-01,0.46573395659274885,0,"{""C"":1.0}",246,2018-12-31 21:00:00+00:00
AMZN,2019-01-16,AMZN|2019-01-16 14:30:00+00:00,2019-01-16 14:30:00+00:00,2019-01-16 21:00:00+00:00,2019-01-16 14:25:00+00:00,0,later,1,1d:DNEWS_OVERNIGHT,TFIDF_LR,2019-01,0.47432973775078674,0,"{""C"":1.0}",246,2018-12-31 21:00:00+00:00
AMZN,2019-01-17,AMZN|2019-01-17 14:30:00+00:00,2019-01-17 14:30:00+00:00,2019-01-17 21:00:00+00:00,2019-01-17 14:25:00+00:00,1,later,1,1d:DNEWS_OVERNIGHT,TFIDF_LR,2019-01,0.4446548572929995,0,"{""C"":1.0}",246,2018-12-31 21:00:00+00:00
AMZN,2019-01-18,AMZN|2019-01-18 14:30:00+00:00,2019-01-18 14:30:00+00:00,2019-01-18 21:00:00+00:00,2019-01-18 14:25:00+00:00,0,later,0,1d:DNEWS_OVERNIGHT,TFIDF_LR,2019-01,0.49726893412215056,0,"{""C"":1.0}",246,2018-12-31 21:00:00+00:00
AMZN,2019-01-22,AMZN|2019-01-22 14:30:00+00:00,2019-01-22 14:30:00+00:00,2019-01-22 21:00:00+00:00,2019-01-22 14:25:00+00:00,0,later,1,1d:DNEWS_OVERNIGHT,TFIDF_LR,2019-01,0.491390931356547,0,"{""C"":1.0}",246,2018-12-31 21:00:00+00:00
AMZN,2019-01-23,AMZN|2019-01-23 14:30:00+00:00,2019-01-23 14:30:00+00:00,2019-01-23 21:00:00+00:00,2019-01-23 14:25:00+00:00,0,later,0,1d:DNEWS_OVERNIGHT,TFIDF_LR,2019-01,0.47422876251356866,0,"{""C"":1.0}",246,2018-12-31 21:00:00+00:00
AMZN,2019-01-24,AMZN|2019-01-24 14:30:00+00:00,2019-01-24 14:30:00+00:00,2019-01-24 21:00:00+00:00,2019-01-24 14:25:00+00:00,1,later,1,1d:DNEWS_OVERNIGHT,TFIDF_LR,2019-01,0.5176052214596207,1,"{""C"":1.0}",246,2018-12-31 21:00:00+00:00
AMZN,2019-01-25,AMZN|2019-01-25 14:30:00+00:00,2019-01-25 14:30:00+00:00,2019-01-25 21:00:00+00:00,2019-01-25 14:25:00+00:00,1,later,0,1d:DNEWS_OVERNIGHT,TFIDF_LR,2019-01,0.5373890666931852,1,"{""C"":1.0}",246,2018-12-31 21:00:00+00:00
AMZN,2019-01-28,AMZN|2019-01-28 14:30:00+00:00,2019-01-28 14:30:00+00:00,2019-01-28 21:00:00+00:00,2019-01-28 14:25:00+00:00,0,later,1,1d:DNEWS_OVERNIGHT,TFIDF_LR,2019-01,0.52045280993576,1,"{""C"":1.0}",246,2018-12-31 21:00:00+00:00
AMZN,2019-01-29,AMZN|2019-01-29 14:30:00+00:00,2019-01-29 14:30:00+00:00,2019-01-29 21:00:00+00:00,2019-01-29 14:25:00+00:00,0,later,1,1d:DNEWS_OVERNIGHT,TFIDF_LR,2019-01,0.5377139174895845,1,"{""C"":1.0}",246,2018-12-31 21:00:00+00:00
AMZN,2019-01-30,AMZN|2019-01-30 14:30:00+00:00,2019-01-30 14:30:00+00:00,2019-01-30 21:00:00+00:00,2019-01-30 14:25:00+00:00,1,later,1,1d:DNEWS_OVERNIGHT,TFIDF_LR,2019-01,0.4797496738266425,0,"{""C"":1.0}",246,2018-12-31 21:00:00+00:00
AMZN,2019-01-31,AMZN|2019-01-31 14:30:00+00:00,2019-01-31 14:30:00+00:00,2019-01-31 21:00:00+00:00,2019-01-31 14:25:00+00:00,1,later,1,1d:DNEWS_OVERNIGHT,TFIDF_LR,2019-01,0.4715876750055544,0,"{""C"":1.0}",246,2018-12-31 21:00:00+00:00
AMZN,2019-02-01,AMZN|2019-02-01 14:30:00+00:00,2019-02-01 14:30:00+00:00,2019-02-01 21:00:00+00:00,2019-02-01 14:25:00+00:00,0,later,0,1d:DNEWS_OVERNIGHT,TFIDF_LR,2019-02,0.40968115566790536,0,"{""C"":1.0}",267,2019-01-31 21:00:00+00:00
AAPL,2018-09-04,AAPL|2018-09-04 13:30:00+00:00,2018-09-04 13:30:00+00:00,2018-09-04 20:00:00+00:00,2018-09-04 13:25:00+00:00,1,development,1,1d:DNEWS_OVERNIGHT,PAPER_2G_L1LR,2018-09,0.5079365079364935,1,"{""C"":0.1}",164,2018-08-31 20:00:00+00:00
AAPL,2018-09-05,AAPL|2018-09-05 13:30:00+00:00,2018-09-05 13:30:00+00:00,2018-09-05 20:00:00+00:00,2018-09-05 13:25:00+00:00,0,development,1,1d:DNEWS_OVERNIGHT,PAPER_2G_L1LR,2018-09,0.5079365079364935,1,"{""C"":0.1}",164,2018-08-31 20:00:00+00:00
AAPL,2018-09-06,AAPL|2018-09-06 13:30:00+00:00,2018-09-06 13:30:00+00:00,2018-09-06 20:00:00+00:00,2018-09-06 13:25:00+00:00,0,development,1,1d:DNEWS_OVERNIGHT,PAPER_2G_L1LR,2018-09,0.5,1,"{""C"":0.1}",164,2018-08-31 20:00:00+00:00
AAPL,2018-09-07,AAPL|2018-09-07 13:30:00+00:00,2018-09-07 13:30:00+00:00,2018-09-07 20:00:00+00:00,2018-09-07 13:25:00+00:00,0,development,1,1d:DNEWS_OVERNIGHT,PAPER_2G_L1LR,2018-09,0.5079365079364935,1,"{""C"":0.1}",164,2018-08-31 20:00:00+00:00
AAPL,2018-09-10,AAPL|2018-09-10 13:30:00+00:00,2018-09-10 13:30:00+00:00,2018-09-10 20:00:00+00:00,2018-09-10 13:25:00+00:00,0,development,1,1d:DNEWS_OVERNIGHT,PAPER_2G_L1LR,2018-09,0.5079365079364935,1,"{""C"":0.1}",164,2018-08-31 20:00:00+00:00
AAPL,2018-09-11,AAPL|2018-09-11 13:30:00+00:00,2018-09-11 13:30:00+00:00,2018-09-11 20:00:00+00:00,2018-09-11 13:25:00+00:00,1,development,1,1d:DNEWS_OVERNIGHT,PAPER_2G_L1LR,2018-09,0.5,1,"{""C"":0.1}",164,2018-08-31 20:00:00+00:00
AAPL,2018-09-12,AAPL|2018-09-12 13:30:00+00:00,2018-09-12 13:30:00+00:00,2018-09-12 20:00:00+00:00,2018-09-12 13:25:00+00:00,0,development,1,1d:DNEWS_OVERNIGHT,PAPER_2G_L1LR,2018-09,0.5079365079364935,1,"{""C"":0.1}",164,2018-08-31 20:00:00+00:00
AAPL,2018-09-13,AAPL|2018-09-13 13:30:00+00:00,2018-09-13 13:30:00+00:00,2018-09-13 20:00:00+00:00,2018-09-13 13:25:00+00:00,1,development,1,1d:DNEWS_OVERNIGHT,PAPER_2G_L1LR,2018-09,0.5079365079364935,1,"{""C"":0.1}",164,2018-08-31 20:00:00+00:00
AAPL,2018-09-14,AAPL|2018-09-14 13:30:00+00:00,2018-09-14 13:30:00+00:00,2018-09-14 20:00:00+00:00,2018-09-14 13:25:00+00:00,0,development,1,1d:DNEWS_OVERNIGHT,PAPER_2G_L1LR,2018-09,0.5079365079364935,1,"{""C"":0.1}",164,2018-08-31 20:00:00+00:00
AAPL,2018-09-17,AAPL|2018-09-17 13:30:00+00:00,2018-09-17 13:30:00+00:00,2018-09-17 20:00:00+00:00,2018-09-17 13:25:00+00:00,0,development,1,1d:DNEWS_OVERNIGHT,PAPER_2G_L1LR,2018-09,0.5079365079364935,1,"{""C"":0.1}",164,2018-08-31 20:00:00+00:00
AAPL,2018-09-18,AAPL|2018-09-18 13:30:00+00:00,2018-09-18 13:30:00+00:00,2018-09-18 20:00:00+00:00,2018-09-18 13:25:00+00:00,0,development,1,1d:DNEWS_OVERNIGHT,PAPER_2G_L1LR,2018-09,0.5079365079364935,1,"{""C"":0.1}",164,2018-08-31 20:00:00+00:00
AAPL,2018-09-19,AAPL|2018-09-19 13:30:00+00:00,2018-09-19 13:30:00+00:00,2018-09-19 20:00:00+00:00,2018-09-19 13:25:00+00:00,1,development,1,1d:DNEWS_OVERNIGHT,PAPER_2G_L1LR,2018-09,0.5079365079364935,1,"{""C"":0.1}",164,2018-08-31 20:00:00+00:00
AAPL,2018-09-20,AAPL|2018-09-20 13:30:00+00:00,2018-09-20 13:30:00+00:00,2018-09-20 20:00:00+00:00,2018-09-20 13:25:00+00:00,1,development,1,1d:DNEWS_OVERNIGHT,PAPER_2G_L1LR,2018-09,0.5079365079364935,1,"{""C"":0.1}",164,2018-08-31 20:00:00+00:00
AAPL,2018-09-21,AAPL|2018-09-21 13:30:00+00:00,2018-09-21 13:30:00+00:00,2018-09-21 20:00:00+00:00,2018-09-21 13:25:00+00:00,0,development,1,1d:DNEWS_OVERNIGHT,PAPER_2G_L1LR,2018-09,0.5,1,"{""C"":0.1}",164,2018-08-31 20:00:00+00:00
AAPL,2018-09-24,AAPL|2018-09-24 13:30:00+00:00,2018-09-24 13:30:00+00:00,2018-09-24 20:00:00+00:00,2018-09-24 13:25:00+00:00,1,development,1,1d:DNEWS_OVERNIGHT,PAPER_2G_L1LR,2018-09,0.5079365079364935,1,"{""C"":0.1}",164,2018-08-31 20:00:00+00:00
AAPL,2018-09-25,AAPL|2018-09-25 13:30:00+00:00,2018-09-25 13:30:00+00:00,2018-09-25 20:00:00+00:00,2018-09-25 13:25:00+00:00,1,development,1,1d:DNEWS_OVERNIGHT,PAPER_2G_L1LR,2018-09,0.5079365079364935,1,"{""C"":0.1}",164,2018-08-31 20:00:00+00:00
AAPL,2018-09-26,AAPL|2018-09-26 13:30:00+00:00,2018-09-26 13:30:00+00:00,2018-09-26 20:00:00+00:00,2018-09-26 13:25:00+00:00,0,development,1,1d:DNEWS_OVERNIGHT,PAPER_2G_L1LR,2018-09,0.5079365079364935,1,"{""C"":0.1}",164,2018-08-31 20:00:00+00:00
AAPL,2018-09-27,AAPL|2018-09-27 13:30:00+00:00,2018-09-27 13:30:00+00:00,2018-09-27 20:00:00+00:00,2018-09-27 13:25:00+00:00,1,development,1,1d:DNEWS_OVERNIGHT,PAPER_2G_L1LR,2018-09,0.5079365079364935,1,"{""C"":0.1}",164,2018-08-31 20:00:00+00:00
AAPL,2018-09-28,AAPL|2018-09-28 13:30:00+00:00,2018-09-28 13:30:00+00:00,2018-09-28 20:00:00+00:00,2018-09-28 13:25:00+00:00,1,development,1,1d:DNEWS_OVERNIGHT,PAPER_2G_L1LR,2018-09,0.5,1,"{""C"":0.1}",164,2018-08-31 20:00:00+00:00
AAPL,2018-10-01,AAPL|2018-10-01 13:30:00+00:00,2018-10-01 13:30:00+00:00,2018-10-01 20:00:00+00:00,2018-10-01 13:25:00+00:00,0,development,1,1d:DNEWS_OVERNIGHT,PAPER_2G_L1LR,2018-10,0.4826830276879921,0,"{""C"":0.1}",183,2018-09-28 20:00:00+00:00
AAPL,2018-10-02,AAPL|2018-10-02 13:30:00+00:00,2018-10-02 13:30:00+00:00,2018-10-02 20:00:00+00:00,2018-10-02 13:25:00+00:00,1,development,1,1d:DNEWS_OVERNIGHT,PAPER_2G_L1LR,2018-10,0.5,1,"{""C"":0.1}",183,2018-09-28 20:00:00+00:00
AAPL,2018-10-03,AAPL|2018-10-03 13:30:00+00:00,2018-10-03 13:30:00+00:00,2018-10-03 20:00:00+00:00,2018-10-03 13:25:00+00:00,1,development,1,1d:DNEWS_OVERNIGHT,PAPER_2G_L1LR,2018-10,0.4826830276879921,0,"{""C"":0.1}",183,2018-09-28 20:00:00+00:00
AAPL,2018-10-04,AAPL|2018-10-04 13:30:00+00:00,2018-10-04 13:30:00+00:00,2018-10-04 20:00:00+00:00,2018-10-04 13:25:00+00:00,0,development,1,1d:DNEWS_OVERNIGHT,PAPER_2G_L1LR,2018-10,0.4826830276879921,0,"{""C"":0.1}",183,2018-09-28 20:00:00+00:00
AAPL,2018-10-05,AAPL|2018-10-05 13:30:00+00:00,2018-10-05 13:30:00+00:00,2018-10-05 20:00:00+00:00,2018-10-05 13:25:00+00:00,0,development,1,1d:DNEWS_OVERNIGHT,PAPER_2G_L1LR,2018-10,0.4826830276879921,0,"{""C"":0.1}",183,2018-09-28 20:00:00+00:00
AAPL,2018-10-08,AAPL|2018-10-08 13:30:00+00:00,2018-10-08 13:30:00+00:00,2018-10-08 20:00:00+00:00,2018-10-08 13:25:00+00:00,0,development,1,1d:DNEWS_OVERNIGHT,PAPER_2G_L1LR,2018-10,0.4826830276879921,0,"{""C"":0.1}",183,2018-09-28 20:00:00+00:00
AAPL,2018-10-09,AAPL|2018-10-09 13:30:00+00:00,2018-10-09 13:30:00+00:00,2018-10-09 20:00:00+00:00,2018-10-09 13:25:00+00:00,1,development,1,1d:DNEWS_OVERNIGHT,PAPER_2G_L1LR,2018-10,0.5,1,"{""C"":0.1}",183,2018-09-28 20:00:00+00:00
AAPL,2018-10-10,AAPL|2018-10-10 13:30:00+00:00,2018-10-10 13:30:00+00:00,2018-10-10 20:00:00+00:00,2018-10-10 13:25:00+00:00,0,development,1,1d:DNEWS_OVERNIGHT,PAPER_2G_L1LR,2018-10,0.4826830276879921,0,"{""C"":0.1}",183,2018-09-28 20:00:00+00:00
AAPL,2018-10-11,AAPL|2018-10-11 13:30:00+00:00,2018-10-11 13:30:00+00:00,2018-10-11 20:00:00+00:00,2018-10-11 13:25:00+00:00,1,development,1,1d:DNEWS_OVERNIGHT,PAPER_2G_L1LR,2018-10,0.4826830276879921,0,"{""C"":0.1}",183,2018-09-28 20:00:00+00:00
AAPL,2018-10-12,AAPL|2018-10-12 13:30:00+00:00,2018-10-12 13:30:00+00:00,2018-10-12 20:00:00+00:00,2018-10-12 13:25:00+00:00,1,development,1,1d:DNEWS_OVERNIGHT,PAPER_2G_L1LR,2018-10,0.5,1,"{""C"":0.1}",183,2018-09-28 20:00:00+00:00
AAPL,2018-10-15,AAPL|2018-10-15 13:30:00+00:00,2018-10-15 13:30:00+00:00,2018-10-15 20:00:00+00:00,2018-10-15 13:25:00+00:00,0,development,1,1d:DNEWS_OVERNIGHT,PAPER_2G_L1LR,2018-10,0.5019435306824401,1,"{""C"":0.1}",183,2018-09-28 20:00:00+00:00
AAPL,2018-10-16,AAPL|2018-10-16 13:30:00+00:00,2018-10-16 13:30:00+00:00,2018-10-16 20:00:00+00:00,2018-10-16 13:25:00+00:00,1,development,1,1d:DNEWS_OVERNIGHT,PAPER_2G_L1LR,2018-10,0.5,1,"{""C"":0.1}",183,2018-09-28 20:00:00+00:00
AAPL,2018-10-17,AAPL|2018-10-17 13:30:00+00:00,2018-10-17 13:30:00+00:00,2018-10-17 20:00:00+00:00,2018-10-17 13:25:00+00:00,0,development,1,1d:DNEWS_OVERNIGHT,PAPER_2G_L1LR,2018-10,0.4826830276879921,0,"{""C"":0.1}",183,2018-09-28 20:00:00+00:00
AAPL,2018-10-18,AAPL|2018-10-18 13:30:00+00:00,2018-10-18 13:30:00+00:00,2018-10-18 20:00:00+00:00,2018-10-18 13:25:00+00:00,0,development,1,1d:DNEWS_OVERNIGHT,PAPER_2G_L1LR,2018-10,0.5,1,"{""C"":0.1}",183,2018-09-28 20:00:00+00:00
AAPL,2018-10-19,AAPL|2018-10-19 13:30:00+00:00,2018-10-19 13:30:00+00:00,2018-10-19 20:00:00+00:00,2018-10-19 13:25:00+00:00,1,development,1,1d:DNEWS_OVERNIGHT,PAPER_2G_L1LR,2018-10,0.5192579104123544,1,"{""C"":0.1}",183,2018-09-28 20:00:00+00:00
AAPL,2018-10-22,AAPL|2018-10-22 13:30:00+00:00,2018-10-22 13:30:00+00:00,2018-10-22 20:00:00+00:00,2018-10-22 13:25:00+00:00,0,development,1,1d:DNEWS_OVERNIGHT,PAPER_2G_L1LR,2018-10,0.4826830276879921,0,"{""C"":0.1}",183,2018-09-28 20:00:00+00:00
AAPL,2018-10-23,AAPL|2018-10-23 13:30:00+00:00,2018-10-23 13:30:00+00:00,2018-10-23 20:00:00+00:00,2018-10-23 13:25:00+00:00,1,development,1,1d:DNEWS_OVERNIGHT,PAPER_2G_L1LR,2018-10,0.5,1,"{""C"":0.1}",183,2018-09-28 20:00:00+00:00
AAPL,2018-10-24,AAPL|2018-10-24 13:30:00+00:00,2018-10-24 13:30:00+00:00,2018-10-24 20:00:00+00:00,2018-10-24 13:25:00+00:00,0,development,1,1d:DNEWS_OVERNIGHT,PAPER_2G_L1LR,2018-10,0.5,1,"{""C"":0.1}",183,2018-09-28 20:00:00+00:00
AAPL,2018-10-25,AAPL|2018-10-25 13:30:00+00:00,2018-10-25 13:30:00+00:00,2018-10-25 20:00:00+00:00,2018-10-25 13:25:00+00:00,0,development,1,1d:DNEWS_OVERNIGHT,PAPER_2G_L1LR,2018-10,0.5,1,"{""C"":0.1}",183,2018-09-28 20:00:00+00:00
AAPL,2018-10-26,AAPL|2018-10-26 13:30:00+00:00,2018-10-26 13:30:00+00:00,2018-10-26 20:00:00+00:00,2018-10-26 13:25:00+00:00,1,development,1,1d:DNEWS_OVERNIGHT,PAPER_2G_L1LR,2018-10,0.5192579104123544,1,"{""C"":0.1}",183,2018-09-28 20:00:00+00:00
AAPL,2018-10-29,AAPL|2018-10-29 13:30:00+00:00,2018-10-29 13:30:00+00:00,2018-10-29 20:00:00+00:00,2018-10-29 13:25:00+00:00,0,development,1,1d:DNEWS_OVERNIGHT,PAPER_2G_L1LR,2018-10,0.5019435306824401,1,"{""C"":0.1}",183,2018-09-28 20:00:00+00:00
AAPL,2018-10-30,AAPL|2018-10-30 13:30:00+00:00,2018-10-30 13:30:00+00:00,2018-10-30 20:00:00+00:00,2018-10-30 13:25:00+00:00,1,development,1,1d:DNEWS_OVERNIGHT,PAPER_2G_L1LR,2018-10,0.4826830276879921,0,"{""C"":0.1}",183,2018-09-28 20:00:00+00:00
AAPL,2018-10-31,AAPL|2018-10-31 13:30:00+00:00,2018-10-31 13:30:00+00:00,2018-10-31 20:00:00+00:00,2018-10-31 13:25:00+00:00,1,development,1,1d:DNEWS_OVERNIGHT,PAPER_2G_L1LR,2018-10,0.5019435306824401,1,"{""C"":0.1}",183,2018-09-28 20:00:00+00:00
AAPL,2018-11-01,AAPL|2018-11-01 13:30:00+00:00,2018-11-01 13:30:00+00:00,2018-11-01 20:00:00+00:00,2018-11-01 13:25:00+00:00,0,later,1,1d:DNEWS_OVERNIGHT,PAPER_2G_L1LR,2018-11,0.47477966679740036,0,"{""C"":0.1}",206,2018-10-31 20:00:00+00:00
AAPL,2018-11-02,AAPL|2018-11-02 13:30:00+00:00,2018-11-02 13:30:00+00:00,2018-11-02 20:00:00+00:00,2018-11-02 13:25:00+00:00,0,later,1,1d:DNEWS_OVERNIGHT,PAPER_2G_L1LR,2018-11,0.5315504804760703,1,"{""C"":0.1}",206,2018-10-31 20:00:00+00:00
AAPL,2018-11-05,AAPL|2018-11-05 14:30:00+00:00,2018-11-05 14:30:00+00:00,2018-11-05 21:00:00+00:00,2018-11-05 14:25:00+00:00,0,later,1,1d:DNEWS_OVERNIGHT,PAPER_2G_L1LR,2018-11,0.6037802667336829,1,"{""C"":0.1}",206,2018-10-31 20:00:00+00:00
AAPL,2018-11-06,AAPL|2018-11-06 14:30:00+00:00,2018-11-06 14:30:00+00:00,2018-11-06 21:00:00+00:00,2018-11-06 14:25:00+00:00,1,later,1,1d:DNEWS_OVERNIGHT,PAPER_2G_L1LR,2018-11,0.5347016197563305,1,"{""C"":0.1}",206,2018-10-31 20:00:00+00:00
AAPL,2018-11-07,AAPL|2018-11-07 14:30:00+00:00,2018-11-07 14:30:00+00:00,2018-11-07 21:00:00+00:00,2018-11-07 14:25:00+00:00,1,later,1,1d:DNEWS_OVERNIGHT,PAPER_2G_L1LR,2018-11,0.5,1,"{""C"":0.1}",206,2018-10-31 20:00:00+00:00
AAPL,2018-11-08,AAPL|2018-11-08 14:30:00+00:00,2018-11-08 14:30:00+00:00,2018-11-08 21:00:00+00:00,2018-11-08 14:25:00+00:00,0,later,1,1d:DNEWS_OVERNIGHT,PAPER_2G_L1LR,2018-11,0.5000943843182407,1,"{""C"":0.1}",206,2018-10-31 20:00:00+00:00
AAPL,2018-11-09,AAPL|2018-11-09 14:30:00+00:00,2018-11-09 14:30:00+00:00,2018-11-09 21:00:00+00:00,2018-11-09 14:25:00+00:00,0,later,1,1d:DNEWS_OVERNIGHT,PAPER_2G_L1LR,2018-11,0.47793762263042644,0,"{""C"":0.1}",206,2018-10-31 20:00:00+00:00
AAPL,2018-11-12,AAPL|2018-11-12 14:30:00+00:00,2018-11-12 14:30:00+00:00,2018-11-12 21:00:00+00:00,2018-11-12 14:25:00+00:00,0,later,1,1d:DNEWS_OVERNIGHT,PAPER_2G_L1LR,2018-11,0.531644487861552,1,"{""C"":0.1}",206,2018-10-31 20:00:00+00:00
AAPL,2018-11-13,AAPL|2018-11-13 14:30:00+00:00,2018-11-13 14:30:00+00:00,2018-11-13 21:00:00+00:00,2018-11-13 14:25:00+00:00,1,later,1,1d:DNEWS_OVERNIGHT,PAPER_2G_L1LR,2018-11,0.48100309430413196,0,"{""C"":0.1}",206,2018-10-31 20:00:00+00:00
AAPL,2018-11-14,AAPL|2018-11-14 14:30:00+00:00,2018-11-14 14:30:00+00:00,2018-11-14 21:00:00+00:00,2018-11-14 14:25:00+00:00,0,later,1,1d:DNEWS_OVERNIGHT,PAPER_2G_L1LR,2018-11,0.6037802667336829,1,"{""C"":0.1}",206,2018-10-31 20:00:00+00:00
AAPL,2018-11-15,AAPL|2018-11-15 14:30:00+00:00,2018-11-15 14:30:00+00:00,2018-11-15 21:00:00+00:00,2018-11-15 14:25:00+00:00,1,later,1,1d:DNEWS_OVERNIGHT,PAPER_2G_L1LR,2018-11,0.5535573005495735,1,"{""C"":0.1}",206,2018-10-31 20:00:00+00:00
AAPL,2018-11-16,AAPL|2018-11-16 14:30:00+00:00,2018-11-16 14:30:00+00:00,2018-11-16 21:00:00+00:00,2018-11-16 14:25:00+00:00,1,later,1,1d:DNEWS_OVERNIGHT,PAPER_2G_L1LR,2018-11,0.5315504804760703,1,"{""C"":0.1}",206,2018-10-31 20:00:00+00:00
AAPL,2018-11-19,AAPL|2018-11-19 14:30:00+00:00,2018-11-19 14:30:00+00:00,2018-11-19 21:00:00+00:00,2018-11-19 14:25:00+00:00,0,later,1,1d:DNEWS_OVERNIGHT,PAPER_2G_L1LR,2018-11,0.5315504804760703,1,"{""C"":0.1}",206,2018-10-31 20:00:00+00:00
AAPL,2018-11-20,AAPL|2018-11-20 14:30:00+00:00,2018-11-20 14:30:00+00:00,2018-11-20 21:00:00+00:00,2018-11-20 14:25:00+00:00,0,later,1,1d:DNEWS_OVERNIGHT,PAPER_2G_L1LR,2018-11,0.5977980335362864,1,"{""C"":0.1}",206,2018-10-31 20:00:00+00:00
AAPL,2018-11-21,AAPL|2018-11-21 14:30:00+00:00,2018-11-21 14:30:00+00:00,2018-11-21 21:00:00+00:00,2018-11-21 14:25:00+00:00,0,later,1,1d:DNEWS_OVERNIGHT,PAPER_2G_L1LR,2018-11,0.46276684470817625,0,"{""C"":0.1}",206,2018-10-31 20:00:00+00:00
AAPL,2018-11-23,AAPL|2018-11-23 14:30:00+00:00,2018-11-23 14:30:00+00:00,2018-11-23 18:00:00+00:00,2018-11-23 14:25:00+00:00,0,later,1,1d:DNEWS_OVERNIGHT,PAPER_2G_L1LR,2018-11,0.5110777332218612,1,"{""C"":0.1}",206,2018-10-31 20:00:00+00:00
AAPL,2018-11-26,AAPL|2018-11-26 14:30:00+00:00,2018-11-26 14:30:00+00:00,2018-11-26 21:00:00+00:00,2018-11-26 14:25:00+00:00,0,later,1,1d:DNEWS_OVERNIGHT,PAPER_2G_L1LR,2018-11,0.5483248191275801,1,"{""C"":0.1}",206,2018-10-31 20:00:00+00:00
AAPL,2018-11-27,AAPL|2018-11-27 14:30:00+00:00,2018-11-27 14:30:00+00:00,2018-11-27 21:00:00+00:00,2018-11-27 14:25:00+00:00,1,later,1,1d:DNEWS_OVERNIGHT,PAPER_2G_L1LR,2018-11,0.5809147331759865,1,"{""C"":0.1}",206,2018-10-31 20:00:00+00:00
AAPL,2018-11-28,AAPL|2018-11-28 14:30:00+00:00,2018-11-28 14:30:00+00:00,2018-11-28 21:00:00+00:00,2018-11-28 14:25:00+00:00,1,later,1,1d:DNEWS_OVERNIGHT,PAPER_2G_L1LR,2018-11,0.5808228178596718,1,"{""C"":0.1}",206,2018-10-31 20:00:00+00:00
AAPL,2018-11-29,AAPL|2018-11-29 14:30:00+00:00,2018-11-29 14:30:00+00:00,2018-11-29 21:00:00+00:00,2018-11-29 14:25:00+00:00,0,later,1,1d:DNEWS_OVERNIGHT,PAPER_2G_L1LR,2018-11,0.6007476347253309,1,"{""C"":0.1}",206,2018-10-31 20:00:00+00:00
AAPL,2018-11-30,AAPL|2018-11-30 14:30:00+00:00,2018-11-30 14:30:00+00:00,2018-11-30 21:00:00+00:00,2018-11-30 14:25:00+00:00,0,later,1,1d:DNEWS_OVERNIGHT,PAPER_2G_L1LR,2018-11,0.5,1,"{""C"":0.1}",206,2018-10-31 20:00:00+00:00
AAPL,2018-12-03,AAPL|2018-12-03 14:30:00+00:00,2018-12-03 14:30:00+00:00,2018-12-03 21:00:00+00:00,2018-12-03 14:25:00+00:00,0,later,1,1d:DNEWS_OVERNIGHT,PAPER_2G_L1LR,2018-12,0.5370828039149486,1,"{""C"":0.1}",227,2018-11-30 21:00:00+00:00
AAPL,2018-12-04,AAPL|2018-12-04 14:30:00+00:00,2018-12-04 14:30:00+00:00,2018-12-04 21:00:00+00:00,2018-12-04 14:25:00+00:00,0,later,1,1d:DNEWS_OVERNIGHT,PAPER_2G_L1LR,2018-12,0.46763109273385334,0,"{""C"":0.1}",227,2018-11-30 21:00:00+00:00
AAPL,2018-12-06,AAPL|2018-12-06 14:30:00+00:00,2018-12-06 14:30:00+00:00,2018-12-06 21:00:00+00:00,2018-12-06 14:25:00+00:00,1,later,1,1d:DNEWS_OVERNIGHT,PAPER_2G_L1LR,2018-12,0.42019348364237075,0,"{""C"":0.1}",227,2018-11-30 21:00:00+00:00
AAPL,2018-12-07,AAPL|2018-12-07 14:30:00+00:00,2018-12-07 14:30:00+00:00,2018-12-07 21:00:00+00:00,2018-12-07 14:25:00+00:00,0,later,1,1d:DNEWS_OVERNIGHT,PAPER_2G_L1LR,2018-12,0.45676447415370114,0,"{""C"":0.1}",227,2018-11-30 21:00:00+00:00
AAPL,2018-12-10,AAPL|2018-12-10 14:30:00+00:00,2018-12-10 14:30:00+00:00,2018-12-10 21:00:00+00:00,2018-12-10 14:25:00+00:00,1,later,1,1d:DNEWS_OVERNIGHT,PAPER_2G_L1LR,2018-12,0.4520671003083047,0,"{""C"":0.1}",227,2018-11-30 21:00:00+00:00
AAPL,2018-12-11,AAPL|2018-12-11 14:30:00+00:00,2018-12-11 14:30:00+00:00,2018-12-11 21:00:00+00:00,2018-12-11 14:25:00+00:00,0,later,1,1d:DNEWS_OVERNIGHT,PAPER_2G_L1LR,2018-12,0.4520671003083047,0,"{""C"":0.1}",227,2018-11-30 21:00:00+00:00
AAPL,2018-12-12,AAPL|2018-12-12 14:30:00+00:00,2018-12-12 14:30:00+00:00,2018-12-12 21:00:00+00:00,2018-12-12 14:25:00+00:00,0,later,1,1d:DNEWS_OVERNIGHT,PAPER_2G_L1LR,2018-12,0.5,1,"{""C"":0.1}",227,2018-11-30 21:00:00+00:00
AAPL,2018-12-13,AAPL|2018-12-13 14:30:00+00:00,2018-12-13 14:30:00+00:00,2018-12-13 21:00:00+00:00,2018-12-13 14:25:00+00:00,1,later,1,1d:DNEWS_OVERNIGHT,PAPER_2G_L1LR,2018-12,0.45676447415370114,0,"{""C"":0.1}",227,2018-11-30 21:00:00+00:00
AAPL,2018-12-14,AAPL|2018-12-14 14:30:00+00:00,2018-12-14 14:30:00+00:00,2018-12-14 21:00:00+00:00,2018-12-14 14:25:00+00:00,0,later,1,1d:DNEWS_OVERNIGHT,PAPER_2G_L1LR,2018-12,0.4890722082216631,0,"{""C"":0.1}",227,2018-11-30 21:00:00+00:00
AAPL,2018-12-17,AAPL|2018-12-17 14:30:00+00:00,2018-12-17 14:30:00+00:00,2018-12-17 21:00:00+00:00,2018-12-17 14:25:00+00:00,0,later,1,1d:DNEWS_OVERNIGHT,PAPER_2G_L1LR,2018-12,0.4890722082216631,0,"{""C"":0.1}",227,2018-11-30 21:00:00+00:00
AAPL,2018-12-18,AAPL|2018-12-18 14:30:00+00:00,2018-12-18 14:30:00+00:00,2018-12-18 21:00:00+00:00,2018-12-18 14:25:00+00:00,0,later,1,1d:DNEWS_OVERNIGHT,PAPER_2G_L1LR,2018-12,0.46763109273385334,0,"{""C"":0.1}",227,2018-11-30 21:00:00+00:00
AAPL,2018-12-19,AAPL|2018-12-19 14:30:00+00:00,2018-12-19 14:30:00+00:00,2018-12-19 21:00:00+00:00,2018-12-19 14:25:00+00:00,0,later,1,1d:DNEWS_OVERNIGHT,PAPER_2G_L1LR,2018-12,0.5370828039149486,1,"{""C"":0.1}",227,2018-11-30 21:00:00+00:00
AAPL,2018-12-20,AAPL|2018-12-20 14:30:00+00:00,2018-12-20 14:30:00+00:00,2018-12-20 21:00:00+00:00,2018-12-20 14:25:00+00:00,0,later,1,1d:DNEWS_OVERNIGHT,PAPER_2G_L1LR,2018-12,0.46763109273385334,0,"{""C"":0.1}",227,2018-11-30 21:00:00+00:00
AAPL,2018-12-21,AAPL|2018-12-21 14:30:00+00:00,2018-12-21 14:30:00+00:00,2018-12-21 21:00:00+00:00,2018-12-21 14:25:00+00:00,0,later,1,1d:DNEWS_OVERNIGHT,PAPER_2G_L1LR,2018-12,0.5370828039149486,1,"{""C"":0.1}",227,2018-11-30 21:00:00+00:00
AAPL,2018-12-24,AAPL|2018-12-24 14:30:00+00:00,2018-12-24 14:30:00+00:00,2018-12-24 18:00:00+00:00,2018-12-24 14:25:00+00:00,0,later,1,1d:DNEWS_OVERNIGHT,PAPER_2G_L1LR,2018-12,0.5047366387642226,1,"{""C"":0.1}",227,2018-11-30 21:00:00+00:00
AAPL,2018-12-26,AAPL|2018-12-26 14:30:00+00:00,2018-12-26 14:30:00+00:00,2018-12-26 21:00:00+00:00,2018-12-26 14:25:00+00:00,1,later,1,1d:DNEWS_OVERNIGHT,PAPER_2G_L1LR,2018-12,0.45676447415370114,0,"{""C"":0.1}",227,2018-11-30 21:00:00+00:00
AAPL,2018-12-27,AAPL|2018-12-27 14:30:00+00:00,2018-12-27 14:30:00+00:00,2018-12-27 21:00:00+00:00,2018-12-27 14:25:00+00:00,1,later,1,1d:DNEWS_OVERNIGHT,PAPER_2G_L1LR,2018-12,0.46763109273385334,0,"{""C"":0.1}",227,2018-11-30 21:00:00+00:00
AAPL,2018-12-28,AAPL|2018-12-28 14:30:00+00:00,2018-12-28 14:30:00+00:00,2018-12-28 21:00:00+00:00,2018-12-28 14:25:00+00:00,0,later,1,1d:DNEWS_OVERNIGHT,PAPER_2G_L1LR,2018-12,0.42019348364237075,0,"{""C"":0.1}",227,2018-11-30 21:00:00+00:00
AAPL,2018-12-31,AAPL|2018-12-31 14:30:00+00:00,2018-12-31 14:30:00+00:00,2018-12-31 21:00:00+00:00,2018-12-31 14:25:00+00:00,1,later,1,1d:DNEWS_OVERNIGHT,PAPER_2G_L1LR,2018-12,0.45676447415370114,0,"{""C"":0.1}",227,2018-11-30 21:00:00+00:00
AAPL,2019-01-02,AAPL|2019-01-02 14:30:00+00:00,2019-01-02 14:30:00+00:00,2019-01-02 21:00:00+00:00,2019-01-02 14:25:00+00:00,0,later,1,1d:DNEWS_OVERNIGHT,PAPER_2G_L1LR,2019-01,0.458874048361275,0,"{""C"":0.1}",246,2018-12-31 21:00:00+00:00
AAPL,2019-01-03,AAPL|2019-01-03 14:30:00+00:00,2019-01-03 14:30:00+00:00,2019-01-03 21:00:00+00:00,2019-01-03 14:25:00+00:00,0,later,1,1d:DNEWS_OVERNIGHT,PAPER_2G_L1LR,2019-01,0.4707453470827757,0,"{""C"":0.1}",246,2018-12-31 21:00:00+00:00
AAPL,2019-01-04,AAPL|2019-01-04 14:30:00+00:00,2019-01-04 14:30:00+00:00,2019-01-04 21:00:00+00:00,2019-01-04 14:25:00+00:00,1,later,1,1d:DNEWS_OVERNIGHT,PAPER_2G_L1LR,2019-01,0.4707453470827757,0,"{""C"":0.1}",246,2018-12-31 21:00:00+00:00
AAPL,2019-01-07,AAPL|2019-01-07 14:30:00+00:00,2019-01-07 14:30:00+00:00,2019-01-07 21:00:00+00:00,2019-01-07 14:25:00+00:00,0,later,1,1d:DNEWS_OVERNIGHT,PAPER_2G_L1LR,2019-01,0.4707453470827757,0,"{""C"":0.1}",246,2018-12-31 21:00:00+00:00
AAPL,2019-01-08,AAPL|2019-01-08 14:30:00+00:00,2019-01-08 14:30:00+00:00,2019-01-08 21:00:00+00:00,2019-01-08 14:25:00+00:00,1,later,1,1d:DNEWS_OVERNIGHT,PAPER_2G_L1LR,2019-01,0.44124595005217654,0,"{""C"":0.1}",246,2018-12-31 21:00:00+00:00
AAPL,2019-01-09,AAPL|2019-01-09 14:30:00+00:00,2019-01-09 14:30:00+00:00,2019-01-09 21:00:00+00:00,2019-01-09 14:25:00+00:00,1,later,1,1d:DNEWS_OVERNIGHT,PAPER_2G_L1LR,2019-01,0.5,1,"{""C"":0.1}",246,2018-12-31 21:00:00+00:00
AAPL,2019-01-10,AAPL|2019-01-10 14:30:00+00:00,2019-01-10 14:30:00+00:00,2019-01-10 21:00:00+00:00,2019-01-10 14:25:00+00:00,1,later,1,1d:DNEWS_OVERNIGHT,PAPER_2G_L1LR,2019-01,0.5,1,"{""C"":0.1}",246,2018-12-31 21:00:00+00:00
AAPL,2019-01-11,AAPL|2019-01-11 14:30:00+00:00,2019-01-11 14:30:00+00:00,2019-01-11 21:00:00+00:00,2019-01-11 14:25:00+00:00,0,later,1,1d:DNEWS_OVERNIGHT,PAPER_2G_L1LR,2019-01,0.44124595005217654,0,"{""C"":0.1}",246,2018-12-31 21:00:00+00:00
AAPL,2019-01-14,AAPL|2019-01-14 14:30:00+00:00,2019-01-14 14:30:00+00:00,2019-01-14 21:00:00+00:00,2019-01-14 14:25:00+00:00,0,later,1,1d:DNEWS_OVERNIGHT,PAPER_2G_L1LR,2019-01,0.4707453470827757,0,"{""C"":0.1}",246,2018-12-31 21:00:00+00:00
AAPL,2019-01-15,AAPL|2019-01-15 14:30:00+00:00,2019-01-15 14:30:00+00:00,2019-01-15 21:00:00+00:00,2019-01-15 14:25:00+00:00,1,later,1,1d:DNEWS_OVERNIGHT,PAPER_2G_L1LR,2019-01,0.44124595005217654,0,"{""C"":0.1}",246,2018-12-31 21:00:00+00:00
AAPL,2019-01-16,AAPL|2019-01-16 14:30:00+00:00,2019-01-16 14:30:00+00:00,2019-01-16 21:00:00+00:00,2019-01-16 14:25:00+00:00,1,later,1,1d:DNEWS_OVERNIGHT,PAPER_2G_L1LR,2019-01,0.5,1,"{""C"":0.1}",246,2018-12-31 21:00:00+00:00
AAPL,2019-01-17,AAPL|2019-01-17 14:30:00+00:00,2019-01-17 14:30:00+00:00,2019-01-17 21:00:00+00:00,2019-01-17 14:25:00+00:00,1,later,1,1d:DNEWS_OVERNIGHT,PAPER_2G_L1LR,2019-01,0.470296381163312,0,"{""C"":0.1}",246,2018-12-31 21:00:00+00:00
AAPL,2019-01-18,AAPL|2019-01-18 14:30:00+00:00,2019-01-18 14:30:00+00:00,2019-01-18 21:00:00+00:00,2019-01-18 14:25:00+00:00,0,later,1,1d:DNEWS_OVERNIGHT,PAPER_2G_L1LR,2019-01,0.4707453470827757,0,"{""C"":0.1}",246,2018-12-31 21:00:00+00:00
AAPL,2019-01-22,AAPL|2019-01-22 14:30:00+00:00,2019-01-22 14:30:00+00:00,2019-01-22 21:00:00+00:00,2019-01-22 14:25:00+00:00,0,later,1,1d:DNEWS_OVERNIGHT,PAPER_2G_L1LR,2019-01,0.44124595005217654,0,"{""C"":0.1}",246,2018-12-31 21:00:00+00:00
AAPL,2019-01-23,AAPL|2019-01-23 14:30:00+00:00,2019-01-23 14:30:00+00:00,2019-01-23 21:00:00+00:00,2019-01-23 14:25:00+00:00,0,later,1,1d:DNEWS_OVERNIGHT,PAPER_2G_L1LR,2019-01,0.470296381163312,0,"{""C"":0.1}",246,2018-12-31 21:00:00+00:00
AAPL,2019-01-24,AAPL|2019-01-24 14:30:00+00:00,2019-01-24 14:30:00+00:00,2019-01-24 21:00:00+00:00,2019-01-24 14:25:00+00:00,0,later,1,1d:DNEWS_OVERNIGHT,PAPER_2G_L1LR,2019-01,0.5,1,"{""C"":0.1}",246,2018-12-31 21:00:00+00:00
AAPL,2019-01-25,AAPL|2019-01-25 14:30:00+00:00,2019-01-25 14:30:00+00:00,2019-01-25 21:00:00+00:00,2019-01-25 14:25:00+00:00,1,later,1,1d:DNEWS_OVERNIGHT,PAPER_2G_L1LR,2019-01,0.5,1,"{""C"":0.1}",246,2018-12-31 21:00:00+00:00
AAPL,2019-01-28,AAPL|2019-01-28 14:30:00+00:00,2019-01-28 14:30:00+00:00,2019-01-28 21:00:00+00:00,2019-01-28 14:25:00+00:00,0,later,1,1d:DNEWS_OVERNIGHT,PAPER_2G_L1LR,2019-01,0.4707453470827757,0,"{""C"":0.1}",246,2018-12-31 21:00:00+00:00
AAPL,2019-01-29,AAPL|2019-01-29 14:30:00+00:00,2019-01-29 14:30:00+00:00,2019-01-29 21:00:00+00:00,2019-01-29 14:25:00+00:00,1,later,1,1d:DNEWS_OVERNIGHT,PAPER_2G_L1LR,2019-01,0.4707453470827757,0,"{""C"":0.1}",246,2018-12-31 21:00:00+00:00
AAPL,2019-01-30,AAPL|2019-01-30 14:30:00+00:00,2019-01-30 14:30:00+00:00,2019-01-30 21:00:00+00:00,2019-01-30 14:25:00+00:00,1,later,1,1d:DNEWS_OVERNIGHT,PAPER_2G_L1LR,2019-01,0.4707453470827757,0,"{""C"":0.1}",246,2018-12-31 21:00:00+00:00
AAPL,2019-01-31,AAPL|2019-01-31 14:30:00+00:00,2019-01-31 14:30:00+00:00,2019-01-31 21:00:00+00:00,2019-01-31 14:25:00+00:00,1,later,1,1d:DNEWS_OVERNIGHT,PAPER_2G_L1LR,2019-01,0.44124595005217654,0,"{""C"":0.1}",246,2018-12-31 21:00:00+00:00
AAPL,2019-02-01,AAPL|2019-02-01 14:30:00+00:00,2019-02-01 14:30:00+00:00,2019-02-01 21:00:00+00:00,2019-02-01 14:25:00+00:00,1,later,1,1d:DNEWS_OVERNIGHT,PAPER_2G_L1LR,2019-02,0.4490904878604251,0,"{""C"":0.1}",267,2019-01-31 21:00:00+00:00
AMZN,2018-09-04,AMZN|2018-09-04 13:30:00+00:00,2018-09-04 13:30:00+00:00,2018-09-04 20:00:00+00:00,2018-09-04 13:25:00+00:00,1,development,1,1d:DNEWS_OVERNIGHT,PAPER_2G_L1LR,2018-09,0.5,1,"{""C"":0.01}",164,2018-08-31 20:00:00+00:00
AMZN,2018-09-05,AMZN|2018-09-05 13:30:00+00:00,2018-09-05 13:30:00+00:00,2018-09-05 20:00:00+00:00,2018-09-05 13:25:00+00:00,0,development,1,1d:DNEWS_OVERNIGHT,PAPER_2G_L1LR,2018-09,0.5,1,"{""C"":0.01}",164,2018-08-31 20:00:00+00:00
AMZN,2018-09-06,AMZN|2018-09-06 13:30:00+00:00,2018-09-06 13:30:00+00:00,2018-09-06 20:00:00+00:00,2018-09-06 13:25:00+00:00,0,development,1,1d:DNEWS_OVERNIGHT,PAPER_2G_L1LR,2018-09,0.5,1,"{""C"":0.01}",164,2018-08-31 20:00:00+00:00
AMZN,2018-09-07,AMZN|2018-09-07 13:30:00+00:00,2018-09-07 13:30:00+00:00,2018-09-07 20:00:00+00:00,2018-09-07 13:25:00+00:00,1,development,1,1d:DNEWS_OVERNIGHT,PAPER_2G_L1LR,2018-09,0.5,1,"{""C"":0.01}",164,2018-08-31 20:00:00+00:00
AMZN,2018-09-10,AMZN|2018-09-10 13:30:00+00:00,2018-09-10 13:30:00+00:00,2018-09-10 20:00:00+00:00,2018-09-10 13:25:00+00:00,0,development,1,1d:DNEWS_OVERNIGHT,PAPER_2G_L1LR,2018-09,0.5,1,"{""C"":0.01}",164,2018-08-31 20:00:00+00:00
AMZN,2018-09-11,AMZN|2018-09-11 13:30:00+00:00,2018-09-11 13:30:00+00:00,2018-09-11 20:00:00+00:00,2018-09-11 13:25:00+00:00,1,development,0,1d:DNEWS_OVERNIGHT,PAPER_2G_L1LR,2018-09,0.5,1,"{""C"":0.01}",164,2018-08-31 20:00:00+00:00
AMZN,2018-09-12,AMZN|2018-09-12 13:30:00+00:00,2018-09-12 13:30:00+00:00,2018-09-12 20:00:00+00:00,2018-09-12 13:25:00+00:00,0,development,1,1d:DNEWS_OVERNIGHT,PAPER_2G_L1LR,2018-09,0.5,1,"{""C"":0.01}",164,2018-08-31 20:00:00+00:00
AMZN,2018-09-13,AMZN|2018-09-13 13:30:00+00:00,2018-09-13 13:30:00+00:00,2018-09-13 20:00:00+00:00,2018-09-13 13:25:00+00:00,0,development,1,1d:DNEWS_OVERNIGHT,PAPER_2G_L1LR,2018-09,0.5,1,"{""C"":0.01}",164,2018-08-31 20:00:00+00:00
AMZN,2018-09-14,AMZN|2018-09-14 13:30:00+00:00,2018-09-14 13:30:00+00:00,2018-09-14 20:00:00+00:00,2018-09-14 13:25:00+00:00,0,development,1,1d:DNEWS_OVERNIGHT,PAPER_2G_L1LR,2018-09,0.5,1,"{""C"":0.01}",164,2018-08-31 20:00:00+00:00
AMZN,2018-09-17,AMZN|2018-09-17 13:30:00+00:00,2018-09-17 13:30:00+00:00,2018-09-17 20:00:00+00:00,2018-09-17 13:25:00+00:00,0,development,1,1d:DNEWS_OVERNIGHT,PAPER_2G_L1LR,2018-09,0.5,1,"{""C"":0.01}",164,2018-08-31 20:00:00+00:00
AMZN,2018-09-18,AMZN|2018-09-18 13:30:00+00:00,2018-09-18 13:30:00+00:00,2018-09-18 20:00:00+00:00,2018-09-18 13:25:00+00:00,1,development,1,1d:DNEWS_OVERNIGHT,PAPER_2G_L1LR,2018-09,0.5,1,"{""C"":0.01}",164,2018-08-31 20:00:00+00:00
AMZN,2018-09-19,AMZN|2018-09-19 13:30:00+00:00,2018-09-19 13:30:00+00:00,2018-09-19 20:00:00+00:00,2018-09-19 13:25:00+00:00,0,development,1,1d:DNEWS_OVERNIGHT,PAPER_2G_L1LR,2018-09,0.5,1,"{""C"":0.01}",164,2018-08-31 20:00:00+00:00
AMZN,2018-09-20,AMZN|2018-09-20 13:30:00+00:00,2018-09-20 13:30:00+00:00,2018-09-20 20:00:00+00:00,2018-09-20 13:25:00+00:00,1,development,0,1d:DNEWS_OVERNIGHT,PAPER_2G_L1LR,2018-09,0.5,1,"{""C"":0.01}",164,2018-08-31 20:00:00+00:00
AMZN,2018-09-21,AMZN|2018-09-21 13:30:00+00:00,2018-09-21 13:30:00+00:00,2018-09-21 20:00:00+00:00,2018-09-21 13:25:00+00:00,0,development,1,1d:DNEWS_OVERNIGHT,PAPER_2G_L1LR,2018-09,0.5,1,"{""C"":0.01}",164,2018-08-31 20:00:00+00:00
AMZN,2018-09-24,AMZN|2018-09-24 13:30:00+00:00,2018-09-24 13:30:00+00:00,2018-09-24 20:00:00+00:00,2018-09-24 13:25:00+00:00,1,development,1,1d:DNEWS_OVERNIGHT,PAPER_2G_L1LR,2018-09,0.5,1,"{""C"":0.01}",164,2018-08-31 20:00:00+00:00
AMZN,2018-09-25,AMZN|2018-09-25 13:30:00+00:00,2018-09-25 13:30:00+00:00,2018-09-25 20:00:00+00:00,2018-09-25 13:25:00+00:00,1,development,1,1d:DNEWS_OVERNIGHT,PAPER_2G_L1LR,2018-09,0.5,1,"{""C"":0.01}",164,2018-08-31 20:00:00+00:00
AMZN,2018-09-26,AMZN|2018-09-26 13:30:00+00:00,2018-09-26 13:30:00+00:00,2018-09-26 20:00:00+00:00,2018-09-26 13:25:00+00:00,0,development,1,1d:DNEWS_OVERNIGHT,PAPER_2G_L1LR,2018-09,0.5,1,"{""C"":0.01}",164,2018-08-31 20:00:00+00:00
AMZN,2018-09-27,AMZN|2018-09-27 13:30:00+00:00,2018-09-27 13:30:00+00:00,2018-09-27 20:00:00+00:00,2018-09-27 13:25:00+00:00,1,development,1,1d:DNEWS_OVERNIGHT,PAPER_2G_L1LR,2018-09,0.5,1,"{""C"":0.01}",164,2018-08-31 20:00:00+00:00
AMZN,2018-09-28,AMZN|2018-09-28 13:30:00+00:00,2018-09-28 13:30:00+00:00,2018-09-28 20:00:00+00:00,2018-09-28 13:25:00+00:00,1,development,1,1d:DNEWS_OVERNIGHT,PAPER_2G_L1LR,2018-09,0.5,1,"{""C"":0.01}",164,2018-08-31 20:00:00+00:00
AMZN,2018-10-01,AMZN|2018-10-01 13:30:00+00:00,2018-10-01 13:30:00+00:00,2018-10-01 20:00:00+00:00,2018-10-01 13:25:00+00:00,0,development,1,1d:DNEWS_OVERNIGHT,PAPER_2G_L1LR,2018-10,0.5,1,"{""C"":0.01}",183,2018-09-28 20:00:00+00:00
AMZN,2018-10-02,AMZN|2018-10-02 13:30:00+00:00,2018-10-02 13:30:00+00:00,2018-10-02 20:00:00+00:00,2018-10-02 13:25:00+00:00,0,development,1,1d:DNEWS_OVERNIGHT,PAPER_2G_L1LR,2018-10,0.5,1,"{""C"":0.01}",183,2018-09-28 20:00:00+00:00
AMZN,2018-10-03,AMZN|2018-10-03 13:30:00+00:00,2018-10-03 13:30:00+00:00,2018-10-03 20:00:00+00:00,2018-10-03 13:25:00+00:00,0,development,0,1d:DNEWS_OVERNIGHT,PAPER_2G_L1LR,2018-10,0.5,1,"{""C"":0.01}",183,2018-09-28 20:00:00+00:00
AMZN,2018-10-04,AMZN|2018-10-04 13:30:00+00:00,2018-10-04 13:30:00+00:00,2018-10-04 20:00:00+00:00,2018-10-04 13:25:00+00:00,0,development,1,1d:DNEWS_OVERNIGHT,PAPER_2G_L1LR,2018-10,0.5,1,"{""C"":0.01}",183,2018-09-28 20:00:00+00:00
AMZN,2018-10-05,AMZN|2018-10-05 13:30:00+00:00,2018-10-05 13:30:00+00:00,2018-10-05 20:00:00+00:00,2018-10-05 13:25:00+00:00,0,development,1,1d:DNEWS_OVERNIGHT,PAPER_2G_L1LR,2018-10,0.5,1,"{""C"":0.01}",183,2018-09-28 20:00:00+00:00
AMZN,2018-10-08,AMZN|2018-10-08 13:30:00+00:00,2018-10-08 13:30:00+00:00,2018-10-08 20:00:00+00:00,2018-10-08 13:25:00+00:00,0,development,1,1d:DNEWS_OVERNIGHT,PAPER_2G_L1LR,2018-10,0.5,1,"{""C"":0.01}",183,2018-09-28 20:00:00+00:00
AMZN,2018-10-09,AMZN|2018-10-09 13:30:00+00:00,2018-10-09 13:30:00+00:00,2018-10-09 20:00:00+00:00,2018-10-09 13:25:00+00:00,1,development,1,1d:DNEWS_OVERNIGHT,PAPER_2G_L1LR,2018-10,0.5,1,"{""C"":0.01}",183,2018-09-28 20:00:00+00:00
AMZN,2018-10-10,AMZN|2018-10-10 13:30:00+00:00,2018-10-10 13:30:00+00:00,2018-10-10 20:00:00+00:00,2018-10-10 13:25:00+00:00,0,development,1,1d:DNEWS_OVERNIGHT,PAPER_2G_L1LR,2018-10,0.5,1,"{""C"":0.01}",183,2018-09-28 20:00:00+00:00
AMZN,2018-10-11,AMZN|2018-10-11 13:30:00+00:00,2018-10-11 13:30:00+00:00,2018-10-11 20:00:00+00:00,2018-10-11 13:25:00+00:00,1,development,1,1d:DNEWS_OVERNIGHT,PAPER_2G_L1LR,2018-10,0.5,1,"{""C"":0.01}",183,2018-09-28 20:00:00+00:00
AMZN,2018-10-12,AMZN|2018-10-12 13:30:00+00:00,2018-10-12 13:30:00+00:00,2018-10-12 20:00:00+00:00,2018-10-12 13:25:00+00:00,0,development,0,1d:DNEWS_OVERNIGHT,PAPER_2G_L1LR,2018-10,0.5,1,"{""C"":0.01}",183,2018-09-28 20:00:00+00:00
AMZN,2018-10-15,AMZN|2018-10-15 13:30:00+00:00,2018-10-15 13:30:00+00:00,2018-10-15 20:00:00+00:00,2018-10-15 13:25:00+00:00,0,development,1,1d:DNEWS_OVERNIGHT,PAPER_2G_L1LR,2018-10,0.5,1,"{""C"":0.01}",183,2018-09-28 20:00:00+00:00
AMZN,2018-10-16,AMZN|2018-10-16 13:30:00+00:00,2018-10-16 13:30:00+00:00,2018-10-16 20:00:00+00:00,2018-10-16 13:25:00+00:00,1,development,1,1d:DNEWS_OVERNIGHT,PAPER_2G_L1LR,2018-10,0.5,1,"{""C"":0.01}",183,2018-09-28 20:00:00+00:00
AMZN,2018-10-17,AMZN|2018-10-17 13:30:00+00:00,2018-10-17 13:30:00+00:00,2018-10-17 20:00:00+00:00,2018-10-17 13:25:00+00:00,1,development,1,1d:DNEWS_OVERNIGHT,PAPER_2G_L1LR,2018-10,0.5,1,"{""C"":0.01}",183,2018-09-28 20:00:00+00:00
AMZN,2018-10-18,AMZN|2018-10-18 13:30:00+00:00,2018-10-18 13:30:00+00:00,2018-10-18 20:00:00+00:00,2018-10-18 13:25:00+00:00,0,development,1,1d:DNEWS_OVERNIGHT,PAPER_2G_L1LR,2018-10,0.5,1,"{""C"":0.01}",183,2018-09-28 20:00:00+00:00
AMZN,2018-10-19,AMZN|2018-10-19 13:30:00+00:00,2018-10-19 13:30:00+00:00,2018-10-19 20:00:00+00:00,2018-10-19 13:25:00+00:00,0,development,1,1d:DNEWS_OVERNIGHT,PAPER_2G_L1LR,2018-10,0.5,1,"{""C"":0.01}",183,2018-09-28 20:00:00+00:00
AMZN,2018-10-22,AMZN|2018-10-22 13:30:00+00:00,2018-10-22 13:30:00+00:00,2018-10-22 20:00:00+00:00,2018-10-22 13:25:00+00:00,1,development,1,1d:DNEWS_OVERNIGHT,PAPER_2G_L1LR,2018-10,0.5,1,"{""C"":0.01}",183,2018-09-28 20:00:00+00:00
AMZN,2018-10-23,AMZN|2018-10-23 13:30:00+00:00,2018-10-23 13:30:00+00:00,2018-10-23 20:00:00+00:00,2018-10-23 13:25:00+00:00,1,development,1,1d:DNEWS_OVERNIGHT,PAPER_2G_L1LR,2018-10,0.5,1,"{""C"":0.01}",183,2018-09-28 20:00:00+00:00
AMZN,2018-10-24,AMZN|2018-10-24 13:30:00+00:00,2018-10-24 13:30:00+00:00,2018-10-24 20:00:00+00:00,2018-10-24 13:25:00+00:00,0,development,1,1d:DNEWS_OVERNIGHT,PAPER_2G_L1LR,2018-10,0.5,1,"{""C"":0.01}",183,2018-09-28 20:00:00+00:00
AMZN,2018-10-25,AMZN|2018-10-25 13:30:00+00:00,2018-10-25 13:30:00+00:00,2018-10-25 20:00:00+00:00,2018-10-25 13:25:00+00:00,0,development,0,1d:DNEWS_OVERNIGHT,PAPER_2G_L1LR,2018-10,0.5,1,"{""C"":0.01}",183,2018-09-28 20:00:00+00:00
AMZN,2018-10-26,AMZN|2018-10-26 13:30:00+00:00,2018-10-26 13:30:00+00:00,2018-10-26 20:00:00+00:00,2018-10-26 13:25:00+00:00,1,development,1,1d:DNEWS_OVERNIGHT,PAPER_2G_L1LR,2018-10,0.5,1,"{""C"":0.01}",183,2018-09-28 20:00:00+00:00
AMZN,2018-10-29,AMZN|2018-10-29 13:30:00+00:00,2018-10-29 13:30:00+00:00,2018-10-29 20:00:00+00:00,2018-10-29 13:25:00+00:00,0,development,1,1d:DNEWS_OVERNIGHT,PAPER_2G_L1LR,2018-10,0.5,1,"{""C"":0.01}",183,2018-09-28 20:00:00+00:00
AMZN,2018-10-30,AMZN|2018-10-30 13:30:00+00:00,2018-10-30 13:30:00+00:00,2018-10-30 20:00:00+00:00,2018-10-30 13:25:00+00:00,1,development,1,1d:DNEWS_OVERNIGHT,PAPER_2G_L1LR,2018-10,0.5,1,"{""C"":0.01}",183,2018-09-28 20:00:00+00:00
AMZN,2018-10-31,AMZN|2018-10-31 13:30:00+00:00,2018-10-31 13:30:00+00:00,2018-10-31 20:00:00+00:00,2018-10-31 13:25:00+00:00,1,development,1,1d:DNEWS_OVERNIGHT,PAPER_2G_L1LR,2018-10,0.5,1,"{""C"":0.01}",183,2018-09-28 20:00:00+00:00
AMZN,2018-11-01,AMZN|2018-11-01 13:30:00+00:00,2018-11-01 13:30:00+00:00,2018-11-01 20:00:00+00:00,2018-11-01 13:25:00+00:00,1,later,0,1d:DNEWS_OVERNIGHT,PAPER_2G_L1LR,2018-11,0.5,1,"{""C"":0.01}",206,2018-10-31 20:00:00+00:00
AMZN,2018-11-02,AMZN|2018-11-02 13:30:00+00:00,2018-11-02 13:30:00+00:00,2018-11-02 20:00:00+00:00,2018-11-02 13:25:00+00:00,0,later,1,1d:DNEWS_OVERNIGHT,PAPER_2G_L1LR,2018-11,0.5,1,"{""C"":0.01}",206,2018-10-31 20:00:00+00:00
AMZN,2018-11-05,AMZN|2018-11-05 14:30:00+00:00,2018-11-05 14:30:00+00:00,2018-11-05 21:00:00+00:00,2018-11-05 14:25:00+00:00,0,later,1,1d:DNEWS_OVERNIGHT,PAPER_2G_L1LR,2018-11,0.5,1,"{""C"":0.01}",206,2018-10-31 20:00:00+00:00
AMZN,2018-11-06,AMZN|2018-11-06 14:30:00+00:00,2018-11-06 14:30:00+00:00,2018-11-06 21:00:00+00:00,2018-11-06 14:25:00+00:00,1,later,1,1d:DNEWS_OVERNIGHT,PAPER_2G_L1LR,2018-11,0.5,1,"{""C"":0.01}",206,2018-10-31 20:00:00+00:00
AMZN,2018-11-07,AMZN|2018-11-07 14:30:00+00:00,2018-11-07 14:30:00+00:00,2018-11-07 21:00:00+00:00,2018-11-07 14:25:00+00:00,1,later,1,1d:DNEWS_OVERNIGHT,PAPER_2G_L1LR,2018-11,0.5,1,"{""C"":0.01}",206,2018-10-31 20:00:00+00:00
AMZN,2018-11-08,AMZN|2018-11-08 14:30:00+00:00,2018-11-08 14:30:00+00:00,2018-11-08 21:00:00+00:00,2018-11-08 14:25:00+00:00,0,later,0,1d:DNEWS_OVERNIGHT,PAPER_2G_L1LR,2018-11,0.5,1,"{""C"":0.01}",206,2018-10-31 20:00:00+00:00
AMZN,2018-11-09,AMZN|2018-11-09 14:30:00+00:00,2018-11-09 14:30:00+00:00,2018-11-09 21:00:00+00:00,2018-11-09 14:25:00+00:00,0,later,1,1d:DNEWS_OVERNIGHT,PAPER_2G_L1LR,2018-11,0.5,1,"{""C"":0.01}",206,2018-10-31 20:00:00+00:00
AMZN,2018-11-12,AMZN|2018-11-12 14:30:00+00:00,2018-11-12 14:30:00+00:00,2018-11-12 21:00:00+00:00,2018-11-12 14:25:00+00:00,0,later,1,1d:DNEWS_OVERNIGHT,PAPER_2G_L1LR,2018-11,0.5,1,"{""C"":0.01}",206,2018-10-31 20:00:00+00:00
AMZN,2018-11-13,AMZN|2018-11-13 14:30:00+00:00,2018-11-13 14:30:00+00:00,2018-11-13 21:00:00+00:00,2018-11-13 14:25:00+00:00,0,later,1,1d:DNEWS_OVERNIGHT,PAPER_2G_L1LR,2018-11,0.5,1,"{""C"":0.01}",206,2018-10-31 20:00:00+00:00
AMZN,2018-11-14,AMZN|2018-11-14 14:30:00+00:00,2018-11-14 14:30:00+00:00,2018-11-14 21:00:00+00:00,2018-11-14 14:25:00+00:00,0,later,1,1d:DNEWS_OVERNIGHT,PAPER_2G_L1LR,2018-11,0.5,1,"{""C"":0.01}",206,2018-10-31 20:00:00+00:00
AMZN,2018-11-15,AMZN|2018-11-15 14:30:00+00:00,2018-11-15 14:30:00+00:00,2018-11-15 21:00:00+00:00,2018-11-15 14:25:00+00:00,1,later,1,1d:DNEWS_OVERNIGHT,PAPER_2G_L1LR,2018-11,0.5,1,"{""C"":0.01}",206,2018-10-31 20:00:00+00:00
AMZN,2018-11-16,AMZN|2018-11-16 14:30:00+00:00,2018-11-16 14:30:00+00:00,2018-11-16 21:00:00+00:00,2018-11-16 14:25:00+00:00,1,later,1,1d:DNEWS_OVERNIGHT,PAPER_2G_L1LR,2018-11,0.5,1,"{""C"":0.01}",206,2018-10-31 20:00:00+00:00
AMZN,2018-11-19,AMZN|2018-11-19 14:30:00+00:00,2018-11-19 14:30:00+00:00,2018-11-19 21:00:00+00:00,2018-11-19 14:25:00+00:00,0,later,1,1d:DNEWS_OVERNIGHT,PAPER_2G_L1LR,2018-11,0.5,1,"{""C"":0.01}",206,2018-10-31 20:00:00+00:00
AMZN,2018-11-20,AMZN|2018-11-20 14:30:00+00:00,2018-11-20 14:30:00+00:00,2018-11-20 21:00:00+00:00,2018-11-20 14:25:00+00:00,1,later,1,1d:DNEWS_OVERNIGHT,PAPER_2G_L1LR,2018-11,0.5,1,"{""C"":0.01}",206,2018-10-31 20:00:00+00:00
AMZN,2018-11-21,AMZN|2018-11-21 14:30:00+00:00,2018-11-21 14:30:00+00:00,2018-11-21 21:00:00+00:00,2018-11-21 14:25:00+00:00,0,later,1,1d:DNEWS_OVERNIGHT,PAPER_2G_L1LR,2018-11,0.5,1,"{""C"":0.01}",206,2018-10-31 20:00:00+00:00
AMZN,2018-11-23,AMZN|2018-11-23 14:30:00+00:00,2018-11-23 14:30:00+00:00,2018-11-23 18:00:00+00:00,2018-11-23 14:25:00+00:00,0,later,0,1d:DNEWS_OVERNIGHT,PAPER_2G_L1LR,2018-11,0.5,1,"{""C"":0.01}",206,2018-10-31 20:00:00+00:00
AMZN,2018-11-26,AMZN|2018-11-26 14:30:00+00:00,2018-11-26 14:30:00+00:00,2018-11-26 21:00:00+00:00,2018-11-26 14:25:00+00:00,1,later,1,1d:DNEWS_OVERNIGHT,PAPER_2G_L1LR,2018-11,0.5,1,"{""C"":0.01}",206,2018-10-31 20:00:00+00:00
AMZN,2018-11-27,AMZN|2018-11-27 14:30:00+00:00,2018-11-27 14:30:00+00:00,2018-11-27 21:00:00+00:00,2018-11-27 14:25:00+00:00,1,later,1,1d:DNEWS_OVERNIGHT,PAPER_2G_L1LR,2018-11,0.5,1,"{""C"":0.01}",206,2018-10-31 20:00:00+00:00
AMZN,2018-11-28,AMZN|2018-11-28 14:30:00+00:00,2018-11-28 14:30:00+00:00,2018-11-28 21:00:00+00:00,2018-11-28 14:25:00+00:00,1,later,1,1d:DNEWS_OVERNIGHT,PAPER_2G_L1LR,2018-11,0.5,1,"{""C"":0.01}",206,2018-10-31 20:00:00+00:00
AMZN,2018-11-29,AMZN|2018-11-29 14:30:00+00:00,2018-11-29 14:30:00+00:00,2018-11-29 21:00:00+00:00,2018-11-29 14:25:00+00:00,1,later,1,1d:DNEWS_OVERNIGHT,PAPER_2G_L1LR,2018-11,0.5,1,"{""C"":0.01}",206,2018-10-31 20:00:00+00:00
AMZN,2018-11-30,AMZN|2018-11-30 14:30:00+00:00,2018-11-30 14:30:00+00:00,2018-11-30 21:00:00+00:00,2018-11-30 14:25:00+00:00,1,later,1,1d:DNEWS_OVERNIGHT,PAPER_2G_L1LR,2018-11,0.5,1,"{""C"":0.01}",206,2018-10-31 20:00:00+00:00
AMZN,2018-12-03,AMZN|2018-12-03 14:30:00+00:00,2018-12-03 14:30:00+00:00,2018-12-03 21:00:00+00:00,2018-12-03 14:25:00+00:00,1,later,1,1d:DNEWS_OVERNIGHT,PAPER_2G_L1LR,2018-12,0.5,1,"{""C"":0.01}",227,2018-11-30 21:00:00+00:00
AMZN,2018-12-04,AMZN|2018-12-04 14:30:00+00:00,2018-12-04 14:30:00+00:00,2018-12-04 21:00:00+00:00,2018-12-04 14:25:00+00:00,0,later,1,1d:DNEWS_OVERNIGHT,PAPER_2G_L1LR,2018-12,0.5,1,"{""C"":0.01}",227,2018-11-30 21:00:00+00:00
AMZN,2018-12-06,AMZN|2018-12-06 14:30:00+00:00,2018-12-06 14:30:00+00:00,2018-12-06 21:00:00+00:00,2018-12-06 14:25:00+00:00,1,later,1,1d:DNEWS_OVERNIGHT,PAPER_2G_L1LR,2018-12,0.5,1,"{""C"":0.01}",227,2018-11-30 21:00:00+00:00
AMZN,2018-12-07,AMZN|2018-12-07 14:30:00+00:00,2018-12-07 14:30:00+00:00,2018-12-07 21:00:00+00:00,2018-12-07 14:25:00+00:00,0,later,1,1d:DNEWS_OVERNIGHT,PAPER_2G_L1LR,2018-12,0.5,1,"{""C"":0.01}",227,2018-11-30 21:00:00+00:00
AMZN,2018-12-10,AMZN|2018-12-10 14:30:00+00:00,2018-12-10 14:30:00+00:00,2018-12-10 21:00:00+00:00,2018-12-10 14:25:00+00:00,1,later,1,1d:DNEWS_OVERNIGHT,PAPER_2G_L1LR,2018-12,0.5,1,"{""C"":0.01}",227,2018-11-30 21:00:00+00:00
AMZN,2018-12-11,AMZN|2018-12-11 14:30:00+00:00,2018-12-11 14:30:00+00:00,2018-12-11 21:00:00+00:00,2018-12-11 14:25:00+00:00,0,later,1,1d:DNEWS_OVERNIGHT,PAPER_2G_L1LR,2018-12,0.5,1,"{""C"":0.01}",227,2018-11-30 21:00:00+00:00
AMZN,2018-12-12,AMZN|2018-12-12 14:30:00+00:00,2018-12-12 14:30:00+00:00,2018-12-12 21:00:00+00:00,2018-12-12 14:25:00+00:00,1,later,1,1d:DNEWS_OVERNIGHT,PAPER_2G_L1LR,2018-12,0.5,1,"{""C"":0.01}",227,2018-11-30 21:00:00+00:00
AMZN,2018-12-13,AMZN|2018-12-13 14:30:00+00:00,2018-12-13 14:30:00+00:00,2018-12-13 21:00:00+00:00,2018-12-13 14:25:00+00:00,0,later,1,1d:DNEWS_OVERNIGHT,PAPER_2G_L1LR,2018-12,0.5,1,"{""C"":0.01}",227,2018-11-30 21:00:00+00:00
AMZN,2018-12-14,AMZN|2018-12-14 14:30:00+00:00,2018-12-14 14:30:00+00:00,2018-12-14 21:00:00+00:00,2018-12-14 14:25:00+00:00,0,later,1,1d:DNEWS_OVERNIGHT,PAPER_2G_L1LR,2018-12,0.5,1,"{""C"":0.01}",227,2018-11-30 21:00:00+00:00
AMZN,2018-12-17,AMZN|2018-12-17 14:30:00+00:00,2018-12-17 14:30:00+00:00,2018-12-17 21:00:00+00:00,2018-12-17 14:25:00+00:00,0,later,1,1d:DNEWS_OVERNIGHT,PAPER_2G_L1LR,2018-12,0.5,1,"{""C"":0.01}",227,2018-11-30 21:00:00+00:00
AMZN,2018-12-18,AMZN|2018-12-18 14:30:00+00:00,2018-12-18 14:30:00+00:00,2018-12-18 21:00:00+00:00,2018-12-18 14:25:00+00:00,0,later,1,1d:DNEWS_OVERNIGHT,PAPER_2G_L1LR,2018-12,0.5,1,"{""C"":0.01}",227,2018-11-30 21:00:00+00:00
AMZN,2018-12-19,AMZN|2018-12-19 14:30:00+00:00,2018-12-19 14:30:00+00:00,2018-12-19 21:00:00+00:00,2018-12-19 14:25:00+00:00,0,later,1,1d:DNEWS_OVERNIGHT,PAPER_2G_L1LR,2018-12,0.5,1,"{""C"":0.01}",227,2018-11-30 21:00:00+00:00
AMZN,2018-12-20,AMZN|2018-12-20 14:30:00+00:00,2018-12-20 14:30:00+00:00,2018-12-20 21:00:00+00:00,2018-12-20 14:25:00+00:00,0,later,1,1d:DNEWS_OVERNIGHT,PAPER_2G_L1LR,2018-12,0.5,1,"{""C"":0.01}",227,2018-11-30 21:00:00+00:00
AMZN,2018-12-21,AMZN|2018-12-21 14:30:00+00:00,2018-12-21 14:30:00+00:00,2018-12-21 21:00:00+00:00,2018-12-21 14:25:00+00:00,0,later,0,1d:DNEWS_OVERNIGHT,PAPER_2G_L1LR,2018-12,0.5,1,"{""C"":0.01}",227,2018-11-30 21:00:00+00:00
AMZN,2018-12-24,AMZN|2018-12-24 14:30:00+00:00,2018-12-24 14:30:00+00:00,2018-12-24 18:00:00+00:00,2018-12-24 14:25:00+00:00,0,later,1,1d:DNEWS_OVERNIGHT,PAPER_2G_L1LR,2018-12,0.5,1,"{""C"":0.01}",227,2018-11-30 21:00:00+00:00
AMZN,2018-12-26,AMZN|2018-12-26 14:30:00+00:00,2018-12-26 14:30:00+00:00,2018-12-26 21:00:00+00:00,2018-12-26 14:25:00+00:00,1,later,1,1d:DNEWS_OVERNIGHT,PAPER_2G_L1LR,2018-12,0.5,1,"{""C"":0.01}",227,2018-11-30 21:00:00+00:00
AMZN,2018-12-27,AMZN|2018-12-27 14:30:00+00:00,2018-12-27 14:30:00+00:00,2018-12-27 21:00:00+00:00,2018-12-27 14:25:00+00:00,1,later,1,1d:DNEWS_OVERNIGHT,PAPER_2G_L1LR,2018-12,0.5,1,"{""C"":0.01}",227,2018-11-30 21:00:00+00:00
AMZN,2018-12-28,AMZN|2018-12-28 14:30:00+00:00,2018-12-28 14:30:00+00:00,2018-12-28 21:00:00+00:00,2018-12-28 14:25:00+00:00,1,later,1,1d:DNEWS_OVERNIGHT,PAPER_2G_L1LR,2018-12,0.5,1,"{""C"":0.01}",227,2018-11-30 21:00:00+00:00
AMZN,2018-12-31,AMZN|2018-12-31 14:30:00+00:00,2018-12-31 14:30:00+00:00,2018-12-31 21:00:00+00:00,2018-12-31 14:25:00+00:00,0,later,1,1d:DNEWS_OVERNIGHT,PAPER_2G_L1LR,2018-12,0.5,1,"{""C"":0.01}",227,2018-11-30 21:00:00+00:00
AMZN,2019-01-02,AMZN|2019-01-02 14:30:00+00:00,2019-01-02 14:30:00+00:00,2019-01-02 21:00:00+00:00,2019-01-02 14:25:00+00:00,1,later,1,1d:DNEWS_OVERNIGHT,PAPER_2G_L1LR,2019-01,0.5,1,"{""C"":0.01}",246,2018-12-31 21:00:00+00:00
AMZN,2019-01-03,AMZN|2019-01-03 14:30:00+00:00,2019-01-03 14:30:00+00:00,2019-01-03 21:00:00+00:00,2019-01-03 14:25:00+00:00,0,later,1,1d:DNEWS_OVERNIGHT,PAPER_2G_L1LR,2019-01,0.5,1,"{""C"":0.01}",246,2018-12-31 21:00:00+00:00
AMZN,2019-01-04,AMZN|2019-01-04 14:30:00+00:00,2019-01-04 14:30:00+00:00,2019-01-04 21:00:00+00:00,2019-01-04 14:25:00+00:00,1,later,1,1d:DNEWS_OVERNIGHT,PAPER_2G_L1LR,2019-01,0.5,1,"{""C"":0.01}",246,2018-12-31 21:00:00+00:00
AMZN,2019-01-07,AMZN|2019-01-07 14:30:00+00:00,2019-01-07 14:30:00+00:00,2019-01-07 21:00:00+00:00,2019-01-07 14:25:00+00:00,1,later,1,1d:DNEWS_OVERNIGHT,PAPER_2G_L1LR,2019-01,0.5,1,"{""C"":0.01}",246,2018-12-31 21:00:00+00:00
AMZN,2019-01-08,AMZN|2019-01-08 14:30:00+00:00,2019-01-08 14:30:00+00:00,2019-01-08 21:00:00+00:00,2019-01-08 14:25:00+00:00,0,later,1,1d:DNEWS_OVERNIGHT,PAPER_2G_L1LR,2019-01,0.5,1,"{""C"":0.01}",246,2018-12-31 21:00:00+00:00
AMZN,2019-01-09,AMZN|2019-01-09 14:30:00+00:00,2019-01-09 14:30:00+00:00,2019-01-09 21:00:00+00:00,2019-01-09 14:25:00+00:00,0,later,1,1d:DNEWS_OVERNIGHT,PAPER_2G_L1LR,2019-01,0.5,1,"{""C"":0.01}",246,2018-12-31 21:00:00+00:00
AMZN,2019-01-10,AMZN|2019-01-10 14:30:00+00:00,2019-01-10 14:30:00+00:00,2019-01-10 21:00:00+00:00,2019-01-10 14:25:00+00:00,1,later,0,1d:DNEWS_OVERNIGHT,PAPER_2G_L1LR,2019-01,0.5,1,"{""C"":0.01}",246,2018-12-31 21:00:00+00:00
AMZN,2019-01-11,AMZN|2019-01-11 14:30:00+00:00,2019-01-11 14:30:00+00:00,2019-01-11 21:00:00+00:00,2019-01-11 14:25:00+00:00,0,later,1,1d:DNEWS_OVERNIGHT,PAPER_2G_L1LR,2019-01,0.5,1,"{""C"":0.01}",246,2018-12-31 21:00:00+00:00
AMZN,2019-01-14,AMZN|2019-01-14 14:30:00+00:00,2019-01-14 14:30:00+00:00,2019-01-14 21:00:00+00:00,2019-01-14 14:25:00+00:00,1,later,1,1d:DNEWS_OVERNIGHT,PAPER_2G_L1LR,2019-01,0.5,1,"{""C"":0.01}",246,2018-12-31 21:00:00+00:00
AMZN,2019-01-15,AMZN|2019-01-15 14:30:00+00:00,2019-01-15 14:30:00+00:00,2019-01-15 21:00:00+00:00,2019-01-15 14:25:00+00:00,1,later,1,1d:DNEWS_OVERNIGHT,PAPER_2G_L1LR,2019-01,0.5,1,"{""C"":0.01}",246,2018-12-31 21:00:00+00:00
AMZN,2019-01-16,AMZN|2019-01-16 14:30:00+00:00,2019-01-16 14:30:00+00:00,2019-01-16 21:00:00+00:00,2019-01-16 14:25:00+00:00,0,later,1,1d:DNEWS_OVERNIGHT,PAPER_2G_L1LR,2019-01,0.5,1,"{""C"":0.01}",246,2018-12-31 21:00:00+00:00
AMZN,2019-01-17,AMZN|2019-01-17 14:30:00+00:00,2019-01-17 14:30:00+00:00,2019-01-17 21:00:00+00:00,2019-01-17 14:25:00+00:00,1,later,1,1d:DNEWS_OVERNIGHT,PAPER_2G_L1LR,2019-01,0.5,1,"{""C"":0.01}",246,2018-12-31 21:00:00+00:00
AMZN,2019-01-18,AMZN|2019-01-18 14:30:00+00:00,2019-01-18 14:30:00+00:00,2019-01-18 21:00:00+00:00,2019-01-18 14:25:00+00:00,0,later,0,1d:DNEWS_OVERNIGHT,PAPER_2G_L1LR,2019-01,0.5,1,"{""C"":0.01}",246,2018-12-31 21:00:00+00:00
AMZN,2019-01-22,AMZN|2019-01-22 14:30:00+00:00,2019-01-22 14:30:00+00:00,2019-01-22 21:00:00+00:00,2019-01-22 14:25:00+00:00,0,later,1,1d:DNEWS_OVERNIGHT,PAPER_2G_L1LR,2019-01,0.5,1,"{""C"":0.01}",246,2018-12-31 21:00:00+00:00
AMZN,2019-01-23,AMZN|2019-01-23 14:30:00+00:00,2019-01-23 14:30:00+00:00,2019-01-23 21:00:00+00:00,2019-01-23 14:25:00+00:00,0,later,0,1d:DNEWS_OVERNIGHT,PAPER_2G_L1LR,2019-01,0.5,1,"{""C"":0.01}",246,2018-12-31 21:00:00+00:00
AMZN,2019-01-24,AMZN|2019-01-24 14:30:00+00:00,2019-01-24 14:30:00+00:00,2019-01-24 21:00:00+00:00,2019-01-24 14:25:00+00:00,1,later,1,1d:DNEWS_OVERNIGHT,PAPER_2G_L1LR,2019-01,0.5,1,"{""C"":0.01}",246,2018-12-31 21:00:00+00:00
AMZN,2019-01-25,AMZN|2019-01-25 14:30:00+00:00,2019-01-25 14:30:00+00:00,2019-01-25 21:00:00+00:00,2019-01-25 14:25:00+00:00,1,later,0,1d:DNEWS_OVERNIGHT,PAPER_2G_L1LR,2019-01,0.5,1,"{""C"":0.01}",246,2018-12-31 21:00:00+00:00
AMZN,2019-01-28,AMZN|2019-01-28 14:30:00+00:00,2019-01-28 14:30:00+00:00,2019-01-28 21:00:00+00:00,2019-01-28 14:25:00+00:00,0,later,1,1d:DNEWS_OVERNIGHT,PAPER_2G_L1LR,2019-01,0.5,1,"{""C"":0.01}",246,2018-12-31 21:00:00+00:00
AMZN,2019-01-29,AMZN|2019-01-29 14:30:00+00:00,2019-01-29 14:30:00+00:00,2019-01-29 21:00:00+00:00,2019-01-29 14:25:00+00:00,0,later,1,1d:DNEWS_OVERNIGHT,PAPER_2G_L1LR,2019-01,0.5,1,"{""C"":0.01}",246,2018-12-31 21:00:00+00:00
AMZN,2019-01-30,AMZN|2019-01-30 14:30:00+00:00,2019-01-30 14:30:00+00:00,2019-01-30 21:00:00+00:00,2019-01-30 14:25:00+00:00,1,later,1,1d:DNEWS_OVERNIGHT,PAPER_2G_L1LR,2019-01,0.5,1,"{""C"":0.01}",246,2018-12-31 21:00:00+00:00
AMZN,2019-01-31,AMZN|2019-01-31 14:30:00+00:00,2019-01-31 14:30:00+00:00,2019-01-31 21:00:00+00:00,2019-01-31 14:25:00+00:00,1,later,1,1d:DNEWS_OVERNIGHT,PAPER_2G_L1LR,2019-01,0.5,1,"{""C"":0.01}",246,2018-12-31 21:00:00+00:00
AMZN,2019-02-01,AMZN|2019-02-01 14:30:00+00:00,2019-02-01 14:30:00+00:00,2019-02-01 21:00:00+00:00,2019-02-01 14:25:00+00:00,0,later,0,1d:DNEWS_OVERNIGHT,PAPER_2G_L1LR,2019-02,0.5,1,"{""C"":0.01}",267,2019-01-31 21:00:00+00:00
AAPL,2018-09-04,AAPL|2018-09-04 13:30:00+00:00,2018-09-04 13:30:00+00:00,2018-09-04 20:00:00+00:00,2018-09-04 13:25:00+00:00,1,development,1,1d:DNEWS_24H,TFIDF_ADABOOST,2018-09,0.6262814152831122,1,"{""learning_rate"":0.05,""n_estimators"":50}",164,2018-08-31 20:00:00+00:00
AAPL,2018-09-05,AAPL|2018-09-05 13:30:00+00:00,2018-09-05 13:30:00+00:00,2018-09-05 20:00:00+00:00,2018-09-05 13:25:00+00:00,0,development,1,1d:DNEWS_24H,TFIDF_ADABOOST,2018-09,0.6554476602646319,1,"{""learning_rate"":0.05,""n_estimators"":50}",164,2018-08-31 20:00:00+00:00
AAPL,2018-09-06,AAPL|2018-09-06 13:30:00+00:00,2018-09-06 13:30:00+00:00,2018-09-06 20:00:00+00:00,2018-09-06 13:25:00+00:00,0,development,1,1d:DNEWS_24H,TFIDF_ADABOOST,2018-09,0.6262814152831122,1,"{""learning_rate"":0.05,""n_estimators"":50}",164,2018-08-31 20:00:00+00:00
AAPL,2018-09-07,AAPL|2018-09-07 13:30:00+00:00,2018-09-07 13:30:00+00:00,2018-09-07 20:00:00+00:00,2018-09-07 13:25:00+00:00,0,development,1,1d:DNEWS_24H,TFIDF_ADABOOST,2018-09,0.6262814152831122,1,"{""learning_rate"":0.05,""n_estimators"":50}",164,2018-08-31 20:00:00+00:00
AAPL,2018-09-10,AAPL|2018-09-10 13:30:00+00:00,2018-09-10 13:30:00+00:00,2018-09-10 20:00:00+00:00,2018-09-10 13:25:00+00:00,0,development,1,1d:DNEWS_24H,TFIDF_ADABOOST,2018-09,0.6262814152831122,1,"{""learning_rate"":0.05,""n_estimators"":50}",164,2018-08-31 20:00:00+00:00
AAPL,2018-09-11,AAPL|2018-09-11 13:30:00+00:00,2018-09-11 13:30:00+00:00,2018-09-11 20:00:00+00:00,2018-09-11 13:25:00+00:00,1,development,1,1d:DNEWS_24H,TFIDF_ADABOOST,2018-09,0.6262814152831122,1,"{""learning_rate"":0.05,""n_estimators"":50}",164,2018-08-31 20:00:00+00:00
AAPL,2018-09-12,AAPL|2018-09-12 13:30:00+00:00,2018-09-12 13:30:00+00:00,2018-09-12 20:00:00+00:00,2018-09-12 13:25:00+00:00,0,development,1,1d:DNEWS_24H,TFIDF_ADABOOST,2018-09,0.595003750926167,1,"{""learning_rate"":0.05,""n_estimators"":50}",164,2018-08-31 20:00:00+00:00
AAPL,2018-09-13,AAPL|2018-09-13 13:30:00+00:00,2018-09-13 13:30:00+00:00,2018-09-13 20:00:00+00:00,2018-09-13 13:25:00+00:00,1,development,1,1d:DNEWS_24H,TFIDF_ADABOOST,2018-09,0.6262814152831122,1,"{""learning_rate"":0.05,""n_estimators"":50}",164,2018-08-31 20:00:00+00:00
AAPL,2018-09-14,AAPL|2018-09-14 13:30:00+00:00,2018-09-14 13:30:00+00:00,2018-09-14 20:00:00+00:00,2018-09-14 13:25:00+00:00,0,development,1,1d:DNEWS_24H,TFIDF_ADABOOST,2018-09,0.6262814152831122,1,"{""learning_rate"":0.05,""n_estimators"":50}",164,2018-08-31 20:00:00+00:00
AAPL,2018-09-17,AAPL|2018-09-17 13:30:00+00:00,2018-09-17 13:30:00+00:00,2018-09-17 20:00:00+00:00,2018-09-17 13:25:00+00:00,0,development,1,1d:DNEWS_24H,TFIDF_ADABOOST,2018-09,0.6262814152831122,1,"{""learning_rate"":0.05,""n_estimators"":50}",164,2018-08-31 20:00:00+00:00
AAPL,2018-09-18,AAPL|2018-09-18 13:30:00+00:00,2018-09-18 13:30:00+00:00,2018-09-18 20:00:00+00:00,2018-09-18 13:25:00+00:00,0,development,1,1d:DNEWS_24H,TFIDF_ADABOOST,2018-09,0.7038669036523701,1,"{""learning_rate"":0.05,""n_estimators"":50}",164,2018-08-31 20:00:00+00:00
AAPL,2018-09-19,AAPL|2018-09-19 13:30:00+00:00,2018-09-19 13:30:00+00:00,2018-09-19 20:00:00+00:00,2018-09-19 13:25:00+00:00,1,development,1,1d:DNEWS_24H,TFIDF_ADABOOST,2018-09,0.6108050209335482,1,"{""learning_rate"":0.05,""n_estimators"":50}",164,2018-08-31 20:00:00+00:00
AAPL,2018-09-20,AAPL|2018-09-20 13:30:00+00:00,2018-09-20 13:30:00+00:00,2018-09-20 20:00:00+00:00,2018-09-20 13:25:00+00:00,1,development,1,1d:DNEWS_24H,TFIDF_ADABOOST,2018-09,0.7038669036523701,1,"{""learning_rate"":0.05,""n_estimators"":50}",164,2018-08-31 20:00:00+00:00
AAPL,2018-09-21,AAPL|2018-09-21 13:30:00+00:00,2018-09-21 13:30:00+00:00,2018-09-21 20:00:00+00:00,2018-09-21 13:25:00+00:00,0,development,1,1d:DNEWS_24H,TFIDF_ADABOOST,2018-09,0.6262814152831122,1,"{""learning_rate"":0.05,""n_estimators"":50}",164,2018-08-31 20:00:00+00:00
AAPL,2018-09-24,AAPL|2018-09-24 13:30:00+00:00,2018-09-24 13:30:00+00:00,2018-09-24 20:00:00+00:00,2018-09-24 13:25:00+00:00,1,development,1,1d:DNEWS_24H,TFIDF_ADABOOST,2018-09,0.6262814152831122,1,"{""learning_rate"":0.05,""n_estimators"":50}",164,2018-08-31 20:00:00+00:00
AAPL,2018-09-25,AAPL|2018-09-25 13:30:00+00:00,2018-09-25 13:30:00+00:00,2018-09-25 20:00:00+00:00,2018-09-25 13:25:00+00:00,1,development,1,1d:DNEWS_24H,TFIDF_ADABOOST,2018-09,0.7150740422956438,1,"{""learning_rate"":0.05,""n_estimators"":50}",164,2018-08-31 20:00:00+00:00
AAPL,2018-09-26,AAPL|2018-09-26 13:30:00+00:00,2018-09-26 13:30:00+00:00,2018-09-26 20:00:00+00:00,2018-09-26 13:25:00+00:00,0,development,1,1d:DNEWS_24H,TFIDF_ADABOOST,2018-09,0.6428521638411319,1,"{""learning_rate"":0.05,""n_estimators"":50}",164,2018-08-31 20:00:00+00:00
AAPL,2018-09-27,AAPL|2018-09-27 13:30:00+00:00,2018-09-27 13:30:00+00:00,2018-09-27 20:00:00+00:00,2018-09-27 13:25:00+00:00,1,development,1,1d:DNEWS_24H,TFIDF_ADABOOST,2018-09,0.47726392284065366,0,"{""learning_rate"":0.05,""n_estimators"":50}",164,2018-08-31 20:00:00+00:00
AAPL,2018-09-28,AAPL|2018-09-28 13:30:00+00:00,2018-09-28 13:30:00+00:00,2018-09-28 20:00:00+00:00,2018-09-28 13:25:00+00:00,1,development,1,1d:DNEWS_24H,TFIDF_ADABOOST,2018-09,0.6262814152831122,1,"{""learning_rate"":0.05,""n_estimators"":50}",164,2018-08-31 20:00:00+00:00
AAPL,2018-10-01,AAPL|2018-10-01 13:30:00+00:00,2018-10-01 13:30:00+00:00,2018-10-01 20:00:00+00:00,2018-10-01 13:25:00+00:00,0,development,1,1d:DNEWS_24H,TFIDF_ADABOOST,2018-10,0.3827586701484124,0,"{""learning_rate"":0.05,""n_estimators"":50}",183,2018-09-28 20:00:00+00:00
AAPL,2018-10-02,AAPL|2018-10-02 13:30:00+00:00,2018-10-02 13:30:00+00:00,2018-10-02 20:00:00+00:00,2018-10-02 13:25:00+00:00,1,development,1,1d:DNEWS_24H,TFIDF_ADABOOST,2018-10,0.5065172188943772,1,"{""learning_rate"":0.05,""n_estimators"":50}",183,2018-09-28 20:00:00+00:00
AAPL,2018-10-03,AAPL|2018-10-03 13:30:00+00:00,2018-10-03 13:30:00+00:00,2018-10-03 20:00:00+00:00,2018-10-03 13:25:00+00:00,1,development,1,1d:DNEWS_24H,TFIDF_ADABOOST,2018-10,0.409722617010615,0,"{""learning_rate"":0.05,""n_estimators"":50}",183,2018-09-28 20:00:00+00:00
AAPL,2018-10-04,AAPL|2018-10-04 13:30:00+00:00,2018-10-04 13:30:00+00:00,2018-10-04 20:00:00+00:00,2018-10-04 13:25:00+00:00,0,development,1,1d:DNEWS_24H,TFIDF_ADABOOST,2018-10,0.3827586701484124,0,"{""learning_rate"":0.05,""n_estimators"":50}",183,2018-09-28 20:00:00+00:00
AAPL,2018-10-05,AAPL|2018-10-05 13:30:00+00:00,2018-10-05 13:30:00+00:00,2018-10-05 20:00:00+00:00,2018-10-05 13:25:00+00:00,0,development,1,1d:DNEWS_24H,TFIDF_ADABOOST,2018-10,0.572953864322649,1,"{""learning_rate"":0.05,""n_estimators"":50}",183,2018-09-28 20:00:00+00:00
AAPL,2018-10-08,AAPL|2018-10-08 13:30:00+00:00,2018-10-08 13:30:00+00:00,2018-10-08 20:00:00+00:00,2018-10-08 13:25:00+00:00,0,development,1,1d:DNEWS_24H,TFIDF_ADABOOST,2018-10,0.40489448722933036,0,"{""learning_rate"":0.05,""n_estimators"":50}",183,2018-09-28 20:00:00+00:00
AAPL,2018-10-09,AAPL|2018-10-09 13:30:00+00:00,2018-10-09 13:30:00+00:00,2018-10-09 20:00:00+00:00,2018-10-09 13:25:00+00:00,1,development,1,1d:DNEWS_24H,TFIDF_ADABOOST,2018-10,0.592690015434736,1,"{""learning_rate"":0.05,""n_estimators"":50}",183,2018-09-28 20:00:00+00:00
AAPL,2018-10-10,AAPL|2018-10-10 13:30:00+00:00,2018-10-10 13:30:00+00:00,2018-10-10 20:00:00+00:00,2018-10-10 13:25:00+00:00,0,development,1,1d:DNEWS_24H,TFIDF_ADABOOST,2018-10,0.741600610786312,1,"{""learning_rate"":0.05,""n_estimators"":50}",183,2018-09-28 20:00:00+00:00
AAPL,2018-10-11,AAPL|2018-10-11 13:30:00+00:00,2018-10-11 13:30:00+00:00,2018-10-11 20:00:00+00:00,2018-10-11 13:25:00+00:00,1,development,1,1d:DNEWS_24H,TFIDF_ADABOOST,2018-10,0.4021122990461378,0,"{""learning_rate"":0.05,""n_estimators"":50}",183,2018-09-28 20:00:00+00:00
AAPL,2018-10-12,AAPL|2018-10-12 13:30:00+00:00,2018-10-12 13:30:00+00:00,2018-10-12 20:00:00+00:00,2018-10-12 13:25:00+00:00,1,development,1,1d:DNEWS_24H,TFIDF_ADABOOST,2018-10,0.3827586701484124,0,"{""learning_rate"":0.05,""n_estimators"":50}",183,2018-09-28 20:00:00+00:00
AAPL,2018-10-15,AAPL|2018-10-15 13:30:00+00:00,2018-10-15 13:30:00+00:00,2018-10-15 20:00:00+00:00,2018-10-15 13:25:00+00:00,0,development,1,1d:DNEWS_24H,TFIDF_ADABOOST,2018-10,0.3827586701484124,0,"{""learning_rate"":0.05,""n_estimators"":50}",183,2018-09-28 20:00:00+00:00
AAPL,2018-10-16,AAPL|2018-10-16 13:30:00+00:00,2018-10-16 13:30:00+00:00,2018-10-16 20:00:00+00:00,2018-10-16 13:25:00+00:00,1,development,1,1d:DNEWS_24H,TFIDF_ADABOOST,2018-10,0.572953864322649,1,"{""learning_rate"":0.05,""n_estimators"":50}",183,2018-09-28 20:00:00+00:00
AAPL,2018-10-17,AAPL|2018-10-17 13:30:00+00:00,2018-10-17 13:30:00+00:00,2018-10-17 20:00:00+00:00,2018-10-17 13:25:00+00:00,0,development,1,1d:DNEWS_24H,TFIDF_ADABOOST,2018-10,0.3827586701484124,0,"{""learning_rate"":0.05,""n_estimators"":50}",183,2018-09-28 20:00:00+00:00
AAPL,2018-10-18,AAPL|2018-10-18 13:30:00+00:00,2018-10-18 13:30:00+00:00,2018-10-18 20:00:00+00:00,2018-10-18 13:25:00+00:00,0,development,1,1d:DNEWS_24H,TFIDF_ADABOOST,2018-10,0.3827586701484124,0,"{""learning_rate"":0.05,""n_estimators"":50}",183,2018-09-28 20:00:00+00:00
AAPL,2018-10-19,AAPL|2018-10-19 13:30:00+00:00,2018-10-19 13:30:00+00:00,2018-10-19 20:00:00+00:00,2018-10-19 13:25:00+00:00,1,development,1,1d:DNEWS_24H,TFIDF_ADABOOST,2018-10,0.3827586701484124,0,"{""learning_rate"":0.05,""n_estimators"":50}",183,2018-09-28 20:00:00+00:00
AAPL,2018-10-22,AAPL|2018-10-22 13:30:00+00:00,2018-10-22 13:30:00+00:00,2018-10-22 20:00:00+00:00,2018-10-22 13:25:00+00:00,0,development,1,1d:DNEWS_24H,TFIDF_ADABOOST,2018-10,0.3827586701484124,0,"{""learning_rate"":0.05,""n_estimators"":50}",183,2018-09-28 20:00:00+00:00
AAPL,2018-10-23,AAPL|2018-10-23 13:30:00+00:00,2018-10-23 13:30:00+00:00,2018-10-23 20:00:00+00:00,2018-10-23 13:25:00+00:00,1,development,1,1d:DNEWS_24H,TFIDF_ADABOOST,2018-10,0.3827586701484124,0,"{""learning_rate"":0.05,""n_estimators"":50}",183,2018-09-28 20:00:00+00:00
AAPL,2018-10-24,AAPL|2018-10-24 13:30:00+00:00,2018-10-24 13:30:00+00:00,2018-10-24 20:00:00+00:00,2018-10-24 13:25:00+00:00,0,development,1,1d:DNEWS_24H,TFIDF_ADABOOST,2018-10,0.3827586701484124,0,"{""learning_rate"":0.05,""n_estimators"":50}",183,2018-09-28 20:00:00+00:00
AAPL,2018-10-25,AAPL|2018-10-25 13:30:00+00:00,2018-10-25 13:30:00+00:00,2018-10-25 20:00:00+00:00,2018-10-25 13:25:00+00:00,0,development,1,1d:DNEWS_24H,TFIDF_ADABOOST,2018-10,0.3827586701484124,0,"{""learning_rate"":0.05,""n_estimators"":50}",183,2018-09-28 20:00:00+00:00
AAPL,2018-10-26,AAPL|2018-10-26 13:30:00+00:00,2018-10-26 13:30:00+00:00,2018-10-26 20:00:00+00:00,2018-10-26 13:25:00+00:00,1,development,1,1d:DNEWS_24H,TFIDF_ADABOOST,2018-10,0.572953864322649,1,"{""learning_rate"":0.05,""n_estimators"":50}",183,2018-09-28 20:00:00+00:00
AAPL,2018-10-29,AAPL|2018-10-29 13:30:00+00:00,2018-10-29 13:30:00+00:00,2018-10-29 20:00:00+00:00,2018-10-29 13:25:00+00:00,0,development,1,1d:DNEWS_24H,TFIDF_ADABOOST,2018-10,0.3827586701484124,0,"{""learning_rate"":0.05,""n_estimators"":50}",183,2018-09-28 20:00:00+00:00
AAPL,2018-10-30,AAPL|2018-10-30 13:30:00+00:00,2018-10-30 13:30:00+00:00,2018-10-30 20:00:00+00:00,2018-10-30 13:25:00+00:00,1,development,1,1d:DNEWS_24H,TFIDF_ADABOOST,2018-10,0.3827586701484124,0,"{""learning_rate"":0.05,""n_estimators"":50}",183,2018-09-28 20:00:00+00:00
AAPL,2018-10-31,AAPL|2018-10-31 13:30:00+00:00,2018-10-31 13:30:00+00:00,2018-10-31 20:00:00+00:00,2018-10-31 13:25:00+00:00,1,development,1,1d:DNEWS_24H,TFIDF_ADABOOST,2018-10,0.3827586701484124,0,"{""learning_rate"":0.05,""n_estimators"":50}",183,2018-09-28 20:00:00+00:00
AAPL,2018-11-01,AAPL|2018-11-01 13:30:00+00:00,2018-11-01 13:30:00+00:00,2018-11-01 20:00:00+00:00,2018-11-01 13:25:00+00:00,0,later,1,1d:DNEWS_24H,TFIDF_ADABOOST,2018-11,0.4748361219840561,0,"{""learning_rate"":0.05,""n_estimators"":50}",206,2018-10-31 20:00:00+00:00
AAPL,2018-11-02,AAPL|2018-11-02 13:30:00+00:00,2018-11-02 13:30:00+00:00,2018-11-02 20:00:00+00:00,2018-11-02 13:25:00+00:00,0,later,1,1d:DNEWS_24H,TFIDF_ADABOOST,2018-11,0.30753695074455245,0,"{""learning_rate"":0.05,""n_estimators"":50}",206,2018-10-31 20:00:00+00:00
AAPL,2018-11-05,AAPL|2018-11-05 14:30:00+00:00,2018-11-05 14:30:00+00:00,2018-11-05 21:00:00+00:00,2018-11-05 14:25:00+00:00,0,later,1,1d:DNEWS_24H,TFIDF_ADABOOST,2018-11,0.30753695074455245,0,"{""learning_rate"":0.05,""n_estimators"":50}",206,2018-10-31 20:00:00+00:00
AAPL,2018-11-06,AAPL|2018-11-06 14:30:00+00:00,2018-11-06 14:30:00+00:00,2018-11-06 21:00:00+00:00,2018-11-06 14:25:00+00:00,1,later,1,1d:DNEWS_24H,TFIDF_ADABOOST,2018-11,0.30753695074455245,0,"{""learning_rate"":0.05,""n_estimators"":50}",206,2018-10-31 20:00:00+00:00
AAPL,2018-11-07,AAPL|2018-11-07 14:30:00+00:00,2018-11-07 14:30:00+00:00,2018-11-07 21:00:00+00:00,2018-11-07 14:25:00+00:00,1,later,1,1d:DNEWS_24H,TFIDF_ADABOOST,2018-11,0.6761932549737664,1,"{""learning_rate"":0.05,""n_estimators"":50}",206,2018-10-31 20:00:00+00:00
AAPL,2018-11-08,AAPL|2018-11-08 14:30:00+00:00,2018-11-08 14:30:00+00:00,2018-11-08 21:00:00+00:00,2018-11-08 14:25:00+00:00,0,later,1,1d:DNEWS_24H,TFIDF_ADABOOST,2018-11,0.43563150469401674,0,"{""learning_rate"":0.05,""n_estimators"":50}",206,2018-10-31 20:00:00+00:00
AAPL,2018-11-09,AAPL|2018-11-09 14:30:00+00:00,2018-11-09 14:30:00+00:00,2018-11-09 21:00:00+00:00,2018-11-09 14:25:00+00:00,0,later,1,1d:DNEWS_24H,TFIDF_ADABOOST,2018-11,0.7839915967868041,1,"{""learning_rate"":0.05,""n_estimators"":50}",206,2018-10-31 20:00:00+00:00
AAPL,2018-11-12,AAPL|2018-11-12 14:30:00+00:00,2018-11-12 14:30:00+00:00,2018-11-12 21:00:00+00:00,2018-11-12 14:25:00+00:00,0,later,1,1d:DNEWS_24H,TFIDF_ADABOOST,2018-11,0.43563150469401674,0,"{""learning_rate"":0.05,""n_estimators"":50}",206,2018-10-31 20:00:00+00:00
AAPL,2018-11-13,AAPL|2018-11-13 14:30:00+00:00,2018-11-13 14:30:00+00:00,2018-11-13 21:00:00+00:00,2018-11-13 14:25:00+00:00,1,later,1,1d:DNEWS_24H,TFIDF_ADABOOST,2018-11,0.30753695074455245,0,"{""learning_rate"":0.05,""n_estimators"":50}",206,2018-10-31 20:00:00+00:00
AAPL,2018-11-14,AAPL|2018-11-14 14:30:00+00:00,2018-11-14 14:30:00+00:00,2018-11-14 21:00:00+00:00,2018-11-14 14:25:00+00:00,0,later,1,1d:DNEWS_24H,TFIDF_ADABOOST,2018-11,0.30753695074455245,0,"{""learning_rate"":0.05,""n_estimators"":50}",206,2018-10-31 20:00:00+00:00
AAPL,2018-11-15,AAPL|2018-11-15 14:30:00+00:00,2018-11-15 14:30:00+00:00,2018-11-15 21:00:00+00:00,2018-11-15 14:25:00+00:00,1,later,1,1d:DNEWS_24H,TFIDF_ADABOOST,2018-11,0.30753695074455245,0,"{""learning_rate"":0.05,""n_estimators"":50}",206,2018-10-31 20:00:00+00:00
AAPL,2018-11-16,AAPL|2018-11-16 14:30:00+00:00,2018-11-16 14:30:00+00:00,2018-11-16 21:00:00+00:00,2018-11-16 14:25:00+00:00,1,later,1,1d:DNEWS_24H,TFIDF_ADABOOST,2018-11,0.30753695074455245,0,"{""learning_rate"":0.05,""n_estimators"":50}",206,2018-10-31 20:00:00+00:00
AAPL,2018-11-19,AAPL|2018-11-19 14:30:00+00:00,2018-11-19 14:30:00+00:00,2018-11-19 21:00:00+00:00,2018-11-19 14:25:00+00:00,0,later,1,1d:DNEWS_24H,TFIDF_ADABOOST,2018-11,0.6761932549737664,1,"{""learning_rate"":0.05,""n_estimators"":50}",206,2018-10-31 20:00:00+00:00
AAPL,2018-11-20,AAPL|2018-11-20 14:30:00+00:00,2018-11-20 14:30:00+00:00,2018-11-20 21:00:00+00:00,2018-11-20 14:25:00+00:00,0,later,1,1d:DNEWS_24H,TFIDF_ADABOOST,2018-11,0.7839915967868041,1,"{""learning_rate"":0.05,""n_estimators"":50}",206,2018-10-31 20:00:00+00:00
AAPL,2018-11-21,AAPL|2018-11-21 14:30:00+00:00,2018-11-21 14:30:00+00:00,2018-11-21 21:00:00+00:00,2018-11-21 14:25:00+00:00,0,later,1,1d:DNEWS_24H,TFIDF_ADABOOST,2018-11,0.43563150469401674,0,"{""learning_rate"":0.05,""n_estimators"":50}",206,2018-10-31 20:00:00+00:00
AAPL,2018-11-23,AAPL|2018-11-23 14:30:00+00:00,2018-11-23 14:30:00+00:00,2018-11-23 18:00:00+00:00,2018-11-23 14:25:00+00:00,0,later,1,1d:DNEWS_24H,TFIDF_ADABOOST,2018-11,0.6761932549737664,1,"{""learning_rate"":0.05,""n_estimators"":50}",206,2018-10-31 20:00:00+00:00
AAPL,2018-11-26,AAPL|2018-11-26 14:30:00+00:00,2018-11-26 14:30:00+00:00,2018-11-26 21:00:00+00:00,2018-11-26 14:25:00+00:00,0,later,1,1d:DNEWS_24H,TFIDF_ADABOOST,2018-11,0.30753695074455245,0,"{""learning_rate"":0.05,""n_estimators"":50}",206,2018-10-31 20:00:00+00:00
AAPL,2018-11-27,AAPL|2018-11-27 14:30:00+00:00,2018-11-27 14:30:00+00:00,2018-11-27 21:00:00+00:00,2018-11-27 14:25:00+00:00,1,later,1,1d:DNEWS_24H,TFIDF_ADABOOST,2018-11,0.30753695074455245,0,"{""learning_rate"":0.05,""n_estimators"":50}",206,2018-10-31 20:00:00+00:00
AAPL,2018-11-28,AAPL|2018-11-28 14:30:00+00:00,2018-11-28 14:30:00+00:00,2018-11-28 21:00:00+00:00,2018-11-28 14:25:00+00:00,1,later,1,1d:DNEWS_24H,TFIDF_ADABOOST,2018-11,0.30753695074455245,0,"{""learning_rate"":0.05,""n_estimators"":50}",206,2018-10-31 20:00:00+00:00
AAPL,2018-11-29,AAPL|2018-11-29 14:30:00+00:00,2018-11-29 14:30:00+00:00,2018-11-29 21:00:00+00:00,2018-11-29 14:25:00+00:00,0,later,1,1d:DNEWS_24H,TFIDF_ADABOOST,2018-11,0.43563150469401674,0,"{""learning_rate"":0.05,""n_estimators"":50}",206,2018-10-31 20:00:00+00:00
AAPL,2018-11-30,AAPL|2018-11-30 14:30:00+00:00,2018-11-30 14:30:00+00:00,2018-11-30 21:00:00+00:00,2018-11-30 14:25:00+00:00,0,later,1,1d:DNEWS_24H,TFIDF_ADABOOST,2018-11,0.8095750076913499,1,"{""learning_rate"":0.05,""n_estimators"":50}",206,2018-10-31 20:00:00+00:00
AAPL,2018-12-03,AAPL|2018-12-03 14:30:00+00:00,2018-12-03 14:30:00+00:00,2018-12-03 21:00:00+00:00,2018-12-03 14:25:00+00:00,0,later,1,1d:DNEWS_24H,TFIDF_ADABOOST,2018-12,0.4155232197419396,0,"{""learning_rate"":0.05,""n_estimators"":50}",227,2018-11-30 21:00:00+00:00
AAPL,2018-12-04,AAPL|2018-12-04 14:30:00+00:00,2018-12-04 14:30:00+00:00,2018-12-04 21:00:00+00:00,2018-12-04 14:25:00+00:00,0,later,1,1d:DNEWS_24H,TFIDF_ADABOOST,2018-12,0.4011256234812203,0,"{""learning_rate"":0.05,""n_estimators"":50}",227,2018-11-30 21:00:00+00:00
AAPL,2018-12-06,AAPL|2018-12-06 14:30:00+00:00,2018-12-06 14:30:00+00:00,2018-12-06 21:00:00+00:00,2018-12-06 14:25:00+00:00,1,later,1,1d:DNEWS_24H,TFIDF_ADABOOST,2018-12,0.5667307948274657,1,"{""learning_rate"":0.05,""n_estimators"":50}",227,2018-11-30 21:00:00+00:00
AAPL,2018-12-07,AAPL|2018-12-07 14:30:00+00:00,2018-12-07 14:30:00+00:00,2018-12-07 21:00:00+00:00,2018-12-07 14:25:00+00:00,0,later,1,1d:DNEWS_24H,TFIDF_ADABOOST,2018-12,0.4860675117574997,0,"{""learning_rate"":0.05,""n_estimators"":50}",227,2018-11-30 21:00:00+00:00
AAPL,2018-12-10,AAPL|2018-12-10 14:30:00+00:00,2018-12-10 14:30:00+00:00,2018-12-10 21:00:00+00:00,2018-12-10 14:25:00+00:00,1,later,1,1d:DNEWS_24H,TFIDF_ADABOOST,2018-12,0.7031079240453417,1,"{""learning_rate"":0.05,""n_estimators"":50}",227,2018-11-30 21:00:00+00:00
AAPL,2018-12-11,AAPL|2018-12-11 14:30:00+00:00,2018-12-11 14:30:00+00:00,2018-12-11 21:00:00+00:00,2018-12-11 14:25:00+00:00,0,later,1,1d:DNEWS_24H,TFIDF_ADABOOST,2018-12,0.4706750567774419,0,"{""learning_rate"":0.05,""n_estimators"":50}",227,2018-11-30 21:00:00+00:00
AAPL,2018-12-12,AAPL|2018-12-12 14:30:00+00:00,2018-12-12 14:30:00+00:00,2018-12-12 21:00:00+00:00,2018-12-12 14:25:00+00:00,0,later,1,1d:DNEWS_24H,TFIDF_ADABOOST,2018-12,0.5705586620228089,1,"{""learning_rate"":0.05,""n_estimators"":50}",227,2018-11-30 21:00:00+00:00
AAPL,2018-12-13,AAPL|2018-12-13 14:30:00+00:00,2018-12-13 14:30:00+00:00,2018-12-13 21:00:00+00:00,2018-12-13 14:25:00+00:00,1,later,1,1d:DNEWS_24H,TFIDF_ADABOOST,2018-12,0.5705586620228089,1,"{""learning_rate"":0.05,""n_estimators"":50}",227,2018-11-30 21:00:00+00:00
AAPL,2018-12-14,AAPL|2018-12-14 14:30:00+00:00,2018-12-14 14:30:00+00:00,2018-12-14 21:00:00+00:00,2018-12-14 14:25:00+00:00,0,later,1,1d:DNEWS_24H,TFIDF_ADABOOST,2018-12,0.5407327848366199,1,"{""learning_rate"":0.05,""n_estimators"":50}",227,2018-11-30 21:00:00+00:00
AAPL,2018-12-17,AAPL|2018-12-17 14:30:00+00:00,2018-12-17 14:30:00+00:00,2018-12-17 21:00:00+00:00,2018-12-17 14:25:00+00:00,0,later,1,1d:DNEWS_24H,TFIDF_ADABOOST,2018-12,0.4155232197419396,0,"{""learning_rate"":0.05,""n_estimators"":50}",227,2018-11-30 21:00:00+00:00
AAPL,2018-12-18,AAPL|2018-12-18 14:30:00+00:00,2018-12-18 14:30:00+00:00,2018-12-18 21:00:00+00:00,2018-12-18 14:25:00+00:00,0,later,1,1d:DNEWS_24H,TFIDF_ADABOOST,2018-12,0.7064064465656863,1,"{""learning_rate"":0.05,""n_estimators"":50}",227,2018-11-30 21:00:00+00:00
AAPL,2018-12-19,AAPL|2018-12-19 14:30:00+00:00,2018-12-19 14:30:00+00:00,2018-12-19 21:00:00+00:00,2018-12-19 14:25:00+00:00,0,later,1,1d:DNEWS_24H,TFIDF_ADABOOST,2018-12,0.5352538808273315,1,"{""learning_rate"":0.05,""n_estimators"":50}",227,2018-11-30 21:00:00+00:00
AAPL,2018-12-20,AAPL|2018-12-20 14:30:00+00:00,2018-12-20 14:30:00+00:00,2018-12-20 21:00:00+00:00,2018-12-20 14:25:00+00:00,0,later,1,1d:DNEWS_24H,TFIDF_ADABOOST,2018-12,0.5879129291750412,1,"{""learning_rate"":0.05,""n_estimators"":50}",227,2018-11-30 21:00:00+00:00
AAPL,2018-12-21,AAPL|2018-12-21 14:30:00+00:00,2018-12-21 14:30:00+00:00,2018-12-21 21:00:00+00:00,2018-12-21 14:25:00+00:00,0,later,1,1d:DNEWS_24H,TFIDF_ADABOOST,2018-12,0.4155232197419396,0,"{""learning_rate"":0.05,""n_estimators"":50}",227,2018-11-30 21:00:00+00:00
AAPL,2018-12-24,AAPL|2018-12-24 14:30:00+00:00,2018-12-24 14:30:00+00:00,2018-12-24 18:00:00+00:00,2018-12-24 14:25:00+00:00,0,later,1,1d:DNEWS_24H,TFIDF_ADABOOST,2018-12,0.4155232197419396,0,"{""learning_rate"":0.05,""n_estimators"":50}",227,2018-11-30 21:00:00+00:00
AAPL,2018-12-26,AAPL|2018-12-26 14:30:00+00:00,2018-12-26 14:30:00+00:00,2018-12-26 21:00:00+00:00,2018-12-26 14:25:00+00:00,1,later,1,1d:DNEWS_24H,TFIDF_ADABOOST,2018-12,0.4759854394437793,0,"{""learning_rate"":0.05,""n_estimators"":50}",227,2018-11-30 21:00:00+00:00
AAPL,2018-12-27,AAPL|2018-12-27 14:30:00+00:00,2018-12-27 14:30:00+00:00,2018-12-27 21:00:00+00:00,2018-12-27 14:25:00+00:00,1,later,1,1d:DNEWS_24H,TFIDF_ADABOOST,2018-12,0.4155232197419396,0,"{""learning_rate"":0.05,""n_estimators"":50}",227,2018-11-30 21:00:00+00:00
AAPL,2018-12-28,AAPL|2018-12-28 14:30:00+00:00,2018-12-28 14:30:00+00:00,2018-12-28 21:00:00+00:00,2018-12-28 14:25:00+00:00,0,later,1,1d:DNEWS_24H,TFIDF_ADABOOST,2018-12,0.5667307948274657,1,"{""learning_rate"":0.05,""n_estimators"":50}",227,2018-11-30 21:00:00+00:00
AAPL,2018-12-31,AAPL|2018-12-31 14:30:00+00:00,2018-12-31 14:30:00+00:00,2018-12-31 21:00:00+00:00,2018-12-31 14:25:00+00:00,1,later,1,1d:DNEWS_24H,TFIDF_ADABOOST,2018-12,0.4759854394437793,0,"{""learning_rate"":0.05,""n_estimators"":50}",227,2018-11-30 21:00:00+00:00
AAPL,2019-01-02,AAPL|2019-01-02 14:30:00+00:00,2019-01-02 14:30:00+00:00,2019-01-02 21:00:00+00:00,2019-01-02 14:25:00+00:00,0,later,1,1d:DNEWS_24H,TFIDF_ADABOOST,2019-01,0.5121105816809688,1,"{""learning_rate"":0.05,""n_estimators"":50}",246,2018-12-31 21:00:00+00:00
AAPL,2019-01-03,AAPL|2019-01-03 14:30:00+00:00,2019-01-03 14:30:00+00:00,2019-01-03 21:00:00+00:00,2019-01-03 14:25:00+00:00,0,later,1,1d:DNEWS_24H,TFIDF_ADABOOST,2019-01,0.4232552709975382,0,"{""learning_rate"":0.05,""n_estimators"":50}",246,2018-12-31 21:00:00+00:00
AAPL,2019-01-04,AAPL|2019-01-04 14:30:00+00:00,2019-01-04 14:30:00+00:00,2019-01-04 21:00:00+00:00,2019-01-04 14:25:00+00:00,1,later,1,1d:DNEWS_24H,TFIDF_ADABOOST,2019-01,0.4232552709975382,0,"{""learning_rate"":0.05,""n_estimators"":50}",246,2018-12-31 21:00:00+00:00
AAPL,2019-01-07,AAPL|2019-01-07 14:30:00+00:00,2019-01-07 14:30:00+00:00,2019-01-07 21:00:00+00:00,2019-01-07 14:25:00+00:00,0,later,1,1d:DNEWS_24H,TFIDF_ADABOOST,2019-01,0.4232552709975382,0,"{""learning_rate"":0.05,""n_estimators"":50}",246,2018-12-31 21:00:00+00:00
AAPL,2019-01-08,AAPL|2019-01-08 14:30:00+00:00,2019-01-08 14:30:00+00:00,2019-01-08 21:00:00+00:00,2019-01-08 14:25:00+00:00,1,later,1,1d:DNEWS_24H,TFIDF_ADABOOST,2019-01,0.27729079764369735,0,"{""learning_rate"":0.05,""n_estimators"":50}",246,2018-12-31 21:00:00+00:00
AAPL,2019-01-09,AAPL|2019-01-09 14:30:00+00:00,2019-01-09 14:30:00+00:00,2019-01-09 21:00:00+00:00,2019-01-09 14:25:00+00:00,1,later,1,1d:DNEWS_24H,TFIDF_ADABOOST,2019-01,0.27729079764369735,0,"{""learning_rate"":0.05,""n_estimators"":50}",246,2018-12-31 21:00:00+00:00
AAPL,2019-01-10,AAPL|2019-01-10 14:30:00+00:00,2019-01-10 14:30:00+00:00,2019-01-10 21:00:00+00:00,2019-01-10 14:25:00+00:00,1,later,1,1d:DNEWS_24H,TFIDF_ADABOOST,2019-01,0.27729079764369735,0,"{""learning_rate"":0.05,""n_estimators"":50}",246,2018-12-31 21:00:00+00:00
AAPL,2019-01-11,AAPL|2019-01-11 14:30:00+00:00,2019-01-11 14:30:00+00:00,2019-01-11 21:00:00+00:00,2019-01-11 14:25:00+00:00,0,later,1,1d:DNEWS_24H,TFIDF_ADABOOST,2019-01,0.8186405646362283,1,"{""learning_rate"":0.05,""n_estimators"":50}",246,2018-12-31 21:00:00+00:00
AAPL,2019-01-14,AAPL|2019-01-14 14:30:00+00:00,2019-01-14 14:30:00+00:00,2019-01-14 21:00:00+00:00,2019-01-14 14:25:00+00:00,0,later,1,1d:DNEWS_24H,TFIDF_ADABOOST,2019-01,0.6323173148533605,1,"{""learning_rate"":0.05,""n_estimators"":50}",246,2018-12-31 21:00:00+00:00
AAPL,2019-01-15,AAPL|2019-01-15 14:30:00+00:00,2019-01-15 14:30:00+00:00,2019-01-15 21:00:00+00:00,2019-01-15 14:25:00+00:00,1,later,1,1d:DNEWS_24H,TFIDF_ADABOOST,2019-01,0.20562784253385374,0,"{""learning_rate"":0.05,""n_estimators"":50}",246,2018-12-31 21:00:00+00:00
AAPL,2019-01-16,AAPL|2019-01-16 14:30:00+00:00,2019-01-16 14:30:00+00:00,2019-01-16 21:00:00+00:00,2019-01-16 14:25:00+00:00,1,later,1,1d:DNEWS_24H,TFIDF_ADABOOST,2019-01,0.32874907092596295,0,"{""learning_rate"":0.05,""n_estimators"":50}",246,2018-12-31 21:00:00+00:00
AAPL,2019-01-17,AAPL|2019-01-17 14:30:00+00:00,2019-01-17 14:30:00+00:00,2019-01-17 21:00:00+00:00,2019-01-17 14:25:00+00:00,1,later,1,1d:DNEWS_24H,TFIDF_ADABOOST,2019-01,0.49759335697189777,0,"{""learning_rate"":0.05,""n_estimators"":50}",246,2018-12-31 21:00:00+00:00
AAPL,2019-01-18,AAPL|2019-01-18 14:30:00+00:00,2019-01-18 14:30:00+00:00,2019-01-18 21:00:00+00:00,2019-01-18 14:25:00+00:00,0,later,1,1d:DNEWS_24H,TFIDF_ADABOOST,2019-01,0.5861930084211782,1,"{""learning_rate"":0.05,""n_estimators"":50}",246,2018-12-31 21:00:00+00:00
AAPL,2019-01-22,AAPL|2019-01-22 14:30:00+00:00,2019-01-22 14:30:00+00:00,2019-01-22 21:00:00+00:00,2019-01-22 14:25:00+00:00,0,later,1,1d:DNEWS_24H,TFIDF_ADABOOST,2019-01,0.6323173148533605,1,"{""learning_rate"":0.05,""n_estimators"":50}",246,2018-12-31 21:00:00+00:00
AAPL,2019-01-23,AAPL|2019-01-23 14:30:00+00:00,2019-01-23 14:30:00+00:00,2019-01-23 21:00:00+00:00,2019-01-23 14:25:00+00:00,0,later,1,1d:DNEWS_24H,TFIDF_ADABOOST,2019-01,0.3859849838954246,0,"{""learning_rate"":0.05,""n_estimators"":50}",246,2018-12-31 21:00:00+00:00
AAPL,2019-01-24,AAPL|2019-01-24 14:30:00+00:00,2019-01-24 14:30:00+00:00,2019-01-24 21:00:00+00:00,2019-01-24 14:25:00+00:00,0,later,1,1d:DNEWS_24H,TFIDF_ADABOOST,2019-01,0.49759335697189777,0,"{""learning_rate"":0.05,""n_estimators"":50}",246,2018-12-31 21:00:00+00:00
AAPL,2019-01-25,AAPL|2019-01-25 14:30:00+00:00,2019-01-25 14:30:00+00:00,2019-01-25 21:00:00+00:00,2019-01-25 14:25:00+00:00,1,later,1,1d:DNEWS_24H,TFIDF_ADABOOST,2019-01,0.5861930084211782,1,"{""learning_rate"":0.05,""n_estimators"":50}",246,2018-12-31 21:00:00+00:00
AAPL,2019-01-28,AAPL|2019-01-28 14:30:00+00:00,2019-01-28 14:30:00+00:00,2019-01-28 21:00:00+00:00,2019-01-28 14:25:00+00:00,0,later,1,1d:DNEWS_24H,TFIDF_ADABOOST,2019-01,0.5121105816809688,1,"{""learning_rate"":0.05,""n_estimators"":50}",246,2018-12-31 21:00:00+00:00
AAPL,2019-01-29,AAPL|2019-01-29 14:30:00+00:00,2019-01-29 14:30:00+00:00,2019-01-29 21:00:00+00:00,2019-01-29 14:25:00+00:00,1,later,1,1d:DNEWS_24H,TFIDF_ADABOOST,2019-01,0.44271011960228734,0,"{""learning_rate"":0.05,""n_estimators"":50}",246,2018-12-31 21:00:00+00:00
AAPL,2019-01-30,AAPL|2019-01-30 14:30:00+00:00,2019-01-30 14:30:00+00:00,2019-01-30 21:00:00+00:00,2019-01-30 14:25:00+00:00,1,later,1,1d:DNEWS_24H,TFIDF_ADABOOST,2019-01,0.4232552709975382,0,"{""learning_rate"":0.05,""n_estimators"":50}",246,2018-12-31 21:00:00+00:00
AAPL,2019-01-31,AAPL|2019-01-31 14:30:00+00:00,2019-01-31 14:30:00+00:00,2019-01-31 21:00:00+00:00,2019-01-31 14:25:00+00:00,1,later,1,1d:DNEWS_24H,TFIDF_ADABOOST,2019-01,0.4232552709975382,0,"{""learning_rate"":0.05,""n_estimators"":50}",246,2018-12-31 21:00:00+00:00
AAPL,2019-02-01,AAPL|2019-02-01 14:30:00+00:00,2019-02-01 14:30:00+00:00,2019-02-01 21:00:00+00:00,2019-02-01 14:25:00+00:00,1,later,1,1d:DNEWS_24H,TFIDF_ADABOOST,2019-02,0.518212040559595,1,"{""learning_rate"":0.05,""n_estimators"":50}",267,2019-01-31 21:00:00+00:00
AMZN,2018-09-04,AMZN|2018-09-04 13:30:00+00:00,2018-09-04 13:30:00+00:00,2018-09-04 20:00:00+00:00,2018-09-04 13:25:00+00:00,1,development,1,1d:DNEWS_24H,TFIDF_ADABOOST,2018-09,0.6934779428927346,1,"{""learning_rate"":0.1,""n_estimators"":100}",164,2018-08-31 20:00:00+00:00
AMZN,2018-09-05,AMZN|2018-09-05 13:30:00+00:00,2018-09-05 13:30:00+00:00,2018-09-05 20:00:00+00:00,2018-09-05 13:25:00+00:00,0,development,1,1d:DNEWS_24H,TFIDF_ADABOOST,2018-09,0.6114794392503426,1,"{""learning_rate"":0.1,""n_estimators"":100}",164,2018-08-31 20:00:00+00:00
AMZN,2018-09-06,AMZN|2018-09-06 13:30:00+00:00,2018-09-06 13:30:00+00:00,2018-09-06 20:00:00+00:00,2018-09-06 13:25:00+00:00,0,development,1,1d:DNEWS_24H,TFIDF_ADABOOST,2018-09,0.6009437935348604,1,"{""learning_rate"":0.1,""n_estimators"":100}",164,2018-08-31 20:00:00+00:00
AMZN,2018-09-07,AMZN|2018-09-07 13:30:00+00:00,2018-09-07 13:30:00+00:00,2018-09-07 20:00:00+00:00,2018-09-07 13:25:00+00:00,1,development,1,1d:DNEWS_24H,TFIDF_ADABOOST,2018-09,0.6114794392503426,1,"{""learning_rate"":0.1,""n_estimators"":100}",164,2018-08-31 20:00:00+00:00
AMZN,2018-09-10,AMZN|2018-09-10 13:30:00+00:00,2018-09-10 13:30:00+00:00,2018-09-10 20:00:00+00:00,2018-09-10 13:25:00+00:00,0,development,1,1d:DNEWS_24H,TFIDF_ADABOOST,2018-09,0.5748590879678382,1,"{""learning_rate"":0.1,""n_estimators"":100}",164,2018-08-31 20:00:00+00:00
AMZN,2018-09-11,AMZN|2018-09-11 13:30:00+00:00,2018-09-11 13:30:00+00:00,2018-09-11 20:00:00+00:00,2018-09-11 13:25:00+00:00,1,development,1,1d:DNEWS_24H,TFIDF_ADABOOST,2018-09,0.3686497800266334,0,"{""learning_rate"":0.1,""n_estimators"":100}",164,2018-08-31 20:00:00+00:00
AMZN,2018-09-12,AMZN|2018-09-12 13:30:00+00:00,2018-09-12 13:30:00+00:00,2018-09-12 20:00:00+00:00,2018-09-12 13:25:00+00:00,0,development,1,1d:DNEWS_24H,TFIDF_ADABOOST,2018-09,0.6009437935348604,1,"{""learning_rate"":0.1,""n_estimators"":100}",164,2018-08-31 20:00:00+00:00
AMZN,2018-09-13,AMZN|2018-09-13 13:30:00+00:00,2018-09-13 13:30:00+00:00,2018-09-13 20:00:00+00:00,2018-09-13 13:25:00+00:00,0,development,1,1d:DNEWS_24H,TFIDF_ADABOOST,2018-09,0.5591842625163849,1,"{""learning_rate"":0.1,""n_estimators"":100}",164,2018-08-31 20:00:00+00:00
AMZN,2018-09-14,AMZN|2018-09-14 13:30:00+00:00,2018-09-14 13:30:00+00:00,2018-09-14 20:00:00+00:00,2018-09-14 13:25:00+00:00,0,development,1,1d:DNEWS_24H,TFIDF_ADABOOST,2018-09,0.6114794392503426,1,"{""learning_rate"":0.1,""n_estimators"":100}",164,2018-08-31 20:00:00+00:00
AMZN,2018-09-17,AMZN|2018-09-17 13:30:00+00:00,2018-09-17 13:30:00+00:00,2018-09-17 20:00:00+00:00,2018-09-17 13:25:00+00:00,0,development,1,1d:DNEWS_24H,TFIDF_ADABOOST,2018-09,0.5954701888926809,1,"{""learning_rate"":0.1,""n_estimators"":100}",164,2018-08-31 20:00:00+00:00
AMZN,2018-09-18,AMZN|2018-09-18 13:30:00+00:00,2018-09-18 13:30:00+00:00,2018-09-18 20:00:00+00:00,2018-09-18 13:25:00+00:00,1,development,1,1d:DNEWS_24H,TFIDF_ADABOOST,2018-09,0.45770737450069215,0,"{""learning_rate"":0.1,""n_estimators"":100}",164,2018-08-31 20:00:00+00:00
AMZN,2018-09-19,AMZN|2018-09-19 13:30:00+00:00,2018-09-19 13:30:00+00:00,2018-09-19 20:00:00+00:00,2018-09-19 13:25:00+00:00,0,development,1,1d:DNEWS_24H,TFIDF_ADABOOST,2018-09,0.6114794392503426,1,"{""learning_rate"":0.1,""n_estimators"":100}",164,2018-08-31 20:00:00+00:00
AMZN,2018-09-20,AMZN|2018-09-20 13:30:00+00:00,2018-09-20 13:30:00+00:00,2018-09-20 20:00:00+00:00,2018-09-20 13:25:00+00:00,1,development,1,1d:DNEWS_24H,TFIDF_ADABOOST,2018-09,0.45770737450069215,0,"{""learning_rate"":0.1,""n_estimators"":100}",164,2018-08-31 20:00:00+00:00
AMZN,2018-09-21,AMZN|2018-09-21 13:30:00+00:00,2018-09-21 13:30:00+00:00,2018-09-21 20:00:00+00:00,2018-09-21 13:25:00+00:00,0,development,1,1d:DNEWS_24H,TFIDF_ADABOOST,2018-09,0.45770737450069215,0,"{""learning_rate"":0.1,""n_estimators"":100}",164,2018-08-31 20:00:00+00:00
AMZN,2018-09-24,AMZN|2018-09-24 13:30:00+00:00,2018-09-24 13:30:00+00:00,2018-09-24 20:00:00+00:00,2018-09-24 13:25:00+00:00,1,development,1,1d:DNEWS_24H,TFIDF_ADABOOST,2018-09,0.6114794392503426,1,"{""learning_rate"":0.1,""n_estimators"":100}",164,2018-08-31 20:00:00+00:00
AMZN,2018-09-25,AMZN|2018-09-25 13:30:00+00:00,2018-09-25 13:30:00+00:00,2018-09-25 20:00:00+00:00,2018-09-25 13:25:00+00:00,1,development,1,1d:DNEWS_24H,TFIDF_ADABOOST,2018-09,0.6250639725947535,1,"{""learning_rate"":0.1,""n_estimators"":100}",164,2018-08-31 20:00:00+00:00
AMZN,2018-09-26,AMZN|2018-09-26 13:30:00+00:00,2018-09-26 13:30:00+00:00,2018-09-26 20:00:00+00:00,2018-09-26 13:25:00+00:00,0,development,1,1d:DNEWS_24H,TFIDF_ADABOOST,2018-09,0.45770737450069215,0,"{""learning_rate"":0.1,""n_estimators"":100}",164,2018-08-31 20:00:00+00:00
AMZN,2018-09-27,AMZN|2018-09-27 13:30:00+00:00,2018-09-27 13:30:00+00:00,2018-09-27 20:00:00+00:00,2018-09-27 13:25:00+00:00,1,development,1,1d:DNEWS_24H,TFIDF_ADABOOST,2018-09,0.3686497800266334,0,"{""learning_rate"":0.1,""n_estimators"":100}",164,2018-08-31 20:00:00+00:00
AMZN,2018-09-28,AMZN|2018-09-28 13:30:00+00:00,2018-09-28 13:30:00+00:00,2018-09-28 20:00:00+00:00,2018-09-28 13:25:00+00:00,1,development,1,1d:DNEWS_24H,TFIDF_ADABOOST,2018-09,0.7374022354269224,1,"{""learning_rate"":0.1,""n_estimators"":100}",164,2018-08-31 20:00:00+00:00
AMZN,2018-10-01,AMZN|2018-10-01 13:30:00+00:00,2018-10-01 13:30:00+00:00,2018-10-01 20:00:00+00:00,2018-10-01 13:25:00+00:00,0,development,1,1d:DNEWS_24H,TFIDF_ADABOOST,2018-10,0.5837026891052992,1,"{""learning_rate"":0.1,""n_estimators"":100}",183,2018-09-28 20:00:00+00:00
AMZN,2018-10-02,AMZN|2018-10-02 13:30:00+00:00,2018-10-02 13:30:00+00:00,2018-10-02 20:00:00+00:00,2018-10-02 13:25:00+00:00,0,development,1,1d:DNEWS_24H,TFIDF_ADABOOST,2018-10,0.5294818669431913,1,"{""learning_rate"":0.1,""n_estimators"":100}",183,2018-09-28 20:00:00+00:00
AMZN,2018-10-03,AMZN|2018-10-03 13:30:00+00:00,2018-10-03 13:30:00+00:00,2018-10-03 20:00:00+00:00,2018-10-03 13:25:00+00:00,0,development,1,1d:DNEWS_24H,TFIDF_ADABOOST,2018-10,0.39067281465296955,0,"{""learning_rate"":0.1,""n_estimators"":100}",183,2018-09-28 20:00:00+00:00
AMZN,2018-10-04,AMZN|2018-10-04 13:30:00+00:00,2018-10-04 13:30:00+00:00,2018-10-04 20:00:00+00:00,2018-10-04 13:25:00+00:00,0,development,1,1d:DNEWS_24H,TFIDF_ADABOOST,2018-10,0.4312465278007704,0,"{""learning_rate"":0.1,""n_estimators"":100}",183,2018-09-28 20:00:00+00:00
AMZN,2018-10-05,AMZN|2018-10-05 13:30:00+00:00,2018-10-05 13:30:00+00:00,2018-10-05 20:00:00+00:00,2018-10-05 13:25:00+00:00,0,development,1,1d:DNEWS_24H,TFIDF_ADABOOST,2018-10,0.6733597438510708,1,"{""learning_rate"":0.1,""n_estimators"":100}",183,2018-09-28 20:00:00+00:00
AMZN,2018-10-08,AMZN|2018-10-08 13:30:00+00:00,2018-10-08 13:30:00+00:00,2018-10-08 20:00:00+00:00,2018-10-08 13:25:00+00:00,0,development,1,1d:DNEWS_24H,TFIDF_ADABOOST,2018-10,0.5271385702365834,1,"{""learning_rate"":0.1,""n_estimators"":100}",183,2018-09-28 20:00:00+00:00
AMZN,2018-10-09,AMZN|2018-10-09 13:30:00+00:00,2018-10-09 13:30:00+00:00,2018-10-09 20:00:00+00:00,2018-10-09 13:25:00+00:00,1,development,1,1d:DNEWS_24H,TFIDF_ADABOOST,2018-10,0.4858381080234559,0,"{""learning_rate"":0.1,""n_estimators"":100}",183,2018-09-28 20:00:00+00:00
AMZN,2018-10-10,AMZN|2018-10-10 13:30:00+00:00,2018-10-10 13:30:00+00:00,2018-10-10 20:00:00+00:00,2018-10-10 13:25:00+00:00,0,development,1,1d:DNEWS_24H,TFIDF_ADABOOST,2018-10,0.5754404747317478,1,"{""learning_rate"":0.1,""n_estimators"":100}",183,2018-09-28 20:00:00+00:00
AMZN,2018-10-11,AMZN|2018-10-11 13:30:00+00:00,2018-10-11 13:30:00+00:00,2018-10-11 20:00:00+00:00,2018-10-11 13:25:00+00:00,1,development,1,1d:DNEWS_24H,TFIDF_ADABOOST,2018-10,0.7416674468943005,1,"{""learning_rate"":0.1,""n_estimators"":100}",183,2018-09-28 20:00:00+00:00
AMZN,2018-10-12,AMZN|2018-10-12 13:30:00+00:00,2018-10-12 13:30:00+00:00,2018-10-12 20:00:00+00:00,2018-10-12 13:25:00+00:00,0,development,0,1d:DNEWS_24H,TFIDF_ADABOOST,2018-10,0.6566024087813394,1,"{""learning_rate"":0.1,""n_estimators"":100}",183,2018-09-28 20:00:00+00:00
AMZN,2018-10-15,AMZN|2018-10-15 13:30:00+00:00,2018-10-15 13:30:00+00:00,2018-10-15 20:00:00+00:00,2018-10-15 13:25:00+00:00,0,development,0,1d:DNEWS_24H,TFIDF_ADABOOST,2018-10,0.6566024087813394,1,"{""learning_rate"":0.1,""n_estimators"":100}",183,2018-09-28 20:00:00+00:00
AMZN,2018-10-16,AMZN|2018-10-16 13:30:00+00:00,2018-10-16 13:30:00+00:00,2018-10-16 20:00:00+00:00,2018-10-16 13:25:00+00:00,1,development,1,1d:DNEWS_24H,TFIDF_ADABOOST,2018-10,0.4870110707026527,0,"{""learning_rate"":0.1,""n_estimators"":100}",183,2018-09-28 20:00:00+00:00
AMZN,2018-10-17,AMZN|2018-10-17 13:30:00+00:00,2018-10-17 13:30:00+00:00,2018-10-17 20:00:00+00:00,2018-10-17 13:25:00+00:00,1,development,1,1d:DNEWS_24H,TFIDF_ADABOOST,2018-10,0.6298185551498952,1,"{""learning_rate"":0.1,""n_estimators"":100}",183,2018-09-28 20:00:00+00:00
AMZN,2018-10-18,AMZN|2018-10-18 13:30:00+00:00,2018-10-18 13:30:00+00:00,2018-10-18 20:00:00+00:00,2018-10-18 13:25:00+00:00,0,development,1,1d:DNEWS_24H,TFIDF_ADABOOST,2018-10,0.5653150107843451,1,"{""learning_rate"":0.1,""n_estimators"":100}",183,2018-09-28 20:00:00+00:00
AMZN,2018-10-19,AMZN|2018-10-19 13:30:00+00:00,2018-10-19 13:30:00+00:00,2018-10-19 20:00:00+00:00,2018-10-19 13:25:00+00:00,0,development,1,1d:DNEWS_24H,TFIDF_ADABOOST,2018-10,0.5696856856178143,1,"{""learning_rate"":0.1,""n_estimators"":100}",183,2018-09-28 20:00:00+00:00
AMZN,2018-10-22,AMZN|2018-10-22 13:30:00+00:00,2018-10-22 13:30:00+00:00,2018-10-22 20:00:00+00:00,2018-10-22 13:25:00+00:00,1,development,1,1d:DNEWS_24H,TFIDF_ADABOOST,2018-10,0.4312465278007704,0,"{""learning_rate"":0.1,""n_estimators"":100}",183,2018-09-28 20:00:00+00:00
AMZN,2018-10-23,AMZN|2018-10-23 13:30:00+00:00,2018-10-23 13:30:00+00:00,2018-10-23 20:00:00+00:00,2018-10-23 13:25:00+00:00,1,development,1,1d:DNEWS_24H,TFIDF_ADABOOST,2018-10,0.5837026891052992,1,"{""learning_rate"":0.1,""n_estimators"":100}",183,2018-09-28 20:00:00+00:00
AMZN,2018-10-24,AMZN|2018-10-24 13:30:00+00:00,2018-10-24 13:30:00+00:00,2018-10-24 20:00:00+00:00,2018-10-24 13:25:00+00:00,0,development,1,1d:DNEWS_24H,TFIDF_ADABOOST,2018-10,0.61134799335178,1,"{""learning_rate"":0.1,""n_estimators"":100}",183,2018-09-28 20:00:00+00:00
AMZN,2018-10-25,AMZN|2018-10-25 13:30:00+00:00,2018-10-25 13:30:00+00:00,2018-10-25 20:00:00+00:00,2018-10-25 13:25:00+00:00,0,development,0,1d:DNEWS_24H,TFIDF_ADABOOST,2018-10,0.6566024087813394,1,"{""learning_rate"":0.1,""n_estimators"":100}",183,2018-09-28 20:00:00+00:00
AMZN,2018-10-26,AMZN|2018-10-26 13:30:00+00:00,2018-10-26 13:30:00+00:00,2018-10-26 20:00:00+00:00,2018-10-26 13:25:00+00:00,1,development,1,1d:DNEWS_24H,TFIDF_ADABOOST,2018-10,0.6733597438510708,1,"{""learning_rate"":0.1,""n_estimators"":100}",183,2018-09-28 20:00:00+00:00
AMZN,2018-10-29,AMZN|2018-10-29 13:30:00+00:00,2018-10-29 13:30:00+00:00,2018-10-29 20:00:00+00:00,2018-10-29 13:25:00+00:00,0,development,1,1d:DNEWS_24H,TFIDF_ADABOOST,2018-10,0.6848287976594317,1,"{""learning_rate"":0.1,""n_estimators"":100}",183,2018-09-28 20:00:00+00:00
AMZN,2018-10-30,AMZN|2018-10-30 13:30:00+00:00,2018-10-30 13:30:00+00:00,2018-10-30 20:00:00+00:00,2018-10-30 13:25:00+00:00,1,development,1,1d:DNEWS_24H,TFIDF_ADABOOST,2018-10,0.6522242525281541,1,"{""learning_rate"":0.1,""n_estimators"":100}",183,2018-09-28 20:00:00+00:00
AMZN,2018-10-31,AMZN|2018-10-31 13:30:00+00:00,2018-10-31 13:30:00+00:00,2018-10-31 20:00:00+00:00,2018-10-31 13:25:00+00:00,1,development,1,1d:DNEWS_24H,TFIDF_ADABOOST,2018-10,0.5144766766099577,1,"{""learning_rate"":0.1,""n_estimators"":100}",183,2018-09-28 20:00:00+00:00
AMZN,2018-11-01,AMZN|2018-11-01 13:30:00+00:00,2018-11-01 13:30:00+00:00,2018-11-01 20:00:00+00:00,2018-11-01 13:25:00+00:00,1,later,1,1d:DNEWS_24H,TFIDF_ADABOOST,2018-11,0.5055953126200372,1,"{""learning_rate"":0.1,""n_estimators"":100}",206,2018-10-31 20:00:00+00:00
AMZN,2018-11-02,AMZN|2018-11-02 13:30:00+00:00,2018-11-02 13:30:00+00:00,2018-11-02 20:00:00+00:00,2018-11-02 13:25:00+00:00,0,later,1,1d:DNEWS_24H,TFIDF_ADABOOST,2018-11,0.4502442195105671,0,"{""learning_rate"":0.1,""n_estimators"":100}",206,2018-10-31 20:00:00+00:00
AMZN,2018-11-05,AMZN|2018-11-05 14:30:00+00:00,2018-11-05 14:30:00+00:00,2018-11-05 21:00:00+00:00,2018-11-05 14:25:00+00:00,0,later,1,1d:DNEWS_24H,TFIDF_ADABOOST,2018-11,0.5055953126200372,1,"{""learning_rate"":0.1,""n_estimators"":100}",206,2018-10-31 20:00:00+00:00
AMZN,2018-11-06,AMZN|2018-11-06 14:30:00+00:00,2018-11-06 14:30:00+00:00,2018-11-06 21:00:00+00:00,2018-11-06 14:25:00+00:00,1,later,1,1d:DNEWS_24H,TFIDF_ADABOOST,2018-11,0.47243912515324726,0,"{""learning_rate"":0.1,""n_estimators"":100}",206,2018-10-31 20:00:00+00:00
AMZN,2018-11-07,AMZN|2018-11-07 14:30:00+00:00,2018-11-07 14:30:00+00:00,2018-11-07 21:00:00+00:00,2018-11-07 14:25:00+00:00,1,later,1,1d:DNEWS_24H,TFIDF_ADABOOST,2018-11,0.5467930979533131,1,"{""learning_rate"":0.1,""n_estimators"":100}",206,2018-10-31 20:00:00+00:00
AMZN,2018-11-08,AMZN|2018-11-08 14:30:00+00:00,2018-11-08 14:30:00+00:00,2018-11-08 21:00:00+00:00,2018-11-08 14:25:00+00:00,0,later,1,1d:DNEWS_24H,TFIDF_ADABOOST,2018-11,0.5300135845293384,1,"{""learning_rate"":0.1,""n_estimators"":100}",206,2018-10-31 20:00:00+00:00
AMZN,2018-11-09,AMZN|2018-11-09 14:30:00+00:00,2018-11-09 14:30:00+00:00,2018-11-09 21:00:00+00:00,2018-11-09 14:25:00+00:00,0,later,1,1d:DNEWS_24H,TFIDF_ADABOOST,2018-11,0.5217298974026074,1,"{""learning_rate"":0.1,""n_estimators"":100}",206,2018-10-31 20:00:00+00:00
AMZN,2018-11-12,AMZN|2018-11-12 14:30:00+00:00,2018-11-12 14:30:00+00:00,2018-11-12 21:00:00+00:00,2018-11-12 14:25:00+00:00,0,later,0,1d:DNEWS_24H,TFIDF_ADABOOST,2018-11,0.5300135845293384,1,"{""learning_rate"":0.1,""n_estimators"":100}",206,2018-10-31 20:00:00+00:00
AMZN,2018-11-13,AMZN|2018-11-13 14:30:00+00:00,2018-11-13 14:30:00+00:00,2018-11-13 21:00:00+00:00,2018-11-13 14:25:00+00:00,0,later,1,1d:DNEWS_24H,TFIDF_ADABOOST,2018-11,0.2934058684027157,0,"{""learning_rate"":0.1,""n_estimators"":100}",206,2018-10-31 20:00:00+00:00
AMZN,2018-11-14,AMZN|2018-11-14 14:30:00+00:00,2018-11-14 14:30:00+00:00,2018-11-14 21:00:00+00:00,2018-11-14 14:25:00+00:00,0,later,1,1d:DNEWS_24H,TFIDF_ADABOOST,2018-11,0.600857246819145,1,"{""learning_rate"":0.1,""n_estimators"":100}",206,2018-10-31 20:00:00+00:00
AMZN,2018-11-15,AMZN|2018-11-15 14:30:00+00:00,2018-11-15 14:30:00+00:00,2018-11-15 21:00:00+00:00,2018-11-15 14:25:00+00:00,1,later,1,1d:DNEWS_24H,TFIDF_ADABOOST,2018-11,0.41832519842676824,0,"{""learning_rate"":0.1,""n_estimators"":100}",206,2018-10-31 20:00:00+00:00
AMZN,2018-11-16,AMZN|2018-11-16 14:30:00+00:00,2018-11-16 14:30:00+00:00,2018-11-16 21:00:00+00:00,2018-11-16 14:25:00+00:00,1,later,1,1d:DNEWS_24H,TFIDF_ADABOOST,2018-11,0.5300135845293384,1,"{""learning_rate"":0.1,""n_estimators"":100}",206,2018-10-31 20:00:00+00:00
AMZN,2018-11-19,AMZN|2018-11-19 14:30:00+00:00,2018-11-19 14:30:00+00:00,2018-11-19 21:00:00+00:00,2018-11-19 14:25:00+00:00,0,later,1,1d:DNEWS_24H,TFIDF_ADABOOST,2018-11,0.6542046245852143,1,"{""learning_rate"":0.1,""n_estimators"":100}",206,2018-10-31 20:00:00+00:00
AMZN,2018-11-20,AMZN|2018-11-20 14:30:00+00:00,2018-11-20 14:30:00+00:00,2018-11-20 21:00:00+00:00,2018-11-20 14:25:00+00:00,1,later,1,1d:DNEWS_24H,TFIDF_ADABOOST,2018-11,0.516913091299177,1,"{""learning_rate"":0.1,""n_estimators"":100}",206,2018-10-31 20:00:00+00:00
AMZN,2018-11-21,AMZN|2018-11-21 14:30:00+00:00,2018-11-21 14:30:00+00:00,2018-11-21 21:00:00+00:00,2018-11-21 14:25:00+00:00,0,later,1,1d:DNEWS_24H,TFIDF_ADABOOST,2018-11,0.474389789380048,0,"{""learning_rate"":0.1,""n_estimators"":100}",206,2018-10-31 20:00:00+00:00
AMZN,2018-11-23,AMZN|2018-11-23 14:30:00+00:00,2018-11-23 14:30:00+00:00,2018-11-23 18:00:00+00:00,2018-11-23 14:25:00+00:00,0,later,0,1d:DNEWS_24H,TFIDF_ADABOOST,2018-11,0.5300135845293384,1,"{""learning_rate"":0.1,""n_estimators"":100}",206,2018-10-31 20:00:00+00:00
AMZN,2018-11-26,AMZN|2018-11-26 14:30:00+00:00,2018-11-26 14:30:00+00:00,2018-11-26 21:00:00+00:00,2018-11-26 14:25:00+00:00,1,later,1,1d:DNEWS_24H,TFIDF_ADABOOST,2018-11,0.5012724913359441,1,"{""learning_rate"":0.1,""n_estimators"":100}",206,2018-10-31 20:00:00+00:00
AMZN,2018-11-27,AMZN|2018-11-27 14:30:00+00:00,2018-11-27 14:30:00+00:00,2018-11-27 21:00:00+00:00,2018-11-27 14:25:00+00:00,1,later,1,1d:DNEWS_24H,TFIDF_ADABOOST,2018-11,0.4260590381287191,0,"{""learning_rate"":0.1,""n_estimators"":100}",206,2018-10-31 20:00:00+00:00
AMZN,2018-11-28,AMZN|2018-11-28 14:30:00+00:00,2018-11-28 14:30:00+00:00,2018-11-28 21:00:00+00:00,2018-11-28 14:25:00+00:00,1,later,1,1d:DNEWS_24H,TFIDF_ADABOOST,2018-11,0.600857246819145,1,"{""learning_rate"":0.1,""n_estimators"":100}",206,2018-10-31 20:00:00+00:00
AMZN,2018-11-29,AMZN|2018-11-29 14:30:00+00:00,2018-11-29 14:30:00+00:00,2018-11-29 21:00:00+00:00,2018-11-29 14:25:00+00:00,1,later,1,1d:DNEWS_24H,TFIDF_ADABOOST,2018-11,0.357994724377036,0,"{""learning_rate"":0.1,""n_estimators"":100}",206,2018-10-31 20:00:00+00:00
AMZN,2018-11-30,AMZN|2018-11-30 14:30:00+00:00,2018-11-30 14:30:00+00:00,2018-11-30 21:00:00+00:00,2018-11-30 14:25:00+00:00,1,later,1,1d:DNEWS_24H,TFIDF_ADABOOST,2018-11,0.3615918628663305,0,"{""learning_rate"":0.1,""n_estimators"":100}",206,2018-10-31 20:00:00+00:00
AMZN,2018-12-03,AMZN|2018-12-03 14:30:00+00:00,2018-12-03 14:30:00+00:00,2018-12-03 21:00:00+00:00,2018-12-03 14:25:00+00:00,1,later,1,1d:DNEWS_24H,TFIDF_ADABOOST,2018-12,0.49125430582326785,0,"{""learning_rate"":0.1,""n_estimators"":100}",227,2018-11-30 21:00:00+00:00
AMZN,2018-12-04,AMZN|2018-12-04 14:30:00+00:00,2018-12-04 14:30:00+00:00,2018-12-04 21:00:00+00:00,2018-12-04 14:25:00+00:00,0,later,1,1d:DNEWS_24H,TFIDF_ADABOOST,2018-12,0.38569043957381155,0,"{""learning_rate"":0.1,""n_estimators"":100}",227,2018-11-30 21:00:00+00:00
AMZN,2018-12-06,AMZN|2018-12-06 14:30:00+00:00,2018-12-06 14:30:00+00:00,2018-12-06 21:00:00+00:00,2018-12-06 14:25:00+00:00,1,later,1,1d:DNEWS_24H,TFIDF_ADABOOST,2018-12,0.4709650254773671,0,"{""learning_rate"":0.1,""n_estimators"":100}",227,2018-11-30 21:00:00+00:00
AMZN,2018-12-07,AMZN|2018-12-07 14:30:00+00:00,2018-12-07 14:30:00+00:00,2018-12-07 21:00:00+00:00,2018-12-07 14:25:00+00:00,0,later,1,1d:DNEWS_24H,TFIDF_ADABOOST,2018-12,0.5923252111764971,1,"{""learning_rate"":0.1,""n_estimators"":100}",227,2018-11-30 21:00:00+00:00
AMZN,2018-12-10,AMZN|2018-12-10 14:30:00+00:00,2018-12-10 14:30:00+00:00,2018-12-10 21:00:00+00:00,2018-12-10 14:25:00+00:00,1,later,1,1d:DNEWS_24H,TFIDF_ADABOOST,2018-12,0.5121193149024859,1,"{""learning_rate"":0.1,""n_estimators"":100}",227,2018-11-30 21:00:00+00:00
AMZN,2018-12-11,AMZN|2018-12-11 14:30:00+00:00,2018-12-11 14:30:00+00:00,2018-12-11 21:00:00+00:00,2018-12-11 14:25:00+00:00,0,later,1,1d:DNEWS_24H,TFIDF_ADABOOST,2018-12,0.5121193149024859,1,"{""learning_rate"":0.1,""n_estimators"":100}",227,2018-11-30 21:00:00+00:00
AMZN,2018-12-12,AMZN|2018-12-12 14:30:00+00:00,2018-12-12 14:30:00+00:00,2018-12-12 21:00:00+00:00,2018-12-12 14:25:00+00:00,1,later,1,1d:DNEWS_24H,TFIDF_ADABOOST,2018-12,0.46026048688341276,0,"{""learning_rate"":0.1,""n_estimators"":100}",227,2018-11-30 21:00:00+00:00
AMZN,2018-12-13,AMZN|2018-12-13 14:30:00+00:00,2018-12-13 14:30:00+00:00,2018-12-13 21:00:00+00:00,2018-12-13 14:25:00+00:00,0,later,1,1d:DNEWS_24H,TFIDF_ADABOOST,2018-12,0.4826495548717963,0,"{""learning_rate"":0.1,""n_estimators"":100}",227,2018-11-30 21:00:00+00:00
AMZN,2018-12-14,AMZN|2018-12-14 14:30:00+00:00,2018-12-14 14:30:00+00:00,2018-12-14 21:00:00+00:00,2018-12-14 14:25:00+00:00,0,later,1,1d:DNEWS_24H,TFIDF_ADABOOST,2018-12,0.33339148121578815,0,"{""learning_rate"":0.1,""n_estimators"":100}",227,2018-11-30 21:00:00+00:00
AMZN,2018-12-17,AMZN|2018-12-17 14:30:00+00:00,2018-12-17 14:30:00+00:00,2018-12-17 21:00:00+00:00,2018-12-17 14:25:00+00:00,0,later,1,1d:DNEWS_24H,TFIDF_ADABOOST,2018-12,0.485542779506864,0,"{""learning_rate"":0.1,""n_estimators"":100}",227,2018-11-30 21:00:00+00:00
AMZN,2018-12-18,AMZN|2018-12-18 14:30:00+00:00,2018-12-18 14:30:00+00:00,2018-12-18 21:00:00+00:00,2018-12-18 14:25:00+00:00,0,later,1,1d:DNEWS_24H,TFIDF_ADABOOST,2018-12,0.49125430582326785,0,"{""learning_rate"":0.1,""n_estimators"":100}",227,2018-11-30 21:00:00+00:00
AMZN,2018-12-19,AMZN|2018-12-19 14:30:00+00:00,2018-12-19 14:30:00+00:00,2018-12-19 21:00:00+00:00,2018-12-19 14:25:00+00:00,0,later,1,1d:DNEWS_24H,TFIDF_ADABOOST,2018-12,0.3771041871144703,0,"{""learning_rate"":0.1,""n_estimators"":100}",227,2018-11-30 21:00:00+00:00
AMZN,2018-12-20,AMZN|2018-12-20 14:30:00+00:00,2018-12-20 14:30:00+00:00,2018-12-20 21:00:00+00:00,2018-12-20 14:25:00+00:00,0,later,1,1d:DNEWS_24H,TFIDF_ADABOOST,2018-12,0.473078637301276,0,"{""learning_rate"":0.1,""n_estimators"":100}",227,2018-11-30 21:00:00+00:00
AMZN,2018-12-21,AMZN|2018-12-21 14:30:00+00:00,2018-12-21 14:30:00+00:00,2018-12-21 21:00:00+00:00,2018-12-21 14:25:00+00:00,0,later,0,1d:DNEWS_24H,TFIDF_ADABOOST,2018-12,0.5121193149024859,1,"{""learning_rate"":0.1,""n_estimators"":100}",227,2018-11-30 21:00:00+00:00
AMZN,2018-12-24,AMZN|2018-12-24 14:30:00+00:00,2018-12-24 14:30:00+00:00,2018-12-24 18:00:00+00:00,2018-12-24 14:25:00+00:00,0,later,1,1d:DNEWS_24H,TFIDF_ADABOOST,2018-12,0.5121193149024859,1,"{""learning_rate"":0.1,""n_estimators"":100}",227,2018-11-30 21:00:00+00:00
AMZN,2018-12-26,AMZN|2018-12-26 14:30:00+00:00,2018-12-26 14:30:00+00:00,2018-12-26 21:00:00+00:00,2018-12-26 14:25:00+00:00,1,later,0,1d:DNEWS_24H,TFIDF_ADABOOST,2018-12,0.5121193149024859,1,"{""learning_rate"":0.1,""n_estimators"":100}",227,2018-11-30 21:00:00+00:00
AMZN,2018-12-27,AMZN|2018-12-27 14:30:00+00:00,2018-12-27 14:30:00+00:00,2018-12-27 21:00:00+00:00,2018-12-27 14:25:00+00:00,1,later,1,1d:DNEWS_24H,TFIDF_ADABOOST,2018-12,0.5056714737301387,1,"{""learning_rate"":0.1,""n_estimators"":100}",227,2018-11-30 21:00:00+00:00
AMZN,2018-12-28,AMZN|2018-12-28 14:30:00+00:00,2018-12-28 14:30:00+00:00,2018-12-28 21:00:00+00:00,2018-12-28 14:25:00+00:00,1,later,1,1d:DNEWS_24H,TFIDF_ADABOOST,2018-12,0.4005879598664775,0,"{""learning_rate"":0.1,""n_estimators"":100}",227,2018-11-30 21:00:00+00:00
AMZN,2018-12-31,AMZN|2018-12-31 14:30:00+00:00,2018-12-31 14:30:00+00:00,2018-12-31 21:00:00+00:00,2018-12-31 14:25:00+00:00,0,later,1,1d:DNEWS_24H,TFIDF_ADABOOST,2018-12,0.5321445087222636,1,"{""learning_rate"":0.1,""n_estimators"":100}",227,2018-11-30 21:00:00+00:00
AMZN,2019-01-02,AMZN|2019-01-02 14:30:00+00:00,2019-01-02 14:30:00+00:00,2019-01-02 21:00:00+00:00,2019-01-02 14:25:00+00:00,1,later,1,1d:DNEWS_24H,TFIDF_ADABOOST,2019-01,0.6237495295827975,1,"{""learning_rate"":0.1,""n_estimators"":100}",246,2018-12-31 21:00:00+00:00
AMZN,2019-01-03,AMZN|2019-01-03 14:30:00+00:00,2019-01-03 14:30:00+00:00,2019-01-03 21:00:00+00:00,2019-01-03 14:25:00+00:00,0,later,1,1d:DNEWS_24H,TFIDF_ADABOOST,2019-01,0.5021431543997751,1,"{""learning_rate"":0.1,""n_estimators"":100}",246,2018-12-31 21:00:00+00:00
AMZN,2019-01-04,AMZN|2019-01-04 14:30:00+00:00,2019-01-04 14:30:00+00:00,2019-01-04 21:00:00+00:00,2019-01-04 14:25:00+00:00,1,later,1,1d:DNEWS_24H,TFIDF_ADABOOST,2019-01,0.4991712648442198,0,"{""learning_rate"":0.1,""n_estimators"":100}",246,2018-12-31 21:00:00+00:00
AMZN,2019-01-07,AMZN|2019-01-07 14:30:00+00:00,2019-01-07 14:30:00+00:00,2019-01-07 21:00:00+00:00,2019-01-07 14:25:00+00:00,1,later,1,1d:DNEWS_24H,TFIDF_ADABOOST,2019-01,0.4996572098326589,0,"{""learning_rate"":0.1,""n_estimators"":100}",246,2018-12-31 21:00:00+00:00
AMZN,2019-01-08,AMZN|2019-01-08 14:30:00+00:00,2019-01-08 14:30:00+00:00,2019-01-08 21:00:00+00:00,2019-01-08 14:25:00+00:00,0,later,1,1d:DNEWS_24H,TFIDF_ADABOOST,2019-01,0.5074330616005039,1,"{""learning_rate"":0.1,""n_estimators"":100}",246,2018-12-31 21:00:00+00:00
AMZN,2019-01-09,AMZN|2019-01-09 14:30:00+00:00,2019-01-09 14:30:00+00:00,2019-01-09 21:00:00+00:00,2019-01-09 14:25:00+00:00,0,later,1,1d:DNEWS_24H,TFIDF_ADABOOST,2019-01,0.45639716277484005,0,"{""learning_rate"":0.1,""n_estimators"":100}",246,2018-12-31 21:00:00+00:00
AMZN,2019-01-10,AMZN|2019-01-10 14:30:00+00:00,2019-01-10 14:30:00+00:00,2019-01-10 21:00:00+00:00,2019-01-10 14:25:00+00:00,1,later,1,1d:DNEWS_24H,TFIDF_ADABOOST,2019-01,0.38036007873919214,0,"{""learning_rate"":0.1,""n_estimators"":100}",246,2018-12-31 21:00:00+00:00
AMZN,2019-01-11,AMZN|2019-01-11 14:30:00+00:00,2019-01-11 14:30:00+00:00,2019-01-11 21:00:00+00:00,2019-01-11 14:25:00+00:00,0,later,1,1d:DNEWS_24H,TFIDF_ADABOOST,2019-01,0.5819388966408013,1,"{""learning_rate"":0.1,""n_estimators"":100}",246,2018-12-31 21:00:00+00:00
AMZN,2019-01-14,AMZN|2019-01-14 14:30:00+00:00,2019-01-14 14:30:00+00:00,2019-01-14 21:00:00+00:00,2019-01-14 14:25:00+00:00,1,later,1,1d:DNEWS_24H,TFIDF_ADABOOST,2019-01,0.5154194750195887,1,"{""learning_rate"":0.1,""n_estimators"":100}",246,2018-12-31 21:00:00+00:00
AMZN,2019-01-15,AMZN|2019-01-15 14:30:00+00:00,2019-01-15 14:30:00+00:00,2019-01-15 21:00:00+00:00,2019-01-15 14:25:00+00:00,1,later,1,1d:DNEWS_24H,TFIDF_ADABOOST,2019-01,0.4770902235266183,0,"{""learning_rate"":0.1,""n_estimators"":100}",246,2018-12-31 21:00:00+00:00
AMZN,2019-01-16,AMZN|2019-01-16 14:30:00+00:00,2019-01-16 14:30:00+00:00,2019-01-16 21:00:00+00:00,2019-01-16 14:25:00+00:00,0,later,1,1d:DNEWS_24H,TFIDF_ADABOOST,2019-01,0.32966241578714606,0,"{""learning_rate"":0.1,""n_estimators"":100}",246,2018-12-31 21:00:00+00:00
AMZN,2019-01-17,AMZN|2019-01-17 14:30:00+00:00,2019-01-17 14:30:00+00:00,2019-01-17 21:00:00+00:00,2019-01-17 14:25:00+00:00,1,later,1,1d:DNEWS_24H,TFIDF_ADABOOST,2019-01,0.39421025292852435,0,"{""learning_rate"":0.1,""n_estimators"":100}",246,2018-12-31 21:00:00+00:00
AMZN,2019-01-18,AMZN|2019-01-18 14:30:00+00:00,2019-01-18 14:30:00+00:00,2019-01-18 21:00:00+00:00,2019-01-18 14:25:00+00:00,0,later,1,1d:DNEWS_24H,TFIDF_ADABOOST,2019-01,0.44038635385233327,0,"{""learning_rate"":0.1,""n_estimators"":100}",246,2018-12-31 21:00:00+00:00
AMZN,2019-01-22,AMZN|2019-01-22 14:30:00+00:00,2019-01-22 14:30:00+00:00,2019-01-22 21:00:00+00:00,2019-01-22 14:25:00+00:00,0,later,0,1d:DNEWS_24H,TFIDF_ADABOOST,2019-01,0.5021431543997751,1,"{""learning_rate"":0.1,""n_estimators"":100}",246,2018-12-31 21:00:00+00:00
AMZN,2019-01-23,AMZN|2019-01-23 14:30:00+00:00,2019-01-23 14:30:00+00:00,2019-01-23 21:00:00+00:00,2019-01-23 14:25:00+00:00,0,later,0,1d:DNEWS_24H,TFIDF_ADABOOST,2019-01,0.5021431543997751,1,"{""learning_rate"":0.1,""n_estimators"":100}",246,2018-12-31 21:00:00+00:00
AMZN,2019-01-24,AMZN|2019-01-24 14:30:00+00:00,2019-01-24 14:30:00+00:00,2019-01-24 21:00:00+00:00,2019-01-24 14:25:00+00:00,1,later,1,1d:DNEWS_24H,TFIDF_ADABOOST,2019-01,0.34773527411758,0,"{""learning_rate"":0.1,""n_estimators"":100}",246,2018-12-31 21:00:00+00:00
AMZN,2019-01-25,AMZN|2019-01-25 14:30:00+00:00,2019-01-25 14:30:00+00:00,2019-01-25 21:00:00+00:00,2019-01-25 14:25:00+00:00,1,later,0,1d:DNEWS_24H,TFIDF_ADABOOST,2019-01,0.5021431543997751,1,"{""learning_rate"":0.1,""n_estimators"":100}",246,2018-12-31 21:00:00+00:00
AMZN,2019-01-28,AMZN|2019-01-28 14:30:00+00:00,2019-01-28 14:30:00+00:00,2019-01-28 21:00:00+00:00,2019-01-28 14:25:00+00:00,0,later,1,1d:DNEWS_24H,TFIDF_ADABOOST,2019-01,0.39421025292852435,0,"{""learning_rate"":0.1,""n_estimators"":100}",246,2018-12-31 21:00:00+00:00
AMZN,2019-01-29,AMZN|2019-01-29 14:30:00+00:00,2019-01-29 14:30:00+00:00,2019-01-29 21:00:00+00:00,2019-01-29 14:25:00+00:00,0,later,1,1d:DNEWS_24H,TFIDF_ADABOOST,2019-01,0.3772047089648464,0,"{""learning_rate"":0.1,""n_estimators"":100}",246,2018-12-31 21:00:00+00:00
AMZN,2019-01-30,AMZN|2019-01-30 14:30:00+00:00,2019-01-30 14:30:00+00:00,2019-01-30 21:00:00+00:00,2019-01-30 14:25:00+00:00,1,later,1,1d:DNEWS_24H,TFIDF_ADABOOST,2019-01,0.519690956991752,1,"{""learning_rate"":0.1,""n_estimators"":100}",246,2018-12-31 21:00:00+00:00
AMZN,2019-01-31,AMZN|2019-01-31 14:30:00+00:00,2019-01-31 14:30:00+00:00,2019-01-31 21:00:00+00:00,2019-01-31 14:25:00+00:00,1,later,1,1d:DNEWS_24H,TFIDF_ADABOOST,2019-01,0.6564005390227218,1,"{""learning_rate"":0.1,""n_estimators"":100}",246,2018-12-31 21:00:00+00:00
AMZN,2019-02-01,AMZN|2019-02-01 14:30:00+00:00,2019-02-01 14:30:00+00:00,2019-02-01 21:00:00+00:00,2019-02-01 14:25:00+00:00,0,later,1,1d:DNEWS_24H,TFIDF_ADABOOST,2019-02,0.4653496193364978,0,"{""learning_rate"":0.1,""n_estimators"":100}",267,2019-01-31 21:00:00+00:00
AAPL,2018-09-04,AAPL|2018-09-04 13:30:00+00:00,2018-09-04 13:30:00+00:00,2018-09-04 20:00:00+00:00,2018-09-04 13:25:00+00:00,1,development,1,1d:DNEWS_24H,PAPER_2G_L1LR,2018-09,0.5,1,"{""C"":0.01}",164,2018-08-31 20:00:00+00:00
AAPL,2018-09-05,AAPL|2018-09-05 13:30:00+00:00,2018-09-05 13:30:00+00:00,2018-09-05 20:00:00+00:00,2018-09-05 13:25:00+00:00,0,development,1,1d:DNEWS_24H,PAPER_2G_L1LR,2018-09,0.5,1,"{""C"":0.01}",164,2018-08-31 20:00:00+00:00
AAPL,2018-09-06,AAPL|2018-09-06 13:30:00+00:00,2018-09-06 13:30:00+00:00,2018-09-06 20:00:00+00:00,2018-09-06 13:25:00+00:00,0,development,1,1d:DNEWS_24H,PAPER_2G_L1LR,2018-09,0.5,1,"{""C"":0.01}",164,2018-08-31 20:00:00+00:00
AAPL,2018-09-07,AAPL|2018-09-07 13:30:00+00:00,2018-09-07 13:30:00+00:00,2018-09-07 20:00:00+00:00,2018-09-07 13:25:00+00:00,0,development,1,1d:DNEWS_24H,PAPER_2G_L1LR,2018-09,0.5,1,"{""C"":0.01}",164,2018-08-31 20:00:00+00:00
AAPL,2018-09-10,AAPL|2018-09-10 13:30:00+00:00,2018-09-10 13:30:00+00:00,2018-09-10 20:00:00+00:00,2018-09-10 13:25:00+00:00,0,development,1,1d:DNEWS_24H,PAPER_2G_L1LR,2018-09,0.5,1,"{""C"":0.01}",164,2018-08-31 20:00:00+00:00
AAPL,2018-09-11,AAPL|2018-09-11 13:30:00+00:00,2018-09-11 13:30:00+00:00,2018-09-11 20:00:00+00:00,2018-09-11 13:25:00+00:00,1,development,1,1d:DNEWS_24H,PAPER_2G_L1LR,2018-09,0.5,1,"{""C"":0.01}",164,2018-08-31 20:00:00+00:00
AAPL,2018-09-12,AAPL|2018-09-12 13:30:00+00:00,2018-09-12 13:30:00+00:00,2018-09-12 20:00:00+00:00,2018-09-12 13:25:00+00:00,0,development,1,1d:DNEWS_24H,PAPER_2G_L1LR,2018-09,0.5,1,"{""C"":0.01}",164,2018-08-31 20:00:00+00:00
AAPL,2018-09-13,AAPL|2018-09-13 13:30:00+00:00,2018-09-13 13:30:00+00:00,2018-09-13 20:00:00+00:00,2018-09-13 13:25:00+00:00,1,development,1,1d:DNEWS_24H,PAPER_2G_L1LR,2018-09,0.5,1,"{""C"":0.01}",164,2018-08-31 20:00:00+00:00
AAPL,2018-09-14,AAPL|2018-09-14 13:30:00+00:00,2018-09-14 13:30:00+00:00,2018-09-14 20:00:00+00:00,2018-09-14 13:25:00+00:00,0,development,1,1d:DNEWS_24H,PAPER_2G_L1LR,2018-09,0.5,1,"{""C"":0.01}",164,2018-08-31 20:00:00+00:00
AAPL,2018-09-17,AAPL|2018-09-17 13:30:00+00:00,2018-09-17 13:30:00+00:00,2018-09-17 20:00:00+00:00,2018-09-17 13:25:00+00:00,0,development,1,1d:DNEWS_24H,PAPER_2G_L1LR,2018-09,0.5,1,"{""C"":0.01}",164,2018-08-31 20:00:00+00:00
AAPL,2018-09-18,AAPL|2018-09-18 13:30:00+00:00,2018-09-18 13:30:00+00:00,2018-09-18 20:00:00+00:00,2018-09-18 13:25:00+00:00,0,development,1,1d:DNEWS_24H,PAPER_2G_L1LR,2018-09,0.5,1,"{""C"":0.01}",164,2018-08-31 20:00:00+00:00
AAPL,2018-09-19,AAPL|2018-09-19 13:30:00+00:00,2018-09-19 13:30:00+00:00,2018-09-19 20:00:00+00:00,2018-09-19 13:25:00+00:00,1,development,1,1d:DNEWS_24H,PAPER_2G_L1LR,2018-09,0.5,1,"{""C"":0.01}",164,2018-08-31 20:00:00+00:00
AAPL,2018-09-20,AAPL|2018-09-20 13:30:00+00:00,2018-09-20 13:30:00+00:00,2018-09-20 20:00:00+00:00,2018-09-20 13:25:00+00:00,1,development,1,1d:DNEWS_24H,PAPER_2G_L1LR,2018-09,0.5,1,"{""C"":0.01}",164,2018-08-31 20:00:00+00:00
AAPL,2018-09-21,AAPL|2018-09-21 13:30:00+00:00,2018-09-21 13:30:00+00:00,2018-09-21 20:00:00+00:00,2018-09-21 13:25:00+00:00,0,development,1,1d:DNEWS_24H,PAPER_2G_L1LR,2018-09,0.5,1,"{""C"":0.01}",164,2018-08-31 20:00:00+00:00
AAPL,2018-09-24,AAPL|2018-09-24 13:30:00+00:00,2018-09-24 13:30:00+00:00,2018-09-24 20:00:00+00:00,2018-09-24 13:25:00+00:00,1,development,1,1d:DNEWS_24H,PAPER_2G_L1LR,2018-09,0.5,1,"{""C"":0.01}",164,2018-08-31 20:00:00+00:00
AAPL,2018-09-25,AAPL|2018-09-25 13:30:00+00:00,2018-09-25 13:30:00+00:00,2018-09-25 20:00:00+00:00,2018-09-25 13:25:00+00:00,1,development,1,1d:DNEWS_24H,PAPER_2G_L1LR,2018-09,0.5,1,"{""C"":0.01}",164,2018-08-31 20:00:00+00:00
AAPL,2018-09-26,AAPL|2018-09-26 13:30:00+00:00,2018-09-26 13:30:00+00:00,2018-09-26 20:00:00+00:00,2018-09-26 13:25:00+00:00,0,development,1,1d:DNEWS_24H,PAPER_2G_L1LR,2018-09,0.5,1,"{""C"":0.01}",164,2018-08-31 20:00:00+00:00
AAPL,2018-09-27,AAPL|2018-09-27 13:30:00+00:00,2018-09-27 13:30:00+00:00,2018-09-27 20:00:00+00:00,2018-09-27 13:25:00+00:00,1,development,1,1d:DNEWS_24H,PAPER_2G_L1LR,2018-09,0.5,1,"{""C"":0.01}",164,2018-08-31 20:00:00+00:00
AAPL,2018-09-28,AAPL|2018-09-28 13:30:00+00:00,2018-09-28 13:30:00+00:00,2018-09-28 20:00:00+00:00,2018-09-28 13:25:00+00:00,1,development,1,1d:DNEWS_24H,PAPER_2G_L1LR,2018-09,0.5,1,"{""C"":0.01}",164,2018-08-31 20:00:00+00:00
AAPL,2018-10-01,AAPL|2018-10-01 13:30:00+00:00,2018-10-01 13:30:00+00:00,2018-10-01 20:00:00+00:00,2018-10-01 13:25:00+00:00,0,development,1,1d:DNEWS_24H,PAPER_2G_L1LR,2018-10,0.5,1,"{""C"":0.01}",183,2018-09-28 20:00:00+00:00
AAPL,2018-10-02,AAPL|2018-10-02 13:30:00+00:00,2018-10-02 13:30:00+00:00,2018-10-02 20:00:00+00:00,2018-10-02 13:25:00+00:00,1,development,1,1d:DNEWS_24H,PAPER_2G_L1LR,2018-10,0.5,1,"{""C"":0.01}",183,2018-09-28 20:00:00+00:00
AAPL,2018-10-03,AAPL|2018-10-03 13:30:00+00:00,2018-10-03 13:30:00+00:00,2018-10-03 20:00:00+00:00,2018-10-03 13:25:00+00:00,1,development,1,1d:DNEWS_24H,PAPER_2G_L1LR,2018-10,0.5,1,"{""C"":0.01}",183,2018-09-28 20:00:00+00:00
AAPL,2018-10-04,AAPL|2018-10-04 13:30:00+00:00,2018-10-04 13:30:00+00:00,2018-10-04 20:00:00+00:00,2018-10-04 13:25:00+00:00,0,development,1,1d:DNEWS_24H,PAPER_2G_L1LR,2018-10,0.5,1,"{""C"":0.01}",183,2018-09-28 20:00:00+00:00
AAPL,2018-10-05,AAPL|2018-10-05 13:30:00+00:00,2018-10-05 13:30:00+00:00,2018-10-05 20:00:00+00:00,2018-10-05 13:25:00+00:00,0,development,1,1d:DNEWS_24H,PAPER_2G_L1LR,2018-10,0.5,1,"{""C"":0.01}",183,2018-09-28 20:00:00+00:00
AAPL,2018-10-08,AAPL|2018-10-08 13:30:00+00:00,2018-10-08 13:30:00+00:00,2018-10-08 20:00:00+00:00,2018-10-08 13:25:00+00:00,0,development,1,1d:DNEWS_24H,PAPER_2G_L1LR,2018-10,0.5,1,"{""C"":0.01}",183,2018-09-28 20:00:00+00:00
AAPL,2018-10-09,AAPL|2018-10-09 13:30:00+00:00,2018-10-09 13:30:00+00:00,2018-10-09 20:00:00+00:00,2018-10-09 13:25:00+00:00,1,development,1,1d:DNEWS_24H,PAPER_2G_L1LR,2018-10,0.5,1,"{""C"":0.01}",183,2018-09-28 20:00:00+00:00
AAPL,2018-10-10,AAPL|2018-10-10 13:30:00+00:00,2018-10-10 13:30:00+00:00,2018-10-10 20:00:00+00:00,2018-10-10 13:25:00+00:00,0,development,1,1d:DNEWS_24H,PAPER_2G_L1LR,2018-10,0.5,1,"{""C"":0.01}",183,2018-09-28 20:00:00+00:00
AAPL,2018-10-11,AAPL|2018-10-11 13:30:00+00:00,2018-10-11 13:30:00+00:00,2018-10-11 20:00:00+00:00,2018-10-11 13:25:00+00:00,1,development,1,1d:DNEWS_24H,PAPER_2G_L1LR,2018-10,0.5,1,"{""C"":0.01}",183,2018-09-28 20:00:00+00:00
AAPL,2018-10-12,AAPL|2018-10-12 13:30:00+00:00,2018-10-12 13:30:00+00:00,2018-10-12 20:00:00+00:00,2018-10-12 13:25:00+00:00,1,development,1,1d:DNEWS_24H,PAPER_2G_L1LR,2018-10,0.5,1,"{""C"":0.01}",183,2018-09-28 20:00:00+00:00
AAPL,2018-10-15,AAPL|2018-10-15 13:30:00+00:00,2018-10-15 13:30:00+00:00,2018-10-15 20:00:00+00:00,2018-10-15 13:25:00+00:00,0,development,1,1d:DNEWS_24H,PAPER_2G_L1LR,2018-10,0.5,1,"{""C"":0.01}",183,2018-09-28 20:00:00+00:00
AAPL,2018-10-16,AAPL|2018-10-16 13:30:00+00:00,2018-10-16 13:30:00+00:00,2018-10-16 20:00:00+00:00,2018-10-16 13:25:00+00:00,1,development,1,1d:DNEWS_24H,PAPER_2G_L1LR,2018-10,0.5,1,"{""C"":0.01}",183,2018-09-28 20:00:00+00:00
AAPL,2018-10-17,AAPL|2018-10-17 13:30:00+00:00,2018-10-17 13:30:00+00:00,2018-10-17 20:00:00+00:00,2018-10-17 13:25:00+00:00,0,development,1,1d:DNEWS_24H,PAPER_2G_L1LR,2018-10,0.5,1,"{""C"":0.01}",183,2018-09-28 20:00:00+00:00
AAPL,2018-10-18,AAPL|2018-10-18 13:30:00+00:00,2018-10-18 13:30:00+00:00,2018-10-18 20:00:00+00:00,2018-10-18 13:25:00+00:00,0,development,1,1d:DNEWS_24H,PAPER_2G_L1LR,2018-10,0.5,1,"{""C"":0.01}",183,2018-09-28 20:00:00+00:00
AAPL,2018-10-19,AAPL|2018-10-19 13:30:00+00:00,2018-10-19 13:30:00+00:00,2018-10-19 20:00:00+00:00,2018-10-19 13:25:00+00:00,1,development,1,1d:DNEWS_24H,PAPER_2G_L1LR,2018-10,0.5,1,"{""C"":0.01}",183,2018-09-28 20:00:00+00:00
AAPL,2018-10-22,AAPL|2018-10-22 13:30:00+00:00,2018-10-22 13:30:00+00:00,2018-10-22 20:00:00+00:00,2018-10-22 13:25:00+00:00,0,development,1,1d:DNEWS_24H,PAPER_2G_L1LR,2018-10,0.5,1,"{""C"":0.01}",183,2018-09-28 20:00:00+00:00
AAPL,2018-10-23,AAPL|2018-10-23 13:30:00+00:00,2018-10-23 13:30:00+00:00,2018-10-23 20:00:00+00:00,2018-10-23 13:25:00+00:00,1,development,1,1d:DNEWS_24H,PAPER_2G_L1LR,2018-10,0.5,1,"{""C"":0.01}",183,2018-09-28 20:00:00+00:00
AAPL,2018-10-24,AAPL|2018-10-24 13:30:00+00:00,2018-10-24 13:30:00+00:00,2018-10-24 20:00:00+00:00,2018-10-24 13:25:00+00:00,0,development,1,1d:DNEWS_24H,PAPER_2G_L1LR,2018-10,0.5,1,"{""C"":0.01}",183,2018-09-28 20:00:00+00:00
AAPL,2018-10-25,AAPL|2018-10-25 13:30:00+00:00,2018-10-25 13:30:00+00:00,2018-10-25 20:00:00+00:00,2018-10-25 13:25:00+00:00,0,development,1,1d:DNEWS_24H,PAPER_2G_L1LR,2018-10,0.5,1,"{""C"":0.01}",183,2018-09-28 20:00:00+00:00
AAPL,2018-10-26,AAPL|2018-10-26 13:30:00+00:00,2018-10-26 13:30:00+00:00,2018-10-26 20:00:00+00:00,2018-10-26 13:25:00+00:00,1,development,1,1d:DNEWS_24H,PAPER_2G_L1LR,2018-10,0.5,1,"{""C"":0.01}",183,2018-09-28 20:00:00+00:00
AAPL,2018-10-29,AAPL|2018-10-29 13:30:00+00:00,2018-10-29 13:30:00+00:00,2018-10-29 20:00:00+00:00,2018-10-29 13:25:00+00:00,0,development,1,1d:DNEWS_24H,PAPER_2G_L1LR,2018-10,0.5,1,"{""C"":0.01}",183,2018-09-28 20:00:00+00:00
AAPL,2018-10-30,AAPL|2018-10-30 13:30:00+00:00,2018-10-30 13:30:00+00:00,2018-10-30 20:00:00+00:00,2018-10-30 13:25:00+00:00,1,development,1,1d:DNEWS_24H,PAPER_2G_L1LR,2018-10,0.5,1,"{""C"":0.01}",183,2018-09-28 20:00:00+00:00
AAPL,2018-10-31,AAPL|2018-10-31 13:30:00+00:00,2018-10-31 13:30:00+00:00,2018-10-31 20:00:00+00:00,2018-10-31 13:25:00+00:00,1,development,1,1d:DNEWS_24H,PAPER_2G_L1LR,2018-10,0.5,1,"{""C"":0.01}",183,2018-09-28 20:00:00+00:00
AAPL,2018-11-01,AAPL|2018-11-01 13:30:00+00:00,2018-11-01 13:30:00+00:00,2018-11-01 20:00:00+00:00,2018-11-01 13:25:00+00:00,0,later,1,1d:DNEWS_24H,PAPER_2G_L1LR,2018-11,0.5,1,"{""C"":0.01}",206,2018-10-31 20:00:00+00:00
AAPL,2018-11-02,AAPL|2018-11-02 13:30:00+00:00,2018-11-02 13:30:00+00:00,2018-11-02 20:00:00+00:00,2018-11-02 13:25:00+00:00,0,later,1,1d:DNEWS_24H,PAPER_2G_L1LR,2018-11,0.5,1,"{""C"":0.01}",206,2018-10-31 20:00:00+00:00
AAPL,2018-11-05,AAPL|2018-11-05 14:30:00+00:00,2018-11-05 14:30:00+00:00,2018-11-05 21:00:00+00:00,2018-11-05 14:25:00+00:00,0,later,1,1d:DNEWS_24H,PAPER_2G_L1LR,2018-11,0.5,1,"{""C"":0.01}",206,2018-10-31 20:00:00+00:00
AAPL,2018-11-06,AAPL|2018-11-06 14:30:00+00:00,2018-11-06 14:30:00+00:00,2018-11-06 21:00:00+00:00,2018-11-06 14:25:00+00:00,1,later,1,1d:DNEWS_24H,PAPER_2G_L1LR,2018-11,0.5,1,"{""C"":0.01}",206,2018-10-31 20:00:00+00:00
AAPL,2018-11-07,AAPL|2018-11-07 14:30:00+00:00,2018-11-07 14:30:00+00:00,2018-11-07 21:00:00+00:00,2018-11-07 14:25:00+00:00,1,later,1,1d:DNEWS_24H,PAPER_2G_L1LR,2018-11,0.5,1,"{""C"":0.01}",206,2018-10-31 20:00:00+00:00
AAPL,2018-11-08,AAPL|2018-11-08 14:30:00+00:00,2018-11-08 14:30:00+00:00,2018-11-08 21:00:00+00:00,2018-11-08 14:25:00+00:00,0,later,1,1d:DNEWS_24H,PAPER_2G_L1LR,2018-11,0.5,1,"{""C"":0.01}",206,2018-10-31 20:00:00+00:00
AAPL,2018-11-09,AAPL|2018-11-09 14:30:00+00:00,2018-11-09 14:30:00+00:00,2018-11-09 21:00:00+00:00,2018-11-09 14:25:00+00:00,0,later,1,1d:DNEWS_24H,PAPER_2G_L1LR,2018-11,0.5,1,"{""C"":0.01}",206,2018-10-31 20:00:00+00:00
AAPL,2018-11-12,AAPL|2018-11-12 14:30:00+00:00,2018-11-12 14:30:00+00:00,2018-11-12 21:00:00+00:00,2018-11-12 14:25:00+00:00,0,later,1,1d:DNEWS_24H,PAPER_2G_L1LR,2018-11,0.5,1,"{""C"":0.01}",206,2018-10-31 20:00:00+00:00
AAPL,2018-11-13,AAPL|2018-11-13 14:30:00+00:00,2018-11-13 14:30:00+00:00,2018-11-13 21:00:00+00:00,2018-11-13 14:25:00+00:00,1,later,1,1d:DNEWS_24H,PAPER_2G_L1LR,2018-11,0.5,1,"{""C"":0.01}",206,2018-10-31 20:00:00+00:00
AAPL,2018-11-14,AAPL|2018-11-14 14:30:00+00:00,2018-11-14 14:30:00+00:00,2018-11-14 21:00:00+00:00,2018-11-14 14:25:00+00:00,0,later,1,1d:DNEWS_24H,PAPER_2G_L1LR,2018-11,0.5,1,"{""C"":0.01}",206,2018-10-31 20:00:00+00:00
AAPL,2018-11-15,AAPL|2018-11-15 14:30:00+00:00,2018-11-15 14:30:00+00:00,2018-11-15 21:00:00+00:00,2018-11-15 14:25:00+00:00,1,later,1,1d:DNEWS_24H,PAPER_2G_L1LR,2018-11,0.5,1,"{""C"":0.01}",206,2018-10-31 20:00:00+00:00
AAPL,2018-11-16,AAPL|2018-11-16 14:30:00+00:00,2018-11-16 14:30:00+00:00,2018-11-16 21:00:00+00:00,2018-11-16 14:25:00+00:00,1,later,1,1d:DNEWS_24H,PAPER_2G_L1LR,2018-11,0.5,1,"{""C"":0.01}",206,2018-10-31 20:00:00+00:00
AAPL,2018-11-19,AAPL|2018-11-19 14:30:00+00:00,2018-11-19 14:30:00+00:00,2018-11-19 21:00:00+00:00,2018-11-19 14:25:00+00:00,0,later,1,1d:DNEWS_24H,PAPER_2G_L1LR,2018-11,0.5,1,"{""C"":0.01}",206,2018-10-31 20:00:00+00:00
AAPL,2018-11-20,AAPL|2018-11-20 14:30:00+00:00,2018-11-20 14:30:00+00:00,2018-11-20 21:00:00+00:00,2018-11-20 14:25:00+00:00,0,later,1,1d:DNEWS_24H,PAPER_2G_L1LR,2018-11,0.5,1,"{""C"":0.01}",206,2018-10-31 20:00:00+00:00
AAPL,2018-11-21,AAPL|2018-11-21 14:30:00+00:00,2018-11-21 14:30:00+00:00,2018-11-21 21:00:00+00:00,2018-11-21 14:25:00+00:00,0,later,1,1d:DNEWS_24H,PAPER_2G_L1LR,2018-11,0.5,1,"{""C"":0.01}",206,2018-10-31 20:00:00+00:00
AAPL,2018-11-23,AAPL|2018-11-23 14:30:00+00:00,2018-11-23 14:30:00+00:00,2018-11-23 18:00:00+00:00,2018-11-23 14:25:00+00:00,0,later,1,1d:DNEWS_24H,PAPER_2G_L1LR,2018-11,0.5,1,"{""C"":0.01}",206,2018-10-31 20:00:00+00:00
AAPL,2018-11-26,AAPL|2018-11-26 14:30:00+00:00,2018-11-26 14:30:00+00:00,2018-11-26 21:00:00+00:00,2018-11-26 14:25:00+00:00,0,later,1,1d:DNEWS_24H,PAPER_2G_L1LR,2018-11,0.5,1,"{""C"":0.01}",206,2018-10-31 20:00:00+00:00
AAPL,2018-11-27,AAPL|2018-11-27 14:30:00+00:00,2018-11-27 14:30:00+00:00,2018-11-27 21:00:00+00:00,2018-11-27 14:25:00+00:00,1,later,1,1d:DNEWS_24H,PAPER_2G_L1LR,2018-11,0.5,1,"{""C"":0.01}",206,2018-10-31 20:00:00+00:00
AAPL,2018-11-28,AAPL|2018-11-28 14:30:00+00:00,2018-11-28 14:30:00+00:00,2018-11-28 21:00:00+00:00,2018-11-28 14:25:00+00:00,1,later,1,1d:DNEWS_24H,PAPER_2G_L1LR,2018-11,0.5,1,"{""C"":0.01}",206,2018-10-31 20:00:00+00:00
AAPL,2018-11-29,AAPL|2018-11-29 14:30:00+00:00,2018-11-29 14:30:00+00:00,2018-11-29 21:00:00+00:00,2018-11-29 14:25:00+00:00,0,later,1,1d:DNEWS_24H,PAPER_2G_L1LR,2018-11,0.5,1,"{""C"":0.01}",206,2018-10-31 20:00:00+00:00
AAPL,2018-11-30,AAPL|2018-11-30 14:30:00+00:00,2018-11-30 14:30:00+00:00,2018-11-30 21:00:00+00:00,2018-11-30 14:25:00+00:00,0,later,1,1d:DNEWS_24H,PAPER_2G_L1LR,2018-11,0.5,1,"{""C"":0.01}",206,2018-10-31 20:00:00+00:00
AAPL,2018-12-03,AAPL|2018-12-03 14:30:00+00:00,2018-12-03 14:30:00+00:00,2018-12-03 21:00:00+00:00,2018-12-03 14:25:00+00:00,0,later,1,1d:DNEWS_24H,PAPER_2G_L1LR,2018-12,0.5,1,"{""C"":0.01}",227,2018-11-30 21:00:00+00:00
AAPL,2018-12-04,AAPL|2018-12-04 14:30:00+00:00,2018-12-04 14:30:00+00:00,2018-12-04 21:00:00+00:00,2018-12-04 14:25:00+00:00,0,later,1,1d:DNEWS_24H,PAPER_2G_L1LR,2018-12,0.5,1,"{""C"":0.01}",227,2018-11-30 21:00:00+00:00
AAPL,2018-12-06,AAPL|2018-12-06 14:30:00+00:00,2018-12-06 14:30:00+00:00,2018-12-06 21:00:00+00:00,2018-12-06 14:25:00+00:00,1,later,1,1d:DNEWS_24H,PAPER_2G_L1LR,2018-12,0.5,1,"{""C"":0.01}",227,2018-11-30 21:00:00+00:00
AAPL,2018-12-07,AAPL|2018-12-07 14:30:00+00:00,2018-12-07 14:30:00+00:00,2018-12-07 21:00:00+00:00,2018-12-07 14:25:00+00:00,0,later,1,1d:DNEWS_24H,PAPER_2G_L1LR,2018-12,0.5,1,"{""C"":0.01}",227,2018-11-30 21:00:00+00:00
AAPL,2018-12-10,AAPL|2018-12-10 14:30:00+00:00,2018-12-10 14:30:00+00:00,2018-12-10 21:00:00+00:00,2018-12-10 14:25:00+00:00,1,later,1,1d:DNEWS_24H,PAPER_2G_L1LR,2018-12,0.5,1,"{""C"":0.01}",227,2018-11-30 21:00:00+00:00
AAPL,2018-12-11,AAPL|2018-12-11 14:30:00+00:00,2018-12-11 14:30:00+00:00,2018-12-11 21:00:00+00:00,2018-12-11 14:25:00+00:00,0,later,1,1d:DNEWS_24H,PAPER_2G_L1LR,2018-12,0.5,1,"{""C"":0.01}",227,2018-11-30 21:00:00+00:00
AAPL,2018-12-12,AAPL|2018-12-12 14:30:00+00:00,2018-12-12 14:30:00+00:00,2018-12-12 21:00:00+00:00,2018-12-12 14:25:00+00:00,0,later,1,1d:DNEWS_24H,PAPER_2G_L1LR,2018-12,0.5,1,"{""C"":0.01}",227,2018-11-30 21:00:00+00:00
AAPL,2018-12-13,AAPL|2018-12-13 14:30:00+00:00,2018-12-13 14:30:00+00:00,2018-12-13 21:00:00+00:00,2018-12-13 14:25:00+00:00,1,later,1,1d:DNEWS_24H,PAPER_2G_L1LR,2018-12,0.5,1,"{""C"":0.01}",227,2018-11-30 21:00:00+00:00
AAPL,2018-12-14,AAPL|2018-12-14 14:30:00+00:00,2018-12-14 14:30:00+00:00,2018-12-14 21:00:00+00:00,2018-12-14 14:25:00+00:00,0,later,1,1d:DNEWS_24H,PAPER_2G_L1LR,2018-12,0.5,1,"{""C"":0.01}",227,2018-11-30 21:00:00+00:00
AAPL,2018-12-17,AAPL|2018-12-17 14:30:00+00:00,2018-12-17 14:30:00+00:00,2018-12-17 21:00:00+00:00,2018-12-17 14:25:00+00:00,0,later,1,1d:DNEWS_24H,PAPER_2G_L1LR,2018-12,0.5,1,"{""C"":0.01}",227,2018-11-30 21:00:00+00:00
AAPL,2018-12-18,AAPL|2018-12-18 14:30:00+00:00,2018-12-18 14:30:00+00:00,2018-12-18 21:00:00+00:00,2018-12-18 14:25:00+00:00,0,later,1,1d:DNEWS_24H,PAPER_2G_L1LR,2018-12,0.5,1,"{""C"":0.01}",227,2018-11-30 21:00:00+00:00
AAPL,2018-12-19,AAPL|2018-12-19 14:30:00+00:00,2018-12-19 14:30:00+00:00,2018-12-19 21:00:00+00:00,2018-12-19 14:25:00+00:00,0,later,1,1d:DNEWS_24H,PAPER_2G_L1LR,2018-12,0.5,1,"{""C"":0.01}",227,2018-11-30 21:00:00+00:00
AAPL,2018-12-20,AAPL|2018-12-20 14:30:00+00:00,2018-12-20 14:30:00+00:00,2018-12-20 21:00:00+00:00,2018-12-20 14:25:00+00:00,0,later,1,1d:DNEWS_24H,PAPER_2G_L1LR,2018-12,0.5,1,"{""C"":0.01}",227,2018-11-30 21:00:00+00:00
AAPL,2018-12-21,AAPL|2018-12-21 14:30:00+00:00,2018-12-21 14:30:00+00:00,2018-12-21 21:00:00+00:00,2018-12-21 14:25:00+00:00,0,later,1,1d:DNEWS_24H,PAPER_2G_L1LR,2018-12,0.5,1,"{""C"":0.01}",227,2018-11-30 21:00:00+00:00
AAPL,2018-12-24,AAPL|2018-12-24 14:30:00+00:00,2018-12-24 14:30:00+00:00,2018-12-24 18:00:00+00:00,2018-12-24 14:25:00+00:00,0,later,1,1d:DNEWS_24H,PAPER_2G_L1LR,2018-12,0.5,1,"{""C"":0.01}",227,2018-11-30 21:00:00+00:00
AAPL,2018-12-26,AAPL|2018-12-26 14:30:00+00:00,2018-12-26 14:30:00+00:00,2018-12-26 21:00:00+00:00,2018-12-26 14:25:00+00:00,1,later,1,1d:DNEWS_24H,PAPER_2G_L1LR,2018-12,0.5,1,"{""C"":0.01}",227,2018-11-30 21:00:00+00:00
AAPL,2018-12-27,AAPL|2018-12-27 14:30:00+00:00,2018-12-27 14:30:00+00:00,2018-12-27 21:00:00+00:00,2018-12-27 14:25:00+00:00,1,later,1,1d:DNEWS_24H,PAPER_2G_L1LR,2018-12,0.5,1,"{""C"":0.01}",227,2018-11-30 21:00:00+00:00
AAPL,2018-12-28,AAPL|2018-12-28 14:30:00+00:00,2018-12-28 14:30:00+00:00,2018-12-28 21:00:00+00:00,2018-12-28 14:25:00+00:00,0,later,1,1d:DNEWS_24H,PAPER_2G_L1LR,2018-12,0.5,1,"{""C"":0.01}",227,2018-11-30 21:00:00+00:00
AAPL,2018-12-31,AAPL|2018-12-31 14:30:00+00:00,2018-12-31 14:30:00+00:00,2018-12-31 21:00:00+00:00,2018-12-31 14:25:00+00:00,1,later,1,1d:DNEWS_24H,PAPER_2G_L1LR,2018-12,0.5,1,"{""C"":0.01}",227,2018-11-30 21:00:00+00:00
AAPL,2019-01-02,AAPL|2019-01-02 14:30:00+00:00,2019-01-02 14:30:00+00:00,2019-01-02 21:00:00+00:00,2019-01-02 14:25:00+00:00,0,later,1,1d:DNEWS_24H,PAPER_2G_L1LR,2019-01,0.5,1,"{""C"":0.01}",246,2018-12-31 21:00:00+00:00
AAPL,2019-01-03,AAPL|2019-01-03 14:30:00+00:00,2019-01-03 14:30:00+00:00,2019-01-03 21:00:00+00:00,2019-01-03 14:25:00+00:00,0,later,1,1d:DNEWS_24H,PAPER_2G_L1LR,2019-01,0.5,1,"{""C"":0.01}",246,2018-12-31 21:00:00+00:00
AAPL,2019-01-04,AAPL|2019-01-04 14:30:00+00:00,2019-01-04 14:30:00+00:00,2019-01-04 21:00:00+00:00,2019-01-04 14:25:00+00:00,1,later,1,1d:DNEWS_24H,PAPER_2G_L1LR,2019-01,0.5,1,"{""C"":0.01}",246,2018-12-31 21:00:00+00:00
AAPL,2019-01-07,AAPL|2019-01-07 14:30:00+00:00,2019-01-07 14:30:00+00:00,2019-01-07 21:00:00+00:00,2019-01-07 14:25:00+00:00,0,later,1,1d:DNEWS_24H,PAPER_2G_L1LR,2019-01,0.5,1,"{""C"":0.01}",246,2018-12-31 21:00:00+00:00
AAPL,2019-01-08,AAPL|2019-01-08 14:30:00+00:00,2019-01-08 14:30:00+00:00,2019-01-08 21:00:00+00:00,2019-01-08 14:25:00+00:00,1,later,1,1d:DNEWS_24H,PAPER_2G_L1LR,2019-01,0.5,1,"{""C"":0.01}",246,2018-12-31 21:00:00+00:00
AAPL,2019-01-09,AAPL|2019-01-09 14:30:00+00:00,2019-01-09 14:30:00+00:00,2019-01-09 21:00:00+00:00,2019-01-09 14:25:00+00:00,1,later,1,1d:DNEWS_24H,PAPER_2G_L1LR,2019-01,0.5,1,"{""C"":0.01}",246,2018-12-31 21:00:00+00:00
AAPL,2019-01-10,AAPL|2019-01-10 14:30:00+00:00,2019-01-10 14:30:00+00:00,2019-01-10 21:00:00+00:00,2019-01-10 14:25:00+00:00,1,later,1,1d:DNEWS_24H,PAPER_2G_L1LR,2019-01,0.5,1,"{""C"":0.01}",246,2018-12-31 21:00:00+00:00
AAPL,2019-01-11,AAPL|2019-01-11 14:30:00+00:00,2019-01-11 14:30:00+00:00,2019-01-11 21:00:00+00:00,2019-01-11 14:25:00+00:00,0,later,1,1d:DNEWS_24H,PAPER_2G_L1LR,2019-01,0.5,1,"{""C"":0.01}",246,2018-12-31 21:00:00+00:00
AAPL,2019-01-14,AAPL|2019-01-14 14:30:00+00:00,2019-01-14 14:30:00+00:00,2019-01-14 21:00:00+00:00,2019-01-14 14:25:00+00:00,0,later,1,1d:DNEWS_24H,PAPER_2G_L1LR,2019-01,0.5,1,"{""C"":0.01}",246,2018-12-31 21:00:00+00:00
AAPL,2019-01-15,AAPL|2019-01-15 14:30:00+00:00,2019-01-15 14:30:00+00:00,2019-01-15 21:00:00+00:00,2019-01-15 14:25:00+00:00,1,later,1,1d:DNEWS_24H,PAPER_2G_L1LR,2019-01,0.5,1,"{""C"":0.01}",246,2018-12-31 21:00:00+00:00
AAPL,2019-01-16,AAPL|2019-01-16 14:30:00+00:00,2019-01-16 14:30:00+00:00,2019-01-16 21:00:00+00:00,2019-01-16 14:25:00+00:00,1,later,1,1d:DNEWS_24H,PAPER_2G_L1LR,2019-01,0.5,1,"{""C"":0.01}",246,2018-12-31 21:00:00+00:00
AAPL,2019-01-17,AAPL|2019-01-17 14:30:00+00:00,2019-01-17 14:30:00+00:00,2019-01-17 21:00:00+00:00,2019-01-17 14:25:00+00:00,1,later,1,1d:DNEWS_24H,PAPER_2G_L1LR,2019-01,0.5,1,"{""C"":0.01}",246,2018-12-31 21:00:00+00:00
AAPL,2019-01-18,AAPL|2019-01-18 14:30:00+00:00,2019-01-18 14:30:00+00:00,2019-01-18 21:00:00+00:00,2019-01-18 14:25:00+00:00,0,later,1,1d:DNEWS_24H,PAPER_2G_L1LR,2019-01,0.5,1,"{""C"":0.01}",246,2018-12-31 21:00:00+00:00
AAPL,2019-01-22,AAPL|2019-01-22 14:30:00+00:00,2019-01-22 14:30:00+00:00,2019-01-22 21:00:00+00:00,2019-01-22 14:25:00+00:00,0,later,1,1d:DNEWS_24H,PAPER_2G_L1LR,2019-01,0.5,1,"{""C"":0.01}",246,2018-12-31 21:00:00+00:00
AAPL,2019-01-23,AAPL|2019-01-23 14:30:00+00:00,2019-01-23 14:30:00+00:00,2019-01-23 21:00:00+00:00,2019-01-23 14:25:00+00:00,0,later,1,1d:DNEWS_24H,PAPER_2G_L1LR,2019-01,0.5,1,"{""C"":0.01}",246,2018-12-31 21:00:00+00:00
AAPL,2019-01-24,AAPL|2019-01-24 14:30:00+00:00,2019-01-24 14:30:00+00:00,2019-01-24 21:00:00+00:00,2019-01-24 14:25:00+00:00,0,later,1,1d:DNEWS_24H,PAPER_2G_L1LR,2019-01,0.5,1,"{""C"":0.01}",246,2018-12-31 21:00:00+00:00
AAPL,2019-01-25,AAPL|2019-01-25 14:30:00+00:00,2019-01-25 14:30:00+00:00,2019-01-25 21:00:00+00:00,2019-01-25 14:25:00+00:00,1,later,1,1d:DNEWS_24H,PAPER_2G_L1LR,2019-01,0.5,1,"{""C"":0.01}",246,2018-12-31 21:00:00+00:00
AAPL,2019-01-28,AAPL|2019-01-28 14:30:00+00:00,2019-01-28 14:30:00+00:00,2019-01-28 21:00:00+00:00,2019-01-28 14:25:00+00:00,0,later,1,1d:DNEWS_24H,PAPER_2G_L1LR,2019-01,0.5,1,"{""C"":0.01}",246,2018-12-31 21:00:00+00:00
AAPL,2019-01-29,AAPL|2019-01-29 14:30:00+00:00,2019-01-29 14:30:00+00:00,2019-01-29 21:00:00+00:00,2019-01-29 14:25:00+00:00,1,later,1,1d:DNEWS_24H,PAPER_2G_L1LR,2019-01,0.5,1,"{""C"":0.01}",246,2018-12-31 21:00:00+00:00
AAPL,2019-01-30,AAPL|2019-01-30 14:30:00+00:00,2019-01-30 14:30:00+00:00,2019-01-30 21:00:00+00:00,2019-01-30 14:25:00+00:00,1,later,1,1d:DNEWS_24H,PAPER_2G_L1LR,2019-01,0.5,1,"{""C"":0.01}",246,2018-12-31 21:00:00+00:00
AAPL,2019-01-31,AAPL|2019-01-31 14:30:00+00:00,2019-01-31 14:30:00+00:00,2019-01-31 21:00:00+00:00,2019-01-31 14:25:00+00:00,1,later,1,1d:DNEWS_24H,PAPER_2G_L1LR,2019-01,0.5,1,"{""C"":0.01}",246,2018-12-31 21:00:00+00:00
AAPL,2019-02-01,AAPL|2019-02-01 14:30:00+00:00,2019-02-01 14:30:00+00:00,2019-02-01 21:00:00+00:00,2019-02-01 14:25:00+00:00,1,later,1,1d:DNEWS_24H,PAPER_2G_L1LR,2019-02,0.5,1,"{""C"":0.01}",267,2019-01-31 21:00:00+00:00
AMZN,2018-09-04,AMZN|2018-09-04 13:30:00+00:00,2018-09-04 13:30:00+00:00,2018-09-04 20:00:00+00:00,2018-09-04 13:25:00+00:00,1,development,1,1d:DNEWS_24H,PAPER_2G_L1LR,2018-09,0.132715603925439,0,"{""C"":1.0}",164,2018-08-31 20:00:00+00:00
AMZN,2018-09-05,AMZN|2018-09-05 13:30:00+00:00,2018-09-05 13:30:00+00:00,2018-09-05 20:00:00+00:00,2018-09-05 13:25:00+00:00,0,development,1,1d:DNEWS_24H,PAPER_2G_L1LR,2018-09,0.7384867649416279,1,"{""C"":1.0}",164,2018-08-31 20:00:00+00:00
AMZN,2018-09-06,AMZN|2018-09-06 13:30:00+00:00,2018-09-06 13:30:00+00:00,2018-09-06 20:00:00+00:00,2018-09-06 13:25:00+00:00,0,development,1,1d:DNEWS_24H,PAPER_2G_L1LR,2018-09,0.35061609010263556,0,"{""C"":1.0}",164,2018-08-31 20:00:00+00:00
AMZN,2018-09-07,AMZN|2018-09-07 13:30:00+00:00,2018-09-07 13:30:00+00:00,2018-09-07 20:00:00+00:00,2018-09-07 13:25:00+00:00,1,development,1,1d:DNEWS_24H,PAPER_2G_L1LR,2018-09,0.8694271906164001,1,"{""C"":1.0}",164,2018-08-31 20:00:00+00:00
AMZN,2018-09-10,AMZN|2018-09-10 13:30:00+00:00,2018-09-10 13:30:00+00:00,2018-09-10 20:00:00+00:00,2018-09-10 13:25:00+00:00,0,development,1,1d:DNEWS_24H,PAPER_2G_L1LR,2018-09,0.23918151027293014,0,"{""C"":1.0}",164,2018-08-31 20:00:00+00:00
AMZN,2018-09-11,AMZN|2018-09-11 13:30:00+00:00,2018-09-11 13:30:00+00:00,2018-09-11 20:00:00+00:00,2018-09-11 13:25:00+00:00,1,development,1,1d:DNEWS_24H,PAPER_2G_L1LR,2018-09,0.18049512377974358,0,"{""C"":1.0}",164,2018-08-31 20:00:00+00:00
AMZN,2018-09-12,AMZN|2018-09-12 13:30:00+00:00,2018-09-12 13:30:00+00:00,2018-09-12 20:00:00+00:00,2018-09-12 13:25:00+00:00,0,development,1,1d:DNEWS_24H,PAPER_2G_L1LR,2018-09,0.6752503010885261,1,"{""C"":1.0}",164,2018-08-31 20:00:00+00:00
AMZN,2018-09-13,AMZN|2018-09-13 13:30:00+00:00,2018-09-13 13:30:00+00:00,2018-09-13 20:00:00+00:00,2018-09-13 13:25:00+00:00,0,development,1,1d:DNEWS_24H,PAPER_2G_L1LR,2018-09,0.5064331904961461,1,"{""C"":1.0}",164,2018-08-31 20:00:00+00:00
AMZN,2018-09-14,AMZN|2018-09-14 13:30:00+00:00,2018-09-14 13:30:00+00:00,2018-09-14 20:00:00+00:00,2018-09-14 13:25:00+00:00,0,development,1,1d:DNEWS_24H,PAPER_2G_L1LR,2018-09,0.5026490806767014,1,"{""C"":1.0}",164,2018-08-31 20:00:00+00:00
AMZN,2018-09-17,AMZN|2018-09-17 13:30:00+00:00,2018-09-17 13:30:00+00:00,2018-09-17 20:00:00+00:00,2018-09-17 13:25:00+00:00,0,development,1,1d:DNEWS_24H,PAPER_2G_L1LR,2018-09,0.7726254202059293,1,"{""C"":1.0}",164,2018-08-31 20:00:00+00:00
AMZN,2018-09-18,AMZN|2018-09-18 13:30:00+00:00,2018-09-18 13:30:00+00:00,2018-09-18 20:00:00+00:00,2018-09-18 13:25:00+00:00,1,development,1,1d:DNEWS_24H,PAPER_2G_L1LR,2018-09,0.31313664417865905,0,"{""C"":1.0}",164,2018-08-31 20:00:00+00:00
AMZN,2018-09-19,AMZN|2018-09-19 13:30:00+00:00,2018-09-19 13:30:00+00:00,2018-09-19 20:00:00+00:00,2018-09-19 13:25:00+00:00,0,development,1,1d:DNEWS_24H,PAPER_2G_L1LR,2018-09,0.4559231632127902,0,"{""C"":1.0}",164,2018-08-31 20:00:00+00:00
AMZN,2018-09-20,AMZN|2018-09-20 13:30:00+00:00,2018-09-20 13:30:00+00:00,2018-09-20 20:00:00+00:00,2018-09-20 13:25:00+00:00,1,development,1,1d:DNEWS_24H,PAPER_2G_L1LR,2018-09,0.03453649436283554,0,"{""C"":1.0}",164,2018-08-31 20:00:00+00:00
AMZN,2018-09-21,AMZN|2018-09-21 13:30:00+00:00,2018-09-21 13:30:00+00:00,2018-09-21 20:00:00+00:00,2018-09-21 13:25:00+00:00,0,development,1,1d:DNEWS_24H,PAPER_2G_L1LR,2018-09,0.1961158353319925,0,"{""C"":1.0}",164,2018-08-31 20:00:00+00:00
AMZN,2018-09-24,AMZN|2018-09-24 13:30:00+00:00,2018-09-24 13:30:00+00:00,2018-09-24 20:00:00+00:00,2018-09-24 13:25:00+00:00,1,development,1,1d:DNEWS_24H,PAPER_2G_L1LR,2018-09,0.7220141935566868,1,"{""C"":1.0}",164,2018-08-31 20:00:00+00:00
AMZN,2018-09-25,AMZN|2018-09-25 13:30:00+00:00,2018-09-25 13:30:00+00:00,2018-09-25 20:00:00+00:00,2018-09-25 13:25:00+00:00,1,development,1,1d:DNEWS_24H,PAPER_2G_L1LR,2018-09,0.17730274863111561,0,"{""C"":1.0}",164,2018-08-31 20:00:00+00:00
AMZN,2018-09-26,AMZN|2018-09-26 13:30:00+00:00,2018-09-26 13:30:00+00:00,2018-09-26 20:00:00+00:00,2018-09-26 13:25:00+00:00,0,development,1,1d:DNEWS_24H,PAPER_2G_L1LR,2018-09,0.2697772707743515,0,"{""C"":1.0}",164,2018-08-31 20:00:00+00:00
AMZN,2018-09-27,AMZN|2018-09-27 13:30:00+00:00,2018-09-27 13:30:00+00:00,2018-09-27 20:00:00+00:00,2018-09-27 13:25:00+00:00,1,development,1,1d:DNEWS_24H,PAPER_2G_L1LR,2018-09,0.7137751609597393,1,"{""C"":1.0}",164,2018-08-31 20:00:00+00:00
AMZN,2018-09-28,AMZN|2018-09-28 13:30:00+00:00,2018-09-28 13:30:00+00:00,2018-09-28 20:00:00+00:00,2018-09-28 13:25:00+00:00,1,development,1,1d:DNEWS_24H,PAPER_2G_L1LR,2018-09,0.420202419007584,0,"{""C"":1.0}",164,2018-08-31 20:00:00+00:00
AMZN,2018-10-01,AMZN|2018-10-01 13:30:00+00:00,2018-10-01 13:30:00+00:00,2018-10-01 20:00:00+00:00,2018-10-01 13:25:00+00:00,0,development,1,1d:DNEWS_24H,PAPER_2G_L1LR,2018-10,0.5818889754430876,1,"{""C"":1.0}",183,2018-09-28 20:00:00+00:00
AMZN,2018-10-02,AMZN|2018-10-02 13:30:00+00:00,2018-10-02 13:30:00+00:00,2018-10-02 20:00:00+00:00,2018-10-02 13:25:00+00:00,0,development,1,1d:DNEWS_24H,PAPER_2G_L1LR,2018-10,0.2047434306633934,0,"{""C"":1.0}",183,2018-09-28 20:00:00+00:00
AMZN,2018-10-03,AMZN|2018-10-03 13:30:00+00:00,2018-10-03 13:30:00+00:00,2018-10-03 20:00:00+00:00,2018-10-03 13:25:00+00:00,0,development,1,1d:DNEWS_24H,PAPER_2G_L1LR,2018-10,0.43115262495465156,0,"{""C"":1.0}",183,2018-09-28 20:00:00+00:00
AMZN,2018-10-04,AMZN|2018-10-04 13:30:00+00:00,2018-10-04 13:30:00+00:00,2018-10-04 20:00:00+00:00,2018-10-04 13:25:00+00:00,0,development,1,1d:DNEWS_24H,PAPER_2G_L1LR,2018-10,0.6349388982797859,1,"{""C"":1.0}",183,2018-09-28 20:00:00+00:00
AMZN,2018-10-05,AMZN|2018-10-05 13:30:00+00:00,2018-10-05 13:30:00+00:00,2018-10-05 20:00:00+00:00,2018-10-05 13:25:00+00:00,0,development,1,1d:DNEWS_24H,PAPER_2G_L1LR,2018-10,0.37497351946902396,0,"{""C"":1.0}",183,2018-09-28 20:00:00+00:00
AMZN,2018-10-08,AMZN|2018-10-08 13:30:00+00:00,2018-10-08 13:30:00+00:00,2018-10-08 20:00:00+00:00,2018-10-08 13:25:00+00:00,0,development,1,1d:DNEWS_24H,PAPER_2G_L1LR,2018-10,0.48119404567353063,0,"{""C"":1.0}",183,2018-09-28 20:00:00+00:00
AMZN,2018-10-09,AMZN|2018-10-09 13:30:00+00:00,2018-10-09 13:30:00+00:00,2018-10-09 20:00:00+00:00,2018-10-09 13:25:00+00:00,1,development,1,1d:DNEWS_24H,PAPER_2G_L1LR,2018-10,0.9726513178988998,1,"{""C"":1.0}",183,2018-09-28 20:00:00+00:00
AMZN,2018-10-10,AMZN|2018-10-10 13:30:00+00:00,2018-10-10 13:30:00+00:00,2018-10-10 20:00:00+00:00,2018-10-10 13:25:00+00:00,0,development,1,1d:DNEWS_24H,PAPER_2G_L1LR,2018-10,0.5564311768271428,1,"{""C"":1.0}",183,2018-09-28 20:00:00+00:00
AMZN,2018-10-11,AMZN|2018-10-11 13:30:00+00:00,2018-10-11 13:30:00+00:00,2018-10-11 20:00:00+00:00,2018-10-11 13:25:00+00:00,1,development,1,1d:DNEWS_24H,PAPER_2G_L1LR,2018-10,0.31272747310571614,0,"{""C"":1.0}",183,2018-09-28 20:00:00+00:00
AMZN,2018-10-12,AMZN|2018-10-12 13:30:00+00:00,2018-10-12 13:30:00+00:00,2018-10-12 20:00:00+00:00,2018-10-12 13:25:00+00:00,0,development,0,1d:DNEWS_24H,PAPER_2G_L1LR,2018-10,0.6594971765970746,1,"{""C"":1.0}",183,2018-09-28 20:00:00+00:00
AMZN,2018-10-15,AMZN|2018-10-15 13:30:00+00:00,2018-10-15 13:30:00+00:00,2018-10-15 20:00:00+00:00,2018-10-15 13:25:00+00:00,0,development,0,1d:DNEWS_24H,PAPER_2G_L1LR,2018-10,0.698025489803453,1,"{""C"":1.0}",183,2018-09-28 20:00:00+00:00
AMZN,2018-10-16,AMZN|2018-10-16 13:30:00+00:00,2018-10-16 13:30:00+00:00,2018-10-16 20:00:00+00:00,2018-10-16 13:25:00+00:00,1,development,1,1d:DNEWS_24H,PAPER_2G_L1LR,2018-10,0.6562341938745666,1,"{""C"":1.0}",183,2018-09-28 20:00:00+00:00
AMZN,2018-10-17,AMZN|2018-10-17 13:30:00+00:00,2018-10-17 13:30:00+00:00,2018-10-17 20:00:00+00:00,2018-10-17 13:25:00+00:00,1,development,1,1d:DNEWS_24H,PAPER_2G_L1LR,2018-10,0.6301600762536028,1,"{""C"":1.0}",183,2018-09-28 20:00:00+00:00
AMZN,2018-10-18,AMZN|2018-10-18 13:30:00+00:00,2018-10-18 13:30:00+00:00,2018-10-18 20:00:00+00:00,2018-10-18 13:25:00+00:00,0,development,1,1d:DNEWS_24H,PAPER_2G_L1LR,2018-10,0.5643525365719325,1,"{""C"":1.0}",183,2018-09-28 20:00:00+00:00
AMZN,2018-10-19,AMZN|2018-10-19 13:30:00+00:00,2018-10-19 13:30:00+00:00,2018-10-19 20:00:00+00:00,2018-10-19 13:25:00+00:00,0,development,1,1d:DNEWS_24H,PAPER_2G_L1LR,2018-10,0.5120480329684047,1,"{""C"":1.0}",183,2018-09-28 20:00:00+00:00
AMZN,2018-10-22,AMZN|2018-10-22 13:30:00+00:00,2018-10-22 13:30:00+00:00,2018-10-22 20:00:00+00:00,2018-10-22 13:25:00+00:00,1,development,1,1d:DNEWS_24H,PAPER_2G_L1LR,2018-10,0.5002640720186134,1,"{""C"":1.0}",183,2018-09-28 20:00:00+00:00
AMZN,2018-10-23,AMZN|2018-10-23 13:30:00+00:00,2018-10-23 13:30:00+00:00,2018-10-23 20:00:00+00:00,2018-10-23 13:25:00+00:00,1,development,1,1d:DNEWS_24H,PAPER_2G_L1LR,2018-10,0.12663661547806485,0,"{""C"":1.0}",183,2018-09-28 20:00:00+00:00
AMZN,2018-10-24,AMZN|2018-10-24 13:30:00+00:00,2018-10-24 13:30:00+00:00,2018-10-24 20:00:00+00:00,2018-10-24 13:25:00+00:00,0,development,1,1d:DNEWS_24H,PAPER_2G_L1LR,2018-10,0.12324671717925798,0,"{""C"":1.0}",183,2018-09-28 20:00:00+00:00
AMZN,2018-10-25,AMZN|2018-10-25 13:30:00+00:00,2018-10-25 13:30:00+00:00,2018-10-25 20:00:00+00:00,2018-10-25 13:25:00+00:00,0,development,0,1d:DNEWS_24H,PAPER_2G_L1LR,2018-10,0.5345096536431952,1,"{""C"":1.0}",183,2018-09-28 20:00:00+00:00
AMZN,2018-10-26,AMZN|2018-10-26 13:30:00+00:00,2018-10-26 13:30:00+00:00,2018-10-26 20:00:00+00:00,2018-10-26 13:25:00+00:00,1,development,1,1d:DNEWS_24H,PAPER_2G_L1LR,2018-10,0.644782613342375,1,"{""C"":1.0}",183,2018-09-28 20:00:00+00:00
AMZN,2018-10-29,AMZN|2018-10-29 13:30:00+00:00,2018-10-29 13:30:00+00:00,2018-10-29 20:00:00+00:00,2018-10-29 13:25:00+00:00,0,development,1,1d:DNEWS_24H,PAPER_2G_L1LR,2018-10,0.23265581483951586,0,"{""C"":1.0}",183,2018-09-28 20:00:00+00:00
AMZN,2018-10-30,AMZN|2018-10-30 13:30:00+00:00,2018-10-30 13:30:00+00:00,2018-10-30 20:00:00+00:00,2018-10-30 13:25:00+00:00,1,development,1,1d:DNEWS_24H,PAPER_2G_L1LR,2018-10,0.27441059550036884,0,"{""C"":1.0}",183,2018-09-28 20:00:00+00:00
AMZN,2018-10-31,AMZN|2018-10-31 13:30:00+00:00,2018-10-31 13:30:00+00:00,2018-10-31 20:00:00+00:00,2018-10-31 13:25:00+00:00,1,development,1,1d:DNEWS_24H,PAPER_2G_L1LR,2018-10,0.5721353451585175,1,"{""C"":1.0}",183,2018-09-28 20:00:00+00:00
AMZN,2018-11-01,AMZN|2018-11-01 13:30:00+00:00,2018-11-01 13:30:00+00:00,2018-11-01 20:00:00+00:00,2018-11-01 13:25:00+00:00,1,later,1,1d:DNEWS_24H,PAPER_2G_L1LR,2018-11,0.2258678595391896,0,"{""C"":1.0}",206,2018-10-31 20:00:00+00:00
AMZN,2018-11-02,AMZN|2018-11-02 13:30:00+00:00,2018-11-02 13:30:00+00:00,2018-11-02 20:00:00+00:00,2018-11-02 13:25:00+00:00,0,later,1,1d:DNEWS_24H,PAPER_2G_L1LR,2018-11,0.5298078992137292,1,"{""C"":1.0}",206,2018-10-31 20:00:00+00:00
AMZN,2018-11-05,AMZN|2018-11-05 14:30:00+00:00,2018-11-05 14:30:00+00:00,2018-11-05 21:00:00+00:00,2018-11-05 14:25:00+00:00,0,later,1,1d:DNEWS_24H,PAPER_2G_L1LR,2018-11,0.13537204259658767,0,"{""C"":1.0}",206,2018-10-31 20:00:00+00:00
AMZN,2018-11-06,AMZN|2018-11-06 14:30:00+00:00,2018-11-06 14:30:00+00:00,2018-11-06 21:00:00+00:00,2018-11-06 14:25:00+00:00,1,later,1,1d:DNEWS_24H,PAPER_2G_L1LR,2018-11,0.32282020790503213,0,"{""C"":1.0}",206,2018-10-31 20:00:00+00:00
AMZN,2018-11-07,AMZN|2018-11-07 14:30:00+00:00,2018-11-07 14:30:00+00:00,2018-11-07 21:00:00+00:00,2018-11-07 14:25:00+00:00,1,later,1,1d:DNEWS_24H,PAPER_2G_L1LR,2018-11,0.4453206390465817,0,"{""C"":1.0}",206,2018-10-31 20:00:00+00:00
AMZN,2018-11-08,AMZN|2018-11-08 14:30:00+00:00,2018-11-08 14:30:00+00:00,2018-11-08 21:00:00+00:00,2018-11-08 14:25:00+00:00,0,later,1,1d:DNEWS_24H,PAPER_2G_L1LR,2018-11,0.536541129102587,1,"{""C"":1.0}",206,2018-10-31 20:00:00+00:00
AMZN,2018-11-09,AMZN|2018-11-09 14:30:00+00:00,2018-11-09 14:30:00+00:00,2018-11-09 21:00:00+00:00,2018-11-09 14:25:00+00:00,0,later,1,1d:DNEWS_24H,PAPER_2G_L1LR,2018-11,0.18189008206669752,0,"{""C"":1.0}",206,2018-10-31 20:00:00+00:00
AMZN,2018-11-12,AMZN|2018-11-12 14:30:00+00:00,2018-11-12 14:30:00+00:00,2018-11-12 21:00:00+00:00,2018-11-12 14:25:00+00:00,0,later,0,1d:DNEWS_24H,PAPER_2G_L1LR,2018-11,0.5739457742246662,1,"{""C"":1.0}",206,2018-10-31 20:00:00+00:00
AMZN,2018-11-13,AMZN|2018-11-13 14:30:00+00:00,2018-11-13 14:30:00+00:00,2018-11-13 21:00:00+00:00,2018-11-13 14:25:00+00:00,0,later,1,1d:DNEWS_24H,PAPER_2G_L1LR,2018-11,0.08138132979325909,0,"{""C"":1.0}",206,2018-10-31 20:00:00+00:00
AMZN,2018-11-14,AMZN|2018-11-14 14:30:00+00:00,2018-11-14 14:30:00+00:00,2018-11-14 21:00:00+00:00,2018-11-14 14:25:00+00:00,0,later,1,1d:DNEWS_24H,PAPER_2G_L1LR,2018-11,0.6307307453598235,1,"{""C"":1.0}",206,2018-10-31 20:00:00+00:00
AMZN,2018-11-15,AMZN|2018-11-15 14:30:00+00:00,2018-11-15 14:30:00+00:00,2018-11-15 21:00:00+00:00,2018-11-15 14:25:00+00:00,1,later,1,1d:DNEWS_24H,PAPER_2G_L1LR,2018-11,0.36796815964770035,0,"{""C"":1.0}",206,2018-10-31 20:00:00+00:00
AMZN,2018-11-16,AMZN|2018-11-16 14:30:00+00:00,2018-11-16 14:30:00+00:00,2018-11-16 21:00:00+00:00,2018-11-16 14:25:00+00:00,1,later,1,1d:DNEWS_24H,PAPER_2G_L1LR,2018-11,0.26597216437969573,0,"{""C"":1.0}",206,2018-10-31 20:00:00+00:00
AMZN,2018-11-19,AMZN|2018-11-19 14:30:00+00:00,2018-11-19 14:30:00+00:00,2018-11-19 21:00:00+00:00,2018-11-19 14:25:00+00:00,0,later,1,1d:DNEWS_24H,PAPER_2G_L1LR,2018-11,0.8705461855777404,1,"{""C"":1.0}",206,2018-10-31 20:00:00+00:00
AMZN,2018-11-20,AMZN|2018-11-20 14:30:00+00:00,2018-11-20 14:30:00+00:00,2018-11-20 21:00:00+00:00,2018-11-20 14:25:00+00:00,1,later,1,1d:DNEWS_24H,PAPER_2G_L1LR,2018-11,0.5623158337104492,1,"{""C"":1.0}",206,2018-10-31 20:00:00+00:00
AMZN,2018-11-21,AMZN|2018-11-21 14:30:00+00:00,2018-11-21 14:30:00+00:00,2018-11-21 21:00:00+00:00,2018-11-21 14:25:00+00:00,0,later,1,1d:DNEWS_24H,PAPER_2G_L1LR,2018-11,0.29504015872934336,0,"{""C"":1.0}",206,2018-10-31 20:00:00+00:00
AMZN,2018-11-23,AMZN|2018-11-23 14:30:00+00:00,2018-11-23 14:30:00+00:00,2018-11-23 18:00:00+00:00,2018-11-23 14:25:00+00:00,0,later,0,1d:DNEWS_24H,PAPER_2G_L1LR,2018-11,0.5678092861098236,1,"{""C"":1.0}",206,2018-10-31 20:00:00+00:00
AMZN,2018-11-26,AMZN|2018-11-26 14:30:00+00:00,2018-11-26 14:30:00+00:00,2018-11-26 21:00:00+00:00,2018-11-26 14:25:00+00:00,1,later,1,1d:DNEWS_24H,PAPER_2G_L1LR,2018-11,0.46763719486525246,0,"{""C"":1.0}",206,2018-10-31 20:00:00+00:00
AMZN,2018-11-27,AMZN|2018-11-27 14:30:00+00:00,2018-11-27 14:30:00+00:00,2018-11-27 21:00:00+00:00,2018-11-27 14:25:00+00:00,1,later,1,1d:DNEWS_24H,PAPER_2G_L1LR,2018-11,0.3253884760173933,0,"{""C"":1.0}",206,2018-10-31 20:00:00+00:00
AMZN,2018-11-28,AMZN|2018-11-28 14:30:00+00:00,2018-11-28 14:30:00+00:00,2018-11-28 21:00:00+00:00,2018-11-28 14:25:00+00:00,1,later,1,1d:DNEWS_24H,PAPER_2G_L1LR,2018-11,0.020223290179624077,0,"{""C"":1.0}",206,2018-10-31 20:00:00+00:00
AMZN,2018-11-29,AMZN|2018-11-29 14:30:00+00:00,2018-11-29 14:30:00+00:00,2018-11-29 21:00:00+00:00,2018-11-29 14:25:00+00:00,1,later,1,1d:DNEWS_24H,PAPER_2G_L1LR,2018-11,0.10987909305715159,0,"{""C"":1.0}",206,2018-10-31 20:00:00+00:00
AMZN,2018-11-30,AMZN|2018-11-30 14:30:00+00:00,2018-11-30 14:30:00+00:00,2018-11-30 21:00:00+00:00,2018-11-30 14:25:00+00:00,1,later,1,1d:DNEWS_24H,PAPER_2G_L1LR,2018-11,0.5342086871482086,1,"{""C"":1.0}",206,2018-10-31 20:00:00+00:00
AMZN,2018-12-03,AMZN|2018-12-03 14:30:00+00:00,2018-12-03 14:30:00+00:00,2018-12-03 21:00:00+00:00,2018-12-03 14:25:00+00:00,1,later,1,1d:DNEWS_24H,PAPER_2G_L1LR,2018-12,0.16576419647223029,0,"{""C"":1.0}",227,2018-11-30 21:00:00+00:00
AMZN,2018-12-04,AMZN|2018-12-04 14:30:00+00:00,2018-12-04 14:30:00+00:00,2018-12-04 21:00:00+00:00,2018-12-04 14:25:00+00:00,0,later,1,1d:DNEWS_24H,PAPER_2G_L1LR,2018-12,0.3162589836480545,0,"{""C"":1.0}",227,2018-11-30 21:00:00+00:00
AMZN,2018-12-06,AMZN|2018-12-06 14:30:00+00:00,2018-12-06 14:30:00+00:00,2018-12-06 21:00:00+00:00,2018-12-06 14:25:00+00:00,1,later,1,1d:DNEWS_24H,PAPER_2G_L1LR,2018-12,0.25445735912472983,0,"{""C"":1.0}",227,2018-11-30 21:00:00+00:00
AMZN,2018-12-07,AMZN|2018-12-07 14:30:00+00:00,2018-12-07 14:30:00+00:00,2018-12-07 21:00:00+00:00,2018-12-07 14:25:00+00:00,0,later,1,1d:DNEWS_24H,PAPER_2G_L1LR,2018-12,0.4047474474057222,0,"{""C"":1.0}",227,2018-11-30 21:00:00+00:00
AMZN,2018-12-10,AMZN|2018-12-10 14:30:00+00:00,2018-12-10 14:30:00+00:00,2018-12-10 21:00:00+00:00,2018-12-10 14:25:00+00:00,1,later,1,1d:DNEWS_24H,PAPER_2G_L1LR,2018-12,0.7627695136708539,1,"{""C"":1.0}",227,2018-11-30 21:00:00+00:00
AMZN,2018-12-11,AMZN|2018-12-11 14:30:00+00:00,2018-12-11 14:30:00+00:00,2018-12-11 21:00:00+00:00,2018-12-11 14:25:00+00:00,0,later,1,1d:DNEWS_24H,PAPER_2G_L1LR,2018-12,0.6743924240672569,1,"{""C"":1.0}",227,2018-11-30 21:00:00+00:00
AMZN,2018-12-12,AMZN|2018-12-12 14:30:00+00:00,2018-12-12 14:30:00+00:00,2018-12-12 21:00:00+00:00,2018-12-12 14:25:00+00:00,1,later,1,1d:DNEWS_24H,PAPER_2G_L1LR,2018-12,0.7368397631613354,1,"{""C"":1.0}",227,2018-11-30 21:00:00+00:00
AMZN,2018-12-13,AMZN|2018-12-13 14:30:00+00:00,2018-12-13 14:30:00+00:00,2018-12-13 21:00:00+00:00,2018-12-13 14:25:00+00:00,0,later,1,1d:DNEWS_24H,PAPER_2G_L1LR,2018-12,0.8913767147364062,1,"{""C"":1.0}",227,2018-11-30 21:00:00+00:00
AMZN,2018-12-14,AMZN|2018-12-14 14:30:00+00:00,2018-12-14 14:30:00+00:00,2018-12-14 21:00:00+00:00,2018-12-14 14:25:00+00:00,0,later,1,1d:DNEWS_24H,PAPER_2G_L1LR,2018-12,0.565421855251115,1,"{""C"":1.0}",227,2018-11-30 21:00:00+00:00
AMZN,2018-12-17,AMZN|2018-12-17 14:30:00+00:00,2018-12-17 14:30:00+00:00,2018-12-17 21:00:00+00:00,2018-12-17 14:25:00+00:00,0,later,1,1d:DNEWS_24H,PAPER_2G_L1LR,2018-12,0.2465066790979022,0,"{""C"":1.0}",227,2018-11-30 21:00:00+00:00
AMZN,2018-12-18,AMZN|2018-12-18 14:30:00+00:00,2018-12-18 14:30:00+00:00,2018-12-18 21:00:00+00:00,2018-12-18 14:25:00+00:00,0,later,1,1d:DNEWS_24H,PAPER_2G_L1LR,2018-12,0.5919111152510007,1,"{""C"":1.0}",227,2018-11-30 21:00:00+00:00
AMZN,2018-12-19,AMZN|2018-12-19 14:30:00+00:00,2018-12-19 14:30:00+00:00,2018-12-19 21:00:00+00:00,2018-12-19 14:25:00+00:00,0,later,1,1d:DNEWS_24H,PAPER_2G_L1LR,2018-12,0.6852543589822058,1,"{""C"":1.0}",227,2018-11-30 21:00:00+00:00
AMZN,2018-12-20,AMZN|2018-12-20 14:30:00+00:00,2018-12-20 14:30:00+00:00,2018-12-20 21:00:00+00:00,2018-12-20 14:25:00+00:00,0,later,1,1d:DNEWS_24H,PAPER_2G_L1LR,2018-12,0.7372858862405064,1,"{""C"":1.0}",227,2018-11-30 21:00:00+00:00
AMZN,2018-12-21,AMZN|2018-12-21 14:30:00+00:00,2018-12-21 14:30:00+00:00,2018-12-21 21:00:00+00:00,2018-12-21 14:25:00+00:00,0,later,0,1d:DNEWS_24H,PAPER_2G_L1LR,2018-12,0.5518631109432152,1,"{""C"":1.0}",227,2018-11-30 21:00:00+00:00
AMZN,2018-12-24,AMZN|2018-12-24 14:30:00+00:00,2018-12-24 14:30:00+00:00,2018-12-24 18:00:00+00:00,2018-12-24 14:25:00+00:00,0,later,1,1d:DNEWS_24H,PAPER_2G_L1LR,2018-12,0.5801728240353939,1,"{""C"":1.0}",227,2018-11-30 21:00:00+00:00
AMZN,2018-12-26,AMZN|2018-12-26 14:30:00+00:00,2018-12-26 14:30:00+00:00,2018-12-26 21:00:00+00:00,2018-12-26 14:25:00+00:00,1,later,0,1d:DNEWS_24H,PAPER_2G_L1LR,2018-12,0.5835167217620009,1,"{""C"":1.0}",227,2018-11-30 21:00:00+00:00
AMZN,2018-12-27,AMZN|2018-12-27 14:30:00+00:00,2018-12-27 14:30:00+00:00,2018-12-27 21:00:00+00:00,2018-12-27 14:25:00+00:00,1,later,1,1d:DNEWS_24H,PAPER_2G_L1LR,2018-12,0.32619699193521595,0,"{""C"":1.0}",227,2018-11-30 21:00:00+00:00
AMZN,2018-12-28,AMZN|2018-12-28 14:30:00+00:00,2018-12-28 14:30:00+00:00,2018-12-28 21:00:00+00:00,2018-12-28 14:25:00+00:00,1,later,1,1d:DNEWS_24H,PAPER_2G_L1LR,2018-12,0.4628257964034198,0,"{""C"":1.0}",227,2018-11-30 21:00:00+00:00
AMZN,2018-12-31,AMZN|2018-12-31 14:30:00+00:00,2018-12-31 14:30:00+00:00,2018-12-31 21:00:00+00:00,2018-12-31 14:25:00+00:00,0,later,1,1d:DNEWS_24H,PAPER_2G_L1LR,2018-12,0.7900397253209556,1,"{""C"":1.0}",227,2018-11-30 21:00:00+00:00
AMZN,2019-01-02,AMZN|2019-01-02 14:30:00+00:00,2019-01-02 14:30:00+00:00,2019-01-02 21:00:00+00:00,2019-01-02 14:25:00+00:00,1,later,1,1d:DNEWS_24H,PAPER_2G_L1LR,2019-01,0.5674666718885614,1,"{""C"":1.0}",246,2018-12-31 21:00:00+00:00
AMZN,2019-01-03,AMZN|2019-01-03 14:30:00+00:00,2019-01-03 14:30:00+00:00,2019-01-03 21:00:00+00:00,2019-01-03 14:25:00+00:00,0,later,1,1d:DNEWS_24H,PAPER_2G_L1LR,2019-01,0.2952513917605741,0,"{""C"":1.0}",246,2018-12-31 21:00:00+00:00
AMZN,2019-01-04,AMZN|2019-01-04 14:30:00+00:00,2019-01-04 14:30:00+00:00,2019-01-04 21:00:00+00:00,2019-01-04 14:25:00+00:00,1,later,1,1d:DNEWS_24H,PAPER_2G_L1LR,2019-01,0.9371366085081259,1,"{""C"":1.0}",246,2018-12-31 21:00:00+00:00
AMZN,2019-01-07,AMZN|2019-01-07 14:30:00+00:00,2019-01-07 14:30:00+00:00,2019-01-07 21:00:00+00:00,2019-01-07 14:25:00+00:00,1,later,1,1d:DNEWS_24H,PAPER_2G_L1LR,2019-01,0.7060108594908165,1,"{""C"":1.0}",246,2018-12-31 21:00:00+00:00
AMZN,2019-01-08,AMZN|2019-01-08 14:30:00+00:00,2019-01-08 14:30:00+00:00,2019-01-08 21:00:00+00:00,2019-01-08 14:25:00+00:00,0,later,1,1d:DNEWS_24H,PAPER_2G_L1LR,2019-01,0.9046400706242923,1,"{""C"":1.0}",246,2018-12-31 21:00:00+00:00
AMZN,2019-01-09,AMZN|2019-01-09 14:30:00+00:00,2019-01-09 14:30:00+00:00,2019-01-09 21:00:00+00:00,2019-01-09 14:25:00+00:00,0,later,1,1d:DNEWS_24H,PAPER_2G_L1LR,2019-01,0.4776027204932135,0,"{""C"":1.0}",246,2018-12-31 21:00:00+00:00
AMZN,2019-01-10,AMZN|2019-01-10 14:30:00+00:00,2019-01-10 14:30:00+00:00,2019-01-10 21:00:00+00:00,2019-01-10 14:25:00+00:00,1,later,1,1d:DNEWS_24H,PAPER_2G_L1LR,2019-01,0.48153874421716797,0,"{""C"":1.0}",246,2018-12-31 21:00:00+00:00
AMZN,2019-01-11,AMZN|2019-01-11 14:30:00+00:00,2019-01-11 14:30:00+00:00,2019-01-11 21:00:00+00:00,2019-01-11 14:25:00+00:00,0,later,1,1d:DNEWS_24H,PAPER_2G_L1LR,2019-01,0.2982791068609935,0,"{""C"":1.0}",246,2018-12-31 21:00:00+00:00
AMZN,2019-01-14,AMZN|2019-01-14 14:30:00+00:00,2019-01-14 14:30:00+00:00,2019-01-14 21:00:00+00:00,2019-01-14 14:25:00+00:00,1,later,1,1d:DNEWS_24H,PAPER_2G_L1LR,2019-01,0.9813371846785867,1,"{""C"":1.0}",246,2018-12-31 21:00:00+00:00
AMZN,2019-01-15,AMZN|2019-01-15 14:30:00+00:00,2019-01-15 14:30:00+00:00,2019-01-15 21:00:00+00:00,2019-01-15 14:25:00+00:00,1,later,1,1d:DNEWS_24H,PAPER_2G_L1LR,2019-01,0.2642399992519117,0,"{""C"":1.0}",246,2018-12-31 21:00:00+00:00
AMZN,2019-01-16,AMZN|2019-01-16 14:30:00+00:00,2019-01-16 14:30:00+00:00,2019-01-16 21:00:00+00:00,2019-01-16 14:25:00+00:00,0,later,1,1d:DNEWS_24H,PAPER_2G_L1LR,2019-01,0.11407038973829627,0,"{""C"":1.0}",246,2018-12-31 21:00:00+00:00
AMZN,2019-01-17,AMZN|2019-01-17 14:30:00+00:00,2019-01-17 14:30:00+00:00,2019-01-17 21:00:00+00:00,2019-01-17 14:25:00+00:00,1,later,1,1d:DNEWS_24H,PAPER_2G_L1LR,2019-01,0.5902586010755214,1,"{""C"":1.0}",246,2018-12-31 21:00:00+00:00
AMZN,2019-01-18,AMZN|2019-01-18 14:30:00+00:00,2019-01-18 14:30:00+00:00,2019-01-18 21:00:00+00:00,2019-01-18 14:25:00+00:00,0,later,1,1d:DNEWS_24H,PAPER_2G_L1LR,2019-01,0.41483153389683197,0,"{""C"":1.0}",246,2018-12-31 21:00:00+00:00
AMZN,2019-01-22,AMZN|2019-01-22 14:30:00+00:00,2019-01-22 14:30:00+00:00,2019-01-22 21:00:00+00:00,2019-01-22 14:25:00+00:00,0,later,0,1d:DNEWS_24H,PAPER_2G_L1LR,2019-01,0.5755355613544991,1,"{""C"":1.0}",246,2018-12-31 21:00:00+00:00
AMZN,2019-01-23,AMZN|2019-01-23 14:30:00+00:00,2019-01-23 14:30:00+00:00,2019-01-23 21:00:00+00:00,2019-01-23 14:25:00+00:00,0,later,0,1d:DNEWS_24H,PAPER_2G_L1LR,2019-01,0.4526219223824517,0,"{""C"":1.0}",246,2018-12-31 21:00:00+00:00
AMZN,2019-01-24,AMZN|2019-01-24 14:30:00+00:00,2019-01-24 14:30:00+00:00,2019-01-24 21:00:00+00:00,2019-01-24 14:25:00+00:00,1,later,1,1d:DNEWS_24H,PAPER_2G_L1LR,2019-01,0.5608938961945164,1,"{""C"":1.0}",246,2018-12-31 21:00:00+00:00
AMZN,2019-01-25,AMZN|2019-01-25 14:30:00+00:00,2019-01-25 14:30:00+00:00,2019-01-25 21:00:00+00:00,2019-01-25 14:25:00+00:00,1,later,0,1d:DNEWS_24H,PAPER_2G_L1LR,2019-01,0.5111613338825896,1,"{""C"":1.0}",246,2018-12-31 21:00:00+00:00
AMZN,2019-01-28,AMZN|2019-01-28 14:30:00+00:00,2019-01-28 14:30:00+00:00,2019-01-28 21:00:00+00:00,2019-01-28 14:25:00+00:00,0,later,1,1d:DNEWS_24H,PAPER_2G_L1LR,2019-01,0.6073833594415056,1,"{""C"":1.0}",246,2018-12-31 21:00:00+00:00
AMZN,2019-01-29,AMZN|2019-01-29 14:30:00+00:00,2019-01-29 14:30:00+00:00,2019-01-29 21:00:00+00:00,2019-01-29 14:25:00+00:00,0,later,1,1d:DNEWS_24H,PAPER_2G_L1LR,2019-01,0.6359337510292353,1,"{""C"":1.0}",246,2018-12-31 21:00:00+00:00
AMZN,2019-01-30,AMZN|2019-01-30 14:30:00+00:00,2019-01-30 14:30:00+00:00,2019-01-30 21:00:00+00:00,2019-01-30 14:25:00+00:00,1,later,1,1d:DNEWS_24H,PAPER_2G_L1LR,2019-01,0.20171945375797212,0,"{""C"":1.0}",246,2018-12-31 21:00:00+00:00
AMZN,2019-01-31,AMZN|2019-01-31 14:30:00+00:00,2019-01-31 14:30:00+00:00,2019-01-31 21:00:00+00:00,2019-01-31 14:25:00+00:00,1,later,1,1d:DNEWS_24H,PAPER_2G_L1LR,2019-01,0.5114712487931652,1,"{""C"":1.0}",246,2018-12-31 21:00:00+00:00
AMZN,2019-02-01,AMZN|2019-02-01 14:30:00+00:00,2019-02-01 14:30:00+00:00,2019-02-01 21:00:00+00:00,2019-02-01 14:25:00+00:00,0,later,1,1d:DNEWS_24H,PAPER_2G_L1LR,2019-02,0.21691267976859627,0,"{""C"":1.0}",267,2019-01-31 21:00:00+00:00
AAPL,2018-09-04,AAPL|2018-09-04 13:30:00+00:00,2018-09-04 13:30:00+00:00,2018-09-04 20:00:00+00:00,2018-09-04 13:25:00+00:00,1,development,1,1d:DNEWS_24H,TFIDF_KNN,2018-09,0.4,0,"{""n_neighbors"":5,""weights"":""uniform""}",164,2018-08-31 20:00:00+00:00
AAPL,2018-09-05,AAPL|2018-09-05 13:30:00+00:00,2018-09-05 13:30:00+00:00,2018-09-05 20:00:00+00:00,2018-09-05 13:25:00+00:00,0,development,1,1d:DNEWS_24H,TFIDF_KNN,2018-09,0.8,1,"{""n_neighbors"":5,""weights"":""uniform""}",164,2018-08-31 20:00:00+00:00
AAPL,2018-09-06,AAPL|2018-09-06 13:30:00+00:00,2018-09-06 13:30:00+00:00,2018-09-06 20:00:00+00:00,2018-09-06 13:25:00+00:00,0,development,1,1d:DNEWS_24H,TFIDF_KNN,2018-09,0.0,0,"{""n_neighbors"":5,""weights"":""uniform""}",164,2018-08-31 20:00:00+00:00
AAPL,2018-09-07,AAPL|2018-09-07 13:30:00+00:00,2018-09-07 13:30:00+00:00,2018-09-07 20:00:00+00:00,2018-09-07 13:25:00+00:00,0,development,1,1d:DNEWS_24H,TFIDF_KNN,2018-09,0.2,0,"{""n_neighbors"":5,""weights"":""uniform""}",164,2018-08-31 20:00:00+00:00
AAPL,2018-09-10,AAPL|2018-09-10 13:30:00+00:00,2018-09-10 13:30:00+00:00,2018-09-10 20:00:00+00:00,2018-09-10 13:25:00+00:00,0,development,1,1d:DNEWS_24H,TFIDF_KNN,2018-09,0.4,0,"{""n_neighbors"":5,""weights"":""uniform""}",164,2018-08-31 20:00:00+00:00
AAPL,2018-09-11,AAPL|2018-09-11 13:30:00+00:00,2018-09-11 13:30:00+00:00,2018-09-11 20:00:00+00:00,2018-09-11 13:25:00+00:00,1,development,1,1d:DNEWS_24H,TFIDF_KNN,2018-09,0.2,0,"{""n_neighbors"":5,""weights"":""uniform""}",164,2018-08-31 20:00:00+00:00
AAPL,2018-09-12,AAPL|2018-09-12 13:30:00+00:00,2018-09-12 13:30:00+00:00,2018-09-12 20:00:00+00:00,2018-09-12 13:25:00+00:00,0,development,1,1d:DNEWS_24H,TFIDF_KNN,2018-09,0.4,0,"{""n_neighbors"":5,""weights"":""uniform""}",164,2018-08-31 20:00:00+00:00
AAPL,2018-09-13,AAPL|2018-09-13 13:30:00+00:00,2018-09-13 13:30:00+00:00,2018-09-13 20:00:00+00:00,2018-09-13 13:25:00+00:00,1,development,1,1d:DNEWS_24H,TFIDF_KNN,2018-09,0.6,1,"{""n_neighbors"":5,""weights"":""uniform""}",164,2018-08-31 20:00:00+00:00
AAPL,2018-09-14,AAPL|2018-09-14 13:30:00+00:00,2018-09-14 13:30:00+00:00,2018-09-14 20:00:00+00:00,2018-09-14 13:25:00+00:00,0,development,1,1d:DNEWS_24H,TFIDF_KNN,2018-09,0.4,0,"{""n_neighbors"":5,""weights"":""uniform""}",164,2018-08-31 20:00:00+00:00
AAPL,2018-09-17,AAPL|2018-09-17 13:30:00+00:00,2018-09-17 13:30:00+00:00,2018-09-17 20:00:00+00:00,2018-09-17 13:25:00+00:00,0,development,1,1d:DNEWS_24H,TFIDF_KNN,2018-09,0.6,1,"{""n_neighbors"":5,""weights"":""uniform""}",164,2018-08-31 20:00:00+00:00
AAPL,2018-09-18,AAPL|2018-09-18 13:30:00+00:00,2018-09-18 13:30:00+00:00,2018-09-18 20:00:00+00:00,2018-09-18 13:25:00+00:00,0,development,1,1d:DNEWS_24H,TFIDF_KNN,2018-09,0.6,1,"{""n_neighbors"":5,""weights"":""uniform""}",164,2018-08-31 20:00:00+00:00
AAPL,2018-09-19,AAPL|2018-09-19 13:30:00+00:00,2018-09-19 13:30:00+00:00,2018-09-19 20:00:00+00:00,2018-09-19 13:25:00+00:00,1,development,1,1d:DNEWS_24H,TFIDF_KNN,2018-09,0.6,1,"{""n_neighbors"":5,""weights"":""uniform""}",164,2018-08-31 20:00:00+00:00
AAPL,2018-09-20,AAPL|2018-09-20 13:30:00+00:00,2018-09-20 13:30:00+00:00,2018-09-20 20:00:00+00:00,2018-09-20 13:25:00+00:00,1,development,1,1d:DNEWS_24H,TFIDF_KNN,2018-09,0.8,1,"{""n_neighbors"":5,""weights"":""uniform""}",164,2018-08-31 20:00:00+00:00
AAPL,2018-09-21,AAPL|2018-09-21 13:30:00+00:00,2018-09-21 13:30:00+00:00,2018-09-21 20:00:00+00:00,2018-09-21 13:25:00+00:00,0,development,1,1d:DNEWS_24H,TFIDF_KNN,2018-09,0.8,1,"{""n_neighbors"":5,""weights"":""uniform""}",164,2018-08-31 20:00:00+00:00
AAPL,2018-09-24,AAPL|2018-09-24 13:30:00+00:00,2018-09-24 13:30:00+00:00,2018-09-24 20:00:00+00:00,2018-09-24 13:25:00+00:00,1,development,1,1d:DNEWS_24H,TFIDF_KNN,2018-09,0.6,1,"{""n_neighbors"":5,""weights"":""uniform""}",164,2018-08-31 20:00:00+00:00
AAPL,2018-09-25,AAPL|2018-09-25 13:30:00+00:00,2018-09-25 13:30:00+00:00,2018-09-25 20:00:00+00:00,2018-09-25 13:25:00+00:00,1,development,1,1d:DNEWS_24H,TFIDF_KNN,2018-09,0.4,0,"{""n_neighbors"":5,""weights"":""uniform""}",164,2018-08-31 20:00:00+00:00
AAPL,2018-09-26,AAPL|2018-09-26 13:30:00+00:00,2018-09-26 13:30:00+00:00,2018-09-26 20:00:00+00:00,2018-09-26 13:25:00+00:00,0,development,1,1d:DNEWS_24H,TFIDF_KNN,2018-09,0.4,0,"{""n_neighbors"":5,""weights"":""uniform""}",164,2018-08-31 20:00:00+00:00
AAPL,2018-09-27,AAPL|2018-09-27 13:30:00+00:00,2018-09-27 13:30:00+00:00,2018-09-27 20:00:00+00:00,2018-09-27 13:25:00+00:00,1,development,1,1d:DNEWS_24H,TFIDF_KNN,2018-09,0.2,0,"{""n_neighbors"":5,""weights"":""uniform""}",164,2018-08-31 20:00:00+00:00
AAPL,2018-09-28,AAPL|2018-09-28 13:30:00+00:00,2018-09-28 13:30:00+00:00,2018-09-28 20:00:00+00:00,2018-09-28 13:25:00+00:00,1,development,1,1d:DNEWS_24H,TFIDF_KNN,2018-09,0.8,1,"{""n_neighbors"":5,""weights"":""uniform""}",164,2018-08-31 20:00:00+00:00
AAPL,2018-10-01,AAPL|2018-10-01 13:30:00+00:00,2018-10-01 13:30:00+00:00,2018-10-01 20:00:00+00:00,2018-10-01 13:25:00+00:00,0,development,1,1d:DNEWS_24H,TFIDF_KNN,2018-10,0.4,0,"{""n_neighbors"":5,""weights"":""uniform""}",183,2018-09-28 20:00:00+00:00
AAPL,2018-10-02,AAPL|2018-10-02 13:30:00+00:00,2018-10-02 13:30:00+00:00,2018-10-02 20:00:00+00:00,2018-10-02 13:25:00+00:00,1,development,1,1d:DNEWS_24H,TFIDF_KNN,2018-10,0.2,0,"{""n_neighbors"":5,""weights"":""uniform""}",183,2018-09-28 20:00:00+00:00
AAPL,2018-10-03,AAPL|2018-10-03 13:30:00+00:00,2018-10-03 13:30:00+00:00,2018-10-03 20:00:00+00:00,2018-10-03 13:25:00+00:00,1,development,1,1d:DNEWS_24H,TFIDF_KNN,2018-10,0.2,0,"{""n_neighbors"":5,""weights"":""uniform""}",183,2018-09-28 20:00:00+00:00
AAPL,2018-10-04,AAPL|2018-10-04 13:30:00+00:00,2018-10-04 13:30:00+00:00,2018-10-04 20:00:00+00:00,2018-10-04 13:25:00+00:00,0,development,1,1d:DNEWS_24H,TFIDF_KNN,2018-10,0.8,1,"{""n_neighbors"":5,""weights"":""uniform""}",183,2018-09-28 20:00:00+00:00
AAPL,2018-10-05,AAPL|2018-10-05 13:30:00+00:00,2018-10-05 13:30:00+00:00,2018-10-05 20:00:00+00:00,2018-10-05 13:25:00+00:00,0,development,1,1d:DNEWS_24H,TFIDF_KNN,2018-10,0.4,0,"{""n_neighbors"":5,""weights"":""uniform""}",183,2018-09-28 20:00:00+00:00
AAPL,2018-10-08,AAPL|2018-10-08 13:30:00+00:00,2018-10-08 13:30:00+00:00,2018-10-08 20:00:00+00:00,2018-10-08 13:25:00+00:00,0,development,1,1d:DNEWS_24H,TFIDF_KNN,2018-10,0.4,0,"{""n_neighbors"":5,""weights"":""uniform""}",183,2018-09-28 20:00:00+00:00
AAPL,2018-10-09,AAPL|2018-10-09 13:30:00+00:00,2018-10-09 13:30:00+00:00,2018-10-09 20:00:00+00:00,2018-10-09 13:25:00+00:00,1,development,1,1d:DNEWS_24H,TFIDF_KNN,2018-10,0.4,0,"{""n_neighbors"":5,""weights"":""uniform""}",183,2018-09-28 20:00:00+00:00
AAPL,2018-10-10,AAPL|2018-10-10 13:30:00+00:00,2018-10-10 13:30:00+00:00,2018-10-10 20:00:00+00:00,2018-10-10 13:25:00+00:00,0,development,1,1d:DNEWS_24H,TFIDF_KNN,2018-10,0.6,1,"{""n_neighbors"":5,""weights"":""uniform""}",183,2018-09-28 20:00:00+00:00
AAPL,2018-10-11,AAPL|2018-10-11 13:30:00+00:00,2018-10-11 13:30:00+00:00,2018-10-11 20:00:00+00:00,2018-10-11 13:25:00+00:00,1,development,1,1d:DNEWS_24H,TFIDF_KNN,2018-10,0.4,0,"{""n_neighbors"":5,""weights"":""uniform""}",183,2018-09-28 20:00:00+00:00
AAPL,2018-10-12,AAPL|2018-10-12 13:30:00+00:00,2018-10-12 13:30:00+00:00,2018-10-12 20:00:00+00:00,2018-10-12 13:25:00+00:00,1,development,1,1d:DNEWS_24H,TFIDF_KNN,2018-10,0.6,1,"{""n_neighbors"":5,""weights"":""uniform""}",183,2018-09-28 20:00:00+00:00
AAPL,2018-10-15,AAPL|2018-10-15 13:30:00+00:00,2018-10-15 13:30:00+00:00,2018-10-15 20:00:00+00:00,2018-10-15 13:25:00+00:00,0,development,1,1d:DNEWS_24H,TFIDF_KNN,2018-10,0.4,0,"{""n_neighbors"":5,""weights"":""uniform""}",183,2018-09-28 20:00:00+00:00
AAPL,2018-10-16,AAPL|2018-10-16 13:30:00+00:00,2018-10-16 13:30:00+00:00,2018-10-16 20:00:00+00:00,2018-10-16 13:25:00+00:00,1,development,1,1d:DNEWS_24H,TFIDF_KNN,2018-10,0.6,1,"{""n_neighbors"":5,""weights"":""uniform""}",183,2018-09-28 20:00:00+00:00
AAPL,2018-10-17,AAPL|2018-10-17 13:30:00+00:00,2018-10-17 13:30:00+00:00,2018-10-17 20:00:00+00:00,2018-10-17 13:25:00+00:00,0,development,1,1d:DNEWS_24H,TFIDF_KNN,2018-10,0.4,0,"{""n_neighbors"":5,""weights"":""uniform""}",183,2018-09-28 20:00:00+00:00
AAPL,2018-10-18,AAPL|2018-10-18 13:30:00+00:00,2018-10-18 13:30:00+00:00,2018-10-18 20:00:00+00:00,2018-10-18 13:25:00+00:00,0,development,1,1d:DNEWS_24H,TFIDF_KNN,2018-10,0.2,0,"{""n_neighbors"":5,""weights"":""uniform""}",183,2018-09-28 20:00:00+00:00
AAPL,2018-10-19,AAPL|2018-10-19 13:30:00+00:00,2018-10-19 13:30:00+00:00,2018-10-19 20:00:00+00:00,2018-10-19 13:25:00+00:00,1,development,1,1d:DNEWS_24H,TFIDF_KNN,2018-10,0.0,0,"{""n_neighbors"":5,""weights"":""uniform""}",183,2018-09-28 20:00:00+00:00
AAPL,2018-10-22,AAPL|2018-10-22 13:30:00+00:00,2018-10-22 13:30:00+00:00,2018-10-22 20:00:00+00:00,2018-10-22 13:25:00+00:00,0,development,1,1d:DNEWS_24H,TFIDF_KNN,2018-10,0.2,0,"{""n_neighbors"":5,""weights"":""uniform""}",183,2018-09-28 20:00:00+00:00
AAPL,2018-10-23,AAPL|2018-10-23 13:30:00+00:00,2018-10-23 13:30:00+00:00,2018-10-23 20:00:00+00:00,2018-10-23 13:25:00+00:00,1,development,1,1d:DNEWS_24H,TFIDF_KNN,2018-10,0.4,0,"{""n_neighbors"":5,""weights"":""uniform""}",183,2018-09-28 20:00:00+00:00
AAPL,2018-10-24,AAPL|2018-10-24 13:30:00+00:00,2018-10-24 13:30:00+00:00,2018-10-24 20:00:00+00:00,2018-10-24 13:25:00+00:00,0,development,1,1d:DNEWS_24H,TFIDF_KNN,2018-10,0.8,1,"{""n_neighbors"":5,""weights"":""uniform""}",183,2018-09-28 20:00:00+00:00
AAPL,2018-10-25,AAPL|2018-10-25 13:30:00+00:00,2018-10-25 13:30:00+00:00,2018-10-25 20:00:00+00:00,2018-10-25 13:25:00+00:00,0,development,1,1d:DNEWS_24H,TFIDF_KNN,2018-10,0.4,0,"{""n_neighbors"":5,""weights"":""uniform""}",183,2018-09-28 20:00:00+00:00
AAPL,2018-10-26,AAPL|2018-10-26 13:30:00+00:00,2018-10-26 13:30:00+00:00,2018-10-26 20:00:00+00:00,2018-10-26 13:25:00+00:00,1,development,1,1d:DNEWS_24H,TFIDF_KNN,2018-10,0.6,1,"{""n_neighbors"":5,""weights"":""uniform""}",183,2018-09-28 20:00:00+00:00
AAPL,2018-10-29,AAPL|2018-10-29 13:30:00+00:00,2018-10-29 13:30:00+00:00,2018-10-29 20:00:00+00:00,2018-10-29 13:25:00+00:00,0,development,1,1d:DNEWS_24H,TFIDF_KNN,2018-10,0.4,0,"{""n_neighbors"":5,""weights"":""uniform""}",183,2018-09-28 20:00:00+00:00
AAPL,2018-10-30,AAPL|2018-10-30 13:30:00+00:00,2018-10-30 13:30:00+00:00,2018-10-30 20:00:00+00:00,2018-10-30 13:25:00+00:00,1,development,1,1d:DNEWS_24H,TFIDF_KNN,2018-10,0.4,0,"{""n_neighbors"":5,""weights"":""uniform""}",183,2018-09-28 20:00:00+00:00
AAPL,2018-10-31,AAPL|2018-10-31 13:30:00+00:00,2018-10-31 13:30:00+00:00,2018-10-31 20:00:00+00:00,2018-10-31 13:25:00+00:00,1,development,1,1d:DNEWS_24H,TFIDF_KNN,2018-10,1.0,1,"{""n_neighbors"":5,""weights"":""uniform""}",183,2018-09-28 20:00:00+00:00
AAPL,2018-11-01,AAPL|2018-11-01 13:30:00+00:00,2018-11-01 13:30:00+00:00,2018-11-01 20:00:00+00:00,2018-11-01 13:25:00+00:00,0,later,1,1d:DNEWS_24H,TFIDF_KNN,2018-11,0.2,0,"{""n_neighbors"":5,""weights"":""uniform""}",206,2018-10-31 20:00:00+00:00
AAPL,2018-11-02,AAPL|2018-11-02 13:30:00+00:00,2018-11-02 13:30:00+00:00,2018-11-02 20:00:00+00:00,2018-11-02 13:25:00+00:00,0,later,1,1d:DNEWS_24H,TFIDF_KNN,2018-11,0.6,1,"{""n_neighbors"":5,""weights"":""uniform""}",206,2018-10-31 20:00:00+00:00
AAPL,2018-11-05,AAPL|2018-11-05 14:30:00+00:00,2018-11-05 14:30:00+00:00,2018-11-05 21:00:00+00:00,2018-11-05 14:25:00+00:00,0,later,1,1d:DNEWS_24H,TFIDF_KNN,2018-11,0.4,0,"{""n_neighbors"":5,""weights"":""uniform""}",206,2018-10-31 20:00:00+00:00
AAPL,2018-11-06,AAPL|2018-11-06 14:30:00+00:00,2018-11-06 14:30:00+00:00,2018-11-06 21:00:00+00:00,2018-11-06 14:25:00+00:00,1,later,1,1d:DNEWS_24H,TFIDF_KNN,2018-11,1.0,1,"{""n_neighbors"":5,""weights"":""uniform""}",206,2018-10-31 20:00:00+00:00
AAPL,2018-11-07,AAPL|2018-11-07 14:30:00+00:00,2018-11-07 14:30:00+00:00,2018-11-07 21:00:00+00:00,2018-11-07 14:25:00+00:00,1,later,1,1d:DNEWS_24H,TFIDF_KNN,2018-11,0.2,0,"{""n_neighbors"":5,""weights"":""uniform""}",206,2018-10-31 20:00:00+00:00
AAPL,2018-11-08,AAPL|2018-11-08 14:30:00+00:00,2018-11-08 14:30:00+00:00,2018-11-08 21:00:00+00:00,2018-11-08 14:25:00+00:00,0,later,1,1d:DNEWS_24H,TFIDF_KNN,2018-11,0.4,0,"{""n_neighbors"":5,""weights"":""uniform""}",206,2018-10-31 20:00:00+00:00
AAPL,2018-11-09,AAPL|2018-11-09 14:30:00+00:00,2018-11-09 14:30:00+00:00,2018-11-09 21:00:00+00:00,2018-11-09 14:25:00+00:00,0,later,1,1d:DNEWS_24H,TFIDF_KNN,2018-11,0.2,0,"{""n_neighbors"":5,""weights"":""uniform""}",206,2018-10-31 20:00:00+00:00
AAPL,2018-11-12,AAPL|2018-11-12 14:30:00+00:00,2018-11-12 14:30:00+00:00,2018-11-12 21:00:00+00:00,2018-11-12 14:25:00+00:00,0,later,1,1d:DNEWS_24H,TFIDF_KNN,2018-11,0.4,0,"{""n_neighbors"":5,""weights"":""uniform""}",206,2018-10-31 20:00:00+00:00
AAPL,2018-11-13,AAPL|2018-11-13 14:30:00+00:00,2018-11-13 14:30:00+00:00,2018-11-13 21:00:00+00:00,2018-11-13 14:25:00+00:00,1,later,1,1d:DNEWS_24H,TFIDF_KNN,2018-11,0.6,1,"{""n_neighbors"":5,""weights"":""uniform""}",206,2018-10-31 20:00:00+00:00
AAPL,2018-11-14,AAPL|2018-11-14 14:30:00+00:00,2018-11-14 14:30:00+00:00,2018-11-14 21:00:00+00:00,2018-11-14 14:25:00+00:00,0,later,1,1d:DNEWS_24H,TFIDF_KNN,2018-11,1.0,1,"{""n_neighbors"":5,""weights"":""uniform""}",206,2018-10-31 20:00:00+00:00
AAPL,2018-11-15,AAPL|2018-11-15 14:30:00+00:00,2018-11-15 14:30:00+00:00,2018-11-15 21:00:00+00:00,2018-11-15 14:25:00+00:00,1,later,1,1d:DNEWS_24H,TFIDF_KNN,2018-11,0.8,1,"{""n_neighbors"":5,""weights"":""uniform""}",206,2018-10-31 20:00:00+00:00
AAPL,2018-11-16,AAPL|2018-11-16 14:30:00+00:00,2018-11-16 14:30:00+00:00,2018-11-16 21:00:00+00:00,2018-11-16 14:25:00+00:00,1,later,1,1d:DNEWS_24H,TFIDF_KNN,2018-11,0.8,1,"{""n_neighbors"":5,""weights"":""uniform""}",206,2018-10-31 20:00:00+00:00
AAPL,2018-11-19,AAPL|2018-11-19 14:30:00+00:00,2018-11-19 14:30:00+00:00,2018-11-19 21:00:00+00:00,2018-11-19 14:25:00+00:00,0,later,1,1d:DNEWS_24H,TFIDF_KNN,2018-11,0.4,0,"{""n_neighbors"":5,""weights"":""uniform""}",206,2018-10-31 20:00:00+00:00
AAPL,2018-11-20,AAPL|2018-11-20 14:30:00+00:00,2018-11-20 14:30:00+00:00,2018-11-20 21:00:00+00:00,2018-11-20 14:25:00+00:00,0,later,1,1d:DNEWS_24H,TFIDF_KNN,2018-11,0.6,1,"{""n_neighbors"":5,""weights"":""uniform""}",206,2018-10-31 20:00:00+00:00
AAPL,2018-11-21,AAPL|2018-11-21 14:30:00+00:00,2018-11-21 14:30:00+00:00,2018-11-21 21:00:00+00:00,2018-11-21 14:25:00+00:00,0,later,1,1d:DNEWS_24H,TFIDF_KNN,2018-11,0.4,0,"{""n_neighbors"":5,""weights"":""uniform""}",206,2018-10-31 20:00:00+00:00
AAPL,2018-11-23,AAPL|2018-11-23 14:30:00+00:00,2018-11-23 14:30:00+00:00,2018-11-23 18:00:00+00:00,2018-11-23 14:25:00+00:00,0,later,1,1d:DNEWS_24H,TFIDF_KNN,2018-11,0.4,0,"{""n_neighbors"":5,""weights"":""uniform""}",206,2018-10-31 20:00:00+00:00
AAPL,2018-11-26,AAPL|2018-11-26 14:30:00+00:00,2018-11-26 14:30:00+00:00,2018-11-26 21:00:00+00:00,2018-11-26 14:25:00+00:00,0,later,1,1d:DNEWS_24H,TFIDF_KNN,2018-11,0.4,0,"{""n_neighbors"":5,""weights"":""uniform""}",206,2018-10-31 20:00:00+00:00
AAPL,2018-11-27,AAPL|2018-11-27 14:30:00+00:00,2018-11-27 14:30:00+00:00,2018-11-27 21:00:00+00:00,2018-11-27 14:25:00+00:00,1,later,1,1d:DNEWS_24H,TFIDF_KNN,2018-11,0.8,1,"{""n_neighbors"":5,""weights"":""uniform""}",206,2018-10-31 20:00:00+00:00
AAPL,2018-11-28,AAPL|2018-11-28 14:30:00+00:00,2018-11-28 14:30:00+00:00,2018-11-28 21:00:00+00:00,2018-11-28 14:25:00+00:00,1,later,1,1d:DNEWS_24H,TFIDF_KNN,2018-11,0.6,1,"{""n_neighbors"":5,""weights"":""uniform""}",206,2018-10-31 20:00:00+00:00
AAPL,2018-11-29,AAPL|2018-11-29 14:30:00+00:00,2018-11-29 14:30:00+00:00,2018-11-29 21:00:00+00:00,2018-11-29 14:25:00+00:00,0,later,1,1d:DNEWS_24H,TFIDF_KNN,2018-11,0.8,1,"{""n_neighbors"":5,""weights"":""uniform""}",206,2018-10-31 20:00:00+00:00
AAPL,2018-11-30,AAPL|2018-11-30 14:30:00+00:00,2018-11-30 14:30:00+00:00,2018-11-30 21:00:00+00:00,2018-11-30 14:25:00+00:00,0,later,1,1d:DNEWS_24H,TFIDF_KNN,2018-11,0.4,0,"{""n_neighbors"":5,""weights"":""uniform""}",206,2018-10-31 20:00:00+00:00
AAPL,2018-12-03,AAPL|2018-12-03 14:30:00+00:00,2018-12-03 14:30:00+00:00,2018-12-03 21:00:00+00:00,2018-12-03 14:25:00+00:00,0,later,1,1d:DNEWS_24H,TFIDF_KNN,2018-12,0.0,0,"{""n_neighbors"":5,""weights"":""uniform""}",227,2018-11-30 21:00:00+00:00
AAPL,2018-12-04,AAPL|2018-12-04 14:30:00+00:00,2018-12-04 14:30:00+00:00,2018-12-04 21:00:00+00:00,2018-12-04 14:25:00+00:00,0,later,1,1d:DNEWS_24H,TFIDF_KNN,2018-12,0.6,1,"{""n_neighbors"":5,""weights"":""uniform""}",227,2018-11-30 21:00:00+00:00
AAPL,2018-12-06,AAPL|2018-12-06 14:30:00+00:00,2018-12-06 14:30:00+00:00,2018-12-06 21:00:00+00:00,2018-12-06 14:25:00+00:00,1,later,1,1d:DNEWS_24H,TFIDF_KNN,2018-12,0.6,1,"{""n_neighbors"":5,""weights"":""uniform""}",227,2018-11-30 21:00:00+00:00
AAPL,2018-12-07,AAPL|2018-12-07 14:30:00+00:00,2018-12-07 14:30:00+00:00,2018-12-07 21:00:00+00:00,2018-12-07 14:25:00+00:00,0,later,1,1d:DNEWS_24H,TFIDF_KNN,2018-12,1.0,1,"{""n_neighbors"":5,""weights"":""uniform""}",227,2018-11-30 21:00:00+00:00
AAPL,2018-12-10,AAPL|2018-12-10 14:30:00+00:00,2018-12-10 14:30:00+00:00,2018-12-10 21:00:00+00:00,2018-12-10 14:25:00+00:00,1,later,1,1d:DNEWS_24H,TFIDF_KNN,2018-12,0.4,0,"{""n_neighbors"":5,""weights"":""uniform""}",227,2018-11-30 21:00:00+00:00
AAPL,2018-12-11,AAPL|2018-12-11 14:30:00+00:00,2018-12-11 14:30:00+00:00,2018-12-11 21:00:00+00:00,2018-12-11 14:25:00+00:00,0,later,1,1d:DNEWS_24H,TFIDF_KNN,2018-12,0.4,0,"{""n_neighbors"":5,""weights"":""uniform""}",227,2018-11-30 21:00:00+00:00
AAPL,2018-12-12,AAPL|2018-12-12 14:30:00+00:00,2018-12-12 14:30:00+00:00,2018-12-12 21:00:00+00:00,2018-12-12 14:25:00+00:00,0,later,1,1d:DNEWS_24H,TFIDF_KNN,2018-12,0.8,1,"{""n_neighbors"":5,""weights"":""uniform""}",227,2018-11-30 21:00:00+00:00
AAPL,2018-12-13,AAPL|2018-12-13 14:30:00+00:00,2018-12-13 14:30:00+00:00,2018-12-13 21:00:00+00:00,2018-12-13 14:25:00+00:00,1,later,1,1d:DNEWS_24H,TFIDF_KNN,2018-12,0.8,1,"{""n_neighbors"":5,""weights"":""uniform""}",227,2018-11-30 21:00:00+00:00
AAPL,2018-12-14,AAPL|2018-12-14 14:30:00+00:00,2018-12-14 14:30:00+00:00,2018-12-14 21:00:00+00:00,2018-12-14 14:25:00+00:00,0,later,1,1d:DNEWS_24H,TFIDF_KNN,2018-12,0.8,1,"{""n_neighbors"":5,""weights"":""uniform""}",227,2018-11-30 21:00:00+00:00
AAPL,2018-12-17,AAPL|2018-12-17 14:30:00+00:00,2018-12-17 14:30:00+00:00,2018-12-17 21:00:00+00:00,2018-12-17 14:25:00+00:00,0,later,1,1d:DNEWS_24H,TFIDF_KNN,2018-12,0.8,1,"{""n_neighbors"":5,""weights"":""uniform""}",227,2018-11-30 21:00:00+00:00
AAPL,2018-12-18,AAPL|2018-12-18 14:30:00+00:00,2018-12-18 14:30:00+00:00,2018-12-18 21:00:00+00:00,2018-12-18 14:25:00+00:00,0,later,1,1d:DNEWS_24H,TFIDF_KNN,2018-12,0.8,1,"{""n_neighbors"":5,""weights"":""uniform""}",227,2018-11-30 21:00:00+00:00
AAPL,2018-12-19,AAPL|2018-12-19 14:30:00+00:00,2018-12-19 14:30:00+00:00,2018-12-19 21:00:00+00:00,2018-12-19 14:25:00+00:00,0,later,1,1d:DNEWS_24H,TFIDF_KNN,2018-12,0.6,1,"{""n_neighbors"":5,""weights"":""uniform""}",227,2018-11-30 21:00:00+00:00
AAPL,2018-12-20,AAPL|2018-12-20 14:30:00+00:00,2018-12-20 14:30:00+00:00,2018-12-20 21:00:00+00:00,2018-12-20 14:25:00+00:00,0,later,1,1d:DNEWS_24H,TFIDF_KNN,2018-12,0.8,1,"{""n_neighbors"":5,""weights"":""uniform""}",227,2018-11-30 21:00:00+00:00
AAPL,2018-12-21,AAPL|2018-12-21 14:30:00+00:00,2018-12-21 14:30:00+00:00,2018-12-21 21:00:00+00:00,2018-12-21 14:25:00+00:00,0,later,1,1d:DNEWS_24H,TFIDF_KNN,2018-12,1.0,1,"{""n_neighbors"":5,""weights"":""uniform""}",227,2018-11-30 21:00:00+00:00
AAPL,2018-12-24,AAPL|2018-12-24 14:30:00+00:00,2018-12-24 14:30:00+00:00,2018-12-24 18:00:00+00:00,2018-12-24 14:25:00+00:00,0,later,1,1d:DNEWS_24H,TFIDF_KNN,2018-12,0.2,0,"{""n_neighbors"":5,""weights"":""uniform""}",227,2018-11-30 21:00:00+00:00
AAPL,2018-12-26,AAPL|2018-12-26 14:30:00+00:00,2018-12-26 14:30:00+00:00,2018-12-26 21:00:00+00:00,2018-12-26 14:25:00+00:00,1,later,1,1d:DNEWS_24H,TFIDF_KNN,2018-12,0.8,1,"{""n_neighbors"":5,""weights"":""uniform""}",227,2018-11-30 21:00:00+00:00
AAPL,2018-12-27,AAPL|2018-12-27 14:30:00+00:00,2018-12-27 14:30:00+00:00,2018-12-27 21:00:00+00:00,2018-12-27 14:25:00+00:00,1,later,1,1d:DNEWS_24H,TFIDF_KNN,2018-12,0.0,0,"{""n_neighbors"":5,""weights"":""uniform""}",227,2018-11-30 21:00:00+00:00
AAPL,2018-12-28,AAPL|2018-12-28 14:30:00+00:00,2018-12-28 14:30:00+00:00,2018-12-28 21:00:00+00:00,2018-12-28 14:25:00+00:00,0,later,1,1d:DNEWS_24H,TFIDF_KNN,2018-12,0.4,0,"{""n_neighbors"":5,""weights"":""uniform""}",227,2018-11-30 21:00:00+00:00
AAPL,2018-12-31,AAPL|2018-12-31 14:30:00+00:00,2018-12-31 14:30:00+00:00,2018-12-31 21:00:00+00:00,2018-12-31 14:25:00+00:00,1,later,1,1d:DNEWS_24H,TFIDF_KNN,2018-12,0.2,0,"{""n_neighbors"":5,""weights"":""uniform""}",227,2018-11-30 21:00:00+00:00
AAPL,2019-01-02,AAPL|2019-01-02 14:30:00+00:00,2019-01-02 14:30:00+00:00,2019-01-02 21:00:00+00:00,2019-01-02 14:25:00+00:00,0,later,1,1d:DNEWS_24H,TFIDF_KNN,2019-01,0.8,1,"{""n_neighbors"":5,""weights"":""uniform""}",246,2018-12-31 21:00:00+00:00
AAPL,2019-01-03,AAPL|2019-01-03 14:30:00+00:00,2019-01-03 14:30:00+00:00,2019-01-03 21:00:00+00:00,2019-01-03 14:25:00+00:00,0,later,1,1d:DNEWS_24H,TFIDF_KNN,2019-01,0.6,1,"{""n_neighbors"":5,""weights"":""uniform""}",246,2018-12-31 21:00:00+00:00
AAPL,2019-01-04,AAPL|2019-01-04 14:30:00+00:00,2019-01-04 14:30:00+00:00,2019-01-04 21:00:00+00:00,2019-01-04 14:25:00+00:00,1,later,1,1d:DNEWS_24H,TFIDF_KNN,2019-01,0.6,1,"{""n_neighbors"":5,""weights"":""uniform""}",246,2018-12-31 21:00:00+00:00
AAPL,2019-01-07,AAPL|2019-01-07 14:30:00+00:00,2019-01-07 14:30:00+00:00,2019-01-07 21:00:00+00:00,2019-01-07 14:25:00+00:00,0,later,1,1d:DNEWS_24H,TFIDF_KNN,2019-01,0.2,0,"{""n_neighbors"":5,""weights"":""uniform""}",246,2018-12-31 21:00:00+00:00
AAPL,2019-01-08,AAPL|2019-01-08 14:30:00+00:00,2019-01-08 14:30:00+00:00,2019-01-08 21:00:00+00:00,2019-01-08 14:25:00+00:00,1,later,1,1d:DNEWS_24H,TFIDF_KNN,2019-01,0.2,0,"{""n_neighbors"":5,""weights"":""uniform""}",246,2018-12-31 21:00:00+00:00
AAPL,2019-01-09,AAPL|2019-01-09 14:30:00+00:00,2019-01-09 14:30:00+00:00,2019-01-09 21:00:00+00:00,2019-01-09 14:25:00+00:00,1,later,1,1d:DNEWS_24H,TFIDF_KNN,2019-01,0.4,0,"{""n_neighbors"":5,""weights"":""uniform""}",246,2018-12-31 21:00:00+00:00
AAPL,2019-01-10,AAPL|2019-01-10 14:30:00+00:00,2019-01-10 14:30:00+00:00,2019-01-10 21:00:00+00:00,2019-01-10 14:25:00+00:00,1,later,1,1d:DNEWS_24H,TFIDF_KNN,2019-01,0.8,1,"{""n_neighbors"":5,""weights"":""uniform""}",246,2018-12-31 21:00:00+00:00
AAPL,2019-01-11,AAPL|2019-01-11 14:30:00+00:00,2019-01-11 14:30:00+00:00,2019-01-11 21:00:00+00:00,2019-01-11 14:25:00+00:00,0,later,1,1d:DNEWS_24H,TFIDF_KNN,2019-01,0.6,1,"{""n_neighbors"":5,""weights"":""uniform""}",246,2018-12-31 21:00:00+00:00
AAPL,2019-01-14,AAPL|2019-01-14 14:30:00+00:00,2019-01-14 14:30:00+00:00,2019-01-14 21:00:00+00:00,2019-01-14 14:25:00+00:00,0,later,1,1d:DNEWS_24H,TFIDF_KNN,2019-01,0.4,0,"{""n_neighbors"":5,""weights"":""uniform""}",246,2018-12-31 21:00:00+00:00
AAPL,2019-01-15,AAPL|2019-01-15 14:30:00+00:00,2019-01-15 14:30:00+00:00,2019-01-15 21:00:00+00:00,2019-01-15 14:25:00+00:00,1,later,1,1d:DNEWS_24H,TFIDF_KNN,2019-01,0.2,0,"{""n_neighbors"":5,""weights"":""uniform""}",246,2018-12-31 21:00:00+00:00
AAPL,2019-01-16,AAPL|2019-01-16 14:30:00+00:00,2019-01-16 14:30:00+00:00,2019-01-16 21:00:00+00:00,2019-01-16 14:25:00+00:00,1,later,1,1d:DNEWS_24H,TFIDF_KNN,2019-01,0.6,1,"{""n_neighbors"":5,""weights"":""uniform""}",246,2018-12-31 21:00:00+00:00
AAPL,2019-01-17,AAPL|2019-01-17 14:30:00+00:00,2019-01-17 14:30:00+00:00,2019-01-17 21:00:00+00:00,2019-01-17 14:25:00+00:00,1,later,1,1d:DNEWS_24H,TFIDF_KNN,2019-01,0.4,0,"{""n_neighbors"":5,""weights"":""uniform""}",246,2018-12-31 21:00:00+00:00
AAPL,2019-01-18,AAPL|2019-01-18 14:30:00+00:00,2019-01-18 14:30:00+00:00,2019-01-18 21:00:00+00:00,2019-01-18 14:25:00+00:00,0,later,1,1d:DNEWS_24H,TFIDF_KNN,2019-01,0.6,1,"{""n_neighbors"":5,""weights"":""uniform""}",246,2018-12-31 21:00:00+00:00
AAPL,2019-01-22,AAPL|2019-01-22 14:30:00+00:00,2019-01-22 14:30:00+00:00,2019-01-22 21:00:00+00:00,2019-01-22 14:25:00+00:00,0,later,1,1d:DNEWS_24H,TFIDF_KNN,2019-01,0.4,0,"{""n_neighbors"":5,""weights"":""uniform""}",246,2018-12-31 21:00:00+00:00
AAPL,2019-01-23,AAPL|2019-01-23 14:30:00+00:00,2019-01-23 14:30:00+00:00,2019-01-23 21:00:00+00:00,2019-01-23 14:25:00+00:00,0,later,1,1d:DNEWS_24H,TFIDF_KNN,2019-01,0.8,1,"{""n_neighbors"":5,""weights"":""uniform""}",246,2018-12-31 21:00:00+00:00
AAPL,2019-01-24,AAPL|2019-01-24 14:30:00+00:00,2019-01-24 14:30:00+00:00,2019-01-24 21:00:00+00:00,2019-01-24 14:25:00+00:00,0,later,1,1d:DNEWS_24H,TFIDF_KNN,2019-01,0.8,1,"{""n_neighbors"":5,""weights"":""uniform""}",246,2018-12-31 21:00:00+00:00
AAPL,2019-01-25,AAPL|2019-01-25 14:30:00+00:00,2019-01-25 14:30:00+00:00,2019-01-25 21:00:00+00:00,2019-01-25 14:25:00+00:00,1,later,1,1d:DNEWS_24H,TFIDF_KNN,2019-01,0.2,0,"{""n_neighbors"":5,""weights"":""uniform""}",246,2018-12-31 21:00:00+00:00
AAPL,2019-01-28,AAPL|2019-01-28 14:30:00+00:00,2019-01-28 14:30:00+00:00,2019-01-28 21:00:00+00:00,2019-01-28 14:25:00+00:00,0,later,1,1d:DNEWS_24H,TFIDF_KNN,2019-01,0.6,1,"{""n_neighbors"":5,""weights"":""uniform""}",246,2018-12-31 21:00:00+00:00
AAPL,2019-01-29,AAPL|2019-01-29 14:30:00+00:00,2019-01-29 14:30:00+00:00,2019-01-29 21:00:00+00:00,2019-01-29 14:25:00+00:00,1,later,1,1d:DNEWS_24H,TFIDF_KNN,2019-01,0.4,0,"{""n_neighbors"":5,""weights"":""uniform""}",246,2018-12-31 21:00:00+00:00
AAPL,2019-01-30,AAPL|2019-01-30 14:30:00+00:00,2019-01-30 14:30:00+00:00,2019-01-30 21:00:00+00:00,2019-01-30 14:25:00+00:00,1,later,1,1d:DNEWS_24H,TFIDF_KNN,2019-01,0.4,0,"{""n_neighbors"":5,""weights"":""uniform""}",246,2018-12-31 21:00:00+00:00
AAPL,2019-01-31,AAPL|2019-01-31 14:30:00+00:00,2019-01-31 14:30:00+00:00,2019-01-31 21:00:00+00:00,2019-01-31 14:25:00+00:00,1,later,1,1d:DNEWS_24H,TFIDF_KNN,2019-01,0.8,1,"{""n_neighbors"":5,""weights"":""uniform""}",246,2018-12-31 21:00:00+00:00
AAPL,2019-02-01,AAPL|2019-02-01 14:30:00+00:00,2019-02-01 14:30:00+00:00,2019-02-01 21:00:00+00:00,2019-02-01 14:25:00+00:00,1,later,1,1d:DNEWS_24H,TFIDF_KNN,2019-02,0.4,0,"{""n_neighbors"":5,""weights"":""uniform""}",267,2019-01-31 21:00:00+00:00
AMZN,2018-09-04,AMZN|2018-09-04 13:30:00+00:00,2018-09-04 13:30:00+00:00,2018-09-04 20:00:00+00:00,2018-09-04 13:25:00+00:00,1,development,1,1d:DNEWS_24H,TFIDF_KNN,2018-09,1.0,1,"{""n_neighbors"":5,""weights"":""uniform""}",164,2018-08-31 20:00:00+00:00
AMZN,2018-09-05,AMZN|2018-09-05 13:30:00+00:00,2018-09-05 13:30:00+00:00,2018-09-05 20:00:00+00:00,2018-09-05 13:25:00+00:00,0,development,1,1d:DNEWS_24H,TFIDF_KNN,2018-09,0.4,0,"{""n_neighbors"":5,""weights"":""uniform""}",164,2018-08-31 20:00:00+00:00
AMZN,2018-09-06,AMZN|2018-09-06 13:30:00+00:00,2018-09-06 13:30:00+00:00,2018-09-06 20:00:00+00:00,2018-09-06 13:25:00+00:00,0,development,1,1d:DNEWS_24H,TFIDF_KNN,2018-09,0.4,0,"{""n_neighbors"":5,""weights"":""uniform""}",164,2018-08-31 20:00:00+00:00
AMZN,2018-09-07,AMZN|2018-09-07 13:30:00+00:00,2018-09-07 13:30:00+00:00,2018-09-07 20:00:00+00:00,2018-09-07 13:25:00+00:00,1,development,1,1d:DNEWS_24H,TFIDF_KNN,2018-09,0.4,0,"{""n_neighbors"":5,""weights"":""uniform""}",164,2018-08-31 20:00:00+00:00
AMZN,2018-09-10,AMZN|2018-09-10 13:30:00+00:00,2018-09-10 13:30:00+00:00,2018-09-10 20:00:00+00:00,2018-09-10 13:25:00+00:00,0,development,1,1d:DNEWS_24H,TFIDF_KNN,2018-09,0.2,0,"{""n_neighbors"":5,""weights"":""uniform""}",164,2018-08-31 20:00:00+00:00
AMZN,2018-09-11,AMZN|2018-09-11 13:30:00+00:00,2018-09-11 13:30:00+00:00,2018-09-11 20:00:00+00:00,2018-09-11 13:25:00+00:00,1,development,1,1d:DNEWS_24H,TFIDF_KNN,2018-09,1.0,1,"{""n_neighbors"":5,""weights"":""uniform""}",164,2018-08-31 20:00:00+00:00
AMZN,2018-09-12,AMZN|2018-09-12 13:30:00+00:00,2018-09-12 13:30:00+00:00,2018-09-12 20:00:00+00:00,2018-09-12 13:25:00+00:00,0,development,1,1d:DNEWS_24H,TFIDF_KNN,2018-09,0.6,1,"{""n_neighbors"":5,""weights"":""uniform""}",164,2018-08-31 20:00:00+00:00
AMZN,2018-09-13,AMZN|2018-09-13 13:30:00+00:00,2018-09-13 13:30:00+00:00,2018-09-13 20:00:00+00:00,2018-09-13 13:25:00+00:00,0,development,1,1d:DNEWS_24H,TFIDF_KNN,2018-09,0.6,1,"{""n_neighbors"":5,""weights"":""uniform""}",164,2018-08-31 20:00:00+00:00
AMZN,2018-09-14,AMZN|2018-09-14 13:30:00+00:00,2018-09-14 13:30:00+00:00,2018-09-14 20:00:00+00:00,2018-09-14 13:25:00+00:00,0,development,1,1d:DNEWS_24H,TFIDF_KNN,2018-09,1.0,1,"{""n_neighbors"":5,""weights"":""uniform""}",164,2018-08-31 20:00:00+00:00
AMZN,2018-09-17,AMZN|2018-09-17 13:30:00+00:00,2018-09-17 13:30:00+00:00,2018-09-17 20:00:00+00:00,2018-09-17 13:25:00+00:00,0,development,1,1d:DNEWS_24H,TFIDF_KNN,2018-09,0.4,0,"{""n_neighbors"":5,""weights"":""uniform""}",164,2018-08-31 20:00:00+00:00
AMZN,2018-09-18,AMZN|2018-09-18 13:30:00+00:00,2018-09-18 13:30:00+00:00,2018-09-18 20:00:00+00:00,2018-09-18 13:25:00+00:00,1,development,1,1d:DNEWS_24H,TFIDF_KNN,2018-09,0.4,0,"{""n_neighbors"":5,""weights"":""uniform""}",164,2018-08-31 20:00:00+00:00
AMZN,2018-09-19,AMZN|2018-09-19 13:30:00+00:00,2018-09-19 13:30:00+00:00,2018-09-19 20:00:00+00:00,2018-09-19 13:25:00+00:00,0,development,1,1d:DNEWS_24H,TFIDF_KNN,2018-09,0.8,1,"{""n_neighbors"":5,""weights"":""uniform""}",164,2018-08-31 20:00:00+00:00
AMZN,2018-09-20,AMZN|2018-09-20 13:30:00+00:00,2018-09-20 13:30:00+00:00,2018-09-20 20:00:00+00:00,2018-09-20 13:25:00+00:00,1,development,1,1d:DNEWS_24H,TFIDF_KNN,2018-09,0.8,1,"{""n_neighbors"":5,""weights"":""uniform""}",164,2018-08-31 20:00:00+00:00
AMZN,2018-09-21,AMZN|2018-09-21 13:30:00+00:00,2018-09-21 13:30:00+00:00,2018-09-21 20:00:00+00:00,2018-09-21 13:25:00+00:00,0,development,1,1d:DNEWS_24H,TFIDF_KNN,2018-09,0.6,1,"{""n_neighbors"":5,""weights"":""uniform""}",164,2018-08-31 20:00:00+00:00
AMZN,2018-09-24,AMZN|2018-09-24 13:30:00+00:00,2018-09-24 13:30:00+00:00,2018-09-24 20:00:00+00:00,2018-09-24 13:25:00+00:00,1,development,1,1d:DNEWS_24H,TFIDF_KNN,2018-09,0.6,1,"{""n_neighbors"":5,""weights"":""uniform""}",164,2018-08-31 20:00:00+00:00
AMZN,2018-09-25,AMZN|2018-09-25 13:30:00+00:00,2018-09-25 13:30:00+00:00,2018-09-25 20:00:00+00:00,2018-09-25 13:25:00+00:00,1,development,1,1d:DNEWS_24H,TFIDF_KNN,2018-09,0.2,0,"{""n_neighbors"":5,""weights"":""uniform""}",164,2018-08-31 20:00:00+00:00
AMZN,2018-09-26,AMZN|2018-09-26 13:30:00+00:00,2018-09-26 13:30:00+00:00,2018-09-26 20:00:00+00:00,2018-09-26 13:25:00+00:00,0,development,1,1d:DNEWS_24H,TFIDF_KNN,2018-09,0.6,1,"{""n_neighbors"":5,""weights"":""uniform""}",164,2018-08-31 20:00:00+00:00
AMZN,2018-09-27,AMZN|2018-09-27 13:30:00+00:00,2018-09-27 13:30:00+00:00,2018-09-27 20:00:00+00:00,2018-09-27 13:25:00+00:00,1,development,1,1d:DNEWS_24H,TFIDF_KNN,2018-09,0.4,0,"{""n_neighbors"":5,""weights"":""uniform""}",164,2018-08-31 20:00:00+00:00
AMZN,2018-09-28,AMZN|2018-09-28 13:30:00+00:00,2018-09-28 13:30:00+00:00,2018-09-28 20:00:00+00:00,2018-09-28 13:25:00+00:00,1,development,1,1d:DNEWS_24H,TFIDF_KNN,2018-09,0.8,1,"{""n_neighbors"":5,""weights"":""uniform""}",164,2018-08-31 20:00:00+00:00
AMZN,2018-10-01,AMZN|2018-10-01 13:30:00+00:00,2018-10-01 13:30:00+00:00,2018-10-01 20:00:00+00:00,2018-10-01 13:25:00+00:00,0,development,1,1d:DNEWS_24H,TFIDF_KNN,2018-10,0.8,1,"{""n_neighbors"":5,""weights"":""uniform""}",183,2018-09-28 20:00:00+00:00
AMZN,2018-10-02,AMZN|2018-10-02 13:30:00+00:00,2018-10-02 13:30:00+00:00,2018-10-02 20:00:00+00:00,2018-10-02 13:25:00+00:00,0,development,1,1d:DNEWS_24H,TFIDF_KNN,2018-10,0.4,0,"{""n_neighbors"":5,""weights"":""uniform""}",183,2018-09-28 20:00:00+00:00
AMZN,2018-10-03,AMZN|2018-10-03 13:30:00+00:00,2018-10-03 13:30:00+00:00,2018-10-03 20:00:00+00:00,2018-10-03 13:25:00+00:00,0,development,1,1d:DNEWS_24H,TFIDF_KNN,2018-10,0.6,1,"{""n_neighbors"":5,""weights"":""uniform""}",183,2018-09-28 20:00:00+00:00
AMZN,2018-10-04,AMZN|2018-10-04 13:30:00+00:00,2018-10-04 13:30:00+00:00,2018-10-04 20:00:00+00:00,2018-10-04 13:25:00+00:00,0,development,1,1d:DNEWS_24H,TFIDF_KNN,2018-10,0.6,1,"{""n_neighbors"":5,""weights"":""uniform""}",183,2018-09-28 20:00:00+00:00
AMZN,2018-10-05,AMZN|2018-10-05 13:30:00+00:00,2018-10-05 13:30:00+00:00,2018-10-05 20:00:00+00:00,2018-10-05 13:25:00+00:00,0,development,1,1d:DNEWS_24H,TFIDF_KNN,2018-10,1.0,1,"{""n_neighbors"":5,""weights"":""uniform""}",183,2018-09-28 20:00:00+00:00
AMZN,2018-10-08,AMZN|2018-10-08 13:30:00+00:00,2018-10-08 13:30:00+00:00,2018-10-08 20:00:00+00:00,2018-10-08 13:25:00+00:00,0,development,1,1d:DNEWS_24H,TFIDF_KNN,2018-10,0.4,0,"{""n_neighbors"":5,""weights"":""uniform""}",183,2018-09-28 20:00:00+00:00
AMZN,2018-10-09,AMZN|2018-10-09 13:30:00+00:00,2018-10-09 13:30:00+00:00,2018-10-09 20:00:00+00:00,2018-10-09 13:25:00+00:00,1,development,1,1d:DNEWS_24H,TFIDF_KNN,2018-10,1.0,1,"{""n_neighbors"":5,""weights"":""uniform""}",183,2018-09-28 20:00:00+00:00
AMZN,2018-10-10,AMZN|2018-10-10 13:30:00+00:00,2018-10-10 13:30:00+00:00,2018-10-10 20:00:00+00:00,2018-10-10 13:25:00+00:00,0,development,1,1d:DNEWS_24H,TFIDF_KNN,2018-10,0.4,0,"{""n_neighbors"":5,""weights"":""uniform""}",183,2018-09-28 20:00:00+00:00
AMZN,2018-10-11,AMZN|2018-10-11 13:30:00+00:00,2018-10-11 13:30:00+00:00,2018-10-11 20:00:00+00:00,2018-10-11 13:25:00+00:00,1,development,1,1d:DNEWS_24H,TFIDF_KNN,2018-10,0.6,1,"{""n_neighbors"":5,""weights"":""uniform""}",183,2018-09-28 20:00:00+00:00
AMZN,2018-10-12,AMZN|2018-10-12 13:30:00+00:00,2018-10-12 13:30:00+00:00,2018-10-12 20:00:00+00:00,2018-10-12 13:25:00+00:00,0,development,0,1d:DNEWS_24H,TFIDF_KNN,2018-10,0.8,1,"{""n_neighbors"":5,""weights"":""uniform""}",183,2018-09-28 20:00:00+00:00
AMZN,2018-10-15,AMZN|2018-10-15 13:30:00+00:00,2018-10-15 13:30:00+00:00,2018-10-15 20:00:00+00:00,2018-10-15 13:25:00+00:00,0,development,0,1d:DNEWS_24H,TFIDF_KNN,2018-10,0.8,1,"{""n_neighbors"":5,""weights"":""uniform""}",183,2018-09-28 20:00:00+00:00
AMZN,2018-10-16,AMZN|2018-10-16 13:30:00+00:00,2018-10-16 13:30:00+00:00,2018-10-16 20:00:00+00:00,2018-10-16 13:25:00+00:00,1,development,1,1d:DNEWS_24H,TFIDF_KNN,2018-10,0.8,1,"{""n_neighbors"":5,""weights"":""uniform""}",183,2018-09-28 20:00:00+00:00
AMZN,2018-10-17,AMZN|2018-10-17 13:30:00+00:00,2018-10-17 13:30:00+00:00,2018-10-17 20:00:00+00:00,2018-10-17 13:25:00+00:00,1,development,1,1d:DNEWS_24H,TFIDF_KNN,2018-10,0.6,1,"{""n_neighbors"":5,""weights"":""uniform""}",183,2018-09-28 20:00:00+00:00
AMZN,2018-10-18,AMZN|2018-10-18 13:30:00+00:00,2018-10-18 13:30:00+00:00,2018-10-18 20:00:00+00:00,2018-10-18 13:25:00+00:00,0,development,1,1d:DNEWS_24H,TFIDF_KNN,2018-10,0.2,0,"{""n_neighbors"":5,""weights"":""uniform""}",183,2018-09-28 20:00:00+00:00
AMZN,2018-10-19,AMZN|2018-10-19 13:30:00+00:00,2018-10-19 13:30:00+00:00,2018-10-19 20:00:00+00:00,2018-10-19 13:25:00+00:00,0,development,1,1d:DNEWS_24H,TFIDF_KNN,2018-10,0.6,1,"{""n_neighbors"":5,""weights"":""uniform""}",183,2018-09-28 20:00:00+00:00
AMZN,2018-10-22,AMZN|2018-10-22 13:30:00+00:00,2018-10-22 13:30:00+00:00,2018-10-22 20:00:00+00:00,2018-10-22 13:25:00+00:00,1,development,1,1d:DNEWS_24H,TFIDF_KNN,2018-10,0.6,1,"{""n_neighbors"":5,""weights"":""uniform""}",183,2018-09-28 20:00:00+00:00
AMZN,2018-10-23,AMZN|2018-10-23 13:30:00+00:00,2018-10-23 13:30:00+00:00,2018-10-23 20:00:00+00:00,2018-10-23 13:25:00+00:00,1,development,1,1d:DNEWS_24H,TFIDF_KNN,2018-10,0.8,1,"{""n_neighbors"":5,""weights"":""uniform""}",183,2018-09-28 20:00:00+00:00
AMZN,2018-10-24,AMZN|2018-10-24 13:30:00+00:00,2018-10-24 13:30:00+00:00,2018-10-24 20:00:00+00:00,2018-10-24 13:25:00+00:00,0,development,1,1d:DNEWS_24H,TFIDF_KNN,2018-10,0.2,0,"{""n_neighbors"":5,""weights"":""uniform""}",183,2018-09-28 20:00:00+00:00
AMZN,2018-10-25,AMZN|2018-10-25 13:30:00+00:00,2018-10-25 13:30:00+00:00,2018-10-25 20:00:00+00:00,2018-10-25 13:25:00+00:00,0,development,0,1d:DNEWS_24H,TFIDF_KNN,2018-10,0.6,1,"{""n_neighbors"":5,""weights"":""uniform""}",183,2018-09-28 20:00:00+00:00
AMZN,2018-10-26,AMZN|2018-10-26 13:30:00+00:00,2018-10-26 13:30:00+00:00,2018-10-26 20:00:00+00:00,2018-10-26 13:25:00+00:00,1,development,1,1d:DNEWS_24H,TFIDF_KNN,2018-10,0.8,1,"{""n_neighbors"":5,""weights"":""uniform""}",183,2018-09-28 20:00:00+00:00
AMZN,2018-10-29,AMZN|2018-10-29 13:30:00+00:00,2018-10-29 13:30:00+00:00,2018-10-29 20:00:00+00:00,2018-10-29 13:25:00+00:00,0,development,1,1d:DNEWS_24H,TFIDF_KNN,2018-10,0.8,1,"{""n_neighbors"":5,""weights"":""uniform""}",183,2018-09-28 20:00:00+00:00
AMZN,2018-10-30,AMZN|2018-10-30 13:30:00+00:00,2018-10-30 13:30:00+00:00,2018-10-30 20:00:00+00:00,2018-10-30 13:25:00+00:00,1,development,1,1d:DNEWS_24H,TFIDF_KNN,2018-10,0.6,1,"{""n_neighbors"":5,""weights"":""uniform""}",183,2018-09-28 20:00:00+00:00
AMZN,2018-10-31,AMZN|2018-10-31 13:30:00+00:00,2018-10-31 13:30:00+00:00,2018-10-31 20:00:00+00:00,2018-10-31 13:25:00+00:00,1,development,1,1d:DNEWS_24H,TFIDF_KNN,2018-10,1.0,1,"{""n_neighbors"":5,""weights"":""uniform""}",183,2018-09-28 20:00:00+00:00
AMZN,2018-11-01,AMZN|2018-11-01 13:30:00+00:00,2018-11-01 13:30:00+00:00,2018-11-01 20:00:00+00:00,2018-11-01 13:25:00+00:00,1,later,1,1d:DNEWS_24H,TFIDF_KNN,2018-11,0.8,1,"{""n_neighbors"":5,""weights"":""uniform""}",206,2018-10-31 20:00:00+00:00
AMZN,2018-11-02,AMZN|2018-11-02 13:30:00+00:00,2018-11-02 13:30:00+00:00,2018-11-02 20:00:00+00:00,2018-11-02 13:25:00+00:00,0,later,1,1d:DNEWS_24H,TFIDF_KNN,2018-11,1.0,1,"{""n_neighbors"":5,""weights"":""uniform""}",206,2018-10-31 20:00:00+00:00
AMZN,2018-11-05,AMZN|2018-11-05 14:30:00+00:00,2018-11-05 14:30:00+00:00,2018-11-05 21:00:00+00:00,2018-11-05 14:25:00+00:00,0,later,1,1d:DNEWS_24H,TFIDF_KNN,2018-11,0.2,0,"{""n_neighbors"":5,""weights"":""uniform""}",206,2018-10-31 20:00:00+00:00
AMZN,2018-11-06,AMZN|2018-11-06 14:30:00+00:00,2018-11-06 14:30:00+00:00,2018-11-06 21:00:00+00:00,2018-11-06 14:25:00+00:00,1,later,1,1d:DNEWS_24H,TFIDF_KNN,2018-11,0.2,0,"{""n_neighbors"":5,""weights"":""uniform""}",206,2018-10-31 20:00:00+00:00
AMZN,2018-11-07,AMZN|2018-11-07 14:30:00+00:00,2018-11-07 14:30:00+00:00,2018-11-07 21:00:00+00:00,2018-11-07 14:25:00+00:00,1,later,1,1d:DNEWS_24H,TFIDF_KNN,2018-11,0.4,0,"{""n_neighbors"":5,""weights"":""uniform""}",206,2018-10-31 20:00:00+00:00
AMZN,2018-11-08,AMZN|2018-11-08 14:30:00+00:00,2018-11-08 14:30:00+00:00,2018-11-08 21:00:00+00:00,2018-11-08 14:25:00+00:00,0,later,1,1d:DNEWS_24H,TFIDF_KNN,2018-11,0.4,0,"{""n_neighbors"":5,""weights"":""uniform""}",206,2018-10-31 20:00:00+00:00
AMZN,2018-11-09,AMZN|2018-11-09 14:30:00+00:00,2018-11-09 14:30:00+00:00,2018-11-09 21:00:00+00:00,2018-11-09 14:25:00+00:00,0,later,1,1d:DNEWS_24H,TFIDF_KNN,2018-11,0.2,0,"{""n_neighbors"":5,""weights"":""uniform""}",206,2018-10-31 20:00:00+00:00
AMZN,2018-11-12,AMZN|2018-11-12 14:30:00+00:00,2018-11-12 14:30:00+00:00,2018-11-12 21:00:00+00:00,2018-11-12 14:25:00+00:00,0,later,0,1d:DNEWS_24H,TFIDF_KNN,2018-11,0.4,0,"{""n_neighbors"":5,""weights"":""uniform""}",206,2018-10-31 20:00:00+00:00
AMZN,2018-11-13,AMZN|2018-11-13 14:30:00+00:00,2018-11-13 14:30:00+00:00,2018-11-13 21:00:00+00:00,2018-11-13 14:25:00+00:00,0,later,1,1d:DNEWS_24H,TFIDF_KNN,2018-11,0.4,0,"{""n_neighbors"":5,""weights"":""uniform""}",206,2018-10-31 20:00:00+00:00
AMZN,2018-11-14,AMZN|2018-11-14 14:30:00+00:00,2018-11-14 14:30:00+00:00,2018-11-14 21:00:00+00:00,2018-11-14 14:25:00+00:00,0,later,1,1d:DNEWS_24H,TFIDF_KNN,2018-11,0.2,0,"{""n_neighbors"":5,""weights"":""uniform""}",206,2018-10-31 20:00:00+00:00
AMZN,2018-11-15,AMZN|2018-11-15 14:30:00+00:00,2018-11-15 14:30:00+00:00,2018-11-15 21:00:00+00:00,2018-11-15 14:25:00+00:00,1,later,1,1d:DNEWS_24H,TFIDF_KNN,2018-11,0.8,1,"{""n_neighbors"":5,""weights"":""uniform""}",206,2018-10-31 20:00:00+00:00
AMZN,2018-11-16,AMZN|2018-11-16 14:30:00+00:00,2018-11-16 14:30:00+00:00,2018-11-16 21:00:00+00:00,2018-11-16 14:25:00+00:00,1,later,1,1d:DNEWS_24H,TFIDF_KNN,2018-11,1.0,1,"{""n_neighbors"":5,""weights"":""uniform""}",206,2018-10-31 20:00:00+00:00
AMZN,2018-11-19,AMZN|2018-11-19 14:30:00+00:00,2018-11-19 14:30:00+00:00,2018-11-19 21:00:00+00:00,2018-11-19 14:25:00+00:00,0,later,1,1d:DNEWS_24H,TFIDF_KNN,2018-11,0.2,0,"{""n_neighbors"":5,""weights"":""uniform""}",206,2018-10-31 20:00:00+00:00
AMZN,2018-11-20,AMZN|2018-11-20 14:30:00+00:00,2018-11-20 14:30:00+00:00,2018-11-20 21:00:00+00:00,2018-11-20 14:25:00+00:00,1,later,1,1d:DNEWS_24H,TFIDF_KNN,2018-11,0.6,1,"{""n_neighbors"":5,""weights"":""uniform""}",206,2018-10-31 20:00:00+00:00
AMZN,2018-11-21,AMZN|2018-11-21 14:30:00+00:00,2018-11-21 14:30:00+00:00,2018-11-21 21:00:00+00:00,2018-11-21 14:25:00+00:00,0,later,1,1d:DNEWS_24H,TFIDF_KNN,2018-11,0.8,1,"{""n_neighbors"":5,""weights"":""uniform""}",206,2018-10-31 20:00:00+00:00
AMZN,2018-11-23,AMZN|2018-11-23 14:30:00+00:00,2018-11-23 14:30:00+00:00,2018-11-23 18:00:00+00:00,2018-11-23 14:25:00+00:00,0,later,0,1d:DNEWS_24H,TFIDF_KNN,2018-11,0.2,0,"{""n_neighbors"":5,""weights"":""uniform""}",206,2018-10-31 20:00:00+00:00
AMZN,2018-11-26,AMZN|2018-11-26 14:30:00+00:00,2018-11-26 14:30:00+00:00,2018-11-26 21:00:00+00:00,2018-11-26 14:25:00+00:00,1,later,1,1d:DNEWS_24H,TFIDF_KNN,2018-11,0.4,0,"{""n_neighbors"":5,""weights"":""uniform""}",206,2018-10-31 20:00:00+00:00
AMZN,2018-11-27,AMZN|2018-11-27 14:30:00+00:00,2018-11-27 14:30:00+00:00,2018-11-27 21:00:00+00:00,2018-11-27 14:25:00+00:00,1,later,1,1d:DNEWS_24H,TFIDF_KNN,2018-11,0.8,1,"{""n_neighbors"":5,""weights"":""uniform""}",206,2018-10-31 20:00:00+00:00
AMZN,2018-11-28,AMZN|2018-11-28 14:30:00+00:00,2018-11-28 14:30:00+00:00,2018-11-28 21:00:00+00:00,2018-11-28 14:25:00+00:00,1,later,1,1d:DNEWS_24H,TFIDF_KNN,2018-11,0.6,1,"{""n_neighbors"":5,""weights"":""uniform""}",206,2018-10-31 20:00:00+00:00
AMZN,2018-11-29,AMZN|2018-11-29 14:30:00+00:00,2018-11-29 14:30:00+00:00,2018-11-29 21:00:00+00:00,2018-11-29 14:25:00+00:00,1,later,1,1d:DNEWS_24H,TFIDF_KNN,2018-11,0.4,0,"{""n_neighbors"":5,""weights"":""uniform""}",206,2018-10-31 20:00:00+00:00
AMZN,2018-11-30,AMZN|2018-11-30 14:30:00+00:00,2018-11-30 14:30:00+00:00,2018-11-30 21:00:00+00:00,2018-11-30 14:25:00+00:00,1,later,1,1d:DNEWS_24H,TFIDF_KNN,2018-11,0.6,1,"{""n_neighbors"":5,""weights"":""uniform""}",206,2018-10-31 20:00:00+00:00
AMZN,2018-12-03,AMZN|2018-12-03 14:30:00+00:00,2018-12-03 14:30:00+00:00,2018-12-03 21:00:00+00:00,2018-12-03 14:25:00+00:00,1,later,1,1d:DNEWS_24H,TFIDF_KNN,2018-12,0.6,1,"{""n_neighbors"":5,""weights"":""uniform""}",227,2018-11-30 21:00:00+00:00
AMZN,2018-12-04,AMZN|2018-12-04 14:30:00+00:00,2018-12-04 14:30:00+00:00,2018-12-04 21:00:00+00:00,2018-12-04 14:25:00+00:00,0,later,1,1d:DNEWS_24H,TFIDF_KNN,2018-12,0.6,1,"{""n_neighbors"":5,""weights"":""uniform""}",227,2018-11-30 21:00:00+00:00
AMZN,2018-12-06,AMZN|2018-12-06 14:30:00+00:00,2018-12-06 14:30:00+00:00,2018-12-06 21:00:00+00:00,2018-12-06 14:25:00+00:00,1,later,1,1d:DNEWS_24H,TFIDF_KNN,2018-12,0.2,0,"{""n_neighbors"":5,""weights"":""uniform""}",227,2018-11-30 21:00:00+00:00
AMZN,2018-12-07,AMZN|2018-12-07 14:30:00+00:00,2018-12-07 14:30:00+00:00,2018-12-07 21:00:00+00:00,2018-12-07 14:25:00+00:00,0,later,1,1d:DNEWS_24H,TFIDF_KNN,2018-12,0.2,0,"{""n_neighbors"":5,""weights"":""uniform""}",227,2018-11-30 21:00:00+00:00
AMZN,2018-12-10,AMZN|2018-12-10 14:30:00+00:00,2018-12-10 14:30:00+00:00,2018-12-10 21:00:00+00:00,2018-12-10 14:25:00+00:00,1,later,1,1d:DNEWS_24H,TFIDF_KNN,2018-12,0.0,0,"{""n_neighbors"":5,""weights"":""uniform""}",227,2018-11-30 21:00:00+00:00
AMZN,2018-12-11,AMZN|2018-12-11 14:30:00+00:00,2018-12-11 14:30:00+00:00,2018-12-11 21:00:00+00:00,2018-12-11 14:25:00+00:00,0,later,1,1d:DNEWS_24H,TFIDF_KNN,2018-12,0.8,1,"{""n_neighbors"":5,""weights"":""uniform""}",227,2018-11-30 21:00:00+00:00
AMZN,2018-12-12,AMZN|2018-12-12 14:30:00+00:00,2018-12-12 14:30:00+00:00,2018-12-12 21:00:00+00:00,2018-12-12 14:25:00+00:00,1,later,1,1d:DNEWS_24H,TFIDF_KNN,2018-12,1.0,1,"{""n_neighbors"":5,""weights"":""uniform""}",227,2018-11-30 21:00:00+00:00
AMZN,2018-12-13,AMZN|2018-12-13 14:30:00+00:00,2018-12-13 14:30:00+00:00,2018-12-13 21:00:00+00:00,2018-12-13 14:25:00+00:00,0,later,1,1d:DNEWS_24H,TFIDF_KNN,2018-12,0.6,1,"{""n_neighbors"":5,""weights"":""uniform""}",227,2018-11-30 21:00:00+00:00
AMZN,2018-12-14,AMZN|2018-12-14 14:30:00+00:00,2018-12-14 14:30:00+00:00,2018-12-14 21:00:00+00:00,2018-12-14 14:25:00+00:00,0,later,1,1d:DNEWS_24H,TFIDF_KNN,2018-12,1.0,1,"{""n_neighbors"":5,""weights"":""uniform""}",227,2018-11-30 21:00:00+00:00
AMZN,2018-12-17,AMZN|2018-12-17 14:30:00+00:00,2018-12-17 14:30:00+00:00,2018-12-17 21:00:00+00:00,2018-12-17 14:25:00+00:00,0,later,1,1d:DNEWS_24H,TFIDF_KNN,2018-12,0.8,1,"{""n_neighbors"":5,""weights"":""uniform""}",227,2018-11-30 21:00:00+00:00
AMZN,2018-12-18,AMZN|2018-12-18 14:30:00+00:00,2018-12-18 14:30:00+00:00,2018-12-18 21:00:00+00:00,2018-12-18 14:25:00+00:00,0,later,1,1d:DNEWS_24H,TFIDF_KNN,2018-12,0.8,1,"{""n_neighbors"":5,""weights"":""uniform""}",227,2018-11-30 21:00:00+00:00
AMZN,2018-12-19,AMZN|2018-12-19 14:30:00+00:00,2018-12-19 14:30:00+00:00,2018-12-19 21:00:00+00:00,2018-12-19 14:25:00+00:00,0,later,1,1d:DNEWS_24H,TFIDF_KNN,2018-12,0.8,1,"{""n_neighbors"":5,""weights"":""uniform""}",227,2018-11-30 21:00:00+00:00
AMZN,2018-12-20,AMZN|2018-12-20 14:30:00+00:00,2018-12-20 14:30:00+00:00,2018-12-20 21:00:00+00:00,2018-12-20 14:25:00+00:00,0,later,1,1d:DNEWS_24H,TFIDF_KNN,2018-12,0.8,1,"{""n_neighbors"":5,""weights"":""uniform""}",227,2018-11-30 21:00:00+00:00
AMZN,2018-12-21,AMZN|2018-12-21 14:30:00+00:00,2018-12-21 14:30:00+00:00,2018-12-21 21:00:00+00:00,2018-12-21 14:25:00+00:00,0,later,0,1d:DNEWS_24H,TFIDF_KNN,2018-12,1.0,1,"{""n_neighbors"":5,""weights"":""uniform""}",227,2018-11-30 21:00:00+00:00
AMZN,2018-12-24,AMZN|2018-12-24 14:30:00+00:00,2018-12-24 14:30:00+00:00,2018-12-24 18:00:00+00:00,2018-12-24 14:25:00+00:00,0,later,1,1d:DNEWS_24H,TFIDF_KNN,2018-12,0.8,1,"{""n_neighbors"":5,""weights"":""uniform""}",227,2018-11-30 21:00:00+00:00
AMZN,2018-12-26,AMZN|2018-12-26 14:30:00+00:00,2018-12-26 14:30:00+00:00,2018-12-26 21:00:00+00:00,2018-12-26 14:25:00+00:00,1,later,0,1d:DNEWS_24H,TFIDF_KNN,2018-12,0.8,1,"{""n_neighbors"":5,""weights"":""uniform""}",227,2018-11-30 21:00:00+00:00
AMZN,2018-12-27,AMZN|2018-12-27 14:30:00+00:00,2018-12-27 14:30:00+00:00,2018-12-27 21:00:00+00:00,2018-12-27 14:25:00+00:00,1,later,1,1d:DNEWS_24H,TFIDF_KNN,2018-12,0.8,1,"{""n_neighbors"":5,""weights"":""uniform""}",227,2018-11-30 21:00:00+00:00
AMZN,2018-12-28,AMZN|2018-12-28 14:30:00+00:00,2018-12-28 14:30:00+00:00,2018-12-28 21:00:00+00:00,2018-12-28 14:25:00+00:00,1,later,1,1d:DNEWS_24H,TFIDF_KNN,2018-12,0.4,0,"{""n_neighbors"":5,""weights"":""uniform""}",227,2018-11-30 21:00:00+00:00
AMZN,2018-12-31,AMZN|2018-12-31 14:30:00+00:00,2018-12-31 14:30:00+00:00,2018-12-31 21:00:00+00:00,2018-12-31 14:25:00+00:00,0,later,1,1d:DNEWS_24H,TFIDF_KNN,2018-12,0.0,0,"{""n_neighbors"":5,""weights"":""uniform""}",227,2018-11-30 21:00:00+00:00
AMZN,2019-01-02,AMZN|2019-01-02 14:30:00+00:00,2019-01-02 14:30:00+00:00,2019-01-02 21:00:00+00:00,2019-01-02 14:25:00+00:00,1,later,1,1d:DNEWS_24H,TFIDF_KNN,2019-01,0.4,0,"{""n_neighbors"":5,""weights"":""uniform""}",246,2018-12-31 21:00:00+00:00
AMZN,2019-01-03,AMZN|2019-01-03 14:30:00+00:00,2019-01-03 14:30:00+00:00,2019-01-03 21:00:00+00:00,2019-01-03 14:25:00+00:00,0,later,1,1d:DNEWS_24H,TFIDF_KNN,2019-01,0.4,0,"{""n_neighbors"":5,""weights"":""uniform""}",246,2018-12-31 21:00:00+00:00
AMZN,2019-01-04,AMZN|2019-01-04 14:30:00+00:00,2019-01-04 14:30:00+00:00,2019-01-04 21:00:00+00:00,2019-01-04 14:25:00+00:00,1,later,1,1d:DNEWS_24H,TFIDF_KNN,2019-01,0.6,1,"{""n_neighbors"":5,""weights"":""uniform""}",246,2018-12-31 21:00:00+00:00
AMZN,2019-01-07,AMZN|2019-01-07 14:30:00+00:00,2019-01-07 14:30:00+00:00,2019-01-07 21:00:00+00:00,2019-01-07 14:25:00+00:00,1,later,1,1d:DNEWS_24H,TFIDF_KNN,2019-01,0.6,1,"{""n_neighbors"":5,""weights"":""uniform""}",246,2018-12-31 21:00:00+00:00
AMZN,2019-01-08,AMZN|2019-01-08 14:30:00+00:00,2019-01-08 14:30:00+00:00,2019-01-08 21:00:00+00:00,2019-01-08 14:25:00+00:00,0,later,1,1d:DNEWS_24H,TFIDF_KNN,2019-01,0.6,1,"{""n_neighbors"":5,""weights"":""uniform""}",246,2018-12-31 21:00:00+00:00
AMZN,2019-01-09,AMZN|2019-01-09 14:30:00+00:00,2019-01-09 14:30:00+00:00,2019-01-09 21:00:00+00:00,2019-01-09 14:25:00+00:00,0,later,1,1d:DNEWS_24H,TFIDF_KNN,2019-01,0.4,0,"{""n_neighbors"":5,""weights"":""uniform""}",246,2018-12-31 21:00:00+00:00
AMZN,2019-01-10,AMZN|2019-01-10 14:30:00+00:00,2019-01-10 14:30:00+00:00,2019-01-10 21:00:00+00:00,2019-01-10 14:25:00+00:00,1,later,1,1d:DNEWS_24H,TFIDF_KNN,2019-01,0.4,0,"{""n_neighbors"":5,""weights"":""uniform""}",246,2018-12-31 21:00:00+00:00
AMZN,2019-01-11,AMZN|2019-01-11 14:30:00+00:00,2019-01-11 14:30:00+00:00,2019-01-11 21:00:00+00:00,2019-01-11 14:25:00+00:00,0,later,1,1d:DNEWS_24H,TFIDF_KNN,2019-01,0.4,0,"{""n_neighbors"":5,""weights"":""uniform""}",246,2018-12-31 21:00:00+00:00
AMZN,2019-01-14,AMZN|2019-01-14 14:30:00+00:00,2019-01-14 14:30:00+00:00,2019-01-14 21:00:00+00:00,2019-01-14 14:25:00+00:00,1,later,1,1d:DNEWS_24H,TFIDF_KNN,2019-01,1.0,1,"{""n_neighbors"":5,""weights"":""uniform""}",246,2018-12-31 21:00:00+00:00
AMZN,2019-01-15,AMZN|2019-01-15 14:30:00+00:00,2019-01-15 14:30:00+00:00,2019-01-15 21:00:00+00:00,2019-01-15 14:25:00+00:00,1,later,1,1d:DNEWS_24H,TFIDF_KNN,2019-01,1.0,1,"{""n_neighbors"":5,""weights"":""uniform""}",246,2018-12-31 21:00:00+00:00
AMZN,2019-01-16,AMZN|2019-01-16 14:30:00+00:00,2019-01-16 14:30:00+00:00,2019-01-16 21:00:00+00:00,2019-01-16 14:25:00+00:00,0,later,1,1d:DNEWS_24H,TFIDF_KNN,2019-01,0.8,1,"{""n_neighbors"":5,""weights"":""uniform""}",246,2018-12-31 21:00:00+00:00
AMZN,2019-01-17,AMZN|2019-01-17 14:30:00+00:00,2019-01-17 14:30:00+00:00,2019-01-17 21:00:00+00:00,2019-01-17 14:25:00+00:00,1,later,1,1d:DNEWS_24H,TFIDF_KNN,2019-01,0.4,0,"{""n_neighbors"":5,""weights"":""uniform""}",246,2018-12-31 21:00:00+00:00
AMZN,2019-01-18,AMZN|2019-01-18 14:30:00+00:00,2019-01-18 14:30:00+00:00,2019-01-18 21:00:00+00:00,2019-01-18 14:25:00+00:00,0,later,1,1d:DNEWS_24H,TFIDF_KNN,2019-01,1.0,1,"{""n_neighbors"":5,""weights"":""uniform""}",246,2018-12-31 21:00:00+00:00
AMZN,2019-01-22,AMZN|2019-01-22 14:30:00+00:00,2019-01-22 14:30:00+00:00,2019-01-22 21:00:00+00:00,2019-01-22 14:25:00+00:00,0,later,0,1d:DNEWS_24H,TFIDF_KNN,2019-01,1.0,1,"{""n_neighbors"":5,""weights"":""uniform""}",246,2018-12-31 21:00:00+00:00
AMZN,2019-01-23,AMZN|2019-01-23 14:30:00+00:00,2019-01-23 14:30:00+00:00,2019-01-23 21:00:00+00:00,2019-01-23 14:25:00+00:00,0,later,0,1d:DNEWS_24H,TFIDF_KNN,2019-01,0.6,1,"{""n_neighbors"":5,""weights"":""uniform""}",246,2018-12-31 21:00:00+00:00
AMZN,2019-01-24,AMZN|2019-01-24 14:30:00+00:00,2019-01-24 14:30:00+00:00,2019-01-24 21:00:00+00:00,2019-01-24 14:25:00+00:00,1,later,1,1d:DNEWS_24H,TFIDF_KNN,2019-01,0.2,0,"{""n_neighbors"":5,""weights"":""uniform""}",246,2018-12-31 21:00:00+00:00
AMZN,2019-01-25,AMZN|2019-01-25 14:30:00+00:00,2019-01-25 14:30:00+00:00,2019-01-25 21:00:00+00:00,2019-01-25 14:25:00+00:00,1,later,0,1d:DNEWS_24H,TFIDF_KNN,2019-01,0.4,0,"{""n_neighbors"":5,""weights"":""uniform""}",246,2018-12-31 21:00:00+00:00
AMZN,2019-01-28,AMZN|2019-01-28 14:30:00+00:00,2019-01-28 14:30:00+00:00,2019-01-28 21:00:00+00:00,2019-01-28 14:25:00+00:00,0,later,1,1d:DNEWS_24H,TFIDF_KNN,2019-01,0.4,0,"{""n_neighbors"":5,""weights"":""uniform""}",246,2018-12-31 21:00:00+00:00
AMZN,2019-01-29,AMZN|2019-01-29 14:30:00+00:00,2019-01-29 14:30:00+00:00,2019-01-29 21:00:00+00:00,2019-01-29 14:25:00+00:00,0,later,1,1d:DNEWS_24H,TFIDF_KNN,2019-01,0.8,1,"{""n_neighbors"":5,""weights"":""uniform""}",246,2018-12-31 21:00:00+00:00
AMZN,2019-01-30,AMZN|2019-01-30 14:30:00+00:00,2019-01-30 14:30:00+00:00,2019-01-30 21:00:00+00:00,2019-01-30 14:25:00+00:00,1,later,1,1d:DNEWS_24H,TFIDF_KNN,2019-01,0.4,0,"{""n_neighbors"":5,""weights"":""uniform""}",246,2018-12-31 21:00:00+00:00
AMZN,2019-01-31,AMZN|2019-01-31 14:30:00+00:00,2019-01-31 14:30:00+00:00,2019-01-31 21:00:00+00:00,2019-01-31 14:25:00+00:00,1,later,1,1d:DNEWS_24H,TFIDF_KNN,2019-01,0.6,1,"{""n_neighbors"":5,""weights"":""uniform""}",246,2018-12-31 21:00:00+00:00
AMZN,2019-02-01,AMZN|2019-02-01 14:30:00+00:00,2019-02-01 14:30:00+00:00,2019-02-01 21:00:00+00:00,2019-02-01 14:25:00+00:00,0,later,1,1d:DNEWS_24H,TFIDF_KNN,2019-02,0.2,0,"{""n_neighbors"":5,""weights"":""uniform""}",267,2019-01-31 21:00:00+00:00
