stock,horizon,method,month,params,train_n,train_end,evaluation_cutoff,n,accuracy,ba,mcc,precision,recall,f1,up_recall,down_recall,pred_up,true_up,constant,auc,brier
AAPL,1d:DNEWS_24H,PAPER_1G_L1LR,2018-03,"{""C"": 0.01}",35,2018-02-28 21:00:00+00:00,2018-03-01 14:25:00+00:00,21,0.38095238095238093,0.5,0.0,0.38095238095238093,1.0,0.5517241379310345,1.0,0.0,1.0,0.38095238095238093,True,0.5,0.25
AAPL,1d:DNEWS_24H,PAPER_1G_L1LR,2018-03,"{""C"": 0.1}",35,2018-02-28 21:00:00+00:00,2018-03-01 14:25:00+00:00,21,0.38095238095238093,0.5,0.0,0.38095238095238093,1.0,0.5517241379310345,1.0,0.0,1.0,0.38095238095238093,True,0.5,0.25
AAPL,1d:DNEWS_24H,PAPER_1G_L1LR,2018-03,"{""C"": 1.0}",35,2018-02-28 21:00:00+00:00,2018-03-01 14:25:00+00:00,21,0.6190476190476191,0.5480769230769231,0.11891287353862351,0.5,0.25,0.3333333333333333,0.25,0.8461538461538461,0.19047619047619047,0.38095238095238093,False,0.5,0.2717115969894042
AAPL,1d:DNEWS_24H,PAPER_1G_L1LR,2018-04,"{""C"": 0.01}",56,2018-03-29 20:00:00+00:00,2018-04-02 13:25:00+00:00,21,0.5714285714285714,0.5,0.0,0.5714285714285714,1.0,0.7272727272727273,1.0,0.0,1.0,0.5714285714285714,True,0.5,0.25
AAPL,1d:DNEWS_24H,PAPER_1G_L1LR,2018-04,"{""C"": 0.1}",56,2018-03-29 20:00:00+00:00,2018-04-02 13:25:00+00:00,21,0.5714285714285714,0.5,0.0,0.5714285714285714,1.0,0.7272727272727273,1.0,0.0,1.0,0.5714285714285714,True,0.5,0.25
AAPL,1d:DNEWS_24H,PAPER_1G_L1LR,2018-04,"{""C"": 1.0}",56,2018-03-29 20:00:00+00:00,2018-04-02 13:25:00+00:00,21,0.23809523809523808,0.25,-0.5095246653650681,0.25,0.16666666666666666,0.2,0.16666666666666666,0.3333333333333333,0.38095238095238093,0.5714285714285714,False,0.19444444444444445,0.3907137485704255
AAPL,1d:DNEWS_24H,PAPER_1G_L1LR,2018-05,"{""C"": 0.01}",77,2018-04-30 20:00:00+00:00,2018-05-01 13:25:00+00:00,22,0.5,0.5,0.0,0.5,1.0,0.6666666666666666,1.0,0.0,1.0,0.5,True,0.5,0.25
AAPL,1d:DNEWS_24H,PAPER_1G_L1LR,2018-05,"{""C"": 0.1}",77,2018-04-30 20:00:00+00:00,2018-05-01 13:25:00+00:00,22,0.5,0.5,0.0,0.5,1.0,0.6666666666666666,1.0,0.0,1.0,0.5,True,0.5,0.25
AAPL,1d:DNEWS_24H,PAPER_1G_L1LR,2018-05,"{""C"": 1.0}",77,2018-04-30 20:00:00+00:00,2018-05-01 13:25:00+00:00,22,0.5454545454545454,0.5454545454545454,0.13245323570650439,0.6666666666666666,0.18181818181818182,0.2857142857142857,0.18181818181818182,0.9090909090909091,0.13636363636363635,0.5,False,0.487603305785124,0.3482336919343114
AAPL,1d:DNEWS_24H,PAPER_1G_L1LR,2018-06,"{""C"": 0.01}",99,2018-05-31 20:00:00+00:00,2018-06-01 13:25:00+00:00,21,0.38095238095238093,0.5,0.0,0.38095238095238093,1.0,0.5517241379310345,1.0,0.0,1.0,0.38095238095238093,True,0.5,0.25
AAPL,1d:DNEWS_24H,PAPER_1G_L1LR,2018-06,"{""C"": 0.1}",99,2018-05-31 20:00:00+00:00,2018-06-01 13:25:00+00:00,21,0.38095238095238093,0.5,0.0,0.38095238095238093,1.0,0.5517241379310345,1.0,0.0,1.0,0.38095238095238093,True,0.5,0.25
AAPL,1d:DNEWS_24H,PAPER_1G_L1LR,2018-06,"{""C"": 1.0}",99,2018-05-31 20:00:00+00:00,2018-06-01 13:25:00+00:00,21,0.3333333333333333,0.3173076923076923,-0.35527985620321373,0.2,0.25,0.2222222222222222,0.25,0.38461538461538464,0.47619047619047616,0.38095238095238093,False,0.2980769230769231,0.43916874679639406
AAPL,1d:DNEWS_24H,PAPER_1G_L1LR,2018-07,"{""C"": 0.01}",120,2018-06-29 20:00:00+00:00,2018-07-02 13:25:00+00:00,21,0.6190476190476191,0.5,0.0,0.6190476190476191,1.0,0.7647058823529411,1.0,0.0,1.0,0.6190476190476191,True,0.5,0.25
AAPL,1d:DNEWS_24H,PAPER_1G_L1LR,2018-07,"{""C"": 0.1}",120,2018-06-29 20:00:00+00:00,2018-07-02 13:25:00+00:00,21,0.38095238095238093,0.3557692307692308,-0.28306925853614895,0.5,0.46153846153846156,0.48,0.46153846153846156,0.25,0.5714285714285714,0.6190476190476191,False,0.3557692307692308,0.25438836248680896
AAPL,1d:DNEWS_24H,PAPER_1G_L1LR,2018-07,"{""C"": 1.0}",120,2018-06-29 20:00:00+00:00,2018-07-02 13:25:00+00:00,21,0.3333333333333333,0.3653846153846154,-0.2773500981126146,0.42857142857142855,0.23076923076923078,0.3,0.23076923076923078,0.5,0.3333333333333333,0.6190476190476191,False,0.2980769230769231,0.3779443731253315
AAPL,1d:DNEWS_24H,PAPER_1G_L1LR,2018-08,"{""C"": 0.01}",141,2018-07-31 20:00:00+00:00,2018-08-01 13:25:00+00:00,23,0.7391304347826086,0.5,0.0,0.7391304347826086,1.0,0.85,1.0,0.0,1.0,0.7391304347826086,True,0.5,0.25
AAPL,1d:DNEWS_24H,PAPER_1G_L1LR,2018-08,"{""C"": 0.1}",141,2018-07-31 20:00:00+00:00,2018-08-01 13:25:00+00:00,23,0.7391304347826086,0.5,0.0,0.7391304347826086,1.0,0.85,1.0,0.0,1.0,0.7391304347826086,True,0.5,0.25
AAPL,1d:DNEWS_24H,PAPER_1G_L1LR,2018-08,"{""C"": 1.0}",141,2018-07-31 20:00:00+00:00,2018-08-01 13:25:00+00:00,23,0.5652173913043478,0.5441176470588236,0.07815751585783592,0.7692307692307693,0.5882352941176471,0.6666666666666666,0.5882352941176471,0.5,0.5652173913043478,0.7391304347826086,False,0.6568627450980392,0.2887873439810048
AAPL,1d:DNEWS_24H,PAPER_1G_L1LR,2018-09,"{""C"": 0.01}",164,2018-08-31 20:00:00+00:00,2018-09-04 13:25:00+00:00,19,0.47368421052631576,0.5,0.0,0.47368421052631576,1.0,0.6428571428571429,1.0,0.0,1.0,0.47368421052631576,True,0.5,0.25
AAPL,1d:DNEWS_24H,PAPER_1G_L1LR,2018-09,"{""C"": 0.1}",164,2018-08-31 20:00:00+00:00,2018-09-04 13:25:00+00:00,19,0.47368421052631576,0.5,0.0,0.47368421052631576,1.0,0.6428571428571429,1.0,0.0,1.0,0.47368421052631576,True,0.5,0.25
AAPL,1d:DNEWS_24H,PAPER_1G_L1LR,2018-09,"{""C"": 1.0}",164,2018-08-31 20:00:00+00:00,2018-09-04 13:25:00+00:00,19,0.5789473684210527,0.6,0.32539568672798425,0.5294117647058824,1.0,0.6923076923076923,1.0,0.2,0.8947368421052632,0.47368421052631576,False,0.711111111111111,0.2983291962626368
AAPL,1d:DNEWS_24H,PAPER_1G_L1LR,2018-10,"{""C"": 0.01}",183,2018-09-28 20:00:00+00:00,2018-10-01 13:25:00+00:00,23,0.4782608695652174,0.5,0.0,0.4782608695652174,1.0,0.6470588235294118,1.0,0.0,1.0,0.4782608695652174,True,0.5,0.25
AAPL,1d:DNEWS_24H,PAPER_1G_L1LR,2018-10,"{""C"": 0.1}",183,2018-09-28 20:00:00+00:00,2018-10-01 13:25:00+00:00,23,0.4782608695652174,0.5,0.0,0.4782608695652174,1.0,0.6470588235294118,1.0,0.0,1.0,0.4782608695652174,True,0.5,0.25
AAPL,1d:DNEWS_24H,PAPER_1G_L1LR,2018-10,"{""C"": 1.0}",183,2018-09-28 20:00:00+00:00,2018-10-01 13:25:00+00:00,23,0.4782608695652174,0.4772727272727273,-0.045454545454545456,0.45454545454545453,0.45454545454545453,0.45454545454545453,0.45454545454545453,0.5,0.4782608695652174,0.4782608695652174,False,0.49242424242424243,0.2689196371000028
AAPL,1d:DNEWS_24H,PAPER_1G_L1LR,2018-11,"{""C"": 0.01}",206,2018-10-31 20:00:00+00:00,2018-11-01 13:25:00+00:00,21,0.3333333333333333,0.5,0.0,0.3333333333333333,1.0,0.5,1.0,0.0,1.0,0.3333333333333333,True,0.5,0.25
AAPL,1d:DNEWS_24H,PAPER_1G_L1LR,2018-11,"{""C"": 0.1}",206,2018-10-31 20:00:00+00:00,2018-11-01 13:25:00+00:00,21,0.3333333333333333,0.5,0.0,0.3333333333333333,1.0,0.5,1.0,0.0,1.0,0.3333333333333333,True,0.4642857142857143,0.2620357801178001
AAPL,1d:DNEWS_24H,PAPER_1G_L1LR,2018-11,"{""C"": 1.0}",206,2018-10-31 20:00:00+00:00,2018-11-01 13:25:00+00:00,21,0.5238095238095238,0.6071428571428571,0.22360679774997896,0.4,0.8571428571428571,0.5454545454545454,0.8571428571428571,0.35714285714285715,0.7142857142857143,0.3333333333333333,False,0.5102040816326531,0.4093366023307196
AAPL,1d:DNEWS_24H,PAPER_1G_L1LR,2018-12,"{""C"": 0.01}",227,2018-11-30 21:00:00+00:00,2018-12-03 14:25:00+00:00,19,0.3157894736842105,0.5,0.0,0.3157894736842105,1.0,0.48,1.0,0.0,1.0,0.3157894736842105,True,0.5,0.25
AAPL,1d:DNEWS_24H,PAPER_1G_L1LR,2018-12,"{""C"": 0.1}",227,2018-11-30 21:00:00+00:00,2018-12-03 14:25:00+00:00,19,0.42105263157894735,0.532051282051282,0.07308816827558576,0.3333333333333333,0.8333333333333334,0.47619047619047616,0.8333333333333334,0.23076923076923078,0.7894736842105263,0.3157894736842105,False,0.4230769230769231,0.2530451381486476
AAPL,1d:DNEWS_24H,PAPER_1G_L1LR,2018-12,"{""C"": 1.0}",227,2018-11-30 21:00:00+00:00,2018-12-03 14:25:00+00:00,19,0.631578947368421,0.641025641025641,0.26257545381445874,0.4444444444444444,0.6666666666666666,0.5333333333333333,0.6666666666666666,0.6153846153846154,0.47368421052631576,0.3157894736842105,False,0.4999999999999999,0.3390575437294856
AAPL,1d:DNEWS_24H,PAPER_1G_L1LR,2019-01,"{""C"": 0.01}",246,2018-12-31 21:00:00+00:00,2019-01-02 14:25:00+00:00,21,0.5238095238095238,0.5,0.0,0.5238095238095238,1.0,0.6875,1.0,0.0,1.0,0.5238095238095238,True,0.5,0.25
AAPL,1d:DNEWS_24H,PAPER_1G_L1LR,2019-01,"{""C"": 0.1}",246,2018-12-31 21:00:00+00:00,2019-01-02 14:25:00+00:00,21,0.3333333333333333,0.34090909090909094,-0.337099931231621,0.2857142857142857,0.18181818181818182,0.2222222222222222,0.18181818181818182,0.5,0.3333333333333333,0.5238095238095238,False,0.3363636363636363,0.2545594065233632
AAPL,1d:DNEWS_24H,PAPER_1G_L1LR,2019-01,"{""C"": 1.0}",246,2018-12-31 21:00:00+00:00,2019-01-02 14:25:00+00:00,21,0.42857142857142855,0.42727272727272725,-0.14545454545454545,0.45454545454545453,0.45454545454545453,0.45454545454545453,0.45454545454545453,0.4,0.5238095238095238,0.5238095238095238,False,0.40909090909090906,0.36366478320863416
AAPL,1d:DNEWS_24H,PAPER_1G_L1LR,2019-02,"{""C"": 0.01}",267,2019-01-31 21:00:00+00:00,2019-02-01 14:25:00+00:00,1,1.0,,,1.0,1.0,1.0,1.0,0.0,1.0,1.0,True,,0.25
AAPL,1d:DNEWS_24H,PAPER_1G_L1LR,2019-02,"{""C"": 0.1}",267,2019-01-31 21:00:00+00:00,2019-02-01 14:25:00+00:00,1,1.0,,,1.0,1.0,1.0,1.0,0.0,1.0,1.0,True,,0.2462392756462185
AAPL,1d:DNEWS_24H,PAPER_1G_L1LR,2019-02,"{""C"": 1.0}",267,2019-01-31 21:00:00+00:00,2019-02-01 14:25:00+00:00,1,1.0,,,1.0,1.0,1.0,1.0,0.0,1.0,1.0,True,,0.1543548336430272
AAPL,1d:DNEWS_OVERNIGHT,PAPER_1G_L1LR,2018-03,"{""C"": 0.01}",35,2018-02-28 21:00:00+00:00,2018-03-01 14:25:00+00:00,21,0.38095238095238093,0.5,0.0,0.38095238095238093,1.0,0.5517241379310345,1.0,0.0,1.0,0.38095238095238093,True,0.5,0.25
AAPL,1d:DNEWS_OVERNIGHT,PAPER_1G_L1LR,2018-03,"{""C"": 0.1}",35,2018-02-28 21:00:00+00:00,2018-03-01 14:25:00+00:00,21,0.38095238095238093,0.5,0.0,0.38095238095238093,1.0,0.5517241379310345,1.0,0.0,1.0,0.38095238095238093,True,0.5,0.25
AAPL,1d:DNEWS_OVERNIGHT,PAPER_1G_L1LR,2018-03,"{""C"": 1.0}",35,2018-02-28 21:00:00+00:00,2018-03-01 14:25:00+00:00,21,0.47619047619047616,0.38461538461538464,-0.3202563076101743,0.0,0.0,0.0,0.0,0.7692307692307693,0.14285714285714285,0.38095238095238093,False,0.25,0.3614793883870053
AAPL,1d:DNEWS_OVERNIGHT,PAPER_1G_L1LR,2018-04,"{""C"": 0.01}",56,2018-03-29 20:00:00+00:00,2018-04-02 13:25:00+00:00,21,0.5714285714285714,0.5,0.0,0.5714285714285714,1.0,0.7272727272727273,1.0,0.0,1.0,0.5714285714285714,True,0.5,0.25
AAPL,1d:DNEWS_OVERNIGHT,PAPER_1G_L1LR,2018-04,"{""C"": 0.1}",56,2018-03-29 20:00:00+00:00,2018-04-02 13:25:00+00:00,21,0.5714285714285714,0.5,0.0,0.5714285714285714,1.0,0.7272727272727273,1.0,0.0,1.0,0.5714285714285714,True,0.5,0.25
AAPL,1d:DNEWS_OVERNIGHT,PAPER_1G_L1LR,2018-04,"{""C"": 1.0}",56,2018-03-29 20:00:00+00:00,2018-04-02 13:25:00+00:00,21,0.5714285714285714,0.5555555555555556,0.11322770341445958,0.6153846153846154,0.6666666666666666,0.64,0.6666666666666666,0.4444444444444444,0.6190476190476191,0.5714285714285714,False,0.6018518518518519,0.25066891893858495
AAPL,1d:DNEWS_OVERNIGHT,PAPER_1G_L1LR,2018-05,"{""C"": 0.01}",77,2018-04-30 20:00:00+00:00,2018-05-01 13:25:00+00:00,22,0.5,0.5,0.0,0.5,1.0,0.6666666666666666,1.0,0.0,1.0,0.5,True,0.5,0.25
AAPL,1d:DNEWS_OVERNIGHT,PAPER_1G_L1LR,2018-05,"{""C"": 0.1}",77,2018-04-30 20:00:00+00:00,2018-05-01 13:25:00+00:00,22,0.5,0.5,0.0,0.5,1.0,0.6666666666666666,1.0,0.0,1.0,0.5,True,0.5,0.25
AAPL,1d:DNEWS_OVERNIGHT,PAPER_1G_L1LR,2018-05,"{""C"": 1.0}",77,2018-04-30 20:00:00+00:00,2018-05-01 13:25:00+00:00,22,0.5,0.5,0.0,0.5,0.2727272727272727,0.35294117647058826,0.2727272727272727,0.7272727272727273,0.2727272727272727,0.5,False,0.33884297520661155,0.4003541755516738
AAPL,1d:DNEWS_OVERNIGHT,PAPER_1G_L1LR,2018-06,"{""C"": 0.01}",99,2018-05-31 20:00:00+00:00,2018-06-01 13:25:00+00:00,21,0.38095238095238093,0.5,0.0,0.38095238095238093,1.0,0.5517241379310345,1.0,0.0,1.0,0.38095238095238093,True,0.5,0.25
AAPL,1d:DNEWS_OVERNIGHT,PAPER_1G_L1LR,2018-06,"{""C"": 0.1}",99,2018-05-31 20:00:00+00:00,2018-06-01 13:25:00+00:00,21,0.38095238095238093,0.5,0.0,0.38095238095238093,1.0,0.5517241379310345,1.0,0.0,1.0,0.38095238095238093,True,0.5,0.25
AAPL,1d:DNEWS_OVERNIGHT,PAPER_1G_L1LR,2018-06,"{""C"": 1.0}",99,2018-05-31 20:00:00+00:00,2018-06-01 13:25:00+00:00,21,0.38095238095238093,0.40384615384615385,-0.19230769230769232,0.3076923076923077,0.5,0.38095238095238093,0.5,0.3076923076923077,0.6190476190476191,0.38095238095238093,False,0.34615384615384615,0.40173295619170624
AAPL,1d:DNEWS_OVERNIGHT,PAPER_1G_L1LR,2018-07,"{""C"": 0.01}",120,2018-06-29 20:00:00+00:00,2018-07-02 13:25:00+00:00,21,0.6190476190476191,0.5,0.0,0.6190476190476191,1.0,0.7647058823529411,1.0,0.0,1.0,0.6190476190476191,True,0.5,0.25
AAPL,1d:DNEWS_OVERNIGHT,PAPER_1G_L1LR,2018-07,"{""C"": 0.1}",120,2018-06-29 20:00:00+00:00,2018-07-02 13:25:00+00:00,21,0.6190476190476191,0.5,0.0,0.6190476190476191,1.0,0.7647058823529411,1.0,0.0,1.0,0.6190476190476191,True,0.5,0.25
AAPL,1d:DNEWS_OVERNIGHT,PAPER_1G_L1LR,2018-07,"{""C"": 1.0}",120,2018-06-29 20:00:00+00:00,2018-07-02 13:25:00+00:00,21,0.6666666666666666,0.7307692307692308,0.49613893835683387,1.0,0.46153846153846156,0.631578947368421,0.46153846153846156,1.0,0.2857142857142857,0.6190476190476191,False,0.7596153846153846,0.25223038834856054
AAPL,1d:DNEWS_OVERNIGHT,PAPER_1G_L1LR,2018-08,"{""C"": 0.01}",141,2018-07-31 20:00:00+00:00,2018-08-01 13:25:00+00:00,23,0.7391304347826086,0.5,0.0,0.7391304347826086,1.0,0.85,1.0,0.0,1.0,0.7391304347826086,True,0.5,0.25
AAPL,1d:DNEWS_OVERNIGHT,PAPER_1G_L1LR,2018-08,"{""C"": 0.1}",141,2018-07-31 20:00:00+00:00,2018-08-01 13:25:00+00:00,23,0.7391304347826086,0.5,0.0,0.7391304347826086,1.0,0.85,1.0,0.0,1.0,0.7391304347826086,True,0.5,0.25
AAPL,1d:DNEWS_OVERNIGHT,PAPER_1G_L1LR,2018-08,"{""C"": 1.0}",141,2018-07-31 20:00:00+00:00,2018-08-01 13:25:00+00:00,23,0.6086956521739131,0.6274509803921569,0.22407133233117496,0.8333333333333334,0.5882352941176471,0.6896551724137931,0.5882352941176471,0.6666666666666666,0.5217391304347826,0.7391304347826086,False,0.6470588235294119,0.27179485153115035
AAPL,1d:DNEWS_OVERNIGHT,PAPER_1G_L1LR,2018-09,"{""C"": 0.01}",164,2018-08-31 20:00:00+00:00,2018-09-04 13:25:00+00:00,19,0.47368421052631576,0.5,0.0,0.47368421052631576,1.0,0.6428571428571429,1.0,0.0,1.0,0.47368421052631576,True,0.5,0.25
AAPL,1d:DNEWS_OVERNIGHT,PAPER_1G_L1LR,2018-09,"{""C"": 0.1}",164,2018-08-31 20:00:00+00:00,2018-09-04 13:25:00+00:00,19,0.47368421052631576,0.5,0.0,0.47368421052631576,1.0,0.6428571428571429,1.0,0.0,1.0,0.47368421052631576,True,0.6722222222222223,0.24317691247757547
AAPL,1d:DNEWS_OVERNIGHT,PAPER_1G_L1LR,2018-09,"{""C"": 1.0}",164,2018-08-31 20:00:00+00:00,2018-09-04 13:25:00+00:00,19,0.42105263157894735,0.4222222222222222,-0.15555555555555556,0.4,0.4444444444444444,0.42105263157894735,0.4444444444444444,0.4,0.5263157894736842,0.47368421052631576,False,0.36666666666666664,0.43403112877500033
AAPL,1d:DNEWS_OVERNIGHT,PAPER_1G_L1LR,2018-10,"{""C"": 0.01}",183,2018-09-28 20:00:00+00:00,2018-10-01 13:25:00+00:00,23,0.4782608695652174,0.5,0.0,0.4782608695652174,1.0,0.6470588235294118,1.0,0.0,1.0,0.4782608695652174,True,0.5,0.25
AAPL,1d:DNEWS_OVERNIGHT,PAPER_1G_L1LR,2018-10,"{""C"": 0.1}",183,2018-09-28 20:00:00+00:00,2018-10-01 13:25:00+00:00,23,0.4782608695652174,0.5,0.0,0.4782608695652174,1.0,0.6470588235294118,1.0,0.0,1.0,0.4782608695652174,True,0.590909090909091,0.2483947737246742
AAPL,1d:DNEWS_OVERNIGHT,PAPER_1G_L1LR,2018-10,"{""C"": 1.0}",183,2018-09-28 20:00:00+00:00,2018-10-01 13:25:00+00:00,23,0.5217391304347826,0.5265151515151515,0.054278245606577465,0.5,0.6363636363636364,0.56,0.6363636363636364,0.4166666666666667,0.6086956521739131,0.4782608695652174,False,0.5075757575757576,0.3427690416409488
AAPL,1d:DNEWS_OVERNIGHT,PAPER_1G_L1LR,2018-11,"{""C"": 0.01}",206,2018-10-31 20:00:00+00:00,2018-11-01 13:25:00+00:00,21,0.3333333333333333,0.5,0.0,0.3333333333333333,1.0,0.5,1.0,0.0,1.0,0.3333333333333333,True,0.5,0.25
AAPL,1d:DNEWS_OVERNIGHT,PAPER_1G_L1LR,2018-11,"{""C"": 0.1}",206,2018-10-31 20:00:00+00:00,2018-11-01 13:25:00+00:00,21,0.3333333333333333,0.5,0.0,0.3333333333333333,1.0,0.5,1.0,0.0,1.0,0.3333333333333333,True,0.2857142857142857,0.2742238048405717
AAPL,1d:DNEWS_OVERNIGHT,PAPER_1G_L1LR,2018-11,"{""C"": 1.0}",206,2018-10-31 20:00:00+00:00,2018-11-01 13:25:00+00:00,21,0.42857142857142855,0.42857142857142855,-0.13483997249264842,0.2727272727272727,0.42857142857142855,0.3333333333333333,0.42857142857142855,0.42857142857142855,0.5238095238095238,0.3333333333333333,False,0.3469387755102041,0.43232352788889666
AAPL,1d:DNEWS_OVERNIGHT,PAPER_1G_L1LR,2018-12,"{""C"": 0.01}",227,2018-11-30 21:00:00+00:00,2018-12-03 14:25:00+00:00,19,0.3157894736842105,0.5,0.0,0.3157894736842105,1.0,0.48,1.0,0.0,1.0,0.3157894736842105,True,0.5,0.25
AAPL,1d:DNEWS_OVERNIGHT,PAPER_1G_L1LR,2018-12,"{""C"": 0.1}",227,2018-11-30 21:00:00+00:00,2018-12-03 14:25:00+00:00,19,0.5789473684210527,0.6923076923076923,0.40599897147057507,0.42857142857142855,1.0,0.6,1.0,0.38461538461538464,0.7368421052631579,0.3157894736842105,False,0.7564102564102564,0.24749883403182996
AAPL,1d:DNEWS_OVERNIGHT,PAPER_1G_L1LR,2018-12,"{""C"": 1.0}",227,2018-11-30 21:00:00+00:00,2018-12-03 14:25:00+00:00,19,0.631578947368421,0.641025641025641,0.26257545381445874,0.4444444444444444,0.6666666666666666,0.5333333333333333,0.6666666666666666,0.6153846153846154,0.47368421052631576,0.3157894736842105,False,0.6025641025641025,0.2689460396477768
AAPL,1d:DNEWS_OVERNIGHT,PAPER_1G_L1LR,2019-01,"{""C"": 0.01}",246,2018-12-31 21:00:00+00:00,2019-01-02 14:25:00+00:00,21,0.5238095238095238,0.5,0.0,0.5238095238095238,1.0,0.6875,1.0,0.0,1.0,0.5238095238095238,True,0.5,0.25
AAPL,1d:DNEWS_OVERNIGHT,PAPER_1G_L1LR,2019-01,"{""C"": 0.1}",246,2018-12-31 21:00:00+00:00,2019-01-02 14:25:00+00:00,21,0.47619047619047616,0.46818181818181814,-0.06741998624632421,0.5,0.6363636363636364,0.56,0.6363636363636364,0.3,0.6666666666666666,0.5238095238095238,False,0.5045454545454546,0.2504840552609712
AAPL,1d:DNEWS_OVERNIGHT,PAPER_1G_L1LR,2019-01,"{""C"": 1.0}",246,2018-12-31 21:00:00+00:00,2019-01-02 14:25:00+00:00,21,0.47619047619047616,0.4772727272727273,-0.045454545454545456,0.5,0.45454545454545453,0.47619047619047616,0.45454545454545453,0.5,0.47619047619047616,0.5238095238095238,False,0.4636363636363636,0.3685199707167789
AAPL,1d:DNEWS_OVERNIGHT,PAPER_1G_L1LR,2019-02,"{""C"": 0.01}",267,2019-01-31 21:00:00+00:00,2019-02-01 14:25:00+00:00,1,1.0,,,1.0,1.0,1.0,1.0,0.0,1.0,1.0,True,,0.25
AAPL,1d:DNEWS_OVERNIGHT,PAPER_1G_L1LR,2019-02,"{""C"": 0.1}",267,2019-01-31 21:00:00+00:00,2019-02-01 14:25:00+00:00,1,1.0,,,1.0,1.0,1.0,1.0,0.0,1.0,1.0,True,,0.229764380014559
AAPL,1d:DNEWS_OVERNIGHT,PAPER_1G_L1LR,2019-02,"{""C"": 1.0}",267,2019-01-31 21:00:00+00:00,2019-02-01 14:25:00+00:00,1,1.0,,,1.0,1.0,1.0,1.0,0.0,1.0,1.0,True,,0.07985316041025661
AMZN,1d:DNEWS_24H,PAPER_1G_L1LR,2018-03,"{""C"": 0.01}",35,2018-02-28 21:00:00+00:00,2018-03-01 14:25:00+00:00,21,0.42857142857142855,0.5,0.0,0.42857142857142855,1.0,0.6,1.0,0.0,1.0,0.42857142857142855,True,0.5555555555555556,0.24932944606413993
AMZN,1d:DNEWS_24H,PAPER_1G_L1LR,2018-03,"{""C"": 0.1}",35,2018-02-28 21:00:00+00:00,2018-03-01 14:25:00+00:00,21,0.42857142857142855,0.5,0.0,0.42857142857142855,1.0,0.6,1.0,0.0,1.0,0.42857142857142855,True,0.5555555555555556,0.24932944606413993
AMZN,1d:DNEWS_24H,PAPER_1G_L1LR,2018-03,"{""C"": 1.0}",35,2018-02-28 21:00:00+00:00,2018-03-01 14:25:00+00:00,21,0.7142857142857143,0.7083333333333333,0.4166666666666667,0.6666666666666666,0.6666666666666666,0.6666666666666666,0.6666666666666666,0.75,0.42857142857142855,0.42857142857142855,False,0.7407407407407408,0.20742470401232543
AMZN,1d:DNEWS_24H,PAPER_1G_L1LR,2018-04,"{""C"": 0.01}",56,2018-03-29 20:00:00+00:00,2018-04-02 13:25:00+00:00,21,0.5238095238095238,0.5045454545454545,0.015467205622243648,0.5263157894736842,0.9090909090909091,0.6666666666666666,0.9090909090909091,0.1,0.9047619047619048,0.5238095238095238,False,0.5045454545454545,0.2500303692905734
AMZN,1d:DNEWS_24H,PAPER_1G_L1LR,2018-04,"{""C"": 0.1}",56,2018-03-29 20:00:00+00:00,2018-04-02 13:25:00+00:00,21,0.5238095238095238,0.5045454545454545,0.015467205622243648,0.5263157894736842,0.9090909090909091,0.6666666666666666,0.9090909090909091,0.1,0.9047619047619048,0.5238095238095238,False,0.5045454545454545,0.2500303692905734
AMZN,1d:DNEWS_24H,PAPER_1G_L1LR,2018-04,"{""C"": 1.0}",56,2018-03-29 20:00:00+00:00,2018-04-02 13:25:00+00:00,21,0.38095238095238093,0.38636363636363635,-0.2337367475021143,0.375,0.2727272727272727,0.3157894736842105,0.2727272727272727,0.5,0.38095238095238093,0.5238095238095238,False,0.37727272727272726,0.321776884300954
AMZN,1d:DNEWS_24H,PAPER_1G_L1LR,2018-05,"{""C"": 0.01}",77,2018-04-30 20:00:00+00:00,2018-05-01 13:25:00+00:00,22,0.5454545454545454,0.5083333333333333,0.028867513459481284,0.55,0.9166666666666666,0.6875,0.9166666666666666,0.1,0.9090909090909091,0.5454545454545454,False,0.5083333333333333,0.2500038332387801
AMZN,1d:DNEWS_24H,PAPER_1G_L1LR,2018-05,"{""C"": 0.1}",77,2018-04-30 20:00:00+00:00,2018-05-01 13:25:00+00:00,22,0.5454545454545454,0.5083333333333333,0.028867513459481284,0.55,0.9166666666666666,0.6875,0.9166666666666666,0.1,0.9090909090909091,0.5454545454545454,False,0.5083333333333333,0.2500038332387801
AMZN,1d:DNEWS_24H,PAPER_1G_L1LR,2018-05,"{""C"": 1.0}",77,2018-04-30 20:00:00+00:00,2018-05-01 13:25:00+00:00,22,0.45454545454545453,0.4666666666666667,-0.06900655593423542,0.5,0.3333333333333333,0.4,0.3333333333333333,0.6,0.36363636363636365,0.5454545454545454,False,0.43749999999999994,0.37591302685834616
AMZN,1d:DNEWS_24H,PAPER_1G_L1LR,2018-06,"{""C"": 0.01}",99,2018-05-31 20:00:00+00:00,2018-06-01 13:25:00+00:00,21,0.5714285714285714,0.5,0.0,0.5714285714285714,1.0,0.7272727272727273,1.0,0.0,1.0,0.5714285714285714,True,0.48611111111111105,0.25000242929535854
AMZN,1d:DNEWS_24H,PAPER_1G_L1LR,2018-06,"{""C"": 0.1}",99,2018-05-31 20:00:00+00:00,2018-06-01 13:25:00+00:00,21,0.5714285714285714,0.5,0.0,0.5714285714285714,1.0,0.7272727272727273,1.0,0.0,1.0,0.5714285714285714,True,0.48611111111111105,0.25000242929535854
AMZN,1d:DNEWS_24H,PAPER_1G_L1LR,2018-06,"{""C"": 1.0}",99,2018-05-31 20:00:00+00:00,2018-06-01 13:25:00+00:00,21,0.6190476190476191,0.5972222222222222,0.2041241452319315,0.6428571428571429,0.75,0.6923076923076923,0.75,0.4444444444444444,0.6666666666666666,0.5714285714285714,False,0.6157407407407407,0.2627331700475756
AMZN,1d:DNEWS_24H,PAPER_1G_L1LR,2018-07,"{""C"": 0.01}",120,2018-06-29 20:00:00+00:00,2018-07-02 13:25:00+00:00,21,0.47619047619047616,0.5,0.0,0.47619047619047616,1.0,0.6451612903225806,1.0,0.0,1.0,0.47619047619047616,True,0.4681818181818182,0.2508862433862434
AMZN,1d:DNEWS_24H,PAPER_1G_L1LR,2018-07,"{""C"": 0.1}",120,2018-06-29 20:00:00+00:00,2018-07-02 13:25:00+00:00,21,0.47619047619047616,0.5,0.0,0.47619047619047616,1.0,0.6451612903225806,1.0,0.0,1.0,0.47619047619047616,True,0.4681818181818182,0.2508862433862434
AMZN,1d:DNEWS_24H,PAPER_1G_L1LR,2018-07,"{""C"": 1.0}",120,2018-06-29 20:00:00+00:00,2018-07-02 13:25:00+00:00,21,0.42857142857142855,0.4409090909090909,-0.13858046563114676,0.4375,0.7,0.5384615384615384,0.7,0.18181818181818182,0.7619047619047619,0.47619047619047616,False,0.37272727272727274,0.3729791902477703
AMZN,1d:DNEWS_24H,PAPER_1G_L1LR,2018-08,"{""C"": 0.01}",141,2018-07-31 20:00:00+00:00,2018-08-01 13:25:00+00:00,23,0.6086956521739131,0.5,0.0,0.6086956521739131,1.0,0.7567567567567568,1.0,0.0,1.0,0.6086956521739131,True,0.6785714285714286,0.24771192945853918
AMZN,1d:DNEWS_24H,PAPER_1G_L1LR,2018-08,"{""C"": 0.1}",141,2018-07-31 20:00:00+00:00,2018-08-01 13:25:00+00:00,23,0.6086956521739131,0.5,0.0,0.6086956521739131,1.0,0.7567567567567568,1.0,0.0,1.0,0.6086956521739131,True,0.6785714285714286,0.24771192945853918
AMZN,1d:DNEWS_24H,PAPER_1G_L1LR,2018-08,"{""C"": 1.0}",141,2018-07-31 20:00:00+00:00,2018-08-01 13:25:00+00:00,23,0.391304347826087,0.3412698412698413,-0.3367175148507369,0.5,0.5714285714285714,0.5333333333333333,0.5714285714285714,0.1111111111111111,0.6956521739130435,0.6086956521739131,False,0.17460317460317465,0.3757257669821275
AMZN,1d:DNEWS_24H,PAPER_1G_L1LR,2018-09,"{""C"": 0.01}",164,2018-08-31 20:00:00+00:00,2018-09-04 13:25:00+00:00,19,0.47368421052631576,0.5,0.0,0.47368421052631576,1.0,0.6428571428571429,1.0,0.0,1.0,0.47368421052631576,True,0.5,0.25
AMZN,1d:DNEWS_24H,PAPER_1G_L1LR,2018-09,"{""C"": 0.1}",164,2018-08-31 20:00:00+00:00,2018-09-04 13:25:00+00:00,19,0.47368421052631576,0.5,0.0,0.47368421052631576,1.0,0.6428571428571429,1.0,0.0,1.0,0.47368421052631576,True,0.5,0.25
AMZN,1d:DNEWS_24H,PAPER_1G_L1LR,2018-09,"{""C"": 1.0}",164,2018-08-31 20:00:00+00:00,2018-09-04 13:25:00+00:00,19,0.42105263157894735,0.4277777777777778,-0.14951420452417674,0.4166666666666667,0.5555555555555556,0.47619047619047616,0.5555555555555556,0.3,0.631578947368421,0.47368421052631576,False,0.36666666666666664,0.3797379622774307
AMZN,1d:DNEWS_24H,PAPER_1G_L1LR,2018-10,"{""C"": 0.01}",183,2018-09-28 20:00:00+00:00,2018-10-01 13:25:00+00:00,23,0.391304347826087,0.5,0.0,0.391304347826087,1.0,0.5625,1.0,0.0,1.0,0.391304347826087,True,0.39285714285714285,0.2525423662799076
AMZN,1d:DNEWS_24H,PAPER_1G_L1LR,2018-10,"{""C"": 0.1}",183,2018-09-28 20:00:00+00:00,2018-10-01 13:25:00+00:00,23,0.391304347826087,0.5,0.0,0.391304347826087,1.0,0.5625,1.0,0.0,1.0,0.391304347826087,True,0.39285714285714285,0.2525423662799076
AMZN,1d:DNEWS_24H,PAPER_1G_L1LR,2018-10,"{""C"": 1.0}",183,2018-09-28 20:00:00+00:00,2018-10-01 13:25:00+00:00,23,0.4782608695652174,0.4920634920634921,-0.015626907697949846,0.38461538461538464,0.5555555555555556,0.45454545454545453,0.5555555555555556,0.42857142857142855,0.5652173913043478,0.391304347826087,False,0.6190476190476191,0.26210497956062917
AMZN,1d:DNEWS_24H,PAPER_1G_L1LR,2018-11,"{""C"": 0.01}",206,2018-10-31 20:00:00+00:00,2018-11-01 13:25:00+00:00,21,0.5238095238095238,0.5,0.0,0.5238095238095238,1.0,0.6875,1.0,0.0,1.0,0.5238095238095238,True,0.4,0.2504645651266445
AMZN,1d:DNEWS_24H,PAPER_1G_L1LR,2018-11,"{""C"": 0.1}",206,2018-10-31 20:00:00+00:00,2018-11-01 13:25:00+00:00,21,0.5238095238095238,0.5,0.0,0.5238095238095238,1.0,0.6875,1.0,0.0,1.0,0.5238095238095238,True,0.4,0.2504645651266445
AMZN,1d:DNEWS_24H,PAPER_1G_L1LR,2018-11,"{""C"": 1.0}",206,2018-10-31 20:00:00+00:00,2018-11-01 13:25:00+00:00,21,0.47619047619047616,0.4727272727272727,-0.05504818825631803,0.5,0.5454545454545454,0.5217391304347826,0.5454545454545454,0.4,0.5714285714285714,0.5238095238095238,False,0.5818181818181818,0.27198784743837034
AMZN,1d:DNEWS_24H,PAPER_1G_L1LR,2018-12,"{""C"": 0.01}",227,2018-11-30 21:00:00+00:00,2018-12-03 14:25:00+00:00,19,0.3684210526315789,0.5,0.0,0.3684210526315789,1.0,0.5384615384615384,1.0,0.0,1.0,0.3684210526315789,True,0.5297619047619047,0.25000459628762955
AMZN,1d:DNEWS_24H,PAPER_1G_L1LR,2018-12,"{""C"": 0.1}",227,2018-11-30 21:00:00+00:00,2018-12-03 14:25:00+00:00,19,0.3684210526315789,0.5,0.0,0.3684210526315789,1.0,0.5384615384615384,1.0,0.0,1.0,0.3684210526315789,True,0.5297619047619047,0.25000459628762955
AMZN,1d:DNEWS_24H,PAPER_1G_L1LR,2018-12,"{""C"": 1.0}",227,2018-11-30 21:00:00+00:00,2018-12-03 14:25:00+00:00,19,0.47368421052631576,0.43452380952380953,-0.13095238095238096,0.2857142857142857,0.2857142857142857,0.2857142857142857,0.2857142857142857,0.5833333333333334,0.3684210526315789,0.3684210526315789,False,0.3630952380952381,0.3629443577352842
AMZN,1d:DNEWS_24H,PAPER_1G_L1LR,2019-01,"{""C"": 0.01}",246,2018-12-31 21:00:00+00:00,2019-01-02 14:25:00+00:00,21,0.5714285714285714,0.5545454545454546,0.1556997888323046,0.5555555555555556,0.9090909090909091,0.6896551724137931,0.9090909090909091,0.2,0.8571428571428571,0.5238095238095238,False,0.5545454545454545,0.24980878728647912
AMZN,1d:DNEWS_24H,PAPER_1G_L1LR,2019-01,"{""C"": 0.1}",246,2018-12-31 21:00:00+00:00,2019-01-02 14:25:00+00:00,21,0.6666666666666666,0.6681818181818182,0.33636363636363636,0.7,0.6363636363636364,0.6666666666666666,0.6363636363636364,0.7,0.47619047619047616,0.5238095238095238,False,0.6636363636363636,0.24859135363666282
AMZN,1d:DNEWS_24H,PAPER_1G_L1LR,2019-01,"{""C"": 1.0}",246,2018-12-31 21:00:00+00:00,2019-01-02 14:25:00+00:00,21,0.6666666666666666,0.6681818181818182,0.33636363636363636,0.7,0.6363636363636364,0.6666666666666666,0.6363636363636364,0.7,0.47619047619047616,0.5238095238095238,False,0.5454545454545455,0.31786269376893195
AMZN,1d:DNEWS_24H,PAPER_1G_L1LR,2019-02,"{""C"": 0.01}",267,2019-01-31 21:00:00+00:00,2019-02-01 14:25:00+00:00,1,0.0,,,0.0,0.0,0.0,0.0,0.0,1.0,0.0,True,,0.25
AMZN,1d:DNEWS_24H,PAPER_1G_L1LR,2019-02,"{""C"": 0.1}",267,2019-01-31 21:00:00+00:00,2019-02-01 14:25:00+00:00,1,0.0,,,0.0,0.0,0.0,0.0,0.0,1.0,0.0,True,,0.2503961895334101
AMZN,1d:DNEWS_24H,PAPER_1G_L1LR,2019-02,"{""C"": 1.0}",267,2019-01-31 21:00:00+00:00,2019-02-01 14:25:00+00:00,1,0.0,,,0.0,0.0,0.0,0.0,0.0,1.0,0.0,True,,0.5322655994209642
AMZN,1d:DNEWS_OVERNIGHT,PAPER_1G_L1LR,2018-03,"{""C"": 0.01}",35,2018-02-28 21:00:00+00:00,2018-03-01 14:25:00+00:00,21,0.42857142857142855,0.5,0.0,0.42857142857142855,1.0,0.6,1.0,0.0,1.0,0.42857142857142855,True,0.5,0.25
AMZN,1d:DNEWS_OVERNIGHT,PAPER_1G_L1LR,2018-03,"{""C"": 0.1}",35,2018-02-28 21:00:00+00:00,2018-03-01 14:25:00+00:00,21,0.42857142857142855,0.5,0.0,0.42857142857142855,1.0,0.6,1.0,0.0,1.0,0.42857142857142855,True,0.5,0.25
AMZN,1d:DNEWS_OVERNIGHT,PAPER_1G_L1LR,2018-03,"{""C"": 1.0}",35,2018-02-28 21:00:00+00:00,2018-03-01 14:25:00+00:00,21,0.6190476190476191,0.6111111111111112,0.2222222222222222,0.5555555555555556,0.5555555555555556,0.5555555555555556,0.5555555555555556,0.6666666666666666,0.42857142857142855,0.42857142857142855,False,0.5833333333333333,0.24917239352432294
AMZN,1d:DNEWS_OVERNIGHT,PAPER_1G_L1LR,2018-04,"{""C"": 0.01}",56,2018-03-29 20:00:00+00:00,2018-04-02 13:25:00+00:00,21,0.6190476190476191,0.6045454545454545,0.26593594178615615,0.5882352941176471,0.9090909090909091,0.7142857142857143,0.9090909090909091,0.3,0.8095238095238095,0.5238095238095238,False,0.6045454545454546,0.2483600583090379
AMZN,1d:DNEWS_OVERNIGHT,PAPER_1G_L1LR,2018-04,"{""C"": 0.1}",56,2018-03-29 20:00:00+00:00,2018-04-02 13:25:00+00:00,21,0.6190476190476191,0.6045454545454545,0.26593594178615615,0.5882352941176471,0.9090909090909091,0.7142857142857143,0.9090909090909091,0.3,0.8095238095238095,0.5238095238095238,False,0.6045454545454546,0.2483600583090379
AMZN,1d:DNEWS_OVERNIGHT,PAPER_1G_L1LR,2018-04,"{""C"": 1.0}",56,2018-03-29 20:00:00+00:00,2018-04-02 13:25:00+00:00,21,0.6190476190476191,0.6272727272727273,0.26967994498529685,0.7142857142857143,0.45454545454545453,0.5555555555555556,0.45454545454545453,0.8,0.3333333333333333,0.5238095238095238,False,0.6318181818181818,0.24677584275762635
AMZN,1d:DNEWS_OVERNIGHT,PAPER_1G_L1LR,2018-05,"{""C"": 0.01}",77,2018-04-30 20:00:00+00:00,2018-05-01 13:25:00+00:00,22,0.7272727272727273,0.7,0.5163977794943223,0.6666666666666666,1.0,0.8,1.0,0.4,0.8181818181818182,0.5454545454545454,False,0.7,0.24882702893328631
AMZN,1d:DNEWS_OVERNIGHT,PAPER_1G_L1LR,2018-05,"{""C"": 0.1}",77,2018-04-30 20:00:00+00:00,2018-05-01 13:25:00+00:00,22,0.7272727272727273,0.7,0.5163977794943223,0.6666666666666666,1.0,0.8,1.0,0.4,0.8181818181818182,0.5454545454545454,False,0.7,0.24882702893328631
AMZN,1d:DNEWS_OVERNIGHT,PAPER_1G_L1LR,2018-05,"{""C"": 1.0}",77,2018-04-30 20:00:00+00:00,2018-05-01 13:25:00+00:00,22,0.7272727272727273,0.725,0.45,0.75,0.75,0.75,0.75,0.7,0.5454545454545454,0.5454545454545454,False,0.7416666666666667,0.1961197057741436
AMZN,1d:DNEWS_OVERNIGHT,PAPER_1G_L1LR,2018-06,"{""C"": 0.01}",99,2018-05-31 20:00:00+00:00,2018-06-01 13:25:00+00:00,21,0.5714285714285714,0.5,0.0,0.5714285714285714,1.0,0.7272727272727273,1.0,0.0,1.0,0.5714285714285714,True,0.48611111111111105,0.25000242929535854
AMZN,1d:DNEWS_OVERNIGHT,PAPER_1G_L1LR,2018-06,"{""C"": 0.1}",99,2018-05-31 20:00:00+00:00,2018-06-01 13:25:00+00:00,21,0.5714285714285714,0.5,0.0,0.5714285714285714,1.0,0.7272727272727273,1.0,0.0,1.0,0.5714285714285714,True,0.48611111111111105,0.25000242929535854
AMZN,1d:DNEWS_OVERNIGHT,PAPER_1G_L1LR,2018-06,"{""C"": 1.0}",99,2018-05-31 20:00:00+00:00,2018-06-01 13:25:00+00:00,21,0.5714285714285714,0.5,0.0,0.5714285714285714,1.0,0.7272727272727273,1.0,0.0,1.0,0.5714285714285714,True,0.587962962962963,0.3050815056297663
AMZN,1d:DNEWS_OVERNIGHT,PAPER_1G_L1LR,2018-07,"{""C"": 0.01}",120,2018-06-29 20:00:00+00:00,2018-07-02 13:25:00+00:00,21,0.47619047619047616,0.5,0.0,0.47619047619047616,1.0,0.6451612903225806,1.0,0.0,1.0,0.47619047619047616,True,0.5136363636363637,0.25007936507936507
AMZN,1d:DNEWS_OVERNIGHT,PAPER_1G_L1LR,2018-07,"{""C"": 0.1}",120,2018-06-29 20:00:00+00:00,2018-07-02 13:25:00+00:00,21,0.47619047619047616,0.5,0.0,0.47619047619047616,1.0,0.6451612903225806,1.0,0.0,1.0,0.47619047619047616,True,0.5136363636363637,0.25007936507936507
AMZN,1d:DNEWS_OVERNIGHT,PAPER_1G_L1LR,2018-07,"{""C"": 1.0}",120,2018-06-29 20:00:00+00:00,2018-07-02 13:25:00+00:00,21,0.6190476190476191,0.6227272727272727,0.24771684715343112,0.5833333333333334,0.7,0.6363636363636364,0.7,0.5454545454545454,0.5714285714285714,0.47619047619047616,False,0.6318181818181818,0.2571789738368674
AMZN,1d:DNEWS_OVERNIGHT,PAPER_1G_L1LR,2018-08,"{""C"": 0.01}",141,2018-07-31 20:00:00+00:00,2018-08-01 13:25:00+00:00,23,0.6086956521739131,0.5,0.0,0.6086956521739131,1.0,0.7567567567567568,1.0,0.0,1.0,0.6086956521739131,True,0.6071428571428571,0.24862715767512353
AMZN,1d:DNEWS_OVERNIGHT,PAPER_1G_L1LR,2018-08,"{""C"": 0.1}",141,2018-07-31 20:00:00+00:00,2018-08-01 13:25:00+00:00,23,0.6086956521739131,0.5,0.0,0.6086956521739131,1.0,0.7567567567567568,1.0,0.0,1.0,0.6086956521739131,True,0.6071428571428571,0.24862715767512353
AMZN,1d:DNEWS_OVERNIGHT,PAPER_1G_L1LR,2018-08,"{""C"": 1.0}",141,2018-07-31 20:00:00+00:00,2018-08-01 13:25:00+00:00,23,0.43478260869565216,0.3968253968253968,-0.21144501580551553,0.5333333333333333,0.5714285714285714,0.5517241379310345,0.5714285714285714,0.2222222222222222,0.6521739130434783,0.6086956521739131,False,0.38095238095238093,0.3539863472826963
AMZN,1d:DNEWS_OVERNIGHT,PAPER_1G_L1LR,2018-09,"{""C"": 0.01}",164,2018-08-31 20:00:00+00:00,2018-09-04 13:25:00+00:00,19,0.47368421052631576,0.5,0.0,0.47368421052631576,1.0,0.6428571428571429,1.0,0.0,1.0,0.47368421052631576,True,0.6111111111111112,0.247495225273177
AMZN,1d:DNEWS_OVERNIGHT,PAPER_1G_L1LR,2018-09,"{""C"": 0.1}",164,2018-08-31 20:00:00+00:00,2018-09-04 13:25:00+00:00,19,0.47368421052631576,0.5,0.0,0.47368421052631576,1.0,0.6428571428571429,1.0,0.0,1.0,0.47368421052631576,True,0.6111111111111112,0.247495225273177
AMZN,1d:DNEWS_OVERNIGHT,PAPER_1G_L1LR,2018-09,"{""C"": 1.0}",164,2018-08-31 20:00:00+00:00,2018-09-04 13:25:00+00:00,19,0.631578947368421,0.6333333333333333,0.26666666666666666,0.6,0.6666666666666666,0.631578947368421,0.6666666666666666,0.6,0.5263157894736842,0.47368421052631576,False,0.5666666666666667,0.26841212572142853
AMZN,1d:DNEWS_OVERNIGHT,PAPER_1G_L1LR,2018-10,"{""C"": 0.01}",183,2018-09-28 20:00:00+00:00,2018-10-01 13:25:00+00:00,23,0.391304347826087,0.5,0.0,0.391304347826087,1.0,0.5625,1.0,0.0,1.0,0.391304347826087,True,0.39285714285714285,0.2525423662799076
AMZN,1d:DNEWS_OVERNIGHT,PAPER_1G_L1LR,2018-10,"{""C"": 0.1}",183,2018-09-28 20:00:00+00:00,2018-10-01 13:25:00+00:00,23,0.391304347826087,0.5,0.0,0.391304347826087,1.0,0.5625,1.0,0.0,1.0,0.391304347826087,True,0.39285714285714285,0.2525423662799076
AMZN,1d:DNEWS_OVERNIGHT,PAPER_1G_L1LR,2018-10,"{""C"": 1.0}",183,2018-09-28 20:00:00+00:00,2018-10-01 13:25:00+00:00,23,0.43478260869565216,0.41666666666666663,-0.1640825308284734,0.3,0.3333333333333333,0.3157894736842105,0.3333333333333333,0.5,0.43478260869565216,0.391304347826087,False,0.3571428571428571,0.32101813481659586
AMZN,1d:DNEWS_OVERNIGHT,PAPER_1G_L1LR,2018-11,"{""C"": 0.01}",206,2018-10-31 20:00:00+00:00,2018-11-01 13:25:00+00:00,21,0.5238095238095238,0.5,0.0,0.5238095238095238,1.0,0.6875,1.0,0.0,1.0,0.5238095238095238,True,0.44545454545454544,0.25023452683929637
AMZN,1d:DNEWS_OVERNIGHT,PAPER_1G_L1LR,2018-11,"{""C"": 0.1}",206,2018-10-31 20:00:00+00:00,2018-11-01 13:25:00+00:00,21,0.5238095238095238,0.5,0.0,0.5238095238095238,1.0,0.6875,1.0,0.0,1.0,0.5238095238095238,True,0.44545454545454544,0.25023452683929637
AMZN,1d:DNEWS_OVERNIGHT,PAPER_1G_L1LR,2018-11,"{""C"": 1.0}",206,2018-10-31 20:00:00+00:00,2018-11-01 13:25:00+00:00,21,0.38095238095238093,0.37727272727272726,-0.24771684715343112,0.4166666666666667,0.45454545454545453,0.43478260869565216,0.45454545454545453,0.3,0.5714285714285714,0.5238095238095238,False,0.42727272727272725,0.362023891426445
AMZN,1d:DNEWS_OVERNIGHT,PAPER_1G_L1LR,2018-12,"{""C"": 0.01}",227,2018-11-30 21:00:00+00:00,2018-12-03 14:25:00+00:00,19,0.3684210526315789,0.5,0.0,0.3684210526315789,1.0,0.5384615384615384,1.0,0.0,1.0,0.3684210526315789,True,0.4583333333333333,0.2503500839077842
AMZN,1d:DNEWS_OVERNIGHT,PAPER_1G_L1LR,2018-12,"{""C"": 0.1}",227,2018-11-30 21:00:00+00:00,2018-12-03 14:25:00+00:00,19,0.3684210526315789,0.5,0.0,0.3684210526315789,1.0,0.5384615384615384,1.0,0.0,1.0,0.3684210526315789,True,0.4583333333333333,0.2503500839077842
AMZN,1d:DNEWS_OVERNIGHT,PAPER_1G_L1LR,2018-12,"{""C"": 1.0}",227,2018-11-30 21:00:00+00:00,2018-12-03 14:25:00+00:00,19,0.5263157894736842,0.5059523809523809,0.011631052629980886,0.375,0.42857142857142855,0.4,0.42857142857142855,0.5833333333333334,0.42105263157894735,0.3684210526315789,False,0.5476190476190476,0.28951085636728263
AMZN,1d:DNEWS_OVERNIGHT,PAPER_1G_L1LR,2019-01,"{""C"": 0.01}",246,2018-12-31 21:00:00+00:00,2019-01-02 14:25:00+00:00,21,0.5238095238095238,0.5090909090909091,0.023124864503144014,0.5294117647058824,0.8181818181818182,0.6428571428571429,0.8181818181818182,0.2,0.8095238095238095,0.5238095238095238,False,0.5090909090909091,0.25000314753437897
AMZN,1d:DNEWS_OVERNIGHT,PAPER_1G_L1LR,2019-01,"{""C"": 0.1}",246,2018-12-31 21:00:00+00:00,2019-01-02 14:25:00+00:00,21,0.5238095238095238,0.5227272727272727,0.045454545454545456,0.5454545454545454,0.5454545454545454,0.5454545454545454,0.5454545454545454,0.5,0.5238095238095238,0.5238095238095238,False,0.5227272727272727,0.2502503052187077
AMZN,1d:DNEWS_OVERNIGHT,PAPER_1G_L1LR,2019-01,"{""C"": 1.0}",246,2018-12-31 21:00:00+00:00,2019-01-02 14:25:00+00:00,21,0.47619047619047616,0.48636363636363633,-0.03015113445777636,0.5,0.2727272727272727,0.35294117647058826,0.2727272727272727,0.7,0.2857142857142857,0.5238095238095238,False,0.42727272727272725,0.33434502701859214
AMZN,1d:DNEWS_OVERNIGHT,PAPER_1G_L1LR,2019-02,"{""C"": 0.01}",267,2019-01-31 21:00:00+00:00,2019-02-01 14:25:00+00:00,1,1.0,,,0.0,0.0,0.0,0.0,1.0,0.0,0.0,True,,0.2481308476763596
AMZN,1d:DNEWS_OVERNIGHT,PAPER_1G_L1LR,2019-02,"{""C"": 0.1}",267,2019-01-31 21:00:00+00:00,2019-02-01 14:25:00+00:00,1,1.0,,,0.0,0.0,0.0,0.0,1.0,0.0,0.0,True,,0.2481308476763596
AMZN,1d:DNEWS_OVERNIGHT,PAPER_1G_L1LR,2019-02,"{""C"": 1.0}",267,2019-01-31 21:00:00+00:00,2019-02-01 14:25:00+00:00,1,1.0,,,0.0,0.0,0.0,0.0,1.0,0.0,0.0,True,,0.2481308476763596
AAPL,1d:DNEWS_24H,PAPER_1G_LINSVM,2018-03,"{""C"": 0.01}",35,2018-02-28 21:00:00+00:00,2018-03-01 14:25:00+00:00,21,0.6190476190476191,0.5,0.0,0.0,0.0,0.0,0.0,1.0,0.0,0.38095238095238093,True,0.5,
AAPL,1d:DNEWS_24H,PAPER_1G_LINSVM,2018-03,"{""C"": 0.1}",35,2018-02-28 21:00:00+00:00,2018-03-01 14:25:00+00:00,21,0.6190476190476191,0.5,0.0,0.0,0.0,0.0,0.0,1.0,0.0,0.38095238095238093,True,0.47115384615384615,
AAPL,1d:DNEWS_24H,PAPER_1G_LINSVM,2018-03,"{""C"": 1.0}",35,2018-02-28 21:00:00+00:00,2018-03-01 14:25:00+00:00,21,0.6190476190476191,0.5,0.0,0.0,0.0,0.0,0.0,1.0,0.0,0.38095238095238093,True,0.49038461538461536,
AAPL,1d:DNEWS_24H,PAPER_1G_LINSVM,2018-04,"{""C"": 0.01}",56,2018-03-29 20:00:00+00:00,2018-04-02 13:25:00+00:00,21,0.3333333333333333,0.3611111111111111,-0.3042903097250923,0.3333333333333333,0.16666666666666666,0.2222222222222222,0.16666666666666666,0.5555555555555556,0.2857142857142857,0.5714285714285714,False,0.2777777777777778,
AAPL,1d:DNEWS_24H,PAPER_1G_LINSVM,2018-04,"{""C"": 0.1}",56,2018-03-29 20:00:00+00:00,2018-04-02 13:25:00+00:00,21,0.47619047619047616,0.5277777777777778,0.07856742013183861,0.6666666666666666,0.16666666666666666,0.26666666666666666,0.16666666666666666,0.8888888888888888,0.14285714285714285,0.5714285714285714,False,0.2962962962962963,
AAPL,1d:DNEWS_24H,PAPER_1G_LINSVM,2018-04,"{""C"": 1.0}",56,2018-03-29 20:00:00+00:00,2018-04-02 13:25:00+00:00,21,0.47619047619047616,0.5138888888888888,0.032274861218395144,0.6,0.25,0.35294117647058826,0.25,0.7777777777777778,0.23809523809523808,0.5714285714285714,False,0.28703703703703703,
AAPL,1d:DNEWS_24H,PAPER_1G_LINSVM,2018-05,"{""C"": 0.01}",77,2018-04-30 20:00:00+00:00,2018-05-01 13:25:00+00:00,22,0.5454545454545454,0.5454545454545454,0.13245323570650439,0.6666666666666666,0.18181818181818182,0.2857142857142857,0.18181818181818182,0.9090909090909091,0.13636363636363635,0.5,False,0.5537190082644627,
AAPL,1d:DNEWS_24H,PAPER_1G_LINSVM,2018-05,"{""C"": 0.1}",77,2018-04-30 20:00:00+00:00,2018-05-01 13:25:00+00:00,22,0.5909090909090909,0.5909090909090908,0.23570226039551584,0.75,0.2727272727272727,0.4,0.2727272727272727,0.9090909090909091,0.18181818181818182,0.5,False,0.5619834710743802,
AAPL,1d:DNEWS_24H,PAPER_1G_LINSVM,2018-05,"{""C"": 1.0}",77,2018-04-30 20:00:00+00:00,2018-05-01 13:25:00+00:00,22,0.5,0.5,0.0,0.5,0.18181818181818182,0.26666666666666666,0.18181818181818182,0.8181818181818182,0.18181818181818182,0.5,False,0.49586776859504134,
AAPL,1d:DNEWS_24H,PAPER_1G_LINSVM,2018-06,"{""C"": 0.01}",99,2018-05-31 20:00:00+00:00,2018-06-01 13:25:00+00:00,21,0.2857142857142857,0.2548076923076923,-0.4812177395114532,0.1111111111111111,0.125,0.11764705882352941,0.125,0.38461538461538464,0.42857142857142855,0.38095238095238093,False,0.2692307692307692,
AAPL,1d:DNEWS_24H,PAPER_1G_LINSVM,2018-06,"{""C"": 0.1}",99,2018-05-31 20:00:00+00:00,2018-06-01 13:25:00+00:00,21,0.3333333333333333,0.3173076923076923,-0.35527985620321373,0.2,0.25,0.2222222222222222,0.25,0.38461538461538464,0.47619047619047616,0.38095238095238093,False,0.25,
AAPL,1d:DNEWS_24H,PAPER_1G_LINSVM,2018-06,"{""C"": 1.0}",99,2018-05-31 20:00:00+00:00,2018-06-01 13:25:00+00:00,21,0.3333333333333333,0.3173076923076923,-0.35527985620321373,0.2,0.25,0.2222222222222222,0.25,0.38461538461538464,0.47619047619047616,0.38095238095238093,False,0.2692307692307692,
AAPL,1d:DNEWS_24H,PAPER_1G_LINSVM,2018-07,"{""C"": 0.01}",120,2018-06-29 20:00:00+00:00,2018-07-02 13:25:00+00:00,21,0.2857142857142857,0.3269230769230769,-0.3721042037676254,0.3333333333333333,0.15384615384615385,0.21052631578947367,0.15384615384615385,0.5,0.2857142857142857,0.6190476190476191,False,0.3942307692307693,
AAPL,1d:DNEWS_24H,PAPER_1G_LINSVM,2018-07,"{""C"": 0.1}",120,2018-06-29 20:00:00+00:00,2018-07-02 13:25:00+00:00,21,0.38095238095238093,0.4519230769230769,-0.11891287353862351,0.5,0.15384615384615385,0.23529411764705882,0.15384615384615385,0.75,0.19047619047619047,0.6190476190476191,False,0.33653846153846156,
AAPL,1d:DNEWS_24H,PAPER_1G_LINSVM,2018-07,"{""C"": 1.0}",120,2018-06-29 20:00:00+00:00,2018-07-02 13:25:00+00:00,21,0.47619047619047616,0.5528846153846154,0.13080416089248587,0.75,0.23076923076923078,0.35294117647058826,0.23076923076923078,0.875,0.19047619047619047,0.6190476190476191,False,0.33653846153846156,
AAPL,1d:DNEWS_24H,PAPER_1G_LINSVM,2018-08,"{""C"": 0.01}",141,2018-07-31 20:00:00+00:00,2018-08-01 13:25:00+00:00,23,0.5217391304347826,0.5147058823529411,0.025854384499750957,0.75,0.5294117647058824,0.6206896551724138,0.5294117647058824,0.5,0.5217391304347826,0.7391304347826086,False,0.4803921568627451,
AAPL,1d:DNEWS_24H,PAPER_1G_LINSVM,2018-08,"{""C"": 0.1}",141,2018-07-31 20:00:00+00:00,2018-08-01 13:25:00+00:00,23,0.391304347826087,0.48039215686274506,-0.03742405942825599,0.7142857142857143,0.29411764705882354,0.4166666666666667,0.29411764705882354,0.6666666666666666,0.30434782608695654,0.7391304347826086,False,0.5294117647058824,
AAPL,1d:DNEWS_24H,PAPER_1G_LINSVM,2018-08,"{""C"": 1.0}",141,2018-07-31 20:00:00+00:00,2018-08-01 13:25:00+00:00,23,0.391304347826087,0.48039215686274506,-0.03742405942825599,0.7142857142857143,0.29411764705882354,0.4166666666666667,0.29411764705882354,0.6666666666666666,0.30434782608695654,0.7391304347826086,False,0.5490196078431373,
AAPL,1d:DNEWS_24H,PAPER_1G_LINSVM,2018-09,"{""C"": 0.01}",164,2018-08-31 20:00:00+00:00,2018-09-04 13:25:00+00:00,19,0.5789473684210527,0.6,0.32539568672798425,0.5294117647058824,1.0,0.6923076923076923,1.0,0.2,0.8947368421052632,0.47368421052631576,False,0.6555555555555556,
AAPL,1d:DNEWS_24H,PAPER_1G_LINSVM,2018-09,"{""C"": 0.1}",164,2018-08-31 20:00:00+00:00,2018-09-04 13:25:00+00:00,19,0.5789473684210527,0.5944444444444444,0.23134069792952236,0.5333333333333333,0.8888888888888888,0.6666666666666666,0.8888888888888888,0.3,0.7894736842105263,0.47368421052631576,False,0.6,
AAPL,1d:DNEWS_24H,PAPER_1G_LINSVM,2018-09,"{""C"": 1.0}",164,2018-08-31 20:00:00+00:00,2018-09-04 13:25:00+00:00,19,0.5263157894736842,0.5444444444444444,0.12171612389003691,0.5,0.8888888888888888,0.64,0.8888888888888888,0.2,0.8421052631578947,0.47368421052631576,False,0.5777777777777777,
AAPL,1d:DNEWS_24H,PAPER_1G_LINSVM,2018-10,"{""C"": 0.01}",183,2018-09-28 20:00:00+00:00,2018-10-01 13:25:00+00:00,23,0.391304347826087,0.4090909090909091,-0.3223291856101521,0.42857142857142855,0.8181818181818182,0.5625,0.8181818181818182,0.0,0.9130434782608695,0.4782608695652174,False,0.4621212121212121,
AAPL,1d:DNEWS_24H,PAPER_1G_LINSVM,2018-10,"{""C"": 0.1}",183,2018-09-28 20:00:00+00:00,2018-10-01 13:25:00+00:00,23,0.30434782608695654,0.3143939393939394,-0.422288280162599,0.35294117647058826,0.5454545454545454,0.42857142857142855,0.5454545454545454,0.08333333333333333,0.7391304347826086,0.4782608695652174,False,0.4242424242424242,
AAPL,1d:DNEWS_24H,PAPER_1G_LINSVM,2018-10,"{""C"": 1.0}",183,2018-09-28 20:00:00+00:00,2018-10-01 13:25:00+00:00,23,0.30434782608695654,0.3106060606060606,-0.39727607885233013,0.3333333333333333,0.45454545454545453,0.38461538461538464,0.45454545454545453,0.16666666666666666,0.6521739130434783,0.4782608695652174,False,0.4015151515151515,
AAPL,1d:DNEWS_24H,PAPER_1G_LINSVM,2018-11,"{""C"": 0.01}",206,2018-10-31 20:00:00+00:00,2018-11-01 13:25:00+00:00,21,0.5238095238095238,0.6428571428571428,0.3429971702850177,0.4117647058823529,1.0,0.5833333333333334,1.0,0.2857142857142857,0.8095238095238095,0.3333333333333333,False,0.7040816326530612,
AAPL,1d:DNEWS_24H,PAPER_1G_LINSVM,2018-11,"{""C"": 0.1}",206,2018-10-31 20:00:00+00:00,2018-11-01 13:25:00+00:00,21,0.5238095238095238,0.6428571428571428,0.3429971702850177,0.4117647058823529,1.0,0.5833333333333334,1.0,0.2857142857142857,0.8095238095238095,0.3333333333333333,False,0.7040816326530612,
AAPL,1d:DNEWS_24H,PAPER_1G_LINSVM,2018-11,"{""C"": 1.0}",206,2018-10-31 20:00:00+00:00,2018-11-01 13:25:00+00:00,21,0.42857142857142855,0.5357142857142857,0.08574929257125442,0.35294117647058826,0.8571428571428571,0.5,0.8571428571428571,0.21428571428571427,0.8095238095238095,0.3333333333333333,False,0.7551020408163265,
AAPL,1d:DNEWS_24H,PAPER_1G_LINSVM,2018-12,"{""C"": 0.01}",227,2018-11-30 21:00:00+00:00,2018-12-03 14:25:00+00:00,19,0.42105263157894735,0.4423076923076923,-0.1086310236566852,0.2727272727272727,0.5,0.35294117647058826,0.5,0.38461538461538464,0.5789473684210527,0.3157894736842105,False,0.4487179487179487,
AAPL,1d:DNEWS_24H,PAPER_1G_LINSVM,2018-12,"{""C"": 0.1}",227,2018-11-30 21:00:00+00:00,2018-12-03 14:25:00+00:00,19,0.5263157894736842,0.5641025641025641,0.1207011373963169,0.36363636363636365,0.6666666666666666,0.47058823529411764,0.6666666666666666,0.46153846153846156,0.5789473684210527,0.3157894736842105,False,0.47435897435897434,
AAPL,1d:DNEWS_24H,PAPER_1G_LINSVM,2018-12,"{""C"": 1.0}",227,2018-11-30 21:00:00+00:00,2018-12-03 14:25:00+00:00,19,0.47368421052631576,0.5705128205128205,0.14886628953921086,0.35714285714285715,0.8333333333333334,0.5,0.8333333333333334,0.3076923076923077,0.7368421052631579,0.3157894736842105,False,0.41025641025641024,
AAPL,1d:DNEWS_24H,PAPER_1G_LINSVM,2019-01,"{""C"": 0.01}",246,2018-12-31 21:00:00+00:00,2019-01-02 14:25:00+00:00,21,0.47619047619047616,0.4772727272727273,-0.045454545454545456,0.5,0.45454545454545453,0.47619047619047616,0.45454545454545453,0.5,0.47619047619047616,0.5238095238095238,False,0.5363636363636364,
AAPL,1d:DNEWS_24H,PAPER_1G_LINSVM,2019-01,"{""C"": 0.1}",246,2018-12-31 21:00:00+00:00,2019-01-02 14:25:00+00:00,21,0.38095238095238093,0.38181818181818183,-0.23636363636363636,0.4,0.36363636363636365,0.38095238095238093,0.36363636363636365,0.4,0.47619047619047616,0.5238095238095238,False,0.4727272727272727,
AAPL,1d:DNEWS_24H,PAPER_1G_LINSVM,2019-01,"{""C"": 1.0}",246,2018-12-31 21:00:00+00:00,2019-01-02 14:25:00+00:00,21,0.38095238095238093,0.38636363636363635,-0.2337367475021143,0.375,0.2727272727272727,0.3157894736842105,0.2727272727272727,0.5,0.38095238095238093,0.5238095238095238,False,0.39999999999999997,
AAPL,1d:DNEWS_24H,PAPER_1G_LINSVM,2019-02,"{""C"": 0.01}",267,2019-01-31 21:00:00+00:00,2019-02-01 14:25:00+00:00,1,1.0,,,1.0,1.0,1.0,1.0,0.0,1.0,1.0,True,,
AAPL,1d:DNEWS_24H,PAPER_1G_LINSVM,2019-02,"{""C"": 0.1}",267,2019-01-31 21:00:00+00:00,2019-02-01 14:25:00+00:00,1,0.0,,,0.0,0.0,0.0,0.0,0.0,0.0,1.0,True,,
AAPL,1d:DNEWS_24H,PAPER_1G_LINSVM,2019-02,"{""C"": 1.0}",267,2019-01-31 21:00:00+00:00,2019-02-01 14:25:00+00:00,1,0.0,,,0.0,0.0,0.0,0.0,0.0,0.0,1.0,True,,
AAPL,1d:DNEWS_OVERNIGHT,PAPER_1G_LINSVM,2018-03,"{""C"": 0.01}",35,2018-02-28 21:00:00+00:00,2018-03-01 14:25:00+00:00,21,0.6666666666666666,0.5625,0.2850438562747845,1.0,0.125,0.2222222222222222,0.125,1.0,0.047619047619047616,0.38095238095238093,False,0.3173076923076923,
AAPL,1d:DNEWS_OVERNIGHT,PAPER_1G_LINSVM,2018-03,"{""C"": 0.1}",35,2018-02-28 21:00:00+00:00,2018-03-01 14:25:00+00:00,21,0.6190476190476191,0.5240384615384616,0.07953559537197222,0.5,0.125,0.2,0.125,0.9230769230769231,0.09523809523809523,0.38095238095238093,False,0.30769230769230765,
AAPL,1d:DNEWS_OVERNIGHT,PAPER_1G_LINSVM,2018-03,"{""C"": 1.0}",35,2018-02-28 21:00:00+00:00,2018-03-01 14:25:00+00:00,21,0.6190476190476191,0.5240384615384616,0.07953559537197222,0.5,0.125,0.2,0.125,0.9230769230769231,0.09523809523809523,0.38095238095238093,False,0.2980769230769231,
AAPL,1d:DNEWS_OVERNIGHT,PAPER_1G_LINSVM,2018-04,"{""C"": 0.01}",56,2018-03-29 20:00:00+00:00,2018-04-02 13:25:00+00:00,21,0.38095238095238093,0.375,-0.24771684715343112,0.45454545454545453,0.4166666666666667,0.43478260869565216,0.4166666666666667,0.3333333333333333,0.5238095238095238,0.5714285714285714,False,0.3703703703703704,
AAPL,1d:DNEWS_OVERNIGHT,PAPER_1G_LINSVM,2018-04,"{""C"": 0.1}",56,2018-03-29 20:00:00+00:00,2018-04-02 13:25:00+00:00,21,0.38095238095238093,0.375,-0.24771684715343112,0.45454545454545453,0.4166666666666667,0.43478260869565216,0.4166666666666667,0.3333333333333333,0.5238095238095238,0.5714285714285714,False,0.3703703703703704,
AAPL,1d:DNEWS_OVERNIGHT,PAPER_1G_LINSVM,2018-04,"{""C"": 1.0}",56,2018-03-29 20:00:00+00:00,2018-04-02 13:25:00+00:00,21,0.38095238095238093,0.375,-0.24771684715343112,0.45454545454545453,0.4166666666666667,0.43478260869565216,0.4166666666666667,0.3333333333333333,0.5238095238095238,0.5714285714285714,False,0.37962962962962965,
AAPL,1d:DNEWS_OVERNIGHT,PAPER_1G_LINSVM,2018-05,"{""C"": 0.01}",77,2018-04-30 20:00:00+00:00,2018-05-01 13:25:00+00:00,22,0.45454545454545453,0.45454545454545453,-0.09245003270420485,0.4444444444444444,0.36363636363636365,0.4,0.36363636363636365,0.5454545454545454,0.4090909090909091,0.5,False,0.45454545454545453,
AAPL,1d:DNEWS_OVERNIGHT,PAPER_1G_LINSVM,2018-05,"{""C"": 0.1}",77,2018-04-30 20:00:00+00:00,2018-05-01 13:25:00+00:00,22,0.36363636363636365,0.36363636363636365,-0.2773500981126146,0.3333333333333333,0.2727272727272727,0.3,0.2727272727272727,0.45454545454545453,0.4090909090909091,0.5,False,0.47107438016528924,
AAPL,1d:DNEWS_OVERNIGHT,PAPER_1G_LINSVM,2018-05,"{""C"": 1.0}",77,2018-04-30 20:00:00+00:00,2018-05-01 13:25:00+00:00,22,0.36363636363636365,0.36363636363636365,-0.2773500981126146,0.3333333333333333,0.2727272727272727,0.3,0.2727272727272727,0.45454545454545453,0.4090909090909091,0.5,False,0.4380165289256198,
AAPL,1d:DNEWS_OVERNIGHT,PAPER_1G_LINSVM,2018-06,"{""C"": 0.01}",99,2018-05-31 20:00:00+00:00,2018-06-01 13:25:00+00:00,21,0.42857142857142855,0.46634615384615385,-0.06933752452815364,0.35714285714285715,0.625,0.45454545454545453,0.625,0.3076923076923077,0.6666666666666666,0.38095238095238093,False,0.4038461538461538,
AAPL,1d:DNEWS_OVERNIGHT,PAPER_1G_LINSVM,2018-06,"{""C"": 0.1}",99,2018-05-31 20:00:00+00:00,2018-06-01 13:25:00+00:00,21,0.5238095238095238,0.5673076923076923,0.1386750490563073,0.42857142857142855,0.75,0.5454545454545454,0.75,0.38461538461538464,0.6666666666666666,0.38095238095238093,False,0.42307692307692313,
AAPL,1d:DNEWS_OVERNIGHT,PAPER_1G_LINSVM,2018-06,"{""C"": 1.0}",99,2018-05-31 20:00:00+00:00,2018-06-01 13:25:00+00:00,21,0.5238095238095238,0.5673076923076923,0.1386750490563073,0.42857142857142855,0.75,0.5454545454545454,0.75,0.38461538461538464,0.6666666666666666,0.38095238095238093,False,0.4807692307692308,
AAPL,1d:DNEWS_OVERNIGHT,PAPER_1G_LINSVM,2018-07,"{""C"": 0.01}",120,2018-06-29 20:00:00+00:00,2018-07-02 13:25:00+00:00,21,0.5238095238095238,0.6153846153846154,0.3202563076101743,1.0,0.23076923076923078,0.375,0.23076923076923078,1.0,0.14285714285714285,0.6190476190476191,False,0.6634615384615384,
AAPL,1d:DNEWS_OVERNIGHT,PAPER_1G_LINSVM,2018-07,"{""C"": 0.1}",120,2018-06-29 20:00:00+00:00,2018-07-02 13:25:00+00:00,21,0.47619047619047616,0.5769230769230769,0.2545139051903111,1.0,0.15384615384615385,0.26666666666666666,0.15384615384615385,1.0,0.09523809523809523,0.6190476190476191,False,0.8173076923076924,
AAPL,1d:DNEWS_OVERNIGHT,PAPER_1G_LINSVM,2018-07,"{""C"": 1.0}",120,2018-06-29 20:00:00+00:00,2018-07-02 13:25:00+00:00,21,0.5714285714285714,0.6538461538461539,0.38052119532359524,1.0,0.3076923076923077,0.47058823529411764,0.3076923076923077,1.0,0.19047619047619047,0.6190476190476191,False,0.7307692307692308,
AAPL,1d:DNEWS_OVERNIGHT,PAPER_1G_LINSVM,2018-08,"{""C"": 0.01}",141,2018-07-31 20:00:00+00:00,2018-08-01 13:25:00+00:00,23,0.5217391304347826,0.6225490196078431,0.22596922689443352,0.875,0.4117647058823529,0.56,0.4117647058823529,0.8333333333333334,0.34782608695652173,0.7391304347826086,False,0.4607843137254902,
AAPL,1d:DNEWS_OVERNIGHT,PAPER_1G_LINSVM,2018-08,"{""C"": 0.1}",141,2018-07-31 20:00:00+00:00,2018-08-01 13:25:00+00:00,23,0.6086956521739131,0.6274509803921569,0.22407133233117496,0.8333333333333334,0.5882352941176471,0.6896551724137931,0.5882352941176471,0.6666666666666666,0.5217391304347826,0.7391304347826086,False,0.6274509803921569,
AAPL,1d:DNEWS_OVERNIGHT,PAPER_1G_LINSVM,2018-08,"{""C"": 1.0}",141,2018-07-31 20:00:00+00:00,2018-08-01 13:25:00+00:00,23,0.6521739130434783,0.6568627450980392,0.27789338971674993,0.8461538461538461,0.6470588235294118,0.7333333333333333,0.6470588235294118,0.6666666666666666,0.5652173913043478,0.7391304347826086,False,0.6764705882352942,
AAPL,1d:DNEWS_OVERNIGHT,PAPER_1G_LINSVM,2018-09,"{""C"": 0.01}",164,2018-08-31 20:00:00+00:00,2018-09-04 13:25:00+00:00,19,0.5789473684210527,0.5944444444444444,0.23134069792952236,0.5333333333333333,0.8888888888888888,0.6666666666666666,0.8888888888888888,0.3,0.7894736842105263,0.47368421052631576,False,0.5444444444444445,
AAPL,1d:DNEWS_OVERNIGHT,PAPER_1G_LINSVM,2018-09,"{""C"": 0.1}",164,2018-08-31 20:00:00+00:00,2018-09-04 13:25:00+00:00,19,0.5789473684210527,0.5944444444444444,0.23134069792952236,0.5333333333333333,0.8888888888888888,0.6666666666666666,0.8888888888888888,0.3,0.7894736842105263,0.47368421052631576,False,0.5555555555555556,
AAPL,1d:DNEWS_OVERNIGHT,PAPER_1G_LINSVM,2018-09,"{""C"": 1.0}",164,2018-08-31 20:00:00+00:00,2018-09-04 13:25:00+00:00,19,0.5789473684210527,0.5944444444444444,0.23134069792952236,0.5333333333333333,0.8888888888888888,0.6666666666666666,0.8888888888888888,0.3,0.7894736842105263,0.47368421052631576,False,0.5666666666666667,
AAPL,1d:DNEWS_OVERNIGHT,PAPER_1G_LINSVM,2018-10,"{""C"": 0.01}",183,2018-09-28 20:00:00+00:00,2018-10-01 13:25:00+00:00,23,0.43478260869565216,0.44696969696969696,-0.1284457725980754,0.4444444444444444,0.7272727272727273,0.5517241379310345,0.7272727272727273,0.16666666666666666,0.782608695652174,0.4782608695652174,False,0.3409090909090909,
AAPL,1d:DNEWS_OVERNIGHT,PAPER_1G_LINSVM,2018-10,"{""C"": 0.1}",183,2018-09-28 20:00:00+00:00,2018-10-01 13:25:00+00:00,23,0.43478260869565216,0.4431818181818182,-0.12336594280495668,0.4375,0.6363636363636364,0.5185185185185185,0.6363636363636364,0.25,0.6956521739130435,0.4782608695652174,False,0.3484848484848485,
AAPL,1d:DNEWS_OVERNIGHT,PAPER_1G_LINSVM,2018-10,"{""C"": 1.0}",183,2018-09-28 20:00:00+00:00,2018-10-01 13:25:00+00:00,23,0.43478260869565216,0.4356060606060606,-0.12878787878787878,0.4166666666666667,0.45454545454545453,0.43478260869565216,0.45454545454545453,0.4166666666666667,0.5217391304347826,0.4782608695652174,False,0.3484848484848485,
AAPL,1d:DNEWS_OVERNIGHT,PAPER_1G_LINSVM,2018-11,"{""C"": 0.01}",206,2018-10-31 20:00:00+00:00,2018-11-01 13:25:00+00:00,21,0.3333333333333333,0.3571428571428571,-0.2773500981126146,0.23076923076923078,0.42857142857142855,0.3,0.42857142857142855,0.2857142857142857,0.6190476190476191,0.3333333333333333,False,0.36734693877551017,
AAPL,1d:DNEWS_OVERNIGHT,PAPER_1G_LINSVM,2018-11,"{""C"": 0.1}",206,2018-10-31 20:00:00+00:00,2018-11-01 13:25:00+00:00,21,0.2857142857142857,0.3571428571428571,-0.31622776601683794,0.25,0.5714285714285714,0.34782608695652173,0.5714285714285714,0.14285714285714285,0.7619047619047619,0.3333333333333333,False,0.43877551020408156,
AAPL,1d:DNEWS_OVERNIGHT,PAPER_1G_LINSVM,2018-11,"{""C"": 1.0}",206,2018-10-31 20:00:00+00:00,2018-11-01 13:25:00+00:00,21,0.2857142857142857,0.3571428571428571,-0.31622776601683794,0.25,0.5714285714285714,0.34782608695652173,0.5714285714285714,0.14285714285714285,0.7619047619047619,0.3333333333333333,False,0.4285714285714285,
AAPL,1d:DNEWS_OVERNIGHT,PAPER_1G_LINSVM,2018-12,"{""C"": 0.01}",227,2018-11-30 21:00:00+00:00,2018-12-03 14:25:00+00:00,19,0.631578947368421,0.5961538461538461,0.18531232916527532,0.42857142857142855,0.5,0.46153846153846156,0.5,0.6923076923076923,0.3684210526315789,0.3157894736842105,False,0.6538461538461539,
AAPL,1d:DNEWS_OVERNIGHT,PAPER_1G_LINSVM,2018-12,"{""C"": 0.1}",227,2018-11-30 21:00:00+00:00,2018-12-03 14:25:00+00:00,19,0.7368421052631579,0.7628205128205128,0.4893451639269458,0.5555555555555556,0.8333333333333334,0.6666666666666666,0.8333333333333334,0.6923076923076923,0.47368421052631576,0.3157894736842105,False,0.794871794871795,
AAPL,1d:DNEWS_OVERNIGHT,PAPER_1G_LINSVM,2018-12,"{""C"": 1.0}",227,2018-11-30 21:00:00+00:00,2018-12-03 14:25:00+00:00,19,0.631578947368421,0.6858974358974359,0.35003329844931896,0.45454545454545453,0.8333333333333334,0.5882352941176471,0.8333333333333334,0.5384615384615384,0.5789473684210527,0.3157894736842105,False,0.8846153846153846,
AAPL,1d:DNEWS_OVERNIGHT,PAPER_1G_LINSVM,2019-01,"{""C"": 0.01}",246,2018-12-31 21:00:00+00:00,2019-01-02 14:25:00+00:00,21,0.47619047619047616,0.49090909090909096,-0.023124864503144014,0.5,0.18181818181818182,0.26666666666666666,0.18181818181818182,0.8,0.19047619047619047,0.5238095238095238,False,0.5363636363636364,
AAPL,1d:DNEWS_OVERNIGHT,PAPER_1G_LINSVM,2019-01,"{""C"": 0.1}",246,2018-12-31 21:00:00+00:00,2019-01-02 14:25:00+00:00,21,0.6190476190476191,0.6272727272727273,0.26967994498529685,0.7142857142857143,0.45454545454545453,0.5555555555555556,0.45454545454545453,0.8,0.3333333333333333,0.5238095238095238,False,0.5454545454545454,
AAPL,1d:DNEWS_OVERNIGHT,PAPER_1G_LINSVM,2019-01,"{""C"": 1.0}",246,2018-12-31 21:00:00+00:00,2019-01-02 14:25:00+00:00,21,0.5714285714285714,0.5727272727272728,0.14545454545454545,0.6,0.5454545454545454,0.5714285714285714,0.5454545454545454,0.6,0.47619047619047616,0.5238095238095238,False,0.5727272727272728,
AAPL,1d:DNEWS_OVERNIGHT,PAPER_1G_LINSVM,2019-02,"{""C"": 0.01}",267,2019-01-31 21:00:00+00:00,2019-02-01 14:25:00+00:00,1,1.0,,,1.0,1.0,1.0,1.0,0.0,1.0,1.0,True,,
AAPL,1d:DNEWS_OVERNIGHT,PAPER_1G_LINSVM,2019-02,"{""C"": 0.1}",267,2019-01-31 21:00:00+00:00,2019-02-01 14:25:00+00:00,1,1.0,,,1.0,1.0,1.0,1.0,0.0,1.0,1.0,True,,
AAPL,1d:DNEWS_OVERNIGHT,PAPER_1G_LINSVM,2019-02,"{""C"": 1.0}",267,2019-01-31 21:00:00+00:00,2019-02-01 14:25:00+00:00,1,1.0,,,1.0,1.0,1.0,1.0,0.0,1.0,1.0,True,,
AMZN,1d:DNEWS_24H,PAPER_1G_LINSVM,2018-03,"{""C"": 0.01}",35,2018-02-28 21:00:00+00:00,2018-03-01 14:25:00+00:00,21,0.7142857142857143,0.6944444444444444,0.408248290463863,0.7142857142857143,0.5555555555555556,0.625,0.5555555555555556,0.8333333333333334,0.3333333333333333,0.42857142857142855,False,0.7037037037037037,
AMZN,1d:DNEWS_24H,PAPER_1G_LINSVM,2018-03,"{""C"": 0.1}",35,2018-02-28 21:00:00+00:00,2018-03-01 14:25:00+00:00,21,0.6666666666666666,0.6805555555555556,0.3611111111111111,0.5833333333333334,0.7777777777777778,0.6666666666666666,0.7777777777777778,0.5833333333333334,0.5714285714285714,0.42857142857142855,False,0.7037037037037037,
AMZN,1d:DNEWS_24H,PAPER_1G_LINSVM,2018-03,"{""C"": 1.0}",35,2018-02-28 21:00:00+00:00,2018-03-01 14:25:00+00:00,21,0.7142857142857143,0.7361111111111112,0.4812177395114532,0.6153846153846154,0.8888888888888888,0.7272727272727273,0.8888888888888888,0.5833333333333334,0.6190476190476191,0.42857142857142855,False,0.6944444444444444,
AMZN,1d:DNEWS_24H,PAPER_1G_LINSVM,2018-04,"{""C"": 0.01}",56,2018-03-29 20:00:00+00:00,2018-04-02 13:25:00+00:00,21,0.47619047619047616,0.48636363636363633,-0.03015113445777636,0.5,0.2727272727272727,0.35294117647058826,0.2727272727272727,0.7,0.2857142857142857,0.5238095238095238,False,0.459090909090909,
AMZN,1d:DNEWS_24H,PAPER_1G_LINSVM,2018-04,"{""C"": 0.1}",56,2018-03-29 20:00:00+00:00,2018-04-02 13:25:00+00:00,21,0.3333333333333333,0.33636363636363636,-0.3302891295379082,0.3333333333333333,0.2727272727272727,0.3,0.2727272727272727,0.4,0.42857142857142855,0.5238095238095238,False,0.3136363636363636,
AMZN,1d:DNEWS_24H,PAPER_1G_LINSVM,2018-04,"{""C"": 1.0}",56,2018-03-29 20:00:00+00:00,2018-04-02 13:25:00+00:00,21,0.3333333333333333,0.3318181818181818,-0.33636363636363636,0.36363636363636365,0.36363636363636365,0.36363636363636365,0.36363636363636365,0.3,0.5238095238095238,0.5238095238095238,False,0.25,
AMZN,1d:DNEWS_24H,PAPER_1G_LINSVM,2018-05,"{""C"": 0.01}",77,2018-04-30 20:00:00+00:00,2018-05-01 13:25:00+00:00,22,0.36363636363636365,0.3666666666666667,-0.26666666666666666,0.4,0.3333333333333333,0.36363636363636365,0.3333333333333333,0.4,0.45454545454545453,0.5454545454545454,False,0.35416666666666663,
AMZN,1d:DNEWS_24H,PAPER_1G_LINSVM,2018-05,"{""C"": 0.1}",77,2018-04-30 20:00:00+00:00,2018-05-01 13:25:00+00:00,22,0.45454545454545453,0.4666666666666667,-0.06900655593423542,0.5,0.3333333333333333,0.4,0.3333333333333333,0.6,0.36363636363636365,0.5454545454545454,False,0.45416666666666666,
AMZN,1d:DNEWS_24H,PAPER_1G_LINSVM,2018-05,"{""C"": 1.0}",77,2018-04-30 20:00:00+00:00,2018-05-01 13:25:00+00:00,22,0.5,0.5083333333333333,0.016878989451394443,0.5555555555555556,0.4166666666666667,0.47619047619047616,0.4166666666666667,0.6,0.4090909090909091,0.5454545454545454,False,0.5291666666666667,
AMZN,1d:DNEWS_24H,PAPER_1G_LINSVM,2018-06,"{""C"": 0.01}",99,2018-05-31 20:00:00+00:00,2018-06-01 13:25:00+00:00,21,0.6190476190476191,0.5972222222222222,0.2041241452319315,0.6428571428571429,0.75,0.6923076923076923,0.75,0.4444444444444444,0.6666666666666666,0.5714285714285714,False,0.6064814814814815,
AMZN,1d:DNEWS_24H,PAPER_1G_LINSVM,2018-06,"{""C"": 0.1}",99,2018-05-31 20:00:00+00:00,2018-06-01 13:25:00+00:00,21,0.6666666666666666,0.6527777777777778,0.31137618438976383,0.6923076923076923,0.75,0.72,0.75,0.5555555555555556,0.6190476190476191,0.5714285714285714,False,0.662037037037037,
AMZN,1d:DNEWS_24H,PAPER_1G_LINSVM,2018-06,"{""C"": 1.0}",99,2018-05-31 20:00:00+00:00,2018-06-01 13:25:00+00:00,21,0.6190476190476191,0.5972222222222222,0.2041241452319315,0.6428571428571429,0.75,0.6923076923076923,0.75,0.4444444444444444,0.6666666666666666,0.5714285714285714,False,0.662037037037037,
AMZN,1d:DNEWS_24H,PAPER_1G_LINSVM,2018-07,"{""C"": 0.01}",120,2018-06-29 20:00:00+00:00,2018-07-02 13:25:00+00:00,21,0.42857142857142855,0.4409090909090909,-0.13858046563114676,0.4375,0.7,0.5384615384615384,0.7,0.18181818181818182,0.7619047619047619,0.47619047619047616,False,0.34545454545454546,
AMZN,1d:DNEWS_24H,PAPER_1G_LINSVM,2018-07,"{""C"": 0.1}",120,2018-06-29 20:00:00+00:00,2018-07-02 13:25:00+00:00,21,0.38095238095238093,0.3909090909090909,-0.2412090756622109,0.4,0.6,0.48,0.6,0.18181818181818182,0.7142857142857143,0.47619047619047616,False,0.3,
AMZN,1d:DNEWS_24H,PAPER_1G_LINSVM,2018-07,"{""C"": 1.0}",120,2018-06-29 20:00:00+00:00,2018-07-02 13:25:00+00:00,21,0.3333333333333333,0.34545454545454546,-0.3624412178045377,0.375,0.6,0.46153846153846156,0.6,0.09090909090909091,0.7619047619047619,0.47619047619047616,False,0.2727272727272727,
AMZN,1d:DNEWS_24H,PAPER_1G_LINSVM,2018-08,"{""C"": 0.01}",141,2018-07-31 20:00:00+00:00,2018-08-01 13:25:00+00:00,23,0.43478260869565216,0.41666666666666663,-0.1640825308284734,0.5384615384615384,0.5,0.5185185185185185,0.5,0.3333333333333333,0.5652173913043478,0.6086956521739131,False,0.29365079365079366,
AMZN,1d:DNEWS_24H,PAPER_1G_LINSVM,2018-08,"{""C"": 0.1}",141,2018-07-31 20:00:00+00:00,2018-08-01 13:25:00+00:00,23,0.4782608695652174,0.4722222222222222,-0.054278245606577465,0.5833333333333334,0.5,0.5384615384615384,0.5,0.4444444444444444,0.5217391304347826,0.6086956521739131,False,0.3333333333333333,
AMZN,1d:DNEWS_24H,PAPER_1G_LINSVM,2018-08,"{""C"": 1.0}",141,2018-07-31 20:00:00+00:00,2018-08-01 13:25:00+00:00,23,0.391304347826087,0.3611111111111111,-0.2777777777777778,0.5,0.5,0.5,0.5,0.2222222222222222,0.6086956521739131,0.6086956521739131,False,0.2857142857142857,
AMZN,1d:DNEWS_24H,PAPER_1G_LINSVM,2018-09,"{""C"": 0.01}",164,2018-08-31 20:00:00+00:00,2018-09-04 13:25:00+00:00,19,0.21052631578947367,0.21666666666666667,-0.5865557254410011,0.25,0.3333333333333333,0.2857142857142857,0.3333333333333333,0.1,0.631578947368421,0.47368421052631576,False,0.26666666666666666,
AMZN,1d:DNEWS_24H,PAPER_1G_LINSVM,2018-09,"{""C"": 0.1}",164,2018-08-31 20:00:00+00:00,2018-09-04 13:25:00+00:00,19,0.2631578947368421,0.26666666666666666,-0.47193990372426947,0.2727272727272727,0.3333333333333333,0.3,0.3333333333333333,0.2,0.5789473684210527,0.47368421052631576,False,0.3,
AMZN,1d:DNEWS_24H,PAPER_1G_LINSVM,2018-09,"{""C"": 1.0}",164,2018-08-31 20:00:00+00:00,2018-09-04 13:25:00+00:00,19,0.3684210526315789,0.3666666666666667,-0.26666666666666666,0.3333333333333333,0.3333333333333333,0.3333333333333333,0.3333333333333333,0.4,0.47368421052631576,0.47368421052631576,False,0.3,
AMZN,1d:DNEWS_24H,PAPER_1G_LINSVM,2018-10,"{""C"": 0.01}",183,2018-09-28 20:00:00+00:00,2018-10-01 13:25:00+00:00,23,0.5217391304347826,0.5476190476190476,0.09523809523809523,0.42857142857142855,0.6666666666666666,0.5217391304347826,0.6666666666666666,0.42857142857142855,0.6086956521739131,0.391304347826087,False,0.6190476190476191,
AMZN,1d:DNEWS_24H,PAPER_1G_LINSVM,2018-10,"{""C"": 0.1}",183,2018-09-28 20:00:00+00:00,2018-10-01 13:25:00+00:00,23,0.5217391304347826,0.5674603174603174,0.1431049438115632,0.4375,0.7777777777777778,0.56,0.7777777777777778,0.35714285714285715,0.6956521739130435,0.391304347826087,False,0.6349206349206349,
AMZN,1d:DNEWS_24H,PAPER_1G_LINSVM,2018-10,"{""C"": 1.0}",183,2018-09-28 20:00:00+00:00,2018-10-01 13:25:00+00:00,23,0.5217391304347826,0.5674603174603174,0.1431049438115632,0.4375,0.7777777777777778,0.56,0.7777777777777778,0.35714285714285715,0.6956521739130435,0.391304347826087,False,0.6428571428571428,
AMZN,1d:DNEWS_24H,PAPER_1G_LINSVM,2018-11,"{""C"": 0.01}",206,2018-10-31 20:00:00+00:00,2018-11-01 13:25:00+00:00,21,0.47619047619047616,0.4727272727272727,-0.05504818825631803,0.5,0.5454545454545454,0.5217391304347826,0.5454545454545454,0.4,0.5714285714285714,0.5238095238095238,False,0.6000000000000001,
AMZN,1d:DNEWS_24H,PAPER_1G_LINSVM,2018-11,"{""C"": 0.1}",206,2018-10-31 20:00:00+00:00,2018-11-01 13:25:00+00:00,21,0.47619047619047616,0.4727272727272727,-0.05504818825631803,0.5,0.5454545454545454,0.5217391304347826,0.5454545454545454,0.4,0.5714285714285714,0.5238095238095238,False,0.5636363636363636,
AMZN,1d:DNEWS_24H,PAPER_1G_LINSVM,2018-11,"{""C"": 1.0}",206,2018-10-31 20:00:00+00:00,2018-11-01 13:25:00+00:00,21,0.2857142857142857,0.2863636363636364,-0.42727272727272725,0.3,0.2727272727272727,0.2857142857142857,0.2727272727272727,0.3,0.47619047619047616,0.5238095238095238,False,0.42727272727272725,
AMZN,1d:DNEWS_24H,PAPER_1G_LINSVM,2018-12,"{""C"": 0.01}",227,2018-11-30 21:00:00+00:00,2018-12-03 14:25:00+00:00,19,0.5263157894736842,0.5059523809523809,0.011631052629980886,0.375,0.42857142857142855,0.4,0.42857142857142855,0.5833333333333334,0.42105263157894735,0.3684210526315789,False,0.494047619047619,
AMZN,1d:DNEWS_24H,PAPER_1G_LINSVM,2018-12,"{""C"": 0.1}",227,2018-11-30 21:00:00+00:00,2018-12-03 14:25:00+00:00,19,0.42105263157894735,0.39285714285714285,-0.20935894733965593,0.25,0.2857142857142857,0.26666666666666666,0.2857142857142857,0.5,0.42105263157894735,0.3684210526315789,False,0.3273809523809524,
AMZN,1d:DNEWS_24H,PAPER_1G_LINSVM,2018-12,"{""C"": 1.0}",227,2018-11-30 21:00:00+00:00,2018-12-03 14:25:00+00:00,19,0.47368421052631576,0.43452380952380953,-0.13095238095238096,0.2857142857142857,0.2857142857142857,0.2857142857142857,0.2857142857142857,0.5833333333333334,0.3684210526315789,0.3684210526315789,False,0.3392857142857143,
AMZN,1d:DNEWS_24H,PAPER_1G_LINSVM,2019-01,"{""C"": 0.01}",246,2018-12-31 21:00:00+00:00,2019-01-02 14:25:00+00:00,21,0.6666666666666666,0.6727272727272727,0.35527985620321373,0.75,0.5454545454545454,0.631578947368421,0.5454545454545454,0.8,0.38095238095238093,0.5238095238095238,False,0.6545454545454545,
AMZN,1d:DNEWS_24H,PAPER_1G_LINSVM,2019-01,"{""C"": 0.1}",246,2018-12-31 21:00:00+00:00,2019-01-02 14:25:00+00:00,21,0.6190476190476191,0.6227272727272727,0.24771684715343112,0.6666666666666666,0.5454545454545454,0.6,0.5454545454545454,0.7,0.42857142857142855,0.5238095238095238,False,0.5636363636363637,
AMZN,1d:DNEWS_24H,PAPER_1G_LINSVM,2019-01,"{""C"": 1.0}",246,2018-12-31 21:00:00+00:00,2019-01-02 14:25:00+00:00,21,0.5714285714285714,0.5727272727272728,0.14545454545454545,0.6,0.5454545454545454,0.5714285714285714,0.5454545454545454,0.6,0.47619047619047616,0.5238095238095238,False,0.5,
AMZN,1d:DNEWS_24H,PAPER_1G_LINSVM,2019-02,"{""C"": 0.01}",267,2019-01-31 21:00:00+00:00,2019-02-01 14:25:00+00:00,1,1.0,,,0.0,0.0,0.0,0.0,1.0,0.0,0.0,True,,
AMZN,1d:DNEWS_24H,PAPER_1G_LINSVM,2019-02,"{""C"": 0.1}",267,2019-01-31 21:00:00+00:00,2019-02-01 14:25:00+00:00,1,1.0,,,0.0,0.0,0.0,0.0,1.0,0.0,0.0,True,,
AMZN,1d:DNEWS_24H,PAPER_1G_LINSVM,2019-02,"{""C"": 1.0}",267,2019-01-31 21:00:00+00:00,2019-02-01 14:25:00+00:00,1,1.0,,,0.0,0.0,0.0,0.0,1.0,0.0,0.0,True,,
AMZN,1d:DNEWS_OVERNIGHT,PAPER_1G_LINSVM,2018-03,"{""C"": 0.01}",35,2018-02-28 21:00:00+00:00,2018-03-01 14:25:00+00:00,21,0.42857142857142855,0.4444444444444444,-0.11322770341445958,0.38461538461538464,0.5555555555555556,0.45454545454545453,0.5555555555555556,0.3333333333333333,0.6190476190476191,0.42857142857142855,False,0.40740740740740744,
AMZN,1d:DNEWS_OVERNIGHT,PAPER_1G_LINSVM,2018-03,"{""C"": 0.1}",35,2018-02-28 21:00:00+00:00,2018-03-01 14:25:00+00:00,21,0.2857142857142857,0.3194444444444445,-0.4195731958391368,0.3125,0.5555555555555556,0.4,0.5555555555555556,0.08333333333333333,0.7619047619047619,0.42857142857142855,False,0.34259259259259256,
AMZN,1d:DNEWS_OVERNIGHT,PAPER_1G_LINSVM,2018-03,"{""C"": 1.0}",35,2018-02-28 21:00:00+00:00,2018-03-01 14:25:00+00:00,21,0.2857142857142857,0.3194444444444445,-0.4195731958391368,0.3125,0.5555555555555556,0.4,0.5555555555555556,0.08333333333333333,0.7619047619047619,0.42857142857142855,False,0.33333333333333337,
AMZN,1d:DNEWS_OVERNIGHT,PAPER_1G_LINSVM,2018-04,"{""C"": 0.01}",56,2018-03-29 20:00:00+00:00,2018-04-02 13:25:00+00:00,21,0.5238095238095238,0.5409090909090909,0.11677484162422845,0.6666666666666666,0.18181818181818182,0.2857142857142857,0.18181818181818182,0.9,0.14285714285714285,0.5238095238095238,False,0.45909090909090905,
AMZN,1d:DNEWS_OVERNIGHT,PAPER_1G_LINSVM,2018-04,"{""C"": 0.1}",56,2018-03-29 20:00:00+00:00,2018-04-02 13:25:00+00:00,21,0.6190476190476191,0.6318181818181818,0.3091410387156351,0.8,0.36363636363636365,0.5,0.36363636363636365,0.9,0.23809523809523808,0.5238095238095238,False,0.5681818181818181,
AMZN,1d:DNEWS_OVERNIGHT,PAPER_1G_LINSVM,2018-04,"{""C"": 1.0}",56,2018-03-29 20:00:00+00:00,2018-04-02 13:25:00+00:00,21,0.5238095238095238,0.5318181818181817,0.06741998624632421,0.5714285714285714,0.36363636363636365,0.4444444444444444,0.36363636363636365,0.7,0.3333333333333333,0.5238095238095238,False,0.5318181818181817,
AMZN,1d:DNEWS_OVERNIGHT,PAPER_1G_LINSVM,2018-05,"{""C"": 0.01}",77,2018-04-30 20:00:00+00:00,2018-05-01 13:25:00+00:00,22,0.6363636363636364,0.65,0.3105295017040594,0.75,0.5,0.6,0.5,0.8,0.36363636363636365,0.5454545454545454,False,0.5916666666666668,
AMZN,1d:DNEWS_OVERNIGHT,PAPER_1G_LINSVM,2018-05,"{""C"": 0.1}",77,2018-04-30 20:00:00+00:00,2018-05-01 13:25:00+00:00,22,0.5909090909090909,0.6083333333333334,0.23162640965743445,0.7142857142857143,0.4166666666666667,0.5263157894736842,0.4166666666666667,0.8,0.3181818181818182,0.5454545454545454,False,0.5666666666666667,
AMZN,1d:DNEWS_OVERNIGHT,PAPER_1G_LINSVM,2018-05,"{""C"": 1.0}",77,2018-04-30 20:00:00+00:00,2018-05-01 13:25:00+00:00,22,0.5909090909090909,0.6083333333333334,0.23162640965743445,0.7142857142857143,0.4166666666666667,0.5263157894736842,0.4166666666666667,0.8,0.3181818181818182,0.5454545454545454,False,0.5416666666666667,
AMZN,1d:DNEWS_OVERNIGHT,PAPER_1G_LINSVM,2018-06,"{""C"": 0.01}",99,2018-05-31 20:00:00+00:00,2018-06-01 13:25:00+00:00,21,0.5238095238095238,0.4722222222222222,-0.07856742013183861,0.5555555555555556,0.8333333333333334,0.6666666666666666,0.8333333333333334,0.1111111111111111,0.8571428571428571,0.5714285714285714,False,0.5879629629629629,
AMZN,1d:DNEWS_OVERNIGHT,PAPER_1G_LINSVM,2018-06,"{""C"": 0.1}",99,2018-05-31 20:00:00+00:00,2018-06-01 13:25:00+00:00,21,0.5238095238095238,0.4722222222222222,-0.07856742013183861,0.5555555555555556,0.8333333333333334,0.6666666666666666,0.8333333333333334,0.1111111111111111,0.8571428571428571,0.5714285714285714,False,0.5416666666666666,
AMZN,1d:DNEWS_OVERNIGHT,PAPER_1G_LINSVM,2018-06,"{""C"": 1.0}",99,2018-05-31 20:00:00+00:00,2018-06-01 13:25:00+00:00,21,0.5238095238095238,0.4722222222222222,-0.07856742013183861,0.5555555555555556,0.8333333333333334,0.6666666666666666,0.8333333333333334,0.1111111111111111,0.8571428571428571,0.5714285714285714,False,0.48611111111111116,
AMZN,1d:DNEWS_OVERNIGHT,PAPER_1G_LINSVM,2018-07,"{""C"": 0.01}",120,2018-06-29 20:00:00+00:00,2018-07-02 13:25:00+00:00,21,0.42857142857142855,0.42727272727272725,-0.14545454545454545,0.4,0.4,0.4,0.4,0.45454545454545453,0.47619047619047616,0.47619047619047616,False,0.4590909090909091,
AMZN,1d:DNEWS_OVERNIGHT,PAPER_1G_LINSVM,2018-07,"{""C"": 0.1}",120,2018-06-29 20:00:00+00:00,2018-07-02 13:25:00+00:00,21,0.42857142857142855,0.42727272727272725,-0.14545454545454545,0.4,0.4,0.4,0.4,0.45454545454545453,0.47619047619047616,0.47619047619047616,False,0.4954545454545455,
AMZN,1d:DNEWS_OVERNIGHT,PAPER_1G_LINSVM,2018-07,"{""C"": 1.0}",120,2018-06-29 20:00:00+00:00,2018-07-02 13:25:00+00:00,21,0.5238095238095238,0.5272727272727272,0.05504818825631803,0.5,0.6,0.5454545454545454,0.6,0.45454545454545453,0.5714285714285714,0.47619047619047616,False,0.4954545454545455,
AMZN,1d:DNEWS_OVERNIGHT,PAPER_1G_LINSVM,2018-08,"{""C"": 0.01}",141,2018-07-31 20:00:00+00:00,2018-08-01 13:25:00+00:00,23,0.5652173913043478,0.5436507936507937,0.0873015873015873,0.6428571428571429,0.6428571428571429,0.6428571428571429,0.6428571428571429,0.4444444444444444,0.6086956521739131,0.6086956521739131,False,0.46031746031746035,
AMZN,1d:DNEWS_OVERNIGHT,PAPER_1G_LINSVM,2018-08,"{""C"": 0.1}",141,2018-07-31 20:00:00+00:00,2018-08-01 13:25:00+00:00,23,0.5652173913043478,0.5833333333333333,0.1640825308284734,0.7,0.5,0.5833333333333334,0.5,0.6666666666666666,0.43478260869565216,0.6086956521739131,False,0.5317460317460317,
AMZN,1d:DNEWS_OVERNIGHT,PAPER_1G_LINSVM,2018-08,"{""C"": 1.0}",141,2018-07-31 20:00:00+00:00,2018-08-01 13:25:00+00:00,23,0.4782608695652174,0.5119047619047619,0.02439750182371333,0.625,0.35714285714285715,0.45454545454545453,0.35714285714285715,0.6666666666666666,0.34782608695652173,0.6086956521739131,False,0.46031746031746035,
AMZN,1d:DNEWS_OVERNIGHT,PAPER_1G_LINSVM,2018-09,"{""C"": 0.01}",164,2018-08-31 20:00:00+00:00,2018-09-04 13:25:00+00:00,19,0.5263157894736842,0.5277777777777778,0.05555555555555555,0.5,0.5555555555555556,0.5263157894736842,0.5555555555555556,0.5,0.5263157894736842,0.47368421052631576,False,0.4777777777777778,
AMZN,1d:DNEWS_OVERNIGHT,PAPER_1G_LINSVM,2018-09,"{""C"": 0.1}",164,2018-08-31 20:00:00+00:00,2018-09-04 13:25:00+00:00,19,0.631578947368421,0.6388888888888888,0.2875273163926476,0.5833333333333334,0.7777777777777778,0.6666666666666666,0.7777777777777778,0.5,0.631578947368421,0.47368421052631576,False,0.5444444444444445,
AMZN,1d:DNEWS_OVERNIGHT,PAPER_1G_LINSVM,2018-09,"{""C"": 1.0}",164,2018-08-31 20:00:00+00:00,2018-09-04 13:25:00+00:00,19,0.631578947368421,0.6388888888888888,0.2875273163926476,0.5833333333333334,0.7777777777777778,0.6666666666666666,0.7777777777777778,0.5,0.631578947368421,0.47368421052631576,False,0.6555555555555556,
AMZN,1d:DNEWS_OVERNIGHT,PAPER_1G_LINSVM,2018-10,"{""C"": 0.01}",183,2018-09-28 20:00:00+00:00,2018-10-01 13:25:00+00:00,23,0.5652173913043478,0.5238095238095238,0.05050762722761054,0.42857142857142855,0.3333333333333333,0.375,0.3333333333333333,0.7142857142857143,0.30434782608695654,0.391304347826087,False,0.5873015873015872,
AMZN,1d:DNEWS_OVERNIGHT,PAPER_1G_LINSVM,2018-10,"{""C"": 0.1}",183,2018-09-28 20:00:00+00:00,2018-10-01 13:25:00+00:00,23,0.5652173913043478,0.5238095238095238,0.05050762722761054,0.42857142857142855,0.3333333333333333,0.375,0.3333333333333333,0.7142857142857143,0.30434782608695654,0.391304347826087,False,0.6111111111111112,
AMZN,1d:DNEWS_OVERNIGHT,PAPER_1G_LINSVM,2018-10,"{""C"": 1.0}",183,2018-09-28 20:00:00+00:00,2018-10-01 13:25:00+00:00,23,0.4782608695652174,0.43253968253968256,-0.1431049438115632,0.2857142857142857,0.2222222222222222,0.25,0.2222222222222222,0.6428571428571429,0.30434782608695654,0.391304347826087,False,0.6111111111111112,
AMZN,1d:DNEWS_OVERNIGHT,PAPER_1G_LINSVM,2018-11,"{""C"": 0.01}",206,2018-10-31 20:00:00+00:00,2018-11-01 13:25:00+00:00,21,0.38095238095238093,0.37727272727272726,-0.24771684715343112,0.4166666666666667,0.45454545454545453,0.43478260869565216,0.45454545454545453,0.3,0.5714285714285714,0.5238095238095238,False,0.4636363636363636,
AMZN,1d:DNEWS_OVERNIGHT,PAPER_1G_LINSVM,2018-11,"{""C"": 0.1}",206,2018-10-31 20:00:00+00:00,2018-11-01 13:25:00+00:00,21,0.5238095238095238,0.5181818181818182,0.03739787960033829,0.5384615384615384,0.6363636363636364,0.5833333333333334,0.6363636363636364,0.4,0.6190476190476191,0.5238095238095238,False,0.4727272727272727,
AMZN,1d:DNEWS_OVERNIGHT,PAPER_1G_LINSVM,2018-11,"{""C"": 1.0}",206,2018-10-31 20:00:00+00:00,2018-11-01 13:25:00+00:00,21,0.5238095238095238,0.5227272727272727,0.045454545454545456,0.5454545454545454,0.5454545454545454,0.5454545454545454,0.5454545454545454,0.5,0.5238095238095238,0.5238095238095238,False,0.5272727272727273,
AMZN,1d:DNEWS_OVERNIGHT,PAPER_1G_LINSVM,2018-12,"{""C"": 0.01}",227,2018-11-30 21:00:00+00:00,2018-12-03 14:25:00+00:00,19,0.5789473684210527,0.5476190476190476,0.09523809523809523,0.42857142857142855,0.42857142857142855,0.42857142857142855,0.42857142857142855,0.6666666666666666,0.3684210526315789,0.3684210526315789,False,0.5238095238095238,
AMZN,1d:DNEWS_OVERNIGHT,PAPER_1G_LINSVM,2018-12,"{""C"": 0.1}",227,2018-11-30 21:00:00+00:00,2018-12-03 14:25:00+00:00,19,0.47368421052631576,0.43452380952380953,-0.13095238095238096,0.2857142857142857,0.2857142857142857,0.2857142857142857,0.2857142857142857,0.5833333333333334,0.3684210526315789,0.3684210526315789,False,0.4642857142857143,
AMZN,1d:DNEWS_OVERNIGHT,PAPER_1G_LINSVM,2018-12,"{""C"": 1.0}",227,2018-11-30 21:00:00+00:00,2018-12-03 14:25:00+00:00,19,0.47368421052631576,0.43452380952380953,-0.13095238095238096,0.2857142857142857,0.2857142857142857,0.2857142857142857,0.2857142857142857,0.5833333333333334,0.3684210526315789,0.3684210526315789,False,0.41666666666666663,
AMZN,1d:DNEWS_OVERNIGHT,PAPER_1G_LINSVM,2019-01,"{""C"": 0.01}",246,2018-12-31 21:00:00+00:00,2019-01-02 14:25:00+00:00,21,0.47619047619047616,0.48636363636363633,-0.03015113445777636,0.5,0.2727272727272727,0.35294117647058826,0.2727272727272727,0.7,0.2857142857142857,0.5238095238095238,False,0.4727272727272727,
AMZN,1d:DNEWS_OVERNIGHT,PAPER_1G_LINSVM,2019-01,"{""C"": 0.1}",246,2018-12-31 21:00:00+00:00,2019-01-02 14:25:00+00:00,21,0.47619047619047616,0.4818181818181818,-0.03739787960033829,0.5,0.36363636363636365,0.42105263157894735,0.36363636363636365,0.6,0.38095238095238093,0.5238095238095238,False,0.4636363636363636,
AMZN,1d:DNEWS_OVERNIGHT,PAPER_1G_LINSVM,2019-01,"{""C"": 1.0}",246,2018-12-31 21:00:00+00:00,2019-01-02 14:25:00+00:00,21,0.47619047619047616,0.4772727272727273,-0.045454545454545456,0.5,0.45454545454545453,0.47619047619047616,0.45454545454545453,0.5,0.47619047619047616,0.5238095238095238,False,0.4636363636363636,
AMZN,1d:DNEWS_OVERNIGHT,PAPER_1G_LINSVM,2019-02,"{""C"": 0.01}",267,2019-01-31 21:00:00+00:00,2019-02-01 14:25:00+00:00,1,1.0,,,0.0,0.0,0.0,0.0,1.0,0.0,0.0,True,,
AMZN,1d:DNEWS_OVERNIGHT,PAPER_1G_LINSVM,2019-02,"{""C"": 0.1}",267,2019-01-31 21:00:00+00:00,2019-02-01 14:25:00+00:00,1,1.0,,,0.0,0.0,0.0,0.0,1.0,0.0,0.0,True,,
AMZN,1d:DNEWS_OVERNIGHT,PAPER_1G_LINSVM,2019-02,"{""C"": 1.0}",267,2019-01-31 21:00:00+00:00,2019-02-01 14:25:00+00:00,1,1.0,,,0.0,0.0,0.0,0.0,1.0,0.0,0.0,True,,
AAPL,1d:DNEWS_24H,PAPER_2G_L1LR,2018-03,"{""C"": 0.01}",35,2018-02-28 21:00:00+00:00,2018-03-01 14:25:00+00:00,21,0.38095238095238093,0.5,0.0,0.38095238095238093,1.0,0.5517241379310345,1.0,0.0,1.0,0.38095238095238093,True,0.5,0.25
AAPL,1d:DNEWS_24H,PAPER_2G_L1LR,2018-03,"{""C"": 0.1}",35,2018-02-28 21:00:00+00:00,2018-03-01 14:25:00+00:00,21,0.38095238095238093,0.5,0.0,0.38095238095238093,1.0,0.5517241379310345,1.0,0.0,1.0,0.38095238095238093,True,0.5,0.25
AAPL,1d:DNEWS_24H,PAPER_2G_L1LR,2018-03,"{""C"": 1.0}",35,2018-02-28 21:00:00+00:00,2018-03-01 14:25:00+00:00,21,0.47619047619047616,0.40865384615384615,-0.20830127958541944,0.2,0.125,0.15384615384615385,0.125,0.6923076923076923,0.23809523809523808,0.38095238095238093,False,0.47115384615384615,0.28980936166806187
AAPL,1d:DNEWS_24H,PAPER_2G_L1LR,2018-04,"{""C"": 0.01}",56,2018-03-29 20:00:00+00:00,2018-04-02 13:25:00+00:00,21,0.5714285714285714,0.5,0.0,0.5714285714285714,1.0,0.7272727272727273,1.0,0.0,1.0,0.5714285714285714,True,0.5,0.25
AAPL,1d:DNEWS_24H,PAPER_2G_L1LR,2018-04,"{""C"": 0.1}",56,2018-03-29 20:00:00+00:00,2018-04-02 13:25:00+00:00,21,0.5714285714285714,0.5,0.0,0.5714285714285714,1.0,0.7272727272727273,1.0,0.0,1.0,0.5714285714285714,True,0.5,0.25
AAPL,1d:DNEWS_24H,PAPER_2G_L1LR,2018-04,"{""C"": 1.0}",56,2018-03-29 20:00:00+00:00,2018-04-02 13:25:00+00:00,21,0.38095238095238093,0.38888888888888884,-0.2222222222222222,0.4444444444444444,0.3333333333333333,0.38095238095238093,0.3333333333333333,0.4444444444444444,0.42857142857142855,0.5714285714285714,False,0.34259259259259256,0.40139173154766605
AAPL,1d:DNEWS_24H,PAPER_2G_L1LR,2018-05,"{""C"": 0.01}",77,2018-04-30 20:00:00+00:00,2018-05-01 13:25:00+00:00,22,0.5,0.5,0.0,0.5,1.0,0.6666666666666666,1.0,0.0,1.0,0.5,True,0.5,0.25
AAPL,1d:DNEWS_24H,PAPER_2G_L1LR,2018-05,"{""C"": 0.1}",77,2018-04-30 20:00:00+00:00,2018-05-01 13:25:00+00:00,22,0.5,0.5,0.0,0.5,1.0,0.6666666666666666,1.0,0.0,1.0,0.5,True,0.5,0.25
AAPL,1d:DNEWS_24H,PAPER_2G_L1LR,2018-05,"{""C"": 1.0}",77,2018-04-30 20:00:00+00:00,2018-05-01 13:25:00+00:00,22,0.5454545454545454,0.5454545454545454,0.13245323570650439,0.6666666666666666,0.18181818181818182,0.2857142857142857,0.18181818181818182,0.9090909090909091,0.13636363636363635,0.5,False,0.42148760330578516,0.3453757332905933
AAPL,1d:DNEWS_24H,PAPER_2G_L1LR,2018-06,"{""C"": 0.01}",99,2018-05-31 20:00:00+00:00,2018-06-01 13:25:00+00:00,21,0.38095238095238093,0.5,0.0,0.38095238095238093,1.0,0.5517241379310345,1.0,0.0,1.0,0.38095238095238093,True,0.5,0.25
AAPL,1d:DNEWS_24H,PAPER_2G_L1LR,2018-06,"{""C"": 0.1}",99,2018-05-31 20:00:00+00:00,2018-06-01 13:25:00+00:00,21,0.38095238095238093,0.5,0.0,0.38095238095238093,1.0,0.5517241379310345,1.0,0.0,1.0,0.38095238095238093,True,0.5,0.25
AAPL,1d:DNEWS_24H,PAPER_2G_L1LR,2018-06,"{""C"": 1.0}",99,2018-05-31 20:00:00+00:00,2018-06-01 13:25:00+00:00,21,0.5238095238095238,0.4951923076923077,-0.009615384615384616,0.375,0.375,0.375,0.375,0.6153846153846154,0.38095238095238093,0.38095238095238093,False,0.4807692307692307,0.27978236916957944
AAPL,1d:DNEWS_24H,PAPER_2G_L1LR,2018-07,"{""C"": 0.01}",120,2018-06-29 20:00:00+00:00,2018-07-02 13:25:00+00:00,21,0.6190476190476191,0.5,0.0,0.6190476190476191,1.0,0.7647058823529411,1.0,0.0,1.0,0.6190476190476191,True,0.5,0.25
AAPL,1d:DNEWS_24H,PAPER_2G_L1LR,2018-07,"{""C"": 0.1}",120,2018-06-29 20:00:00+00:00,2018-07-02 13:25:00+00:00,21,0.6190476190476191,0.5,0.0,0.6190476190476191,1.0,0.7647058823529411,1.0,0.0,1.0,0.6190476190476191,True,0.5,0.25
AAPL,1d:DNEWS_24H,PAPER_2G_L1LR,2018-07,"{""C"": 1.0}",120,2018-06-29 20:00:00+00:00,2018-07-02 13:25:00+00:00,21,0.5238095238095238,0.5432692307692308,0.08492077756084468,0.6666666666666666,0.46153846153846156,0.5454545454545454,0.46153846153846156,0.625,0.42857142857142855,0.6190476190476191,False,0.6538461538461539,0.283001433448176
AAPL,1d:DNEWS_24H,PAPER_2G_L1LR,2018-08,"{""C"": 0.01}",141,2018-07-31 20:00:00+00:00,2018-08-01 13:25:00+00:00,23,0.7391304347826086,0.5,0.0,0.7391304347826086,1.0,0.85,1.0,0.0,1.0,0.7391304347826086,True,0.5,0.25
AAPL,1d:DNEWS_24H,PAPER_2G_L1LR,2018-08,"{""C"": 0.1}",141,2018-07-31 20:00:00+00:00,2018-08-01 13:25:00+00:00,23,0.7391304347826086,0.5,0.0,0.7391304347826086,1.0,0.85,1.0,0.0,1.0,0.7391304347826086,True,0.5,0.25
AAPL,1d:DNEWS_24H,PAPER_2G_L1LR,2018-08,"{""C"": 1.0}",141,2018-07-31 20:00:00+00:00,2018-08-01 13:25:00+00:00,23,0.5217391304347826,0.4068627450980392,-0.17776428228421592,0.6875,0.6470588235294118,0.6666666666666666,0.6470588235294118,0.16666666666666666,0.6956521739130435,0.7391304347826086,False,0.5686274509803921,0.24491932665158633
AAPL,1d:DNEWS_24H,PAPER_2G_L1LR,2018-09,"{""C"": 0.01}",164,2018-08-31 20:00:00+00:00,2018-09-04 13:25:00+00:00,19,0.47368421052631576,0.5,0.0,0.47368421052631576,1.0,0.6428571428571429,1.0,0.0,1.0,0.47368421052631576,True,0.5,0.25
AAPL,1d:DNEWS_24H,PAPER_2G_L1LR,2018-09,"{""C"": 0.1}",164,2018-08-31 20:00:00+00:00,2018-09-04 13:25:00+00:00,19,0.47368421052631576,0.5,0.0,0.47368421052631576,1.0,0.6428571428571429,1.0,0.0,1.0,0.47368421052631576,True,0.4555555555555556,0.25063334377044766
AAPL,1d:DNEWS_24H,PAPER_2G_L1LR,2018-09,"{""C"": 1.0}",164,2018-08-31 20:00:00+00:00,2018-09-04 13:25:00+00:00,19,0.3157894736842105,0.3222222222222222,-0.3680349649825889,0.3333333333333333,0.4444444444444444,0.38095238095238093,0.4444444444444444,0.2,0.631578947368421,0.47368421052631576,False,0.3333333333333333,0.41537496733571094
AAPL,1d:DNEWS_24H,PAPER_2G_L1LR,2018-10,"{""C"": 0.01}",183,2018-09-28 20:00:00+00:00,2018-10-01 13:25:00+00:00,23,0.4782608695652174,0.5,0.0,0.4782608695652174,1.0,0.6470588235294118,1.0,0.0,1.0,0.4782608695652174,True,0.5,0.25
AAPL,1d:DNEWS_24H,PAPER_2G_L1LR,2018-10,"{""C"": 0.1}",183,2018-09-28 20:00:00+00:00,2018-10-01 13:25:00+00:00,23,0.4782608695652174,0.5,0.0,0.4782608695652174,1.0,0.6470588235294118,1.0,0.0,1.0,0.4782608695652174,True,0.5,0.25
AAPL,1d:DNEWS_24H,PAPER_2G_L1LR,2018-10,"{""C"": 1.0}",183,2018-09-28 20:00:00+00:00,2018-10-01 13:25:00+00:00,23,0.4782608695652174,0.4810606060606061,-0.0381690510345287,0.46153846153846156,0.5454545454545454,0.5,0.5454545454545454,0.4166666666666667,0.5652173913043478,0.4782608695652174,False,0.5227272727272727,0.33099330095257046
AAPL,1d:DNEWS_24H,PAPER_2G_L1LR,2018-11,"{""C"": 0.01}",206,2018-10-31 20:00:00+00:00,2018-11-01 13:25:00+00:00,21,0.3333333333333333,0.5,0.0,0.3333333333333333,1.0,0.5,1.0,0.0,1.0,0.3333333333333333,True,0.5,0.25
AAPL,1d:DNEWS_24H,PAPER_2G_L1LR,2018-11,"{""C"": 0.1}",206,2018-10-31 20:00:00+00:00,2018-11-01 13:25:00+00:00,21,0.42857142857142855,0.5357142857142857,0.08574929257125442,0.35294117647058826,0.8571428571428571,0.5,0.8571428571428571,0.21428571428571427,0.8095238095238095,0.3333333333333333,False,0.6938775510204082,0.2494850722796777
AAPL,1d:DNEWS_24H,PAPER_2G_L1LR,2018-11,"{""C"": 1.0}",206,2018-10-31 20:00:00+00:00,2018-11-01 13:25:00+00:00,21,0.5238095238095238,0.6071428571428571,0.22360679774997896,0.4,0.8571428571428571,0.5454545454545454,0.8571428571428571,0.35714285714285715,0.7142857142857143,0.3333333333333333,False,0.7755102040816326,0.2682824848522132
AAPL,1d:DNEWS_24H,PAPER_2G_L1LR,2018-12,"{""C"": 0.01}",227,2018-11-30 21:00:00+00:00,2018-12-03 14:25:00+00:00,19,0.3157894736842105,0.5,0.0,0.3157894736842105,1.0,0.48,1.0,0.0,1.0,0.3157894736842105,True,0.5,0.25
AAPL,1d:DNEWS_24H,PAPER_2G_L1LR,2018-12,"{""C"": 0.1}",227,2018-11-30 21:00:00+00:00,2018-12-03 14:25:00+00:00,19,0.42105263157894735,0.35256410256410253,-0.28414557138675545,0.14285714285714285,0.16666666666666666,0.15384615384615385,0.16666666666666666,0.5384615384615384,0.3684210526315789,0.3157894736842105,False,0.16666666666666663,0.2587667830287918
AAPL,1d:DNEWS_24H,PAPER_2G_L1LR,2018-12,"{""C"": 1.0}",227,2018-11-30 21:00:00+00:00,2018-12-03 14:25:00+00:00,19,0.47368421052631576,0.4358974358974359,-0.1207011373963169,0.25,0.3333333333333333,0.2857142857142857,0.3333333333333333,0.5384615384615384,0.42105263157894735,0.3157894736842105,False,0.3846153846153846,0.399569075002819
AAPL,1d:DNEWS_24H,PAPER_2G_L1LR,2019-01,"{""C"": 0.01}",246,2018-12-31 21:00:00+00:00,2019-01-02 14:25:00+00:00,21,0.5238095238095238,0.5,0.0,0.5238095238095238,1.0,0.6875,1.0,0.0,1.0,0.5238095238095238,True,0.5,0.25
AAPL,1d:DNEWS_24H,PAPER_2G_L1LR,2019-01,"{""C"": 0.1}",246,2018-12-31 21:00:00+00:00,2019-01-02 14:25:00+00:00,21,0.42857142857142855,0.42272727272727273,-0.1589409883014377,0.46153846153846156,0.5454545454545454,0.5,0.5454545454545454,0.3,0.6190476190476191,0.5238095238095238,False,0.43636363636363634,0.2529943474411575
AAPL,1d:DNEWS_24H,PAPER_2G_L1LR,2019-01,"{""C"": 1.0}",246,2018-12-31 21:00:00+00:00,2019-01-02 14:25:00+00:00,21,0.47619047619047616,0.46818181818181814,-0.06741998624632421,0.5,0.6363636363636364,0.56,0.6363636363636364,0.3,0.6666666666666666,0.5238095238095238,False,0.5818181818181818,0.3011675796415425
AAPL,1d:DNEWS_24H,PAPER_2G_L1LR,2019-02,"{""C"": 0.01}",267,2019-01-31 21:00:00+00:00,2019-02-01 14:25:00+00:00,1,1.0,,,1.0,1.0,1.0,1.0,0.0,1.0,1.0,True,,0.25
AAPL,1d:DNEWS_24H,PAPER_2G_L1LR,2019-02,"{""C"": 0.1}",267,2019-01-31 21:00:00+00:00,2019-02-01 14:25:00+00:00,1,1.0,,,1.0,1.0,1.0,1.0,0.0,1.0,1.0,True,,0.25
AAPL,1d:DNEWS_24H,PAPER_2G_L1LR,2019-02,"{""C"": 1.0}",267,2019-01-31 21:00:00+00:00,2019-02-01 14:25:00+00:00,1,0.0,,,0.0,0.0,0.0,0.0,0.0,0.0,1.0,True,,0.8042681805684022
AAPL,1d:DNEWS_OVERNIGHT,PAPER_2G_L1LR,2018-03,"{""C"": 0.01}",35,2018-02-28 21:00:00+00:00,2018-03-01 14:25:00+00:00,21,0.38095238095238093,0.5,0.0,0.38095238095238093,1.0,0.5517241379310345,1.0,0.0,1.0,0.38095238095238093,True,0.5,0.25
AAPL,1d:DNEWS_OVERNIGHT,PAPER_2G_L1LR,2018-03,"{""C"": 0.1}",35,2018-02-28 21:00:00+00:00,2018-03-01 14:25:00+00:00,21,0.38095238095238093,0.5,0.0,0.38095238095238093,1.0,0.5517241379310345,1.0,0.0,1.0,0.38095238095238093,True,0.5,0.25
AAPL,1d:DNEWS_OVERNIGHT,PAPER_2G_L1LR,2018-03,"{""C"": 1.0}",35,2018-02-28 21:00:00+00:00,2018-03-01 14:25:00+00:00,21,0.47619047619047616,0.4567307692307692,-0.08492077756084468,0.3333333333333333,0.375,0.35294117647058826,0.375,0.5384615384615384,0.42857142857142855,0.38095238095238093,False,0.3653846153846154,0.35786850582985064
AAPL,1d:DNEWS_OVERNIGHT,PAPER_2G_L1LR,2018-04,"{""C"": 0.01}",56,2018-03-29 20:00:00+00:00,2018-04-02 13:25:00+00:00,21,0.5714285714285714,0.5,0.0,0.5714285714285714,1.0,0.7272727272727273,1.0,0.0,1.0,0.5714285714285714,True,0.5,0.25
AAPL,1d:DNEWS_OVERNIGHT,PAPER_2G_L1LR,2018-04,"{""C"": 0.1}",56,2018-03-29 20:00:00+00:00,2018-04-02 13:25:00+00:00,21,0.5714285714285714,0.5,0.0,0.5714285714285714,1.0,0.7272727272727273,1.0,0.0,1.0,0.5714285714285714,True,0.5,0.25
AAPL,1d:DNEWS_OVERNIGHT,PAPER_2G_L1LR,2018-04,"{""C"": 1.0}",56,2018-03-29 20:00:00+00:00,2018-04-02 13:25:00+00:00,21,0.42857142857142855,0.4444444444444444,-0.11322770341445958,0.5,0.3333333333333333,0.4,0.3333333333333333,0.5555555555555556,0.38095238095238093,0.5714285714285714,False,0.462962962962963,0.3184836982659909
AAPL,1d:DNEWS_OVERNIGHT,PAPER_2G_L1LR,2018-05,"{""C"": 0.01}",77,2018-04-30 20:00:00+00:00,2018-05-01 13:25:00+00:00,22,0.5,0.5,0.0,0.5,1.0,0.6666666666666666,1.0,0.0,1.0,0.5,True,0.5,0.25
AAPL,1d:DNEWS_OVERNIGHT,PAPER_2G_L1LR,2018-05,"{""C"": 0.1}",77,2018-04-30 20:00:00+00:00,2018-05-01 13:25:00+00:00,22,0.5,0.5,0.0,0.5,1.0,0.6666666666666666,1.0,0.0,1.0,0.5,True,0.5,0.25
AAPL,1d:DNEWS_OVERNIGHT,PAPER_2G_L1LR,2018-05,"{""C"": 1.0}",77,2018-04-30 20:00:00+00:00,2018-05-01 13:25:00+00:00,22,0.5454545454545454,0.5454545454545454,0.09759000729485331,0.5714285714285714,0.36363636363636365,0.4444444444444444,0.36363636363636365,0.7272727272727273,0.3181818181818182,0.5,False,0.4380165289256198,0.3436492505241095
AAPL,1d:DNEWS_OVERNIGHT,PAPER_2G_L1LR,2018-06,"{""C"": 0.01}",99,2018-05-31 20:00:00+00:00,2018-06-01 13:25:00+00:00,21,0.38095238095238093,0.5,0.0,0.38095238095238093,1.0,0.5517241379310345,1.0,0.0,1.0,0.38095238095238093,True,0.5,0.25
AAPL,1d:DNEWS_OVERNIGHT,PAPER_2G_L1LR,2018-06,"{""C"": 0.1}",99,2018-05-31 20:00:00+00:00,2018-06-01 13:25:00+00:00,21,0.38095238095238093,0.5,0.0,0.38095238095238093,1.0,0.5517241379310345,1.0,0.0,1.0,0.38095238095238093,True,0.5,0.25
AAPL,1d:DNEWS_OVERNIGHT,PAPER_2G_L1LR,2018-06,"{""C"": 1.0}",99,2018-05-31 20:00:00+00:00,2018-06-01 13:25:00+00:00,21,0.47619047619047616,0.40865384615384615,-0.20830127958541944,0.2,0.125,0.15384615384615385,0.125,0.6923076923076923,0.23809523809523808,0.38095238095238093,False,0.45192307692307687,0.3434644170634505
AAPL,1d:DNEWS_OVERNIGHT,PAPER_2G_L1LR,2018-07,"{""C"": 0.01}",120,2018-06-29 20:00:00+00:00,2018-07-02 13:25:00+00:00,21,0.6190476190476191,0.5,0.0,0.6190476190476191,1.0,0.7647058823529411,1.0,0.0,1.0,0.6190476190476191,True,0.5,0.25
AAPL,1d:DNEWS_OVERNIGHT,PAPER_2G_L1LR,2018-07,"{""C"": 0.1}",120,2018-06-29 20:00:00+00:00,2018-07-02 13:25:00+00:00,21,0.5714285714285714,0.5817307692307692,0.1589409883014377,0.7,0.5384615384615384,0.6086956521739131,0.5384615384615384,0.625,0.47619047619047616,0.6190476190476191,False,0.5817307692307692,0.2504411704354237
AAPL,1d:DNEWS_OVERNIGHT,PAPER_2G_L1LR,2018-07,"{""C"": 1.0}",120,2018-06-29 20:00:00+00:00,2018-07-02 13:25:00+00:00,21,0.5238095238095238,0.5913461538461539,0.20830127958541944,0.8,0.3076923076923077,0.4444444444444444,0.3076923076923077,0.875,0.23809523809523808,0.6190476190476191,False,0.625,0.2800146084362853
AAPL,1d:DNEWS_OVERNIGHT,PAPER_2G_L1LR,2018-08,"{""C"": 0.01}",141,2018-07-31 20:00:00+00:00,2018-08-01 13:25:00+00:00,23,0.7391304347826086,0.5,0.0,0.7391304347826086,1.0,0.85,1.0,0.0,1.0,0.7391304347826086,True,0.5,0.25
AAPL,1d:DNEWS_OVERNIGHT,PAPER_2G_L1LR,2018-08,"{""C"": 0.1}",141,2018-07-31 20:00:00+00:00,2018-08-01 13:25:00+00:00,23,0.7391304347826086,0.5,0.0,0.7391304347826086,1.0,0.85,1.0,0.0,1.0,0.7391304347826086,True,0.5,0.25
AAPL,1d:DNEWS_OVERNIGHT,PAPER_2G_L1LR,2018-08,"{""C"": 1.0}",141,2018-07-31 20:00:00+00:00,2018-08-01 13:25:00+00:00,23,0.5652173913043478,0.5441176470588236,0.07815751585783592,0.7692307692307693,0.5882352941176471,0.6666666666666666,0.5882352941176471,0.5,0.5652173913043478,0.7391304347826086,False,0.48039215686274517,0.2993048590034804
AAPL,1d:DNEWS_OVERNIGHT,PAPER_2G_L1LR,2018-09,"{""C"": 0.01}",164,2018-08-31 20:00:00+00:00,2018-09-04 13:25:00+00:00,19,0.47368421052631576,0.5,0.0,0.47368421052631576,1.0,0.6428571428571429,1.0,0.0,1.0,0.47368421052631576,True,0.5,0.25
AAPL,1d:DNEWS_OVERNIGHT,PAPER_2G_L1LR,2018-09,"{""C"": 0.1}",164,2018-08-31 20:00:00+00:00,2018-09-04 13:25:00+00:00,19,0.47368421052631576,0.5,0.0,0.47368421052631576,1.0,0.6428571428571429,1.0,0.0,1.0,0.47368421052631576,True,0.4888888888888888,0.2504674384373623
AAPL,1d:DNEWS_OVERNIGHT,PAPER_2G_L1LR,2018-09,"{""C"": 1.0}",164,2018-08-31 20:00:00+00:00,2018-09-04 13:25:00+00:00,19,0.42105263157894735,0.4222222222222222,-0.15555555555555556,0.4,0.4444444444444444,0.42105263157894735,0.4444444444444444,0.4,0.5263157894736842,0.47368421052631576,False,0.5777777777777777,0.29549954868399675
AAPL,1d:DNEWS_OVERNIGHT,PAPER_2G_L1LR,2018-10,"{""C"": 0.01}",183,2018-09-28 20:00:00+00:00,2018-10-01 13:25:00+00:00,23,0.4782608695652174,0.5,0.0,0.4782608695652174,1.0,0.6470588235294118,1.0,0.0,1.0,0.4782608695652174,True,0.5,0.25
AAPL,1d:DNEWS_OVERNIGHT,PAPER_2G_L1LR,2018-10,"{""C"": 0.1}",183,2018-09-28 20:00:00+00:00,2018-10-01 13:25:00+00:00,23,0.6521739130434783,0.6553030303030303,0.31298621848313535,0.6153846153846154,0.7272727272727273,0.6666666666666666,0.7272727272727273,0.5833333333333334,0.5652173913043478,0.4782608695652174,False,0.6666666666666666,0.24556138271550915
AAPL,1d:DNEWS_OVERNIGHT,PAPER_2G_L1LR,2018-10,"{""C"": 1.0}",183,2018-09-28 20:00:00+00:00,2018-10-01 13:25:00+00:00,23,0.6086956521739131,0.6136363636363636,0.2326210525996177,0.5714285714285714,0.7272727272727273,0.64,0.7272727272727273,0.5,0.6086956521739131,0.4782608695652174,False,0.6212121212121212,0.2643287855380173
AAPL,1d:DNEWS_OVERNIGHT,PAPER_2G_L1LR,2018-11,"{""C"": 0.01}",206,2018-10-31 20:00:00+00:00,2018-11-01 13:25:00+00:00,21,0.3333333333333333,0.5,0.0,0.3333333333333333,1.0,0.5,1.0,0.0,1.0,0.3333333333333333,True,0.5,0.25
AAPL,1d:DNEWS_OVERNIGHT,PAPER_2G_L1LR,2018-11,"{""C"": 0.1}",206,2018-10-31 20:00:00+00:00,2018-11-01 13:25:00+00:00,21,0.42857142857142855,0.5357142857142857,0.08574929257125442,0.35294117647058826,0.8571428571428571,0.5,0.8571428571428571,0.21428571428571427,0.8095238095238095,0.3333333333333333,False,0.5357142857142857,0.2633812190148935
AAPL,1d:DNEWS_OVERNIGHT,PAPER_2G_L1LR,2018-11,"{""C"": 1.0}",206,2018-10-31 20:00:00+00:00,2018-11-01 13:25:00+00:00,21,0.3333333333333333,0.4285714285714286,-0.17149858514250885,0.29411764705882354,0.7142857142857143,0.4166666666666667,0.7142857142857143,0.14285714285714285,0.8095238095238095,0.3333333333333333,False,0.4183673469387755,0.4159340698567518
AAPL,1d:DNEWS_OVERNIGHT,PAPER_2G_L1LR,2018-12,"{""C"": 0.01}",227,2018-11-30 21:00:00+00:00,2018-12-03 14:25:00+00:00,19,0.3157894736842105,0.5,0.0,0.3157894736842105,1.0,0.48,1.0,0.0,1.0,0.3157894736842105,True,0.5,0.25
AAPL,1d:DNEWS_OVERNIGHT,PAPER_2G_L1LR,2018-12,"{""C"": 0.1}",227,2018-11-30 21:00:00+00:00,2018-12-03 14:25:00+00:00,19,0.42105263157894735,0.3076923076923077,-0.40599897147057507,0.0,0.0,0.0,0.0,0.6153846153846154,0.2631578947368421,0.3157894736842105,False,0.17948717948717946,0.25785505697312006
AAPL,1d:DNEWS_OVERNIGHT,PAPER_2G_L1LR,2018-12,"{""C"": 1.0}",227,2018-11-30 21:00:00+00:00,2018-12-03 14:25:00+00:00,19,0.5789473684210527,0.46794871794871795,-0.07308816827558576,0.25,0.16666666666666666,0.2,0.16666666666666666,0.7692307692307693,0.21052631578947367,0.3157894736842105,False,0.2564102564102564,0.36574916145015185
AAPL,1d:DNEWS_OVERNIGHT,PAPER_2G_L1LR,2019-01,"{""C"": 0.01}",246,2018-12-31 21:00:00+00:00,2019-01-02 14:25:00+00:00,21,0.5238095238095238,0.5,0.0,0.5238095238095238,1.0,0.6875,1.0,0.0,1.0,0.5238095238095238,True,0.5,0.25
AAPL,1d:DNEWS_OVERNIGHT,PAPER_2G_L1LR,2019-01,"{""C"": 0.1}",246,2018-12-31 21:00:00+00:00,2019-01-02 14:25:00+00:00,21,0.6190476190476191,0.6318181818181818,0.3091410387156351,0.8,0.36363636363636365,0.5,0.36363636363636365,0.9,0.23809523809523808,0.5238095238095238,False,0.5818181818181819,0.24936575809087178
AAPL,1d:DNEWS_OVERNIGHT,PAPER_2G_L1LR,2019-01,"{""C"": 1.0}",246,2018-12-31 21:00:00+00:00,2019-01-02 14:25:00+00:00,21,0.42857142857142855,0.42727272727272725,-0.14545454545454545,0.45454545454545453,0.45454545454545453,0.45454545454545453,0.45454545454545453,0.4,0.5238095238095238,0.5238095238095238,False,0.5454545454545454,0.3328517297751557
AAPL,1d:DNEWS_OVERNIGHT,PAPER_2G_L1LR,2019-02,"{""C"": 0.01}",267,2019-01-31 21:00:00+00:00,2019-02-01 14:25:00+00:00,1,1.0,,,1.0,1.0,1.0,1.0,0.0,1.0,1.0,True,,0.25
AAPL,1d:DNEWS_OVERNIGHT,PAPER_2G_L1LR,2019-02,"{""C"": 0.1}",267,2019-01-31 21:00:00+00:00,2019-02-01 14:25:00+00:00,1,0.0,,,0.0,0.0,0.0,0.0,0.0,0.0,1.0,True,,0.30610280860421474
AAPL,1d:DNEWS_OVERNIGHT,PAPER_2G_L1LR,2019-02,"{""C"": 1.0}",267,2019-01-31 21:00:00+00:00,2019-02-01 14:25:00+00:00,1,1.0,,,1.0,1.0,1.0,1.0,0.0,1.0,1.0,True,,0.1525117823376215
AMZN,1d:DNEWS_24H,PAPER_2G_L1LR,2018-03,"{""C"": 0.01}",35,2018-02-28 21:00:00+00:00,2018-03-01 14:25:00+00:00,21,0.42857142857142855,0.5,0.0,0.42857142857142855,1.0,0.6,1.0,0.0,1.0,0.42857142857142855,True,0.5555555555555556,0.24932944606413993
AMZN,1d:DNEWS_24H,PAPER_2G_L1LR,2018-03,"{""C"": 0.1}",35,2018-02-28 21:00:00+00:00,2018-03-01 14:25:00+00:00,21,0.42857142857142855,0.5,0.0,0.42857142857142855,1.0,0.6,1.0,0.0,1.0,0.42857142857142855,True,0.5555555555555556,0.24932944606413993
AMZN,1d:DNEWS_24H,PAPER_2G_L1LR,2018-03,"{""C"": 1.0}",35,2018-02-28 21:00:00+00:00,2018-03-01 14:25:00+00:00,21,0.42857142857142855,0.4444444444444444,-0.11322770341445958,0.38461538461538464,0.5555555555555556,0.45454545454545453,0.5555555555555556,0.3333333333333333,0.6190476190476191,0.42857142857142855,False,0.42592592592592593,0.310541626078357
AMZN,1d:DNEWS_24H,PAPER_2G_L1LR,2018-04,"{""C"": 0.01}",56,2018-03-29 20:00:00+00:00,2018-04-02 13:25:00+00:00,21,0.5238095238095238,0.5045454545454545,0.015467205622243648,0.5263157894736842,0.9090909090909091,0.6666666666666666,0.9090909090909091,0.1,0.9047619047619048,0.5238095238095238,False,0.5045454545454545,0.2500303692905734
AMZN,1d:DNEWS_24H,PAPER_2G_L1LR,2018-04,"{""C"": 0.1}",56,2018-03-29 20:00:00+00:00,2018-04-02 13:25:00+00:00,21,0.5238095238095238,0.5045454545454545,0.015467205622243648,0.5263157894736842,0.9090909090909091,0.6666666666666666,0.9090909090909091,0.1,0.9047619047619048,0.5238095238095238,False,0.5045454545454545,0.2500303692905734
AMZN,1d:DNEWS_24H,PAPER_2G_L1LR,2018-04,"{""C"": 1.0}",56,2018-03-29 20:00:00+00:00,2018-04-02 13:25:00+00:00,21,0.5238095238095238,0.5318181818181817,0.06741998624632421,0.5714285714285714,0.36363636363636365,0.4444444444444444,0.36363636363636365,0.7,0.3333333333333333,0.5238095238095238,False,0.48636363636363633,0.28706155065573685
AMZN,1d:DNEWS_24H,PAPER_2G_L1LR,2018-05,"{""C"": 0.01}",77,2018-04-30 20:00:00+00:00,2018-05-01 13:25:00+00:00,22,0.5454545454545454,0.5083333333333333,0.028867513459481284,0.55,0.9166666666666666,0.6875,0.9166666666666666,0.1,0.9090909090909091,0.5454545454545454,False,0.5083333333333333,0.2500038332387801
AMZN,1d:DNEWS_24H,PAPER_2G_L1LR,2018-05,"{""C"": 0.1}",77,2018-04-30 20:00:00+00:00,2018-05-01 13:25:00+00:00,22,0.5454545454545454,0.5083333333333333,0.028867513459481284,0.55,0.9166666666666666,0.6875,0.9166666666666666,0.1,0.9090909090909091,0.5454545454545454,False,0.5083333333333333,0.2500038332387801
AMZN,1d:DNEWS_24H,PAPER_2G_L1LR,2018-05,"{""C"": 1.0}",77,2018-04-30 20:00:00+00:00,2018-05-01 13:25:00+00:00,22,0.5454545454545454,0.5416666666666667,0.08333333333333333,0.5833333333333334,0.5833333333333334,0.5833333333333334,0.5833333333333334,0.5,0.5454545454545454,0.5454545454545454,False,0.5541666666666667,0.25512722380865477
AMZN,1d:DNEWS_24H,PAPER_2G_L1LR,2018-06,"{""C"": 0.01}",99,2018-05-31 20:00:00+00:00,2018-06-01 13:25:00+00:00,21,0.5714285714285714,0.5,0.0,0.5714285714285714,1.0,0.7272727272727273,1.0,0.0,1.0,0.5714285714285714,True,0.48611111111111105,0.25000242929535854
AMZN,1d:DNEWS_24H,PAPER_2G_L1LR,2018-06,"{""C"": 0.1}",99,2018-05-31 20:00:00+00:00,2018-06-01 13:25:00+00:00,21,0.5714285714285714,0.5,0.0,0.5714285714285714,1.0,0.7272727272727273,1.0,0.0,1.0,0.5714285714285714,True,0.48611111111111105,0.25000242929535854
AMZN,1d:DNEWS_24H,PAPER_2G_L1LR,2018-06,"{""C"": 1.0}",99,2018-05-31 20:00:00+00:00,2018-06-01 13:25:00+00:00,21,0.6666666666666666,0.6527777777777778,0.31137618438976383,0.6923076923076923,0.75,0.72,0.75,0.5555555555555556,0.6190476190476191,0.5714285714285714,False,0.7083333333333334,0.21556966784934803
AMZN,1d:DNEWS_24H,PAPER_2G_L1LR,2018-07,"{""C"": 0.01}",120,2018-06-29 20:00:00+00:00,2018-07-02 13:25:00+00:00,21,0.47619047619047616,0.5,0.0,0.47619047619047616,1.0,0.6451612903225806,1.0,0.0,1.0,0.47619047619047616,True,0.4681818181818182,0.2508862433862434
AMZN,1d:DNEWS_24H,PAPER_2G_L1LR,2018-07,"{""C"": 0.1}",120,2018-06-29 20:00:00+00:00,2018-07-02 13:25:00+00:00,21,0.47619047619047616,0.5,0.0,0.47619047619047616,1.0,0.6451612903225806,1.0,0.0,1.0,0.47619047619047616,True,0.4681818181818182,0.2508862433862434
AMZN,1d:DNEWS_24H,PAPER_2G_L1LR,2018-07,"{""C"": 1.0}",120,2018-06-29 20:00:00+00:00,2018-07-02 13:25:00+00:00,21,0.42857142857142855,0.4318181818181818,-0.13762047064079508,0.4166666666666667,0.5,0.45454545454545453,0.5,0.36363636363636365,0.5714285714285714,0.47619047619047616,False,0.4181818181818182,0.3041800797970161
AMZN,1d:DNEWS_24H,PAPER_2G_L1LR,2018-08,"{""C"": 0.01}",141,2018-07-31 20:00:00+00:00,2018-08-01 13:25:00+00:00,23,0.6086956521739131,0.5,0.0,0.6086956521739131,1.0,0.7567567567567568,1.0,0.0,1.0,0.6086956521739131,True,0.6785714285714286,0.24771192945853918
AMZN,1d:DNEWS_24H,PAPER_2G_L1LR,2018-08,"{""C"": 0.1}",141,2018-07-31 20:00:00+00:00,2018-08-01 13:25:00+00:00,23,0.6086956521739131,0.5,0.0,0.6086956521739131,1.0,0.7567567567567568,1.0,0.0,1.0,0.6086956521739131,True,0.6785714285714286,0.24771192945853918
AMZN,1d:DNEWS_24H,PAPER_2G_L1LR,2018-08,"{""C"": 1.0}",141,2018-07-31 20:00:00+00:00,2018-08-01 13:25:00+00:00,23,0.5652173913043478,0.5238095238095238,0.05050762722761054,0.625,0.7142857142857143,0.6666666666666666,0.7142857142857143,0.3333333333333333,0.6956521739130435,0.6086956521739131,False,0.4920634920634921,0.315316140875993
AMZN,1d:DNEWS_24H,PAPER_2G_L1LR,2018-09,"{""C"": 0.01}",164,2018-08-31 20:00:00+00:00,2018-09-04 13:25:00+00:00,19,0.47368421052631576,0.5,0.0,0.47368421052631576,1.0,0.6428571428571429,1.0,0.0,1.0,0.47368421052631576,True,0.5,0.25
AMZN,1d:DNEWS_24H,PAPER_2G_L1LR,2018-09,"{""C"": 0.1}",164,2018-08-31 20:00:00+00:00,2018-09-04 13:25:00+00:00,19,0.47368421052631576,0.5,0.0,0.47368421052631576,1.0,0.6428571428571429,1.0,0.0,1.0,0.47368421052631576,True,0.5,0.25
AMZN,1d:DNEWS_24H,PAPER_2G_L1LR,2018-09,"{""C"": 1.0}",164,2018-08-31 20:00:00+00:00,2018-09-04 13:25:00+00:00,19,0.47368421052631576,0.4666666666666667,-0.06900655593423542,0.42857142857142855,0.3333333333333333,0.375,0.3333333333333333,0.6,0.3684210526315789,0.47368421052631576,False,0.3888888888888889,0.3466791059094477
AMZN,1d:DNEWS_24H,PAPER_2G_L1LR,2018-10,"{""C"": 0.01}",183,2018-09-28 20:00:00+00:00,2018-10-01 13:25:00+00:00,23,0.391304347826087,0.5,0.0,0.391304347826087,1.0,0.5625,1.0,0.0,1.0,0.391304347826087,True,0.39285714285714285,0.2525423662799076
AMZN,1d:DNEWS_24H,PAPER_2G_L1LR,2018-10,"{""C"": 0.1}",183,2018-09-28 20:00:00+00:00,2018-10-01 13:25:00+00:00,23,0.391304347826087,0.5,0.0,0.391304347826087,1.0,0.5625,1.0,0.0,1.0,0.391304347826087,True,0.39285714285714285,0.2525423662799076
AMZN,1d:DNEWS_24H,PAPER_2G_L1LR,2018-10,"{""C"": 1.0}",183,2018-09-28 20:00:00+00:00,2018-10-01 13:25:00+00:00,23,0.4782608695652174,0.4722222222222222,-0.054278245606577465,0.36363636363636365,0.4444444444444444,0.4,0.4444444444444444,0.5,0.4782608695652174,0.391304347826087,False,0.5833333333333334,0.24404504157843357
AMZN,1d:DNEWS_24H,PAPER_2G_L1LR,2018-11,"{""C"": 0.01}",206,2018-10-31 20:00:00+00:00,2018-11-01 13:25:00+00:00,21,0.5238095238095238,0.5,0.0,0.5238095238095238,1.0,0.6875,1.0,0.0,1.0,0.5238095238095238,True,0.4,0.2504645651266445
AMZN,1d:DNEWS_24H,PAPER_2G_L1LR,2018-11,"{""C"": 0.1}",206,2018-10-31 20:00:00+00:00,2018-11-01 13:25:00+00:00,21,0.5238095238095238,0.5,0.0,0.5238095238095238,1.0,0.6875,1.0,0.0,1.0,0.5238095238095238,True,0.4,0.2504645651266445
AMZN,1d:DNEWS_24H,PAPER_2G_L1LR,2018-11,"{""C"": 1.0}",206,2018-10-31 20:00:00+00:00,2018-11-01 13:25:00+00:00,21,0.2857142857142857,0.2909090909090909,-0.4300756154038903,0.25,0.18181818181818182,0.21052631578947367,0.18181818181818182,0.4,0.38095238095238093,0.5238095238095238,False,0.3772727272727273,0.36036696023102927
AMZN,1d:DNEWS_24H,PAPER_2G_L1LR,2018-12,"{""C"": 0.01}",227,2018-11-30 21:00:00+00:00,2018-12-03 14:25:00+00:00,19,0.3684210526315789,0.5,0.0,0.3684210526315789,1.0,0.5384615384615384,1.0,0.0,1.0,0.3684210526315789,True,0.5297619047619047,0.25000459628762955
AMZN,1d:DNEWS_24H,PAPER_2G_L1LR,2018-12,"{""C"": 0.1}",227,2018-11-30 21:00:00+00:00,2018-12-03 14:25:00+00:00,19,0.3684210526315789,0.5,0.0,0.3684210526315789,1.0,0.5384615384615384,1.0,0.0,1.0,0.3684210526315789,True,0.5297619047619047,0.25000459628762955
AMZN,1d:DNEWS_24H,PAPER_2G_L1LR,2018-12,"{""C"": 1.0}",227,2018-11-30 21:00:00+00:00,2018-12-03 14:25:00+00:00,19,0.3684210526315789,0.4107142857142857,-0.18531232916527532,0.3076923076923077,0.5714285714285714,0.4,0.5714285714285714,0.25,0.6842105263157895,0.3684210526315789,False,0.38690476190476186,0.3381349177359482
AMZN,1d:DNEWS_24H,PAPER_2G_L1LR,2019-01,"{""C"": 0.01}",246,2018-12-31 21:00:00+00:00,2019-01-02 14:25:00+00:00,21,0.5714285714285714,0.5545454545454546,0.1556997888323046,0.5555555555555556,0.9090909090909091,0.6896551724137931,0.9090909090909091,0.2,0.8571428571428571,0.5238095238095238,False,0.5545454545454545,0.24980878728647912
AMZN,1d:DNEWS_24H,PAPER_2G_L1LR,2019-01,"{""C"": 0.1}",246,2018-12-31 21:00:00+00:00,2019-01-02 14:25:00+00:00,21,0.5714285714285714,0.5545454545454546,0.1556997888323046,0.5555555555555556,0.9090909090909091,0.6896551724137931,0.9090909090909091,0.2,0.8571428571428571,0.5238095238095238,False,0.5545454545454545,0.24980878728647912
AMZN,1d:DNEWS_24H,PAPER_2G_L1LR,2019-01,"{""C"": 1.0}",246,2018-12-31 21:00:00+00:00,2019-01-02 14:25:00+00:00,21,0.6190476190476191,0.6181818181818182,0.23636363636363636,0.6363636363636364,0.6363636363636364,0.6363636363636364,0.6363636363636364,0.6,0.5238095238095238,0.5238095238095238,False,0.6363636363636364,0.2470235985258442
AMZN,1d:DNEWS_24H,PAPER_2G_L1LR,2019-02,"{""C"": 0.01}",267,2019-01-31 21:00:00+00:00,2019-02-01 14:25:00+00:00,1,0.0,,,0.0,0.0,0.0,0.0,0.0,1.0,0.0,True,,0.25
AMZN,1d:DNEWS_24H,PAPER_2G_L1LR,2019-02,"{""C"": 0.1}",267,2019-01-31 21:00:00+00:00,2019-02-01 14:25:00+00:00,1,0.0,,,0.0,0.0,0.0,0.0,0.0,1.0,0.0,True,,0.25
AMZN,1d:DNEWS_24H,PAPER_2G_L1LR,2019-02,"{""C"": 1.0}",267,2019-01-31 21:00:00+00:00,2019-02-01 14:25:00+00:00,1,1.0,,,0.0,0.0,0.0,0.0,1.0,0.0,0.0,True,,0.06232849909496176
AMZN,1d:DNEWS_OVERNIGHT,PAPER_2G_L1LR,2018-03,"{""C"": 0.01}",35,2018-02-28 21:00:00+00:00,2018-03-01 14:25:00+00:00,21,0.42857142857142855,0.5,0.0,0.42857142857142855,1.0,0.6,1.0,0.0,1.0,0.42857142857142855,True,0.5,0.25
AMZN,1d:DNEWS_OVERNIGHT,PAPER_2G_L1LR,2018-03,"{""C"": 0.1}",35,2018-02-28 21:00:00+00:00,2018-03-01 14:25:00+00:00,21,0.42857142857142855,0.5,0.0,0.42857142857142855,1.0,0.6,1.0,0.0,1.0,0.42857142857142855,True,0.5,0.25
AMZN,1d:DNEWS_OVERNIGHT,PAPER_2G_L1LR,2018-03,"{""C"": 1.0}",35,2018-02-28 21:00:00+00:00,2018-03-01 14:25:00+00:00,21,0.5714285714285714,0.5972222222222222,0.2041241452319315,0.5,0.7777777777777778,0.6086956521739131,0.7777777777777778,0.4166666666666667,0.6666666666666666,0.42857142857142855,False,0.6481481481481481,0.22860556604059296
AMZN,1d:DNEWS_OVERNIGHT,PAPER_2G_L1LR,2018-04,"{""C"": 0.01}",56,2018-03-29 20:00:00+00:00,2018-04-02 13:25:00+00:00,21,0.6190476190476191,0.6045454545454545,0.26593594178615615,0.5882352941176471,0.9090909090909091,0.7142857142857143,0.9090909090909091,0.3,0.8095238095238095,0.5238095238095238,False,0.6045454545454546,0.2483600583090379
AMZN,1d:DNEWS_OVERNIGHT,PAPER_2G_L1LR,2018-04,"{""C"": 0.1}",56,2018-03-29 20:00:00+00:00,2018-04-02 13:25:00+00:00,21,0.6190476190476191,0.6045454545454545,0.26593594178615615,0.5882352941176471,0.9090909090909091,0.7142857142857143,0.9090909090909091,0.3,0.8095238095238095,0.5238095238095238,False,0.6045454545454546,0.2483600583090379
AMZN,1d:DNEWS_OVERNIGHT,PAPER_2G_L1LR,2018-04,"{""C"": 1.0}",56,2018-03-29 20:00:00+00:00,2018-04-02 13:25:00+00:00,21,0.6190476190476191,0.6272727272727273,0.26967994498529685,0.7142857142857143,0.45454545454545453,0.5555555555555556,0.45454545454545453,0.8,0.3333333333333333,0.5238095238095238,False,0.5863636363636363,0.2676972258570868
AMZN,1d:DNEWS_OVERNIGHT,PAPER_2G_L1LR,2018-05,"{""C"": 0.01}",77,2018-04-30 20:00:00+00:00,2018-05-01 13:25:00+00:00,22,0.7272727272727273,0.7,0.5163977794943223,0.6666666666666666,1.0,0.8,1.0,0.4,0.8181818181818182,0.5454545454545454,False,0.7,0.24882702893328631
AMZN,1d:DNEWS_OVERNIGHT,PAPER_2G_L1LR,2018-05,"{""C"": 0.1}",77,2018-04-30 20:00:00+00:00,2018-05-01 13:25:00+00:00,22,0.7272727272727273,0.7,0.5163977794943223,0.6666666666666666,1.0,0.8,1.0,0.4,0.8181818181818182,0.5454545454545454,False,0.7,0.24882702893328631
AMZN,1d:DNEWS_OVERNIGHT,PAPER_2G_L1LR,2018-05,"{""C"": 1.0}",77,2018-04-30 20:00:00+00:00,2018-05-01 13:25:00+00:00,22,0.4090909090909091,0.425,-0.16035674514745463,0.42857142857142855,0.25,0.3157894736842105,0.25,0.6,0.3181818181818182,0.5454545454545454,False,0.32499999999999996,0.30858800393310915
AMZN,1d:DNEWS_OVERNIGHT,PAPER_2G_L1LR,2018-06,"{""C"": 0.01}",99,2018-05-31 20:00:00+00:00,2018-06-01 13:25:00+00:00,21,0.5714285714285714,0.5,0.0,0.5714285714285714,1.0,0.7272727272727273,1.0,0.0,1.0,0.5714285714285714,True,0.48611111111111105,0.25000242929535854
AMZN,1d:DNEWS_OVERNIGHT,PAPER_2G_L1LR,2018-06,"{""C"": 0.1}",99,2018-05-31 20:00:00+00:00,2018-06-01 13:25:00+00:00,21,0.5714285714285714,0.5,0.0,0.5714285714285714,1.0,0.7272727272727273,1.0,0.0,1.0,0.5714285714285714,True,0.48611111111111105,0.25000242929535854
AMZN,1d:DNEWS_OVERNIGHT,PAPER_2G_L1LR,2018-06,"{""C"": 1.0}",99,2018-05-31 20:00:00+00:00,2018-06-01 13:25:00+00:00,21,0.42857142857142855,0.41666666666666663,-0.16666666666666666,0.5,0.5,0.5,0.5,0.3333333333333333,0.5714285714285714,0.5714285714285714,False,0.48611111111111116,0.2893720163280563
AMZN,1d:DNEWS_OVERNIGHT,PAPER_2G_L1LR,2018-07,"{""C"": 0.01}",120,2018-06-29 20:00:00+00:00,2018-07-02 13:25:00+00:00,21,0.47619047619047616,0.5,0.0,0.47619047619047616,1.0,0.6451612903225806,1.0,0.0,1.0,0.47619047619047616,True,0.5136363636363637,0.25007936507936507
AMZN,1d:DNEWS_OVERNIGHT,PAPER_2G_L1LR,2018-07,"{""C"": 0.1}",120,2018-06-29 20:00:00+00:00,2018-07-02 13:25:00+00:00,21,0.47619047619047616,0.5,0.0,0.47619047619047616,1.0,0.6451612903225806,1.0,0.0,1.0,0.47619047619047616,True,0.5136363636363637,0.25007936507936507
AMZN,1d:DNEWS_OVERNIGHT,PAPER_2G_L1LR,2018-07,"{""C"": 1.0}",120,2018-06-29 20:00:00+00:00,2018-07-02 13:25:00+00:00,21,0.47619047619047616,0.4772727272727273,-0.045454545454545456,0.45454545454545453,0.5,0.47619047619047616,0.5,0.45454545454545453,0.5238095238095238,0.47619047619047616,False,0.4954545454545454,0.2852468944596291
AMZN,1d:DNEWS_OVERNIGHT,PAPER_2G_L1LR,2018-08,"{""C"": 0.01}",141,2018-07-31 20:00:00+00:00,2018-08-01 13:25:00+00:00,23,0.6086956521739131,0.5,0.0,0.6086956521739131,1.0,0.7567567567567568,1.0,0.0,1.0,0.6086956521739131,True,0.6071428571428571,0.24862715767512353
AMZN,1d:DNEWS_OVERNIGHT,PAPER_2G_L1LR,2018-08,"{""C"": 0.1}",141,2018-07-31 20:00:00+00:00,2018-08-01 13:25:00+00:00,23,0.6086956521739131,0.5,0.0,0.6086956521739131,1.0,0.7567567567567568,1.0,0.0,1.0,0.6086956521739131,True,0.6071428571428571,0.24862715767512353
AMZN,1d:DNEWS_OVERNIGHT,PAPER_2G_L1LR,2018-08,"{""C"": 1.0}",141,2018-07-31 20:00:00+00:00,2018-08-01 13:25:00+00:00,23,0.43478260869565216,0.41666666666666663,-0.1640825308284734,0.5384615384615384,0.5,0.5185185185185185,0.5,0.3333333333333333,0.5652173913043478,0.6086956521739131,False,0.3730158730158731,0.2959381718250898
AMZN,1d:DNEWS_OVERNIGHT,PAPER_2G_L1LR,2018-09,"{""C"": 0.01}",164,2018-08-31 20:00:00+00:00,2018-09-04 13:25:00+00:00,19,0.47368421052631576,0.5,0.0,0.47368421052631576,1.0,0.6428571428571429,1.0,0.0,1.0,0.47368421052631576,True,0.6111111111111112,0.247495225273177
AMZN,1d:DNEWS_OVERNIGHT,PAPER_2G_L1LR,2018-09,"{""C"": 0.1}",164,2018-08-31 20:00:00+00:00,2018-09-04 13:25:00+00:00,19,0.47368421052631576,0.5,0.0,0.47368421052631576,1.0,0.6428571428571429,1.0,0.0,1.0,0.47368421052631576,True,0.6111111111111112,0.247495225273177
AMZN,1d:DNEWS_OVERNIGHT,PAPER_2G_L1LR,2018-09,"{""C"": 1.0}",164,2018-08-31 20:00:00+00:00,2018-09-04 13:25:00+00:00,19,0.631578947368421,0.6277777777777778,0.2584432806109095,0.625,0.5555555555555556,0.5882352941176471,0.5555555555555556,0.7,0.42105263157894735,0.47368421052631576,False,0.7222222222222222,0.2181943332354367
AMZN,1d:DNEWS_OVERNIGHT,PAPER_2G_L1LR,2018-10,"{""C"": 0.01}",183,2018-09-28 20:00:00+00:00,2018-10-01 13:25:00+00:00,23,0.391304347826087,0.5,0.0,0.391304347826087,1.0,0.5625,1.0,0.0,1.0,0.391304347826087,True,0.39285714285714285,0.2525423662799076
AMZN,1d:DNEWS_OVERNIGHT,PAPER_2G_L1LR,2018-10,"{""C"": 0.1}",183,2018-09-28 20:00:00+00:00,2018-10-01 13:25:00+00:00,23,0.391304347826087,0.5,0.0,0.391304347826087,1.0,0.5625,1.0,0.0,1.0,0.391304347826087,True,0.39285714285714285,0.2525423662799076
AMZN,1d:DNEWS_OVERNIGHT,PAPER_2G_L1LR,2018-10,"{""C"": 1.0}",183,2018-09-28 20:00:00+00:00,2018-10-01 13:25:00+00:00,23,0.6521739130434783,0.6944444444444444,0.3984925297873177,0.5333333333333333,0.8888888888888888,0.6666666666666666,0.8888888888888888,0.5,0.6521739130434783,0.391304347826087,False,0.876984126984127,0.16326442283516526
AMZN,1d:DNEWS_OVERNIGHT,PAPER_2G_L1LR,2018-11,"{""C"": 0.01}",206,2018-10-31 20:00:00+00:00,2018-11-01 13:25:00+00:00,21,0.5238095238095238,0.5,0.0,0.5238095238095238,1.0,0.6875,1.0,0.0,1.0,0.5238095238095238,True,0.44545454545454544,0.25023452683929637
AMZN,1d:DNEWS_OVERNIGHT,PAPER_2G_L1LR,2018-11,"{""C"": 0.1}",206,2018-10-31 20:00:00+00:00,2018-11-01 13:25:00+00:00,21,0.5238095238095238,0.5,0.0,0.5238095238095238,1.0,0.6875,1.0,0.0,1.0,0.5238095238095238,True,0.44545454545454544,0.25023452683929637
AMZN,1d:DNEWS_OVERNIGHT,PAPER_2G_L1LR,2018-11,"{""C"": 1.0}",206,2018-10-31 20:00:00+00:00,2018-11-01 13:25:00+00:00,21,0.42857142857142855,0.42727272727272725,-0.14545454545454545,0.45454545454545453,0.45454545454545453,0.45454545454545453,0.45454545454545453,0.4,0.5238095238095238,0.5238095238095238,False,0.5181818181818182,0.2998117574371258
AMZN,1d:DNEWS_OVERNIGHT,PAPER_2G_L1LR,2018-12,"{""C"": 0.01}",227,2018-11-30 21:00:00+00:00,2018-12-03 14:25:00+00:00,19,0.3684210526315789,0.5,0.0,0.3684210526315789,1.0,0.5384615384615384,1.0,0.0,1.0,0.3684210526315789,True,0.4583333333333333,0.2503500839077842
AMZN,1d:DNEWS_OVERNIGHT,PAPER_2G_L1LR,2018-12,"{""C"": 0.1}",227,2018-11-30 21:00:00+00:00,2018-12-03 14:25:00+00:00,19,0.3684210526315789,0.5,0.0,0.3684210526315789,1.0,0.5384615384615384,1.0,0.0,1.0,0.3684210526315789,True,0.4583333333333333,0.2503500839077842
AMZN,1d:DNEWS_OVERNIGHT,PAPER_2G_L1LR,2018-12,"{""C"": 1.0}",227,2018-11-30 21:00:00+00:00,2018-12-03 14:25:00+00:00,19,0.47368421052631576,0.4642857142857143,-0.06900655593423542,0.3333333333333333,0.42857142857142855,0.375,0.42857142857142855,0.5,0.47368421052631576,0.3684210526315789,False,0.3928571428571429,0.34826643112161654
AMZN,1d:DNEWS_OVERNIGHT,PAPER_2G_L1LR,2019-01,"{""C"": 0.01}",246,2018-12-31 21:00:00+00:00,2019-01-02 14:25:00+00:00,21,0.5238095238095238,0.5090909090909091,0.023124864503144014,0.5294117647058824,0.8181818181818182,0.6428571428571429,0.8181818181818182,0.2,0.8095238095238095,0.5238095238095238,False,0.5090909090909091,0.25000314753437897
AMZN,1d:DNEWS_OVERNIGHT,PAPER_2G_L1LR,2019-01,"{""C"": 0.1}",246,2018-12-31 21:00:00+00:00,2019-01-02 14:25:00+00:00,21,0.5714285714285714,0.5636363636363637,0.13483997249264842,0.5714285714285714,0.7272727272727273,0.64,0.7272727272727273,0.4,0.6666666666666666,0.5238095238095238,False,0.5727272727272728,0.24903546367512114
AMZN,1d:DNEWS_OVERNIGHT,PAPER_2G_L1LR,2019-01,"{""C"": 1.0}",246,2018-12-31 21:00:00+00:00,2019-01-02 14:25:00+00:00,21,0.5714285714285714,0.5772727272727273,0.1589409883014377,0.625,0.45454545454545453,0.5263157894736842,0.45454545454545453,0.7,0.38095238095238093,0.5238095238095238,False,0.5909090909090909,0.2672261810794425
AMZN,1d:DNEWS_OVERNIGHT,PAPER_2G_L1LR,2019-02,"{""C"": 0.01}",267,2019-01-31 21:00:00+00:00,2019-02-01 14:25:00+00:00,1,1.0,,,0.0,0.0,0.0,0.0,1.0,0.0,0.0,True,,0.2481308476763596
AMZN,1d:DNEWS_OVERNIGHT,PAPER_2G_L1LR,2019-02,"{""C"": 0.1}",267,2019-01-31 21:00:00+00:00,2019-02-01 14:25:00+00:00,1,1.0,,,0.0,0.0,0.0,0.0,1.0,0.0,0.0,True,,0.2481308476763596
AMZN,1d:DNEWS_OVERNIGHT,PAPER_2G_L1LR,2019-02,"{""C"": 1.0}",267,2019-01-31 21:00:00+00:00,2019-02-01 14:25:00+00:00,1,1.0,,,0.0,0.0,0.0,0.0,1.0,0.0,0.0,True,,0.2481308476763596
AAPL,1d:DNEWS_24H,TFIDF_LR,2018-03,"{""C"": 0.01}",35,2018-02-28 21:00:00+00:00,2018-03-01 14:25:00+00:00,21,0.6190476190476191,0.5,0.0,0.0,0.0,0.0,0.0,1.0,0.0,0.38095238095238093,True,0.42307692307692313,0.24912823337708118
AAPL,1d:DNEWS_24H,TFIDF_LR,2018-03,"{""C"": 0.1}",35,2018-02-28 21:00:00+00:00,2018-03-01 14:25:00+00:00,21,0.6190476190476191,0.5,0.0,0.0,0.0,0.0,0.0,1.0,0.0,0.38095238095238093,True,0.41346153846153844,0.2452856249061338
AAPL,1d:DNEWS_24H,TFIDF_LR,2018-03,"{""C"": 1.0}",35,2018-02-28 21:00:00+00:00,2018-03-01 14:25:00+00:00,21,0.6190476190476191,0.5,0.0,0.0,0.0,0.0,0.0,1.0,0.0,0.38095238095238093,True,0.3942307692307693,0.2410969255024774
AAPL,1d:DNEWS_24H,TFIDF_LR,2018-04,"{""C"": 0.01}",56,2018-03-29 20:00:00+00:00,2018-04-02 13:25:00+00:00,21,0.42857142857142855,0.5,0.0,0.0,0.0,0.0,0.0,1.0,0.0,0.5714285714285714,True,0.39814814814814814,0.25134762062846105
AAPL,1d:DNEWS_24H,TFIDF_LR,2018-04,"{""C"": 0.1}",56,2018-03-29 20:00:00+00:00,2018-04-02 13:25:00+00:00,21,0.42857142857142855,0.5,0.0,0.0,0.0,0.0,0.0,1.0,0.0,0.5714285714285714,True,0.38888888888888884,0.2577928221476438
AAPL,1d:DNEWS_24H,TFIDF_LR,2018-04,"{""C"": 1.0}",56,2018-03-29 20:00:00+00:00,2018-04-02 13:25:00+00:00,21,0.42857142857142855,0.5,0.0,0.0,0.0,0.0,0.0,1.0,0.0,0.5714285714285714,True,0.37962962962962965,0.2645672983959259
AAPL,1d:DNEWS_24H,TFIDF_LR,2018-05,"{""C"": 0.01}",77,2018-04-30 20:00:00+00:00,2018-05-01 13:25:00+00:00,22,0.5,0.5,0.0,0.0,0.0,0.0,0.0,1.0,0.0,0.5,True,0.48760330578512395,0.2500299027345445
AAPL,1d:DNEWS_24H,TFIDF_LR,2018-05,"{""C"": 0.1}",77,2018-04-30 20:00:00+00:00,2018-05-01 13:25:00+00:00,22,0.5,0.5,0.0,0.0,0.0,0.0,0.0,1.0,0.0,0.5,True,0.5041322314049588,0.2504844043160623
AAPL,1d:DNEWS_24H,TFIDF_LR,2018-05,"{""C"": 1.0}",77,2018-04-30 20:00:00+00:00,2018-05-01 13:25:00+00:00,22,0.5,0.5,0.0,0.0,0.0,0.0,0.0,1.0,0.0,0.5,True,0.5289256198347108,0.2511902830724316
AAPL,1d:DNEWS_24H,TFIDF_LR,2018-06,"{""C"": 0.01}",99,2018-05-31 20:00:00+00:00,2018-06-01 13:25:00+00:00,21,0.6190476190476191,0.5,0.0,0.0,0.0,0.0,0.0,1.0,0.0,0.38095238095238093,True,0.3269230769230769,0.2488425115039384
AAPL,1d:DNEWS_24H,TFIDF_LR,2018-06,"{""C"": 0.1}",99,2018-05-31 20:00:00+00:00,2018-06-01 13:25:00+00:00,21,0.6190476190476191,0.5,0.0,0.0,0.0,0.0,0.0,1.0,0.0,0.38095238095238093,True,0.34615384615384615,0.2462051541754499
AAPL,1d:DNEWS_24H,TFIDF_LR,2018-06,"{""C"": 1.0}",99,2018-05-31 20:00:00+00:00,2018-06-01 13:25:00+00:00,21,0.6190476190476191,0.5,0.0,0.0,0.0,0.0,0.0,1.0,0.0,0.38095238095238093,True,0.33653846153846156,0.24657131903294788
AAPL,1d:DNEWS_24H,TFIDF_LR,2018-07,"{""C"": 0.01}",120,2018-06-29 20:00:00+00:00,2018-07-02 13:25:00+00:00,21,0.38095238095238093,0.5,0.0,0.0,0.0,0.0,0.0,1.0,0.0,0.6190476190476191,True,0.4711538461538462,0.25238709332198805
AAPL,1d:DNEWS_24H,TFIDF_LR,2018-07,"{""C"": 0.1}",120,2018-06-29 20:00:00+00:00,2018-07-02 13:25:00+00:00,21,0.38095238095238093,0.5,0.0,0.0,0.0,0.0,0.0,1.0,0.0,0.6190476190476191,True,0.46153846153846156,0.25846795737165834
AAPL,1d:DNEWS_24H,TFIDF_LR,2018-07,"{""C"": 1.0}",120,2018-06-29 20:00:00+00:00,2018-07-02 13:25:00+00:00,21,0.38095238095238093,0.5,0.0,0.0,0.0,0.0,0.0,1.0,0.0,0.6190476190476191,True,0.45192307692307687,0.2619794243143521
AAPL,1d:DNEWS_24H,TFIDF_LR,2018-08,"{""C"": 0.01}",141,2018-07-31 20:00:00+00:00,2018-08-01 13:25:00+00:00,23,0.2608695652173913,0.5,0.0,0.0,0.0,0.0,0.0,1.0,0.0,0.7391304347826086,True,0.38235294117647056,0.25225815769228455
AAPL,1d:DNEWS_24H,TFIDF_LR,2018-08,"{""C"": 0.1}",141,2018-07-31 20:00:00+00:00,2018-08-01 13:25:00+00:00,23,0.2608695652173913,0.5,0.0,0.0,0.0,0.0,0.0,1.0,0.0,0.7391304347826086,True,0.43137254901960786,0.25683235847118285
AAPL,1d:DNEWS_24H,TFIDF_LR,2018-08,"{""C"": 1.0}",141,2018-07-31 20:00:00+00:00,2018-08-01 13:25:00+00:00,23,0.2608695652173913,0.5,0.0,0.0,0.0,0.0,0.0,1.0,0.0,0.7391304347826086,True,0.43137254901960786,0.258222556050017
AAPL,1d:DNEWS_24H,TFIDF_LR,2018-09,"{""C"": 0.01}",164,2018-08-31 20:00:00+00:00,2018-09-04 13:25:00+00:00,19,0.47368421052631576,0.5,0.0,0.47368421052631576,1.0,0.6428571428571429,1.0,0.0,1.0,0.47368421052631576,True,0.6222222222222222,0.2502960980651113
AAPL,1d:DNEWS_24H,TFIDF_LR,2018-09,"{""C"": 0.1}",164,2018-08-31 20:00:00+00:00,2018-09-04 13:25:00+00:00,19,0.47368421052631576,0.5,0.0,0.47368421052631576,1.0,0.6428571428571429,1.0,0.0,1.0,0.47368421052631576,True,0.6444444444444445,0.2509258272226371
AAPL,1d:DNEWS_24H,TFIDF_LR,2018-09,"{""C"": 1.0}",164,2018-08-31 20:00:00+00:00,2018-09-04 13:25:00+00:00,19,0.47368421052631576,0.5,0.0,0.47368421052631576,1.0,0.6428571428571429,1.0,0.0,1.0,0.47368421052631576,True,0.6333333333333333,0.25102539465140106
AAPL,1d:DNEWS_24H,TFIDF_LR,2018-10,"{""C"": 0.01}",183,2018-09-28 20:00:00+00:00,2018-10-01 13:25:00+00:00,23,0.4782608695652174,0.5,0.0,0.4782608695652174,1.0,0.6470588235294118,1.0,0.0,1.0,0.4782608695652174,True,0.6136363636363635,0.25020123093342883
AAPL,1d:DNEWS_24H,TFIDF_LR,2018-10,"{""C"": 0.1}",183,2018-09-28 20:00:00+00:00,2018-10-01 13:25:00+00:00,23,0.4782608695652174,0.5,0.0,0.4782608695652174,1.0,0.6470588235294118,1.0,0.0,1.0,0.4782608695652174,True,0.5984848484848485,0.25061011400205846
AAPL,1d:DNEWS_24H,TFIDF_LR,2018-10,"{""C"": 1.0}",183,2018-09-28 20:00:00+00:00,2018-10-01 13:25:00+00:00,23,0.4782608695652174,0.5,0.0,0.4782608695652174,1.0,0.6470588235294118,1.0,0.0,1.0,0.4782608695652174,True,0.5909090909090908,0.2508999940957305
AAPL,1d:DNEWS_24H,TFIDF_LR,2018-11,"{""C"": 0.01}",206,2018-10-31 20:00:00+00:00,2018-11-01 13:25:00+00:00,21,0.3333333333333333,0.5,0.0,0.3333333333333333,1.0,0.5,1.0,0.0,1.0,0.3333333333333333,True,0.673469387755102,0.25113820833696193
AAPL,1d:DNEWS_24H,TFIDF_LR,2018-11,"{""C"": 0.1}",206,2018-10-31 20:00:00+00:00,2018-11-01 13:25:00+00:00,21,0.3333333333333333,0.5,0.0,0.3333333333333333,1.0,0.5,1.0,0.0,1.0,0.3333333333333333,True,0.6632653061224489,0.2530022052606302
AAPL,1d:DNEWS_24H,TFIDF_LR,2018-11,"{""C"": 1.0}",206,2018-10-31 20:00:00+00:00,2018-11-01 13:25:00+00:00,21,0.3333333333333333,0.5,0.0,0.3333333333333333,1.0,0.5,1.0,0.0,1.0,0.3333333333333333,True,0.673469387755102,0.2555072876030532
AAPL,1d:DNEWS_24H,TFIDF_LR,2018-12,"{""C"": 0.01}",227,2018-11-30 21:00:00+00:00,2018-12-03 14:25:00+00:00,19,0.6842105263157895,0.5,0.0,0.0,0.0,0.0,0.0,1.0,0.0,0.3157894736842105,True,0.3205128205128205,0.24916713888698983
AAPL,1d:DNEWS_24H,TFIDF_LR,2018-12,"{""C"": 0.1}",227,2018-11-30 21:00:00+00:00,2018-12-03 14:25:00+00:00,19,0.6842105263157895,0.5,0.0,0.0,0.0,0.0,0.0,1.0,0.0,0.3157894736842105,True,0.30769230769230765,0.24830900821232404
AAPL,1d:DNEWS_24H,TFIDF_LR,2018-12,"{""C"": 1.0}",227,2018-11-30 21:00:00+00:00,2018-12-03 14:25:00+00:00,19,0.3684210526315789,0.3141025641025641,-0.35003329844931896,0.125,0.16666666666666666,0.14285714285714285,0.16666666666666666,0.46153846153846156,0.42105263157894735,0.3157894736842105,False,0.30769230769230765,0.25074432536097235
AAPL,1d:DNEWS_24H,TFIDF_LR,2019-01,"{""C"": 0.01}",246,2018-12-31 21:00:00+00:00,2019-01-02 14:25:00+00:00,21,0.47619047619047616,0.5,0.0,0.0,0.0,0.0,0.0,1.0,0.0,0.5238095238095238,True,0.7272727272727273,0.2504046756679311
AAPL,1d:DNEWS_24H,TFIDF_LR,2019-01,"{""C"": 0.1}",246,2018-12-31 21:00:00+00:00,2019-01-02 14:25:00+00:00,21,0.47619047619047616,0.5,0.0,0.0,0.0,0.0,0.0,1.0,0.0,0.5238095238095238,True,0.7454545454545455,0.2508718111651806
AAPL,1d:DNEWS_24H,TFIDF_LR,2019-01,"{""C"": 1.0}",246,2018-12-31 21:00:00+00:00,2019-01-02 14:25:00+00:00,21,0.47619047619047616,0.5,0.0,0.0,0.0,0.0,0.0,1.0,0.0,0.5238095238095238,True,0.7454545454545455,0.24886832143602278
AAPL,1d:DNEWS_24H,TFIDF_LR,2019-02,"{""C"": 0.01}",267,2019-01-31 21:00:00+00:00,2019-02-01 14:25:00+00:00,1,0.0,,,0.0,0.0,0.0,0.0,0.0,0.0,1.0,True,,0.2567515524817014
AAPL,1d:DNEWS_24H,TFIDF_LR,2019-02,"{""C"": 0.1}",267,2019-01-31 21:00:00+00:00,2019-02-01 14:25:00+00:00,1,0.0,,,0.0,0.0,0.0,0.0,0.0,0.0,1.0,True,,0.2650653491861842
AAPL,1d:DNEWS_24H,TFIDF_LR,2019-02,"{""C"": 1.0}",267,2019-01-31 21:00:00+00:00,2019-02-01 14:25:00+00:00,1,0.0,,,0.0,0.0,0.0,0.0,0.0,0.0,1.0,True,,0.2703904162879816
AAPL,1d:DNEWS_OVERNIGHT,TFIDF_LR,2018-03,"{""C"": 0.01}",35,2018-02-28 21:00:00+00:00,2018-03-01 14:25:00+00:00,21,0.6190476190476191,0.5,0.0,0.0,0.0,0.0,0.0,1.0,0.0,0.38095238095238093,True,0.3557692307692308,0.24914576941302696
AAPL,1d:DNEWS_OVERNIGHT,TFIDF_LR,2018-03,"{""C"": 0.1}",35,2018-02-28 21:00:00+00:00,2018-03-01 14:25:00+00:00,21,0.6190476190476191,0.5,0.0,0.0,0.0,0.0,0.0,1.0,0.0,0.38095238095238093,True,0.34615384615384615,0.24549592903153275
AAPL,1d:DNEWS_OVERNIGHT,TFIDF_LR,2018-03,"{""C"": 1.0}",35,2018-02-28 21:00:00+00:00,2018-03-01 14:25:00+00:00,21,0.6190476190476191,0.5,0.0,0.0,0.0,0.0,0.0,1.0,0.0,0.38095238095238093,True,0.34615384615384615,0.24321080515044785
AAPL,1d:DNEWS_OVERNIGHT,TFIDF_LR,2018-04,"{""C"": 0.01}",56,2018-03-29 20:00:00+00:00,2018-04-02 13:25:00+00:00,21,0.42857142857142855,0.5,0.0,0.0,0.0,0.0,0.0,1.0,0.0,0.5714285714285714,True,0.3425925925925926,0.25134823352062
AAPL,1d:DNEWS_OVERNIGHT,TFIDF_LR,2018-04,"{""C"": 0.1}",56,2018-03-29 20:00:00+00:00,2018-04-02 13:25:00+00:00,21,0.42857142857142855,0.5,0.0,0.0,0.0,0.0,0.0,1.0,0.0,0.5714285714285714,True,0.3425925925925926,0.25778061150897297
AAPL,1d:DNEWS_OVERNIGHT,TFIDF_LR,2018-04,"{""C"": 1.0}",56,2018-03-29 20:00:00+00:00,2018-04-02 13:25:00+00:00,21,0.42857142857142855,0.5,0.0,0.0,0.0,0.0,0.0,1.0,0.0,0.5714285714285714,True,0.33333333333333337,0.2645833923640574
AAPL,1d:DNEWS_OVERNIGHT,TFIDF_LR,2018-05,"{""C"": 0.01}",77,2018-04-30 20:00:00+00:00,2018-05-01 13:25:00+00:00,22,0.5,0.5,0.0,0.0,0.0,0.0,0.0,1.0,0.0,0.5,True,0.36363636363636365,0.2500372859667879
AAPL,1d:DNEWS_OVERNIGHT,TFIDF_LR,2018-05,"{""C"": 0.1}",77,2018-04-30 20:00:00+00:00,2018-05-01 13:25:00+00:00,22,0.5,0.5,0.0,0.0,0.0,0.0,0.0,1.0,0.0,0.5,True,0.3884297520661157,0.25053557618381866
AAPL,1d:DNEWS_OVERNIGHT,TFIDF_LR,2018-05,"{""C"": 1.0}",77,2018-04-30 20:00:00+00:00,2018-05-01 13:25:00+00:00,22,0.5,0.5,0.0,0.0,0.0,0.0,0.0,1.0,0.0,0.5,True,0.38842975206611574,0.2515239799705522
AAPL,1d:DNEWS_OVERNIGHT,TFIDF_LR,2018-06,"{""C"": 0.01}",99,2018-05-31 20:00:00+00:00,2018-06-01 13:25:00+00:00,21,0.6190476190476191,0.5,0.0,0.0,0.0,0.0,0.0,1.0,0.0,0.38095238095238093,True,0.41346153846153844,0.24883906056192423
AAPL,1d:DNEWS_OVERNIGHT,TFIDF_LR,2018-06,"{""C"": 0.1}",99,2018-05-31 20:00:00+00:00,2018-06-01 13:25:00+00:00,21,0.6190476190476191,0.5,0.0,0.0,0.0,0.0,0.0,1.0,0.0,0.38095238095238093,True,0.4423076923076923,0.24615081949486792
AAPL,1d:DNEWS_OVERNIGHT,TFIDF_LR,2018-06,"{""C"": 1.0}",99,2018-05-31 20:00:00+00:00,2018-06-01 13:25:00+00:00,21,0.6190476190476191,0.5,0.0,0.0,0.0,0.0,0.0,1.0,0.0,0.38095238095238093,True,0.4326923076923077,0.24595491841690115
AAPL,1d:DNEWS_OVERNIGHT,TFIDF_LR,2018-07,"{""C"": 0.01}",120,2018-06-29 20:00:00+00:00,2018-07-02 13:25:00+00:00,21,0.38095238095238093,0.5,0.0,0.0,0.0,0.0,0.0,1.0,0.0,0.6190476190476191,True,0.46153846153846156,0.2523976559086673
AAPL,1d:DNEWS_OVERNIGHT,TFIDF_LR,2018-07,"{""C"": 0.1}",120,2018-06-29 20:00:00+00:00,2018-07-02 13:25:00+00:00,21,0.38095238095238093,0.5,0.0,0.0,0.0,0.0,0.0,1.0,0.0,0.6190476190476191,True,0.48076923076923084,0.25860077509235235
AAPL,1d:DNEWS_OVERNIGHT,TFIDF_LR,2018-07,"{""C"": 1.0}",120,2018-06-29 20:00:00+00:00,2018-07-02 13:25:00+00:00,21,0.38095238095238093,0.5,0.0,0.0,0.0,0.0,0.0,1.0,0.0,0.6190476190476191,True,0.47115384615384615,0.263378946934825
AAPL,1d:DNEWS_OVERNIGHT,TFIDF_LR,2018-08,"{""C"": 0.01}",141,2018-07-31 20:00:00+00:00,2018-08-01 13:25:00+00:00,23,0.2608695652173913,0.5,0.0,0.0,0.0,0.0,0.0,1.0,0.0,0.7391304347826086,True,0.4019607843137255,0.25223188834651455
AAPL,1d:DNEWS_OVERNIGHT,TFIDF_LR,2018-08,"{""C"": 0.1}",141,2018-07-31 20:00:00+00:00,2018-08-01 13:25:00+00:00,23,0.2608695652173913,0.5,0.0,0.0,0.0,0.0,0.0,1.0,0.0,0.7391304347826086,True,0.4019607843137255,0.25672139598201044
AAPL,1d:DNEWS_OVERNIGHT,TFIDF_LR,2018-08,"{""C"": 1.0}",141,2018-07-31 20:00:00+00:00,2018-08-01 13:25:00+00:00,23,0.2608695652173913,0.5,0.0,0.0,0.0,0.0,0.0,1.0,0.0,0.7391304347826086,True,0.411764705882353,0.2577321662141788
AAPL,1d:DNEWS_OVERNIGHT,TFIDF_LR,2018-09,"{""C"": 0.01}",164,2018-08-31 20:00:00+00:00,2018-09-04 13:25:00+00:00,19,0.47368421052631576,0.5,0.0,0.47368421052631576,1.0,0.6428571428571429,1.0,0.0,1.0,0.47368421052631576,True,0.6222222222222221,0.25029708375661264
AAPL,1d:DNEWS_OVERNIGHT,TFIDF_LR,2018-09,"{""C"": 0.1}",164,2018-08-31 20:00:00+00:00,2018-09-04 13:25:00+00:00,19,0.47368421052631576,0.5,0.0,0.47368421052631576,1.0,0.6428571428571429,1.0,0.0,1.0,0.47368421052631576,True,0.611111111111111,0.2508997404482542
AAPL,1d:DNEWS_OVERNIGHT,TFIDF_LR,2018-09,"{""C"": 1.0}",164,2018-08-31 20:00:00+00:00,2018-09-04 13:25:00+00:00,19,0.47368421052631576,0.5,0.0,0.47368421052631576,1.0,0.6428571428571429,1.0,0.0,1.0,0.47368421052631576,True,0.611111111111111,0.25056097094412566
AAPL,1d:DNEWS_OVERNIGHT,TFIDF_LR,2018-10,"{""C"": 0.01}",183,2018-09-28 20:00:00+00:00,2018-10-01 13:25:00+00:00,23,0.4782608695652174,0.5,0.0,0.4782608695652174,1.0,0.6470588235294118,1.0,0.0,1.0,0.4782608695652174,True,0.4015151515151515,0.2502186364047044
AAPL,1d:DNEWS_OVERNIGHT,TFIDF_LR,2018-10,"{""C"": 0.1}",183,2018-09-28 20:00:00+00:00,2018-10-01 13:25:00+00:00,23,0.4782608695652174,0.5,0.0,0.4782608695652174,1.0,0.6470588235294118,1.0,0.0,1.0,0.4782608695652174,True,0.4242424242424242,0.2507390717435091
AAPL,1d:DNEWS_OVERNIGHT,TFIDF_LR,2018-10,"{""C"": 1.0}",183,2018-09-28 20:00:00+00:00,2018-10-01 13:25:00+00:00,23,0.4782608695652174,0.5,0.0,0.4782608695652174,1.0,0.6470588235294118,1.0,0.0,1.0,0.4782608695652174,True,0.4242424242424242,0.2519738477383382
AAPL,1d:DNEWS_OVERNIGHT,TFIDF_LR,2018-11,"{""C"": 0.01}",206,2018-10-31 20:00:00+00:00,2018-11-01 13:25:00+00:00,21,0.3333333333333333,0.5,0.0,0.3333333333333333,1.0,0.5,1.0,0.0,1.0,0.3333333333333333,True,0.2551020408163265,0.25115023090172073
AAPL,1d:DNEWS_OVERNIGHT,TFIDF_LR,2018-11,"{""C"": 0.1}",206,2018-10-31 20:00:00+00:00,2018-11-01 13:25:00+00:00,21,0.3333333333333333,0.5,0.0,0.3333333333333333,1.0,0.5,1.0,0.0,1.0,0.3333333333333333,True,0.2551020408163265,0.2531465365430349
AAPL,1d:DNEWS_OVERNIGHT,TFIDF_LR,2018-11,"{""C"": 1.0}",206,2018-10-31 20:00:00+00:00,2018-11-01 13:25:00+00:00,21,0.3333333333333333,0.5,0.0,0.3333333333333333,1.0,0.5,1.0,0.0,1.0,0.3333333333333333,True,0.2551020408163265,0.2568309783396569
AAPL,1d:DNEWS_OVERNIGHT,TFIDF_LR,2018-12,"{""C"": 0.01}",227,2018-11-30 21:00:00+00:00,2018-12-03 14:25:00+00:00,19,0.6842105263157895,0.5,0.0,0.0,0.0,0.0,0.0,1.0,0.0,0.3157894736842105,True,0.641025641025641,0.249093230898651
AAPL,1d:DNEWS_OVERNIGHT,TFIDF_LR,2018-12,"{""C"": 0.1}",227,2018-11-30 21:00:00+00:00,2018-12-03 14:25:00+00:00,19,0.6842105263157895,0.5,0.0,0.0,0.0,0.0,0.0,1.0,0.0,0.3157894736842105,True,0.6538461538461539,0.24770342832027195
AAPL,1d:DNEWS_OVERNIGHT,TFIDF_LR,2018-12,"{""C"": 1.0}",227,2018-11-30 21:00:00+00:00,2018-12-03 14:25:00+00:00,19,0.6842105263157895,0.5448717948717949,0.13592873654160803,0.5,0.16666666666666666,0.25,0.16666666666666666,0.9230769230769231,0.10526315789473684,0.3157894736842105,False,0.641025641025641,0.24532435276378786
AAPL,1d:DNEWS_OVERNIGHT,TFIDF_LR,2019-01,"{""C"": 0.01}",246,2018-12-31 21:00:00+00:00,2019-01-02 14:25:00+00:00,21,0.47619047619047616,0.5,0.0,0.0,0.0,0.0,0.0,1.0,0.0,0.5238095238095238,True,0.5727272727272728,0.2504112689493348
AAPL,1d:DNEWS_OVERNIGHT,TFIDF_LR,2019-01,"{""C"": 0.1}",246,2018-12-31 21:00:00+00:00,2019-01-02 14:25:00+00:00,21,0.47619047619047616,0.5,0.0,0.0,0.0,0.0,0.0,1.0,0.0,0.5238095238095238,True,0.5636363636363637,0.25096906752688297
AAPL,1d:DNEWS_OVERNIGHT,TFIDF_LR,2019-01,"{""C"": 1.0}",246,2018-12-31 21:00:00+00:00,2019-01-02 14:25:00+00:00,21,0.47619047619047616,0.5,0.0,0.0,0.0,0.0,0.0,1.0,0.0,0.5238095238095238,True,0.5818181818181818,0.2498259604650325
AAPL,1d:DNEWS_OVERNIGHT,TFIDF_LR,2019-02,"{""C"": 0.01}",267,2019-01-31 21:00:00+00:00,2019-02-01 14:25:00+00:00,1,0.0,,,0.0,0.0,0.0,0.0,0.0,0.0,1.0,True,,0.25677912559593047
AAPL,1d:DNEWS_OVERNIGHT,TFIDF_LR,2019-02,"{""C"": 0.1}",267,2019-01-31 21:00:00+00:00,2019-02-01 14:25:00+00:00,1,0.0,,,0.0,0.0,0.0,0.0,0.0,0.0,1.0,True,,0.2644799931572037
AAPL,1d:DNEWS_OVERNIGHT,TFIDF_LR,2019-02,"{""C"": 1.0}",267,2019-01-31 21:00:00+00:00,2019-02-01 14:25:00+00:00,1,0.0,,,0.0,0.0,0.0,0.0,0.0,0.0,1.0,True,,0.2627524517111576
AMZN,1d:DNEWS_24H,TFIDF_LR,2018-03,"{""C"": 0.01}",35,2018-02-28 21:00:00+00:00,2018-03-01 14:25:00+00:00,21,0.42857142857142855,0.5,0.0,0.42857142857142855,1.0,0.6,1.0,0.0,1.0,0.42857142857142855,True,0.5925925925925926,0.24944745912044355
AMZN,1d:DNEWS_24H,TFIDF_LR,2018-03,"{""C"": 0.1}",35,2018-02-28 21:00:00+00:00,2018-03-01 14:25:00+00:00,21,0.42857142857142855,0.5,0.0,0.42857142857142855,1.0,0.6,1.0,0.0,1.0,0.42857142857142855,True,0.5925925925925926,0.24998189777273286
AMZN,1d:DNEWS_24H,TFIDF_LR,2018-03,"{""C"": 1.0}",35,2018-02-28 21:00:00+00:00,2018-03-01 14:25:00+00:00,21,0.5238095238095238,0.5555555555555556,0.12171612389003691,0.4666666666666667,0.7777777777777778,0.5833333333333334,0.7777777777777778,0.3333333333333333,0.7142857142857143,0.42857142857142855,False,0.5555555555555556,0.2502542554368056
AMZN,1d:DNEWS_24H,TFIDF_LR,2018-04,"{""C"": 0.01}",56,2018-03-29 20:00:00+00:00,2018-04-02 13:25:00+00:00,21,0.47619047619047616,0.5,0.0,0.0,0.0,0.0,0.0,1.0,0.0,0.5238095238095238,True,0.35,0.2501982573409086
AMZN,1d:DNEWS_24H,TFIDF_LR,2018-04,"{""C"": 0.1}",56,2018-03-29 20:00:00+00:00,2018-04-02 13:25:00+00:00,21,0.47619047619047616,0.5,0.0,0.0,0.0,0.0,0.0,1.0,0.0,0.5238095238095238,True,0.35,0.2510906142582862
AMZN,1d:DNEWS_24H,TFIDF_LR,2018-04,"{""C"": 1.0}",56,2018-03-29 20:00:00+00:00,2018-04-02 13:25:00+00:00,21,0.42857142857142855,0.4454545454545455,-0.1556997888323046,0.3333333333333333,0.09090909090909091,0.14285714285714285,0.09090909090909091,0.8,0.14285714285714285,0.5238095238095238,False,0.3136363636363636,0.25434809940320313
AMZN,1d:DNEWS_24H,TFIDF_LR,2018-05,"{""C"": 0.01}",77,2018-04-30 20:00:00+00:00,2018-05-01 13:25:00+00:00,22,0.45454545454545453,0.5,0.0,0.0,0.0,0.0,0.0,1.0,0.0,0.5454545454545454,True,0.3208333333333333,0.2501503750283813
AMZN,1d:DNEWS_24H,TFIDF_LR,2018-05,"{""C"": 0.1}",77,2018-04-30 20:00:00+00:00,2018-05-01 13:25:00+00:00,22,0.45454545454545453,0.5,0.0,0.0,0.0,0.0,0.0,1.0,0.0,0.5454545454545454,True,0.30416666666666664,0.25080497585289935
AMZN,1d:DNEWS_24H,TFIDF_LR,2018-05,"{""C"": 1.0}",77,2018-04-30 20:00:00+00:00,2018-05-01 13:25:00+00:00,22,0.36363636363636365,0.375,-0.25877458475338283,0.375,0.25,0.3,0.25,0.5,0.36363636363636365,0.5454545454545454,False,0.2791666666666667,0.2536562592215595
AMZN,1d:DNEWS_24H,TFIDF_LR,2018-06,"{""C"": 0.01}",99,2018-05-31 20:00:00+00:00,2018-06-01 13:25:00+00:00,21,0.5714285714285714,0.5,0.0,0.5714285714285714,1.0,0.7272727272727273,1.0,0.0,1.0,0.5714285714285714,True,0.5046296296296297,0.24985309080318754
AMZN,1d:DNEWS_24H,TFIDF_LR,2018-06,"{""C"": 0.1}",99,2018-05-31 20:00:00+00:00,2018-06-01 13:25:00+00:00,21,0.5714285714285714,0.5,0.0,0.5714285714285714,1.0,0.7272727272727273,1.0,0.0,1.0,0.5714285714285714,True,0.5138888888888888,0.24939366683964315
AMZN,1d:DNEWS_24H,TFIDF_LR,2018-06,"{""C"": 1.0}",99,2018-05-31 20:00:00+00:00,2018-06-01 13:25:00+00:00,21,0.5714285714285714,0.5416666666666666,0.09128709291752768,0.6,0.75,0.6666666666666666,0.75,0.3333333333333333,0.7142857142857143,0.5714285714285714,False,0.5324074074074074,0.2483382157281526
AMZN,1d:DNEWS_24H,TFIDF_LR,2018-07,"{""C"": 0.01}",120,2018-06-29 20:00:00+00:00,2018-07-02 13:25:00+00:00,21,0.47619047619047616,0.5,0.0,0.47619047619047616,1.0,0.6451612903225806,1.0,0.0,1.0,0.47619047619047616,True,0.4181818181818182,0.25091524085019185
AMZN,1d:DNEWS_24H,TFIDF_LR,2018-07,"{""C"": 0.1}",120,2018-06-29 20:00:00+00:00,2018-07-02 13:25:00+00:00,21,0.47619047619047616,0.5,0.0,0.47619047619047616,1.0,0.6451612903225806,1.0,0.0,1.0,0.47619047619047616,True,0.42727272727272725,0.2511699682286175
AMZN,1d:DNEWS_24H,TFIDF_LR,2018-07,"{""C"": 1.0}",120,2018-06-29 20:00:00+00:00,2018-07-02 13:25:00+00:00,21,0.38095238095238093,0.4,-0.3402785236893603,0.42105263157894735,0.8,0.5517241379310345,0.8,0.0,0.9047619047619048,0.47619047619047616,False,0.4545454545454546,0.25271711897367344
AMZN,1d:DNEWS_24H,TFIDF_LR,2018-08,"{""C"": 0.01}",141,2018-07-31 20:00:00+00:00,2018-08-01 13:25:00+00:00,23,0.6086956521739131,0.5,0.0,0.6086956521739131,1.0,0.7567567567567568,1.0,0.0,1.0,0.6086956521739131,True,0.5952380952380952,0.2477304497851638
AMZN,1d:DNEWS_24H,TFIDF_LR,2018-08,"{""C"": 0.1}",141,2018-07-31 20:00:00+00:00,2018-08-01 13:25:00+00:00,23,0.6086956521739131,0.5,0.0,0.6086956521739131,1.0,0.7567567567567568,1.0,0.0,1.0,0.6086956521739131,True,0.5873015873015873,0.24788942649932189
AMZN,1d:DNEWS_24H,TFIDF_LR,2018-08,"{""C"": 1.0}",141,2018-07-31 20:00:00+00:00,2018-08-01 13:25:00+00:00,23,0.6521739130434783,0.5555555555555556,0.26590801173915524,0.6363636363636364,1.0,0.7777777777777778,1.0,0.1111111111111111,0.9565217391304348,0.6086956521739131,False,0.48412698412698413,0.2489670031237827
AMZN,1d:DNEWS_24H,TFIDF_LR,2018-09,"{""C"": 0.01}",164,2018-08-31 20:00:00+00:00,2018-09-04 13:25:00+00:00,19,0.47368421052631576,0.5,0.0,0.47368421052631576,1.0,0.6428571428571429,1.0,0.0,1.0,0.47368421052631576,True,0.3222222222222222,0.2504671190411434
AMZN,1d:DNEWS_24H,TFIDF_LR,2018-09,"{""C"": 0.1}",164,2018-08-31 20:00:00+00:00,2018-09-04 13:25:00+00:00,19,0.47368421052631576,0.5,0.0,0.47368421052631576,1.0,0.6428571428571429,1.0,0.0,1.0,0.47368421052631576,True,0.32222222222222224,0.2518886865419691
AMZN,1d:DNEWS_24H,TFIDF_LR,2018-09,"{""C"": 1.0}",164,2018-08-31 20:00:00+00:00,2018-09-04 13:25:00+00:00,19,0.3684210526315789,0.3888888888888889,-0.3615507630310936,0.4117647058823529,0.7777777777777778,0.5384615384615384,0.7777777777777778,0.0,0.8947368421052632,0.47368421052631576,False,0.32222222222222224,0.2565636980785001
AMZN,1d:DNEWS_24H,TFIDF_LR,2018-10,"{""C"": 0.01}",183,2018-09-28 20:00:00+00:00,2018-10-01 13:25:00+00:00,23,0.391304347826087,0.5,0.0,0.391304347826087,1.0,0.5625,1.0,0.0,1.0,0.391304347826087,True,0.49206349206349204,0.25307363639934094
AMZN,1d:DNEWS_24H,TFIDF_LR,2018-10,"{""C"": 0.1}",183,2018-09-28 20:00:00+00:00,2018-10-01 13:25:00+00:00,23,0.391304347826087,0.5,0.0,0.391304347826087,1.0,0.5625,1.0,0.0,1.0,0.391304347826087,True,0.4841269841269841,0.2539165197230291
AMZN,1d:DNEWS_24H,TFIDF_LR,2018-10,"{""C"": 1.0}",183,2018-09-28 20:00:00+00:00,2018-10-01 13:25:00+00:00,23,0.43478260869565216,0.5357142857142857,0.17094086468945693,0.4090909090909091,1.0,0.5806451612903226,1.0,0.07142857142857142,0.9565217391304348,0.391304347826087,False,0.6031746031746031,0.2527849892018596
AMZN,1d:DNEWS_24H,TFIDF_LR,2018-11,"{""C"": 0.01}",206,2018-10-31 20:00:00+00:00,2018-11-01 13:25:00+00:00,21,0.5238095238095238,0.5,0.0,0.5238095238095238,1.0,0.6875,1.0,0.0,1.0,0.5238095238095238,True,0.2909090909090909,0.25024766198100695
AMZN,1d:DNEWS_24H,TFIDF_LR,2018-11,"{""C"": 0.1}",206,2018-10-31 20:00:00+00:00,2018-11-01 13:25:00+00:00,21,0.5238095238095238,0.5,0.0,0.5238095238095238,1.0,0.6875,1.0,0.0,1.0,0.5238095238095238,True,0.32727272727272727,0.2500395023769868
AMZN,1d:DNEWS_24H,TFIDF_LR,2018-11,"{""C"": 1.0}",206,2018-10-31 20:00:00+00:00,2018-11-01 13:25:00+00:00,21,0.42857142857142855,0.4181818181818182,-0.18090680674665818,0.4666666666666667,0.6363636363636364,0.5384615384615384,0.6363636363636364,0.2,0.7142857142857143,0.5238095238095238,False,0.32727272727272727,0.25110176970496795
AMZN,1d:DNEWS_24H,TFIDF_LR,2018-12,"{""C"": 0.01}",227,2018-11-30 21:00:00+00:00,2018-12-03 14:25:00+00:00,19,0.3684210526315789,0.5,0.0,0.3684210526315789,1.0,0.5384615384615384,1.0,0.0,1.0,0.3684210526315789,True,0.5297619047619048,0.250632777127006
AMZN,1d:DNEWS_24H,TFIDF_LR,2018-12,"{""C"": 0.1}",227,2018-11-30 21:00:00+00:00,2018-12-03 14:25:00+00:00,19,0.3684210526315789,0.5,0.0,0.3684210526315789,1.0,0.5384615384615384,1.0,0.0,1.0,0.3684210526315789,True,0.5178571428571429,0.2514485297248137
AMZN,1d:DNEWS_24H,TFIDF_LR,2018-12,"{""C"": 1.0}",227,2018-11-30 21:00:00+00:00,2018-12-03 14:25:00+00:00,19,0.5263157894736842,0.5952380952380952,0.20865621238292043,0.42857142857142855,0.8571428571428571,0.5714285714285714,0.8571428571428571,0.3333333333333333,0.7368421052631579,0.3684210526315789,False,0.4821428571428571,0.25139986670624453
AMZN,1d:DNEWS_24H,TFIDF_LR,2019-01,"{""C"": 0.01}",246,2018-12-31 21:00:00+00:00,2019-01-02 14:25:00+00:00,21,0.47619047619047616,0.5,0.0,0.0,0.0,0.0,0.0,1.0,0.0,0.5238095238095238,True,0.7,0.2499188962901379
AMZN,1d:DNEWS_24H,TFIDF_LR,2019-01,"{""C"": 0.1}",246,2018-12-31 21:00:00+00:00,2019-01-02 14:25:00+00:00,21,0.47619047619047616,0.5,0.0,0.0,0.0,0.0,0.0,1.0,0.0,0.5238095238095238,True,0.6909090909090909,0.24976700025918708
AMZN,1d:DNEWS_24H,TFIDF_LR,2019-01,"{""C"": 1.0}",246,2018-12-31 21:00:00+00:00,2019-01-02 14:25:00+00:00,21,0.6190476190476191,0.6272727272727273,0.26967994498529685,0.7142857142857143,0.45454545454545453,0.5555555555555556,0.45454545454545453,0.8,0.3333333333333333,0.5238095238095238,False,0.6909090909090909,0.2468246614205325
AMZN,1d:DNEWS_24H,TFIDF_LR,2019-02,"{""C"": 0.01}",267,2019-01-31 21:00:00+00:00,2019-02-01 14:25:00+00:00,1,1.0,,,0.0,0.0,0.0,0.0,1.0,0.0,0.0,True,,0.24922855701581811
AMZN,1d:DNEWS_24H,TFIDF_LR,2019-02,"{""C"": 0.1}",267,2019-01-31 21:00:00+00:00,2019-02-01 14:25:00+00:00,1,1.0,,,0.0,0.0,0.0,0.0,1.0,0.0,0.0,True,,0.24785439969205175
AMZN,1d:DNEWS_24H,TFIDF_LR,2019-02,"{""C"": 1.0}",267,2019-01-31 21:00:00+00:00,2019-02-01 14:25:00+00:00,1,1.0,,,0.0,0.0,0.0,0.0,1.0,0.0,0.0,True,,0.24283913108752891
AMZN,1d:DNEWS_OVERNIGHT,TFIDF_LR,2018-03,"{""C"": 0.01}",35,2018-02-28 21:00:00+00:00,2018-03-01 14:25:00+00:00,21,0.42857142857142855,0.5,0.0,0.42857142857142855,1.0,0.6,1.0,0.0,1.0,0.42857142857142855,True,0.3333333333333333,0.25015853124573706
AMZN,1d:DNEWS_OVERNIGHT,TFIDF_LR,2018-03,"{""C"": 0.1}",35,2018-02-28 21:00:00+00:00,2018-03-01 14:25:00+00:00,21,0.42857142857142855,0.5,0.0,0.42857142857142855,1.0,0.6,1.0,0.0,1.0,0.42857142857142855,True,0.3333333333333333,0.2511799795678288
AMZN,1d:DNEWS_OVERNIGHT,TFIDF_LR,2018-03,"{""C"": 1.0}",35,2018-02-28 21:00:00+00:00,2018-03-01 14:25:00+00:00,21,0.38095238095238093,0.4305555555555556,-0.19641855032959651,0.3888888888888889,0.7777777777777778,0.5185185185185185,0.7777777777777778,0.08333333333333333,0.8571428571428571,0.42857142857142855,False,0.3333333333333333,0.25670135738242006
AMZN,1d:DNEWS_OVERNIGHT,TFIDF_LR,2018-04,"{""C"": 0.01}",56,2018-03-29 20:00:00+00:00,2018-04-02 13:25:00+00:00,21,0.47619047619047616,0.5,0.0,0.0,0.0,0.0,0.0,1.0,0.0,0.5238095238095238,True,0.6681818181818182,0.24868646326496346
AMZN,1d:DNEWS_OVERNIGHT,TFIDF_LR,2018-04,"{""C"": 0.1}",56,2018-03-29 20:00:00+00:00,2018-04-02 13:25:00+00:00,21,0.47619047619047616,0.5,0.0,0.0,0.0,0.0,0.0,1.0,0.0,0.5238095238095238,True,0.6681818181818182,0.24989542574668333
AMZN,1d:DNEWS_OVERNIGHT,TFIDF_LR,2018-04,"{""C"": 1.0}",56,2018-03-29 20:00:00+00:00,2018-04-02 13:25:00+00:00,21,0.5714285714285714,0.5909090909090909,0.309344112444873,1.0,0.18181818181818182,0.3076923076923077,0.18181818181818182,1.0,0.09523809523809523,0.5238095238095238,False,0.5318181818181817,0.2498693505399005
AMZN,1d:DNEWS_OVERNIGHT,TFIDF_LR,2018-05,"{""C"": 0.01}",77,2018-04-30 20:00:00+00:00,2018-05-01 13:25:00+00:00,22,0.45454545454545453,0.5,0.0,0.0,0.0,0.0,0.0,1.0,0.0,0.5454545454545454,True,0.7583333333333333,0.24912058782439217
AMZN,1d:DNEWS_OVERNIGHT,TFIDF_LR,2018-05,"{""C"": 0.1}",77,2018-04-30 20:00:00+00:00,2018-05-01 13:25:00+00:00,22,0.45454545454545453,0.5,0.0,0.0,0.0,0.0,0.0,1.0,0.0,0.5454545454545454,True,0.7583333333333333,0.25001911758663675
AMZN,1d:DNEWS_OVERNIGHT,TFIDF_LR,2018-05,"{""C"": 1.0}",77,2018-04-30 20:00:00+00:00,2018-05-01 13:25:00+00:00,22,0.45454545454545453,0.4916666666666667,-0.028867513459481284,0.5,0.08333333333333333,0.14285714285714285,0.08333333333333333,0.9,0.09090909090909091,0.5454545454545454,False,0.5583333333333333,0.2504975951057099
AMZN,1d:DNEWS_OVERNIGHT,TFIDF_LR,2018-06,"{""C"": 0.01}",99,2018-05-31 20:00:00+00:00,2018-06-01 13:25:00+00:00,21,0.5714285714285714,0.5,0.0,0.5714285714285714,1.0,0.7272727272727273,1.0,0.0,1.0,0.5714285714285714,True,0.48611111111111116,0.24985114517059634
AMZN,1d:DNEWS_OVERNIGHT,TFIDF_LR,2018-06,"{""C"": 0.1}",99,2018-05-31 20:00:00+00:00,2018-06-01 13:25:00+00:00,21,0.5714285714285714,0.5,0.0,0.5714285714285714,1.0,0.7272727272727273,1.0,0.0,1.0,0.5714285714285714,True,0.4953703703703704,0.24943948302156455
AMZN,1d:DNEWS_OVERNIGHT,TFIDF_LR,2018-06,"{""C"": 1.0}",99,2018-05-31 20:00:00+00:00,2018-06-01 13:25:00+00:00,21,0.5238095238095238,0.4722222222222222,-0.07856742013183861,0.5555555555555556,0.8333333333333334,0.6666666666666666,0.8333333333333334,0.1111111111111111,0.8571428571428571,0.5714285714285714,False,0.5046296296296297,0.2489711304228249
AMZN,1d:DNEWS_OVERNIGHT,TFIDF_LR,2018-07,"{""C"": 0.01}",120,2018-06-29 20:00:00+00:00,2018-07-02 13:25:00+00:00,21,0.47619047619047616,0.5,0.0,0.47619047619047616,1.0,0.6451612903225806,1.0,0.0,1.0,0.47619047619047616,True,0.48636363636363633,0.2502850120172674
AMZN,1d:DNEWS_OVERNIGHT,TFIDF_LR,2018-07,"{""C"": 0.1}",120,2018-06-29 20:00:00+00:00,2018-07-02 13:25:00+00:00,21,0.47619047619047616,0.5,0.0,0.47619047619047616,1.0,0.6451612903225806,1.0,0.0,1.0,0.47619047619047616,True,0.4954545454545455,0.2508684348248408
AMZN,1d:DNEWS_OVERNIGHT,TFIDF_LR,2018-07,"{""C"": 1.0}",120,2018-06-29 20:00:00+00:00,2018-07-02 13:25:00+00:00,21,0.5714285714285714,0.5818181818181818,0.18090680674665818,0.5333333333333333,0.8,0.64,0.8,0.36363636363636365,0.7142857142857143,0.47619047619047616,False,0.4409090909090909,0.25189123539985925
AMZN,1d:DNEWS_OVERNIGHT,TFIDF_LR,2018-08,"{""C"": 0.01}",141,2018-07-31 20:00:00+00:00,2018-08-01 13:25:00+00:00,23,0.6086956521739131,0.5,0.0,0.6086956521739131,1.0,0.7567567567567568,1.0,0.0,1.0,0.6086956521739131,True,0.6587301587301588,0.24839622755116852
AMZN,1d:DNEWS_OVERNIGHT,TFIDF_LR,2018-08,"{""C"": 0.1}",141,2018-07-31 20:00:00+00:00,2018-08-01 13:25:00+00:00,23,0.6086956521739131,0.5,0.0,0.6086956521739131,1.0,0.7567567567567568,1.0,0.0,1.0,0.6086956521739131,True,0.6666666666666666,0.24798958725258236
AMZN,1d:DNEWS_OVERNIGHT,TFIDF_LR,2018-08,"{""C"": 1.0}",141,2018-07-31 20:00:00+00:00,2018-08-01 13:25:00+00:00,23,0.6956521739130435,0.6904761904761905,0.3750457847507963,0.7692307692307693,0.7142857142857143,0.7407407407407407,0.7142857142857143,0.6666666666666666,0.5652173913043478,0.6086956521739131,False,0.5952380952380952,0.2480680496751728
AMZN,1d:DNEWS_OVERNIGHT,TFIDF_LR,2018-09,"{""C"": 0.01}",164,2018-08-31 20:00:00+00:00,2018-09-04 13:25:00+00:00,19,0.47368421052631576,0.5,0.0,0.47368421052631576,1.0,0.6428571428571429,1.0,0.0,1.0,0.47368421052631576,True,0.6777777777777777,0.24863983160408082
AMZN,1d:DNEWS_OVERNIGHT,TFIDF_LR,2018-09,"{""C"": 0.1}",164,2018-08-31 20:00:00+00:00,2018-09-04 13:25:00+00:00,19,0.47368421052631576,0.5,0.0,0.47368421052631576,1.0,0.6428571428571429,1.0,0.0,1.0,0.47368421052631576,True,0.6333333333333333,0.2508453312091603
AMZN,1d:DNEWS_OVERNIGHT,TFIDF_LR,2018-09,"{""C"": 1.0}",164,2018-08-31 20:00:00+00:00,2018-09-04 13:25:00+00:00,19,0.5263157894736842,0.55,0.22360679774997896,0.5,1.0,0.6666666666666666,1.0,0.1,0.9473684210526315,0.47368421052631576,False,0.5222222222222223,0.25146767738172693
AMZN,1d:DNEWS_OVERNIGHT,TFIDF_LR,2018-10,"{""C"": 0.01}",183,2018-09-28 20:00:00+00:00,2018-10-01 13:25:00+00:00,23,0.391304347826087,0.5,0.0,0.391304347826087,1.0,0.5625,1.0,0.0,1.0,0.391304347826087,True,0.4920634920634921,0.2530661047343255
AMZN,1d:DNEWS_OVERNIGHT,TFIDF_LR,2018-10,"{""C"": 0.1}",183,2018-09-28 20:00:00+00:00,2018-10-01 13:25:00+00:00,23,0.391304347826087,0.5,0.0,0.391304347826087,1.0,0.5625,1.0,0.0,1.0,0.391304347826087,True,0.4920634920634921,0.25381861312101733
AMZN,1d:DNEWS_OVERNIGHT,TFIDF_LR,2018-10,"{""C"": 1.0}",183,2018-09-28 20:00:00+00:00,2018-10-01 13:25:00+00:00,23,0.4782608695652174,0.5515873015873015,0.13284685688840928,0.42105263157894735,0.8888888888888888,0.5714285714285714,0.8888888888888888,0.21428571428571427,0.8260869565217391,0.391304347826087,False,0.5634920634920635,0.2518861185307392
AMZN,1d:DNEWS_OVERNIGHT,TFIDF_LR,2018-11,"{""C"": 0.01}",206,2018-10-31 20:00:00+00:00,2018-11-01 13:25:00+00:00,21,0.5238095238095238,0.5,0.0,0.5238095238095238,1.0,0.6875,1.0,0.0,1.0,0.5238095238095238,True,0.42727272727272725,0.25010201018993206
AMZN,1d:DNEWS_OVERNIGHT,TFIDF_LR,2018-11,"{""C"": 0.1}",206,2018-10-31 20:00:00+00:00,2018-11-01 13:25:00+00:00,21,0.5714285714285714,0.55,0.23452078799117146,0.55,1.0,0.7096774193548387,1.0,0.1,0.9523809523809523,0.5238095238095238,False,0.42727272727272725,0.2500333079800218
AMZN,1d:DNEWS_OVERNIGHT,TFIDF_LR,2018-11,"{""C"": 1.0}",206,2018-10-31 20:00:00+00:00,2018-11-01 13:25:00+00:00,21,0.38095238095238093,0.38181818181818183,-0.23636363636363636,0.4,0.36363636363636365,0.38095238095238093,0.36363636363636365,0.4,0.47619047619047616,0.5238095238095238,False,0.40909090909090906,0.25149496621238765
AMZN,1d:DNEWS_OVERNIGHT,TFIDF_LR,2018-12,"{""C"": 0.01}",227,2018-11-30 21:00:00+00:00,2018-12-03 14:25:00+00:00,19,0.3684210526315789,0.5,0.0,0.3684210526315789,1.0,0.5384615384615384,1.0,0.0,1.0,0.3684210526315789,True,0.7142857142857143,0.2507951280627702
AMZN,1d:DNEWS_OVERNIGHT,TFIDF_LR,2018-12,"{""C"": 0.1}",227,2018-11-30 21:00:00+00:00,2018-12-03 14:25:00+00:00,19,0.3684210526315789,0.5,0.0,0.3684210526315789,1.0,0.5384615384615384,1.0,0.0,1.0,0.3684210526315789,True,0.7380952380952381,0.25102846553325087
AMZN,1d:DNEWS_OVERNIGHT,TFIDF_LR,2018-12,"{""C"": 1.0}",227,2018-11-30 21:00:00+00:00,2018-12-03 14:25:00+00:00,19,0.631578947368421,0.7083333333333334,0.45643546458763845,0.5,1.0,0.6666666666666666,1.0,0.4166666666666667,0.7368421052631579,0.3684210526315789,False,0.7738095238095238,0.24728485341894588
AMZN,1d:DNEWS_OVERNIGHT,TFIDF_LR,2019-01,"{""C"": 0.01}",246,2018-12-31 21:00:00+00:00,2019-01-02 14:25:00+00:00,21,0.47619047619047616,0.5,0.0,0.0,0.0,0.0,0.0,1.0,0.0,0.5238095238095238,True,0.4363636363636364,0.2501003891419319
AMZN,1d:DNEWS_OVERNIGHT,TFIDF_LR,2019-01,"{""C"": 0.1}",246,2018-12-31 21:00:00+00:00,2019-01-02 14:25:00+00:00,21,0.47619047619047616,0.5,0.0,0.0,0.0,0.0,0.0,1.0,0.0,0.5238095238095238,True,0.3818181818181818,0.25037998547544343
AMZN,1d:DNEWS_OVERNIGHT,TFIDF_LR,2019-01,"{""C"": 1.0}",246,2018-12-31 21:00:00+00:00,2019-01-02 14:25:00+00:00,21,0.42857142857142855,0.43636363636363634,-0.13483997249264842,0.42857142857142855,0.2727272727272727,0.3333333333333333,0.2727272727272727,0.6,0.3333333333333333,0.5238095238095238,False,0.38181818181818183,0.25230562288342134
AMZN,1d:DNEWS_OVERNIGHT,TFIDF_LR,2019-02,"{""C"": 0.01}",267,2019-01-31 21:00:00+00:00,2019-02-01 14:25:00+00:00,1,1.0,,,0.0,0.0,0.0,0.0,1.0,0.0,0.0,True,,0.2481308476763596
AMZN,1d:DNEWS_OVERNIGHT,TFIDF_LR,2019-02,"{""C"": 0.1}",267,2019-01-31 21:00:00+00:00,2019-02-01 14:25:00+00:00,1,1.0,,,0.0,0.0,0.0,0.0,1.0,0.0,0.0,True,,0.2481308476763596
AMZN,1d:DNEWS_OVERNIGHT,TFIDF_LR,2019-02,"{""C"": 1.0}",267,2019-01-31 21:00:00+00:00,2019-02-01 14:25:00+00:00,1,1.0,,,0.0,0.0,0.0,0.0,1.0,0.0,0.0,True,,0.2481308476763596
AAPL,1d:DNEWS_24H,TFIDF_LINSVM,2018-03,"{""C"": 0.01}",35,2018-02-28 21:00:00+00:00,2018-03-01 14:25:00+00:00,21,0.6190476190476191,0.5,0.0,0.0,0.0,0.0,0.0,1.0,0.0,0.38095238095238093,True,0.41346153846153844,
AAPL,1d:DNEWS_24H,TFIDF_LINSVM,2018-03,"{""C"": 0.1}",35,2018-02-28 21:00:00+00:00,2018-03-01 14:25:00+00:00,21,0.6190476190476191,0.5,0.0,0.0,0.0,0.0,0.0,1.0,0.0,0.38095238095238093,True,0.3942307692307693,
AAPL,1d:DNEWS_24H,TFIDF_LINSVM,2018-03,"{""C"": 1.0}",35,2018-02-28 21:00:00+00:00,2018-03-01 14:25:00+00:00,21,0.6190476190476191,0.5,0.0,0.0,0.0,0.0,0.0,1.0,0.0,0.38095238095238093,True,0.3942307692307693,
AAPL,1d:DNEWS_24H,TFIDF_LINSVM,2018-04,"{""C"": 0.01}",56,2018-03-29 20:00:00+00:00,2018-04-02 13:25:00+00:00,21,0.42857142857142855,0.5,0.0,0.0,0.0,0.0,0.0,1.0,0.0,0.5714285714285714,True,0.38888888888888884,
AAPL,1d:DNEWS_24H,TFIDF_LINSVM,2018-04,"{""C"": 0.1}",56,2018-03-29 20:00:00+00:00,2018-04-02 13:25:00+00:00,21,0.42857142857142855,0.5,0.0,0.0,0.0,0.0,0.0,1.0,0.0,0.5714285714285714,True,0.37962962962962965,
AAPL,1d:DNEWS_24H,TFIDF_LINSVM,2018-04,"{""C"": 1.0}",56,2018-03-29 20:00:00+00:00,2018-04-02 13:25:00+00:00,21,0.42857142857142855,0.5,0.0,0.0,0.0,0.0,0.0,1.0,0.0,0.5714285714285714,True,0.39814814814814814,
AAPL,1d:DNEWS_24H,TFIDF_LINSVM,2018-05,"{""C"": 0.01}",77,2018-04-30 20:00:00+00:00,2018-05-01 13:25:00+00:00,22,0.5,0.5,0.0,0.0,0.0,0.0,0.0,1.0,0.0,0.5,True,0.5041322314049588,
AAPL,1d:DNEWS_24H,TFIDF_LINSVM,2018-05,"{""C"": 0.1}",77,2018-04-30 20:00:00+00:00,2018-05-01 13:25:00+00:00,22,0.5,0.5,0.0,0.0,0.0,0.0,0.0,1.0,0.0,0.5,True,0.5289256198347108,
AAPL,1d:DNEWS_24H,TFIDF_LINSVM,2018-05,"{""C"": 1.0}",77,2018-04-30 20:00:00+00:00,2018-05-01 13:25:00+00:00,22,0.45454545454545453,0.45454545454545453,-0.2182178902359924,0.0,0.0,0.0,0.0,0.9090909090909091,0.045454545454545456,0.5,False,0.5371900826446281,
AAPL,1d:DNEWS_24H,TFIDF_LINSVM,2018-06,"{""C"": 0.01}",99,2018-05-31 20:00:00+00:00,2018-06-01 13:25:00+00:00,21,0.6190476190476191,0.5,0.0,0.0,0.0,0.0,0.0,1.0,0.0,0.38095238095238093,True,0.34615384615384615,
AAPL,1d:DNEWS_24H,TFIDF_LINSVM,2018-06,"{""C"": 0.1}",99,2018-05-31 20:00:00+00:00,2018-06-01 13:25:00+00:00,21,0.6190476190476191,0.5,0.0,0.0,0.0,0.0,0.0,1.0,0.0,0.38095238095238093,True,0.33653846153846156,
AAPL,1d:DNEWS_24H,TFIDF_LINSVM,2018-06,"{""C"": 1.0}",99,2018-05-31 20:00:00+00:00,2018-06-01 13:25:00+00:00,21,0.38095238095238093,0.3557692307692308,-0.28306925853614895,0.2222222222222222,0.25,0.23529411764705882,0.25,0.46153846153846156,0.42857142857142855,0.38095238095238093,False,0.34615384615384615,
AAPL,1d:DNEWS_24H,TFIDF_LINSVM,2018-07,"{""C"": 0.01}",120,2018-06-29 20:00:00+00:00,2018-07-02 13:25:00+00:00,21,0.38095238095238093,0.5,0.0,0.0,0.0,0.0,0.0,1.0,0.0,0.6190476190476191,True,0.47115384615384615,
AAPL,1d:DNEWS_24H,TFIDF_LINSVM,2018-07,"{""C"": 0.1}",120,2018-06-29 20:00:00+00:00,2018-07-02 13:25:00+00:00,21,0.38095238095238093,0.5,0.0,0.0,0.0,0.0,0.0,1.0,0.0,0.6190476190476191,True,0.45192307692307687,
AAPL,1d:DNEWS_24H,TFIDF_LINSVM,2018-07,"{""C"": 1.0}",120,2018-06-29 20:00:00+00:00,2018-07-02 13:25:00+00:00,21,0.3333333333333333,0.4375,-0.2850438562747845,0.0,0.0,0.0,0.0,0.875,0.047619047619047616,0.6190476190476191,False,0.46153846153846156,
AAPL,1d:DNEWS_24H,TFIDF_LINSVM,2018-08,"{""C"": 0.01}",141,2018-07-31 20:00:00+00:00,2018-08-01 13:25:00+00:00,23,0.2608695652173913,0.5,0.0,0.0,0.0,0.0,0.0,1.0,0.0,0.7391304347826086,True,0.43137254901960786,
AAPL,1d:DNEWS_24H,TFIDF_LINSVM,2018-08,"{""C"": 0.1}",141,2018-07-31 20:00:00+00:00,2018-08-01 13:25:00+00:00,23,0.2608695652173913,0.5,0.0,0.0,0.0,0.0,0.0,1.0,0.0,0.7391304347826086,True,0.43137254901960786,
AAPL,1d:DNEWS_24H,TFIDF_LINSVM,2018-08,"{""C"": 1.0}",141,2018-07-31 20:00:00+00:00,2018-08-01 13:25:00+00:00,23,0.391304347826087,0.37254901960784315,-0.22407133233117496,0.6363636363636364,0.4117647058823529,0.5,0.4117647058823529,0.3333333333333333,0.4782608695652174,0.7391304347826086,False,0.4509803921568627,
AAPL,1d:DNEWS_24H,TFIDF_LINSVM,2018-09,"{""C"": 0.01}",164,2018-08-31 20:00:00+00:00,2018-09-04 13:25:00+00:00,19,0.47368421052631576,0.5,0.0,0.47368421052631576,1.0,0.6428571428571429,1.0,0.0,1.0,0.47368421052631576,True,0.6444444444444445,
AAPL,1d:DNEWS_24H,TFIDF_LINSVM,2018-09,"{""C"": 0.1}",164,2018-08-31 20:00:00+00:00,2018-09-04 13:25:00+00:00,19,0.47368421052631576,0.5,0.0,0.47368421052631576,1.0,0.6428571428571429,1.0,0.0,1.0,0.47368421052631576,True,0.6444444444444445,
AAPL,1d:DNEWS_24H,TFIDF_LINSVM,2018-09,"{""C"": 1.0}",164,2018-08-31 20:00:00+00:00,2018-09-04 13:25:00+00:00,19,0.47368421052631576,0.5,0.0,0.47368421052631576,1.0,0.6428571428571429,1.0,0.0,1.0,0.47368421052631576,True,0.6333333333333333,
AAPL,1d:DNEWS_24H,TFIDF_LINSVM,2018-10,"{""C"": 0.01}",183,2018-09-28 20:00:00+00:00,2018-10-01 13:25:00+00:00,23,0.4782608695652174,0.5,0.0,0.4782608695652174,1.0,0.6470588235294118,1.0,0.0,1.0,0.4782608695652174,True,0.5984848484848485,
AAPL,1d:DNEWS_24H,TFIDF_LINSVM,2018-10,"{""C"": 0.1}",183,2018-09-28 20:00:00+00:00,2018-10-01 13:25:00+00:00,23,0.4782608695652174,0.5,0.0,0.4782608695652174,1.0,0.6470588235294118,1.0,0.0,1.0,0.4782608695652174,True,0.5833333333333333,
AAPL,1d:DNEWS_24H,TFIDF_LINSVM,2018-10,"{""C"": 1.0}",183,2018-09-28 20:00:00+00:00,2018-10-01 13:25:00+00:00,23,0.4782608695652174,0.5,0.0,0.4782608695652174,1.0,0.6470588235294118,1.0,0.0,1.0,0.4782608695652174,True,0.5378787878787878,
AAPL,1d:DNEWS_24H,TFIDF_LINSVM,2018-11,"{""C"": 0.01}",206,2018-10-31 20:00:00+00:00,2018-11-01 13:25:00+00:00,21,0.3333333333333333,0.5,0.0,0.3333333333333333,1.0,0.5,1.0,0.0,1.0,0.3333333333333333,True,0.6632653061224489,
AAPL,1d:DNEWS_24H,TFIDF_LINSVM,2018-11,"{""C"": 0.1}",206,2018-10-31 20:00:00+00:00,2018-11-01 13:25:00+00:00,21,0.3333333333333333,0.5,0.0,0.3333333333333333,1.0,0.5,1.0,0.0,1.0,0.3333333333333333,True,0.673469387755102,
AAPL,1d:DNEWS_24H,TFIDF_LINSVM,2018-11,"{""C"": 1.0}",206,2018-10-31 20:00:00+00:00,2018-11-01 13:25:00+00:00,21,0.42857142857142855,0.5714285714285714,0.22941573387056177,0.3684210526315789,1.0,0.5384615384615384,1.0,0.14285714285714285,0.9047619047619048,0.3333333333333333,False,0.6632653061224489,
AAPL,1d:DNEWS_24H,TFIDF_LINSVM,2018-12,"{""C"": 0.01}",227,2018-11-30 21:00:00+00:00,2018-12-03 14:25:00+00:00,19,0.6842105263157895,0.5,0.0,0.0,0.0,0.0,0.0,1.0,0.0,0.3157894736842105,True,0.30769230769230765,
AAPL,1d:DNEWS_24H,TFIDF_LINSVM,2018-12,"{""C"": 0.1}",227,2018-11-30 21:00:00+00:00,2018-12-03 14:25:00+00:00,19,0.5263157894736842,0.42948717948717946,-0.14886628953921086,0.2,0.16666666666666666,0.18181818181818182,0.16666666666666666,0.6923076923076923,0.2631578947368421,0.3157894736842105,False,0.30769230769230765,
AAPL,1d:DNEWS_24H,TFIDF_LINSVM,2018-12,"{""C"": 1.0}",227,2018-11-30 21:00:00+00:00,2018-12-03 14:25:00+00:00,19,0.3684210526315789,0.40384615384615385,-0.18531232916527532,0.25,0.5,0.3333333333333333,0.5,0.3076923076923077,0.631578947368421,0.3157894736842105,False,0.3205128205128205,
AAPL,1d:DNEWS_24H,TFIDF_LINSVM,2019-01,"{""C"": 0.01}",246,2018-12-31 21:00:00+00:00,2019-01-02 14:25:00+00:00,21,0.47619047619047616,0.5,0.0,0.0,0.0,0.0,0.0,1.0,0.0,0.5238095238095238,True,0.7454545454545455,
AAPL,1d:DNEWS_24H,TFIDF_LINSVM,2019-01,"{""C"": 0.1}",246,2018-12-31 21:00:00+00:00,2019-01-02 14:25:00+00:00,21,0.47619047619047616,0.5,0.0,0.0,0.0,0.0,0.0,1.0,0.0,0.5238095238095238,True,0.7454545454545455,
AAPL,1d:DNEWS_24H,TFIDF_LINSVM,2019-01,"{""C"": 1.0}",246,2018-12-31 21:00:00+00:00,2019-01-02 14:25:00+00:00,21,0.5238095238095238,0.5409090909090909,0.11677484162422845,0.6666666666666666,0.18181818181818182,0.2857142857142857,0.18181818181818182,0.9,0.14285714285714285,0.5238095238095238,False,0.7272727272727272,
AAPL,1d:DNEWS_24H,TFIDF_LINSVM,2019-02,"{""C"": 0.01}",267,2019-01-31 21:00:00+00:00,2019-02-01 14:25:00+00:00,1,0.0,,,0.0,0.0,0.0,0.0,0.0,0.0,1.0,True,,
AAPL,1d:DNEWS_24H,TFIDF_LINSVM,2019-02,"{""C"": 0.1}",267,2019-01-31 21:00:00+00:00,2019-02-01 14:25:00+00:00,1,0.0,,,0.0,0.0,0.0,0.0,0.0,0.0,1.0,True,,
AAPL,1d:DNEWS_24H,TFIDF_LINSVM,2019-02,"{""C"": 1.0}",267,2019-01-31 21:00:00+00:00,2019-02-01 14:25:00+00:00,1,0.0,,,0.0,0.0,0.0,0.0,0.0,0.0,1.0,True,,
AAPL,1d:DNEWS_OVERNIGHT,TFIDF_LINSVM,2018-03,"{""C"": 0.01}",35,2018-02-28 21:00:00+00:00,2018-03-01 14:25:00+00:00,21,0.6190476190476191,0.5,0.0,0.0,0.0,0.0,0.0,1.0,0.0,0.38095238095238093,True,0.34615384615384615,
AAPL,1d:DNEWS_OVERNIGHT,TFIDF_LINSVM,2018-03,"{""C"": 0.1}",35,2018-02-28 21:00:00+00:00,2018-03-01 14:25:00+00:00,21,0.6190476190476191,0.5,0.0,0.0,0.0,0.0,0.0,1.0,0.0,0.38095238095238093,True,0.34615384615384615,
AAPL,1d:DNEWS_OVERNIGHT,TFIDF_LINSVM,2018-03,"{""C"": 1.0}",35,2018-02-28 21:00:00+00:00,2018-03-01 14:25:00+00:00,21,0.6190476190476191,0.5,0.0,0.0,0.0,0.0,0.0,1.0,0.0,0.38095238095238093,True,0.33653846153846156,
AAPL,1d:DNEWS_OVERNIGHT,TFIDF_LINSVM,2018-04,"{""C"": 0.01}",56,2018-03-29 20:00:00+00:00,2018-04-02 13:25:00+00:00,21,0.42857142857142855,0.5,0.0,0.0,0.0,0.0,0.0,1.0,0.0,0.5714285714285714,True,0.3425925925925926,
AAPL,1d:DNEWS_OVERNIGHT,TFIDF_LINSVM,2018-04,"{""C"": 0.1}",56,2018-03-29 20:00:00+00:00,2018-04-02 13:25:00+00:00,21,0.42857142857142855,0.5,0.0,0.0,0.0,0.0,0.0,1.0,0.0,0.5714285714285714,True,0.33333333333333337,
AAPL,1d:DNEWS_OVERNIGHT,TFIDF_LINSVM,2018-04,"{""C"": 1.0}",56,2018-03-29 20:00:00+00:00,2018-04-02 13:25:00+00:00,21,0.42857142857142855,0.4583333333333333,-0.09128709291752768,0.5,0.25,0.3333333333333333,0.25,0.6666666666666666,0.2857142857142857,0.5714285714285714,False,0.33333333333333337,
AAPL,1d:DNEWS_OVERNIGHT,TFIDF_LINSVM,2018-05,"{""C"": 0.01}",77,2018-04-30 20:00:00+00:00,2018-05-01 13:25:00+00:00,22,0.5,0.5,0.0,0.0,0.0,0.0,0.0,1.0,0.0,0.5,True,0.3884297520661157,
AAPL,1d:DNEWS_OVERNIGHT,TFIDF_LINSVM,2018-05,"{""C"": 0.1}",77,2018-04-30 20:00:00+00:00,2018-05-01 13:25:00+00:00,22,0.5,0.5,0.0,0.0,0.0,0.0,0.0,1.0,0.0,0.5,True,0.38842975206611574,
AAPL,1d:DNEWS_OVERNIGHT,TFIDF_LINSVM,2018-05,"{""C"": 1.0}",77,2018-04-30 20:00:00+00:00,2018-05-01 13:25:00+00:00,22,0.45454545454545453,0.4545454545454546,-0.10846522890932808,0.4,0.18181818181818182,0.25,0.18181818181818182,0.7272727272727273,0.22727272727272727,0.5,False,0.4214876033057851,
AAPL,1d:DNEWS_OVERNIGHT,TFIDF_LINSVM,2018-06,"{""C"": 0.01}",99,2018-05-31 20:00:00+00:00,2018-06-01 13:25:00+00:00,21,0.6190476190476191,0.5,0.0,0.0,0.0,0.0,0.0,1.0,0.0,0.38095238095238093,True,0.4326923076923077,
AAPL,1d:DNEWS_OVERNIGHT,TFIDF_LINSVM,2018-06,"{""C"": 0.1}",99,2018-05-31 20:00:00+00:00,2018-06-01 13:25:00+00:00,21,0.6190476190476191,0.5,0.0,0.0,0.0,0.0,0.0,1.0,0.0,0.38095238095238093,True,0.4326923076923077,
AAPL,1d:DNEWS_OVERNIGHT,TFIDF_LINSVM,2018-06,"{""C"": 1.0}",99,2018-05-31 20:00:00+00:00,2018-06-01 13:25:00+00:00,21,0.5714285714285714,0.5336538461538461,0.06933752452815364,0.42857142857142855,0.375,0.4,0.375,0.6923076923076923,0.3333333333333333,0.38095238095238093,False,0.45192307692307687,
AAPL,1d:DNEWS_OVERNIGHT,TFIDF_LINSVM,2018-07,"{""C"": 0.01}",120,2018-06-29 20:00:00+00:00,2018-07-02 13:25:00+00:00,21,0.38095238095238093,0.5,0.0,0.0,0.0,0.0,0.0,1.0,0.0,0.6190476190476191,True,0.48076923076923084,
AAPL,1d:DNEWS_OVERNIGHT,TFIDF_LINSVM,2018-07,"{""C"": 0.1}",120,2018-06-29 20:00:00+00:00,2018-07-02 13:25:00+00:00,21,0.38095238095238093,0.5,0.0,0.0,0.0,0.0,0.0,1.0,0.0,0.6190476190476191,True,0.48076923076923084,
AAPL,1d:DNEWS_OVERNIGHT,TFIDF_LINSVM,2018-07,"{""C"": 1.0}",120,2018-06-29 20:00:00+00:00,2018-07-02 13:25:00+00:00,21,0.38095238095238093,0.5,0.0,0.0,0.0,0.0,0.0,1.0,0.0,0.6190476190476191,True,0.4903846153846154,
AAPL,1d:DNEWS_OVERNIGHT,TFIDF_LINSVM,2018-08,"{""C"": 0.01}",141,2018-07-31 20:00:00+00:00,2018-08-01 13:25:00+00:00,23,0.2608695652173913,0.5,0.0,0.0,0.0,0.0,0.0,1.0,0.0,0.7391304347826086,True,0.4019607843137255,
AAPL,1d:DNEWS_OVERNIGHT,TFIDF_LINSVM,2018-08,"{""C"": 0.1}",141,2018-07-31 20:00:00+00:00,2018-08-01 13:25:00+00:00,23,0.2608695652173913,0.5,0.0,0.0,0.0,0.0,0.0,1.0,0.0,0.7391304347826086,True,0.411764705882353,
AAPL,1d:DNEWS_OVERNIGHT,TFIDF_LINSVM,2018-08,"{""C"": 1.0}",141,2018-07-31 20:00:00+00:00,2018-08-01 13:25:00+00:00,23,0.5217391304347826,0.5686274509803921,0.1215783580010781,0.8,0.47058823529411764,0.5925925925925926,0.47058823529411764,0.6666666666666666,0.43478260869565216,0.7391304347826086,False,0.4019607843137255,
AAPL,1d:DNEWS_OVERNIGHT,TFIDF_LINSVM,2018-09,"{""C"": 0.01}",164,2018-08-31 20:00:00+00:00,2018-09-04 13:25:00+00:00,19,0.47368421052631576,0.5,0.0,0.47368421052631576,1.0,0.6428571428571429,1.0,0.0,1.0,0.47368421052631576,True,0.611111111111111,
AAPL,1d:DNEWS_OVERNIGHT,TFIDF_LINSVM,2018-09,"{""C"": 0.1}",164,2018-08-31 20:00:00+00:00,2018-09-04 13:25:00+00:00,19,0.47368421052631576,0.5,0.0,0.47368421052631576,1.0,0.6428571428571429,1.0,0.0,1.0,0.47368421052631576,True,0.611111111111111,
AAPL,1d:DNEWS_OVERNIGHT,TFIDF_LINSVM,2018-09,"{""C"": 1.0}",164,2018-08-31 20:00:00+00:00,2018-09-04 13:25:00+00:00,19,0.47368421052631576,0.4944444444444444,-0.018077538151554683,0.47058823529411764,0.8888888888888888,0.6153846153846154,0.8888888888888888,0.1,0.8947368421052632,0.47368421052631576,False,0.6222222222222222,
AAPL,1d:DNEWS_OVERNIGHT,TFIDF_LINSVM,2018-10,"{""C"": 0.01}",183,2018-09-28 20:00:00+00:00,2018-10-01 13:25:00+00:00,23,0.4782608695652174,0.5,0.0,0.4782608695652174,1.0,0.6470588235294118,1.0,0.0,1.0,0.4782608695652174,True,0.4242424242424242,
AAPL,1d:DNEWS_OVERNIGHT,TFIDF_LINSVM,2018-10,"{""C"": 0.1}",183,2018-09-28 20:00:00+00:00,2018-10-01 13:25:00+00:00,23,0.4782608695652174,0.5,0.0,0.4782608695652174,1.0,0.6470588235294118,1.0,0.0,1.0,0.4782608695652174,True,0.4242424242424242,
AAPL,1d:DNEWS_OVERNIGHT,TFIDF_LINSVM,2018-10,"{""C"": 1.0}",183,2018-09-28 20:00:00+00:00,2018-10-01 13:25:00+00:00,23,0.5652173913043478,0.5795454545454546,0.20966480425560383,0.5263157894736842,0.9090909090909091,0.6666666666666666,0.9090909090909091,0.25,0.8260869565217391,0.4782608695652174,False,0.4393939393939394,
AAPL,1d:DNEWS_OVERNIGHT,TFIDF_LINSVM,2018-11,"{""C"": 0.01}",206,2018-10-31 20:00:00+00:00,2018-11-01 13:25:00+00:00,21,0.3333333333333333,0.5,0.0,0.3333333333333333,1.0,0.5,1.0,0.0,1.0,0.3333333333333333,True,0.2551020408163265,
AAPL,1d:DNEWS_OVERNIGHT,TFIDF_LINSVM,2018-11,"{""C"": 0.1}",206,2018-10-31 20:00:00+00:00,2018-11-01 13:25:00+00:00,21,0.3333333333333333,0.5,0.0,0.3333333333333333,1.0,0.5,1.0,0.0,1.0,0.3333333333333333,True,0.2551020408163265,
AAPL,1d:DNEWS_OVERNIGHT,TFIDF_LINSVM,2018-11,"{""C"": 1.0}",206,2018-10-31 20:00:00+00:00,2018-11-01 13:25:00+00:00,21,0.2857142857142857,0.3214285714285714,-0.35714285714285715,0.21428571428571427,0.42857142857142855,0.2857142857142857,0.42857142857142855,0.21428571428571427,0.6666666666666666,0.3333333333333333,False,0.2551020408163265,
AAPL,1d:DNEWS_OVERNIGHT,TFIDF_LINSVM,2018-12,"{""C"": 0.01}",227,2018-11-30 21:00:00+00:00,2018-12-03 14:25:00+00:00,19,0.6842105263157895,0.5,0.0,0.0,0.0,0.0,0.0,1.0,0.0,0.3157894736842105,True,0.6538461538461539,
AAPL,1d:DNEWS_OVERNIGHT,TFIDF_LINSVM,2018-12,"{""C"": 0.1}",227,2018-11-30 21:00:00+00:00,2018-12-03 14:25:00+00:00,19,0.6842105263157895,0.5448717948717949,0.13592873654160803,0.5,0.16666666666666666,0.25,0.16666666666666666,0.9230769230769231,0.10526315789473684,0.3157894736842105,False,0.641025641025641,
AAPL,1d:DNEWS_OVERNIGHT,TFIDF_LINSVM,2018-12,"{""C"": 1.0}",227,2018-11-30 21:00:00+00:00,2018-12-03 14:25:00+00:00,19,0.6842105263157895,0.6346153846153846,0.2692307692307692,0.5,0.5,0.5,0.5,0.7692307692307693,0.3157894736842105,0.3157894736842105,False,0.6282051282051282,
AAPL,1d:DNEWS_OVERNIGHT,TFIDF_LINSVM,2019-01,"{""C"": 0.01}",246,2018-12-31 21:00:00+00:00,2019-01-02 14:25:00+00:00,21,0.47619047619047616,0.5,0.0,0.0,0.0,0.0,0.0,1.0,0.0,0.5238095238095238,True,0.5636363636363637,
AAPL,1d:DNEWS_OVERNIGHT,TFIDF_LINSVM,2019-01,"{""C"": 0.1}",246,2018-12-31 21:00:00+00:00,2019-01-02 14:25:00+00:00,21,0.47619047619047616,0.5,0.0,0.0,0.0,0.0,0.0,1.0,0.0,0.5238095238095238,True,0.5818181818181818,
AAPL,1d:DNEWS_OVERNIGHT,TFIDF_LINSVM,2019-01,"{""C"": 1.0}",246,2018-12-31 21:00:00+00:00,2019-01-02 14:25:00+00:00,21,0.5714285714285714,0.5909090909090909,0.309344112444873,1.0,0.18181818181818182,0.3076923076923077,0.18181818181818182,1.0,0.09523809523809523,0.5238095238095238,False,0.6,
AAPL,1d:DNEWS_OVERNIGHT,TFIDF_LINSVM,2019-02,"{""C"": 0.01}",267,2019-01-31 21:00:00+00:00,2019-02-01 14:25:00+00:00,1,0.0,,,0.0,0.0,0.0,0.0,0.0,0.0,1.0,True,,
AAPL,1d:DNEWS_OVERNIGHT,TFIDF_LINSVM,2019-02,"{""C"": 0.1}",267,2019-01-31 21:00:00+00:00,2019-02-01 14:25:00+00:00,1,0.0,,,0.0,0.0,0.0,0.0,0.0,0.0,1.0,True,,
AAPL,1d:DNEWS_OVERNIGHT,TFIDF_LINSVM,2019-02,"{""C"": 1.0}",267,2019-01-31 21:00:00+00:00,2019-02-01 14:25:00+00:00,1,1.0,,,1.0,1.0,1.0,1.0,0.0,1.0,1.0,True,,
AMZN,1d:DNEWS_24H,TFIDF_LINSVM,2018-03,"{""C"": 0.01}",35,2018-02-28 21:00:00+00:00,2018-03-01 14:25:00+00:00,21,0.42857142857142855,0.5,0.0,0.42857142857142855,1.0,0.6,1.0,0.0,1.0,0.42857142857142855,True,0.5925925925925926,
AMZN,1d:DNEWS_24H,TFIDF_LINSVM,2018-03,"{""C"": 0.1}",35,2018-02-28 21:00:00+00:00,2018-03-01 14:25:00+00:00,21,0.5238095238095238,0.5555555555555556,0.12171612389003691,0.4666666666666667,0.7777777777777778,0.5833333333333334,0.7777777777777778,0.3333333333333333,0.7142857142857143,0.42857142857142855,False,0.5462962962962963,
AMZN,1d:DNEWS_24H,TFIDF_LINSVM,2018-03,"{""C"": 1.0}",35,2018-02-28 21:00:00+00:00,2018-03-01 14:25:00+00:00,21,0.6190476190476191,0.6388888888888888,0.28306925853614895,0.5384615384615384,0.7777777777777778,0.6363636363636364,0.7777777777777778,0.5,0.6190476190476191,0.42857142857142855,False,0.5462962962962963,
AMZN,1d:DNEWS_24H,TFIDF_LINSVM,2018-04,"{""C"": 0.01}",56,2018-03-29 20:00:00+00:00,2018-04-02 13:25:00+00:00,21,0.47619047619047616,0.5,0.0,0.0,0.0,0.0,0.0,1.0,0.0,0.5238095238095238,True,0.35,
AMZN,1d:DNEWS_24H,TFIDF_LINSVM,2018-04,"{""C"": 0.1}",56,2018-03-29 20:00:00+00:00,2018-04-02 13:25:00+00:00,21,0.5238095238095238,0.5454545454545454,0.21320071635561041,1.0,0.09090909090909091,0.16666666666666666,0.09090909090909091,1.0,0.047619047619047616,0.5238095238095238,False,0.3136363636363636,
AMZN,1d:DNEWS_24H,TFIDF_LINSVM,2018-04,"{""C"": 1.0}",56,2018-03-29 20:00:00+00:00,2018-04-02 13:25:00+00:00,21,0.3333333333333333,0.34090909090909094,-0.337099931231621,0.2857142857142857,0.18181818181818182,0.2222222222222222,0.18181818181818182,0.5,0.3333333333333333,0.5238095238095238,False,0.3409090909090909,
AMZN,1d:DNEWS_24H,TFIDF_LINSVM,2018-05,"{""C"": 0.01}",77,2018-04-30 20:00:00+00:00,2018-05-01 13:25:00+00:00,22,0.45454545454545453,0.5,0.0,0.0,0.0,0.0,0.0,1.0,0.0,0.5454545454545454,True,0.30416666666666664,
AMZN,1d:DNEWS_24H,TFIDF_LINSVM,2018-05,"{""C"": 0.1}",77,2018-04-30 20:00:00+00:00,2018-05-01 13:25:00+00:00,22,0.36363636363636365,0.375,-0.25877458475338283,0.375,0.25,0.3,0.25,0.5,0.36363636363636365,0.5454545454545454,False,0.2791666666666667,
AMZN,1d:DNEWS_24H,TFIDF_LINSVM,2018-05,"{""C"": 1.0}",77,2018-04-30 20:00:00+00:00,2018-05-01 13:25:00+00:00,22,0.36363636363636365,0.375,-0.25877458475338283,0.375,0.25,0.3,0.25,0.5,0.36363636363636365,0.5454545454545454,False,0.3458333333333333,
AMZN,1d:DNEWS_24H,TFIDF_LINSVM,2018-06,"{""C"": 0.01}",99,2018-05-31 20:00:00+00:00,2018-06-01 13:25:00+00:00,21,0.5714285714285714,0.5,0.0,0.5714285714285714,1.0,0.7272727272727273,1.0,0.0,1.0,0.5714285714285714,True,0.5601851851851851,
AMZN,1d:DNEWS_24H,TFIDF_LINSVM,2018-06,"{""C"": 0.1}",99,2018-05-31 20:00:00+00:00,2018-06-01 13:25:00+00:00,21,0.6190476190476191,0.5833333333333334,0.19364916731037085,0.625,0.8333333333333334,0.7142857142857143,0.8333333333333334,0.3333333333333333,0.7619047619047619,0.5714285714285714,False,0.5324074074074074,
AMZN,1d:DNEWS_24H,TFIDF_LINSVM,2018-06,"{""C"": 1.0}",99,2018-05-31 20:00:00+00:00,2018-06-01 13:25:00+00:00,21,0.5238095238095238,0.5,0.0,0.5714285714285714,0.6666666666666666,0.6153846153846154,0.6666666666666666,0.3333333333333333,0.6666666666666666,0.5714285714285714,False,0.48611111111111116,
AMZN,1d:DNEWS_24H,TFIDF_LINSVM,2018-07,"{""C"": 0.01}",120,2018-06-29 20:00:00+00:00,2018-07-02 13:25:00+00:00,21,0.47619047619047616,0.5,0.0,0.47619047619047616,1.0,0.6451612903225806,1.0,0.0,1.0,0.47619047619047616,True,0.4909090909090909,
AMZN,1d:DNEWS_24H,TFIDF_LINSVM,2018-07,"{""C"": 0.1}",120,2018-06-29 20:00:00+00:00,2018-07-02 13:25:00+00:00,21,0.42857142857142855,0.45,-0.23452078799117146,0.45,0.9,0.6,0.9,0.0,0.9523809523809523,0.47619047619047616,False,0.4545454545454546,
AMZN,1d:DNEWS_24H,TFIDF_LINSVM,2018-07,"{""C"": 1.0}",120,2018-06-29 20:00:00+00:00,2018-07-02 13:25:00+00:00,21,0.47619047619047616,0.48636363636363633,-0.03015113445777636,0.4666666666666667,0.7,0.56,0.7,0.2727272727272727,0.7142857142857143,0.47619047619047616,False,0.4636363636363636,
AMZN,1d:DNEWS_24H,TFIDF_LINSVM,2018-08,"{""C"": 0.01}",141,2018-07-31 20:00:00+00:00,2018-08-01 13:25:00+00:00,23,0.6086956521739131,0.5,0.0,0.6086956521739131,1.0,0.7567567567567568,1.0,0.0,1.0,0.6086956521739131,True,0.23015873015873017,
AMZN,1d:DNEWS_24H,TFIDF_LINSVM,2018-08,"{""C"": 0.1}",141,2018-07-31 20:00:00+00:00,2018-08-01 13:25:00+00:00,23,0.6521739130434783,0.5555555555555556,0.26590801173915524,0.6363636363636364,1.0,0.7777777777777778,1.0,0.1111111111111111,0.9565217391304348,0.6086956521739131,False,0.3650793650793651,
AMZN,1d:DNEWS_24H,TFIDF_LINSVM,2018-08,"{""C"": 1.0}",141,2018-07-31 20:00:00+00:00,2018-08-01 13:25:00+00:00,23,0.5217391304347826,0.48809523809523814,-0.02439750182371333,0.6,0.6428571428571429,0.6206896551724138,0.6428571428571429,0.3333333333333333,0.6521739130434783,0.6086956521739131,False,0.3730158730158731,
AMZN,1d:DNEWS_24H,TFIDF_LINSVM,2018-09,"{""C"": 0.01}",164,2018-08-31 20:00:00+00:00,2018-09-04 13:25:00+00:00,19,0.47368421052631576,0.5,0.0,0.47368421052631576,1.0,0.6428571428571429,1.0,0.0,1.0,0.47368421052631576,True,0.32222222222222224,
AMZN,1d:DNEWS_24H,TFIDF_LINSVM,2018-09,"{""C"": 0.1}",164,2018-08-31 20:00:00+00:00,2018-09-04 13:25:00+00:00,19,0.47368421052631576,0.5,0.0,0.47368421052631576,1.0,0.6428571428571429,1.0,0.0,1.0,0.47368421052631576,True,0.32222222222222224,
AMZN,1d:DNEWS_24H,TFIDF_LINSVM,2018-09,"{""C"": 1.0}",164,2018-08-31 20:00:00+00:00,2018-09-04 13:25:00+00:00,19,0.3684210526315789,0.37222222222222223,-0.2584432806109095,0.36363636363636365,0.4444444444444444,0.4,0.4444444444444444,0.3,0.5789473684210527,0.47368421052631576,False,0.32222222222222224,
AMZN,1d:DNEWS_24H,TFIDF_LINSVM,2018-10,"{""C"": 0.01}",183,2018-09-28 20:00:00+00:00,2018-10-01 13:25:00+00:00,23,0.391304347826087,0.5,0.0,0.391304347826087,1.0,0.5625,1.0,0.0,1.0,0.391304347826087,True,0.7063492063492063,
AMZN,1d:DNEWS_24H,TFIDF_LINSVM,2018-10,"{""C"": 0.1}",183,2018-09-28 20:00:00+00:00,2018-10-01 13:25:00+00:00,23,0.391304347826087,0.5,0.0,0.391304347826087,1.0,0.5625,1.0,0.0,1.0,0.391304347826087,True,0.6746031746031745,
AMZN,1d:DNEWS_24H,TFIDF_LINSVM,2018-10,"{""C"": 1.0}",183,2018-09-28 20:00:00+00:00,2018-10-01 13:25:00+00:00,23,0.5217391304347826,0.5674603174603174,0.1431049438115632,0.4375,0.7777777777777778,0.56,0.7777777777777778,0.35714285714285715,0.6956521739130435,0.391304347826087,False,0.626984126984127,
AMZN,1d:DNEWS_24H,TFIDF_LINSVM,2018-11,"{""C"": 0.01}",206,2018-10-31 20:00:00+00:00,2018-11-01 13:25:00+00:00,21,0.5238095238095238,0.5,0.0,0.5238095238095238,1.0,0.6875,1.0,0.0,1.0,0.5238095238095238,True,0.49090909090909096,
AMZN,1d:DNEWS_24H,TFIDF_LINSVM,2018-11,"{""C"": 0.1}",206,2018-10-31 20:00:00+00:00,2018-11-01 13:25:00+00:00,21,0.42857142857142855,0.4181818181818182,-0.18090680674665818,0.4666666666666667,0.6363636363636364,0.5384615384615384,0.6363636363636364,0.2,0.7142857142857143,0.5238095238095238,False,0.36363636363636365,
AMZN,1d:DNEWS_24H,TFIDF_LINSVM,2018-11,"{""C"": 1.0}",206,2018-10-31 20:00:00+00:00,2018-11-01 13:25:00+00:00,21,0.19047619047619047,0.19090909090909092,-0.6181818181818182,0.2,0.18181818181818182,0.19047619047619047,0.18181818181818182,0.2,0.47619047619047616,0.5238095238095238,False,0.32727272727272727,
AMZN,1d:DNEWS_24H,TFIDF_LINSVM,2018-12,"{""C"": 0.01}",227,2018-11-30 21:00:00+00:00,2018-12-03 14:25:00+00:00,19,0.3684210526315789,0.5,0.0,0.3684210526315789,1.0,0.5384615384615384,1.0,0.0,1.0,0.3684210526315789,True,0.48214285714285715,
AMZN,1d:DNEWS_24H,TFIDF_LINSVM,2018-12,"{""C"": 0.1}",227,2018-11-30 21:00:00+00:00,2018-12-03 14:25:00+00:00,19,0.42105263157894735,0.5119047619047619,0.0314970394174356,0.375,0.8571428571428571,0.5217391304347826,0.8571428571428571,0.16666666666666666,0.8421052631578947,0.3684210526315789,False,0.4821428571428571,
AMZN,1d:DNEWS_24H,TFIDF_LINSVM,2018-12,"{""C"": 1.0}",227,2018-11-30 21:00:00+00:00,2018-12-03 14:25:00+00:00,19,0.42105263157894735,0.39285714285714285,-0.20935894733965593,0.25,0.2857142857142857,0.26666666666666666,0.2857142857142857,0.5,0.42105263157894735,0.3684210526315789,False,0.43452380952380953,
AMZN,1d:DNEWS_24H,TFIDF_LINSVM,2019-01,"{""C"": 0.01}",246,2018-12-31 21:00:00+00:00,2019-01-02 14:25:00+00:00,21,0.47619047619047616,0.5,0.0,0.0,0.0,0.0,0.0,1.0,0.0,0.5238095238095238,True,0.6454545454545455,
AMZN,1d:DNEWS_24H,TFIDF_LINSVM,2019-01,"{""C"": 0.1}",246,2018-12-31 21:00:00+00:00,2019-01-02 14:25:00+00:00,21,0.6190476190476191,0.6272727272727273,0.26967994498529685,0.7142857142857143,0.45454545454545453,0.5555555555555556,0.45454545454545453,0.8,0.3333333333333333,0.5238095238095238,False,0.6818181818181819,
AMZN,1d:DNEWS_24H,TFIDF_LINSVM,2019-01,"{""C"": 1.0}",246,2018-12-31 21:00:00+00:00,2019-01-02 14:25:00+00:00,21,0.6190476190476191,0.6181818181818182,0.23636363636363636,0.6363636363636364,0.6363636363636364,0.6363636363636364,0.6363636363636364,0.6,0.5238095238095238,0.5238095238095238,False,0.6545454545454545,
AMZN,1d:DNEWS_24H,TFIDF_LINSVM,2019-02,"{""C"": 0.01}",267,2019-01-31 21:00:00+00:00,2019-02-01 14:25:00+00:00,1,1.0,,,0.0,0.0,0.0,0.0,1.0,0.0,0.0,True,,
AMZN,1d:DNEWS_24H,TFIDF_LINSVM,2019-02,"{""C"": 0.1}",267,2019-01-31 21:00:00+00:00,2019-02-01 14:25:00+00:00,1,1.0,,,0.0,0.0,0.0,0.0,1.0,0.0,0.0,True,,
AMZN,1d:DNEWS_24H,TFIDF_LINSVM,2019-02,"{""C"": 1.0}",267,2019-01-31 21:00:00+00:00,2019-02-01 14:25:00+00:00,1,1.0,,,0.0,0.0,0.0,0.0,1.0,0.0,0.0,True,,
AMZN,1d:DNEWS_OVERNIGHT,TFIDF_LINSVM,2018-03,"{""C"": 0.01}",35,2018-02-28 21:00:00+00:00,2018-03-01 14:25:00+00:00,21,0.42857142857142855,0.5,0.0,0.42857142857142855,1.0,0.6,1.0,0.0,1.0,0.42857142857142855,True,0.3333333333333333,
AMZN,1d:DNEWS_OVERNIGHT,TFIDF_LINSVM,2018-03,"{""C"": 0.1}",35,2018-02-28 21:00:00+00:00,2018-03-01 14:25:00+00:00,21,0.3333333333333333,0.3888888888888889,-0.37463432463267765,0.3684210526315789,0.7777777777777778,0.5,0.7777777777777778,0.0,0.9047619047619048,0.42857142857142855,False,0.3333333333333333,
AMZN,1d:DNEWS_OVERNIGHT,TFIDF_LINSVM,2018-03,"{""C"": 1.0}",35,2018-02-28 21:00:00+00:00,2018-03-01 14:25:00+00:00,21,0.3333333333333333,0.3611111111111111,-0.3042903097250923,0.3333333333333333,0.5555555555555556,0.4166666666666667,0.5555555555555556,0.16666666666666666,0.7142857142857143,0.42857142857142855,False,0.324074074074074,
AMZN,1d:DNEWS_OVERNIGHT,TFIDF_LINSVM,2018-04,"{""C"": 0.01}",56,2018-03-29 20:00:00+00:00,2018-04-02 13:25:00+00:00,21,0.47619047619047616,0.5,0.0,0.0,0.0,0.0,0.0,1.0,0.0,0.5238095238095238,True,0.5136363636363637,
AMZN,1d:DNEWS_OVERNIGHT,TFIDF_LINSVM,2018-04,"{""C"": 0.1}",56,2018-03-29 20:00:00+00:00,2018-04-02 13:25:00+00:00,21,0.5238095238095238,0.5454545454545454,0.21320071635561041,1.0,0.09090909090909091,0.16666666666666666,0.09090909090909091,1.0,0.047619047619047616,0.5238095238095238,False,0.5045454545454545,
AMZN,1d:DNEWS_OVERNIGHT,TFIDF_LINSVM,2018-04,"{""C"": 1.0}",56,2018-03-29 20:00:00+00:00,2018-04-02 13:25:00+00:00,21,0.6190476190476191,0.6318181818181818,0.3091410387156351,0.8,0.36363636363636365,0.5,0.36363636363636365,0.9,0.23809523809523808,0.5238095238095238,False,0.5590909090909091,
AMZN,1d:DNEWS_OVERNIGHT,TFIDF_LINSVM,2018-05,"{""C"": 0.01}",77,2018-04-30 20:00:00+00:00,2018-05-01 13:25:00+00:00,22,0.45454545454545453,0.5,0.0,0.0,0.0,0.0,0.0,1.0,0.0,0.5454545454545454,True,0.39166666666666666,
AMZN,1d:DNEWS_OVERNIGHT,TFIDF_LINSVM,2018-05,"{""C"": 0.1}",77,2018-04-30 20:00:00+00:00,2018-05-01 13:25:00+00:00,22,0.45454545454545453,0.4916666666666667,-0.028867513459481284,0.5,0.08333333333333333,0.14285714285714285,0.08333333333333333,0.9,0.09090909090909091,0.5454545454545454,False,0.49166666666666664,
AMZN,1d:DNEWS_OVERNIGHT,TFIDF_LINSVM,2018-05,"{""C"": 1.0}",77,2018-04-30 20:00:00+00:00,2018-05-01 13:25:00+00:00,22,0.5909090909090909,0.6083333333333334,0.23162640965743445,0.7142857142857143,0.4166666666666667,0.5263157894736842,0.4166666666666667,0.8,0.3181818181818182,0.5454545454545454,False,0.5416666666666667,
AMZN,1d:DNEWS_OVERNIGHT,TFIDF_LINSVM,2018-06,"{""C"": 0.01}",99,2018-05-31 20:00:00+00:00,2018-06-01 13:25:00+00:00,21,0.5714285714285714,0.5,0.0,0.5714285714285714,1.0,0.7272727272727273,1.0,0.0,1.0,0.5714285714285714,True,0.5138888888888888,
AMZN,1d:DNEWS_OVERNIGHT,TFIDF_LINSVM,2018-06,"{""C"": 0.1}",99,2018-05-31 20:00:00+00:00,2018-06-01 13:25:00+00:00,21,0.5238095238095238,0.4722222222222222,-0.07856742013183861,0.5555555555555556,0.8333333333333334,0.6666666666666666,0.8333333333333334,0.1111111111111111,0.8571428571428571,0.5714285714285714,False,0.5046296296296297,
AMZN,1d:DNEWS_OVERNIGHT,TFIDF_LINSVM,2018-06,"{""C"": 1.0}",99,2018-05-31 20:00:00+00:00,2018-06-01 13:25:00+00:00,21,0.5714285714285714,0.5416666666666666,0.09128709291752768,0.6,0.75,0.6666666666666666,0.75,0.3333333333333333,0.7142857142857143,0.5714285714285714,False,0.513888888888889,
AMZN,1d:DNEWS_OVERNIGHT,TFIDF_LINSVM,2018-07,"{""C"": 0.01}",120,2018-06-29 20:00:00+00:00,2018-07-02 13:25:00+00:00,21,0.47619047619047616,0.5,0.0,0.47619047619047616,1.0,0.6451612903225806,1.0,0.0,1.0,0.47619047619047616,True,0.46818181818181814,
AMZN,1d:DNEWS_OVERNIGHT,TFIDF_LINSVM,2018-07,"{""C"": 0.1}",120,2018-06-29 20:00:00+00:00,2018-07-02 13:25:00+00:00,21,0.47619047619047616,0.4954545454545455,-0.015467205622243648,0.47368421052631576,0.9,0.6206896551724138,0.9,0.09090909090909091,0.9047619047619048,0.47619047619047616,False,0.4409090909090909,
AMZN,1d:DNEWS_OVERNIGHT,TFIDF_LINSVM,2018-07,"{""C"": 1.0}",120,2018-06-29 20:00:00+00:00,2018-07-02 13:25:00+00:00,21,0.42857142857142855,0.42727272727272725,-0.14545454545454545,0.4,0.4,0.4,0.4,0.45454545454545453,0.47619047619047616,0.47619047619047616,False,0.42272727272727273,
AMZN,1d:DNEWS_OVERNIGHT,TFIDF_LINSVM,2018-08,"{""C"": 0.01}",141,2018-07-31 20:00:00+00:00,2018-08-01 13:25:00+00:00,23,0.6086956521739131,0.5,0.0,0.6086956521739131,1.0,0.7567567567567568,1.0,0.0,1.0,0.6086956521739131,True,0.4523809523809524,
AMZN,1d:DNEWS_OVERNIGHT,TFIDF_LINSVM,2018-08,"{""C"": 0.1}",141,2018-07-31 20:00:00+00:00,2018-08-01 13:25:00+00:00,23,0.6521739130434783,0.6349206349206349,0.2698412698412698,0.7142857142857143,0.7142857142857143,0.7142857142857143,0.7142857142857143,0.5555555555555556,0.6086956521739131,0.6086956521739131,False,0.5952380952380952,
AMZN,1d:DNEWS_OVERNIGHT,TFIDF_LINSVM,2018-08,"{""C"": 1.0}",141,2018-07-31 20:00:00+00:00,2018-08-01 13:25:00+00:00,23,0.5217391304347826,0.5476190476190476,0.09523809523809523,0.6666666666666666,0.42857142857142855,0.5217391304347826,0.42857142857142855,0.6666666666666666,0.391304347826087,0.6086956521739131,False,0.6031746031746033,
AMZN,1d:DNEWS_OVERNIGHT,TFIDF_LINSVM,2018-09,"{""C"": 0.01}",164,2018-08-31 20:00:00+00:00,2018-09-04 13:25:00+00:00,19,0.47368421052631576,0.5,0.0,0.47368421052631576,1.0,0.6428571428571429,1.0,0.0,1.0,0.47368421052631576,True,0.4222222222222222,
AMZN,1d:DNEWS_OVERNIGHT,TFIDF_LINSVM,2018-09,"{""C"": 0.1}",164,2018-08-31 20:00:00+00:00,2018-09-04 13:25:00+00:00,19,0.47368421052631576,0.5,0.0,0.47368421052631576,1.0,0.6428571428571429,1.0,0.0,1.0,0.47368421052631576,True,0.4333333333333333,
AMZN,1d:DNEWS_OVERNIGHT,TFIDF_LINSVM,2018-09,"{""C"": 1.0}",164,2018-08-31 20:00:00+00:00,2018-09-04 13:25:00+00:00,19,0.47368421052631576,0.48888888888888893,-0.027216552697590865,0.4666666666666667,0.7777777777777778,0.5833333333333334,0.7777777777777778,0.2,0.7894736842105263,0.47368421052631576,False,0.5666666666666667,
AMZN,1d:DNEWS_OVERNIGHT,TFIDF_LINSVM,2018-10,"{""C"": 0.01}",183,2018-09-28 20:00:00+00:00,2018-10-01 13:25:00+00:00,23,0.391304347826087,0.5,0.0,0.391304347826087,1.0,0.5625,1.0,0.0,1.0,0.391304347826087,True,0.7063492063492063,
AMZN,1d:DNEWS_OVERNIGHT,TFIDF_LINSVM,2018-10,"{""C"": 0.1}",183,2018-09-28 20:00:00+00:00,2018-10-01 13:25:00+00:00,23,0.43478260869565216,0.5158730158730158,0.046004370622823615,0.4,0.8888888888888888,0.5517241379310345,0.8888888888888888,0.14285714285714285,0.8695652173913043,0.391304347826087,False,0.6587301587301587,
AMZN,1d:DNEWS_OVERNIGHT,TFIDF_LINSVM,2018-10,"{""C"": 1.0}",183,2018-09-28 20:00:00+00:00,2018-10-01 13:25:00+00:00,23,0.5217391304347826,0.5277777777777778,0.054278245606577465,0.4166666666666667,0.5555555555555556,0.47619047619047616,0.5555555555555556,0.5,0.5217391304347826,0.391304347826087,False,0.6031746031746031,
AMZN,1d:DNEWS_OVERNIGHT,TFIDF_LINSVM,2018-11,"{""C"": 0.01}",206,2018-10-31 20:00:00+00:00,2018-11-01 13:25:00+00:00,21,0.5238095238095238,0.5,0.0,0.5238095238095238,1.0,0.6875,1.0,0.0,1.0,0.5238095238095238,True,0.509090909090909,
AMZN,1d:DNEWS_OVERNIGHT,TFIDF_LINSVM,2018-11,"{""C"": 0.1}",206,2018-10-31 20:00:00+00:00,2018-11-01 13:25:00+00:00,21,0.38095238095238093,0.38181818181818183,-0.23636363636363636,0.4,0.36363636363636365,0.38095238095238093,0.36363636363636365,0.4,0.47619047619047616,0.5238095238095238,False,0.42727272727272725,
AMZN,1d:DNEWS_OVERNIGHT,TFIDF_LINSVM,2018-11,"{""C"": 1.0}",206,2018-10-31 20:00:00+00:00,2018-11-01 13:25:00+00:00,21,0.3333333333333333,0.33636363636363636,-0.3302891295379082,0.3333333333333333,0.2727272727272727,0.3,0.2727272727272727,0.4,0.42857142857142855,0.5238095238095238,False,0.38181818181818183,
AMZN,1d:DNEWS_OVERNIGHT,TFIDF_LINSVM,2018-12,"{""C"": 0.01}",227,2018-11-30 21:00:00+00:00,2018-12-03 14:25:00+00:00,19,0.3684210526315789,0.5,0.0,0.3684210526315789,1.0,0.5384615384615384,1.0,0.0,1.0,0.3684210526315789,True,0.7976190476190476,
AMZN,1d:DNEWS_OVERNIGHT,TFIDF_LINSVM,2018-12,"{""C"": 0.1}",227,2018-11-30 21:00:00+00:00,2018-12-03 14:25:00+00:00,19,0.631578947368421,0.7083333333333334,0.45643546458763845,0.5,1.0,0.6666666666666666,1.0,0.4166666666666667,0.7368421052631579,0.3684210526315789,False,0.7857142857142857,
AMZN,1d:DNEWS_OVERNIGHT,TFIDF_LINSVM,2018-12,"{""C"": 1.0}",227,2018-11-30 21:00:00+00:00,2018-12-03 14:25:00+00:00,19,0.7368421052631579,0.7619047619047619,0.5060480768510598,0.6,0.8571428571428571,0.7058823529411765,0.8571428571428571,0.6666666666666666,0.5263157894736842,0.3684210526315789,False,0.8095238095238095,
AMZN,1d:DNEWS_OVERNIGHT,TFIDF_LINSVM,2019-01,"{""C"": 0.01}",246,2018-12-31 21:00:00+00:00,2019-01-02 14:25:00+00:00,21,0.47619047619047616,0.5,0.0,0.0,0.0,0.0,0.0,1.0,0.0,0.5238095238095238,True,0.43636363636363634,
AMZN,1d:DNEWS_OVERNIGHT,TFIDF_LINSVM,2019-01,"{""C"": 0.1}",246,2018-12-31 21:00:00+00:00,2019-01-02 14:25:00+00:00,21,0.38095238095238093,0.3909090909090909,-0.2412090756622109,0.3333333333333333,0.18181818181818182,0.23529411764705882,0.18181818181818182,0.6,0.2857142857142857,0.5238095238095238,False,0.38181818181818183,
AMZN,1d:DNEWS_OVERNIGHT,TFIDF_LINSVM,2019-01,"{""C"": 1.0}",246,2018-12-31 21:00:00+00:00,2019-01-02 14:25:00+00:00,21,0.38095238095238093,0.38636363636363635,-0.2337367475021143,0.375,0.2727272727272727,0.3157894736842105,0.2727272727272727,0.5,0.38095238095238093,0.5238095238095238,False,0.36363636363636365,
AMZN,1d:DNEWS_OVERNIGHT,TFIDF_LINSVM,2019-02,"{""C"": 0.01}",267,2019-01-31 21:00:00+00:00,2019-02-01 14:25:00+00:00,1,1.0,,,0.0,0.0,0.0,0.0,1.0,0.0,0.0,True,,
AMZN,1d:DNEWS_OVERNIGHT,TFIDF_LINSVM,2019-02,"{""C"": 0.1}",267,2019-01-31 21:00:00+00:00,2019-02-01 14:25:00+00:00,1,1.0,,,0.0,0.0,0.0,0.0,1.0,0.0,0.0,True,,
AMZN,1d:DNEWS_OVERNIGHT,TFIDF_LINSVM,2019-02,"{""C"": 1.0}",267,2019-01-31 21:00:00+00:00,2019-02-01 14:25:00+00:00,1,1.0,,,0.0,0.0,0.0,0.0,1.0,0.0,0.0,True,,
AAPL,1d:DNEWS_24H,TFIDF_RF,2018-03,"{""max_depth"": 8, ""min_samples_leaf"": 1}",35,2018-02-28 21:00:00+00:00,2018-03-01 14:25:00+00:00,21,0.6190476190476191,0.5,0.0,0.0,0.0,0.0,0.0,1.0,0.0,0.38095238095238093,True,0.3317307692307692,0.2545055261610817
AAPL,1d:DNEWS_24H,TFIDF_RF,2018-03,"{""max_depth"": 8, ""min_samples_leaf"": 5}",35,2018-02-28 21:00:00+00:00,2018-03-01 14:25:00+00:00,21,0.6190476190476191,0.5,0.0,0.0,0.0,0.0,0.0,1.0,0.0,0.38095238095238093,True,0.49038461538461536,0.2426483828979438
AAPL,1d:DNEWS_24H,TFIDF_RF,2018-03,"{""max_depth"": null, ""min_samples_leaf"": 1}",35,2018-02-28 21:00:00+00:00,2018-03-01 14:25:00+00:00,21,0.6190476190476191,0.5,0.0,0.0,0.0,0.0,0.0,1.0,0.0,0.38095238095238093,True,0.3317307692307692,0.25457936507936507
AAPL,1d:DNEWS_24H,TFIDF_RF,2018-03,"{""max_depth"": null, ""min_samples_leaf"": 5}",35,2018-02-28 21:00:00+00:00,2018-03-01 14:25:00+00:00,21,0.6190476190476191,0.5,0.0,0.0,0.0,0.0,0.0,1.0,0.0,0.38095238095238093,True,0.49038461538461536,0.2426483828979438
AAPL,1d:DNEWS_24H,TFIDF_RF,2018-04,"{""max_depth"": 8, ""min_samples_leaf"": 1}",56,2018-03-29 20:00:00+00:00,2018-04-02 13:25:00+00:00,21,0.6190476190476191,0.6666666666666666,0.42008402520840293,1.0,0.3333333333333333,0.5,0.3333333333333333,1.0,0.19047619047619047,0.5714285714285714,False,0.4629629629629629,0.27318808156046004
AAPL,1d:DNEWS_24H,TFIDF_RF,2018-04,"{""max_depth"": 8, ""min_samples_leaf"": 5}",56,2018-03-29 20:00:00+00:00,2018-04-02 13:25:00+00:00,21,0.5714285714285714,0.611111111111111,0.25819888974716115,0.8,0.3333333333333333,0.47058823529411764,0.3333333333333333,0.8888888888888888,0.23809523809523808,0.5714285714285714,False,0.5185185185185185,0.26874652611418964
AAPL,1d:DNEWS_24H,TFIDF_RF,2018-04,"{""max_depth"": null, ""min_samples_leaf"": 1}",56,2018-03-29 20:00:00+00:00,2018-04-02 13:25:00+00:00,21,0.6190476190476191,0.6666666666666666,0.42008402520840293,1.0,0.3333333333333333,0.5,0.3333333333333333,1.0,0.19047619047619047,0.5714285714285714,False,0.5046296296296295,0.2724402116402116
AAPL,1d:DNEWS_24H,TFIDF_RF,2018-04,"{""max_depth"": null, ""min_samples_leaf"": 5}",56,2018-03-29 20:00:00+00:00,2018-04-02 13:25:00+00:00,21,0.5714285714285714,0.611111111111111,0.25819888974716115,0.8,0.3333333333333333,0.47058823529411764,0.3333333333333333,0.8888888888888888,0.23809523809523808,0.5714285714285714,False,0.5185185185185185,0.26874652611418964
AAPL,1d:DNEWS_24H,TFIDF_RF,2018-05,"{""max_depth"": 8, ""min_samples_leaf"": 1}",77,2018-04-30 20:00:00+00:00,2018-05-01 13:25:00+00:00,22,0.5,0.5,0.0,0.5,0.09090909090909091,0.15384615384615385,0.09090909090909091,0.9090909090909091,0.09090909090909091,0.5,False,0.6033057851239669,0.2549257880691351
AAPL,1d:DNEWS_24H,TFIDF_RF,2018-05,"{""max_depth"": 8, ""min_samples_leaf"": 5}",77,2018-04-30 20:00:00+00:00,2018-05-01 13:25:00+00:00,22,0.5,0.5,0.0,0.5,0.09090909090909091,0.15384615384615385,0.09090909090909091,0.9090909090909091,0.09090909090909091,0.5,False,0.5371900826446281,0.2550647596880098
AAPL,1d:DNEWS_24H,TFIDF_RF,2018-05,"{""max_depth"": null, ""min_samples_leaf"": 1}",77,2018-04-30 20:00:00+00:00,2018-05-01 13:25:00+00:00,22,0.5454545454545454,0.5454545454545454,0.13245323570650439,0.6666666666666666,0.18181818181818182,0.2857142857142857,0.18181818181818182,0.9090909090909091,0.13636363636363635,0.5,False,0.5826446280991735,0.25852323232323227
AAPL,1d:DNEWS_24H,TFIDF_RF,2018-05,"{""max_depth"": null, ""min_samples_leaf"": 5}",77,2018-04-30 20:00:00+00:00,2018-05-01 13:25:00+00:00,22,0.5,0.5,0.0,0.5,0.09090909090909091,0.15384615384615385,0.09090909090909091,0.9090909090909091,0.09090909090909091,0.5,False,0.5371900826446281,0.2550647596880098
AAPL,1d:DNEWS_24H,TFIDF_RF,2018-06,"{""max_depth"": 8, ""min_samples_leaf"": 1}",99,2018-05-31 20:00:00+00:00,2018-06-01 13:25:00+00:00,21,0.2857142857142857,0.3028846153846154,-0.3942307692307692,0.23076923076923078,0.375,0.2857142857142857,0.375,0.23076923076923078,0.6190476190476191,0.38095238095238093,False,0.2596153846153846,0.2940134489945289
AAPL,1d:DNEWS_24H,TFIDF_RF,2018-06,"{""max_depth"": 8, ""min_samples_leaf"": 5}",99,2018-05-31 20:00:00+00:00,2018-06-01 13:25:00+00:00,21,0.3333333333333333,0.34134615384615385,-0.31137618438976383,0.25,0.375,0.3,0.375,0.3076923076923077,0.5714285714285714,0.38095238095238093,False,0.18269230769230765,0.29688370430642314
AAPL,1d:DNEWS_24H,TFIDF_RF,2018-06,"{""max_depth"": null, ""min_samples_leaf"": 1}",99,2018-05-31 20:00:00+00:00,2018-06-01 13:25:00+00:00,21,0.23809523809523808,0.2644230769230769,-0.4853626716970755,0.21428571428571427,0.375,0.2727272727272727,0.375,0.15384615384615385,0.6666666666666666,0.38095238095238093,False,0.21153846153846156,0.3039873015873016
AAPL,1d:DNEWS_24H,TFIDF_RF,2018-06,"{""max_depth"": null, ""min_samples_leaf"": 5}",99,2018-05-31 20:00:00+00:00,2018-06-01 13:25:00+00:00,21,0.3333333333333333,0.34134615384615385,-0.31137618438976383,0.25,0.375,0.3,0.375,0.3076923076923077,0.5714285714285714,0.38095238095238093,False,0.17307692307692307,0.2969582708276723
AAPL,1d:DNEWS_24H,TFIDF_RF,2018-07,"{""max_depth"": 8, ""min_samples_leaf"": 1}",120,2018-06-29 20:00:00+00:00,2018-07-02 13:25:00+00:00,21,0.47619047619047616,0.5528846153846154,0.13080416089248587,0.75,0.23076923076923078,0.35294117647058826,0.23076923076923078,0.875,0.19047619047619047,0.6190476190476191,False,0.38461538461538464,0.30785166812300624
AAPL,1d:DNEWS_24H,TFIDF_RF,2018-07,"{""max_depth"": 8, ""min_samples_leaf"": 5}",120,2018-06-29 20:00:00+00:00,2018-07-02 13:25:00+00:00,21,0.42857142857142855,0.5144230769230769,0.04003203845127179,0.6666666666666666,0.15384615384615385,0.25,0.15384615384615385,0.875,0.14285714285714285,0.6190476190476191,False,0.44230769230769235,0.2963663737642677
AAPL,1d:DNEWS_24H,TFIDF_RF,2018-07,"{""max_depth"": null, ""min_samples_leaf"": 1}",120,2018-06-29 20:00:00+00:00,2018-07-02 13:25:00+00:00,21,0.47619047619047616,0.5528846153846154,0.13080416089248587,0.75,0.23076923076923078,0.35294117647058826,0.23076923076923078,0.875,0.19047619047619047,0.6190476190476191,False,0.40384615384615385,0.33535925925925925
AAPL,1d:DNEWS_24H,TFIDF_RF,2018-07,"{""max_depth"": null, ""min_samples_leaf"": 5}",120,2018-06-29 20:00:00+00:00,2018-07-02 13:25:00+00:00,21,0.42857142857142855,0.5144230769230769,0.04003203845127179,0.6666666666666666,0.15384615384615385,0.25,0.15384615384615385,0.875,0.14285714285714285,0.6190476190476191,False,0.43269230769230776,0.299257330894557
AAPL,1d:DNEWS_24H,TFIDF_RF,2018-08,"{""max_depth"": 8, ""min_samples_leaf"": 1}",141,2018-07-31 20:00:00+00:00,2018-08-01 13:25:00+00:00,23,0.4782608695652174,0.3235294117647059,-0.35294117647058826,0.6470588235294118,0.6470588235294118,0.6470588235294118,0.6470588235294118,0.0,0.7391304347826086,0.7391304347826086,False,0.37254901960784315,0.26070173639616795
AAPL,1d:DNEWS_24H,TFIDF_RF,2018-08,"{""max_depth"": 8, ""min_samples_leaf"": 5}",141,2018-07-31 20:00:00+00:00,2018-08-01 13:25:00+00:00,23,0.5652173913043478,0.4362745098039216,-0.12745098039215685,0.7058823529411765,0.7058823529411765,0.7058823529411765,0.7058823529411765,0.16666666666666666,0.7391304347826086,0.7391304347826086,False,0.3431372549019608,0.25521973240305046
AAPL,1d:DNEWS_24H,TFIDF_RF,2018-08,"{""max_depth"": null, ""min_samples_leaf"": 1}",141,2018-07-31 20:00:00+00:00,2018-08-01 13:25:00+00:00,23,0.5652173913043478,0.4901960784313726,-0.018077538151554683,0.7333333333333333,0.6470588235294118,0.6875,0.6470588235294118,0.3333333333333333,0.6521739130434783,0.7391304347826086,False,0.42156862745098045,0.25975362318840584
AAPL,1d:DNEWS_24H,TFIDF_RF,2018-08,"{""max_depth"": null, ""min_samples_leaf"": 5}",141,2018-07-31 20:00:00+00:00,2018-08-01 13:25:00+00:00,23,0.5217391304347826,0.4068627450980392,-0.17776428228421592,0.6875,0.6470588235294118,0.6666666666666666,0.6470588235294118,0.16666666666666666,0.6956521739130435,0.7391304347826086,False,0.3627450980392157,0.25677725256985157
AAPL,1d:DNEWS_24H,TFIDF_RF,2018-09,"{""max_depth"": 8, ""min_samples_leaf"": 1}",164,2018-08-31 20:00:00+00:00,2018-09-04 13:25:00+00:00,19,0.47368421052631576,0.4944444444444444,-0.018077538151554683,0.47058823529411764,0.8888888888888888,0.6153846153846154,0.8888888888888888,0.1,0.8947368421052632,0.47368421052631576,False,0.3333333333333333,0.2910452076424774
AAPL,1d:DNEWS_24H,TFIDF_RF,2018-09,"{""max_depth"": 8, ""min_samples_leaf"": 5}",164,2018-08-31 20:00:00+00:00,2018-09-04 13:25:00+00:00,19,0.5263157894736842,0.55,0.22360679774997896,0.5,1.0,0.6666666666666666,1.0,0.1,0.9473684210526315,0.47368421052631576,False,0.4111111111111111,0.27920321658533764
AAPL,1d:DNEWS_24H,TFIDF_RF,2018-09,"{""max_depth"": null, ""min_samples_leaf"": 1}",164,2018-08-31 20:00:00+00:00,2018-09-04 13:25:00+00:00,19,0.42105263157894735,0.4388888888888889,-0.16735967034880075,0.4375,0.7777777777777778,0.56,0.7777777777777778,0.1,0.8421052631578947,0.47368421052631576,False,0.2777777777777778,0.3039380116959065
AAPL,1d:DNEWS_24H,TFIDF_RF,2018-09,"{""max_depth"": null, ""min_samples_leaf"": 5}",164,2018-08-31 20:00:00+00:00,2018-09-04 13:25:00+00:00,19,0.5263157894736842,0.55,0.22360679774997896,0.5,1.0,0.6666666666666666,1.0,0.1,0.9473684210526315,0.47368421052631576,False,0.4333333333333333,0.27802429848566074
AAPL,1d:DNEWS_24H,TFIDF_RF,2018-10,"{""max_depth"": 8, ""min_samples_leaf"": 1}",183,2018-09-28 20:00:00+00:00,2018-10-01 13:25:00+00:00,23,0.43478260869565216,0.45454545454545453,-0.22268088570756164,0.45454545454545453,0.9090909090909091,0.6060606060606061,0.9090909090909091,0.0,0.9565217391304348,0.4782608695652174,False,0.3712121212121212,0.2778080816251583
AAPL,1d:DNEWS_24H,TFIDF_RF,2018-10,"{""max_depth"": 8, ""min_samples_leaf"": 5}",183,2018-09-28 20:00:00+00:00,2018-10-01 13:25:00+00:00,23,0.43478260869565216,0.45454545454545453,-0.22268088570756164,0.45454545454545453,0.9090909090909091,0.6060606060606061,0.9090909090909091,0.0,0.9565217391304348,0.4782608695652174,False,0.3409090909090909,0.27707113908167647
AAPL,1d:DNEWS_24H,TFIDF_RF,2018-10,"{""max_depth"": null, ""min_samples_leaf"": 1}",183,2018-09-28 20:00:00+00:00,2018-10-01 13:25:00+00:00,23,0.34782608695652173,0.35984848484848486,-0.3394638275806278,0.3888888888888889,0.6363636363636364,0.4827586206896552,0.6363636363636364,0.08333333333333333,0.782608695652174,0.4782608695652174,False,0.3143939393939394,0.3039729468599034
AAPL,1d:DNEWS_24H,TFIDF_RF,2018-10,"{""max_depth"": null, ""min_samples_leaf"": 5}",183,2018-09-28 20:00:00+00:00,2018-10-01 13:25:00+00:00,23,0.391304347826087,0.40530303030303033,-0.24960095744714741,0.42105263157894735,0.7272727272727273,0.5333333333333333,0.7272727272727273,0.08333333333333333,0.8260869565217391,0.4782608695652174,False,0.3939393939393939,0.2758231234398233
AAPL,1d:DNEWS_24H,TFIDF_RF,2018-11,"{""max_depth"": 8, ""min_samples_leaf"": 1}",206,2018-10-31 20:00:00+00:00,2018-11-01 13:25:00+00:00,21,0.47619047619047616,0.6071428571428571,0.28867513459481287,0.3888888888888889,1.0,0.56,1.0,0.21428571428571427,0.8571428571428571,0.3333333333333333,False,0.5,0.2812940437946554
AAPL,1d:DNEWS_24H,TFIDF_RF,2018-11,"{""max_depth"": 8, ""min_samples_leaf"": 5}",206,2018-10-31 20:00:00+00:00,2018-11-01 13:25:00+00:00,21,0.47619047619047616,0.6071428571428571,0.28867513459481287,0.3888888888888889,1.0,0.56,1.0,0.21428571428571427,0.8571428571428571,0.3333333333333333,False,0.4387755102040816,0.2858291774851991
AAPL,1d:DNEWS_24H,TFIDF_RF,2018-11,"{""max_depth"": null, ""min_samples_leaf"": 1}",206,2018-10-31 20:00:00+00:00,2018-11-01 13:25:00+00:00,21,0.42857142857142855,0.5714285714285714,0.22941573387056177,0.3684210526315789,1.0,0.5384615384615384,1.0,0.14285714285714285,0.9047619047619048,0.3333333333333333,False,0.4897959183673469,0.29655714285714285
AAPL,1d:DNEWS_24H,TFIDF_RF,2018-11,"{""max_depth"": null, ""min_samples_leaf"": 5}",206,2018-10-31 20:00:00+00:00,2018-11-01 13:25:00+00:00,21,0.5238095238095238,0.6428571428571428,0.3429971702850177,0.4117647058823529,1.0,0.5833333333333334,1.0,0.2857142857142857,0.8095238095238095,0.3333333333333333,False,0.4489795918367347,0.29016985244759697
AAPL,1d:DNEWS_24H,TFIDF_RF,2018-12,"{""max_depth"": 8, ""min_samples_leaf"": 1}",227,2018-11-30 21:00:00+00:00,2018-12-03 14:25:00+00:00,19,0.3684210526315789,0.40384615384615385,-0.18531232916527532,0.25,0.5,0.3333333333333333,0.5,0.3076923076923077,0.631578947368421,0.3157894736842105,False,0.34615384615384615,0.28562896686533806
AAPL,1d:DNEWS_24H,TFIDF_RF,2018-12,"{""max_depth"": 8, ""min_samples_leaf"": 5}",227,2018-11-30 21:00:00+00:00,2018-12-03 14:25:00+00:00,19,0.3684210526315789,0.40384615384615385,-0.18531232916527532,0.25,0.5,0.3333333333333333,0.5,0.3076923076923077,0.631578947368421,0.3157894736842105,False,0.3974358974358974,0.2750834678947278
AAPL,1d:DNEWS_24H,TFIDF_RF,2018-12,"{""max_depth"": null, ""min_samples_leaf"": 1}",227,2018-11-30 21:00:00+00:00,2018-12-03 14:25:00+00:00,19,0.3684210526315789,0.40384615384615385,-0.18531232916527532,0.25,0.5,0.3333333333333333,0.5,0.3076923076923077,0.631578947368421,0.3157894736842105,False,0.2692307692307692,0.302606432748538
AAPL,1d:DNEWS_24H,TFIDF_RF,2018-12,"{""max_depth"": null, ""min_samples_leaf"": 5}",227,2018-11-30 21:00:00+00:00,2018-12-03 14:25:00+00:00,19,0.3684210526315789,0.40384615384615385,-0.18531232916527532,0.25,0.5,0.3333333333333333,0.5,0.3076923076923077,0.631578947368421,0.3157894736842105,False,0.41025641025641024,0.2794311119802337
AAPL,1d:DNEWS_24H,TFIDF_RF,2019-01,"{""max_depth"": 8, ""min_samples_leaf"": 1}",246,2018-12-31 21:00:00+00:00,2019-01-02 14:25:00+00:00,21,0.38095238095238093,0.38181818181818183,-0.23636363636363636,0.4,0.36363636363636365,0.38095238095238093,0.36363636363636365,0.4,0.47619047619047616,0.5238095238095238,False,0.38181818181818183,0.27115449553054216
AAPL,1d:DNEWS_24H,TFIDF_RF,2019-01,"{""max_depth"": 8, ""min_samples_leaf"": 5}",246,2018-12-31 21:00:00+00:00,2019-01-02 14:25:00+00:00,21,0.38095238095238093,0.37727272727272726,-0.24771684715343112,0.4166666666666667,0.45454545454545453,0.43478260869565216,0.45454545454545453,0.3,0.5714285714285714,0.5238095238095238,False,0.3,0.2756912421156423
AAPL,1d:DNEWS_24H,TFIDF_RF,2019-01,"{""max_depth"": null, ""min_samples_leaf"": 1}",246,2018-12-31 21:00:00+00:00,2019-01-02 14:25:00+00:00,21,0.38095238095238093,0.38181818181818183,-0.23636363636363636,0.4,0.36363636363636365,0.38095238095238093,0.36363636363636365,0.4,0.47619047619047616,0.5238095238095238,False,0.40454545454545454,0.273626455026455
AAPL,1d:DNEWS_24H,TFIDF_RF,2019-01,"{""max_depth"": null, ""min_samples_leaf"": 5}",246,2018-12-31 21:00:00+00:00,2019-01-02 14:25:00+00:00,21,0.38095238095238093,0.37727272727272726,-0.24771684715343112,0.4166666666666667,0.45454545454545453,0.43478260869565216,0.45454545454545453,0.3,0.5714285714285714,0.5238095238095238,False,0.3,0.2824752841864051
AAPL,1d:DNEWS_24H,TFIDF_RF,2019-02,"{""max_depth"": 8, ""min_samples_leaf"": 1}",267,2019-01-31 21:00:00+00:00,2019-02-01 14:25:00+00:00,1,0.0,,,0.0,0.0,0.0,0.0,0.0,0.0,1.0,True,,0.29958146555839493
AAPL,1d:DNEWS_24H,TFIDF_RF,2019-02,"{""max_depth"": 8, ""min_samples_leaf"": 5}",267,2019-01-31 21:00:00+00:00,2019-02-01 14:25:00+00:00,1,0.0,,,0.0,0.0,0.0,0.0,0.0,0.0,1.0,True,,0.28339791886553833
AAPL,1d:DNEWS_24H,TFIDF_RF,2019-02,"{""max_depth"": null, ""min_samples_leaf"": 1}",267,2019-01-31 21:00:00+00:00,2019-02-01 14:25:00+00:00,1,0.0,,,0.0,0.0,0.0,0.0,0.0,0.0,1.0,True,,0.3249000000000001
AAPL,1d:DNEWS_24H,TFIDF_RF,2019-02,"{""max_depth"": null, ""min_samples_leaf"": 5}",267,2019-01-31 21:00:00+00:00,2019-02-01 14:25:00+00:00,1,0.0,,,0.0,0.0,0.0,0.0,0.0,0.0,1.0,True,,0.26918946838173097
AAPL,1d:DNEWS_OVERNIGHT,TFIDF_RF,2018-03,"{""max_depth"": 8, ""min_samples_leaf"": 1}",35,2018-02-28 21:00:00+00:00,2018-03-01 14:25:00+00:00,21,0.42857142857142855,0.3701923076923077,-0.279078152825719,0.16666666666666666,0.125,0.14285714285714285,0.125,0.6153846153846154,0.2857142857142857,0.38095238095238093,False,0.24519230769230768,0.28876031746031744
AAPL,1d:DNEWS_OVERNIGHT,TFIDF_RF,2018-03,"{""max_depth"": 8, ""min_samples_leaf"": 5}",35,2018-02-28 21:00:00+00:00,2018-03-01 14:25:00+00:00,21,0.5238095238095238,0.47115384615384615,-0.062017367294604234,0.3333333333333333,0.25,0.2857142857142857,0.25,0.6923076923076923,0.2857142857142857,0.38095238095238093,False,0.2596153846153846,0.2769549077781215
AAPL,1d:DNEWS_OVERNIGHT,TFIDF_RF,2018-03,"{""max_depth"": null, ""min_samples_leaf"": 1}",35,2018-02-28 21:00:00+00:00,2018-03-01 14:25:00+00:00,21,0.42857142857142855,0.3701923076923077,-0.279078152825719,0.16666666666666666,0.125,0.14285714285714285,0.125,0.6153846153846154,0.2857142857142857,0.38095238095238093,False,0.24519230769230768,0.28876031746031744
AAPL,1d:DNEWS_OVERNIGHT,TFIDF_RF,2018-03,"{""max_depth"": null, ""min_samples_leaf"": 5}",35,2018-02-28 21:00:00+00:00,2018-03-01 14:25:00+00:00,21,0.5238095238095238,0.47115384615384615,-0.062017367294604234,0.3333333333333333,0.25,0.2857142857142857,0.25,0.6923076923076923,0.2857142857142857,0.38095238095238093,False,0.2596153846153846,0.2769549077781215
AAPL,1d:DNEWS_OVERNIGHT,TFIDF_RF,2018-04,"{""max_depth"": 8, ""min_samples_leaf"": 1}",56,2018-03-29 20:00:00+00:00,2018-04-02 13:25:00+00:00,21,0.38095238095238093,0.38888888888888884,-0.2222222222222222,0.4444444444444444,0.3333333333333333,0.38095238095238093,0.3333333333333333,0.4444444444444444,0.42857142857142855,0.5714285714285714,False,0.3888888888888889,0.28765736627151783
AAPL,1d:DNEWS_OVERNIGHT,TFIDF_RF,2018-04,"{""max_depth"": 8, ""min_samples_leaf"": 5}",56,2018-03-29 20:00:00+00:00,2018-04-02 13:25:00+00:00,21,0.42857142857142855,0.4722222222222222,-0.0700140042014005,0.5,0.16666666666666666,0.25,0.16666666666666666,0.7777777777777778,0.19047619047619047,0.5714285714285714,False,0.40740740740740744,0.27234454973342553
AAPL,1d:DNEWS_OVERNIGHT,TFIDF_RF,2018-04,"{""max_depth"": null, ""min_samples_leaf"": 1}",56,2018-03-29 20:00:00+00:00,2018-04-02 13:25:00+00:00,21,0.38095238095238093,0.38888888888888884,-0.2222222222222222,0.4444444444444444,0.3333333333333333,0.38095238095238093,0.3333333333333333,0.4444444444444444,0.42857142857142855,0.5714285714285714,False,0.40740740740740744,0.2871074074074074
AAPL,1d:DNEWS_OVERNIGHT,TFIDF_RF,2018-04,"{""max_depth"": null, ""min_samples_leaf"": 5}",56,2018-03-29 20:00:00+00:00,2018-04-02 13:25:00+00:00,21,0.42857142857142855,0.4722222222222222,-0.0700140042014005,0.5,0.16666666666666666,0.25,0.16666666666666666,0.7777777777777778,0.19047619047619047,0.5714285714285714,False,0.40740740740740744,0.27234454973342553
AAPL,1d:DNEWS_OVERNIGHT,TFIDF_RF,2018-05,"{""max_depth"": 8, ""min_samples_leaf"": 1}",77,2018-04-30 20:00:00+00:00,2018-05-01 13:25:00+00:00,22,0.3181818181818182,0.3181818181818182,-0.3651483716701107,0.3333333333333333,0.36363636363636365,0.34782608695652173,0.36363636363636365,0.2727272727272727,0.5454545454545454,0.5,False,0.3305785123966942,0.2776372393756608
AAPL,1d:DNEWS_OVERNIGHT,TFIDF_RF,2018-05,"{""max_depth"": 8, ""min_samples_leaf"": 5}",77,2018-04-30 20:00:00+00:00,2018-05-01 13:25:00+00:00,22,0.22727272727272727,0.2272727272727273,-0.5669467095138409,0.125,0.09090909090909091,0.10526315789473684,0.09090909090909091,0.36363636363636365,0.36363636363636365,0.5,False,0.23140495867768593,0.2793624361324785
AAPL,1d:DNEWS_OVERNIGHT,TFIDF_RF,2018-05,"{""max_depth"": null, ""min_samples_leaf"": 1}",77,2018-04-30 20:00:00+00:00,2018-05-01 13:25:00+00:00,22,0.2727272727272727,0.2727272727272727,-0.45454545454545453,0.2727272727272727,0.2727272727272727,0.2727272727272727,0.2727272727272727,0.2727272727272727,0.5,0.5,False,0.3429752066115702,0.2737803030303031
AAPL,1d:DNEWS_OVERNIGHT,TFIDF_RF,2018-05,"{""max_depth"": null, ""min_samples_leaf"": 5}",77,2018-04-30 20:00:00+00:00,2018-05-01 13:25:00+00:00,22,0.22727272727272727,0.2272727272727273,-0.5669467095138409,0.125,0.09090909090909091,0.10526315789473684,0.09090909090909091,0.36363636363636365,0.36363636363636365,0.5,False,0.23140495867768593,0.2793624361324785
AAPL,1d:DNEWS_OVERNIGHT,TFIDF_RF,2018-06,"{""max_depth"": 8, ""min_samples_leaf"": 1}",99,2018-05-31 20:00:00+00:00,2018-06-01 13:25:00+00:00,21,0.47619047619047616,0.4807692307692308,-0.03739787960033829,0.36363636363636365,0.5,0.42105263157894735,0.5,0.46153846153846156,0.5238095238095238,0.38095238095238093,False,0.47115384615384615,0.26350301550095395
AAPL,1d:DNEWS_OVERNIGHT,TFIDF_RF,2018-06,"{""max_depth"": 8, ""min_samples_leaf"": 5}",99,2018-05-31 20:00:00+00:00,2018-06-01 13:25:00+00:00,21,0.47619047619047616,0.4567307692307692,-0.08492077756084468,0.3333333333333333,0.375,0.35294117647058826,0.375,0.5384615384615384,0.42857142857142855,0.38095238095238093,False,0.4711538461538461,0.25501780515469996
AAPL,1d:DNEWS_OVERNIGHT,TFIDF_RF,2018-06,"{""max_depth"": null, ""min_samples_leaf"": 1}",99,2018-05-31 20:00:00+00:00,2018-06-01 13:25:00+00:00,21,0.5714285714285714,0.5817307692307692,0.1589409883014377,0.45454545454545453,0.625,0.5263157894736842,0.625,0.5384615384615384,0.5238095238095238,0.38095238095238093,False,0.47115384615384615,0.26735873015873013
AAPL,1d:DNEWS_OVERNIGHT,TFIDF_RF,2018-06,"{""max_depth"": null, ""min_samples_leaf"": 5}",99,2018-05-31 20:00:00+00:00,2018-06-01 13:25:00+00:00,21,0.47619047619047616,0.4567307692307692,-0.08492077756084468,0.3333333333333333,0.375,0.35294117647058826,0.375,0.5384615384615384,0.42857142857142855,0.38095238095238093,False,0.4807692307692307,0.2550807369922145
AAPL,1d:DNEWS_OVERNIGHT,TFIDF_RF,2018-07,"{""max_depth"": 8, ""min_samples_leaf"": 1}",120,2018-06-29 20:00:00+00:00,2018-07-02 13:25:00+00:00,21,0.2857142857142857,0.375,-0.4135850959342555,0.0,0.0,0.0,0.0,0.75,0.09523809523809523,0.6190476190476191,False,0.6826923076923077,0.27657895037151786
AAPL,1d:DNEWS_OVERNIGHT,TFIDF_RF,2018-07,"{""max_depth"": 8, ""min_samples_leaf"": 5}",120,2018-06-29 20:00:00+00:00,2018-07-02 13:25:00+00:00,21,0.3333333333333333,0.41346153846153844,-0.2401922307076307,0.3333333333333333,0.07692307692307693,0.125,0.07692307692307693,0.75,0.14285714285714285,0.6190476190476191,False,0.5480769230769231,0.27606377190888853
AAPL,1d:DNEWS_OVERNIGHT,TFIDF_RF,2018-07,"{""max_depth"": null, ""min_samples_leaf"": 1}",120,2018-06-29 20:00:00+00:00,2018-07-02 13:25:00+00:00,21,0.3333333333333333,0.41346153846153844,-0.2401922307076307,0.3333333333333333,0.07692307692307693,0.125,0.07692307692307693,0.75,0.14285714285714285,0.6190476190476191,False,0.6875,0.2698285714285714
AAPL,1d:DNEWS_OVERNIGHT,TFIDF_RF,2018-07,"{""max_depth"": null, ""min_samples_leaf"": 5}",120,2018-06-29 20:00:00+00:00,2018-07-02 13:25:00+00:00,21,0.3333333333333333,0.41346153846153844,-0.2401922307076307,0.3333333333333333,0.07692307692307693,0.125,0.07692307692307693,0.75,0.14285714285714285,0.6190476190476191,False,0.5769230769230769,0.27403786017475956
AAPL,1d:DNEWS_OVERNIGHT,TFIDF_RF,2018-08,"{""max_depth"": 8, ""min_samples_leaf"": 1}",141,2018-07-31 20:00:00+00:00,2018-08-01 13:25:00+00:00,23,0.43478260869565216,0.4019607843137255,-0.17236256333167305,0.6666666666666666,0.47058823529411764,0.5517241379310345,0.47058823529411764,0.3333333333333333,0.5217391304347826,0.7391304347826086,False,0.5784313725490196,0.24000207653045233
AAPL,1d:DNEWS_OVERNIGHT,TFIDF_RF,2018-08,"{""max_depth"": 8, ""min_samples_leaf"": 5}",141,2018-07-31 20:00:00+00:00,2018-08-01 13:25:00+00:00,23,0.5217391304347826,0.5686274509803921,0.1215783580010781,0.8,0.47058823529411764,0.5925925925925926,0.47058823529411764,0.6666666666666666,0.43478260869565216,0.7391304347826086,False,0.5980392156862746,0.23778869167060948
AAPL,1d:DNEWS_OVERNIGHT,TFIDF_RF,2018-08,"{""max_depth"": null, ""min_samples_leaf"": 1}",141,2018-07-31 20:00:00+00:00,2018-08-01 13:25:00+00:00,23,0.5217391304347826,0.5686274509803921,0.1215783580010781,0.8,0.47058823529411764,0.5925925925925926,0.47058823529411764,0.6666666666666666,0.43478260869565216,0.7391304347826086,False,0.6666666666666667,0.2241323671497584
AAPL,1d:DNEWS_OVERNIGHT,TFIDF_RF,2018-08,"{""max_depth"": null, ""min_samples_leaf"": 5}",141,2018-07-31 20:00:00+00:00,2018-08-01 13:25:00+00:00,23,0.5217391304347826,0.5686274509803921,0.1215783580010781,0.8,0.47058823529411764,0.5925925925925926,0.47058823529411764,0.6666666666666666,0.43478260869565216,0.7391304347826086,False,0.607843137254902,0.23643554966787575
AAPL,1d:DNEWS_OVERNIGHT,TFIDF_RF,2018-09,"{""max_depth"": 8, ""min_samples_leaf"": 1}",164,2018-08-31 20:00:00+00:00,2018-09-04 13:25:00+00:00,19,0.47368421052631576,0.48888888888888893,-0.027216552697590865,0.4666666666666667,0.7777777777777778,0.5833333333333334,0.7777777777777778,0.2,0.7894736842105263,0.47368421052631576,False,0.7000000000000001,0.23869520002277622
AAPL,1d:DNEWS_OVERNIGHT,TFIDF_RF,2018-09,"{""max_depth"": 8, ""min_samples_leaf"": 5}",164,2018-08-31 20:00:00+00:00,2018-09-04 13:25:00+00:00,19,0.47368421052631576,0.4944444444444444,-0.018077538151554683,0.47058823529411764,0.8888888888888888,0.6153846153846154,0.8888888888888888,0.1,0.8947368421052632,0.47368421052631576,False,0.6777777777777777,0.24280764554192527
AAPL,1d:DNEWS_OVERNIGHT,TFIDF_RF,2018-09,"{""max_depth"": null, ""min_samples_leaf"": 1}",164,2018-08-31 20:00:00+00:00,2018-09-04 13:25:00+00:00,19,0.42105263157894735,0.4388888888888889,-0.16735967034880075,0.4375,0.7777777777777778,0.56,0.7777777777777778,0.1,0.8421052631578947,0.47368421052631576,False,0.611111111111111,0.24555204678362572
AAPL,1d:DNEWS_OVERNIGHT,TFIDF_RF,2018-09,"{""max_depth"": null, ""min_samples_leaf"": 5}",164,2018-08-31 20:00:00+00:00,2018-09-04 13:25:00+00:00,19,0.47368421052631576,0.4944444444444444,-0.018077538151554683,0.47058823529411764,0.8888888888888888,0.6153846153846154,0.8888888888888888,0.1,0.8947368421052632,0.47368421052631576,False,0.6333333333333333,0.24137494900766912
AAPL,1d:DNEWS_OVERNIGHT,TFIDF_RF,2018-10,"{""max_depth"": 8, ""min_samples_leaf"": 1}",183,2018-09-28 20:00:00+00:00,2018-10-01 13:25:00+00:00,23,0.5217391304347826,0.5340909090909092,0.08257228238447704,0.5,0.8181818181818182,0.6206896551724138,0.8181818181818182,0.25,0.782608695652174,0.4782608695652174,False,0.4772727272727273,0.2687694772924646
AAPL,1d:DNEWS_OVERNIGHT,TFIDF_RF,2018-10,"{""max_depth"": 8, ""min_samples_leaf"": 5}",183,2018-09-28 20:00:00+00:00,2018-10-01 13:25:00+00:00,23,0.43478260869565216,0.4431818181818182,-0.12336594280495668,0.4375,0.6363636363636364,0.5185185185185185,0.6363636363636364,0.25,0.6956521739130435,0.4782608695652174,False,0.42424242424242425,0.2665747390623653
AAPL,1d:DNEWS_OVERNIGHT,TFIDF_RF,2018-10,"{""max_depth"": null, ""min_samples_leaf"": 1}",183,2018-09-28 20:00:00+00:00,2018-10-01 13:25:00+00:00,23,0.4782608695652174,0.48863636363636365,-0.025854384499750957,0.47058823529411764,0.7272727272727273,0.5714285714285714,0.7272727272727273,0.25,0.7391304347826086,0.4782608695652174,False,0.48863636363636365,0.27025217391304346
AAPL,1d:DNEWS_OVERNIGHT,TFIDF_RF,2018-10,"{""max_depth"": null, ""min_samples_leaf"": 5}",183,2018-09-28 20:00:00+00:00,2018-10-01 13:25:00+00:00,23,0.4782608695652174,0.48863636363636365,-0.025854384499750957,0.47058823529411764,0.7272727272727273,0.5714285714285714,0.7272727272727273,0.25,0.7391304347826086,0.4782608695652174,False,0.41666666666666663,0.26872559611281227
AAPL,1d:DNEWS_OVERNIGHT,TFIDF_RF,2018-11,"{""max_depth"": 8, ""min_samples_leaf"": 1}",206,2018-10-31 20:00:00+00:00,2018-11-01 13:25:00+00:00,21,0.38095238095238093,0.39285714285714285,-0.2041241452319315,0.25,0.42857142857142855,0.3157894736842105,0.42857142857142855,0.35714285714285715,0.5714285714285714,0.3333333333333333,False,0.37755102040816324,0.28284822913881863
AAPL,1d:DNEWS_OVERNIGHT,TFIDF_RF,2018-11,"{""max_depth"": 8, ""min_samples_leaf"": 5}",206,2018-10-31 20:00:00+00:00,2018-11-01 13:25:00+00:00,21,0.38095238095238093,0.42857142857142855,-0.14285714285714285,0.2857142857142857,0.5714285714285714,0.38095238095238093,0.5714285714285714,0.2857142857142857,0.6666666666666666,0.3333333333333333,False,0.37755102040816324,0.2842827223031856
AAPL,1d:DNEWS_OVERNIGHT,TFIDF_RF,2018-11,"{""max_depth"": null, ""min_samples_leaf"": 1}",206,2018-10-31 20:00:00+00:00,2018-11-01 13:25:00+00:00,21,0.42857142857142855,0.5,0.0,0.3333333333333333,0.7142857142857143,0.45454545454545453,0.7142857142857143,0.2857142857142857,0.7142857142857143,0.3333333333333333,False,0.36734693877551017,0.3032793650793651
AAPL,1d:DNEWS_OVERNIGHT,TFIDF_RF,2018-11,"{""max_depth"": null, ""min_samples_leaf"": 5}",206,2018-10-31 20:00:00+00:00,2018-11-01 13:25:00+00:00,21,0.38095238095238093,0.42857142857142855,-0.14285714285714285,0.2857142857142857,0.5714285714285714,0.38095238095238093,0.5714285714285714,0.2857142857142857,0.6666666666666666,0.3333333333333333,False,0.3979591836734694,0.29261163267330964
AAPL,1d:DNEWS_OVERNIGHT,TFIDF_RF,2018-12,"{""max_depth"": 8, ""min_samples_leaf"": 1}",227,2018-11-30 21:00:00+00:00,2018-12-03 14:25:00+00:00,19,0.631578947368421,0.641025641025641,0.26257545381445874,0.4444444444444444,0.6666666666666666,0.5333333333333333,0.6666666666666666,0.6153846153846154,0.47368421052631576,0.3157894736842105,False,0.641025641025641,0.24553984603988324
AAPL,1d:DNEWS_OVERNIGHT,TFIDF_RF,2018-12,"{""max_depth"": 8, ""min_samples_leaf"": 5}",227,2018-11-30 21:00:00+00:00,2018-12-03 14:25:00+00:00,19,0.5789473684210527,0.6474358974358975,0.28414557138675545,0.4166666666666667,0.8333333333333334,0.5555555555555556,0.8333333333333334,0.46153846153846156,0.631578947368421,0.3157894736842105,False,0.6666666666666666,0.24488114716002796
AAPL,1d:DNEWS_OVERNIGHT,TFIDF_RF,2018-12,"{""max_depth"": null, ""min_samples_leaf"": 1}",227,2018-11-30 21:00:00+00:00,2018-12-03 14:25:00+00:00,19,0.631578947368421,0.6858974358974359,0.35003329844931896,0.45454545454545453,0.8333333333333334,0.5882352941176471,0.8333333333333334,0.5384615384615384,0.5789473684210527,0.3157894736842105,False,0.6987179487179487,0.24213508771929823
AAPL,1d:DNEWS_OVERNIGHT,TFIDF_RF,2018-12,"{""max_depth"": null, ""min_samples_leaf"": 5}",227,2018-11-30 21:00:00+00:00,2018-12-03 14:25:00+00:00,19,0.5789473684210527,0.6474358974358975,0.28414557138675545,0.4166666666666667,0.8333333333333334,0.5555555555555556,0.8333333333333334,0.46153846153846156,0.631578947368421,0.3157894736842105,False,0.6923076923076923,0.2453828214150381
AAPL,1d:DNEWS_OVERNIGHT,TFIDF_RF,2019-01,"{""max_depth"": 8, ""min_samples_leaf"": 1}",246,2018-12-31 21:00:00+00:00,2019-01-02 14:25:00+00:00,21,0.5714285714285714,0.5863636363636364,0.21968621277986813,0.75,0.2727272727272727,0.4,0.2727272727272727,0.9,0.19047619047619047,0.5238095238095238,False,0.4909090909090909,0.25886609554661044
AAPL,1d:DNEWS_OVERNIGHT,TFIDF_RF,2019-01,"{""max_depth"": 8, ""min_samples_leaf"": 5}",246,2018-12-31 21:00:00+00:00,2019-01-02 14:25:00+00:00,21,0.5238095238095238,0.5409090909090909,0.11677484162422845,0.6666666666666666,0.18181818181818182,0.2857142857142857,0.18181818181818182,0.9,0.14285714285714285,0.5238095238095238,False,0.5272727272727273,0.2600520470947572
AAPL,1d:DNEWS_OVERNIGHT,TFIDF_RF,2019-01,"{""max_depth"": null, ""min_samples_leaf"": 1}",246,2018-12-31 21:00:00+00:00,2019-01-02 14:25:00+00:00,21,0.5238095238095238,0.5409090909090909,0.11677484162422845,0.6666666666666666,0.18181818181818182,0.2857142857142857,0.18181818181818182,0.9,0.14285714285714285,0.5238095238095238,False,0.4363636363636363,0.2752280423280423
AAPL,1d:DNEWS_OVERNIGHT,TFIDF_RF,2019-01,"{""max_depth"": null, ""min_samples_leaf"": 5}",246,2018-12-31 21:00:00+00:00,2019-01-02 14:25:00+00:00,21,0.5238095238095238,0.5363636363636364,0.08528028654224416,0.6,0.2727272727272727,0.375,0.2727272727272727,0.8,0.23809523809523808,0.5238095238095238,False,0.5181818181818181,0.2660515456438825
AAPL,1d:DNEWS_OVERNIGHT,TFIDF_RF,2019-02,"{""max_depth"": 8, ""min_samples_leaf"": 1}",267,2019-01-31 21:00:00+00:00,2019-02-01 14:25:00+00:00,1,1.0,,,1.0,1.0,1.0,1.0,0.0,1.0,1.0,True,,0.22772947456452092
AAPL,1d:DNEWS_OVERNIGHT,TFIDF_RF,2019-02,"{""max_depth"": 8, ""min_samples_leaf"": 5}",267,2019-01-31 21:00:00+00:00,2019-02-01 14:25:00+00:00,1,1.0,,,1.0,1.0,1.0,1.0,0.0,1.0,1.0,True,,0.20598851306946853
AAPL,1d:DNEWS_OVERNIGHT,TFIDF_RF,2019-02,"{""max_depth"": null, ""min_samples_leaf"": 1}",267,2019-01-31 21:00:00+00:00,2019-02-01 14:25:00+00:00,1,1.0,,,1.0,1.0,1.0,1.0,0.0,1.0,1.0,True,,0.22089999999999999
AAPL,1d:DNEWS_OVERNIGHT,TFIDF_RF,2019-02,"{""max_depth"": null, ""min_samples_leaf"": 5}",267,2019-01-31 21:00:00+00:00,2019-02-01 14:25:00+00:00,1,1.0,,,1.0,1.0,1.0,1.0,0.0,1.0,1.0,True,,0.18316398403125692
AMZN,1d:DNEWS_24H,TFIDF_RF,2018-03,"{""max_depth"": 8, ""min_samples_leaf"": 1}",35,2018-02-28 21:00:00+00:00,2018-03-01 14:25:00+00:00,21,0.7142857142857143,0.7222222222222222,0.4403855060505442,0.6363636363636364,0.7777777777777778,0.7,0.7777777777777778,0.6666666666666666,0.5238095238095238,0.42857142857142855,False,0.6759259259259259,0.24957003564954633
AMZN,1d:DNEWS_24H,TFIDF_RF,2018-03,"{""max_depth"": 8, ""min_samples_leaf"": 5}",35,2018-02-28 21:00:00+00:00,2018-03-01 14:25:00+00:00,21,0.6666666666666666,0.6666666666666666,0.3302891295379082,0.6,0.6666666666666666,0.631578947368421,0.6666666666666666,0.6666666666666666,0.47619047619047616,0.42857142857142855,False,0.5740740740740741,0.2523003967956332
AMZN,1d:DNEWS_24H,TFIDF_RF,2018-03,"{""max_depth"": null, ""min_samples_leaf"": 1}",35,2018-02-28 21:00:00+00:00,2018-03-01 14:25:00+00:00,21,0.7142857142857143,0.7222222222222222,0.4403855060505442,0.6363636363636364,0.7777777777777778,0.7,0.7777777777777778,0.6666666666666666,0.5238095238095238,0.42857142857142855,False,0.6666666666666666,0.25007894336306086
AMZN,1d:DNEWS_24H,TFIDF_RF,2018-03,"{""max_depth"": null, ""min_samples_leaf"": 5}",35,2018-02-28 21:00:00+00:00,2018-03-01 14:25:00+00:00,21,0.6666666666666666,0.6666666666666666,0.3302891295379082,0.6,0.6666666666666666,0.631578947368421,0.6666666666666666,0.6666666666666666,0.47619047619047616,0.42857142857142855,False,0.5740740740740741,0.2523003967956332
AMZN,1d:DNEWS_24H,TFIDF_RF,2018-04,"{""max_depth"": 8, ""min_samples_leaf"": 1}",56,2018-03-29 20:00:00+00:00,2018-04-02 13:25:00+00:00,21,0.3333333333333333,0.34090909090909094,-0.337099931231621,0.2857142857142857,0.18181818181818182,0.2222222222222222,0.18181818181818182,0.5,0.3333333333333333,0.5238095238095238,False,0.2954545454545454,0.2973828248300565
AMZN,1d:DNEWS_24H,TFIDF_RF,2018-04,"{""max_depth"": 8, ""min_samples_leaf"": 5}",56,2018-03-29 20:00:00+00:00,2018-04-02 13:25:00+00:00,21,0.38095238095238093,0.3909090909090909,-0.2412090756622109,0.3333333333333333,0.18181818181818182,0.23529411764705882,0.18181818181818182,0.6,0.2857142857142857,0.5238095238095238,False,0.36818181818181817,0.2815618601275434
AMZN,1d:DNEWS_24H,TFIDF_RF,2018-04,"{""max_depth"": null, ""min_samples_leaf"": 1}",56,2018-03-29 20:00:00+00:00,2018-04-02 13:25:00+00:00,21,0.38095238095238093,0.3909090909090909,-0.2412090756622109,0.3333333333333333,0.18181818181818182,0.23529411764705882,0.18181818181818182,0.6,0.2857142857142857,0.5238095238095238,False,0.3227272727272727,0.29808017991019
AMZN,1d:DNEWS_24H,TFIDF_RF,2018-04,"{""max_depth"": null, ""min_samples_leaf"": 5}",56,2018-03-29 20:00:00+00:00,2018-04-02 13:25:00+00:00,21,0.38095238095238093,0.3909090909090909,-0.2412090756622109,0.3333333333333333,0.18181818181818182,0.23529411764705882,0.18181818181818182,0.6,0.2857142857142857,0.5238095238095238,False,0.36818181818181817,0.2815618601275434
AMZN,1d:DNEWS_24H,TFIDF_RF,2018-05,"{""max_depth"": 8, ""min_samples_leaf"": 1}",77,2018-04-30 20:00:00+00:00,2018-05-01 13:25:00+00:00,22,0.5,0.5166666666666666,0.035634832254989916,0.5714285714285714,0.3333333333333333,0.42105263157894735,0.3333333333333333,0.7,0.3181818181818182,0.5454545454545454,False,0.3458333333333333,0.27296095957913147
AMZN,1d:DNEWS_24H,TFIDF_RF,2018-05,"{""max_depth"": 8, ""min_samples_leaf"": 5}",77,2018-04-30 20:00:00+00:00,2018-05-01 13:25:00+00:00,22,0.36363636363636365,0.35833333333333334,-0.2833333333333333,0.4166666666666667,0.4166666666666667,0.4166666666666667,0.4166666666666667,0.3,0.5454545454545454,0.5454545454545454,False,0.2625,0.27827259090840256
AMZN,1d:DNEWS_24H,TFIDF_RF,2018-05,"{""max_depth"": null, ""min_samples_leaf"": 1}",77,2018-04-30 20:00:00+00:00,2018-05-01 13:25:00+00:00,22,0.45454545454545453,0.45833333333333337,-0.08333333333333333,0.5,0.4166666666666667,0.45454545454545453,0.4166666666666667,0.5,0.45454545454545453,0.5454545454545454,False,0.39583333333333326,0.2684081795308043
AMZN,1d:DNEWS_24H,TFIDF_RF,2018-05,"{""max_depth"": null, ""min_samples_leaf"": 5}",77,2018-04-30 20:00:00+00:00,2018-05-01 13:25:00+00:00,22,0.36363636363636365,0.35833333333333334,-0.2833333333333333,0.4166666666666667,0.4166666666666667,0.4166666666666667,0.4166666666666667,0.3,0.5454545454545454,0.5454545454545454,False,0.2625,0.27827259090840256
AMZN,1d:DNEWS_24H,TFIDF_RF,2018-06,"{""max_depth"": 8, ""min_samples_leaf"": 1}",99,2018-05-31 20:00:00+00:00,2018-06-01 13:25:00+00:00,21,0.6666666666666666,0.6666666666666666,0.3302891295379082,0.7272727272727273,0.6666666666666666,0.6956521739130435,0.6666666666666666,0.6666666666666666,0.5238095238095238,0.5714285714285714,False,0.6990740740740742,0.2310138780623277
AMZN,1d:DNEWS_24H,TFIDF_RF,2018-06,"{""max_depth"": 8, ""min_samples_leaf"": 5}",99,2018-05-31 20:00:00+00:00,2018-06-01 13:25:00+00:00,21,0.6190476190476191,0.625,0.24771684715343112,0.7,0.5833333333333334,0.6363636363636364,0.5833333333333334,0.6666666666666666,0.47619047619047616,0.5714285714285714,False,0.6990740740740741,0.22863285157433777
AMZN,1d:DNEWS_24H,TFIDF_RF,2018-06,"{""max_depth"": null, ""min_samples_leaf"": 1}",99,2018-05-31 20:00:00+00:00,2018-06-01 13:25:00+00:00,21,0.6190476190476191,0.625,0.24771684715343112,0.7,0.5833333333333334,0.6363636363636364,0.5833333333333334,0.6666666666666666,0.47619047619047616,0.5714285714285714,False,0.6898148148148149,0.2313985307625515
AMZN,1d:DNEWS_24H,TFIDF_RF,2018-06,"{""max_depth"": null, ""min_samples_leaf"": 5}",99,2018-05-31 20:00:00+00:00,2018-06-01 13:25:00+00:00,21,0.6190476190476191,0.625,0.24771684715343112,0.7,0.5833333333333334,0.6363636363636364,0.5833333333333334,0.6666666666666666,0.47619047619047616,0.5714285714285714,False,0.6990740740740741,0.22851935825499944
AMZN,1d:DNEWS_24H,TFIDF_RF,2018-07,"{""max_depth"": 8, ""min_samples_leaf"": 1}",120,2018-06-29 20:00:00+00:00,2018-07-02 13:25:00+00:00,21,0.47619047619047616,0.4818181818181818,-0.03739787960033829,0.46153846153846156,0.6,0.5217391304347826,0.6,0.36363636363636365,0.6190476190476191,0.47619047619047616,False,0.4181818181818182,0.27214944303441113
AMZN,1d:DNEWS_24H,TFIDF_RF,2018-07,"{""max_depth"": 8, ""min_samples_leaf"": 5}",120,2018-06-29 20:00:00+00:00,2018-07-02 13:25:00+00:00,21,0.47619047619047616,0.4818181818181818,-0.03739787960033829,0.46153846153846156,0.6,0.5217391304347826,0.6,0.36363636363636365,0.6190476190476191,0.47619047619047616,False,0.5181818181818182,0.27043728211412194
AMZN,1d:DNEWS_24H,TFIDF_RF,2018-07,"{""max_depth"": null, ""min_samples_leaf"": 1}",120,2018-06-29 20:00:00+00:00,2018-07-02 13:25:00+00:00,21,0.5238095238095238,0.5272727272727272,0.05504818825631803,0.5,0.6,0.5454545454545454,0.6,0.45454545454545453,0.5714285714285714,0.47619047619047616,False,0.509090909090909,0.26570548657774273
AMZN,1d:DNEWS_24H,TFIDF_RF,2018-07,"{""max_depth"": null, ""min_samples_leaf"": 5}",120,2018-06-29 20:00:00+00:00,2018-07-02 13:25:00+00:00,21,0.47619047619047616,0.4818181818181818,-0.03739787960033829,0.46153846153846156,0.6,0.5217391304347826,0.6,0.36363636363636365,0.6190476190476191,0.47619047619047616,False,0.4909090909090909,0.2705125367285313
AMZN,1d:DNEWS_24H,TFIDF_RF,2018-08,"{""max_depth"": 8, ""min_samples_leaf"": 1}",141,2018-07-31 20:00:00+00:00,2018-08-01 13:25:00+00:00,23,0.6521739130434783,0.6746031746031746,0.34379196935489664,0.8,0.5714285714285714,0.6666666666666666,0.5714285714285714,0.7777777777777778,0.43478260869565216,0.6086956521739131,False,0.6349206349206349,0.2479693023924878
AMZN,1d:DNEWS_24H,TFIDF_RF,2018-08,"{""max_depth"": 8, ""min_samples_leaf"": 5}",141,2018-07-31 20:00:00+00:00,2018-08-01 13:25:00+00:00,23,0.6521739130434783,0.6746031746031746,0.34379196935489664,0.8,0.5714285714285714,0.6666666666666666,0.5714285714285714,0.7777777777777778,0.43478260869565216,0.6086956521739131,False,0.6111111111111112,0.2486098260428273
AMZN,1d:DNEWS_24H,TFIDF_RF,2018-08,"{""max_depth"": null, ""min_samples_leaf"": 1}",141,2018-07-31 20:00:00+00:00,2018-08-01 13:25:00+00:00,23,0.6086956521739131,0.6388888888888888,0.2777777777777778,0.7777777777777778,0.5,0.6086956521739131,0.5,0.7777777777777778,0.391304347826087,0.6086956521739131,False,0.7380952380952381,0.24191623005592594
AMZN,1d:DNEWS_24H,TFIDF_RF,2018-08,"{""max_depth"": null, ""min_samples_leaf"": 5}",141,2018-07-31 20:00:00+00:00,2018-08-01 13:25:00+00:00,23,0.6521739130434783,0.6746031746031746,0.34379196935489664,0.8,0.5714285714285714,0.6666666666666666,0.5714285714285714,0.7777777777777778,0.43478260869565216,0.6086956521739131,False,0.6031746031746033,0.24899123584445668
AMZN,1d:DNEWS_24H,TFIDF_RF,2018-09,"{""max_depth"": 8, ""min_samples_leaf"": 1}",164,2018-08-31 20:00:00+00:00,2018-09-04 13:25:00+00:00,19,0.3684210526315789,0.37222222222222223,-0.2584432806109095,0.36363636363636365,0.4444444444444444,0.4,0.4444444444444444,0.3,0.5789473684210527,0.47368421052631576,False,0.3555555555555555,0.2867255077763318
AMZN,1d:DNEWS_24H,TFIDF_RF,2018-09,"{""max_depth"": 8, ""min_samples_leaf"": 5}",164,2018-08-31 20:00:00+00:00,2018-09-04 13:25:00+00:00,19,0.3684210526315789,0.3666666666666667,-0.26666666666666666,0.3333333333333333,0.3333333333333333,0.3333333333333333,0.3333333333333333,0.4,0.47368421052631576,0.47368421052631576,False,0.37777777777777777,0.2746394764099241
AMZN,1d:DNEWS_24H,TFIDF_RF,2018-09,"{""max_depth"": null, ""min_samples_leaf"": 1}",164,2018-08-31 20:00:00+00:00,2018-09-04 13:25:00+00:00,19,0.42105263157894735,0.4222222222222222,-0.15555555555555556,0.4,0.4444444444444444,0.42105263157894735,0.4444444444444444,0.4,0.5263157894736842,0.47368421052631576,False,0.36666666666666664,0.28357467994069324
AMZN,1d:DNEWS_24H,TFIDF_RF,2018-09,"{""max_depth"": null, ""min_samples_leaf"": 5}",164,2018-08-31 20:00:00+00:00,2018-09-04 13:25:00+00:00,19,0.3684210526315789,0.3666666666666667,-0.26666666666666666,0.3333333333333333,0.3333333333333333,0.3333333333333333,0.3333333333333333,0.4,0.47368421052631576,0.47368421052631576,False,0.3888888888888889,0.27579500774837223
AMZN,1d:DNEWS_24H,TFIDF_RF,2018-10,"{""max_depth"": 8, ""min_samples_leaf"": 1}",183,2018-09-28 20:00:00+00:00,2018-10-01 13:25:00+00:00,23,0.30434782608695654,0.30952380952380953,-0.3750457847507963,0.23076923076923078,0.3333333333333333,0.2727272727272727,0.3333333333333333,0.2857142857142857,0.5652173913043478,0.391304347826087,False,0.3492063492063492,0.2763183621924923
AMZN,1d:DNEWS_24H,TFIDF_RF,2018-10,"{""max_depth"": 8, ""min_samples_leaf"": 5}",183,2018-09-28 20:00:00+00:00,2018-10-01 13:25:00+00:00,23,0.34782608695652173,0.34523809523809523,-0.302407368379503,0.25,0.3333333333333333,0.2857142857142857,0.3333333333333333,0.35714285714285715,0.5217391304347826,0.391304347826087,False,0.4206349206349206,0.2678224886479616
AMZN,1d:DNEWS_24H,TFIDF_RF,2018-10,"{""max_depth"": null, ""min_samples_leaf"": 1}",183,2018-09-28 20:00:00+00:00,2018-10-01 13:25:00+00:00,23,0.34782608695652173,0.34523809523809523,-0.302407368379503,0.25,0.3333333333333333,0.2857142857142857,0.3333333333333333,0.35714285714285715,0.5217391304347826,0.391304347826087,False,0.3650793650793651,0.2761518718252771
AMZN,1d:DNEWS_24H,TFIDF_RF,2018-10,"{""max_depth"": null, ""min_samples_leaf"": 5}",183,2018-09-28 20:00:00+00:00,2018-10-01 13:25:00+00:00,23,0.34782608695652173,0.34523809523809523,-0.302407368379503,0.25,0.3333333333333333,0.2857142857142857,0.3333333333333333,0.35714285714285715,0.5217391304347826,0.391304347826087,False,0.4206349206349206,0.27048907393279914
AMZN,1d:DNEWS_24H,TFIDF_RF,2018-11,"{""max_depth"": 8, ""min_samples_leaf"": 1}",206,2018-10-31 20:00:00+00:00,2018-11-01 13:25:00+00:00,21,0.47619047619047616,0.4772727272727273,-0.045454545454545456,0.5,0.45454545454545453,0.47619047619047616,0.45454545454545453,0.5,0.47619047619047616,0.5238095238095238,False,0.43636363636363634,0.2644017778965843
AMZN,1d:DNEWS_24H,TFIDF_RF,2018-11,"{""max_depth"": 8, ""min_samples_leaf"": 5}",206,2018-10-31 20:00:00+00:00,2018-11-01 13:25:00+00:00,21,0.3333333333333333,0.3318181818181818,-0.33636363636363636,0.36363636363636365,0.36363636363636365,0.36363636363636365,0.36363636363636365,0.3,0.5238095238095238,0.5238095238095238,False,0.4181818181818182,0.26414436642033284
AMZN,1d:DNEWS_24H,TFIDF_RF,2018-11,"{""max_depth"": null, ""min_samples_leaf"": 1}",206,2018-10-31 20:00:00+00:00,2018-11-01 13:25:00+00:00,21,0.42857142857142855,0.4318181818181818,-0.13762047064079508,0.4444444444444444,0.36363636363636365,0.4,0.36363636363636365,0.5,0.42857142857142855,0.5238095238095238,False,0.4545454545454546,0.282279749066248
AMZN,1d:DNEWS_24H,TFIDF_RF,2018-11,"{""max_depth"": null, ""min_samples_leaf"": 5}",206,2018-10-31 20:00:00+00:00,2018-11-01 13:25:00+00:00,21,0.3333333333333333,0.3318181818181818,-0.33636363636363636,0.36363636363636365,0.36363636363636365,0.36363636363636365,0.36363636363636365,0.3,0.5238095238095238,0.5238095238095238,False,0.4272727272727273,0.26516184977526486
AMZN,1d:DNEWS_24H,TFIDF_RF,2018-12,"{""max_depth"": 8, ""min_samples_leaf"": 1}",227,2018-11-30 21:00:00+00:00,2018-12-03 14:25:00+00:00,19,0.42105263157894735,0.39285714285714285,-0.20935894733965593,0.25,0.2857142857142857,0.26666666666666666,0.2857142857142857,0.5,0.42105263157894735,0.3684210526315789,False,0.494047619047619,0.24364578498449263
AMZN,1d:DNEWS_24H,TFIDF_RF,2018-12,"{""max_depth"": 8, ""min_samples_leaf"": 5}",227,2018-11-30 21:00:00+00:00,2018-12-03 14:25:00+00:00,19,0.5263157894736842,0.5059523809523809,0.011631052629980886,0.375,0.42857142857142855,0.4,0.42857142857142855,0.5833333333333334,0.42105263157894735,0.3684210526315789,False,0.5178571428571428,0.24356305028718594
AMZN,1d:DNEWS_24H,TFIDF_RF,2018-12,"{""max_depth"": null, ""min_samples_leaf"": 1}",227,2018-11-30 21:00:00+00:00,2018-12-03 14:25:00+00:00,19,0.47368421052631576,0.43452380952380953,-0.13095238095238096,0.2857142857142857,0.2857142857142857,0.2857142857142857,0.2857142857142857,0.5833333333333334,0.3684210526315789,0.3684210526315789,False,0.5535714285714286,0.23975138702974055
AMZN,1d:DNEWS_24H,TFIDF_RF,2018-12,"{""max_depth"": null, ""min_samples_leaf"": 5}",227,2018-11-30 21:00:00+00:00,2018-12-03 14:25:00+00:00,19,0.47368421052631576,0.4642857142857143,-0.06900655593423542,0.3333333333333333,0.42857142857142855,0.375,0.42857142857142855,0.5,0.47368421052631576,0.3684210526315789,False,0.5178571428571428,0.24423627530355163
AMZN,1d:DNEWS_24H,TFIDF_RF,2019-01,"{""max_depth"": 8, ""min_samples_leaf"": 1}",246,2018-12-31 21:00:00+00:00,2019-01-02 14:25:00+00:00,21,0.6190476190476191,0.6181818181818182,0.23636363636363636,0.6363636363636364,0.6363636363636364,0.6363636363636364,0.6363636363636364,0.6,0.5238095238095238,0.5238095238095238,False,0.5545454545454546,0.25088791581502906
AMZN,1d:DNEWS_24H,TFIDF_RF,2019-01,"{""max_depth"": 8, ""min_samples_leaf"": 5}",246,2018-12-31 21:00:00+00:00,2019-01-02 14:25:00+00:00,21,0.6190476190476191,0.6181818181818182,0.23636363636363636,0.6363636363636364,0.6363636363636364,0.6363636363636364,0.6363636363636364,0.6,0.5238095238095238,0.5238095238095238,False,0.5363636363636364,0.2512408218448689
AMZN,1d:DNEWS_24H,TFIDF_RF,2019-01,"{""max_depth"": null, ""min_samples_leaf"": 1}",246,2018-12-31 21:00:00+00:00,2019-01-02 14:25:00+00:00,21,0.6190476190476191,0.6181818181818182,0.23636363636363636,0.6363636363636364,0.6363636363636364,0.6363636363636364,0.6363636363636364,0.6,0.5238095238095238,0.5238095238095238,False,0.5090909090909091,0.28532135021590554
AMZN,1d:DNEWS_24H,TFIDF_RF,2019-01,"{""max_depth"": null, ""min_samples_leaf"": 5}",246,2018-12-31 21:00:00+00:00,2019-01-02 14:25:00+00:00,21,0.6190476190476191,0.6181818181818182,0.23636363636363636,0.6363636363636364,0.6363636363636364,0.6363636363636364,0.6363636363636364,0.6,0.5238095238095238,0.5238095238095238,False,0.5272727272727273,0.25481383778185446
AMZN,1d:DNEWS_24H,TFIDF_RF,2019-02,"{""max_depth"": 8, ""min_samples_leaf"": 1}",267,2019-01-31 21:00:00+00:00,2019-02-01 14:25:00+00:00,1,1.0,,,0.0,0.0,0.0,0.0,1.0,0.0,0.0,True,,0.20394556138973333
AMZN,1d:DNEWS_24H,TFIDF_RF,2019-02,"{""max_depth"": 8, ""min_samples_leaf"": 5}",267,2019-01-31 21:00:00+00:00,2019-02-01 14:25:00+00:00,1,1.0,,,0.0,0.0,0.0,0.0,1.0,0.0,0.0,True,,0.20547772462375094
AMZN,1d:DNEWS_24H,TFIDF_RF,2019-02,"{""max_depth"": null, ""min_samples_leaf"": 1}",267,2019-01-31 21:00:00+00:00,2019-02-01 14:25:00+00:00,1,0.0,,,0.0,0.0,0.0,0.0,0.0,1.0,0.0,True,,0.28911443758040856
AMZN,1d:DNEWS_24H,TFIDF_RF,2019-02,"{""max_depth"": null, ""min_samples_leaf"": 5}",267,2019-01-31 21:00:00+00:00,2019-02-01 14:25:00+00:00,1,1.0,,,0.0,0.0,0.0,0.0,1.0,0.0,0.0,True,,0.203021445409566
AMZN,1d:DNEWS_OVERNIGHT,TFIDF_RF,2018-03,"{""max_depth"": 8, ""min_samples_leaf"": 1}",35,2018-02-28 21:00:00+00:00,2018-03-01 14:25:00+00:00,21,0.47619047619047616,0.5,0.0,0.42857142857142855,0.6666666666666666,0.5217391304347826,0.6666666666666666,0.3333333333333333,0.6666666666666666,0.42857142857142855,False,0.38888888888888884,0.2931479640425342
AMZN,1d:DNEWS_OVERNIGHT,TFIDF_RF,2018-03,"{""max_depth"": 8, ""min_samples_leaf"": 5}",35,2018-02-28 21:00:00+00:00,2018-03-01 14:25:00+00:00,21,0.42857142857142855,0.4583333333333333,-0.09128709291752768,0.4,0.6666666666666666,0.5,0.6666666666666666,0.25,0.7142857142857143,0.42857142857142855,False,0.34259259259259256,0.3000025314297125
AMZN,1d:DNEWS_OVERNIGHT,TFIDF_RF,2018-03,"{""max_depth"": null, ""min_samples_leaf"": 1}",35,2018-02-28 21:00:00+00:00,2018-03-01 14:25:00+00:00,21,0.47619047619047616,0.5,0.0,0.42857142857142855,0.6666666666666666,0.5217391304347826,0.6666666666666666,0.3333333333333333,0.6666666666666666,0.42857142857142855,False,0.38888888888888884,0.29275966734209846
AMZN,1d:DNEWS_OVERNIGHT,TFIDF_RF,2018-03,"{""max_depth"": null, ""min_samples_leaf"": 5}",35,2018-02-28 21:00:00+00:00,2018-03-01 14:25:00+00:00,21,0.42857142857142855,0.4583333333333333,-0.09128709291752768,0.4,0.6666666666666666,0.5,0.6666666666666666,0.25,0.7142857142857143,0.42857142857142855,False,0.34259259259259256,0.3000025314297125
AMZN,1d:DNEWS_OVERNIGHT,TFIDF_RF,2018-04,"{""max_depth"": 8, ""min_samples_leaf"": 1}",56,2018-03-29 20:00:00+00:00,2018-04-02 13:25:00+00:00,21,0.5238095238095238,0.5363636363636364,0.08528028654224416,0.6,0.2727272727272727,0.375,0.2727272727272727,0.8,0.23809523809523808,0.5238095238095238,False,0.3954545454545454,0.2798745976211769
AMZN,1d:DNEWS_OVERNIGHT,TFIDF_RF,2018-04,"{""max_depth"": 8, ""min_samples_leaf"": 5}",56,2018-03-29 20:00:00+00:00,2018-04-02 13:25:00+00:00,21,0.5714285714285714,0.5863636363636364,0.21968621277986813,0.75,0.2727272727272727,0.4,0.2727272727272727,0.9,0.19047619047619047,0.5238095238095238,False,0.37727272727272726,0.2723901967485246
AMZN,1d:DNEWS_OVERNIGHT,TFIDF_RF,2018-04,"{""max_depth"": null, ""min_samples_leaf"": 1}",56,2018-03-29 20:00:00+00:00,2018-04-02 13:25:00+00:00,21,0.5238095238095238,0.5363636363636364,0.08528028654224416,0.6,0.2727272727272727,0.375,0.2727272727272727,0.8,0.23809523809523808,0.5238095238095238,False,0.3772727272727272,0.2768097677147831
AMZN,1d:DNEWS_OVERNIGHT,TFIDF_RF,2018-04,"{""max_depth"": null, ""min_samples_leaf"": 5}",56,2018-03-29 20:00:00+00:00,2018-04-02 13:25:00+00:00,21,0.5714285714285714,0.5863636363636364,0.21968621277986813,0.75,0.2727272727272727,0.4,0.2727272727272727,0.9,0.19047619047619047,0.5238095238095238,False,0.37727272727272726,0.2723901967485246
AMZN,1d:DNEWS_OVERNIGHT,TFIDF_RF,2018-05,"{""max_depth"": 8, ""min_samples_leaf"": 1}",77,2018-04-30 20:00:00+00:00,2018-05-01 13:25:00+00:00,22,0.5,0.525,0.05940885257860046,0.6,0.25,0.35294117647058826,0.25,0.8,0.22727272727272727,0.5454545454545454,False,0.35833333333333334,0.2689563098781823
AMZN,1d:DNEWS_OVERNIGHT,TFIDF_RF,2018-05,"{""max_depth"": 8, ""min_samples_leaf"": 5}",77,2018-04-30 20:00:00+00:00,2018-05-01 13:25:00+00:00,22,0.5909090909090909,0.6083333333333334,0.23162640965743445,0.7142857142857143,0.4166666666666667,0.5263157894736842,0.4166666666666667,0.8,0.3181818181818182,0.5454545454545454,False,0.42500000000000004,0.26109934798719886
AMZN,1d:DNEWS_OVERNIGHT,TFIDF_RF,2018-05,"{""max_depth"": null, ""min_samples_leaf"": 1}",77,2018-04-30 20:00:00+00:00,2018-05-01 13:25:00+00:00,22,0.6363636363636364,0.65,0.3105295017040594,0.75,0.5,0.6,0.5,0.8,0.36363636363636365,0.5454545454545454,False,0.5583333333333333,0.2583444668055634
AMZN,1d:DNEWS_OVERNIGHT,TFIDF_RF,2018-05,"{""max_depth"": null, ""min_samples_leaf"": 5}",77,2018-04-30 20:00:00+00:00,2018-05-01 13:25:00+00:00,22,0.5909090909090909,0.6083333333333334,0.23162640965743445,0.7142857142857143,0.4166666666666667,0.5263157894736842,0.4166666666666667,0.8,0.3181818181818182,0.5454545454545454,False,0.42500000000000004,0.26109934798719886
AMZN,1d:DNEWS_OVERNIGHT,TFIDF_RF,2018-06,"{""max_depth"": 8, ""min_samples_leaf"": 1}",99,2018-05-31 20:00:00+00:00,2018-06-01 13:25:00+00:00,21,0.42857142857142855,0.375,-0.35355339059327373,0.5,0.75,0.6,0.75,0.0,0.8571428571428571,0.5714285714285714,False,0.44907407407407407,0.26507087602786605
AMZN,1d:DNEWS_OVERNIGHT,TFIDF_RF,2018-06,"{""max_depth"": 8, ""min_samples_leaf"": 5}",99,2018-05-31 20:00:00+00:00,2018-06-01 13:25:00+00:00,21,0.47619047619047616,0.4166666666666667,-0.2809757434745082,0.5263157894736842,0.8333333333333334,0.6451612903225806,0.8333333333333334,0.0,0.9047619047619048,0.5714285714285714,False,0.4398148148148148,0.2553189393596088
AMZN,1d:DNEWS_OVERNIGHT,TFIDF_RF,2018-06,"{""max_depth"": null, ""min_samples_leaf"": 1}",99,2018-05-31 20:00:00+00:00,2018-06-01 13:25:00+00:00,21,0.47619047619047616,0.4305555555555556,-0.17503501050350123,0.5294117647058824,0.75,0.6206896551724138,0.75,0.1111111111111111,0.8095238095238095,0.5714285714285714,False,0.4583333333333333,0.2695572287257478
AMZN,1d:DNEWS_OVERNIGHT,TFIDF_RF,2018-06,"{""max_depth"": null, ""min_samples_leaf"": 5}",99,2018-05-31 20:00:00+00:00,2018-06-01 13:25:00+00:00,21,0.47619047619047616,0.4166666666666667,-0.2809757434745082,0.5263157894736842,0.8333333333333334,0.6451612903225806,0.8333333333333334,0.0,0.9047619047619048,0.5714285714285714,False,0.4398148148148148,0.2553189393596088
AMZN,1d:DNEWS_OVERNIGHT,TFIDF_RF,2018-07,"{""max_depth"": 8, ""min_samples_leaf"": 1}",120,2018-06-29 20:00:00+00:00,2018-07-02 13:25:00+00:00,21,0.38095238095238093,0.37727272727272726,-0.24771684715343112,0.3333333333333333,0.3,0.3157894736842105,0.3,0.45454545454545453,0.42857142857142855,0.47619047619047616,False,0.37727272727272726,0.2640926671567208
AMZN,1d:DNEWS_OVERNIGHT,TFIDF_RF,2018-07,"{""max_depth"": 8, ""min_samples_leaf"": 5}",120,2018-06-29 20:00:00+00:00,2018-07-02 13:25:00+00:00,21,0.38095238095238093,0.37727272727272726,-0.24771684715343112,0.3333333333333333,0.3,0.3157894736842105,0.3,0.45454545454545453,0.42857142857142855,0.47619047619047616,False,0.3954545454545455,0.2590764729232988
AMZN,1d:DNEWS_OVERNIGHT,TFIDF_RF,2018-07,"{""max_depth"": null, ""min_samples_leaf"": 1}",120,2018-06-29 20:00:00+00:00,2018-07-02 13:25:00+00:00,21,0.42857142857142855,0.42727272727272725,-0.14545454545454545,0.4,0.4,0.4,0.4,0.45454545454545453,0.47619047619047616,0.47619047619047616,False,0.39545454545454545,0.2741546300109732
AMZN,1d:DNEWS_OVERNIGHT,TFIDF_RF,2018-07,"{""max_depth"": null, ""min_samples_leaf"": 5}",120,2018-06-29 20:00:00+00:00,2018-07-02 13:25:00+00:00,21,0.38095238095238093,0.37727272727272726,-0.24771684715343112,0.3333333333333333,0.3,0.3157894736842105,0.3,0.45454545454545453,0.42857142857142855,0.47619047619047616,False,0.3954545454545455,0.2591195950476505
AMZN,1d:DNEWS_OVERNIGHT,TFIDF_RF,2018-08,"{""max_depth"": 8, ""min_samples_leaf"": 1}",141,2018-07-31 20:00:00+00:00,2018-08-01 13:25:00+00:00,23,0.5652173913043478,0.5238095238095238,0.05050762722761054,0.625,0.7142857142857143,0.6666666666666666,0.7142857142857143,0.3333333333333333,0.6956521739130435,0.6086956521739131,False,0.5,0.25390401369888155
AMZN,1d:DNEWS_OVERNIGHT,TFIDF_RF,2018-08,"{""max_depth"": 8, ""min_samples_leaf"": 5}",141,2018-07-31 20:00:00+00:00,2018-08-01 13:25:00+00:00,23,0.6086956521739131,0.5992063492063493,0.1953363462243731,0.6923076923076923,0.6428571428571429,0.6666666666666666,0.6428571428571429,0.5555555555555556,0.5652173913043478,0.6086956521739131,False,0.5396825396825398,0.2527834231268456
AMZN,1d:DNEWS_OVERNIGHT,TFIDF_RF,2018-08,"{""max_depth"": null, ""min_samples_leaf"": 1}",141,2018-07-31 20:00:00+00:00,2018-08-01 13:25:00+00:00,23,0.6086956521739131,0.5992063492063493,0.1953363462243731,0.6923076923076923,0.6428571428571429,0.6666666666666666,0.6428571428571429,0.5555555555555556,0.5652173913043478,0.6086956521739131,False,0.5158730158730158,0.2644997959588654
AMZN,1d:DNEWS_OVERNIGHT,TFIDF_RF,2018-08,"{""max_depth"": null, ""min_samples_leaf"": 5}",141,2018-07-31 20:00:00+00:00,2018-08-01 13:25:00+00:00,23,0.5652173913043478,0.5634920634920635,0.12406456138646277,0.6666666666666666,0.5714285714285714,0.6153846153846154,0.5714285714285714,0.5555555555555556,0.5217391304347826,0.6086956521739131,False,0.5476190476190477,0.25327890696290806
AMZN,1d:DNEWS_OVERNIGHT,TFIDF_RF,2018-09,"{""max_depth"": 8, ""min_samples_leaf"": 1}",164,2018-08-31 20:00:00+00:00,2018-09-04 13:25:00+00:00,19,0.5789473684210527,0.5833333333333333,0.1685499656158105,0.5454545454545454,0.6666666666666666,0.6,0.6666666666666666,0.5,0.5789473684210527,0.47368421052631576,False,0.6,0.24126694766794413
AMZN,1d:DNEWS_OVERNIGHT,TFIDF_RF,2018-09,"{""max_depth"": 8, ""min_samples_leaf"": 5}",164,2018-08-31 20:00:00+00:00,2018-09-04 13:25:00+00:00,19,0.5263157894736842,0.5333333333333333,0.06900655593423542,0.5,0.6666666666666666,0.5714285714285714,0.6666666666666666,0.4,0.631578947368421,0.47368421052631576,False,0.5555555555555556,0.23967850130144489
AMZN,1d:DNEWS_OVERNIGHT,TFIDF_RF,2018-09,"{""max_depth"": null, ""min_samples_leaf"": 1}",164,2018-08-31 20:00:00+00:00,2018-09-04 13:25:00+00:00,19,0.5263157894736842,0.5333333333333333,0.06900655593423542,0.5,0.6666666666666666,0.5714285714285714,0.6666666666666666,0.4,0.631578947368421,0.47368421052631576,False,0.5555555555555556,0.23482721387458239
AMZN,1d:DNEWS_OVERNIGHT,TFIDF_RF,2018-09,"{""max_depth"": null, ""min_samples_leaf"": 5}",164,2018-08-31 20:00:00+00:00,2018-09-04 13:25:00+00:00,19,0.5263157894736842,0.5333333333333333,0.06900655593423542,0.5,0.6666666666666666,0.5714285714285714,0.6666666666666666,0.4,0.631578947368421,0.47368421052631576,False,0.5555555555555556,0.23894095337664686
AMZN,1d:DNEWS_OVERNIGHT,TFIDF_RF,2018-10,"{""max_depth"": 8, ""min_samples_leaf"": 1}",183,2018-09-28 20:00:00+00:00,2018-10-01 13:25:00+00:00,23,0.5652173913043478,0.5634920634920635,0.12406456138646277,0.45454545454545453,0.5555555555555556,0.5,0.5555555555555556,0.5714285714285714,0.4782608695652174,0.391304347826087,False,0.5396825396825397,0.2514957905968764
AMZN,1d:DNEWS_OVERNIGHT,TFIDF_RF,2018-10,"{""max_depth"": 8, ""min_samples_leaf"": 5}",183,2018-09-28 20:00:00+00:00,2018-10-01 13:25:00+00:00,23,0.5652173913043478,0.5436507936507937,0.0873015873015873,0.4444444444444444,0.4444444444444444,0.4444444444444444,0.4444444444444444,0.6428571428571429,0.391304347826087,0.391304347826087,False,0.5079365079365079,0.24877654305098112
AMZN,1d:DNEWS_OVERNIGHT,TFIDF_RF,2018-10,"{""max_depth"": null, ""min_samples_leaf"": 1}",183,2018-09-28 20:00:00+00:00,2018-10-01 13:25:00+00:00,23,0.391304347826087,0.3412698412698413,-0.3367175148507369,0.14285714285714285,0.1111111111111111,0.125,0.1111111111111111,0.5714285714285714,0.30434782608695654,0.391304347826087,False,0.41269841269841273,0.26487141976239537
AMZN,1d:DNEWS_OVERNIGHT,TFIDF_RF,2018-10,"{""max_depth"": null, ""min_samples_leaf"": 5}",183,2018-09-28 20:00:00+00:00,2018-10-01 13:25:00+00:00,23,0.5652173913043478,0.5436507936507937,0.0873015873015873,0.4444444444444444,0.4444444444444444,0.4444444444444444,0.4444444444444444,0.6428571428571429,0.391304347826087,0.391304347826087,False,0.5238095238095238,0.24870749286381016
AMZN,1d:DNEWS_OVERNIGHT,TFIDF_RF,2018-11,"{""max_depth"": 8, ""min_samples_leaf"": 1}",206,2018-10-31 20:00:00+00:00,2018-11-01 13:25:00+00:00,21,0.47619047619047616,0.4772727272727273,-0.045454545454545456,0.5,0.45454545454545453,0.47619047619047616,0.45454545454545453,0.5,0.47619047619047616,0.5238095238095238,False,0.4,0.2725167846678381
AMZN,1d:DNEWS_OVERNIGHT,TFIDF_RF,2018-11,"{""max_depth"": 8, ""min_samples_leaf"": 5}",206,2018-10-31 20:00:00+00:00,2018-11-01 13:25:00+00:00,21,0.42857142857142855,0.4318181818181818,-0.13762047064079508,0.4444444444444444,0.36363636363636365,0.4,0.36363636363636365,0.5,0.42857142857142855,0.5238095238095238,False,0.4727272727272727,0.2634560736722784
AMZN,1d:DNEWS_OVERNIGHT,TFIDF_RF,2018-11,"{""max_depth"": null, ""min_samples_leaf"": 1}",206,2018-10-31 20:00:00+00:00,2018-11-01 13:25:00+00:00,21,0.42857142857142855,0.4318181818181818,-0.13762047064079508,0.4444444444444444,0.36363636363636365,0.4,0.36363636363636365,0.5,0.42857142857142855,0.5238095238095238,False,0.42727272727272725,0.28842738207897256
AMZN,1d:DNEWS_OVERNIGHT,TFIDF_RF,2018-11,"{""max_depth"": null, ""min_samples_leaf"": 5}",206,2018-10-31 20:00:00+00:00,2018-11-01 13:25:00+00:00,21,0.42857142857142855,0.4318181818181818,-0.13762047064079508,0.4444444444444444,0.36363636363636365,0.4,0.36363636363636365,0.5,0.42857142857142855,0.5238095238095238,False,0.4363636363636364,0.26828902164004553
AMZN,1d:DNEWS_OVERNIGHT,TFIDF_RF,2018-12,"{""max_depth"": 8, ""min_samples_leaf"": 1}",227,2018-11-30 21:00:00+00:00,2018-12-03 14:25:00+00:00,19,0.5263157894736842,0.5059523809523809,0.011631052629980886,0.375,0.42857142857142855,0.4,0.42857142857142855,0.5833333333333334,0.42105263157894735,0.3684210526315789,False,0.5595238095238095,0.250829584567549
AMZN,1d:DNEWS_OVERNIGHT,TFIDF_RF,2018-12,"{""max_depth"": 8, ""min_samples_leaf"": 5}",227,2018-11-30 21:00:00+00:00,2018-12-03 14:25:00+00:00,19,0.47368421052631576,0.4642857142857143,-0.06900655593423542,0.3333333333333333,0.42857142857142855,0.375,0.42857142857142855,0.5,0.47368421052631576,0.3684210526315789,False,0.5238095238095238,0.24693348753619904
AMZN,1d:DNEWS_OVERNIGHT,TFIDF_RF,2018-12,"{""max_depth"": null, ""min_samples_leaf"": 1}",227,2018-11-30 21:00:00+00:00,2018-12-03 14:25:00+00:00,19,0.47368421052631576,0.4642857142857143,-0.06900655593423542,0.3333333333333333,0.42857142857142855,0.375,0.42857142857142855,0.5,0.47368421052631576,0.3684210526315789,False,0.5714285714285714,0.24472796823811377
AMZN,1d:DNEWS_OVERNIGHT,TFIDF_RF,2018-12,"{""max_depth"": null, ""min_samples_leaf"": 5}",227,2018-11-30 21:00:00+00:00,2018-12-03 14:25:00+00:00,19,0.47368421052631576,0.4642857142857143,-0.06900655593423542,0.3333333333333333,0.42857142857142855,0.375,0.42857142857142855,0.5,0.47368421052631576,0.3684210526315789,False,0.5357142857142857,0.2477262215453169
AMZN,1d:DNEWS_OVERNIGHT,TFIDF_RF,2019-01,"{""max_depth"": 8, ""min_samples_leaf"": 1}",246,2018-12-31 21:00:00+00:00,2019-01-02 14:25:00+00:00,21,0.38095238095238093,0.38636363636363635,-0.2337367475021143,0.375,0.2727272727272727,0.3157894736842105,0.2727272727272727,0.5,0.38095238095238093,0.5238095238095238,False,0.41818181818181815,0.26552287856412926
AMZN,1d:DNEWS_OVERNIGHT,TFIDF_RF,2019-01,"{""max_depth"": 8, ""min_samples_leaf"": 5}",246,2018-12-31 21:00:00+00:00,2019-01-02 14:25:00+00:00,21,0.38095238095238093,0.38636363636363635,-0.2337367475021143,0.375,0.2727272727272727,0.3157894736842105,0.2727272727272727,0.5,0.38095238095238093,0.5238095238095238,False,0.40909090909090906,0.2681512550953662
AMZN,1d:DNEWS_OVERNIGHT,TFIDF_RF,2019-01,"{""max_depth"": null, ""min_samples_leaf"": 1}",246,2018-12-31 21:00:00+00:00,2019-01-02 14:25:00+00:00,21,0.42857142857142855,0.4318181818181818,-0.13762047064079508,0.4444444444444444,0.36363636363636365,0.4,0.36363636363636365,0.5,0.42857142857142855,0.5238095238095238,False,0.3818181818181818,0.3039946069017329
AMZN,1d:DNEWS_OVERNIGHT,TFIDF_RF,2019-01,"{""max_depth"": null, ""min_samples_leaf"": 5}",246,2018-12-31 21:00:00+00:00,2019-01-02 14:25:00+00:00,21,0.38095238095238093,0.38636363636363635,-0.2337367475021143,0.375,0.2727272727272727,0.3157894736842105,0.2727272727272727,0.5,0.38095238095238093,0.5238095238095238,False,0.40909090909090906,0.272254756497034
AMZN,1d:DNEWS_OVERNIGHT,TFIDF_RF,2019-02,"{""max_depth"": 8, ""min_samples_leaf"": 1}",267,2019-01-31 21:00:00+00:00,2019-02-01 14:25:00+00:00,1,1.0,,,0.0,0.0,0.0,0.0,1.0,0.0,0.0,True,,0.2481308476763596
AMZN,1d:DNEWS_OVERNIGHT,TFIDF_RF,2019-02,"{""max_depth"": 8, ""min_samples_leaf"": 5}",267,2019-01-31 21:00:00+00:00,2019-02-01 14:25:00+00:00,1,1.0,,,0.0,0.0,0.0,0.0,1.0,0.0,0.0,True,,0.2481308476763596
AMZN,1d:DNEWS_OVERNIGHT,TFIDF_RF,2019-02,"{""max_depth"": null, ""min_samples_leaf"": 1}",267,2019-01-31 21:00:00+00:00,2019-02-01 14:25:00+00:00,1,1.0,,,0.0,0.0,0.0,0.0,1.0,0.0,0.0,True,,0.2481308476763596
AMZN,1d:DNEWS_OVERNIGHT,TFIDF_RF,2019-02,"{""max_depth"": null, ""min_samples_leaf"": 5}",267,2019-01-31 21:00:00+00:00,2019-02-01 14:25:00+00:00,1,1.0,,,0.0,0.0,0.0,0.0,1.0,0.0,0.0,True,,0.2481308476763596
AAPL,1d:DNEWS_24H,TFIDF_ADABOOST,2018-03,"{""learning_rate"": 0.05, ""n_estimators"": 50}",35,2018-02-28 21:00:00+00:00,2018-03-01 14:25:00+00:00,21,0.6190476190476191,0.5240384615384616,0.07953559537197222,0.5,0.125,0.2,0.125,0.9230769230769231,0.09523809523809523,0.38095238095238093,False,0.40384615384615385,0.26835089547115726
AAPL,1d:DNEWS_24H,TFIDF_ADABOOST,2018-03,"{""learning_rate"": 0.1, ""n_estimators"": 50}",35,2018-02-28 21:00:00+00:00,2018-03-01 14:25:00+00:00,21,0.5714285714285714,0.4855769230769231,-0.04003203845127179,0.3333333333333333,0.125,0.18181818181818182,0.125,0.8461538461538461,0.14285714285714285,0.38095238095238093,False,0.4423076923076923,0.26045295429719734
AAPL,1d:DNEWS_24H,TFIDF_ADABOOST,2018-03,"{""learning_rate"": 0.05, ""n_estimators"": 100}",35,2018-02-28 21:00:00+00:00,2018-03-01 14:25:00+00:00,21,0.5238095238095238,0.44711538461538464,-0.13080416089248587,0.25,0.125,0.16666666666666666,0.125,0.7692307692307693,0.19047619047619047,0.38095238095238093,False,0.4807692307692307,0.26059078365903376
AAPL,1d:DNEWS_24H,TFIDF_ADABOOST,2018-03,"{""learning_rate"": 0.1, ""n_estimators"": 100}",35,2018-02-28 21:00:00+00:00,2018-03-01 14:25:00+00:00,21,0.5238095238095238,0.44711538461538464,-0.13080416089248587,0.25,0.125,0.16666666666666666,0.125,0.7692307692307693,0.19047619047619047,0.38095238095238093,False,0.4807692307692307,0.2534494758816431
AAPL,1d:DNEWS_24H,TFIDF_ADABOOST,2018-04,"{""learning_rate"": 0.05, ""n_estimators"": 50}",56,2018-03-29 20:00:00+00:00,2018-04-02 13:25:00+00:00,21,0.5238095238095238,0.5694444444444444,0.17503501050350123,0.75,0.25,0.375,0.25,0.8888888888888888,0.19047619047619047,0.5714285714285714,False,0.5046296296296297,0.2738692523647122
AAPL,1d:DNEWS_24H,TFIDF_ADABOOST,2018-04,"{""learning_rate"": 0.1, ""n_estimators"": 50}",56,2018-03-29 20:00:00+00:00,2018-04-02 13:25:00+00:00,21,0.5714285714285714,0.5972222222222222,0.2041241452319315,0.7142857142857143,0.4166666666666667,0.5263157894736842,0.4166666666666667,0.7777777777777778,0.3333333333333333,0.5714285714285714,False,0.5,0.26907996676215234
AAPL,1d:DNEWS_24H,TFIDF_ADABOOST,2018-04,"{""learning_rate"": 0.05, ""n_estimators"": 100}",56,2018-03-29 20:00:00+00:00,2018-04-02 13:25:00+00:00,21,0.5714285714285714,0.5972222222222222,0.2041241452319315,0.7142857142857143,0.4166666666666667,0.5263157894736842,0.4166666666666667,0.7777777777777778,0.3333333333333333,0.5714285714285714,False,0.5092592592592593,0.2663105170179753
AAPL,1d:DNEWS_24H,TFIDF_ADABOOST,2018-04,"{""learning_rate"": 0.1, ""n_estimators"": 100}",56,2018-03-29 20:00:00+00:00,2018-04-02 13:25:00+00:00,21,0.5714285714285714,0.5694444444444444,0.13762047064079508,0.6363636363636364,0.5833333333333334,0.6086956521739131,0.5833333333333334,0.5555555555555556,0.5238095238095238,0.5714285714285714,False,0.4814814814814815,0.267893365726594
AAPL,1d:DNEWS_24H,TFIDF_ADABOOST,2018-05,"{""learning_rate"": 0.05, ""n_estimators"": 50}",77,2018-04-30 20:00:00+00:00,2018-05-01 13:25:00+00:00,22,0.5,0.5,0.0,0.5,0.09090909090909091,0.15384615384615385,0.09090909090909091,0.9090909090909091,0.09090909090909091,0.5,False,0.4586776859504132,0.2884965823194348
AAPL,1d:DNEWS_24H,TFIDF_ADABOOST,2018-05,"{""learning_rate"": 0.1, ""n_estimators"": 50}",77,2018-04-30 20:00:00+00:00,2018-05-01 13:25:00+00:00,22,0.4090909090909091,0.4090909090909091,-0.31622776601683794,0.0,0.0,0.0,0.0,0.8181818181818182,0.09090909090909091,0.5,False,0.371900826446281,0.287581425252045
AAPL,1d:DNEWS_24H,TFIDF_ADABOOST,2018-05,"{""learning_rate"": 0.05, ""n_estimators"": 100}",77,2018-04-30 20:00:00+00:00,2018-05-01 13:25:00+00:00,22,0.4090909090909091,0.4090909090909091,-0.31622776601683794,0.0,0.0,0.0,0.0,0.8181818181818182,0.09090909090909091,0.5,False,0.36363636363636365,0.2902438854825997
AAPL,1d:DNEWS_24H,TFIDF_ADABOOST,2018-05,"{""learning_rate"": 0.1, ""n_estimators"": 100}",77,2018-04-30 20:00:00+00:00,2018-05-01 13:25:00+00:00,22,0.4090909090909091,0.4090909090909091,-0.31622776601683794,0.0,0.0,0.0,0.0,0.8181818181818182,0.09090909090909091,0.5,False,0.33884297520661155,0.28239327979733897
AAPL,1d:DNEWS_24H,TFIDF_ADABOOST,2018-06,"{""learning_rate"": 0.05, ""n_estimators"": 50}",99,2018-05-31 20:00:00+00:00,2018-06-01 13:25:00+00:00,21,0.5714285714285714,0.5096153846153846,0.021926450482675733,0.4,0.25,0.3076923076923077,0.25,0.7692307692307693,0.23809523809523808,0.38095238095238093,False,0.33653846153846156,0.26224367350038874
AAPL,1d:DNEWS_24H,TFIDF_ADABOOST,2018-06,"{""learning_rate"": 0.1, ""n_estimators"": 50}",99,2018-05-31 20:00:00+00:00,2018-06-01 13:25:00+00:00,21,0.5238095238095238,0.44711538461538464,-0.13080416089248587,0.25,0.125,0.16666666666666666,0.125,0.7692307692307693,0.19047619047619047,0.38095238095238093,False,0.3990384615384615,0.26104068829386345
AAPL,1d:DNEWS_24H,TFIDF_ADABOOST,2018-06,"{""learning_rate"": 0.05, ""n_estimators"": 100}",99,2018-05-31 20:00:00+00:00,2018-06-01 13:25:00+00:00,21,0.42857142857142855,0.3701923076923077,-0.279078152825719,0.16666666666666666,0.125,0.14285714285714285,0.125,0.6153846153846154,0.2857142857142857,0.38095238095238093,False,0.3076923076923077,0.2694640604911748
AAPL,1d:DNEWS_24H,TFIDF_ADABOOST,2018-06,"{""learning_rate"": 0.1, ""n_estimators"": 100}",99,2018-05-31 20:00:00+00:00,2018-06-01 13:25:00+00:00,21,0.38095238095238093,0.3798076923076923,-0.2337367475021143,0.2727272727272727,0.375,0.3157894736842105,0.375,0.38461538461538464,0.5238095238095238,0.38095238095238093,False,0.2980769230769231,0.27383419032674083
AAPL,1d:DNEWS_24H,TFIDF_ADABOOST,2018-07,"{""learning_rate"": 0.05, ""n_estimators"": 50}",120,2018-06-29 20:00:00+00:00,2018-07-02 13:25:00+00:00,21,0.2857142857142857,0.375,-0.4135850959342555,0.0,0.0,0.0,0.0,0.75,0.09523809523809523,0.6190476190476191,False,0.3413461538461539,0.32585269293774866
AAPL,1d:DNEWS_24H,TFIDF_ADABOOST,2018-07,"{""learning_rate"": 0.1, ""n_estimators"": 50}",120,2018-06-29 20:00:00+00:00,2018-07-02 13:25:00+00:00,21,0.3333333333333333,0.41346153846153844,-0.2401922307076307,0.3333333333333333,0.07692307692307693,0.125,0.07692307692307693,0.75,0.14285714285714285,0.6190476190476191,False,0.3557692307692307,0.30508867847617765
AAPL,1d:DNEWS_24H,TFIDF_ADABOOST,2018-07,"{""learning_rate"": 0.05, ""n_estimators"": 100}",120,2018-06-29 20:00:00+00:00,2018-07-02 13:25:00+00:00,21,0.3333333333333333,0.41346153846153844,-0.2401922307076307,0.3333333333333333,0.07692307692307693,0.125,0.07692307692307693,0.75,0.14285714285714285,0.6190476190476191,False,0.32211538461538464,0.2994293933202037
AAPL,1d:DNEWS_24H,TFIDF_ADABOOST,2018-07,"{""learning_rate"": 0.1, ""n_estimators"": 100}",120,2018-06-29 20:00:00+00:00,2018-07-02 13:25:00+00:00,21,0.2857142857142857,0.3269230769230769,-0.3721042037676254,0.3333333333333333,0.15384615384615385,0.21052631578947367,0.15384615384615385,0.5,0.2857142857142857,0.6190476190476191,False,0.2932692307692308,0.2812947217353228
AAPL,1d:DNEWS_24H,TFIDF_ADABOOST,2018-08,"{""learning_rate"": 0.05, ""n_estimators"": 50}",141,2018-07-31 20:00:00+00:00,2018-08-01 13:25:00+00:00,23,0.6956521739130435,0.5245098039215687,0.0639137490706142,0.75,0.8823529411764706,0.8108108108108109,0.8823529411764706,0.16666666666666666,0.8695652173913043,0.7391304347826086,False,0.4411764705882353,0.23241208006122854
AAPL,1d:DNEWS_24H,TFIDF_ADABOOST,2018-08,"{""learning_rate"": 0.1, ""n_estimators"": 50}",141,2018-07-31 20:00:00+00:00,2018-08-01 13:25:00+00:00,23,0.6521739130434783,0.49509803921568624,-0.011357771260606365,0.7368421052631579,0.8235294117647058,0.7777777777777778,0.8235294117647058,0.16666666666666666,0.8260869565217391,0.7391304347826086,False,0.47058823529411764,0.23977096728577132
AAPL,1d:DNEWS_24H,TFIDF_ADABOOST,2018-08,"{""learning_rate"": 0.05, ""n_estimators"": 100}",141,2018-07-31 20:00:00+00:00,2018-08-01 13:25:00+00:00,23,0.6521739130434783,0.49509803921568624,-0.011357771260606365,0.7368421052631579,0.8235294117647058,0.7777777777777778,0.8235294117647058,0.16666666666666666,0.8260869565217391,0.7391304347826086,False,0.4509803921568627,0.2379408137254762
AAPL,1d:DNEWS_24H,TFIDF_ADABOOST,2018-08,"{""learning_rate"": 0.1, ""n_estimators"": 100}",141,2018-07-31 20:00:00+00:00,2018-08-01 13:25:00+00:00,23,0.6521739130434783,0.49509803921568624,-0.011357771260606365,0.7368421052631579,0.8235294117647058,0.7777777777777778,0.8235294117647058,0.16666666666666666,0.8260869565217391,0.7391304347826086,False,0.5588235294117647,0.241175164223485
AAPL,1d:DNEWS_24H,TFIDF_ADABOOST,2018-09,"{""learning_rate"": 0.05, ""n_estimators"": 50}",164,2018-08-31 20:00:00+00:00,2018-09-04 13:25:00+00:00,19,0.42105263157894735,0.4444444444444444,-0.24845199749997662,0.4444444444444444,0.8888888888888888,0.5925925925925926,0.8888888888888888,0.0,0.9473684210526315,0.47368421052631576,False,0.45,0.2809279127044064
AAPL,1d:DNEWS_24H,TFIDF_ADABOOST,2018-09,"{""learning_rate"": 0.1, ""n_estimators"": 50}",164,2018-08-31 20:00:00+00:00,2018-09-04 13:25:00+00:00,19,0.42105263157894735,0.4444444444444444,-0.24845199749997662,0.4444444444444444,0.8888888888888888,0.5925925925925926,0.8888888888888888,0.0,0.9473684210526315,0.47368421052631576,False,0.47777777777777775,0.26579625960944564
AAPL,1d:DNEWS_24H,TFIDF_ADABOOST,2018-09,"{""learning_rate"": 0.05, ""n_estimators"": 100}",164,2018-08-31 20:00:00+00:00,2018-09-04 13:25:00+00:00,19,0.42105263157894735,0.4444444444444444,-0.24845199749997662,0.4444444444444444,0.8888888888888888,0.5925925925925926,0.8888888888888888,0.0,0.9473684210526315,0.47368421052631576,False,0.4333333333333333,0.26791858216765085
AAPL,1d:DNEWS_24H,TFIDF_ADABOOST,2018-09,"{""learning_rate"": 0.1, ""n_estimators"": 100}",164,2018-08-31 20:00:00+00:00,2018-09-04 13:25:00+00:00,19,0.47368421052631576,0.4944444444444444,-0.018077538151554683,0.47058823529411764,0.8888888888888888,0.6153846153846154,0.8888888888888888,0.1,0.8947368421052632,0.47368421052631576,False,0.5333333333333333,0.25640598781066076
AAPL,1d:DNEWS_24H,TFIDF_ADABOOST,2018-10,"{""learning_rate"": 0.05, ""n_estimators"": 50}",183,2018-09-28 20:00:00+00:00,2018-10-01 13:25:00+00:00,23,0.6086956521739131,0.5984848484848485,0.22407133233117496,0.6666666666666666,0.36363636363636365,0.47058823529411764,0.36363636363636365,0.8333333333333334,0.2608695652173913,0.4782608695652174,False,0.6325757575757576,0.24981390476031765
AAPL,1d:DNEWS_24H,TFIDF_ADABOOST,2018-10,"{""learning_rate"": 0.1, ""n_estimators"": 50}",183,2018-09-28 20:00:00+00:00,2018-10-01 13:25:00+00:00,23,0.6086956521739131,0.6022727272727273,0.21452908258025827,0.625,0.45454545454545453,0.5263157894736842,0.45454545454545453,0.75,0.34782608695652173,0.4782608695652174,False,0.5303030303030303,0.24786736239634483
AAPL,1d:DNEWS_24H,TFIDF_ADABOOST,2018-10,"{""learning_rate"": 0.05, ""n_estimators"": 100}",183,2018-09-28 20:00:00+00:00,2018-10-01 13:25:00+00:00,23,0.6521739130434783,0.6477272727272727,0.302407368379503,0.6666666666666666,0.5454545454545454,0.6,0.5454545454545454,0.75,0.391304347826087,0.4782608695652174,False,0.537878787878788,0.24741130451776625
AAPL,1d:DNEWS_24H,TFIDF_ADABOOST,2018-10,"{""learning_rate"": 0.1, ""n_estimators"": 100}",183,2018-09-28 20:00:00+00:00,2018-10-01 13:25:00+00:00,23,0.4782608695652174,0.48863636363636365,-0.025854384499750957,0.47058823529411764,0.7272727272727273,0.5714285714285714,0.7272727272727273,0.25,0.7391304347826086,0.4782608695652174,False,0.5795454545454546,0.24808853180293383
AAPL,1d:DNEWS_24H,TFIDF_ADABOOST,2018-11,"{""learning_rate"": 0.05, ""n_estimators"": 50}",206,2018-10-31 20:00:00+00:00,2018-11-01 13:25:00+00:00,21,0.47619047619047616,0.3928571428571429,-0.22360679774997896,0.16666666666666666,0.14285714285714285,0.15384615384615385,0.14285714285714285,0.6428571428571429,0.2857142857142857,0.3333333333333333,False,0.22448979591836732,0.34018751005134795
AAPL,1d:DNEWS_24H,TFIDF_ADABOOST,2018-11,"{""learning_rate"": 0.1, ""n_estimators"": 50}",206,2018-10-31 20:00:00+00:00,2018-11-01 13:25:00+00:00,21,0.23809523809523808,0.21428571428571427,-0.5393598899705937,0.09090909090909091,0.14285714285714285,0.1111111111111111,0.14285714285714285,0.2857142857142857,0.5238095238095238,0.3333333333333333,False,0.21428571428571427,0.3348066456685252
AAPL,1d:DNEWS_24H,TFIDF_ADABOOST,2018-11,"{""learning_rate"": 0.05, ""n_estimators"": 100}",206,2018-10-31 20:00:00+00:00,2018-11-01 13:25:00+00:00,21,0.23809523809523808,0.21428571428571427,-0.5393598899705937,0.09090909090909091,0.14285714285714285,0.1111111111111111,0.14285714285714285,0.2857142857142857,0.5238095238095238,0.3333333333333333,False,0.21428571428571427,0.34033982820399394
AAPL,1d:DNEWS_24H,TFIDF_ADABOOST,2018-11,"{""learning_rate"": 0.1, ""n_estimators"": 100}",206,2018-10-31 20:00:00+00:00,2018-11-01 13:25:00+00:00,21,0.23809523809523808,0.25,-0.4853626716970755,0.15384615384615385,0.2857142857142857,0.2,0.2857142857142857,0.21428571428571427,0.6190476190476191,0.3333333333333333,False,0.1683673469387755,0.32738850591785296
AAPL,1d:DNEWS_24H,TFIDF_ADABOOST,2018-12,"{""learning_rate"": 0.05, ""n_estimators"": 50}",227,2018-11-30 21:00:00+00:00,2018-12-03 14:25:00+00:00,19,0.5263157894736842,0.5192307692307692,0.03580574370197164,0.3333333333333333,0.5,0.4,0.5,0.5384615384615384,0.47368421052631576,0.3157894736842105,False,0.6025641025641026,0.2489831844912679
AAPL,1d:DNEWS_24H,TFIDF_ADABOOST,2018-12,"{""learning_rate"": 0.1, ""n_estimators"": 50}",227,2018-11-30 21:00:00+00:00,2018-12-03 14:25:00+00:00,19,0.42105263157894735,0.4423076923076923,-0.1086310236566852,0.2727272727272727,0.5,0.35294117647058826,0.5,0.38461538461538464,0.5789473684210527,0.3157894736842105,False,0.5897435897435898,0.25362365577707896
AAPL,1d:DNEWS_24H,TFIDF_ADABOOST,2018-12,"{""learning_rate"": 0.05, ""n_estimators"": 100}",227,2018-11-30 21:00:00+00:00,2018-12-03 14:25:00+00:00,19,0.42105263157894735,0.4423076923076923,-0.1086310236566852,0.2727272727272727,0.5,0.35294117647058826,0.5,0.38461538461538464,0.5789473684210527,0.3157894736842105,False,0.5769230769230769,0.25399281267970614
AAPL,1d:DNEWS_24H,TFIDF_ADABOOST,2018-12,"{""learning_rate"": 0.1, ""n_estimators"": 100}",227,2018-11-30 21:00:00+00:00,2018-12-03 14:25:00+00:00,19,0.5263157894736842,0.5641025641025641,0.1207011373963169,0.36363636363636365,0.6666666666666666,0.47058823529411764,0.6666666666666666,0.46153846153846156,0.5789473684210527,0.3157894736842105,False,0.5705128205128205,0.2516771271908361
AAPL,1d:DNEWS_24H,TFIDF_ADABOOST,2019-01,"{""learning_rate"": 0.05, ""n_estimators"": 50}",246,2018-12-31 21:00:00+00:00,2019-01-02 14:25:00+00:00,21,0.23809523809523808,0.24545454545454548,-0.5393598899705937,0.14285714285714285,0.09090909090909091,0.1111111111111111,0.09090909090909091,0.4,0.3333333333333333,0.5238095238095238,False,0.17272727272727276,0.3558803770945453
AAPL,1d:DNEWS_24H,TFIDF_ADABOOST,2019-01,"{""learning_rate"": 0.1, ""n_estimators"": 50}",246,2018-12-31 21:00:00+00:00,2019-01-02 14:25:00+00:00,21,0.2857142857142857,0.28181818181818186,-0.4403855060505442,0.3333333333333333,0.36363636363636365,0.34782608695652173,0.36363636363636365,0.2,0.5714285714285714,0.5238095238095238,False,0.24545454545454543,0.3110594866950704
AAPL,1d:DNEWS_24H,TFIDF_ADABOOST,2019-01,"{""learning_rate"": 0.05, ""n_estimators"": 100}",246,2018-12-31 21:00:00+00:00,2019-01-02 14:25:00+00:00,21,0.2857142857142857,0.28181818181818186,-0.4403855060505442,0.3333333333333333,0.36363636363636365,0.34782608695652173,0.36363636363636365,0.2,0.5714285714285714,0.5238095238095238,False,0.24545454545454543,0.31370721667191476
AAPL,1d:DNEWS_24H,TFIDF_ADABOOST,2019-01,"{""learning_rate"": 0.1, ""n_estimators"": 100}",246,2018-12-31 21:00:00+00:00,2019-01-02 14:25:00+00:00,21,0.3333333333333333,0.3318181818181818,-0.33636363636363636,0.36363636363636365,0.36363636363636365,0.36363636363636365,0.36363636363636365,0.3,0.5238095238095238,0.5238095238095238,False,0.24545454545454543,0.29357838495909006
AAPL,1d:DNEWS_24H,TFIDF_ADABOOST,2019-02,"{""learning_rate"": 0.05, ""n_estimators"": 50}",267,2019-01-31 21:00:00+00:00,2019-02-01 14:25:00+00:00,1,1.0,,,1.0,1.0,1.0,1.0,0.0,1.0,1.0,True,,0.2321196378617493
AAPL,1d:DNEWS_24H,TFIDF_ADABOOST,2019-02,"{""learning_rate"": 0.1, ""n_estimators"": 50}",267,2019-01-31 21:00:00+00:00,2019-02-01 14:25:00+00:00,1,0.0,,,0.0,0.0,0.0,0.0,0.0,0.0,1.0,True,,0.27188910732584126
AAPL,1d:DNEWS_24H,TFIDF_ADABOOST,2019-02,"{""learning_rate"": 0.05, ""n_estimators"": 100}",267,2019-01-31 21:00:00+00:00,2019-02-01 14:25:00+00:00,1,1.0,,,1.0,1.0,1.0,1.0,0.0,1.0,1.0,True,,0.2471787109911789
AAPL,1d:DNEWS_24H,TFIDF_ADABOOST,2019-02,"{""learning_rate"": 0.1, ""n_estimators"": 100}",267,2019-01-31 21:00:00+00:00,2019-02-01 14:25:00+00:00,1,1.0,,,1.0,1.0,1.0,1.0,0.0,1.0,1.0,True,,0.2473203190510521
AAPL,1d:DNEWS_OVERNIGHT,TFIDF_ADABOOST,2018-03,"{""learning_rate"": 0.05, ""n_estimators"": 50}",35,2018-02-28 21:00:00+00:00,2018-03-01 14:25:00+00:00,21,0.42857142857142855,0.34615384615384615,-0.38052119532359524,0.0,0.0,0.0,0.0,0.6923076923076923,0.19047619047619047,0.38095238095238093,False,0.20192307692307693,0.35104974957235724
AAPL,1d:DNEWS_OVERNIGHT,TFIDF_ADABOOST,2018-03,"{""learning_rate"": 0.1, ""n_estimators"": 50}",35,2018-02-28 21:00:00+00:00,2018-03-01 14:25:00+00:00,21,0.38095238095238093,0.3317307692307692,-0.3466876226407682,0.14285714285714285,0.125,0.13333333333333333,0.125,0.5384615384615384,0.3333333333333333,0.38095238095238093,False,0.18269230769230768,0.3401373605973344
AAPL,1d:DNEWS_OVERNIGHT,TFIDF_ADABOOST,2018-03,"{""learning_rate"": 0.05, ""n_estimators"": 100}",35,2018-02-28 21:00:00+00:00,2018-03-01 14:25:00+00:00,21,0.47619047619047616,0.40865384615384615,-0.20830127958541944,0.2,0.125,0.15384615384615385,0.125,0.6923076923076923,0.23809523809523808,0.38095238095238093,False,0.18749999999999997,0.3382986392090113
AAPL,1d:DNEWS_OVERNIGHT,TFIDF_ADABOOST,2018-03,"{""learning_rate"": 0.1, ""n_estimators"": 100}",35,2018-02-28 21:00:00+00:00,2018-03-01 14:25:00+00:00,21,0.38095238095238093,0.3317307692307692,-0.3466876226407682,0.14285714285714285,0.125,0.13333333333333333,0.125,0.5384615384615384,0.3333333333333333,0.38095238095238093,False,0.17788461538461536,0.3250138648200605
AAPL,1d:DNEWS_OVERNIGHT,TFIDF_ADABOOST,2018-04,"{""learning_rate"": 0.05, ""n_estimators"": 50}",56,2018-03-29 20:00:00+00:00,2018-04-02 13:25:00+00:00,21,0.5238095238095238,0.5277777777777778,0.05504818825631803,0.6,0.5,0.5454545454545454,0.5,0.5555555555555556,0.47619047619047616,0.5714285714285714,False,0.5416666666666666,0.2561295702578371
AAPL,1d:DNEWS_OVERNIGHT,TFIDF_ADABOOST,2018-04,"{""learning_rate"": 0.1, ""n_estimators"": 50}",56,2018-03-29 20:00:00+00:00,2018-04-02 13:25:00+00:00,21,0.47619047619047616,0.48611111111111116,-0.027777777777777776,0.5555555555555556,0.4166666666666667,0.47619047619047616,0.4166666666666667,0.5555555555555556,0.42857142857142855,0.5714285714285714,False,0.5046296296296295,0.2560159425533096
AAPL,1d:DNEWS_OVERNIGHT,TFIDF_ADABOOST,2018-04,"{""learning_rate"": 0.05, ""n_estimators"": 100}",56,2018-03-29 20:00:00+00:00,2018-04-02 13:25:00+00:00,21,0.5238095238095238,0.5277777777777778,0.05504818825631803,0.6,0.5,0.5454545454545454,0.5,0.5555555555555556,0.47619047619047616,0.5714285714285714,False,0.5046296296296295,0.25493589993140353
AAPL,1d:DNEWS_OVERNIGHT,TFIDF_ADABOOST,2018-04,"{""learning_rate"": 0.1, ""n_estimators"": 100}",56,2018-03-29 20:00:00+00:00,2018-04-02 13:25:00+00:00,21,0.5238095238095238,0.5277777777777778,0.05504818825631803,0.6,0.5,0.5454545454545454,0.5,0.5555555555555556,0.47619047619047616,0.5714285714285714,False,0.5648148148148149,0.2472824858902329
AAPL,1d:DNEWS_OVERNIGHT,TFIDF_ADABOOST,2018-05,"{""learning_rate"": 0.05, ""n_estimators"": 50}",77,2018-04-30 20:00:00+00:00,2018-05-01 13:25:00+00:00,22,0.4090909090909091,0.40909090909090906,-0.18898223650461363,0.375,0.2727272727272727,0.3157894736842105,0.2727272727272727,0.5454545454545454,0.36363636363636365,0.5,False,0.3264462809917355,0.3196139832920632
AAPL,1d:DNEWS_OVERNIGHT,TFIDF_ADABOOST,2018-05,"{""learning_rate"": 0.1, ""n_estimators"": 50}",77,2018-04-30 20:00:00+00:00,2018-05-01 13:25:00+00:00,22,0.4090909090909091,0.40909090909090906,-0.18898223650461363,0.375,0.2727272727272727,0.3157894736842105,0.2727272727272727,0.5454545454545454,0.36363636363636365,0.5,False,0.3305785123966942,0.2999584154267315
AAPL,1d:DNEWS_OVERNIGHT,TFIDF_ADABOOST,2018-05,"{""learning_rate"": 0.05, ""n_estimators"": 100}",77,2018-04-30 20:00:00+00:00,2018-05-01 13:25:00+00:00,22,0.45454545454545453,0.45454545454545453,-0.09759000729485331,0.42857142857142855,0.2727272727272727,0.3333333333333333,0.2727272727272727,0.6363636363636364,0.3181818181818182,0.5,False,0.3305785123966942,0.30033495663878934
AAPL,1d:DNEWS_OVERNIGHT,TFIDF_ADABOOST,2018-05,"{""learning_rate"": 0.1, ""n_estimators"": 100}",77,2018-04-30 20:00:00+00:00,2018-05-01 13:25:00+00:00,22,0.5,0.5,0.0,0.5,0.2727272727272727,0.35294117647058826,0.2727272727272727,0.7272727272727273,0.2727272727272727,0.5,False,0.38016528925619836,0.28145438495060565
AAPL,1d:DNEWS_OVERNIGHT,TFIDF_ADABOOST,2018-06,"{""learning_rate"": 0.05, ""n_estimators"": 50}",99,2018-05-31 20:00:00+00:00,2018-06-01 13:25:00+00:00,21,0.3333333333333333,0.34134615384615385,-0.31137618438976383,0.25,0.375,0.3,0.375,0.3076923076923077,0.5714285714285714,0.38095238095238093,False,0.46153846153846156,0.28885372949254706
AAPL,1d:DNEWS_OVERNIGHT,TFIDF_ADABOOST,2018-06,"{""learning_rate"": 0.1, ""n_estimators"": 50}",99,2018-05-31 20:00:00+00:00,2018-06-01 13:25:00+00:00,21,0.3333333333333333,0.34134615384615385,-0.31137618438976383,0.25,0.375,0.3,0.375,0.3076923076923077,0.5714285714285714,0.38095238095238093,False,0.451923076923077,0.272537144579789
AAPL,1d:DNEWS_OVERNIGHT,TFIDF_ADABOOST,2018-06,"{""learning_rate"": 0.05, ""n_estimators"": 100}",99,2018-05-31 20:00:00+00:00,2018-06-01 13:25:00+00:00,21,0.42857142857142855,0.4423076923076923,-0.11322770341445958,0.3333333333333333,0.5,0.4,0.5,0.38461538461538464,0.5714285714285714,0.38095238095238093,False,0.4903846153846154,0.2646959496221336
AAPL,1d:DNEWS_OVERNIGHT,TFIDF_ADABOOST,2018-06,"{""learning_rate"": 0.1, ""n_estimators"": 100}",99,2018-05-31 20:00:00+00:00,2018-06-01 13:25:00+00:00,21,0.5238095238095238,0.5192307692307692,0.03739787960033829,0.4,0.5,0.4444444444444444,0.5,0.5384615384615384,0.47619047619047616,0.38095238095238093,False,0.5288461538461539,0.2534979490792134
AAPL,1d:DNEWS_OVERNIGHT,TFIDF_ADABOOST,2018-07,"{""learning_rate"": 0.05, ""n_estimators"": 50}",120,2018-06-29 20:00:00+00:00,2018-07-02 13:25:00+00:00,21,0.2857142857142857,0.375,-0.4135850959342555,0.0,0.0,0.0,0.0,0.75,0.09523809523809523,0.6190476190476191,False,0.5673076923076923,0.28519440163621934
AAPL,1d:DNEWS_OVERNIGHT,TFIDF_ADABOOST,2018-07,"{""learning_rate"": 0.1, ""n_estimators"": 50}",120,2018-06-29 20:00:00+00:00,2018-07-02 13:25:00+00:00,21,0.3333333333333333,0.41346153846153844,-0.2401922307076307,0.3333333333333333,0.07692307692307693,0.125,0.07692307692307693,0.75,0.14285714285714285,0.6190476190476191,False,0.6201923076923077,0.2638400884179715
AAPL,1d:DNEWS_OVERNIGHT,TFIDF_ADABOOST,2018-07,"{""learning_rate"": 0.05, ""n_estimators"": 100}",120,2018-06-29 20:00:00+00:00,2018-07-02 13:25:00+00:00,21,0.3333333333333333,0.41346153846153844,-0.2401922307076307,0.3333333333333333,0.07692307692307693,0.125,0.07692307692307693,0.75,0.14285714285714285,0.6190476190476191,False,0.5721153846153846,0.2617272937499541
AAPL,1d:DNEWS_OVERNIGHT,TFIDF_ADABOOST,2018-07,"{""learning_rate"": 0.1, ""n_estimators"": 100}",120,2018-06-29 20:00:00+00:00,2018-07-02 13:25:00+00:00,21,0.47619047619047616,0.5528846153846154,0.13080416089248587,0.75,0.23076923076923078,0.35294117647058826,0.23076923076923078,0.875,0.19047619047619047,0.6190476190476191,False,0.6346153846153846,0.249537341791507
AAPL,1d:DNEWS_OVERNIGHT,TFIDF_ADABOOST,2018-08,"{""learning_rate"": 0.05, ""n_estimators"": 50}",141,2018-07-31 20:00:00+00:00,2018-08-01 13:25:00+00:00,23,0.30434782608695654,0.4215686274509804,-0.16699314428937317,0.6,0.17647058823529413,0.2727272727272727,0.17647058823529413,0.6666666666666666,0.21739130434782608,0.7391304347826086,False,0.38235294117647056,0.3199360284749854
AAPL,1d:DNEWS_OVERNIGHT,TFIDF_ADABOOST,2018-08,"{""learning_rate"": 0.1, ""n_estimators"": 50}",141,2018-07-31 20:00:00+00:00,2018-08-01 13:25:00+00:00,23,0.30434782608695654,0.4215686274509804,-0.16699314428937317,0.6,0.17647058823529413,0.2727272727272727,0.17647058823529413,0.6666666666666666,0.21739130434782608,0.7391304347826086,False,0.44607843137254904,0.2976443794951587
AAPL,1d:DNEWS_OVERNIGHT,TFIDF_ADABOOST,2018-08,"{""learning_rate"": 0.05, ""n_estimators"": 100}",141,2018-07-31 20:00:00+00:00,2018-08-01 13:25:00+00:00,23,0.30434782608695654,0.4215686274509804,-0.16699314428937317,0.6,0.17647058823529413,0.2727272727272727,0.17647058823529413,0.6666666666666666,0.21739130434782608,0.7391304347826086,False,0.45588235294117646,0.3012898308909933
AAPL,1d:DNEWS_OVERNIGHT,TFIDF_ADABOOST,2018-08,"{""learning_rate"": 0.1, ""n_estimators"": 100}",141,2018-07-31 20:00:00+00:00,2018-08-01 13:25:00+00:00,23,0.391304347826087,0.48039215686274506,-0.03742405942825599,0.7142857142857143,0.29411764705882354,0.4166666666666667,0.29411764705882354,0.6666666666666666,0.30434782608695654,0.7391304347826086,False,0.4509803921568628,0.2754590039071867
AAPL,1d:DNEWS_OVERNIGHT,TFIDF_ADABOOST,2018-09,"{""learning_rate"": 0.05, ""n_estimators"": 50}",164,2018-08-31 20:00:00+00:00,2018-09-04 13:25:00+00:00,19,0.6842105263157895,0.6888888888888889,0.3820465887291705,0.6363636363636364,0.7777777777777778,0.7,0.7777777777777778,0.6,0.5789473684210527,0.47368421052631576,False,0.7166666666666667,0.22736480181672805
AAPL,1d:DNEWS_OVERNIGHT,TFIDF_ADABOOST,2018-09,"{""learning_rate"": 0.1, ""n_estimators"": 50}",164,2018-08-31 20:00:00+00:00,2018-09-04 13:25:00+00:00,19,0.631578947368421,0.6388888888888888,0.2875273163926476,0.5833333333333334,0.7777777777777778,0.6666666666666666,0.7777777777777778,0.5,0.631578947368421,0.47368421052631576,False,0.6388888888888888,0.2406322706615129
AAPL,1d:DNEWS_OVERNIGHT,TFIDF_ADABOOST,2018-09,"{""learning_rate"": 0.05, ""n_estimators"": 100}",164,2018-08-31 20:00:00+00:00,2018-09-04 13:25:00+00:00,19,0.631578947368421,0.6388888888888888,0.2875273163926476,0.5833333333333334,0.7777777777777778,0.6666666666666666,0.7777777777777778,0.5,0.631578947368421,0.47368421052631576,False,0.6611111111111111,0.2384685447230275
AAPL,1d:DNEWS_OVERNIGHT,TFIDF_ADABOOST,2018-09,"{""learning_rate"": 0.1, ""n_estimators"": 100}",164,2018-08-31 20:00:00+00:00,2018-09-04 13:25:00+00:00,19,0.5263157894736842,0.5388888888888889,0.08819171036881969,0.5,0.7777777777777778,0.6086956521739131,0.7777777777777778,0.3,0.7368421052631579,0.47368421052631576,False,0.6111111111111112,0.24142119038497797
AAPL,1d:DNEWS_OVERNIGHT,TFIDF_ADABOOST,2018-10,"{""learning_rate"": 0.05, ""n_estimators"": 50}",183,2018-09-28 20:00:00+00:00,2018-10-01 13:25:00+00:00,23,0.4782608695652174,0.4734848484848485,-0.054278245606577465,0.4444444444444444,0.36363636363636365,0.4,0.36363636363636365,0.5833333333333334,0.391304347826087,0.4782608695652174,False,0.553030303030303,0.252863414971999
AAPL,1d:DNEWS_OVERNIGHT,TFIDF_ADABOOST,2018-10,"{""learning_rate"": 0.1, ""n_estimators"": 50}",183,2018-09-28 20:00:00+00:00,2018-10-01 13:25:00+00:00,23,0.5652173913043478,0.5681818181818181,0.13740858372430334,0.5384615384615384,0.6363636363636364,0.5833333333333334,0.6363636363636364,0.5,0.5652173913043478,0.4782608695652174,False,0.5492424242424242,0.2535745638489301
AAPL,1d:DNEWS_OVERNIGHT,TFIDF_ADABOOST,2018-10,"{""learning_rate"": 0.05, ""n_estimators"": 100}",183,2018-09-28 20:00:00+00:00,2018-10-01 13:25:00+00:00,23,0.4782608695652174,0.4810606060606061,-0.0381690510345287,0.46153846153846156,0.5454545454545454,0.5,0.5454545454545454,0.4166666666666667,0.5652173913043478,0.4782608695652174,False,0.5416666666666666,0.25250924969477084
AAPL,1d:DNEWS_OVERNIGHT,TFIDF_ADABOOST,2018-10,"{""learning_rate"": 0.1, ""n_estimators"": 100}",183,2018-09-28 20:00:00+00:00,2018-10-01 13:25:00+00:00,23,0.5217391304347826,0.5265151515151515,0.054278245606577465,0.5,0.6363636363636364,0.56,0.6363636363636364,0.4166666666666667,0.6086956521739131,0.4782608695652174,False,0.5265151515151515,0.2524157487025028
AAPL,1d:DNEWS_OVERNIGHT,TFIDF_ADABOOST,2018-11,"{""learning_rate"": 0.05, ""n_estimators"": 50}",206,2018-10-31 20:00:00+00:00,2018-11-01 13:25:00+00:00,21,0.6190476190476191,0.5,0.0,0.3333333333333333,0.14285714285714285,0.2,0.14285714285714285,0.8571428571428571,0.14285714285714285,0.3333333333333333,False,0.31632653061224486,0.2885077557453786
AAPL,1d:DNEWS_OVERNIGHT,TFIDF_ADABOOST,2018-11,"{""learning_rate"": 0.1, ""n_estimators"": 50}",206,2018-10-31 20:00:00+00:00,2018-11-01 13:25:00+00:00,21,0.2857142857142857,0.2857142857142857,-0.408248290463863,0.16666666666666666,0.2857142857142857,0.21052631578947367,0.2857142857142857,0.2857142857142857,0.5714285714285714,0.3333333333333333,False,0.3010204081632653,0.3035929770473381
AAPL,1d:DNEWS_OVERNIGHT,TFIDF_ADABOOST,2018-11,"{""learning_rate"": 0.05, ""n_estimators"": 100}",206,2018-10-31 20:00:00+00:00,2018-11-01 13:25:00+00:00,21,0.3333333333333333,0.3214285714285714,-0.337099931231621,0.18181818181818182,0.2857142857142857,0.2222222222222222,0.2857142857142857,0.35714285714285715,0.5238095238095238,0.3333333333333333,False,0.3010204081632653,0.3027807283402431
AAPL,1d:DNEWS_OVERNIGHT,TFIDF_ADABOOST,2018-11,"{""learning_rate"": 0.1, ""n_estimators"": 100}",206,2018-10-31 20:00:00+00:00,2018-11-01 13:25:00+00:00,21,0.3333333333333333,0.3571428571428571,-0.2773500981126146,0.23076923076923078,0.42857142857142855,0.3,0.42857142857142855,0.2857142857142857,0.6190476190476191,0.3333333333333333,False,0.32653061224489793,0.29566682660375365
AAPL,1d:DNEWS_OVERNIGHT,TFIDF_ADABOOST,2018-12,"{""learning_rate"": 0.05, ""n_estimators"": 50}",227,2018-11-30 21:00:00+00:00,2018-12-03 14:25:00+00:00,19,0.5789473684210527,0.6025641025641025,0.19096396641051544,0.4,0.6666666666666666,0.5,0.6666666666666666,0.5384615384615384,0.5263157894736842,0.3157894736842105,False,0.6858974358974358,0.25160620264996914
AAPL,1d:DNEWS_OVERNIGHT,TFIDF_ADABOOST,2018-12,"{""learning_rate"": 0.1, ""n_estimators"": 50}",227,2018-11-30 21:00:00+00:00,2018-12-03 14:25:00+00:00,19,0.42105263157894735,0.48717948717948717,-0.02564102564102564,0.3076923076923077,0.6666666666666666,0.42105263157894735,0.6666666666666666,0.3076923076923077,0.6842105263157895,0.3157894736842105,False,0.5833333333333334,0.25365095517417785
AAPL,1d:DNEWS_OVERNIGHT,TFIDF_ADABOOST,2018-12,"{""learning_rate"": 0.05, ""n_estimators"": 100}",227,2018-11-30 21:00:00+00:00,2018-12-03 14:25:00+00:00,19,0.42105263157894735,0.48717948717948717,-0.02564102564102564,0.3076923076923077,0.6666666666666666,0.42105263157894735,0.6666666666666666,0.3076923076923077,0.6842105263157895,0.3157894736842105,False,0.6217948717948718,0.2557086806328231
AAPL,1d:DNEWS_OVERNIGHT,TFIDF_ADABOOST,2018-12,"{""learning_rate"": 0.1, ""n_estimators"": 100}",227,2018-11-30 21:00:00+00:00,2018-12-03 14:25:00+00:00,19,0.42105263157894735,0.48717948717948717,-0.02564102564102564,0.3076923076923077,0.6666666666666666,0.42105263157894735,0.6666666666666666,0.3076923076923077,0.6842105263157895,0.3157894736842105,False,0.5,0.26147635952027515
AAPL,1d:DNEWS_OVERNIGHT,TFIDF_ADABOOST,2019-01,"{""learning_rate"": 0.05, ""n_estimators"": 50}",246,2018-12-31 21:00:00+00:00,2019-01-02 14:25:00+00:00,21,0.42857142857142855,0.45,-0.23452078799117146,0.0,0.0,0.0,0.0,0.9,0.047619047619047616,0.5238095238095238,False,0.43636363636363634,0.3047882148022256
AAPL,1d:DNEWS_OVERNIGHT,TFIDF_ADABOOST,2019-01,"{""learning_rate"": 0.1, ""n_estimators"": 50}",246,2018-12-31 21:00:00+00:00,2019-01-02 14:25:00+00:00,21,0.42857142857142855,0.45,-0.23452078799117146,0.0,0.0,0.0,0.0,0.9,0.047619047619047616,0.5238095238095238,False,0.38181818181818183,0.29339535698548636
AAPL,1d:DNEWS_OVERNIGHT,TFIDF_ADABOOST,2019-01,"{""learning_rate"": 0.05, ""n_estimators"": 100}",246,2018-12-31 21:00:00+00:00,2019-01-02 14:25:00+00:00,21,0.42857142857142855,0.45,-0.23452078799117146,0.0,0.0,0.0,0.0,0.9,0.047619047619047616,0.5238095238095238,False,0.42272727272727273,0.29161851680968104
AAPL,1d:DNEWS_OVERNIGHT,TFIDF_ADABOOST,2019-01,"{""learning_rate"": 0.1, ""n_estimators"": 100}",246,2018-12-31 21:00:00+00:00,2019-01-02 14:25:00+00:00,21,0.42857142857142855,0.4409090909090909,-0.13858046563114676,0.4,0.18181818181818182,0.25,0.18181818181818182,0.7,0.23809523809523808,0.5238095238095238,False,0.41818181818181815,0.28122550234927235
AAPL,1d:DNEWS_OVERNIGHT,TFIDF_ADABOOST,2019-02,"{""learning_rate"": 0.05, ""n_estimators"": 50}",267,2019-01-31 21:00:00+00:00,2019-02-01 14:25:00+00:00,1,1.0,,,1.0,1.0,1.0,1.0,0.0,1.0,1.0,True,,0.04095254554071313
AAPL,1d:DNEWS_OVERNIGHT,TFIDF_ADABOOST,2019-02,"{""learning_rate"": 0.1, ""n_estimators"": 50}",267,2019-01-31 21:00:00+00:00,2019-02-01 14:25:00+00:00,1,1.0,,,1.0,1.0,1.0,1.0,0.0,1.0,1.0,True,,0.07912107744368031
AAPL,1d:DNEWS_OVERNIGHT,TFIDF_ADABOOST,2019-02,"{""learning_rate"": 0.05, ""n_estimators"": 100}",267,2019-01-31 21:00:00+00:00,2019-02-01 14:25:00+00:00,1,1.0,,,1.0,1.0,1.0,1.0,0.0,1.0,1.0,True,,0.07710245496879804
AAPL,1d:DNEWS_OVERNIGHT,TFIDF_ADABOOST,2019-02,"{""learning_rate"": 0.1, ""n_estimators"": 100}",267,2019-01-31 21:00:00+00:00,2019-02-01 14:25:00+00:00,1,1.0,,,1.0,1.0,1.0,1.0,0.0,1.0,1.0,True,,0.14453580835391402
AMZN,1d:DNEWS_24H,TFIDF_ADABOOST,2018-03,"{""learning_rate"": 0.05, ""n_estimators"": 50}",35,2018-02-28 21:00:00+00:00,2018-03-01 14:25:00+00:00,21,0.6190476190476191,0.6527777777777778,0.3347193406976015,0.5333333333333333,0.8888888888888888,0.6666666666666666,0.8888888888888888,0.4166666666666667,0.7142857142857143,0.42857142857142855,False,0.7731481481481481,0.2290603879073522
AMZN,1d:DNEWS_24H,TFIDF_ADABOOST,2018-03,"{""learning_rate"": 0.1, ""n_estimators"": 50}",35,2018-02-28 21:00:00+00:00,2018-03-01 14:25:00+00:00,21,0.6666666666666666,0.6944444444444444,0.408248290463863,0.5714285714285714,0.8888888888888888,0.6956521739130435,0.8888888888888888,0.5,0.6666666666666666,0.42857142857142855,False,0.7546296296296297,0.2163274027041003
AMZN,1d:DNEWS_24H,TFIDF_ADABOOST,2018-03,"{""learning_rate"": 0.05, ""n_estimators"": 100}",35,2018-02-28 21:00:00+00:00,2018-03-01 14:25:00+00:00,21,0.6190476190476191,0.6527777777777778,0.3347193406976015,0.5333333333333333,0.8888888888888888,0.6666666666666666,0.8888888888888888,0.4166666666666667,0.7142857142857143,0.42857142857142855,False,0.7453703703703703,0.21940364174749552
AMZN,1d:DNEWS_24H,TFIDF_ADABOOST,2018-03,"{""learning_rate"": 0.1, ""n_estimators"": 100}",35,2018-02-28 21:00:00+00:00,2018-03-01 14:25:00+00:00,21,0.6666666666666666,0.6944444444444444,0.408248290463863,0.5714285714285714,0.8888888888888888,0.6956521739130435,0.8888888888888888,0.5,0.6666666666666666,0.42857142857142855,False,0.7546296296296297,0.2119879337205065
AMZN,1d:DNEWS_24H,TFIDF_ADABOOST,2018-04,"{""learning_rate"": 0.05, ""n_estimators"": 50}",56,2018-03-29 20:00:00+00:00,2018-04-02 13:25:00+00:00,21,0.5238095238095238,0.5227272727272727,0.045454545454545456,0.5454545454545454,0.5454545454545454,0.5454545454545454,0.5454545454545454,0.5,0.5238095238095238,0.5238095238095238,False,0.5636363636363637,0.2607623560521227
AMZN,1d:DNEWS_24H,TFIDF_ADABOOST,2018-04,"{""learning_rate"": 0.1, ""n_estimators"": 50}",56,2018-03-29 20:00:00+00:00,2018-04-02 13:25:00+00:00,21,0.47619047619047616,0.4772727272727273,-0.045454545454545456,0.5,0.45454545454545453,0.47619047619047616,0.45454545454545453,0.5,0.47619047619047616,0.5238095238095238,False,0.55,0.24989400128167638
AMZN,1d:DNEWS_24H,TFIDF_ADABOOST,2018-04,"{""learning_rate"": 0.05, ""n_estimators"": 100}",56,2018-03-29 20:00:00+00:00,2018-04-02 13:25:00+00:00,21,0.47619047619047616,0.4772727272727273,-0.045454545454545456,0.5,0.45454545454545453,0.47619047619047616,0.45454545454545453,0.5,0.47619047619047616,0.5238095238095238,False,0.55,0.2507598920694518
AMZN,1d:DNEWS_24H,TFIDF_ADABOOST,2018-04,"{""learning_rate"": 0.1, ""n_estimators"": 100}",56,2018-03-29 20:00:00+00:00,2018-04-02 13:25:00+00:00,21,0.6190476190476191,0.6181818181818182,0.23636363636363636,0.6363636363636364,0.6363636363636364,0.6363636363636364,0.6363636363636364,0.6,0.5238095238095238,0.5238095238095238,False,0.6045454545454545,0.24569514443792814
AMZN,1d:DNEWS_24H,TFIDF_ADABOOST,2018-05,"{""learning_rate"": 0.05, ""n_estimators"": 50}",77,2018-04-30 20:00:00+00:00,2018-05-01 13:25:00+00:00,22,0.5,0.475,-0.05940885257860046,0.5294117647058824,0.75,0.6206896551724138,0.75,0.2,0.7727272727272727,0.5454545454545454,False,0.5874999999999999,0.2700670647822393
AMZN,1d:DNEWS_24H,TFIDF_ADABOOST,2018-05,"{""learning_rate"": 0.1, ""n_estimators"": 50}",77,2018-04-30 20:00:00+00:00,2018-05-01 13:25:00+00:00,22,0.5,0.4833333333333333,-0.035634832254989916,0.5333333333333333,0.6666666666666666,0.5925925925925926,0.6666666666666666,0.3,0.6818181818181818,0.5454545454545454,False,0.5541666666666667,0.26218732142350454
AMZN,1d:DNEWS_24H,TFIDF_ADABOOST,2018-05,"{""learning_rate"": 0.05, ""n_estimators"": 100}",77,2018-04-30 20:00:00+00:00,2018-05-01 13:25:00+00:00,22,0.45454545454545453,0.43333333333333335,-0.14907119849998599,0.5,0.6666666666666666,0.5714285714285714,0.6666666666666666,0.2,0.7272727272727273,0.5454545454545454,False,0.5416666666666666,0.26336300489573444
AMZN,1d:DNEWS_24H,TFIDF_ADABOOST,2018-05,"{""learning_rate"": 0.1, ""n_estimators"": 100}",77,2018-04-30 20:00:00+00:00,2018-05-01 13:25:00+00:00,22,0.5909090909090909,0.5916666666666667,0.18257418583505536,0.6363636363636364,0.5833333333333334,0.6086956521739131,0.5833333333333334,0.6,0.5,0.5454545454545454,False,0.5625,0.2577040405006454
AMZN,1d:DNEWS_24H,TFIDF_ADABOOST,2018-06,"{""learning_rate"": 0.05, ""n_estimators"": 50}",99,2018-05-31 20:00:00+00:00,2018-06-01 13:25:00+00:00,21,0.47619047619047616,0.4305555555555556,-0.17503501050350123,0.5294117647058824,0.75,0.6206896551724138,0.75,0.1111111111111111,0.8095238095238095,0.5714285714285714,False,0.35185185185185186,0.32926123805486956
AMZN,1d:DNEWS_24H,TFIDF_ADABOOST,2018-06,"{""learning_rate"": 0.1, ""n_estimators"": 50}",99,2018-05-31 20:00:00+00:00,2018-06-01 13:25:00+00:00,21,0.47619047619047616,0.4305555555555556,-0.17503501050350123,0.5294117647058824,0.75,0.6206896551724138,0.75,0.1111111111111111,0.8095238095238095,0.5714285714285714,False,0.2962962962962963,0.3113175771126713
AMZN,1d:DNEWS_24H,TFIDF_ADABOOST,2018-06,"{""learning_rate"": 0.05, ""n_estimators"": 100}",99,2018-05-31 20:00:00+00:00,2018-06-01 13:25:00+00:00,21,0.47619047619047616,0.4305555555555556,-0.17503501050350123,0.5294117647058824,0.75,0.6206896551724138,0.75,0.1111111111111111,0.8095238095238095,0.5714285714285714,False,0.3055555555555555,0.310275548638326
AMZN,1d:DNEWS_24H,TFIDF_ADABOOST,2018-06,"{""learning_rate"": 0.1, ""n_estimators"": 100}",99,2018-05-31 20:00:00+00:00,2018-06-01 13:25:00+00:00,21,0.47619047619047616,0.4305555555555556,-0.17503501050350123,0.5294117647058824,0.75,0.6206896551724138,0.75,0.1111111111111111,0.8095238095238095,0.5714285714285714,False,0.3472222222222222,0.29309278464517813
AMZN,1d:DNEWS_24H,TFIDF_ADABOOST,2018-07,"{""learning_rate"": 0.05, ""n_estimators"": 50}",120,2018-06-29 20:00:00+00:00,2018-07-02 13:25:00+00:00,21,0.47619047619047616,0.49090909090909096,-0.023124864503144014,0.47058823529411764,0.8,0.5925925925925926,0.8,0.18181818181818182,0.8095238095238095,0.47619047619047616,False,0.55,0.27939585876570466
AMZN,1d:DNEWS_24H,TFIDF_ADABOOST,2018-07,"{""learning_rate"": 0.1, ""n_estimators"": 50}",120,2018-06-29 20:00:00+00:00,2018-07-02 13:25:00+00:00,21,0.47619047619047616,0.49090909090909096,-0.023124864503144014,0.47058823529411764,0.8,0.5925925925925926,0.8,0.18181818181818182,0.8095238095238095,0.47619047619047616,False,0.5363636363636364,0.2680006485114892
AMZN,1d:DNEWS_24H,TFIDF_ADABOOST,2018-07,"{""learning_rate"": 0.05, ""n_estimators"": 100}",120,2018-06-29 20:00:00+00:00,2018-07-02 13:25:00+00:00,21,0.47619047619047616,0.49090909090909096,-0.023124864503144014,0.47058823529411764,0.8,0.5925925925925926,0.8,0.18181818181818182,0.8095238095238095,0.47619047619047616,False,0.5363636363636364,0.26720055499507384
AMZN,1d:DNEWS_24H,TFIDF_ADABOOST,2018-07,"{""learning_rate"": 0.1, ""n_estimators"": 100}",120,2018-06-29 20:00:00+00:00,2018-07-02 13:25:00+00:00,21,0.38095238095238093,0.3909090909090909,-0.2412090756622109,0.4,0.6,0.48,0.6,0.18181818181818182,0.7142857142857143,0.47619047619047616,False,0.4136363636363636,0.2683390319150417
AMZN,1d:DNEWS_24H,TFIDF_ADABOOST,2018-08,"{""learning_rate"": 0.05, ""n_estimators"": 50}",141,2018-07-31 20:00:00+00:00,2018-08-01 13:25:00+00:00,23,0.6521739130434783,0.6349206349206349,0.2698412698412698,0.7142857142857143,0.7142857142857143,0.7142857142857143,0.7142857142857143,0.5555555555555556,0.6086956521739131,0.6086956521739131,False,0.5992063492063493,0.25634131366352386
AMZN,1d:DNEWS_24H,TFIDF_ADABOOST,2018-08,"{""learning_rate"": 0.1, ""n_estimators"": 50}",141,2018-07-31 20:00:00+00:00,2018-08-01 13:25:00+00:00,23,0.6521739130434783,0.6349206349206349,0.2698412698412698,0.7142857142857143,0.7142857142857143,0.7142857142857143,0.7142857142857143,0.5555555555555556,0.6086956521739131,0.6086956521739131,False,0.5833333333333333,0.25399311653354084
AMZN,1d:DNEWS_24H,TFIDF_ADABOOST,2018-08,"{""learning_rate"": 0.05, ""n_estimators"": 100}",141,2018-07-31 20:00:00+00:00,2018-08-01 13:25:00+00:00,23,0.6521739130434783,0.6349206349206349,0.2698412698412698,0.7142857142857143,0.7142857142857143,0.7142857142857143,0.7142857142857143,0.5555555555555556,0.6086956521739131,0.6086956521739131,False,0.5833333333333333,0.25470506778324337
AMZN,1d:DNEWS_24H,TFIDF_ADABOOST,2018-08,"{""learning_rate"": 0.1, ""n_estimators"": 100}",141,2018-07-31 20:00:00+00:00,2018-08-01 13:25:00+00:00,23,0.6521739130434783,0.6349206349206349,0.2698412698412698,0.7142857142857143,0.7142857142857143,0.7142857142857143,0.7142857142857143,0.5555555555555556,0.6086956521739131,0.6086956521739131,False,0.5595238095238095,0.24915713449453666
AMZN,1d:DNEWS_24H,TFIDF_ADABOOST,2018-09,"{""learning_rate"": 0.05, ""n_estimators"": 50}",164,2018-08-31 20:00:00+00:00,2018-09-04 13:25:00+00:00,19,0.3684210526315789,0.37777777777777777,-0.26257545381445874,0.38461538461538464,0.5555555555555556,0.45454545454545453,0.5555555555555556,0.2,0.6842105263157895,0.47368421052631576,False,0.47777777777777786,0.3190922705595179
AMZN,1d:DNEWS_24H,TFIDF_ADABOOST,2018-09,"{""learning_rate"": 0.1, ""n_estimators"": 50}",164,2018-08-31 20:00:00+00:00,2018-09-04 13:25:00+00:00,19,0.3684210526315789,0.37777777777777777,-0.26257545381445874,0.38461538461538464,0.5555555555555556,0.45454545454545453,0.5555555555555556,0.2,0.6842105263157895,0.47368421052631576,False,0.44444444444444453,0.2982232492163903
AMZN,1d:DNEWS_24H,TFIDF_ADABOOST,2018-09,"{""learning_rate"": 0.05, ""n_estimators"": 100}",164,2018-08-31 20:00:00+00:00,2018-09-04 13:25:00+00:00,19,0.3684210526315789,0.37777777777777777,-0.26257545381445874,0.38461538461538464,0.5555555555555556,0.45454545454545453,0.5555555555555556,0.2,0.6842105263157895,0.47368421052631576,False,0.44444444444444453,0.297491155012276
AMZN,1d:DNEWS_24H,TFIDF_ADABOOST,2018-09,"{""learning_rate"": 0.1, ""n_estimators"": 100}",164,2018-08-31 20:00:00+00:00,2018-09-04 13:25:00+00:00,19,0.3684210526315789,0.37777777777777777,-0.26257545381445874,0.38461538461538464,0.5555555555555556,0.45454545454545453,0.5555555555555556,0.2,0.6842105263157895,0.47368421052631576,False,0.5444444444444445,0.2763931924071178
AMZN,1d:DNEWS_24H,TFIDF_ADABOOST,2018-10,"{""learning_rate"": 0.05, ""n_estimators"": 50}",183,2018-09-28 20:00:00+00:00,2018-10-01 13:25:00+00:00,23,0.391304347826087,0.42063492063492064,-0.16265001215808886,0.3333333333333333,0.5555555555555556,0.4166666666666667,0.5555555555555556,0.2857142857142857,0.6521739130434783,0.391304347826087,False,0.4841269841269842,0.290654038920534
AMZN,1d:DNEWS_24H,TFIDF_ADABOOST,2018-10,"{""learning_rate"": 0.1, ""n_estimators"": 50}",183,2018-09-28 20:00:00+00:00,2018-10-01 13:25:00+00:00,23,0.391304347826087,0.42063492063492064,-0.16265001215808886,0.3333333333333333,0.5555555555555556,0.4166666666666667,0.5555555555555556,0.2857142857142857,0.6521739130434783,0.391304347826087,False,0.46825396825396826,0.27889761603459456
AMZN,1d:DNEWS_24H,TFIDF_ADABOOST,2018-10,"{""learning_rate"": 0.05, ""n_estimators"": 100}",183,2018-09-28 20:00:00+00:00,2018-10-01 13:25:00+00:00,23,0.391304347826087,0.42063492063492064,-0.16265001215808886,0.3333333333333333,0.5555555555555556,0.4166666666666667,0.5555555555555556,0.2857142857142857,0.6521739130434783,0.391304347826087,False,0.46031746031746035,0.28064427524318325
AMZN,1d:DNEWS_24H,TFIDF_ADABOOST,2018-10,"{""learning_rate"": 0.1, ""n_estimators"": 100}",183,2018-09-28 20:00:00+00:00,2018-10-01 13:25:00+00:00,23,0.391304347826087,0.42063492063492064,-0.16265001215808886,0.3333333333333333,0.5555555555555556,0.4166666666666667,0.5555555555555556,0.2857142857142857,0.6521739130434783,0.391304347826087,False,0.4682539682539682,0.26988204707833136
AMZN,1d:DNEWS_24H,TFIDF_ADABOOST,2018-11,"{""learning_rate"": 0.05, ""n_estimators"": 50}",206,2018-10-31 20:00:00+00:00,2018-11-01 13:25:00+00:00,21,0.3333333333333333,0.32727272727272727,-0.35527985620321373,0.38461538461538464,0.45454545454545453,0.4166666666666667,0.45454545454545453,0.2,0.6190476190476191,0.5238095238095238,False,0.40454545454545454,0.29932152673936396
AMZN,1d:DNEWS_24H,TFIDF_ADABOOST,2018-11,"{""learning_rate"": 0.1, ""n_estimators"": 50}",206,2018-10-31 20:00:00+00:00,2018-11-01 13:25:00+00:00,21,0.42857142857142855,0.42272727272727273,-0.1589409883014377,0.46153846153846156,0.5454545454545454,0.5,0.5454545454545454,0.3,0.6190476190476191,0.5238095238095238,False,0.3954545454545454,0.2814789496398123
AMZN,1d:DNEWS_24H,TFIDF_ADABOOST,2018-11,"{""learning_rate"": 0.05, ""n_estimators"": 100}",206,2018-10-31 20:00:00+00:00,2018-11-01 13:25:00+00:00,21,0.42857142857142855,0.42272727272727273,-0.1589409883014377,0.46153846153846156,0.5454545454545454,0.5,0.5454545454545454,0.3,0.6190476190476191,0.5238095238095238,False,0.4363636363636363,0.28101098500261246
AMZN,1d:DNEWS_24H,TFIDF_ADABOOST,2018-11,"{""learning_rate"": 0.1, ""n_estimators"": 100}",206,2018-10-31 20:00:00+00:00,2018-11-01 13:25:00+00:00,21,0.42857142857142855,0.42272727272727273,-0.1589409883014377,0.46153846153846156,0.5454545454545454,0.5,0.5454545454545454,0.3,0.6190476190476191,0.5238095238095238,False,0.40454545454545454,0.2713957799723965
AMZN,1d:DNEWS_24H,TFIDF_ADABOOST,2018-12,"{""learning_rate"": 0.05, ""n_estimators"": 50}",227,2018-11-30 21:00:00+00:00,2018-12-03 14:25:00+00:00,19,0.42105263157894735,0.39285714285714285,-0.20935894733965593,0.25,0.2857142857142857,0.26666666666666666,0.2857142857142857,0.5,0.42105263157894735,0.3684210526315789,False,0.47023809523809523,0.2320241078340852
AMZN,1d:DNEWS_24H,TFIDF_ADABOOST,2018-12,"{""learning_rate"": 0.1, ""n_estimators"": 50}",227,2018-11-30 21:00:00+00:00,2018-12-03 14:25:00+00:00,19,0.47368421052631576,0.4642857142857143,-0.06900655593423542,0.3333333333333333,0.42857142857142855,0.375,0.42857142857142855,0.5,0.47368421052631576,0.3684210526315789,False,0.5297619047619048,0.23670948501393918
AMZN,1d:DNEWS_24H,TFIDF_ADABOOST,2018-12,"{""learning_rate"": 0.05, ""n_estimators"": 100}",227,2018-11-30 21:00:00+00:00,2018-12-03 14:25:00+00:00,19,0.5789473684210527,0.6071428571428572,0.20935894733965593,0.45454545454545453,0.7142857142857143,0.5555555555555556,0.7142857142857143,0.5,0.5789473684210527,0.3684210526315789,False,0.5297619047619048,0.24007475616594495
AMZN,1d:DNEWS_24H,TFIDF_ADABOOST,2018-12,"{""learning_rate"": 0.1, ""n_estimators"": 100}",227,2018-11-30 21:00:00+00:00,2018-12-03 14:25:00+00:00,19,0.5263157894736842,0.5059523809523809,0.011631052629980886,0.375,0.42857142857142855,0.4,0.42857142857142855,0.5833333333333334,0.42105263157894735,0.3684210526315789,False,0.4642857142857143,0.2455947242923273
AMZN,1d:DNEWS_24H,TFIDF_ADABOOST,2019-01,"{""learning_rate"": 0.05, ""n_estimators"": 50}",246,2018-12-31 21:00:00+00:00,2019-01-02 14:25:00+00:00,21,0.5238095238095238,0.5318181818181817,0.06741998624632421,0.5714285714285714,0.36363636363636365,0.4444444444444444,0.36363636363636365,0.7,0.3333333333333333,0.5238095238095238,False,0.6636363636363637,0.2288897376997282
AMZN,1d:DNEWS_24H,TFIDF_ADABOOST,2019-01,"{""learning_rate"": 0.1, ""n_estimators"": 50}",246,2018-12-31 21:00:00+00:00,2019-01-02 14:25:00+00:00,21,0.6190476190476191,0.6227272727272727,0.24771684715343112,0.6666666666666666,0.5454545454545454,0.6,0.5454545454545454,0.7,0.42857142857142855,0.5238095238095238,False,0.6772727272727272,0.2314624148736745
AMZN,1d:DNEWS_24H,TFIDF_ADABOOST,2019-01,"{""learning_rate"": 0.05, ""n_estimators"": 100}",246,2018-12-31 21:00:00+00:00,2019-01-02 14:25:00+00:00,21,0.5714285714285714,0.5772727272727273,0.1589409883014377,0.625,0.45454545454545453,0.5263157894736842,0.45454545454545453,0.7,0.38095238095238093,0.5238095238095238,False,0.65,0.23373373293894806
AMZN,1d:DNEWS_24H,TFIDF_ADABOOST,2019-01,"{""learning_rate"": 0.1, ""n_estimators"": 100}",246,2018-12-31 21:00:00+00:00,2019-01-02 14:25:00+00:00,21,0.5238095238095238,0.5318181818181817,0.06741998624632421,0.5714285714285714,0.36363636363636365,0.4444444444444444,0.36363636363636365,0.7,0.3333333333333333,0.5238095238095238,False,0.6227272727272727,0.2418574076901645
AMZN,1d:DNEWS_24H,TFIDF_ADABOOST,2019-02,"{""learning_rate"": 0.05, ""n_estimators"": 50}",267,2019-01-31 21:00:00+00:00,2019-02-01 14:25:00+00:00,1,1.0,,,0.0,0.0,0.0,0.0,1.0,0.0,0.0,True,,0.19448696535548693
AMZN,1d:DNEWS_24H,TFIDF_ADABOOST,2019-02,"{""learning_rate"": 0.1, ""n_estimators"": 50}",267,2019-01-31 21:00:00+00:00,2019-02-01 14:25:00+00:00,1,1.0,,,0.0,0.0,0.0,0.0,1.0,0.0,0.0,True,,0.20810205245028557
AMZN,1d:DNEWS_24H,TFIDF_ADABOOST,2019-02,"{""learning_rate"": 0.05, ""n_estimators"": 100}",267,2019-01-31 21:00:00+00:00,2019-02-01 14:25:00+00:00,1,1.0,,,0.0,0.0,0.0,0.0,1.0,0.0,0.0,True,,0.2092314416875925
AMZN,1d:DNEWS_24H,TFIDF_ADABOOST,2019-02,"{""learning_rate"": 0.1, ""n_estimators"": 100}",267,2019-01-31 21:00:00+00:00,2019-02-01 14:25:00+00:00,1,1.0,,,0.0,0.0,0.0,0.0,1.0,0.0,0.0,True,,0.21655026821662346
AMZN,1d:DNEWS_OVERNIGHT,TFIDF_ADABOOST,2018-03,"{""learning_rate"": 0.05, ""n_estimators"": 50}",35,2018-02-28 21:00:00+00:00,2018-03-01 14:25:00+00:00,21,0.3333333333333333,0.3194444444444444,-0.3611111111111111,0.2222222222222222,0.2222222222222222,0.2222222222222222,0.2222222222222222,0.4166666666666667,0.42857142857142855,0.42857142857142855,False,0.20833333333333337,0.3265274570292148
AMZN,1d:DNEWS_OVERNIGHT,TFIDF_ADABOOST,2018-03,"{""learning_rate"": 0.1, ""n_estimators"": 50}",35,2018-02-28 21:00:00+00:00,2018-03-01 14:25:00+00:00,21,0.38095238095238093,0.3611111111111111,-0.28306925853614895,0.25,0.2222222222222222,0.23529411764705882,0.2222222222222222,0.5,0.38095238095238093,0.42857142857142855,False,0.19907407407407404,0.2983660166018964
AMZN,1d:DNEWS_OVERNIGHT,TFIDF_ADABOOST,2018-03,"{""learning_rate"": 0.05, ""n_estimators"": 100}",35,2018-02-28 21:00:00+00:00,2018-03-01 14:25:00+00:00,21,0.3333333333333333,0.3194444444444444,-0.3611111111111111,0.2222222222222222,0.2222222222222222,0.2222222222222222,0.2222222222222222,0.4166666666666667,0.42857142857142855,0.42857142857142855,False,0.21759259259259256,0.3001060858420088
AMZN,1d:DNEWS_OVERNIGHT,TFIDF_ADABOOST,2018-03,"{""learning_rate"": 0.1, ""n_estimators"": 100}",35,2018-02-28 21:00:00+00:00,2018-03-01 14:25:00+00:00,21,0.47619047619047616,0.4444444444444444,-0.12171612389003691,0.3333333333333333,0.2222222222222222,0.26666666666666666,0.2222222222222222,0.6666666666666666,0.2857142857142857,0.42857142857142855,False,0.29166666666666663,0.291307302366664
AMZN,1d:DNEWS_OVERNIGHT,TFIDF_ADABOOST,2018-04,"{""learning_rate"": 0.05, ""n_estimators"": 50}",56,2018-03-29 20:00:00+00:00,2018-04-02 13:25:00+00:00,21,0.5714285714285714,0.5727272727272728,0.14545454545454545,0.6,0.5454545454545454,0.5714285714285714,0.5454545454545454,0.6,0.47619047619047616,0.5238095238095238,False,0.4454545454545455,0.3047653137402966
AMZN,1d:DNEWS_OVERNIGHT,TFIDF_ADABOOST,2018-04,"{""learning_rate"": 0.1, ""n_estimators"": 50}",56,2018-03-29 20:00:00+00:00,2018-04-02 13:25:00+00:00,21,0.5238095238095238,0.5272727272727272,0.05504818825631803,0.5555555555555556,0.45454545454545453,0.5,0.45454545454545453,0.6,0.42857142857142855,0.5238095238095238,False,0.42272727272727273,0.28977107118431644
AMZN,1d:DNEWS_OVERNIGHT,TFIDF_ADABOOST,2018-04,"{""learning_rate"": 0.05, ""n_estimators"": 100}",56,2018-03-29 20:00:00+00:00,2018-04-02 13:25:00+00:00,21,0.5238095238095238,0.5272727272727272,0.05504818825631803,0.5555555555555556,0.45454545454545453,0.5,0.45454545454545453,0.6,0.42857142857142855,0.5238095238095238,False,0.42272727272727273,0.2898012857696793
AMZN,1d:DNEWS_OVERNIGHT,TFIDF_ADABOOST,2018-04,"{""learning_rate"": 0.1, ""n_estimators"": 100}",56,2018-03-29 20:00:00+00:00,2018-04-02 13:25:00+00:00,21,0.5238095238095238,0.5272727272727272,0.05504818825631803,0.5555555555555556,0.45454545454545453,0.5,0.45454545454545453,0.6,0.42857142857142855,0.5238095238095238,False,0.39545454545454545,0.2798393757874964
AMZN,1d:DNEWS_OVERNIGHT,TFIDF_ADABOOST,2018-05,"{""learning_rate"": 0.05, ""n_estimators"": 50}",77,2018-04-30 20:00:00+00:00,2018-05-01 13:25:00+00:00,22,0.45454545454545453,0.4916666666666667,-0.028867513459481284,0.5,0.08333333333333333,0.14285714285714285,0.08333333333333333,0.9,0.09090909090909091,0.5454545454545454,False,0.4708333333333333,0.29083195405818446
AMZN,1d:DNEWS_OVERNIGHT,TFIDF_ADABOOST,2018-05,"{""learning_rate"": 0.1, ""n_estimators"": 50}",77,2018-04-30 20:00:00+00:00,2018-05-01 13:25:00+00:00,22,0.45454545454545453,0.4916666666666667,-0.028867513459481284,0.5,0.08333333333333333,0.14285714285714285,0.08333333333333333,0.9,0.09090909090909091,0.5454545454545454,False,0.39583333333333337,0.2755993558265357
AMZN,1d:DNEWS_OVERNIGHT,TFIDF_ADABOOST,2018-05,"{""learning_rate"": 0.05, ""n_estimators"": 100}",77,2018-04-30 20:00:00+00:00,2018-05-01 13:25:00+00:00,22,0.45454545454545453,0.4916666666666667,-0.028867513459481284,0.5,0.08333333333333333,0.14285714285714285,0.08333333333333333,0.9,0.09090909090909091,0.5454545454545454,False,0.39583333333333337,0.2763220688668877
AMZN,1d:DNEWS_OVERNIGHT,TFIDF_ADABOOST,2018-05,"{""learning_rate"": 0.1, ""n_estimators"": 100}",77,2018-04-30 20:00:00+00:00,2018-05-01 13:25:00+00:00,22,0.45454545454545453,0.4916666666666667,-0.028867513459481284,0.5,0.08333333333333333,0.14285714285714285,0.08333333333333333,0.9,0.09090909090909091,0.5454545454545454,False,0.45,0.2596087000533538
AMZN,1d:DNEWS_OVERNIGHT,TFIDF_ADABOOST,2018-06,"{""learning_rate"": 0.05, ""n_estimators"": 50}",99,2018-05-31 20:00:00+00:00,2018-06-01 13:25:00+00:00,21,0.5238095238095238,0.4583333333333333,-0.19364916731037085,0.55,0.9166666666666666,0.6875,0.9166666666666666,0.0,0.9523809523809523,0.5714285714285714,False,0.41203703703703703,0.2672417347654942
AMZN,1d:DNEWS_OVERNIGHT,TFIDF_ADABOOST,2018-06,"{""learning_rate"": 0.1, ""n_estimators"": 50}",99,2018-05-31 20:00:00+00:00,2018-06-01 13:25:00+00:00,21,0.5714285714285714,0.5,0.0,0.5714285714285714,1.0,0.7272727272727273,1.0,0.0,1.0,0.5714285714285714,True,0.4212962962962963,0.25977508154592477
AMZN,1d:DNEWS_OVERNIGHT,TFIDF_ADABOOST,2018-06,"{""learning_rate"": 0.05, ""n_estimators"": 100}",99,2018-05-31 20:00:00+00:00,2018-06-01 13:25:00+00:00,21,0.5238095238095238,0.4583333333333333,-0.19364916731037085,0.55,0.9166666666666666,0.6875,0.9166666666666666,0.0,0.9523809523809523,0.5714285714285714,False,0.4490740740740741,0.25779351196368105
AMZN,1d:DNEWS_OVERNIGHT,TFIDF_ADABOOST,2018-06,"{""learning_rate"": 0.1, ""n_estimators"": 100}",99,2018-05-31 20:00:00+00:00,2018-06-01 13:25:00+00:00,21,0.42857142857142855,0.375,-0.35355339059327373,0.5,0.75,0.6,0.75,0.0,0.8571428571428571,0.5714285714285714,False,0.46759259259259256,0.2561313328187109
AMZN,1d:DNEWS_OVERNIGHT,TFIDF_ADABOOST,2018-07,"{""learning_rate"": 0.05, ""n_estimators"": 50}",120,2018-06-29 20:00:00+00:00,2018-07-02 13:25:00+00:00,21,0.42857142857142855,0.4454545454545455,-0.1556997888323046,0.4444444444444444,0.8,0.5714285714285714,0.8,0.09090909090909091,0.8571428571428571,0.47619047619047616,False,0.3681818181818182,0.266181406084753
AMZN,1d:DNEWS_OVERNIGHT,TFIDF_ADABOOST,2018-07,"{""learning_rate"": 0.1, ""n_estimators"": 50}",120,2018-06-29 20:00:00+00:00,2018-07-02 13:25:00+00:00,21,0.5238095238095238,0.5272727272727272,0.05504818825631803,0.5,0.6,0.5454545454545454,0.6,0.45454545454545453,0.5714285714285714,0.47619047619047616,False,0.4681818181818182,0.257865307533621
AMZN,1d:DNEWS_OVERNIGHT,TFIDF_ADABOOST,2018-07,"{""learning_rate"": 0.05, ""n_estimators"": 100}",120,2018-06-29 20:00:00+00:00,2018-07-02 13:25:00+00:00,21,0.47619047619047616,0.4818181818181818,-0.03739787960033829,0.46153846153846156,0.6,0.5217391304347826,0.6,0.36363636363636365,0.6190476190476191,0.47619047619047616,False,0.4681818181818182,0.2576125648629382
AMZN,1d:DNEWS_OVERNIGHT,TFIDF_ADABOOST,2018-07,"{""learning_rate"": 0.1, ""n_estimators"": 100}",120,2018-06-29 20:00:00+00:00,2018-07-02 13:25:00+00:00,21,0.47619047619047616,0.4772727272727273,-0.045454545454545456,0.45454545454545453,0.5,0.47619047619047616,0.5,0.45454545454545453,0.5238095238095238,0.47619047619047616,False,0.4454545454545455,0.26039123630286093
AMZN,1d:DNEWS_OVERNIGHT,TFIDF_ADABOOST,2018-08,"{""learning_rate"": 0.05, ""n_estimators"": 50}",141,2018-07-31 20:00:00+00:00,2018-08-01 13:25:00+00:00,23,0.6086956521739131,0.5198412698412699,0.06873217490352687,0.6190476190476191,0.9285714285714286,0.7428571428571429,0.9285714285714286,0.1111111111111111,0.9130434782608695,0.6086956521739131,False,0.40476190476190477,0.27580958845235765
AMZN,1d:DNEWS_OVERNIGHT,TFIDF_ADABOOST,2018-08,"{""learning_rate"": 0.1, ""n_estimators"": 50}",141,2018-07-31 20:00:00+00:00,2018-08-01 13:25:00+00:00,23,0.5217391304347826,0.46825396825396826,-0.07056748320332842,0.5882352941176471,0.7142857142857143,0.6451612903225806,0.7142857142857143,0.2222222222222222,0.7391304347826086,0.6086956521739131,False,0.40476190476190477,0.2666123301354911
AMZN,1d:DNEWS_OVERNIGHT,TFIDF_ADABOOST,2018-08,"{""learning_rate"": 0.05, ""n_estimators"": 100}",141,2018-07-31 20:00:00+00:00,2018-08-01 13:25:00+00:00,23,0.5652173913043478,0.503968253968254,0.00939060283031685,0.6111111111111112,0.7857142857142857,0.6875,0.7857142857142857,0.2222222222222222,0.782608695652174,0.6086956521739131,False,0.42063492063492064,0.266349516439282
AMZN,1d:DNEWS_OVERNIGHT,TFIDF_ADABOOST,2018-08,"{""learning_rate"": 0.1, ""n_estimators"": 100}",141,2018-07-31 20:00:00+00:00,2018-08-01 13:25:00+00:00,23,0.5217391304347826,0.46825396825396826,-0.07056748320332842,0.5882352941176471,0.7142857142857143,0.6451612903225806,0.7142857142857143,0.2222222222222222,0.7391304347826086,0.6086956521739131,False,0.4365079365079365,0.2563952216341587
AMZN,1d:DNEWS_OVERNIGHT,TFIDF_ADABOOST,2018-09,"{""learning_rate"": 0.05, ""n_estimators"": 50}",164,2018-08-31 20:00:00+00:00,2018-09-04 13:25:00+00:00,19,0.631578947368421,0.65,0.4107919181288746,0.5625,1.0,0.72,1.0,0.3,0.8421052631578947,0.47368421052631576,False,0.6055555555555556,0.2409453526198942
AMZN,1d:DNEWS_OVERNIGHT,TFIDF_ADABOOST,2018-09,"{""learning_rate"": 0.1, ""n_estimators"": 50}",164,2018-08-31 20:00:00+00:00,2018-09-04 13:25:00+00:00,19,0.7368421052631579,0.75,0.5669467095138409,0.6428571428571429,1.0,0.782608695652174,1.0,0.5,0.7368421052631579,0.47368421052631576,False,0.7277777777777779,0.2181377376024574
AMZN,1d:DNEWS_OVERNIGHT,TFIDF_ADABOOST,2018-09,"{""learning_rate"": 0.05, ""n_estimators"": 100}",164,2018-08-31 20:00:00+00:00,2018-09-04 13:25:00+00:00,19,0.7368421052631579,0.75,0.5669467095138409,0.6428571428571429,1.0,0.782608695652174,1.0,0.5,0.7368421052631579,0.47368421052631576,False,0.7055555555555555,0.21951770932244977
AMZN,1d:DNEWS_OVERNIGHT,TFIDF_ADABOOST,2018-09,"{""learning_rate"": 0.1, ""n_estimators"": 100}",164,2018-08-31 20:00:00+00:00,2018-09-04 13:25:00+00:00,19,0.7368421052631579,0.75,0.5669467095138409,0.6428571428571429,1.0,0.782608695652174,1.0,0.5,0.7368421052631579,0.47368421052631576,False,0.7222222222222222,0.21711051764292835
AMZN,1d:DNEWS_OVERNIGHT,TFIDF_ADABOOST,2018-10,"{""learning_rate"": 0.05, ""n_estimators"": 50}",183,2018-09-28 20:00:00+00:00,2018-10-01 13:25:00+00:00,23,0.4782608695652174,0.5515873015873015,0.13284685688840928,0.42105263157894735,0.8888888888888888,0.5714285714285714,0.8888888888888888,0.21428571428571427,0.8260869565217391,0.391304347826087,False,0.6507936507936508,0.2795913010137366
AMZN,1d:DNEWS_OVERNIGHT,TFIDF_ADABOOST,2018-10,"{""learning_rate"": 0.1, ""n_estimators"": 50}",183,2018-09-28 20:00:00+00:00,2018-10-01 13:25:00+00:00,23,0.4782608695652174,0.5317460317460317,0.07056748320332842,0.4117647058823529,0.7777777777777778,0.5384615384615384,0.7777777777777778,0.2857142857142857,0.7391304347826086,0.391304347826087,False,0.6507936507936508,0.25763833726883667
AMZN,1d:DNEWS_OVERNIGHT,TFIDF_ADABOOST,2018-10,"{""learning_rate"": 0.05, ""n_estimators"": 100}",183,2018-09-28 20:00:00+00:00,2018-10-01 13:25:00+00:00,23,0.4782608695652174,0.5317460317460317,0.07056748320332842,0.4117647058823529,0.7777777777777778,0.5384615384615384,0.7777777777777778,0.2857142857142857,0.7391304347826086,0.391304347826087,False,0.6507936507936508,0.25721179046550907
AMZN,1d:DNEWS_OVERNIGHT,TFIDF_ADABOOST,2018-10,"{""learning_rate"": 0.1, ""n_estimators"": 100}",183,2018-09-28 20:00:00+00:00,2018-10-01 13:25:00+00:00,23,0.4782608695652174,0.5317460317460317,0.07056748320332842,0.4117647058823529,0.7777777777777778,0.5384615384615384,0.7777777777777778,0.2857142857142857,0.7391304347826086,0.391304347826087,False,0.623015873015873,0.2525926733611392
AMZN,1d:DNEWS_OVERNIGHT,TFIDF_ADABOOST,2018-11,"{""learning_rate"": 0.05, ""n_estimators"": 50}",206,2018-10-31 20:00:00+00:00,2018-11-01 13:25:00+00:00,21,0.5238095238095238,0.5090909090909091,0.023124864503144014,0.5294117647058824,0.8181818181818182,0.6428571428571429,0.8181818181818182,0.2,0.8095238095238095,0.5238095238095238,False,0.5136363636363637,0.273192957650087
AMZN,1d:DNEWS_OVERNIGHT,TFIDF_ADABOOST,2018-11,"{""learning_rate"": 0.1, ""n_estimators"": 50}",206,2018-10-31 20:00:00+00:00,2018-11-01 13:25:00+00:00,21,0.5238095238095238,0.5090909090909091,0.023124864503144014,0.5294117647058824,0.8181818181818182,0.6428571428571429,0.8181818181818182,0.2,0.8095238095238095,0.5238095238095238,False,0.49090909090909085,0.26513541847528554
AMZN,1d:DNEWS_OVERNIGHT,TFIDF_ADABOOST,2018-11,"{""learning_rate"": 0.05, ""n_estimators"": 100}",206,2018-10-31 20:00:00+00:00,2018-11-01 13:25:00+00:00,21,0.5238095238095238,0.5090909090909091,0.023124864503144014,0.5294117647058824,0.8181818181818182,0.6428571428571429,0.8181818181818182,0.2,0.8095238095238095,0.5238095238095238,False,0.4818181818181818,0.26649428790220586
AMZN,1d:DNEWS_OVERNIGHT,TFIDF_ADABOOST,2018-11,"{""learning_rate"": 0.1, ""n_estimators"": 100}",206,2018-10-31 20:00:00+00:00,2018-11-01 13:25:00+00:00,21,0.42857142857142855,0.41363636363636364,-0.21968621277986813,0.47058823529411764,0.7272727272727273,0.5714285714285714,0.7272727272727273,0.1,0.8095238095238095,0.5238095238095238,False,0.4636363636363636,0.2648247952738404
AMZN,1d:DNEWS_OVERNIGHT,TFIDF_ADABOOST,2018-12,"{""learning_rate"": 0.05, ""n_estimators"": 50}",227,2018-11-30 21:00:00+00:00,2018-12-03 14:25:00+00:00,19,0.3157894736842105,0.3392857142857143,-0.32142857142857145,0.25,0.42857142857142855,0.3157894736842105,0.42857142857142855,0.25,0.631578947368421,0.3684210526315789,False,0.31547619047619047,0.35085244984749747
AMZN,1d:DNEWS_OVERNIGHT,TFIDF_ADABOOST,2018-12,"{""learning_rate"": 0.1, ""n_estimators"": 50}",227,2018-11-30 21:00:00+00:00,2018-12-03 14:25:00+00:00,19,0.3157894736842105,0.3392857142857143,-0.32142857142857145,0.25,0.42857142857142855,0.3157894736842105,0.42857142857142855,0.25,0.631578947368421,0.3684210526315789,False,0.34523809523809523,0.320058854267427
AMZN,1d:DNEWS_OVERNIGHT,TFIDF_ADABOOST,2018-12,"{""learning_rate"": 0.05, ""n_estimators"": 100}",227,2018-11-30 21:00:00+00:00,2018-12-03 14:25:00+00:00,19,0.3157894736842105,0.3392857142857143,-0.32142857142857145,0.25,0.42857142857142855,0.3157894736842105,0.42857142857142855,0.25,0.631578947368421,0.3684210526315789,False,0.34523809523809523,0.3206777420793849
AMZN,1d:DNEWS_OVERNIGHT,TFIDF_ADABOOST,2018-12,"{""learning_rate"": 0.1, ""n_estimators"": 100}",227,2018-11-30 21:00:00+00:00,2018-12-03 14:25:00+00:00,19,0.3157894736842105,0.3392857142857143,-0.32142857142857145,0.25,0.42857142857142855,0.3157894736842105,0.42857142857142855,0.25,0.631578947368421,0.3684210526315789,False,0.3333333333333333,0.2991943236666616
AMZN,1d:DNEWS_OVERNIGHT,TFIDF_ADABOOST,2019-01,"{""learning_rate"": 0.05, ""n_estimators"": 50}",246,2018-12-31 21:00:00+00:00,2019-01-02 14:25:00+00:00,21,0.38095238095238093,0.38181818181818183,-0.23636363636363636,0.4,0.36363636363636365,0.38095238095238093,0.36363636363636365,0.4,0.47619047619047616,0.5238095238095238,False,0.3227272727272727,0.3188181480361924
AMZN,1d:DNEWS_OVERNIGHT,TFIDF_ADABOOST,2019-01,"{""learning_rate"": 0.1, ""n_estimators"": 50}",246,2018-12-31 21:00:00+00:00,2019-01-02 14:25:00+00:00,21,0.38095238095238093,0.38636363636363635,-0.2337367475021143,0.375,0.2727272727272727,0.3157894736842105,0.2727272727272727,0.5,0.38095238095238093,0.5238095238095238,False,0.3545454545454545,0.29688783629161913
AMZN,1d:DNEWS_OVERNIGHT,TFIDF_ADABOOST,2019-01,"{""learning_rate"": 0.05, ""n_estimators"": 100}",246,2018-12-31 21:00:00+00:00,2019-01-02 14:25:00+00:00,21,0.3333333333333333,0.33636363636363636,-0.3302891295379082,0.3333333333333333,0.2727272727272727,0.3,0.2727272727272727,0.4,0.42857142857142855,0.5238095238095238,False,0.32727272727272727,0.30010569559140615
AMZN,1d:DNEWS_OVERNIGHT,TFIDF_ADABOOST,2019-01,"{""learning_rate"": 0.1, ""n_estimators"": 100}",246,2018-12-31 21:00:00+00:00,2019-01-02 14:25:00+00:00,21,0.3333333333333333,0.34090909090909094,-0.337099931231621,0.2857142857142857,0.18181818181818182,0.2222222222222222,0.18181818181818182,0.5,0.3333333333333333,0.5238095238095238,False,0.32727272727272727,0.28782491318128545
AMZN,1d:DNEWS_OVERNIGHT,TFIDF_ADABOOST,2019-02,"{""learning_rate"": 0.05, ""n_estimators"": 50}",267,2019-01-31 21:00:00+00:00,2019-02-01 14:25:00+00:00,1,1.0,,,0.0,0.0,0.0,0.0,1.0,0.0,0.0,True,,0.2481308476763596
AMZN,1d:DNEWS_OVERNIGHT,TFIDF_ADABOOST,2019-02,"{""learning_rate"": 0.1, ""n_estimators"": 50}",267,2019-01-31 21:00:00+00:00,2019-02-01 14:25:00+00:00,1,1.0,,,0.0,0.0,0.0,0.0,1.0,0.0,0.0,True,,0.2481308476763596
AMZN,1d:DNEWS_OVERNIGHT,TFIDF_ADABOOST,2019-02,"{""learning_rate"": 0.05, ""n_estimators"": 100}",267,2019-01-31 21:00:00+00:00,2019-02-01 14:25:00+00:00,1,1.0,,,0.0,0.0,0.0,0.0,1.0,0.0,0.0,True,,0.2481308476763596
AMZN,1d:DNEWS_OVERNIGHT,TFIDF_ADABOOST,2019-02,"{""learning_rate"": 0.1, ""n_estimators"": 100}",267,2019-01-31 21:00:00+00:00,2019-02-01 14:25:00+00:00,1,1.0,,,0.0,0.0,0.0,0.0,1.0,0.0,0.0,True,,0.2481308476763596
AAPL,1d:DNEWS_24H,TFIDF_KNN,2018-03,"{""n_neighbors"": 5, ""weights"": ""uniform""}",35,2018-02-28 21:00:00+00:00,2018-03-01 14:25:00+00:00,21,0.6190476190476191,0.5,0.0,0.0,0.0,0.0,0.0,1.0,0.0,0.38095238095238093,True,0.5,0.38095238095238093
AAPL,1d:DNEWS_24H,TFIDF_KNN,2018-03,"{""n_neighbors"": 5, ""weights"": ""distance""}",35,2018-02-28 21:00:00+00:00,2018-03-01 14:25:00+00:00,21,0.6190476190476191,0.5,0.0,0.0,0.0,0.0,0.0,1.0,0.0,0.38095238095238093,True,0.5,0.38095238095238093
AAPL,1d:DNEWS_24H,TFIDF_KNN,2018-03,"{""n_neighbors"": 15, ""weights"": ""uniform""}",35,2018-02-28 21:00:00+00:00,2018-03-01 14:25:00+00:00,21,0.6190476190476191,0.5,0.0,0.0,0.0,0.0,0.0,1.0,0.0,0.38095238095238093,True,0.36538461538461536,0.3413756613756614
AAPL,1d:DNEWS_24H,TFIDF_KNN,2018-03,"{""n_neighbors"": 15, ""weights"": ""distance""}",35,2018-02-28 21:00:00+00:00,2018-03-01 14:25:00+00:00,21,0.6190476190476191,0.5,0.0,0.0,0.0,0.0,0.0,1.0,0.0,0.38095238095238093,True,0.26923076923076916,0.3438292308313334
AAPL,1d:DNEWS_24H,TFIDF_KNN,2018-03,"{""n_neighbors"": 31, ""weights"": ""uniform""}",35,2018-02-28 21:00:00+00:00,2018-03-01 14:25:00+00:00,21,0.6190476190476191,0.5,0.0,0.0,0.0,0.0,0.0,1.0,0.0,0.38095238095238093,True,0.47115384615384615,0.2371537584857044
AAPL,1d:DNEWS_24H,TFIDF_KNN,2018-03,"{""n_neighbors"": 31, ""weights"": ""distance""}",35,2018-02-28 21:00:00+00:00,2018-03-01 14:25:00+00:00,21,0.6190476190476191,0.5,0.0,0.0,0.0,0.0,0.0,1.0,0.0,0.38095238095238093,True,0.32692307692307687,0.23891998880282575
AAPL,1d:DNEWS_24H,TFIDF_KNN,2018-04,"{""n_neighbors"": 5, ""weights"": ""uniform""}",56,2018-03-29 20:00:00+00:00,2018-04-02 13:25:00+00:00,21,0.3333333333333333,0.3472222222222222,-0.31137618438976383,0.375,0.25,0.3,0.25,0.4444444444444444,0.38095238095238093,0.5714285714285714,False,0.2777777777777778,0.47619047619047616
AAPL,1d:DNEWS_24H,TFIDF_KNN,2018-04,"{""n_neighbors"": 5, ""weights"": ""distance""}",56,2018-03-29 20:00:00+00:00,2018-04-02 13:25:00+00:00,21,0.3333333333333333,0.3472222222222222,-0.31137618438976383,0.375,0.25,0.3,0.25,0.4444444444444444,0.38095238095238093,0.5714285714285714,False,0.2962962962962963,0.4754136355475338
AAPL,1d:DNEWS_24H,TFIDF_KNN,2018-04,"{""n_neighbors"": 15, ""weights"": ""uniform""}",56,2018-03-29 20:00:00+00:00,2018-04-02 13:25:00+00:00,21,0.47619047619047616,0.5416666666666666,0.19364916731037085,1.0,0.08333333333333333,0.15384615384615385,0.08333333333333333,1.0,0.047619047619047616,0.5714285714285714,False,0.5509259259259259,0.31386243386243395
AAPL,1d:DNEWS_24H,TFIDF_KNN,2018-04,"{""n_neighbors"": 15, ""weights"": ""distance""}",56,2018-03-29 20:00:00+00:00,2018-04-02 13:25:00+00:00,21,0.47619047619047616,0.5416666666666666,0.19364916731037085,1.0,0.08333333333333333,0.15384615384615385,0.08333333333333333,1.0,0.047619047619047616,0.5714285714285714,False,0.5092592592592593,0.3169144190597062
AAPL,1d:DNEWS_24H,TFIDF_KNN,2018-04,"{""n_neighbors"": 31, ""weights"": ""uniform""}",56,2018-03-29 20:00:00+00:00,2018-04-02 13:25:00+00:00,21,0.42857142857142855,0.5,0.0,0.0,0.0,0.0,0.0,1.0,0.0,0.5714285714285714,True,0.46296296296296297,0.30469253258014967
AAPL,1d:DNEWS_24H,TFIDF_KNN,2018-04,"{""n_neighbors"": 31, ""weights"": ""distance""}",56,2018-03-29 20:00:00+00:00,2018-04-02 13:25:00+00:00,21,0.42857142857142855,0.5,0.0,0.0,0.0,0.0,0.0,1.0,0.0,0.5714285714285714,True,0.39814814814814814,0.3066085383745255
AAPL,1d:DNEWS_24H,TFIDF_KNN,2018-05,"{""n_neighbors"": 5, ""weights"": ""uniform""}",77,2018-04-30 20:00:00+00:00,2018-05-01 13:25:00+00:00,22,0.5454545454545454,0.5454545454545454,0.10846522890932808,0.6,0.2727272727272727,0.375,0.2727272727272727,0.8181818181818182,0.22727272727272727,0.5,False,0.37603305785123964,0.43636363636363645
AAPL,1d:DNEWS_24H,TFIDF_KNN,2018-05,"{""n_neighbors"": 5, ""weights"": ""distance""}",77,2018-04-30 20:00:00+00:00,2018-05-01 13:25:00+00:00,22,0.5454545454545454,0.5454545454545454,0.10846522890932808,0.6,0.2727272727272727,0.375,0.2727272727272727,0.8181818181818182,0.22727272727272727,0.5,False,0.38429752066115697,0.43494588642428267
AAPL,1d:DNEWS_24H,TFIDF_KNN,2018-05,"{""n_neighbors"": 15, ""weights"": ""uniform""}",77,2018-04-30 20:00:00+00:00,2018-05-01 13:25:00+00:00,22,0.5,0.5,0.0,0.5,0.18181818181818182,0.26666666666666666,0.18181818181818182,0.8181818181818182,0.18181818181818182,0.5,False,0.4752066115702479,0.3331313131313132
AAPL,1d:DNEWS_24H,TFIDF_KNN,2018-05,"{""n_neighbors"": 15, ""weights"": ""distance""}",77,2018-04-30 20:00:00+00:00,2018-05-01 13:25:00+00:00,22,0.5,0.5,0.0,0.5,0.18181818181818182,0.26666666666666666,0.18181818181818182,0.8181818181818182,0.18181818181818182,0.5,False,0.4793388429752067,0.33481003245700036
AAPL,1d:DNEWS_24H,TFIDF_KNN,2018-05,"{""n_neighbors"": 31, ""weights"": ""uniform""}",77,2018-04-30 20:00:00+00:00,2018-05-01 13:25:00+00:00,22,0.5,0.5,0.0,0.5,0.09090909090909091,0.15384615384615385,0.09090909090909091,0.9090909090909091,0.09090909090909091,0.5,False,0.47107438016528924,0.2859237536656891
AAPL,1d:DNEWS_24H,TFIDF_KNN,2018-05,"{""n_neighbors"": 31, ""weights"": ""distance""}",77,2018-04-30 20:00:00+00:00,2018-05-01 13:25:00+00:00,22,0.5,0.5,0.0,0.5,0.09090909090909091,0.15384615384615385,0.09090909090909091,0.9090909090909091,0.09090909090909091,0.5,False,0.4793388429752067,0.28791835245766867
AAPL,1d:DNEWS_24H,TFIDF_KNN,2018-06,"{""n_neighbors"": 5, ""weights"": ""uniform""}",99,2018-05-31 20:00:00+00:00,2018-06-01 13:25:00+00:00,21,0.6190476190476191,0.6442307692307692,0.28306925853614895,0.5,0.75,0.6,0.75,0.5384615384615384,0.5714285714285714,0.38095238095238093,False,0.5769230769230769,0.29333333333333333
AAPL,1d:DNEWS_24H,TFIDF_KNN,2018-06,"{""n_neighbors"": 5, ""weights"": ""distance""}",99,2018-05-31 20:00:00+00:00,2018-06-01 13:25:00+00:00,21,0.6190476190476191,0.6442307692307692,0.28306925853614895,0.5,0.75,0.6,0.75,0.5384615384615384,0.5714285714285714,0.38095238095238093,False,0.5576923076923077,0.2947776361297218
AAPL,1d:DNEWS_24H,TFIDF_KNN,2018-06,"{""n_neighbors"": 15, ""weights"": ""uniform""}",99,2018-05-31 20:00:00+00:00,2018-06-01 13:25:00+00:00,21,0.42857142857142855,0.4182692307692308,-0.1589409883014377,0.3,0.375,0.3333333333333333,0.375,0.46153846153846156,0.47619047619047616,0.38095238095238093,False,0.41346153846153855,0.33777777777777773
AAPL,1d:DNEWS_24H,TFIDF_KNN,2018-06,"{""n_neighbors"": 15, ""weights"": ""distance""}",99,2018-05-31 20:00:00+00:00,2018-06-01 13:25:00+00:00,21,0.42857142857142855,0.4182692307692308,-0.1589409883014377,0.3,0.375,0.3333333333333333,0.375,0.46153846153846156,0.47619047619047616,0.38095238095238093,False,0.3942307692307693,0.33694165447962937
AAPL,1d:DNEWS_24H,TFIDF_KNN,2018-06,"{""n_neighbors"": 31, ""weights"": ""uniform""}",99,2018-05-31 20:00:00+00:00,2018-06-01 13:25:00+00:00,21,0.42857142857142855,0.3942307692307692,-0.21153846153846154,0.25,0.25,0.25,0.25,0.5384615384615384,0.38095238095238093,0.38095238095238093,False,0.3942307692307692,0.2937416381745206
AAPL,1d:DNEWS_24H,TFIDF_KNN,2018-06,"{""n_neighbors"": 31, ""weights"": ""distance""}",99,2018-05-31 20:00:00+00:00,2018-06-01 13:25:00+00:00,21,0.42857142857142855,0.3942307692307692,-0.21153846153846154,0.25,0.25,0.25,0.25,0.5384615384615384,0.38095238095238093,0.38095238095238093,False,0.4038461538461538,0.29416732381364746
AAPL,1d:DNEWS_24H,TFIDF_KNN,2018-07,"{""n_neighbors"": 5, ""weights"": ""uniform""}",120,2018-06-29 20:00:00+00:00,2018-07-02 13:25:00+00:00,21,0.5714285714285714,0.5817307692307692,0.1589409883014377,0.7,0.5384615384615384,0.6086956521739131,0.5384615384615384,0.625,0.47619047619047616,0.6190476190476191,False,0.5336538461538463,0.31619047619047624
AAPL,1d:DNEWS_24H,TFIDF_KNN,2018-07,"{""n_neighbors"": 5, ""weights"": ""distance""}",120,2018-06-29 20:00:00+00:00,2018-07-02 13:25:00+00:00,21,0.5714285714285714,0.5817307692307692,0.1589409883014377,0.7,0.5384615384615384,0.6086956521739131,0.5384615384615384,0.625,0.47619047619047616,0.6190476190476191,False,0.5384615384615384,0.31575438190676897
AAPL,1d:DNEWS_24H,TFIDF_KNN,2018-07,"{""n_neighbors"": 15, ""weights"": ""uniform""}",120,2018-06-29 20:00:00+00:00,2018-07-02 13:25:00+00:00,21,0.42857142857142855,0.3942307692307692,-0.21153846153846154,0.5384615384615384,0.5384615384615384,0.5384615384615384,0.5384615384615384,0.25,0.6190476190476191,0.6190476190476191,False,0.48557692307692313,0.30074074074074075
AAPL,1d:DNEWS_24H,TFIDF_KNN,2018-07,"{""n_neighbors"": 15, ""weights"": ""distance""}",120,2018-06-29 20:00:00+00:00,2018-07-02 13:25:00+00:00,21,0.42857142857142855,0.3942307692307692,-0.21153846153846154,0.5384615384615384,0.5384615384615384,0.5384615384615384,0.5384615384615384,0.25,0.6190476190476191,0.6190476190476191,False,0.49038461538461536,0.30081932194835065
AAPL,1d:DNEWS_24H,TFIDF_KNN,2018-07,"{""n_neighbors"": 31, ""weights"": ""uniform""}",120,2018-06-29 20:00:00+00:00,2018-07-02 13:25:00+00:00,21,0.47619047619047616,0.4807692307692308,-0.03739787960033829,0.6,0.46153846153846156,0.5217391304347826,0.46153846153846156,0.5,0.47619047619047616,0.6190476190476191,False,0.46153846153846156,0.29805262375501707
AAPL,1d:DNEWS_24H,TFIDF_KNN,2018-07,"{""n_neighbors"": 31, ""weights"": ""distance""}",120,2018-06-29 20:00:00+00:00,2018-07-02 13:25:00+00:00,21,0.47619047619047616,0.4807692307692308,-0.03739787960033829,0.6,0.46153846153846156,0.5217391304347826,0.46153846153846156,0.5,0.47619047619047616,0.6190476190476191,False,0.46153846153846156,0.2977535905293163
AAPL,1d:DNEWS_24H,TFIDF_KNN,2018-08,"{""n_neighbors"": 5, ""weights"": ""uniform""}",141,2018-07-31 20:00:00+00:00,2018-08-01 13:25:00+00:00,23,0.391304347826087,0.48039215686274506,-0.03742405942825599,0.7142857142857143,0.29411764705882354,0.4166666666666667,0.29411764705882354,0.6666666666666666,0.30434782608695654,0.7391304347826086,False,0.5,0.4139130434782609
AAPL,1d:DNEWS_24H,TFIDF_KNN,2018-08,"{""n_neighbors"": 5, ""weights"": ""distance""}",141,2018-07-31 20:00:00+00:00,2018-08-01 13:25:00+00:00,23,0.391304347826087,0.48039215686274506,-0.03742405942825599,0.7142857142857143,0.29411764705882354,0.4166666666666667,0.29411764705882354,0.6666666666666666,0.30434782608695654,0.7391304347826086,False,0.4901960784313726,0.41543841972015155
AAPL,1d:DNEWS_24H,TFIDF_KNN,2018-08,"{""n_neighbors"": 15, ""weights"": ""uniform""}",141,2018-07-31 20:00:00+00:00,2018-08-01 13:25:00+00:00,23,0.43478260869565216,0.5098039215686274,0.018077538151554683,0.75,0.35294117647058826,0.48,0.35294117647058826,0.6666666666666666,0.34782608695652173,0.7391304347826086,False,0.4852941176470588,0.32502415458937206
AAPL,1d:DNEWS_24H,TFIDF_KNN,2018-08,"{""n_neighbors"": 15, ""weights"": ""distance""}",141,2018-07-31 20:00:00+00:00,2018-08-01 13:25:00+00:00,23,0.43478260869565216,0.5098039215686274,0.018077538151554683,0.75,0.35294117647058826,0.48,0.35294117647058826,0.6666666666666666,0.34782608695652173,0.7391304347826086,False,0.4607843137254902,0.3270660123348599
AAPL,1d:DNEWS_24H,TFIDF_KNN,2018-08,"{""n_neighbors"": 31, ""weights"": ""uniform""}",141,2018-07-31 20:00:00+00:00,2018-08-01 13:25:00+00:00,23,0.5217391304347826,0.6225490196078431,0.22596922689443352,0.875,0.4117647058823529,0.56,0.4117647058823529,0.8333333333333334,0.34782608695652173,0.7391304347826086,False,0.5735294117647058,0.28656743428493864
AAPL,1d:DNEWS_24H,TFIDF_KNN,2018-08,"{""n_neighbors"": 31, ""weights"": ""distance""}",141,2018-07-31 20:00:00+00:00,2018-08-01 13:25:00+00:00,23,0.5217391304347826,0.6225490196078431,0.22596922689443352,0.875,0.4117647058823529,0.56,0.4117647058823529,0.8333333333333334,0.34782608695652173,0.7391304347826086,False,0.5588235294117648,0.28865525060751746
AAPL,1d:DNEWS_24H,TFIDF_KNN,2018-09,"{""n_neighbors"": 5, ""weights"": ""uniform""}",164,2018-08-31 20:00:00+00:00,2018-09-04 13:25:00+00:00,19,0.631578947368421,0.65,0.4107919181288746,0.5625,1.0,0.72,1.0,0.3,0.8421052631578947,0.47368421052631576,False,0.6499999999999999,0.28842105263157897
AAPL,1d:DNEWS_24H,TFIDF_KNN,2018-09,"{""n_neighbors"": 5, ""weights"": ""distance""}",164,2018-08-31 20:00:00+00:00,2018-09-04 13:25:00+00:00,19,0.631578947368421,0.65,0.4107919181288746,0.5625,1.0,0.72,1.0,0.3,0.8421052631578947,0.47368421052631576,False,0.6333333333333333,0.2899780300099655
AAPL,1d:DNEWS_24H,TFIDF_KNN,2018-09,"{""n_neighbors"": 15, ""weights"": ""uniform""}",164,2018-08-31 20:00:00+00:00,2018-09-04 13:25:00+00:00,19,0.6842105263157895,0.6944444444444444,0.41773367652300253,0.6153846153846154,0.8888888888888888,0.7272727272727273,0.8888888888888888,0.5,0.6842105263157895,0.47368421052631576,False,0.6111111111111112,0.27555555555555555
AAPL,1d:DNEWS_24H,TFIDF_KNN,2018-09,"{""n_neighbors"": 15, ""weights"": ""distance""}",164,2018-08-31 20:00:00+00:00,2018-09-04 13:25:00+00:00,19,0.6842105263157895,0.6944444444444444,0.41773367652300253,0.6153846153846154,0.8888888888888888,0.7272727272727273,0.8888888888888888,0.5,0.6842105263157895,0.47368421052631576,False,0.6222222222222222,0.2755340376050749
AAPL,1d:DNEWS_24H,TFIDF_KNN,2018-09,"{""n_neighbors"": 31, ""weights"": ""uniform""}",164,2018-08-31 20:00:00+00:00,2018-09-04 13:25:00+00:00,19,0.631578947368421,0.6444444444444444,0.32756920994133026,0.5714285714285714,0.8888888888888888,0.6956521739130435,0.8888888888888888,0.4,0.7368421052631579,0.47368421052631576,False,0.6055555555555556,0.2657867353086149
AAPL,1d:DNEWS_24H,TFIDF_KNN,2018-09,"{""n_neighbors"": 31, ""weights"": ""distance""}",164,2018-08-31 20:00:00+00:00,2018-09-04 13:25:00+00:00,19,0.631578947368421,0.6444444444444444,0.32756920994133026,0.5714285714285714,0.8888888888888888,0.6956521739130435,0.8888888888888888,0.4,0.7368421052631579,0.47368421052631576,False,0.6222222222222222,0.26586200436244445
AAPL,1d:DNEWS_24H,TFIDF_KNN,2018-10,"{""n_neighbors"": 5, ""weights"": ""uniform""}",183,2018-09-28 20:00:00+00:00,2018-10-01 13:25:00+00:00,23,0.6086956521739131,0.6212121212121212,0.2935903373670295,0.5555555555555556,0.9090909090909091,0.6896551724137931,0.9090909090909091,0.3333333333333333,0.782608695652174,0.4782608695652174,False,0.6174242424242424,0.2869565217391305
AAPL,1d:DNEWS_24H,TFIDF_KNN,2018-10,"{""n_neighbors"": 5, ""weights"": ""distance""}",183,2018-09-28 20:00:00+00:00,2018-10-01 13:25:00+00:00,23,0.6086956521739131,0.6212121212121212,0.2935903373670295,0.5555555555555556,0.9090909090909091,0.6896551724137931,0.9090909090909091,0.3333333333333333,0.782608695652174,0.4782608695652174,False,0.5984848484848484,0.2878426833334037
AAPL,1d:DNEWS_24H,TFIDF_KNN,2018-10,"{""n_neighbors"": 15, ""weights"": ""uniform""}",183,2018-09-28 20:00:00+00:00,2018-10-01 13:25:00+00:00,23,0.6086956521739131,0.625,0.37080992435478316,0.55,1.0,0.7096774193548387,1.0,0.25,0.8695652173913043,0.4782608695652174,False,0.7348484848484849,0.24657004830917878
AAPL,1d:DNEWS_24H,TFIDF_KNN,2018-10,"{""n_neighbors"": 15, ""weights"": ""distance""}",183,2018-09-28 20:00:00+00:00,2018-10-01 13:25:00+00:00,23,0.6086956521739131,0.625,0.37080992435478316,0.55,1.0,0.7096774193548387,1.0,0.25,0.8695652173913043,0.4782608695652174,False,0.7651515151515152,0.24667770722586183
AAPL,1d:DNEWS_24H,TFIDF_KNN,2018-10,"{""n_neighbors"": 31, ""weights"": ""uniform""}",183,2018-09-28 20:00:00+00:00,2018-10-01 13:25:00+00:00,23,0.5652173913043478,0.5795454545454546,0.20966480425560383,0.5263157894736842,0.9090909090909091,0.6666666666666666,0.9090909090909091,0.25,0.8260869565217391,0.4782608695652174,False,0.6666666666666666,0.25186626249830335
AAPL,1d:DNEWS_24H,TFIDF_KNN,2018-10,"{""n_neighbors"": 31, ""weights"": ""distance""}",183,2018-09-28 20:00:00+00:00,2018-10-01 13:25:00+00:00,23,0.5652173913043478,0.5795454545454546,0.20966480425560383,0.5263157894736842,0.9090909090909091,0.6666666666666666,0.9090909090909091,0.25,0.8260869565217391,0.4782608695652174,False,0.6893939393939394,0.2517485282193876
AAPL,1d:DNEWS_24H,TFIDF_KNN,2018-11,"{""n_neighbors"": 5, ""weights"": ""uniform""}",206,2018-10-31 20:00:00+00:00,2018-11-01 13:25:00+00:00,21,0.42857142857142855,0.5357142857142857,0.08574929257125442,0.35294117647058826,0.8571428571428571,0.5,0.8571428571428571,0.21428571428571427,0.8095238095238095,0.3333333333333333,False,0.6122448979591837,0.39428571428571424
AAPL,1d:DNEWS_24H,TFIDF_KNN,2018-11,"{""n_neighbors"": 5, ""weights"": ""distance""}",206,2018-10-31 20:00:00+00:00,2018-11-01 13:25:00+00:00,21,0.42857142857142855,0.5357142857142857,0.08574929257125442,0.35294117647058826,0.8571428571428571,0.5,0.8571428571428571,0.21428571428571427,0.8095238095238095,0.3333333333333333,False,0.6326530612244898,0.39260295937149353
AAPL,1d:DNEWS_24H,TFIDF_KNN,2018-11,"{""n_neighbors"": 15, ""weights"": ""uniform""}",206,2018-10-31 20:00:00+00:00,2018-11-01 13:25:00+00:00,21,0.42857142857142855,0.5714285714285714,0.22941573387056177,0.3684210526315789,1.0,0.5384615384615384,1.0,0.14285714285714285,0.9047619047619048,0.3333333333333333,False,0.6071428571428572,0.36656084656084653
AAPL,1d:DNEWS_24H,TFIDF_KNN,2018-11,"{""n_neighbors"": 15, ""weights"": ""distance""}",206,2018-10-31 20:00:00+00:00,2018-11-01 13:25:00+00:00,21,0.42857142857142855,0.5714285714285714,0.22941573387056177,0.3684210526315789,1.0,0.5384615384615384,1.0,0.14285714285714285,0.9047619047619048,0.3333333333333333,False,0.6275510204081632,0.3657493603219128
AAPL,1d:DNEWS_24H,TFIDF_KNN,2018-11,"{""n_neighbors"": 31, ""weights"": ""uniform""}",206,2018-10-31 20:00:00+00:00,2018-11-01 13:25:00+00:00,21,0.42857142857142855,0.5714285714285714,0.22941573387056177,0.3684210526315789,1.0,0.5384615384615384,1.0,0.14285714285714285,0.9047619047619048,0.3333333333333333,False,0.5816326530612245,0.3592983499331054
AAPL,1d:DNEWS_24H,TFIDF_KNN,2018-11,"{""n_neighbors"": 31, ""weights"": ""distance""}",206,2018-10-31 20:00:00+00:00,2018-11-01 13:25:00+00:00,21,0.42857142857142855,0.5714285714285714,0.22941573387056177,0.3684210526315789,1.0,0.5384615384615384,1.0,0.14285714285714285,0.9047619047619048,0.3333333333333333,False,0.6020408163265306,0.35866718696349675
AAPL,1d:DNEWS_24H,TFIDF_KNN,2018-12,"{""n_neighbors"": 5, ""weights"": ""uniform""}",227,2018-11-30 21:00:00+00:00,2018-12-03 14:25:00+00:00,19,0.2631578947368421,0.28205128205128205,-0.4200412794412907,0.16666666666666666,0.3333333333333333,0.2222222222222222,0.3333333333333333,0.23076923076923078,0.631578947368421,0.3157894736842105,False,0.3974358974358974,0.4315789473684211
AAPL,1d:DNEWS_24H,TFIDF_KNN,2018-12,"{""n_neighbors"": 5, ""weights"": ""distance""}",227,2018-11-30 21:00:00+00:00,2018-12-03 14:25:00+00:00,19,0.2631578947368421,0.28205128205128205,-0.4200412794412907,0.16666666666666666,0.3333333333333333,0.2222222222222222,0.3333333333333333,0.23076923076923078,0.631578947368421,0.3157894736842105,False,0.40384615384615385,0.4312970581679075
AAPL,1d:DNEWS_24H,TFIDF_KNN,2018-12,"{""n_neighbors"": 15, ""weights"": ""uniform""}",227,2018-11-30 21:00:00+00:00,2018-12-03 14:25:00+00:00,19,0.2631578947368421,0.28205128205128205,-0.4200412794412907,0.16666666666666666,0.3333333333333333,0.2222222222222222,0.3333333333333333,0.23076923076923078,0.631578947368421,0.3157894736842105,False,0.3589743589743589,0.41099415204678375
AAPL,1d:DNEWS_24H,TFIDF_KNN,2018-12,"{""n_neighbors"": 15, ""weights"": ""distance""}",227,2018-11-30 21:00:00+00:00,2018-12-03 14:25:00+00:00,19,0.2631578947368421,0.28205128205128205,-0.4200412794412907,0.16666666666666666,0.3333333333333333,0.2222222222222222,0.3333333333333333,0.23076923076923078,0.631578947368421,0.3157894736842105,False,0.38461538461538464,0.4111230272547853
AAPL,1d:DNEWS_24H,TFIDF_KNN,2018-12,"{""n_neighbors"": 31, ""weights"": ""uniform""}",227,2018-11-30 21:00:00+00:00,2018-12-03 14:25:00+00:00,19,0.3157894736842105,0.3653846153846154,-0.2692307692307692,0.23076923076923078,0.5,0.3157894736842105,0.5,0.23076923076923078,0.6842105263157895,0.3157894736842105,False,0.37820512820512814,0.335286707924859
AAPL,1d:DNEWS_24H,TFIDF_KNN,2018-12,"{""n_neighbors"": 31, ""weights"": ""distance""}",227,2018-11-30 21:00:00+00:00,2018-12-03 14:25:00+00:00,19,0.3157894736842105,0.3653846153846154,-0.2692307692307692,0.23076923076923078,0.5,0.3157894736842105,0.5,0.23076923076923078,0.6842105263157895,0.3157894736842105,False,0.3717948717948718,0.3369639584051012
AAPL,1d:DNEWS_24H,TFIDF_KNN,2019-01,"{""n_neighbors"": 5, ""weights"": ""uniform""}",246,2018-12-31 21:00:00+00:00,2019-01-02 14:25:00+00:00,21,0.7142857142857143,0.7272727272727273,0.533001790889026,1.0,0.45454545454545453,0.625,0.45454545454545453,1.0,0.23809523809523808,0.5238095238095238,False,0.7772727272727272,0.2228571428571429
AAPL,1d:DNEWS_24H,TFIDF_KNN,2019-01,"{""n_neighbors"": 5, ""weights"": ""distance""}",246,2018-12-31 21:00:00+00:00,2019-01-02 14:25:00+00:00,21,0.7142857142857143,0.7272727272727273,0.533001790889026,1.0,0.45454545454545453,0.625,0.45454545454545453,1.0,0.23809523809523808,0.5238095238095238,False,0.7727272727272727,0.22364476816834142
AAPL,1d:DNEWS_24H,TFIDF_KNN,2019-01,"{""n_neighbors"": 15, ""weights"": ""uniform""}",246,2018-12-31 21:00:00+00:00,2019-01-02 14:25:00+00:00,21,0.5714285714285714,0.5818181818181818,0.18090680674665818,0.6666666666666666,0.36363636363636365,0.47058823529411764,0.36363636363636365,0.8,0.2857142857142857,0.5238095238095238,False,0.7272727272727272,0.21735449735449736
AAPL,1d:DNEWS_24H,TFIDF_KNN,2019-01,"{""n_neighbors"": 15, ""weights"": ""distance""}",246,2018-12-31 21:00:00+00:00,2019-01-02 14:25:00+00:00,21,0.5714285714285714,0.5818181818181818,0.18090680674665818,0.6666666666666666,0.36363636363636365,0.47058823529411764,0.36363636363636365,0.8,0.2857142857142857,0.5238095238095238,False,0.7454545454545455,0.21607001498169673
AAPL,1d:DNEWS_24H,TFIDF_KNN,2019-01,"{""n_neighbors"": 31, ""weights"": ""uniform""}",246,2018-12-31 21:00:00+00:00,2019-01-02 14:25:00+00:00,21,0.5714285714285714,0.5863636363636364,0.21968621277986813,0.75,0.2727272727272727,0.4,0.2727272727272727,0.9,0.19047619047619047,0.5238095238095238,False,0.6818181818181818,0.24196025965016593
AAPL,1d:DNEWS_24H,TFIDF_KNN,2019-01,"{""n_neighbors"": 31, ""weights"": ""distance""}",246,2018-12-31 21:00:00+00:00,2019-01-02 14:25:00+00:00,21,0.5714285714285714,0.5863636363636364,0.21968621277986813,0.75,0.2727272727272727,0.4,0.2727272727272727,0.9,0.19047619047619047,0.5238095238095238,False,0.7090909090909091,0.23967650705786736
AAPL,1d:DNEWS_24H,TFIDF_KNN,2019-02,"{""n_neighbors"": 5, ""weights"": ""uniform""}",267,2019-01-31 21:00:00+00:00,2019-02-01 14:25:00+00:00,1,0.0,,,0.0,0.0,0.0,0.0,0.0,0.0,1.0,True,,0.6400000000000001
AAPL,1d:DNEWS_24H,TFIDF_KNN,2019-02,"{""n_neighbors"": 5, ""weights"": ""distance""}",267,2019-01-31 21:00:00+00:00,2019-02-01 14:25:00+00:00,1,0.0,,,0.0,0.0,0.0,0.0,0.0,0.0,1.0,True,,0.640671634979815
AAPL,1d:DNEWS_24H,TFIDF_KNN,2019-02,"{""n_neighbors"": 15, ""weights"": ""uniform""}",267,2019-01-31 21:00:00+00:00,2019-02-01 14:25:00+00:00,1,0.0,,,0.0,0.0,0.0,0.0,0.0,0.0,1.0,True,,0.28444444444444444
AAPL,1d:DNEWS_24H,TFIDF_KNN,2019-02,"{""n_neighbors"": 15, ""weights"": ""distance""}",267,2019-01-31 21:00:00+00:00,2019-02-01 14:25:00+00:00,1,0.0,,,0.0,0.0,0.0,0.0,0.0,0.0,1.0,True,,0.2907834169558372
AAPL,1d:DNEWS_24H,TFIDF_KNN,2019-02,"{""n_neighbors"": 31, ""weights"": ""uniform""}",267,2019-01-31 21:00:00+00:00,2019-02-01 14:25:00+00:00,1,1.0,,,1.0,1.0,1.0,1.0,0.0,1.0,1.0,True,,0.2341311134235172
AAPL,1d:DNEWS_24H,TFIDF_KNN,2019-02,"{""n_neighbors"": 31, ""weights"": ""distance""}",267,2019-01-31 21:00:00+00:00,2019-02-01 14:25:00+00:00,1,1.0,,,1.0,1.0,1.0,1.0,0.0,1.0,1.0,True,,0.23805986516557529
AAPL,1d:DNEWS_OVERNIGHT,TFIDF_KNN,2018-03,"{""n_neighbors"": 5, ""weights"": ""uniform""}",35,2018-02-28 21:00:00+00:00,2018-03-01 14:25:00+00:00,21,0.6190476190476191,0.5,0.0,0.0,0.0,0.0,0.0,1.0,0.0,0.38095238095238093,True,0.5240384615384616,0.36571428571428577
AAPL,1d:DNEWS_OVERNIGHT,TFIDF_KNN,2018-03,"{""n_neighbors"": 5, ""weights"": ""distance""}",35,2018-02-28 21:00:00+00:00,2018-03-01 14:25:00+00:00,21,0.6190476190476191,0.5,0.0,0.0,0.0,0.0,0.0,1.0,0.0,0.38095238095238093,True,0.5192307692307693,0.36642201489845994
AAPL,1d:DNEWS_OVERNIGHT,TFIDF_KNN,2018-03,"{""n_neighbors"": 15, ""weights"": ""uniform""}",35,2018-02-28 21:00:00+00:00,2018-03-01 14:25:00+00:00,21,0.6190476190476191,0.5,0.0,0.0,0.0,0.0,0.0,1.0,0.0,0.38095238095238093,True,0.47596153846153844,0.34899470899470897
AAPL,1d:DNEWS_OVERNIGHT,TFIDF_KNN,2018-03,"{""n_neighbors"": 15, ""weights"": ""distance""}",35,2018-02-28 21:00:00+00:00,2018-03-01 14:25:00+00:00,21,0.6190476190476191,0.5,0.0,0.0,0.0,0.0,0.0,1.0,0.0,0.38095238095238093,True,0.45673076923076916,0.35008463704564263
AAPL,1d:DNEWS_OVERNIGHT,TFIDF_KNN,2018-03,"{""n_neighbors"": 31, ""weights"": ""uniform""}",35,2018-02-28 21:00:00+00:00,2018-03-01 14:25:00+00:00,21,0.6190476190476191,0.5,0.0,0.0,0.0,0.0,0.0,1.0,0.0,0.38095238095238093,True,0.46153846153846156,0.23710420692730788
AAPL,1d:DNEWS_OVERNIGHT,TFIDF_KNN,2018-03,"{""n_neighbors"": 31, ""weights"": ""distance""}",35,2018-02-28 21:00:00+00:00,2018-03-01 14:25:00+00:00,21,0.6190476190476191,0.5,0.0,0.0,0.0,0.0,0.0,1.0,0.0,0.38095238095238093,True,0.3365384615384615,0.2392829570194274
AAPL,1d:DNEWS_OVERNIGHT,TFIDF_KNN,2018-04,"{""n_neighbors"": 5, ""weights"": ""uniform""}",56,2018-03-29 20:00:00+00:00,2018-04-02 13:25:00+00:00,21,0.38095238095238093,0.38888888888888884,-0.2222222222222222,0.4444444444444444,0.3333333333333333,0.38095238095238093,0.3333333333333333,0.4444444444444444,0.42857142857142855,0.5714285714285714,False,0.40277777777777785,0.47619047619047616
AAPL,1d:DNEWS_OVERNIGHT,TFIDF_KNN,2018-04,"{""n_neighbors"": 5, ""weights"": ""distance""}",56,2018-03-29 20:00:00+00:00,2018-04-02 13:25:00+00:00,21,0.38095238095238093,0.38888888888888884,-0.2222222222222222,0.4444444444444444,0.3333333333333333,0.38095238095238093,0.3333333333333333,0.4444444444444444,0.42857142857142855,0.5714285714285714,False,0.3935185185185185,0.4831271738341583
AAPL,1d:DNEWS_OVERNIGHT,TFIDF_KNN,2018-04,"{""n_neighbors"": 15, ""weights"": ""uniform""}",56,2018-03-29 20:00:00+00:00,2018-04-02 13:25:00+00:00,21,0.3333333333333333,0.3333333333333333,-0.3302891295379082,0.4,0.3333333333333333,0.36363636363636365,0.3333333333333333,0.3333333333333333,0.47619047619047616,0.5714285714285714,False,0.3657407407407408,0.3515343915343916
AAPL,1d:DNEWS_OVERNIGHT,TFIDF_KNN,2018-04,"{""n_neighbors"": 15, ""weights"": ""distance""}",56,2018-03-29 20:00:00+00:00,2018-04-02 13:25:00+00:00,21,0.3333333333333333,0.3333333333333333,-0.3302891295379082,0.4,0.3333333333333333,0.36363636363636365,0.3333333333333333,0.3333333333333333,0.47619047619047616,0.5714285714285714,False,0.36111111111111105,0.3581853113210694
AAPL,1d:DNEWS_OVERNIGHT,TFIDF_KNN,2018-04,"{""n_neighbors"": 31, ""weights"": ""uniform""}",56,2018-03-29 20:00:00+00:00,2018-04-02 13:25:00+00:00,21,0.38095238095238093,0.4027777777777778,-0.2041241452319315,0.42857142857142855,0.25,0.3157894736842105,0.25,0.5555555555555556,0.3333333333333333,0.5714285714285714,False,0.4305555555555556,0.29250284921460784
AAPL,1d:DNEWS_OVERNIGHT,TFIDF_KNN,2018-04,"{""n_neighbors"": 31, ""weights"": ""distance""}",56,2018-03-29 20:00:00+00:00,2018-04-02 13:25:00+00:00,21,0.38095238095238093,0.4027777777777778,-0.2041241452319315,0.42857142857142855,0.25,0.3157894736842105,0.25,0.5555555555555556,0.3333333333333333,0.5714285714285714,False,0.43518518518518523,0.29663446532209264
AAPL,1d:DNEWS_OVERNIGHT,TFIDF_KNN,2018-05,"{""n_neighbors"": 5, ""weights"": ""uniform""}",77,2018-04-30 20:00:00+00:00,2018-05-01 13:25:00+00:00,22,0.5,0.5,0.0,0.5,0.6363636363636364,0.56,0.6363636363636364,0.36363636363636365,0.6363636363636364,0.5,False,0.475206611570248,0.3454545454545455
AAPL,1d:DNEWS_OVERNIGHT,TFIDF_KNN,2018-05,"{""n_neighbors"": 5, ""weights"": ""distance""}",77,2018-04-30 20:00:00+00:00,2018-05-01 13:25:00+00:00,22,0.5,0.5,0.0,0.5,0.6363636363636364,0.56,0.6363636363636364,0.36363636363636365,0.6363636363636364,0.5,False,0.487603305785124,0.344562745988581
AAPL,1d:DNEWS_OVERNIGHT,TFIDF_KNN,2018-05,"{""n_neighbors"": 15, ""weights"": ""uniform""}",77,2018-04-30 20:00:00+00:00,2018-05-01 13:25:00+00:00,22,0.5,0.5,0.0,0.5,0.5454545454545454,0.5217391304347826,0.5454545454545454,0.45454545454545453,0.5454545454545454,0.5,False,0.45867768595041325,0.2711111111111112
AAPL,1d:DNEWS_OVERNIGHT,TFIDF_KNN,2018-05,"{""n_neighbors"": 15, ""weights"": ""distance""}",77,2018-04-30 20:00:00+00:00,2018-05-01 13:25:00+00:00,22,0.5,0.5,0.0,0.5,0.5454545454545454,0.5217391304347826,0.5454545454545454,0.45454545454545453,0.5454545454545454,0.5,False,0.4958677685950413,0.2725355894668276
AAPL,1d:DNEWS_OVERNIGHT,TFIDF_KNN,2018-05,"{""n_neighbors"": 31, ""weights"": ""uniform""}",77,2018-04-30 20:00:00+00:00,2018-05-01 13:25:00+00:00,22,0.4090909090909091,0.40909090909090906,-0.18898223650461363,0.375,0.2727272727272727,0.3157894736842105,0.2727272727272727,0.5454545454545454,0.36363636363636365,0.5,False,0.3553719008264463,0.27930186358906445
AAPL,1d:DNEWS_OVERNIGHT,TFIDF_KNN,2018-05,"{""n_neighbors"": 31, ""weights"": ""distance""}",77,2018-04-30 20:00:00+00:00,2018-05-01 13:25:00+00:00,22,0.4090909090909091,0.40909090909090906,-0.18898223650461363,0.375,0.2727272727272727,0.3157894736842105,0.2727272727272727,0.5454545454545454,0.36363636363636365,0.5,False,0.36363636363636365,0.2793572923241846
AAPL,1d:DNEWS_OVERNIGHT,TFIDF_KNN,2018-06,"{""n_neighbors"": 5, ""weights"": ""uniform""}",99,2018-05-31 20:00:00+00:00,2018-06-01 13:25:00+00:00,21,0.5714285714285714,0.6057692307692308,0.21153846153846154,0.46153846153846156,0.75,0.5714285714285714,0.75,0.46153846153846156,0.6190476190476191,0.38095238095238093,False,0.5384615384615384,0.31428571428571433
AAPL,1d:DNEWS_OVERNIGHT,TFIDF_KNN,2018-06,"{""n_neighbors"": 5, ""weights"": ""distance""}",99,2018-05-31 20:00:00+00:00,2018-06-01 13:25:00+00:00,21,0.5714285714285714,0.6057692307692308,0.21153846153846154,0.46153846153846156,0.75,0.5714285714285714,0.75,0.46153846153846156,0.6190476190476191,0.38095238095238093,False,0.5336538461538461,0.31622175912504535
AAPL,1d:DNEWS_OVERNIGHT,TFIDF_KNN,2018-06,"{""n_neighbors"": 15, ""weights"": ""uniform""}",99,2018-05-31 20:00:00+00:00,2018-06-01 13:25:00+00:00,21,0.3333333333333333,0.34134615384615385,-0.31137618438976383,0.25,0.375,0.3,0.375,0.3076923076923077,0.5714285714285714,0.38095238095238093,False,0.451923076923077,0.3123809523809524
AAPL,1d:DNEWS_OVERNIGHT,TFIDF_KNN,2018-06,"{""n_neighbors"": 15, ""weights"": ""distance""}",99,2018-05-31 20:00:00+00:00,2018-06-01 13:25:00+00:00,21,0.3333333333333333,0.34134615384615385,-0.31137618438976383,0.25,0.375,0.3,0.375,0.3076923076923077,0.5714285714285714,0.38095238095238093,False,0.46153846153846156,0.3122887402365498
AAPL,1d:DNEWS_OVERNIGHT,TFIDF_KNN,2018-06,"{""n_neighbors"": 31, ""weights"": ""uniform""}",99,2018-05-31 20:00:00+00:00,2018-06-01 13:25:00+00:00,21,0.5238095238095238,0.5192307692307692,0.03739787960033829,0.4,0.5,0.4444444444444444,0.5,0.5384615384615384,0.47619047619047616,0.38095238095238093,False,0.3798076923076923,0.2957732520687776
AAPL,1d:DNEWS_OVERNIGHT,TFIDF_KNN,2018-06,"{""n_neighbors"": 31, ""weights"": ""distance""}",99,2018-05-31 20:00:00+00:00,2018-06-01 13:25:00+00:00,21,0.5238095238095238,0.5192307692307692,0.03739787960033829,0.4,0.5,0.4444444444444444,0.5,0.5384615384615384,0.47619047619047616,0.38095238095238093,False,0.40384615384615385,0.29568188387798655
AAPL,1d:DNEWS_OVERNIGHT,TFIDF_KNN,2018-07,"{""n_neighbors"": 5, ""weights"": ""uniform""}",120,2018-06-29 20:00:00+00:00,2018-07-02 13:25:00+00:00,21,0.3333333333333333,0.3894230769230769,-0.25215418055077093,0.4,0.15384615384615385,0.2222222222222222,0.15384615384615385,0.625,0.23809523809523808,0.6190476190476191,False,0.4134615384615385,0.4666666666666666
AAPL,1d:DNEWS_OVERNIGHT,TFIDF_KNN,2018-07,"{""n_neighbors"": 5, ""weights"": ""distance""}",120,2018-06-29 20:00:00+00:00,2018-07-02 13:25:00+00:00,21,0.3333333333333333,0.3894230769230769,-0.25215418055077093,0.4,0.15384615384615385,0.2222222222222222,0.15384615384615385,0.625,0.23809523809523808,0.6190476190476191,False,0.3942307692307693,0.46678368029834855
AAPL,1d:DNEWS_OVERNIGHT,TFIDF_KNN,2018-07,"{""n_neighbors"": 15, ""weights"": ""uniform""}",120,2018-06-29 20:00:00+00:00,2018-07-02 13:25:00+00:00,21,0.3333333333333333,0.3894230769230769,-0.25215418055077093,0.4,0.15384615384615385,0.2222222222222222,0.15384615384615385,0.625,0.23809523809523808,0.6190476190476191,False,0.38461538461538464,0.36169312169312173
AAPL,1d:DNEWS_OVERNIGHT,TFIDF_KNN,2018-07,"{""n_neighbors"": 15, ""weights"": ""distance""}",120,2018-06-29 20:00:00+00:00,2018-07-02 13:25:00+00:00,21,0.3333333333333333,0.3894230769230769,-0.25215418055077093,0.4,0.15384615384615385,0.2222222222222222,0.15384615384615385,0.625,0.23809523809523808,0.6190476190476191,False,0.4134615384615385,0.3643599070230281
AAPL,1d:DNEWS_OVERNIGHT,TFIDF_KNN,2018-07,"{""n_neighbors"": 31, ""weights"": ""uniform""}",120,2018-06-29 20:00:00+00:00,2018-07-02 13:25:00+00:00,21,0.3333333333333333,0.3894230769230769,-0.25215418055077093,0.4,0.15384615384615385,0.2222222222222222,0.15384615384615385,0.625,0.23809523809523808,0.6190476190476191,False,0.3798076923076923,0.32233288736930776
AAPL,1d:DNEWS_OVERNIGHT,TFIDF_KNN,2018-07,"{""n_neighbors"": 31, ""weights"": ""distance""}",120,2018-06-29 20:00:00+00:00,2018-07-02 13:25:00+00:00,21,0.3333333333333333,0.3894230769230769,-0.25215418055077093,0.4,0.15384615384615385,0.2222222222222222,0.15384615384615385,0.625,0.23809523809523808,0.6190476190476191,False,0.40384615384615385,0.3240416017003233
AAPL,1d:DNEWS_OVERNIGHT,TFIDF_KNN,2018-08,"{""n_neighbors"": 5, ""weights"": ""uniform""}",141,2018-07-31 20:00:00+00:00,2018-08-01 13:25:00+00:00,23,0.4782608695652174,0.4852941176470588,-0.025854384499750957,0.7272727272727273,0.47058823529411764,0.5714285714285714,0.47058823529411764,0.5,0.4782608695652174,0.7391304347826086,False,0.4754901960784314,0.3182608695652175
AAPL,1d:DNEWS_OVERNIGHT,TFIDF_KNN,2018-08,"{""n_neighbors"": 5, ""weights"": ""distance""}",141,2018-07-31 20:00:00+00:00,2018-08-01 13:25:00+00:00,23,0.4782608695652174,0.4852941176470588,-0.025854384499750957,0.7272727272727273,0.47058823529411764,0.5714285714285714,0.47058823529411764,0.5,0.4782608695652174,0.7391304347826086,False,0.5049019607843137,0.31913581157142773
AAPL,1d:DNEWS_OVERNIGHT,TFIDF_KNN,2018-08,"{""n_neighbors"": 15, ""weights"": ""uniform""}",141,2018-07-31 20:00:00+00:00,2018-08-01 13:25:00+00:00,23,0.34782608695652173,0.3431372549019608,-0.27789338971674993,0.6,0.35294117647058826,0.4444444444444444,0.35294117647058826,0.3333333333333333,0.43478260869565216,0.7391304347826086,False,0.3137254901960785,0.32154589371980685
AAPL,1d:DNEWS_OVERNIGHT,TFIDF_KNN,2018-08,"{""n_neighbors"": 15, ""weights"": ""distance""}",141,2018-07-31 20:00:00+00:00,2018-08-01 13:25:00+00:00,23,0.34782608695652173,0.3431372549019608,-0.27789338971674993,0.6,0.35294117647058826,0.4444444444444444,0.35294117647058826,0.3333333333333333,0.43478260869565216,0.7391304347826086,False,0.36274509803921573,0.3217877898771852
AAPL,1d:DNEWS_OVERNIGHT,TFIDF_KNN,2018-08,"{""n_neighbors"": 31, ""weights"": ""uniform""}",141,2018-07-31 20:00:00+00:00,2018-08-01 13:25:00+00:00,23,0.391304347826087,0.37254901960784315,-0.22407133233117496,0.6363636363636364,0.4117647058823529,0.5,0.4117647058823529,0.3333333333333333,0.4782608695652174,0.7391304347826086,False,0.4068627450980392,0.2802334524725151
AAPL,1d:DNEWS_OVERNIGHT,TFIDF_KNN,2018-08,"{""n_neighbors"": 31, ""weights"": ""distance""}",141,2018-07-31 20:00:00+00:00,2018-08-01 13:25:00+00:00,23,0.391304347826087,0.37254901960784315,-0.22407133233117496,0.6363636363636364,0.4117647058823529,0.5,0.4117647058823529,0.3333333333333333,0.4782608695652174,0.7391304347826086,False,0.4117647058823529,0.28102372262964925
AAPL,1d:DNEWS_OVERNIGHT,TFIDF_KNN,2018-09,"{""n_neighbors"": 5, ""weights"": ""uniform""}",164,2018-08-31 20:00:00+00:00,2018-09-04 13:25:00+00:00,19,0.3157894736842105,0.3277777777777778,-0.3905632887762015,0.35714285714285715,0.5555555555555556,0.43478260869565216,0.5555555555555556,0.1,0.7368421052631579,0.47368421052631576,False,0.43333333333333335,0.3473684210526316
AAPL,1d:DNEWS_OVERNIGHT,TFIDF_KNN,2018-09,"{""n_neighbors"": 5, ""weights"": ""distance""}",164,2018-08-31 20:00:00+00:00,2018-09-04 13:25:00+00:00,19,0.3157894736842105,0.3277777777777778,-0.3905632887762015,0.35714285714285715,0.5555555555555556,0.43478260869565216,0.5555555555555556,0.1,0.7368421052631579,0.47368421052631576,False,0.5,0.3456105434505498
AAPL,1d:DNEWS_OVERNIGHT,TFIDF_KNN,2018-09,"{""n_neighbors"": 15, ""weights"": ""uniform""}",164,2018-08-31 20:00:00+00:00,2018-09-04 13:25:00+00:00,19,0.47368421052631576,0.48888888888888893,-0.027216552697590865,0.4666666666666667,0.7777777777777778,0.5833333333333334,0.7777777777777778,0.2,0.7894736842105263,0.47368421052631576,False,0.4388888888888889,0.3302923976608188
AAPL,1d:DNEWS_OVERNIGHT,TFIDF_KNN,2018-09,"{""n_neighbors"": 15, ""weights"": ""distance""}",164,2018-08-31 20:00:00+00:00,2018-09-04 13:25:00+00:00,19,0.47368421052631576,0.48888888888888893,-0.027216552697590865,0.4666666666666667,0.7777777777777778,0.5833333333333334,0.7777777777777778,0.2,0.7894736842105263,0.47368421052631576,False,0.42222222222222217,0.3298739187063217
AAPL,1d:DNEWS_OVERNIGHT,TFIDF_KNN,2018-09,"{""n_neighbors"": 31, ""weights"": ""uniform""}",164,2018-08-31 20:00:00+00:00,2018-09-04 13:25:00+00:00,19,0.47368421052631576,0.48888888888888893,-0.027216552697590865,0.4666666666666667,0.7777777777777778,0.5833333333333334,0.7777777777777778,0.2,0.7894736842105263,0.47368421052631576,False,0.5555555555555556,0.281450243715428
AAPL,1d:DNEWS_OVERNIGHT,TFIDF_KNN,2018-09,"{""n_neighbors"": 31, ""weights"": ""distance""}",164,2018-08-31 20:00:00+00:00,2018-09-04 13:25:00+00:00,19,0.47368421052631576,0.48888888888888893,-0.027216552697590865,0.4666666666666667,0.7777777777777778,0.5833333333333334,0.7777777777777778,0.2,0.7894736842105263,0.47368421052631576,False,0.5666666666666667,0.28208049159941634
AAPL,1d:DNEWS_OVERNIGHT,TFIDF_KNN,2018-10,"{""n_neighbors"": 5, ""weights"": ""uniform""}",183,2018-09-28 20:00:00+00:00,2018-10-01 13:25:00+00:00,23,0.30434782608695654,0.3143939393939394,-0.422288280162599,0.35294117647058826,0.5454545454545454,0.42857142857142855,0.5454545454545454,0.08333333333333333,0.7391304347826086,0.4782608695652174,False,0.34090909090909094,0.4173913043478262
AAPL,1d:DNEWS_OVERNIGHT,TFIDF_KNN,2018-10,"{""n_neighbors"": 5, ""weights"": ""distance""}",183,2018-09-28 20:00:00+00:00,2018-10-01 13:25:00+00:00,23,0.30434782608695654,0.3143939393939394,-0.422288280162599,0.35294117647058826,0.5454545454545454,0.42857142857142855,0.5454545454545454,0.08333333333333333,0.7391304347826086,0.4782608695652174,False,0.4015151515151515,0.4130641825330324
AAPL,1d:DNEWS_OVERNIGHT,TFIDF_KNN,2018-10,"{""n_neighbors"": 15, ""weights"": ""uniform""}",183,2018-09-28 20:00:00+00:00,2018-10-01 13:25:00+00:00,23,0.5652173913043478,0.5833333333333334,0.2954684201426394,0.5238095238095238,1.0,0.6875,1.0,0.16666666666666666,0.9130434782608695,0.4782608695652174,False,0.5416666666666666,0.3085990338164252
AAPL,1d:DNEWS_OVERNIGHT,TFIDF_KNN,2018-10,"{""n_neighbors"": 15, ""weights"": ""distance""}",183,2018-09-28 20:00:00+00:00,2018-10-01 13:25:00+00:00,23,0.5652173913043478,0.5833333333333334,0.2954684201426394,0.5238095238095238,1.0,0.6875,1.0,0.16666666666666666,0.9130434782608695,0.4782608695652174,False,0.5303030303030303,0.3092886160207328
AAPL,1d:DNEWS_OVERNIGHT,TFIDF_KNN,2018-10,"{""n_neighbors"": 31, ""weights"": ""uniform""}",183,2018-09-28 20:00:00+00:00,2018-10-01 13:25:00+00:00,23,0.6086956521739131,0.625,0.37080992435478316,0.55,1.0,0.7096774193548387,1.0,0.25,0.8695652173913043,0.4782608695652174,False,0.5265151515151516,0.28837714337420267
AAPL,1d:DNEWS_OVERNIGHT,TFIDF_KNN,2018-10,"{""n_neighbors"": 31, ""weights"": ""distance""}",183,2018-09-28 20:00:00+00:00,2018-10-01 13:25:00+00:00,23,0.6086956521739131,0.625,0.37080992435478316,0.55,1.0,0.7096774193548387,1.0,0.25,0.8695652173913043,0.4782608695652174,False,0.5227272727272727,0.2890940287377661
AAPL,1d:DNEWS_OVERNIGHT,TFIDF_KNN,2018-11,"{""n_neighbors"": 5, ""weights"": ""uniform""}",206,2018-10-31 20:00:00+00:00,2018-11-01 13:25:00+00:00,21,0.38095238095238093,0.39285714285714285,-0.2041241452319315,0.25,0.42857142857142855,0.3157894736842105,0.42857142857142855,0.35714285714285715,0.5714285714285714,0.3333333333333333,False,0.31632653061224486,0.3828571428571429
AAPL,1d:DNEWS_OVERNIGHT,TFIDF_KNN,2018-11,"{""n_neighbors"": 5, ""weights"": ""distance""}",206,2018-10-31 20:00:00+00:00,2018-11-01 13:25:00+00:00,21,0.38095238095238093,0.39285714285714285,-0.2041241452319315,0.25,0.42857142857142855,0.3157894736842105,0.42857142857142855,0.35714285714285715,0.5714285714285714,0.3333333333333333,False,0.2959183673469387,0.3835953107738702
AAPL,1d:DNEWS_OVERNIGHT,TFIDF_KNN,2018-11,"{""n_neighbors"": 15, ""weights"": ""uniform""}",206,2018-10-31 20:00:00+00:00,2018-11-01 13:25:00+00:00,21,0.3333333333333333,0.3571428571428571,-0.2773500981126146,0.23076923076923078,0.42857142857142855,0.3,0.42857142857142855,0.2857142857142857,0.6190476190476191,0.3333333333333333,False,0.24489795918367346,0.34264550264550264
AAPL,1d:DNEWS_OVERNIGHT,TFIDF_KNN,2018-11,"{""n_neighbors"": 15, ""weights"": ""distance""}",206,2018-10-31 20:00:00+00:00,2018-11-01 13:25:00+00:00,21,0.3333333333333333,0.3571428571428571,-0.2773500981126146,0.23076923076923078,0.42857142857142855,0.3,0.42857142857142855,0.2857142857142857,0.6190476190476191,0.3333333333333333,False,0.2755102040816327,0.34315731544434547
AAPL,1d:DNEWS_OVERNIGHT,TFIDF_KNN,2018-11,"{""n_neighbors"": 31, ""weights"": ""uniform""}",206,2018-10-31 20:00:00+00:00,2018-11-01 13:25:00+00:00,21,0.3333333333333333,0.3214285714285714,-0.337099931231621,0.18181818181818182,0.2857142857142857,0.2222222222222222,0.2857142857142857,0.35714285714285715,0.5238095238095238,0.3333333333333333,False,0.22448979591836735,0.3243149497051682
AAPL,1d:DNEWS_OVERNIGHT,TFIDF_KNN,2018-11,"{""n_neighbors"": 31, ""weights"": ""distance""}",206,2018-10-31 20:00:00+00:00,2018-11-01 13:25:00+00:00,21,0.3333333333333333,0.3214285714285714,-0.337099931231621,0.18181818181818182,0.2857142857142857,0.2222222222222222,0.2857142857142857,0.35714285714285715,0.5238095238095238,0.3333333333333333,False,0.24489795918367346,0.3249345751593503
AAPL,1d:DNEWS_OVERNIGHT,TFIDF_KNN,2018-12,"{""n_neighbors"": 5, ""weights"": ""uniform""}",227,2018-11-30 21:00:00+00:00,2018-12-03 14:25:00+00:00,19,0.8421052631578947,0.7948717948717949,0.6225317562548818,0.8,0.6666666666666666,0.7272727272727273,0.6666666666666666,0.9230769230769231,0.2631578947368421,0.3157894736842105,False,0.7692307692307692,0.16631578947368428
AAPL,1d:DNEWS_OVERNIGHT,TFIDF_KNN,2018-12,"{""n_neighbors"": 5, ""weights"": ""distance""}",227,2018-11-30 21:00:00+00:00,2018-12-03 14:25:00+00:00,19,0.8421052631578947,0.7948717948717949,0.6225317562548818,0.8,0.6666666666666666,0.7272727272727273,0.6666666666666666,0.9230769230769231,0.2631578947368421,0.3157894736842105,False,0.7692307692307693,0.16568849452827314
AAPL,1d:DNEWS_OVERNIGHT,TFIDF_KNN,2018-12,"{""n_neighbors"": 15, ""weights"": ""uniform""}",227,2018-11-30 21:00:00+00:00,2018-12-03 14:25:00+00:00,19,0.7368421052631579,0.6730769230769231,0.36539907432351754,0.6,0.5,0.5454545454545454,0.5,0.8461538461538461,0.2631578947368421,0.3157894736842105,False,0.717948717948718,0.18713450292397663
AAPL,1d:DNEWS_OVERNIGHT,TFIDF_KNN,2018-12,"{""n_neighbors"": 15, ""weights"": ""distance""}",227,2018-11-30 21:00:00+00:00,2018-12-03 14:25:00+00:00,19,0.7368421052631579,0.6730769230769231,0.36539907432351754,0.6,0.5,0.5454545454545454,0.5,0.8461538461538461,0.2631578947368421,0.3157894736842105,False,0.7564102564102564,0.18611314567945578
AAPL,1d:DNEWS_OVERNIGHT,TFIDF_KNN,2018-12,"{""n_neighbors"": 31, ""weights"": ""uniform""}",227,2018-11-30 21:00:00+00:00,2018-12-03 14:25:00+00:00,19,0.7368421052631579,0.6730769230769231,0.36539907432351754,0.6,0.5,0.5454545454545454,0.5,0.8461538461538461,0.2631578947368421,0.3157894736842105,False,0.608974358974359,0.21994632783832632
AAPL,1d:DNEWS_OVERNIGHT,TFIDF_KNN,2018-12,"{""n_neighbors"": 31, ""weights"": ""distance""}",227,2018-11-30 21:00:00+00:00,2018-12-03 14:25:00+00:00,19,0.7368421052631579,0.6730769230769231,0.36539907432351754,0.6,0.5,0.5454545454545454,0.5,0.8461538461538461,0.2631578947368421,0.3157894736842105,False,0.6282051282051282,0.21847173047856372
AAPL,1d:DNEWS_OVERNIGHT,TFIDF_KNN,2019-01,"{""n_neighbors"": 5, ""weights"": ""uniform""}",246,2018-12-31 21:00:00+00:00,2019-01-02 14:25:00+00:00,21,0.5714285714285714,0.5818181818181818,0.18090680674665818,0.6666666666666666,0.36363636363636365,0.47058823529411764,0.36363636363636365,0.8,0.2857142857142857,0.5238095238095238,False,0.6409090909090909,0.3219047619047619
AAPL,1d:DNEWS_OVERNIGHT,TFIDF_KNN,2019-01,"{""n_neighbors"": 5, ""weights"": ""distance""}",246,2018-12-31 21:00:00+00:00,2019-01-02 14:25:00+00:00,21,0.5714285714285714,0.5818181818181818,0.18090680674665818,0.6666666666666666,0.36363636363636365,0.47058823529411764,0.36363636363636365,0.8,0.2857142857142857,0.5238095238095238,False,0.6409090909090909,0.3230213808333593
AAPL,1d:DNEWS_OVERNIGHT,TFIDF_KNN,2019-01,"{""n_neighbors"": 15, ""weights"": ""uniform""}",246,2018-12-31 21:00:00+00:00,2019-01-02 14:25:00+00:00,21,0.5714285714285714,0.5863636363636364,0.21968621277986813,0.75,0.2727272727272727,0.4,0.2727272727272727,0.9,0.19047619047619047,0.5238095238095238,False,0.5772727272727273,0.28211640211640215
AAPL,1d:DNEWS_OVERNIGHT,TFIDF_KNN,2019-01,"{""n_neighbors"": 15, ""weights"": ""distance""}",246,2018-12-31 21:00:00+00:00,2019-01-02 14:25:00+00:00,21,0.5714285714285714,0.5863636363636364,0.21968621277986813,0.75,0.2727272727272727,0.4,0.2727272727272727,0.9,0.19047619047619047,0.5238095238095238,False,0.5727272727272728,0.2824508786551083
AAPL,1d:DNEWS_OVERNIGHT,TFIDF_KNN,2019-01,"{""n_neighbors"": 31, ""weights"": ""uniform""}",246,2018-12-31 21:00:00+00:00,2019-01-02 14:25:00+00:00,21,0.47619047619047616,0.49090909090909096,-0.023124864503144014,0.5,0.18181818181818182,0.26666666666666666,0.18181818181818182,0.8,0.19047619047619047,0.5238095238095238,False,0.6181818181818182,0.26490263118775087
AAPL,1d:DNEWS_OVERNIGHT,TFIDF_KNN,2019-01,"{""n_neighbors"": 31, ""weights"": ""distance""}",246,2018-12-31 21:00:00+00:00,2019-01-02 14:25:00+00:00,21,0.47619047619047616,0.49090909090909096,-0.023124864503144014,0.5,0.18181818181818182,0.26666666666666666,0.18181818181818182,0.8,0.19047619047619047,0.5238095238095238,False,0.6090909090909091,0.26530694428176826
AAPL,1d:DNEWS_OVERNIGHT,TFIDF_KNN,2019-02,"{""n_neighbors"": 5, ""weights"": ""uniform""}",267,2019-01-31 21:00:00+00:00,2019-02-01 14:25:00+00:00,1,0.0,,,0.0,0.0,0.0,0.0,0.0,0.0,1.0,True,,0.36
AAPL,1d:DNEWS_OVERNIGHT,TFIDF_KNN,2019-02,"{""n_neighbors"": 5, ""weights"": ""distance""}",267,2019-01-31 21:00:00+00:00,2019-02-01 14:25:00+00:00,1,0.0,,,0.0,0.0,0.0,0.0,0.0,0.0,1.0,True,,0.36474294037781024
AAPL,1d:DNEWS_OVERNIGHT,TFIDF_KNN,2019-02,"{""n_neighbors"": 15, ""weights"": ""uniform""}",267,2019-01-31 21:00:00+00:00,2019-02-01 14:25:00+00:00,1,0.0,,,0.0,0.0,0.0,0.0,0.0,0.0,1.0,True,,0.44444444444444453
AAPL,1d:DNEWS_OVERNIGHT,TFIDF_KNN,2019-02,"{""n_neighbors"": 15, ""weights"": ""distance""}",267,2019-01-31 21:00:00+00:00,2019-02-01 14:25:00+00:00,1,0.0,,,0.0,0.0,0.0,0.0,0.0,0.0,1.0,True,,0.445974809931939
AAPL,1d:DNEWS_OVERNIGHT,TFIDF_KNN,2019-02,"{""n_neighbors"": 31, ""weights"": ""uniform""}",267,2019-01-31 21:00:00+00:00,2019-02-01 14:25:00+00:00,1,0.0,,,0.0,0.0,0.0,0.0,0.0,0.0,1.0,True,,0.26638917793964617
AAPL,1d:DNEWS_OVERNIGHT,TFIDF_KNN,2019-02,"{""n_neighbors"": 31, ""weights"": ""distance""}",267,2019-01-31 21:00:00+00:00,2019-02-01 14:25:00+00:00,1,0.0,,,0.0,0.0,0.0,0.0,0.0,0.0,1.0,True,,0.26988062689537895
AMZN,1d:DNEWS_24H,TFIDF_KNN,2018-03,"{""n_neighbors"": 5, ""weights"": ""uniform""}",35,2018-02-28 21:00:00+00:00,2018-03-01 14:25:00+00:00,21,0.5714285714285714,0.5416666666666666,0.09128709291752768,0.5,0.3333333333333333,0.4,0.3333333333333333,0.75,0.2857142857142857,0.42857142857142855,False,0.48611111111111105,0.28932944606413996
AMZN,1d:DNEWS_24H,TFIDF_KNN,2018-03,"{""n_neighbors"": 5, ""weights"": ""distance""}",35,2018-02-28 21:00:00+00:00,2018-03-01 14:25:00+00:00,21,0.5714285714285714,0.5416666666666666,0.09128709291752768,0.5,0.3333333333333333,0.4,0.3333333333333333,0.75,0.2857142857142857,0.42857142857142855,False,0.47685185185185186,0.28956788045905607
AMZN,1d:DNEWS_24H,TFIDF_KNN,2018-03,"{""n_neighbors"": 15, ""weights"": ""uniform""}",35,2018-02-28 21:00:00+00:00,2018-03-01 14:25:00+00:00,21,0.6190476190476191,0.5555555555555556,0.25819888974716115,1.0,0.1111111111111111,0.2,0.1111111111111111,1.0,0.047619047619047616,0.42857142857142855,False,0.6666666666666666,0.23387971061440452
AMZN,1d:DNEWS_24H,TFIDF_KNN,2018-03,"{""n_neighbors"": 15, ""weights"": ""distance""}",35,2018-02-28 21:00:00+00:00,2018-03-01 14:25:00+00:00,21,0.6190476190476191,0.5555555555555556,0.25819888974716115,1.0,0.1111111111111111,0.2,0.1111111111111111,1.0,0.047619047619047616,0.42857142857142855,False,0.7037037037037037,0.23371203394286727
AMZN,1d:DNEWS_24H,TFIDF_KNN,2018-03,"{""n_neighbors"": 31, ""weights"": ""uniform""}",35,2018-02-28 21:00:00+00:00,2018-03-01 14:25:00+00:00,21,0.5714285714285714,0.5138888888888888,0.046829290579084706,0.5,0.1111111111111111,0.18181818181818182,0.1111111111111111,0.9166666666666666,0.09523809523809523,0.42857142857142855,False,0.5277777777777778,0.24595994009317715
AMZN,1d:DNEWS_24H,TFIDF_KNN,2018-03,"{""n_neighbors"": 31, ""weights"": ""distance""}",35,2018-02-28 21:00:00+00:00,2018-03-01 14:25:00+00:00,21,0.5714285714285714,0.5138888888888888,0.046829290579084706,0.5,0.1111111111111111,0.18181818181818182,0.1111111111111111,0.9166666666666666,0.09523809523809523,0.42857142857142855,False,0.5925925925925927,0.24379787140634943
AMZN,1d:DNEWS_24H,TFIDF_KNN,2018-04,"{""n_neighbors"": 5, ""weights"": ""uniform""}",56,2018-03-29 20:00:00+00:00,2018-04-02 13:25:00+00:00,21,0.5238095238095238,0.5409090909090909,0.11677484162422845,0.6666666666666666,0.18181818181818182,0.2857142857142857,0.18181818181818182,0.9,0.14285714285714285,0.5238095238095238,False,0.5,0.3343160835762878
AMZN,1d:DNEWS_24H,TFIDF_KNN,2018-04,"{""n_neighbors"": 5, ""weights"": ""distance""}",56,2018-03-29 20:00:00+00:00,2018-04-02 13:25:00+00:00,21,0.5238095238095238,0.5409090909090909,0.11677484162422845,0.6666666666666666,0.18181818181818182,0.2857142857142857,0.18181818181818182,0.9,0.14285714285714285,0.5238095238095238,False,0.4636363636363636,0.33645077592276973
AMZN,1d:DNEWS_24H,TFIDF_KNN,2018-04,"{""n_neighbors"": 15, ""weights"": ""uniform""}",56,2018-03-29 20:00:00+00:00,2018-04-02 13:25:00+00:00,21,0.38095238095238093,0.4,-0.3402785236893603,0.0,0.0,0.0,0.0,0.8,0.09523809523809523,0.5238095238095238,False,0.3909090909090909,0.3195012687614729
AMZN,1d:DNEWS_24H,TFIDF_KNN,2018-04,"{""n_neighbors"": 15, ""weights"": ""distance""}",56,2018-03-29 20:00:00+00:00,2018-04-02 13:25:00+00:00,21,0.38095238095238093,0.4,-0.3402785236893603,0.0,0.0,0.0,0.0,0.8,0.09523809523809523,0.5238095238095238,False,0.35909090909090907,0.320223338291213
AMZN,1d:DNEWS_24H,TFIDF_KNN,2018-04,"{""n_neighbors"": 31, ""weights"": ""uniform""}",56,2018-03-29 20:00:00+00:00,2018-04-02 13:25:00+00:00,21,0.5238095238095238,0.5454545454545454,0.21320071635561041,1.0,0.09090909090909091,0.16666666666666666,0.09090909090909091,1.0,0.047619047619047616,0.5238095238095238,False,0.4181818181818182,0.27595822222154803
AMZN,1d:DNEWS_24H,TFIDF_KNN,2018-04,"{""n_neighbors"": 31, ""weights"": ""distance""}",56,2018-03-29 20:00:00+00:00,2018-04-02 13:25:00+00:00,21,0.5238095238095238,0.5454545454545454,0.21320071635561041,1.0,0.09090909090909091,0.16666666666666666,0.09090909090909091,1.0,0.047619047619047616,0.5238095238095238,False,0.4136363636363636,0.27692571141308514
AMZN,1d:DNEWS_24H,TFIDF_KNN,2018-05,"{""n_neighbors"": 5, ""weights"": ""uniform""}",77,2018-04-30 20:00:00+00:00,2018-05-01 13:25:00+00:00,22,0.4090909090909091,0.425,-0.16035674514745463,0.42857142857142855,0.25,0.3157894736842105,0.25,0.6,0.3181818181818182,0.5454545454545454,False,0.35416666666666663,0.391822015056962
AMZN,1d:DNEWS_24H,TFIDF_KNN,2018-05,"{""n_neighbors"": 5, ""weights"": ""distance""}",77,2018-04-30 20:00:00+00:00,2018-05-01 13:25:00+00:00,22,0.4090909090909091,0.425,-0.16035674514745463,0.42857142857142855,0.25,0.3157894736842105,0.25,0.6,0.3181818181818182,0.5454545454545454,False,0.36249999999999993,0.39184555497487455
AMZN,1d:DNEWS_24H,TFIDF_KNN,2018-05,"{""n_neighbors"": 15, ""weights"": ""uniform""}",77,2018-04-30 20:00:00+00:00,2018-05-01 13:25:00+00:00,22,0.4090909090909091,0.425,-0.16035674514745463,0.42857142857142855,0.25,0.3157894736842105,0.25,0.6,0.3181818181818182,0.5454545454545454,False,0.33749999999999997,0.308791712026659
AMZN,1d:DNEWS_24H,TFIDF_KNN,2018-05,"{""n_neighbors"": 15, ""weights"": ""distance""}",77,2018-04-30 20:00:00+00:00,2018-05-01 13:25:00+00:00,22,0.4090909090909091,0.425,-0.16035674514745463,0.42857142857142855,0.25,0.3157894736842105,0.25,0.6,0.3181818181818182,0.5454545454545454,False,0.3625,0.3086020285998796
AMZN,1d:DNEWS_24H,TFIDF_KNN,2018-05,"{""n_neighbors"": 31, ""weights"": ""uniform""}",77,2018-04-30 20:00:00+00:00,2018-05-01 13:25:00+00:00,22,0.22727272727272727,0.225,-0.5477225575051661,0.2727272727272727,0.25,0.2608695652173913,0.25,0.2,0.5,0.5454545454545454,False,0.1125,0.2879851027497063
AMZN,1d:DNEWS_24H,TFIDF_KNN,2018-05,"{""n_neighbors"": 31, ""weights"": ""distance""}",77,2018-04-30 20:00:00+00:00,2018-05-01 13:25:00+00:00,22,0.22727272727272727,0.225,-0.5477225575051661,0.2727272727272727,0.25,0.2608695652173913,0.25,0.2,0.5,0.5454545454545454,False,0.12916666666666665,0.2874987139136811
AMZN,1d:DNEWS_24H,TFIDF_KNN,2018-06,"{""n_neighbors"": 5, ""weights"": ""uniform""}",99,2018-05-31 20:00:00+00:00,2018-06-01 13:25:00+00:00,21,0.5238095238095238,0.5138888888888888,0.027777777777777776,0.5833333333333334,0.5833333333333334,0.5833333333333334,0.5833333333333334,0.4444444444444444,0.5714285714285714,0.5714285714285714,False,0.5277777777777778,0.2866690959620253
AMZN,1d:DNEWS_24H,TFIDF_KNN,2018-06,"{""n_neighbors"": 5, ""weights"": ""distance""}",99,2018-05-31 20:00:00+00:00,2018-06-01 13:25:00+00:00,21,0.5238095238095238,0.5138888888888888,0.027777777777777776,0.5833333333333334,0.5833333333333334,0.5833333333333334,0.5833333333333334,0.4444444444444444,0.5714285714285714,0.5714285714285714,False,0.5648148148148149,0.2849719801157598
AMZN,1d:DNEWS_24H,TFIDF_KNN,2018-06,"{""n_neighbors"": 15, ""weights"": ""uniform""}",99,2018-05-31 20:00:00+00:00,2018-06-01 13:25:00+00:00,21,0.47619047619047616,0.45833333333333337,-0.08492077756084468,0.5384615384615384,0.5833333333333334,0.56,0.5833333333333334,0.3333333333333333,0.6190476190476191,0.5714285714285714,False,0.44907407407407407,0.27566380495673426
AMZN,1d:DNEWS_24H,TFIDF_KNN,2018-06,"{""n_neighbors"": 15, ""weights"": ""distance""}",99,2018-05-31 20:00:00+00:00,2018-06-01 13:25:00+00:00,21,0.47619047619047616,0.45833333333333337,-0.08492077756084468,0.5384615384615384,0.5833333333333334,0.56,0.5833333333333334,0.3333333333333333,0.6190476190476191,0.5714285714285714,False,0.46759259259259267,0.27513236850295497
AMZN,1d:DNEWS_24H,TFIDF_KNN,2018-06,"{""n_neighbors"": 31, ""weights"": ""uniform""}",99,2018-05-31 20:00:00+00:00,2018-06-01 13:25:00+00:00,21,0.47619047619047616,0.45833333333333337,-0.08492077756084468,0.5384615384615384,0.5833333333333334,0.56,0.5833333333333334,0.3333333333333333,0.6190476190476191,0.5714285714285714,False,0.42129629629629634,0.2731058433977321
AMZN,1d:DNEWS_24H,TFIDF_KNN,2018-06,"{""n_neighbors"": 31, ""weights"": ""distance""}",99,2018-05-31 20:00:00+00:00,2018-06-01 13:25:00+00:00,21,0.47619047619047616,0.45833333333333337,-0.08492077756084468,0.5384615384615384,0.5833333333333334,0.56,0.5833333333333334,0.3333333333333333,0.6190476190476191,0.5714285714285714,False,0.44907407407407407,0.2725367179882406
AMZN,1d:DNEWS_24H,TFIDF_KNN,2018-07,"{""n_neighbors"": 5, ""weights"": ""uniform""}",120,2018-06-29 20:00:00+00:00,2018-07-02 13:25:00+00:00,21,0.42857142857142855,0.4318181818181818,-0.13762047064079508,0.4166666666666667,0.5,0.45454545454545453,0.5,0.36363636363636365,0.5714285714285714,0.47619047619047616,False,0.44545454545454544,0.32421957671957674
AMZN,1d:DNEWS_24H,TFIDF_KNN,2018-07,"{""n_neighbors"": 5, ""weights"": ""distance""}",120,2018-06-29 20:00:00+00:00,2018-07-02 13:25:00+00:00,21,0.42857142857142855,0.4318181818181818,-0.13762047064079508,0.4166666666666667,0.5,0.45454545454545453,0.5,0.36363636363636365,0.5714285714285714,0.47619047619047616,False,0.4590909090909091,0.32232555771598537
AMZN,1d:DNEWS_24H,TFIDF_KNN,2018-07,"{""n_neighbors"": 15, ""weights"": ""uniform""}",120,2018-06-29 20:00:00+00:00,2018-07-02 13:25:00+00:00,21,0.47619047619047616,0.4772727272727273,-0.045454545454545456,0.45454545454545453,0.5,0.47619047619047616,0.5,0.45454545454545453,0.5238095238095238,0.47619047619047616,False,0.39090909090909093,0.30432539682539683
AMZN,1d:DNEWS_24H,TFIDF_KNN,2018-07,"{""n_neighbors"": 15, ""weights"": ""distance""}",120,2018-06-29 20:00:00+00:00,2018-07-02 13:25:00+00:00,21,0.47619047619047616,0.4772727272727273,-0.045454545454545456,0.45454545454545453,0.5,0.47619047619047616,0.5,0.45454545454545453,0.5238095238095238,0.47619047619047616,False,0.4090909090909091,0.30324978093606797
AMZN,1d:DNEWS_24H,TFIDF_KNN,2018-07,"{""n_neighbors"": 31, ""weights"": ""uniform""}",120,2018-06-29 20:00:00+00:00,2018-07-02 13:25:00+00:00,21,0.38095238095238093,0.38181818181818183,-0.23636363636363636,0.36363636363636365,0.4,0.38095238095238093,0.4,0.36363636363636365,0.5238095238095238,0.47619047619047616,False,0.3318181818181818,0.28658814121093
AMZN,1d:DNEWS_24H,TFIDF_KNN,2018-07,"{""n_neighbors"": 31, ""weights"": ""distance""}",120,2018-06-29 20:00:00+00:00,2018-07-02 13:25:00+00:00,21,0.38095238095238093,0.38181818181818183,-0.23636363636363636,0.36363636363636365,0.4,0.38095238095238093,0.4,0.36363636363636365,0.5238095238095238,0.47619047619047616,False,0.3181818181818181,0.2864951995282225
AMZN,1d:DNEWS_24H,TFIDF_KNN,2018-08,"{""n_neighbors"": 5, ""weights"": ""uniform""}",141,2018-07-31 20:00:00+00:00,2018-08-01 13:25:00+00:00,23,0.6956521739130435,0.6904761904761905,0.3750457847507963,0.7692307692307693,0.7142857142857143,0.7407407407407407,0.7142857142857143,0.6666666666666666,0.5652173913043478,0.6086956521739131,False,0.623015873015873,0.264233668588974
AMZN,1d:DNEWS_24H,TFIDF_KNN,2018-08,"{""n_neighbors"": 5, ""weights"": ""distance""}",141,2018-07-31 20:00:00+00:00,2018-08-01 13:25:00+00:00,23,0.6956521739130435,0.6904761904761905,0.3750457847507963,0.7692307692307693,0.7142857142857143,0.7407407407407407,0.7142857142857143,0.6666666666666666,0.5652173913043478,0.6086956521739131,False,0.6190476190476191,0.2655315151669275
AMZN,1d:DNEWS_24H,TFIDF_KNN,2018-08,"{""n_neighbors"": 15, ""weights"": ""uniform""}",141,2018-07-31 20:00:00+00:00,2018-08-01 13:25:00+00:00,23,0.6521739130434783,0.6349206349206349,0.2698412698412698,0.7142857142857143,0.7142857142857143,0.7142857142857143,0.7142857142857143,0.5555555555555556,0.6086956521739131,0.6086956521739131,False,0.5476190476190477,0.25225299226047154
AMZN,1d:DNEWS_24H,TFIDF_KNN,2018-08,"{""n_neighbors"": 15, ""weights"": ""distance""}",141,2018-07-31 20:00:00+00:00,2018-08-01 13:25:00+00:00,23,0.6521739130434783,0.6349206349206349,0.2698412698412698,0.7142857142857143,0.7142857142857143,0.7142857142857143,0.7142857142857143,0.5555555555555556,0.6086956521739131,0.6086956521739131,False,0.5555555555555556,0.2529401187848446
AMZN,1d:DNEWS_24H,TFIDF_KNN,2018-08,"{""n_neighbors"": 31, ""weights"": ""uniform""}",141,2018-07-31 20:00:00+00:00,2018-08-01 13:25:00+00:00,23,0.5652173913043478,0.5833333333333333,0.1640825308284734,0.7,0.5,0.5833333333333334,0.5,0.6666666666666666,0.43478260869565216,0.6086956521739131,False,0.5436507936507937,0.2652434862607833
AMZN,1d:DNEWS_24H,TFIDF_KNN,2018-08,"{""n_neighbors"": 31, ""weights"": ""distance""}",141,2018-07-31 20:00:00+00:00,2018-08-01 13:25:00+00:00,23,0.5652173913043478,0.5833333333333333,0.1640825308284734,0.7,0.5,0.5833333333333334,0.5,0.6666666666666666,0.43478260869565216,0.6086956521739131,False,0.5476190476190477,0.26496431499972195
AMZN,1d:DNEWS_24H,TFIDF_KNN,2018-09,"{""n_neighbors"": 5, ""weights"": ""uniform""}",164,2018-08-31 20:00:00+00:00,2018-09-04 13:25:00+00:00,19,0.21052631578947367,0.20555555555555555,-0.5955432118425306,0.125,0.1111111111111111,0.11764705882352941,0.1111111111111111,0.3,0.42105263157894735,0.47368421052631576,False,0.1388888888888889,0.46315789473684216
AMZN,1d:DNEWS_24H,TFIDF_KNN,2018-09,"{""n_neighbors"": 5, ""weights"": ""distance""}",164,2018-08-31 20:00:00+00:00,2018-09-04 13:25:00+00:00,19,0.21052631578947367,0.20555555555555555,-0.5955432118425306,0.125,0.1111111111111111,0.11764705882352941,0.1111111111111111,0.3,0.42105263157894735,0.47368421052631576,False,0.1111111111111111,0.46601423849729456
AMZN,1d:DNEWS_24H,TFIDF_KNN,2018-09,"{""n_neighbors"": 15, ""weights"": ""uniform""}",164,2018-08-31 20:00:00+00:00,2018-09-04 13:25:00+00:00,19,0.3684210526315789,0.3611111111111111,-0.2875273163926476,0.2857142857142857,0.2222222222222222,0.25,0.2222222222222222,0.5,0.3684210526315789,0.47368421052631576,False,0.24999999999999997,0.3651461988304094
AMZN,1d:DNEWS_24H,TFIDF_KNN,2018-09,"{""n_neighbors"": 15, ""weights"": ""distance""}",164,2018-08-31 20:00:00+00:00,2018-09-04 13:25:00+00:00,19,0.3684210526315789,0.3611111111111111,-0.2875273163926476,0.2857142857142857,0.2222222222222222,0.25,0.2222222222222222,0.5,0.3684210526315789,0.47368421052631576,False,0.2444444444444444,0.3679389722142969
AMZN,1d:DNEWS_24H,TFIDF_KNN,2018-09,"{""n_neighbors"": 31, ""weights"": ""uniform""}",164,2018-08-31 20:00:00+00:00,2018-09-04 13:25:00+00:00,19,0.2631578947368421,0.26111111111111107,-0.4777777777777778,0.2222222222222222,0.2222222222222222,0.2222222222222222,0.2222222222222222,0.3,0.47368421052631576,0.47368421052631576,False,0.23888888888888893,0.3217591324826113
AMZN,1d:DNEWS_24H,TFIDF_KNN,2018-09,"{""n_neighbors"": 31, ""weights"": ""distance""}",164,2018-08-31 20:00:00+00:00,2018-09-04 13:25:00+00:00,19,0.2631578947368421,0.26111111111111107,-0.4777777777777778,0.2222222222222222,0.2222222222222222,0.2222222222222222,0.2222222222222222,0.3,0.47368421052631576,0.47368421052631576,False,0.2222222222222222,0.32398924149551694
AMZN,1d:DNEWS_24H,TFIDF_KNN,2018-10,"{""n_neighbors"": 5, ""weights"": ""uniform""}",183,2018-09-28 20:00:00+00:00,2018-10-01 13:25:00+00:00,23,0.4782608695652174,0.4722222222222222,-0.054278245606577465,0.36363636363636365,0.4444444444444444,0.4,0.4444444444444444,0.5,0.4782608695652174,0.391304347826087,False,0.5555555555555556,0.282107583671212
AMZN,1d:DNEWS_24H,TFIDF_KNN,2018-10,"{""n_neighbors"": 5, ""weights"": ""distance""}",183,2018-09-28 20:00:00+00:00,2018-10-01 13:25:00+00:00,23,0.4782608695652174,0.4722222222222222,-0.054278245606577465,0.36363636363636365,0.4444444444444444,0.4,0.4444444444444444,0.5,0.4782608695652174,0.391304347826087,False,0.5714285714285714,0.28336743945539156
AMZN,1d:DNEWS_24H,TFIDF_KNN,2018-10,"{""n_neighbors"": 15, ""weights"": ""uniform""}",183,2018-09-28 20:00:00+00:00,2018-10-01 13:25:00+00:00,23,0.4782608695652174,0.45238095238095233,-0.09523809523809523,0.3333333333333333,0.3333333333333333,0.3333333333333333,0.3333333333333333,0.5714285714285714,0.391304347826087,0.391304347826087,False,0.4880952380952381,0.29312207642483523
AMZN,1d:DNEWS_24H,TFIDF_KNN,2018-10,"{""n_neighbors"": 15, ""weights"": ""distance""}",183,2018-09-28 20:00:00+00:00,2018-10-01 13:25:00+00:00,23,0.4782608695652174,0.45238095238095233,-0.09523809523809523,0.3333333333333333,0.3333333333333333,0.3333333333333333,0.3333333333333333,0.5714285714285714,0.391304347826087,0.391304347826087,False,0.5,0.29257671456502554
AMZN,1d:DNEWS_24H,TFIDF_KNN,2018-10,"{""n_neighbors"": 31, ""weights"": ""uniform""}",183,2018-09-28 20:00:00+00:00,2018-10-01 13:25:00+00:00,23,0.43478260869565216,0.3968253968253968,-0.21144501580551553,0.25,0.2222222222222222,0.23529411764705882,0.2222222222222222,0.5714285714285714,0.34782608695652173,0.391304347826087,False,0.5396825396825398,0.24706799628488438
AMZN,1d:DNEWS_24H,TFIDF_KNN,2018-10,"{""n_neighbors"": 31, ""weights"": ""distance""}",183,2018-09-28 20:00:00+00:00,2018-10-01 13:25:00+00:00,23,0.43478260869565216,0.3968253968253968,-0.21144501580551553,0.25,0.2222222222222222,0.23529411764705882,0.2222222222222222,0.5714285714285714,0.34782608695652173,0.391304347826087,False,0.5396825396825397,0.24831060947466257
AMZN,1d:DNEWS_24H,TFIDF_KNN,2018-11,"{""n_neighbors"": 5, ""weights"": ""uniform""}",206,2018-10-31 20:00:00+00:00,2018-11-01 13:25:00+00:00,21,0.42857142857142855,0.42272727272727273,-0.1589409883014377,0.46153846153846156,0.5454545454545454,0.5,0.5454545454545454,0.3,0.6190476190476191,0.5238095238095238,False,0.4954545454545455,0.32713123179331116
AMZN,1d:DNEWS_24H,TFIDF_KNN,2018-11,"{""n_neighbors"": 5, ""weights"": ""distance""}",206,2018-10-31 20:00:00+00:00,2018-11-01 13:25:00+00:00,21,0.42857142857142855,0.42272727272727273,-0.1589409883014377,0.46153846153846156,0.5454545454545454,0.5,0.5454545454545454,0.3,0.6190476190476191,0.5238095238095238,False,0.5590909090909091,0.3217592868116099
AMZN,1d:DNEWS_24H,TFIDF_KNN,2018-11,"{""n_neighbors"": 15, ""weights"": ""uniform""}",206,2018-10-31 20:00:00+00:00,2018-11-01 13:25:00+00:00,21,0.42857142857142855,0.42727272727272725,-0.14545454545454545,0.45454545454545453,0.45454545454545453,0.45454545454545453,0.45454545454545453,0.4,0.5238095238095238,0.5238095238095238,False,0.459090909090909,0.286919591581671
AMZN,1d:DNEWS_24H,TFIDF_KNN,2018-11,"{""n_neighbors"": 15, ""weights"": ""distance""}",206,2018-10-31 20:00:00+00:00,2018-11-01 13:25:00+00:00,21,0.42857142857142855,0.42727272727272725,-0.14545454545454545,0.45454545454545453,0.45454545454545453,0.45454545454545453,0.45454545454545453,0.4,0.5238095238095238,0.5238095238095238,False,0.4636363636363636,0.2860695085186298
AMZN,1d:DNEWS_24H,TFIDF_KNN,2018-11,"{""n_neighbors"": 31, ""weights"": ""uniform""}",206,2018-10-31 20:00:00+00:00,2018-11-01 13:25:00+00:00,21,0.3333333333333333,0.33636363636363636,-0.3302891295379082,0.3333333333333333,0.2727272727272727,0.3,0.2727272727272727,0.4,0.42857142857142855,0.5238095238095238,False,0.3909090909090909,0.2953211133650866
AMZN,1d:DNEWS_24H,TFIDF_KNN,2018-11,"{""n_neighbors"": 31, ""weights"": ""distance""}",206,2018-10-31 20:00:00+00:00,2018-11-01 13:25:00+00:00,21,0.3333333333333333,0.33636363636363636,-0.3302891295379082,0.3333333333333333,0.2727272727272727,0.3,0.2727272727272727,0.4,0.42857142857142855,0.5238095238095238,False,0.4090909090909091,0.29397497977272347
AMZN,1d:DNEWS_24H,TFIDF_KNN,2018-12,"{""n_neighbors"": 5, ""weights"": ""uniform""}",227,2018-11-30 21:00:00+00:00,2018-12-03 14:25:00+00:00,19,0.47368421052631576,0.49404761904761907,-0.011631052629980886,0.36363636363636365,0.5714285714285714,0.4444444444444444,0.5714285714285714,0.4166666666666667,0.5789473684210527,0.3684210526315789,False,0.49999999999999994,0.33789933312973486
AMZN,1d:DNEWS_24H,TFIDF_KNN,2018-12,"{""n_neighbors"": 5, ""weights"": ""distance""}",227,2018-11-30 21:00:00+00:00,2018-12-03 14:25:00+00:00,19,0.47368421052631576,0.49404761904761907,-0.011631052629980886,0.36363636363636365,0.5714285714285714,0.4444444444444444,0.5714285714285714,0.4166666666666667,0.5789473684210527,0.3684210526315789,False,0.4821428571428571,0.34019056055039226
AMZN,1d:DNEWS_24H,TFIDF_KNN,2018-12,"{""n_neighbors"": 15, ""weights"": ""uniform""}",227,2018-11-30 21:00:00+00:00,2018-12-03 14:25:00+00:00,19,0.631578947368421,0.6190476190476191,0.2326210525996177,0.5,0.5714285714285714,0.5333333333333333,0.5714285714285714,0.6666666666666666,0.42105263157894735,0.3684210526315789,False,0.5773809523809523,0.2602385144162846
AMZN,1d:DNEWS_24H,TFIDF_KNN,2018-12,"{""n_neighbors"": 15, ""weights"": ""distance""}",227,2018-11-30 21:00:00+00:00,2018-12-03 14:25:00+00:00,19,0.631578947368421,0.6190476190476191,0.2326210525996177,0.5,0.5714285714285714,0.5333333333333333,0.5714285714285714,0.6666666666666666,0.42105263157894735,0.3684210526315789,False,0.5535714285714286,0.2641369986413896
AMZN,1d:DNEWS_24H,TFIDF_KNN,2018-12,"{""n_neighbors"": 31, ""weights"": ""uniform""}",227,2018-11-30 21:00:00+00:00,2018-12-03 14:25:00+00:00,19,0.5263157894736842,0.5059523809523809,0.011631052629980886,0.375,0.42857142857142855,0.4,0.42857142857142855,0.5833333333333334,0.42105263157894735,0.3684210526315789,False,0.5119047619047619,0.25059334704068287
AMZN,1d:DNEWS_24H,TFIDF_KNN,2018-12,"{""n_neighbors"": 31, ""weights"": ""distance""}",227,2018-11-30 21:00:00+00:00,2018-12-03 14:25:00+00:00,19,0.5263157894736842,0.5059523809523809,0.011631052629980886,0.375,0.42857142857142855,0.4,0.42857142857142855,0.5833333333333334,0.42105263157894735,0.3684210526315789,False,0.5297619047619048,0.25218717154964365
AMZN,1d:DNEWS_24H,TFIDF_KNN,2019-01,"{""n_neighbors"": 5, ""weights"": ""uniform""}",246,2018-12-31 21:00:00+00:00,2019-01-02 14:25:00+00:00,21,0.5238095238095238,0.5272727272727272,0.05504818825631803,0.5555555555555556,0.45454545454545453,0.5,0.45454545454545453,0.6,0.42857142857142855,0.5238095238095238,False,0.5227272727272727,0.30599926347695533
AMZN,1d:DNEWS_24H,TFIDF_KNN,2019-01,"{""n_neighbors"": 5, ""weights"": ""distance""}",246,2018-12-31 21:00:00+00:00,2019-01-02 14:25:00+00:00,21,0.5238095238095238,0.5272727272727272,0.05504818825631803,0.5555555555555556,0.45454545454545453,0.5,0.45454545454545453,0.6,0.42857142857142855,0.5238095238095238,False,0.5045454545454546,0.30827149970923295
AMZN,1d:DNEWS_24H,TFIDF_KNN,2019-01,"{""n_neighbors"": 15, ""weights"": ""uniform""}",246,2018-12-31 21:00:00+00:00,2019-01-02 14:25:00+00:00,21,0.5714285714285714,0.5772727272727273,0.1589409883014377,0.625,0.45454545454545453,0.5263157894736842,0.45454545454545453,0.7,0.38095238095238093,0.5238095238095238,False,0.5727272727272728,0.2503378878155797
AMZN,1d:DNEWS_24H,TFIDF_KNN,2019-01,"{""n_neighbors"": 15, ""weights"": ""distance""}",246,2018-12-31 21:00:00+00:00,2019-01-02 14:25:00+00:00,21,0.5714285714285714,0.5772727272727273,0.1589409883014377,0.625,0.45454545454545453,0.5263157894736842,0.45454545454545453,0.7,0.38095238095238093,0.5238095238095238,False,0.5818181818181818,0.25253505597523845
AMZN,1d:DNEWS_24H,TFIDF_KNN,2019-01,"{""n_neighbors"": 31, ""weights"": ""uniform""}",246,2018-12-31 21:00:00+00:00,2019-01-02 14:25:00+00:00,21,0.5714285714285714,0.5818181818181818,0.18090680674665818,0.6666666666666666,0.36363636363636365,0.47058823529411764,0.36363636363636365,0.8,0.2857142857142857,0.5238095238095238,False,0.5636363636363636,0.24804970696340295
AMZN,1d:DNEWS_24H,TFIDF_KNN,2019-01,"{""n_neighbors"": 31, ""weights"": ""distance""}",246,2018-12-31 21:00:00+00:00,2019-01-02 14:25:00+00:00,21,0.5714285714285714,0.5818181818181818,0.18090680674665818,0.6666666666666666,0.36363636363636365,0.47058823529411764,0.36363636363636365,0.8,0.2857142857142857,0.5238095238095238,False,0.5636363636363637,0.2488863614610264
AMZN,1d:DNEWS_24H,TFIDF_KNN,2019-02,"{""n_neighbors"": 5, ""weights"": ""uniform""}",267,2019-01-31 21:00:00+00:00,2019-02-01 14:25:00+00:00,1,1.0,,,0.0,0.0,0.0,0.0,1.0,0.0,0.0,True,,0.039999999999999994
AMZN,1d:DNEWS_24H,TFIDF_KNN,2019-02,"{""n_neighbors"": 5, ""weights"": ""distance""}",267,2019-01-31 21:00:00+00:00,2019-02-01 14:25:00+00:00,1,1.0,,,0.0,0.0,0.0,0.0,1.0,0.0,0.0,True,,0.04094425890569428
AMZN,1d:DNEWS_24H,TFIDF_KNN,2019-02,"{""n_neighbors"": 15, ""weights"": ""uniform""}",267,2019-01-31 21:00:00+00:00,2019-02-01 14:25:00+00:00,1,1.0,,,0.0,0.0,0.0,0.0,1.0,0.0,0.0,True,,0.2177777777777778
AMZN,1d:DNEWS_24H,TFIDF_KNN,2019-02,"{""n_neighbors"": 15, ""weights"": ""distance""}",267,2019-01-31 21:00:00+00:00,2019-02-01 14:25:00+00:00,1,1.0,,,0.0,0.0,0.0,0.0,1.0,0.0,0.0,True,,0.2096006114707327
AMZN,1d:DNEWS_24H,TFIDF_KNN,2019-02,"{""n_neighbors"": 31, ""weights"": ""uniform""}",267,2019-01-31 21:00:00+00:00,2019-02-01 14:25:00+00:00,1,1.0,,,0.0,0.0,0.0,0.0,1.0,0.0,0.0,True,,0.2341311134235172
AMZN,1d:DNEWS_24H,TFIDF_KNN,2019-02,"{""n_neighbors"": 31, ""weights"": ""distance""}",267,2019-01-31 21:00:00+00:00,2019-02-01 14:25:00+00:00,1,1.0,,,0.0,0.0,0.0,0.0,1.0,0.0,0.0,True,,0.23155657141680083
AMZN,1d:DNEWS_OVERNIGHT,TFIDF_KNN,2018-03,"{""n_neighbors"": 5, ""weights"": ""uniform""}",35,2018-02-28 21:00:00+00:00,2018-03-01 14:25:00+00:00,21,0.5714285714285714,0.5,0.0,0.0,0.0,0.0,0.0,1.0,0.0,0.42857142857142855,True,0.6666666666666667,0.2628571428571429
AMZN,1d:DNEWS_OVERNIGHT,TFIDF_KNN,2018-03,"{""n_neighbors"": 5, ""weights"": ""distance""}",35,2018-02-28 21:00:00+00:00,2018-03-01 14:25:00+00:00,21,0.5714285714285714,0.5,0.0,0.0,0.0,0.0,0.0,1.0,0.0,0.42857142857142855,True,0.5925925925925926,0.2644963732359193
AMZN,1d:DNEWS_OVERNIGHT,TFIDF_KNN,2018-03,"{""n_neighbors"": 15, ""weights"": ""uniform""}",35,2018-02-28 21:00:00+00:00,2018-03-01 14:25:00+00:00,21,0.5714285714285714,0.5138888888888888,0.046829290579084706,0.5,0.1111111111111111,0.18181818181818182,0.1111111111111111,0.9166666666666666,0.09523809523809523,0.42857142857142855,False,0.4722222222222222,0.2643386243386243
AMZN,1d:DNEWS_OVERNIGHT,TFIDF_KNN,2018-03,"{""n_neighbors"": 15, ""weights"": ""distance""}",35,2018-02-28 21:00:00+00:00,2018-03-01 14:25:00+00:00,21,0.5714285714285714,0.5138888888888888,0.046829290579084706,0.5,0.1111111111111111,0.18181818181818182,0.1111111111111111,0.9166666666666666,0.09523809523809523,0.42857142857142855,False,0.46296296296296297,0.2651203720987431
AMZN,1d:DNEWS_OVERNIGHT,TFIDF_KNN,2018-03,"{""n_neighbors"": 31, ""weights"": ""uniform""}",35,2018-02-28 21:00:00+00:00,2018-03-01 14:25:00+00:00,21,0.5238095238095238,0.5555555555555556,0.12171612389003691,0.4666666666666667,0.7777777777777778,0.5833333333333334,0.7777777777777778,0.3333333333333333,0.7142857142857143,0.42857142857142855,False,0.5555555555555556,0.24949209652643578
AMZN,1d:DNEWS_OVERNIGHT,TFIDF_KNN,2018-03,"{""n_neighbors"": 31, ""weights"": ""distance""}",35,2018-02-28 21:00:00+00:00,2018-03-01 14:25:00+00:00,21,0.47619047619047616,0.45833333333333337,-0.08492077756084468,0.375,0.3333333333333333,0.35294117647058826,0.3333333333333333,0.5833333333333334,0.38095238095238093,0.42857142857142855,False,0.4629629629629629,0.24928567389719639
AMZN,1d:DNEWS_OVERNIGHT,TFIDF_KNN,2018-04,"{""n_neighbors"": 5, ""weights"": ""uniform""}",56,2018-03-29 20:00:00+00:00,2018-04-02 13:25:00+00:00,21,0.5238095238095238,0.5454545454545454,0.21320071635561041,1.0,0.09090909090909091,0.16666666666666666,0.09090909090909091,1.0,0.047619047619047616,0.5238095238095238,False,0.4954545454545455,0.2764552964042761
AMZN,1d:DNEWS_OVERNIGHT,TFIDF_KNN,2018-04,"{""n_neighbors"": 5, ""weights"": ""distance""}",56,2018-03-29 20:00:00+00:00,2018-04-02 13:25:00+00:00,21,0.5238095238095238,0.5454545454545454,0.21320071635561041,1.0,0.09090909090909091,0.16666666666666666,0.09090909090909091,1.0,0.047619047619047616,0.5238095238095238,False,0.42272727272727273,0.28363825269950804
AMZN,1d:DNEWS_OVERNIGHT,TFIDF_KNN,2018-04,"{""n_neighbors"": 15, ""weights"": ""uniform""}",56,2018-03-29 20:00:00+00:00,2018-04-02 13:25:00+00:00,21,0.5714285714285714,0.5909090909090909,0.309344112444873,1.0,0.18181818181818182,0.3076923076923077,0.18181818181818182,1.0,0.09523809523809523,0.5238095238095238,False,0.5863636363636364,0.25994735989633955
AMZN,1d:DNEWS_OVERNIGHT,TFIDF_KNN,2018-04,"{""n_neighbors"": 15, ""weights"": ""distance""}",56,2018-03-29 20:00:00+00:00,2018-04-02 13:25:00+00:00,21,0.5714285714285714,0.5909090909090909,0.309344112444873,1.0,0.18181818181818182,0.3076923076923077,0.18181818181818182,1.0,0.09523809523809523,0.5238095238095238,False,0.5863636363636364,0.2619376835940812
AMZN,1d:DNEWS_OVERNIGHT,TFIDF_KNN,2018-04,"{""n_neighbors"": 31, ""weights"": ""uniform""}",56,2018-03-29 20:00:00+00:00,2018-04-02 13:25:00+00:00,21,0.5714285714285714,0.5909090909090909,0.309344112444873,1.0,0.18181818181818182,0.3076923076923077,0.18181818181818182,1.0,0.09523809523809523,0.5238095238095238,False,0.44545454545454544,0.26162748806970393
AMZN,1d:DNEWS_OVERNIGHT,TFIDF_KNN,2018-04,"{""n_neighbors"": 31, ""weights"": ""distance""}",56,2018-03-29 20:00:00+00:00,2018-04-02 13:25:00+00:00,21,0.5714285714285714,0.5909090909090909,0.309344112444873,1.0,0.18181818181818182,0.3076923076923077,0.18181818181818182,1.0,0.09523809523809523,0.5238095238095238,False,0.4681818181818181,0.2627529853699111
AMZN,1d:DNEWS_OVERNIGHT,TFIDF_KNN,2018-05,"{""n_neighbors"": 5, ""weights"": ""uniform""}",77,2018-04-30 20:00:00+00:00,2018-05-01 13:25:00+00:00,22,0.5454545454545454,0.575,0.19364916731037085,0.75,0.25,0.375,0.25,0.9,0.18181818181818182,0.5454545454545454,False,0.4083333333333333,0.3388270289332864
AMZN,1d:DNEWS_OVERNIGHT,TFIDF_KNN,2018-05,"{""n_neighbors"": 5, ""weights"": ""distance""}",77,2018-04-30 20:00:00+00:00,2018-05-01 13:25:00+00:00,22,0.5454545454545454,0.575,0.19364916731037085,0.75,0.25,0.375,0.25,0.9,0.18181818181818182,0.5454545454545454,False,0.4166666666666667,0.33886646842857526
AMZN,1d:DNEWS_OVERNIGHT,TFIDF_KNN,2018-05,"{""n_neighbors"": 15, ""weights"": ""uniform""}",77,2018-04-30 20:00:00+00:00,2018-05-01 13:25:00+00:00,22,0.5,0.525,0.05940885257860046,0.6,0.25,0.35294117647058826,0.25,0.8,0.22727272727272727,0.5454545454545454,False,0.44583333333333336,0.28832197842823587
AMZN,1d:DNEWS_OVERNIGHT,TFIDF_KNN,2018-05,"{""n_neighbors"": 15, ""weights"": ""distance""}",77,2018-04-30 20:00:00+00:00,2018-05-01 13:25:00+00:00,22,0.5,0.525,0.05940885257860046,0.6,0.25,0.35294117647058826,0.25,0.8,0.22727272727272727,0.5454545454545454,False,0.44166666666666665,0.28829352615502835
AMZN,1d:DNEWS_OVERNIGHT,TFIDF_KNN,2018-05,"{""n_neighbors"": 31, ""weights"": ""uniform""}",77,2018-04-30 20:00:00+00:00,2018-05-01 13:25:00+00:00,22,0.5909090909090909,0.6166666666666667,0.2772413120334688,0.8,0.3333333333333333,0.47058823529411764,0.3333333333333333,0.9,0.22727272727272727,0.5454545454545454,False,0.4624999999999999,0.26739197075525206
AMZN,1d:DNEWS_OVERNIGHT,TFIDF_KNN,2018-05,"{""n_neighbors"": 31, ""weights"": ""distance""}",77,2018-04-30 20:00:00+00:00,2018-05-01 13:25:00+00:00,22,0.5909090909090909,0.6166666666666667,0.2772413120334688,0.8,0.3333333333333333,0.47058823529411764,0.3333333333333333,0.9,0.22727272727272727,0.5454545454545454,False,0.475,0.26745973212251356
AMZN,1d:DNEWS_OVERNIGHT,TFIDF_KNN,2018-06,"{""n_neighbors"": 5, ""weights"": ""uniform""}",99,2018-05-31 20:00:00+00:00,2018-06-01 13:25:00+00:00,21,0.47619047619047616,0.5,0.0,0.5714285714285714,0.3333333333333333,0.42105263157894735,0.3333333333333333,0.6666666666666666,0.3333333333333333,0.5714285714285714,False,0.44907407407407407,0.3247643340572634
AMZN,1d:DNEWS_OVERNIGHT,TFIDF_KNN,2018-06,"{""n_neighbors"": 5, ""weights"": ""distance""}",99,2018-05-31 20:00:00+00:00,2018-06-01 13:25:00+00:00,21,0.47619047619047616,0.5,0.0,0.5714285714285714,0.3333333333333333,0.42105263157894735,0.3333333333333333,0.6666666666666666,0.3333333333333333,0.5714285714285714,False,0.48611111111111105,0.319248903938516
AMZN,1d:DNEWS_OVERNIGHT,TFIDF_KNN,2018-06,"{""n_neighbors"": 15, ""weights"": ""uniform""}",99,2018-05-31 20:00:00+00:00,2018-06-01 13:25:00+00:00,21,0.42857142857142855,0.4444444444444444,-0.11322770341445958,0.5,0.3333333333333333,0.4,0.3333333333333333,0.5555555555555556,0.38095238095238093,0.5714285714285714,False,0.5092592592592592,0.27354740284033213
AMZN,1d:DNEWS_OVERNIGHT,TFIDF_KNN,2018-06,"{""n_neighbors"": 15, ""weights"": ""distance""}",99,2018-05-31 20:00:00+00:00,2018-06-01 13:25:00+00:00,21,0.42857142857142855,0.4444444444444444,-0.11322770341445958,0.5,0.3333333333333333,0.4,0.3333333333333333,0.5555555555555556,0.38095238095238093,0.5714285714285714,False,0.49537037037037035,0.27310579002381685
AMZN,1d:DNEWS_OVERNIGHT,TFIDF_KNN,2018-06,"{""n_neighbors"": 31, ""weights"": ""uniform""}",99,2018-05-31 20:00:00+00:00,2018-06-01 13:25:00+00:00,21,0.47619047619047616,0.45833333333333337,-0.08492077756084468,0.5384615384615384,0.5833333333333334,0.56,0.5833333333333334,0.3333333333333333,0.6190476190476191,0.5714285714285714,False,0.49074074074074076,0.2493210953674066
AMZN,1d:DNEWS_OVERNIGHT,TFIDF_KNN,2018-06,"{""n_neighbors"": 31, ""weights"": ""distance""}",99,2018-05-31 20:00:00+00:00,2018-06-01 13:25:00+00:00,21,0.47619047619047616,0.45833333333333337,-0.08492077756084468,0.5384615384615384,0.5833333333333334,0.56,0.5833333333333334,0.3333333333333333,0.6190476190476191,0.5714285714285714,False,0.48611111111111116,0.25016301289862
AMZN,1d:DNEWS_OVERNIGHT,TFIDF_KNN,2018-07,"{""n_neighbors"": 5, ""weights"": ""uniform""}",120,2018-06-29 20:00:00+00:00,2018-07-02 13:25:00+00:00,21,0.38095238095238093,0.37727272727272726,-0.24771684715343112,0.3333333333333333,0.3,0.3157894736842105,0.3,0.45454545454545453,0.42857142857142855,0.47619047619047616,False,0.3681818181818182,0.37626984126984125
AMZN,1d:DNEWS_OVERNIGHT,TFIDF_KNN,2018-07,"{""n_neighbors"": 5, ""weights"": ""distance""}",120,2018-06-29 20:00:00+00:00,2018-07-02 13:25:00+00:00,21,0.38095238095238093,0.37727272727272726,-0.24771684715343112,0.3333333333333333,0.3,0.3157894736842105,0.3,0.45454545454545453,0.42857142857142855,0.47619047619047616,False,0.32272727272727275,0.37950259398212
AMZN,1d:DNEWS_OVERNIGHT,TFIDF_KNN,2018-07,"{""n_neighbors"": 15, ""weights"": ""uniform""}",120,2018-06-29 20:00:00+00:00,2018-07-02 13:25:00+00:00,21,0.38095238095238093,0.37727272727272726,-0.24771684715343112,0.3333333333333333,0.3,0.3157894736842105,0.3,0.45454545454545453,0.42857142857142855,0.47619047619047616,False,0.4,0.3235714285714286
AMZN,1d:DNEWS_OVERNIGHT,TFIDF_KNN,2018-07,"{""n_neighbors"": 15, ""weights"": ""distance""}",120,2018-06-29 20:00:00+00:00,2018-07-02 13:25:00+00:00,21,0.38095238095238093,0.37727272727272726,-0.24771684715343112,0.3333333333333333,0.3,0.3157894736842105,0.3,0.45454545454545453,0.42857142857142855,0.47619047619047616,False,0.42272727272727273,0.3258899338969419
AMZN,1d:DNEWS_OVERNIGHT,TFIDF_KNN,2018-07,"{""n_neighbors"": 31, ""weights"": ""uniform""}",120,2018-06-29 20:00:00+00:00,2018-07-02 13:25:00+00:00,21,0.47619047619047616,0.46818181818181814,-0.06741998624632421,0.42857142857142855,0.3,0.35294117647058826,0.3,0.6363636363636364,0.3333333333333333,0.47619047619047616,False,0.40909090909090906,0.2757099086599607
AMZN,1d:DNEWS_OVERNIGHT,TFIDF_KNN,2018-07,"{""n_neighbors"": 31, ""weights"": ""distance""}",120,2018-06-29 20:00:00+00:00,2018-07-02 13:25:00+00:00,21,0.47619047619047616,0.46818181818181814,-0.06741998624632421,0.42857142857142855,0.3,0.35294117647058826,0.3,0.6363636363636364,0.3333333333333333,0.47619047619047616,False,0.40454545454545454,0.27792749102586106
AMZN,1d:DNEWS_OVERNIGHT,TFIDF_KNN,2018-08,"{""n_neighbors"": 5, ""weights"": ""uniform""}",141,2018-07-31 20:00:00+00:00,2018-08-01 13:25:00+00:00,23,0.5217391304347826,0.5476190476190476,0.09523809523809523,0.6666666666666666,0.42857142857142855,0.5217391304347826,0.42857142857142855,0.6666666666666666,0.391304347826087,0.6086956521739131,False,0.5674603174603174,0.3494967228925149
AMZN,1d:DNEWS_OVERNIGHT,TFIDF_KNN,2018-08,"{""n_neighbors"": 5, ""weights"": ""distance""}",141,2018-07-31 20:00:00+00:00,2018-08-01 13:25:00+00:00,23,0.5217391304347826,0.5476190476190476,0.09523809523809523,0.6666666666666666,0.42857142857142855,0.5217391304347826,0.42857142857142855,0.6666666666666666,0.391304347826087,0.6086956521739131,False,0.5793650793650794,0.3485675325367776
AMZN,1d:DNEWS_OVERNIGHT,TFIDF_KNN,2018-08,"{""n_neighbors"": 15, ""weights"": ""uniform""}",141,2018-07-31 20:00:00+00:00,2018-08-01 13:25:00+00:00,23,0.4782608695652174,0.5119047619047619,0.02439750182371333,0.625,0.35714285714285715,0.45454545454545453,0.35714285714285715,0.6666666666666666,0.34782608695652173,0.6086956521739131,False,0.5277777777777778,0.31510058762681437
AMZN,1d:DNEWS_OVERNIGHT,TFIDF_KNN,2018-08,"{""n_neighbors"": 15, ""weights"": ""distance""}",141,2018-07-31 20:00:00+00:00,2018-08-01 13:25:00+00:00,23,0.4782608695652174,0.5119047619047619,0.02439750182371333,0.625,0.35714285714285715,0.45454545454545453,0.35714285714285715,0.6666666666666666,0.34782608695652173,0.6086956521739131,False,0.5555555555555556,0.3146937288828581
AMZN,1d:DNEWS_OVERNIGHT,TFIDF_KNN,2018-08,"{""n_neighbors"": 31, ""weights"": ""uniform""}",141,2018-07-31 20:00:00+00:00,2018-08-01 13:25:00+00:00,23,0.5217391304347826,0.5476190476190476,0.09523809523809523,0.6666666666666666,0.42857142857142855,0.5217391304347826,0.42857142857142855,0.6666666666666666,0.391304347826087,0.6086956521739131,False,0.5634920634920636,0.27921124128368346
AMZN,1d:DNEWS_OVERNIGHT,TFIDF_KNN,2018-08,"{""n_neighbors"": 31, ""weights"": ""distance""}",141,2018-07-31 20:00:00+00:00,2018-08-01 13:25:00+00:00,23,0.5217391304347826,0.5476190476190476,0.09523809523809523,0.6666666666666666,0.42857142857142855,0.5217391304347826,0.42857142857142855,0.6666666666666666,0.391304347826087,0.6086956521739131,False,0.5793650793650794,0.28000268369636133
AMZN,1d:DNEWS_OVERNIGHT,TFIDF_KNN,2018-09,"{""n_neighbors"": 5, ""weights"": ""uniform""}",164,2018-08-31 20:00:00+00:00,2018-09-04 13:25:00+00:00,19,0.3684210526315789,0.37222222222222223,-0.2584432806109095,0.36363636363636365,0.4444444444444444,0.4,0.4444444444444444,0.3,0.5789473684210527,0.47368421052631576,False,0.3833333333333333,0.3922320673784402
AMZN,1d:DNEWS_OVERNIGHT,TFIDF_KNN,2018-09,"{""n_neighbors"": 5, ""weights"": ""distance""}",164,2018-08-31 20:00:00+00:00,2018-09-04 13:25:00+00:00,19,0.3684210526315789,0.37222222222222223,-0.2584432806109095,0.36363636363636365,0.4444444444444444,0.4,0.4444444444444444,0.3,0.5789473684210527,0.47368421052631576,False,0.37222222222222223,0.3949395074398998
AMZN,1d:DNEWS_OVERNIGHT,TFIDF_KNN,2018-09,"{""n_neighbors"": 15, ""weights"": ""uniform""}",164,2018-08-31 20:00:00+00:00,2018-09-04 13:25:00+00:00,19,0.42105263157894735,0.4222222222222222,-0.15555555555555556,0.4,0.4444444444444444,0.42105263157894735,0.4444444444444444,0.4,0.5263157894736842,0.47368421052631576,False,0.45555555555555555,0.29375253521469746
AMZN,1d:DNEWS_OVERNIGHT,TFIDF_KNN,2018-09,"{""n_neighbors"": 15, ""weights"": ""distance""}",164,2018-08-31 20:00:00+00:00,2018-09-04 13:25:00+00:00,19,0.42105263157894735,0.4222222222222222,-0.15555555555555556,0.4,0.4444444444444444,0.42105263157894735,0.4444444444444444,0.4,0.5263157894736842,0.47368421052631576,False,0.4444444444444445,0.29550612281268424
AMZN,1d:DNEWS_OVERNIGHT,TFIDF_KNN,2018-09,"{""n_neighbors"": 31, ""weights"": ""uniform""}",164,2018-08-31 20:00:00+00:00,2018-09-04 13:25:00+00:00,19,0.5789473684210527,0.5777777777777777,0.15555555555555556,0.5555555555555556,0.5555555555555556,0.5555555555555556,0.5555555555555556,0.6,0.47368421052631576,0.47368421052631576,False,0.6333333333333333,0.2418404796682698
AMZN,1d:DNEWS_OVERNIGHT,TFIDF_KNN,2018-09,"{""n_neighbors"": 31, ""weights"": ""distance""}",164,2018-08-31 20:00:00+00:00,2018-09-04 13:25:00+00:00,19,0.5789473684210527,0.5777777777777777,0.15555555555555556,0.5555555555555556,0.5555555555555556,0.5555555555555556,0.5555555555555556,0.6,0.47368421052631576,0.47368421052631576,False,0.6111111111111112,0.24378761152960035
AMZN,1d:DNEWS_OVERNIGHT,TFIDF_KNN,2018-10,"{""n_neighbors"": 5, ""weights"": ""uniform""}",183,2018-09-28 20:00:00+00:00,2018-10-01 13:25:00+00:00,23,0.391304347826087,0.42063492063492064,-0.16265001215808886,0.3333333333333333,0.5555555555555556,0.4166666666666667,0.5555555555555556,0.2857142857142857,0.6521739130434783,0.391304347826087,False,0.5119047619047619,0.3394988880190381
AMZN,1d:DNEWS_OVERNIGHT,TFIDF_KNN,2018-10,"{""n_neighbors"": 5, ""weights"": ""distance""}",183,2018-09-28 20:00:00+00:00,2018-10-01 13:25:00+00:00,23,0.391304347826087,0.42063492063492064,-0.16265001215808886,0.3333333333333333,0.5555555555555556,0.4166666666666667,0.5555555555555556,0.2857142857142857,0.6521739130434783,0.391304347826087,False,0.5317460317460317,0.33737295680734397
AMZN,1d:DNEWS_OVERNIGHT,TFIDF_KNN,2018-10,"{""n_neighbors"": 15, ""weights"": ""uniform""}",183,2018-09-28 20:00:00+00:00,2018-10-01 13:25:00+00:00,23,0.391304347826087,0.38095238095238093,-0.2326210525996177,0.2727272727272727,0.3333333333333333,0.3,0.3333333333333333,0.42857142857142855,0.4782608695652174,0.391304347826087,False,0.4404761904761905,0.28461966096589797
AMZN,1d:DNEWS_OVERNIGHT,TFIDF_KNN,2018-10,"{""n_neighbors"": 15, ""weights"": ""distance""}",183,2018-09-28 20:00:00+00:00,2018-10-01 13:25:00+00:00,23,0.391304347826087,0.38095238095238093,-0.2326210525996177,0.2727272727272727,0.3333333333333333,0.3,0.3333333333333333,0.42857142857142855,0.4782608695652174,0.391304347826087,False,0.4444444444444444,0.285377016800552
AMZN,1d:DNEWS_OVERNIGHT,TFIDF_KNN,2018-10,"{""n_neighbors"": 31, ""weights"": ""uniform""}",183,2018-09-28 20:00:00+00:00,2018-10-01 13:25:00+00:00,23,0.43478260869565216,0.3968253968253968,-0.21144501580551553,0.25,0.2222222222222222,0.23529411764705882,0.2222222222222222,0.5714285714285714,0.34782608695652173,0.391304347826087,False,0.4365079365079365,0.26846780626542993
AMZN,1d:DNEWS_OVERNIGHT,TFIDF_KNN,2018-10,"{""n_neighbors"": 31, ""weights"": ""distance""}",183,2018-09-28 20:00:00+00:00,2018-10-01 13:25:00+00:00,23,0.43478260869565216,0.3968253968253968,-0.21144501580551553,0.25,0.2222222222222222,0.23529411764705882,0.2222222222222222,0.5714285714285714,0.34782608695652173,0.391304347826087,False,0.4444444444444445,0.26913159937326875
AMZN,1d:DNEWS_OVERNIGHT,TFIDF_KNN,2018-11,"{""n_neighbors"": 5, ""weights"": ""uniform""}",206,2018-10-31 20:00:00+00:00,2018-11-01 13:25:00+00:00,21,0.38095238095238093,0.38636363636363635,-0.2337367475021143,0.375,0.2727272727272727,0.3157894736842105,0.2727272727272727,0.5,0.38095238095238093,0.5238095238095238,False,0.3954545454545455,0.37880595541072504
AMZN,1d:DNEWS_OVERNIGHT,TFIDF_KNN,2018-11,"{""n_neighbors"": 5, ""weights"": ""distance""}",206,2018-10-31 20:00:00+00:00,2018-11-01 13:25:00+00:00,21,0.38095238095238093,0.38636363636363635,-0.2337367475021143,0.375,0.2727272727272727,0.3157894736842105,0.2727272727272727,0.5,0.38095238095238093,0.5238095238095238,False,0.39545454545454545,0.3813076431428047
AMZN,1d:DNEWS_OVERNIGHT,TFIDF_KNN,2018-11,"{""n_neighbors"": 15, ""weights"": ""uniform""}",206,2018-10-31 20:00:00+00:00,2018-11-01 13:25:00+00:00,21,0.2857142857142857,0.2909090909090909,-0.4300756154038903,0.25,0.18181818181818182,0.21052631578947367,0.18181818181818182,0.4,0.38095238095238093,0.5238095238095238,False,0.3,0.3462133628181324
AMZN,1d:DNEWS_OVERNIGHT,TFIDF_KNN,2018-11,"{""n_neighbors"": 15, ""weights"": ""distance""}",206,2018-10-31 20:00:00+00:00,2018-11-01 13:25:00+00:00,21,0.2857142857142857,0.2909090909090909,-0.4300756154038903,0.25,0.18181818181818182,0.21052631578947367,0.18181818181818182,0.4,0.38095238095238093,0.5238095238095238,False,0.2909090909090909,0.34799015202825295
AMZN,1d:DNEWS_OVERNIGHT,TFIDF_KNN,2018-11,"{""n_neighbors"": 31, ""weights"": ""uniform""}",206,2018-10-31 20:00:00+00:00,2018-11-01 13:25:00+00:00,21,0.3333333333333333,0.33636363636363636,-0.3302891295379082,0.3333333333333333,0.2727272727272727,0.3,0.2727272727272727,0.4,0.42857142857142855,0.5238095238095238,False,0.3409090909090909,0.30704538854089697
AMZN,1d:DNEWS_OVERNIGHT,TFIDF_KNN,2018-11,"{""n_neighbors"": 31, ""weights"": ""distance""}",206,2018-10-31 20:00:00+00:00,2018-11-01 13:25:00+00:00,21,0.3333333333333333,0.33636363636363636,-0.3302891295379082,0.3333333333333333,0.2727272727272727,0.3,0.2727272727272727,0.4,0.42857142857142855,0.5238095238095238,False,0.3363636363636363,0.30901743120339775
AMZN,1d:DNEWS_OVERNIGHT,TFIDF_KNN,2018-12,"{""n_neighbors"": 5, ""weights"": ""uniform""}",227,2018-11-30 21:00:00+00:00,2018-12-03 14:25:00+00:00,19,0.5789473684210527,0.6071428571428572,0.20935894733965593,0.45454545454545453,0.7142857142857143,0.5555555555555556,0.7142857142857143,0.5,0.5789473684210527,0.3684210526315789,False,0.5773809523809523,0.31245534706567896
AMZN,1d:DNEWS_OVERNIGHT,TFIDF_KNN,2018-12,"{""n_neighbors"": 5, ""weights"": ""distance""}",227,2018-11-30 21:00:00+00:00,2018-12-03 14:25:00+00:00,19,0.5789473684210527,0.6071428571428572,0.20935894733965593,0.45454545454545453,0.7142857142857143,0.5555555555555556,0.7142857142857143,0.5,0.5789473684210527,0.3684210526315789,False,0.625,0.31386973546182445
AMZN,1d:DNEWS_OVERNIGHT,TFIDF_KNN,2018-12,"{""n_neighbors"": 15, ""weights"": ""uniform""}",227,2018-11-30 21:00:00+00:00,2018-12-03 14:25:00+00:00,19,0.631578947368421,0.6785714285714286,0.35714285714285715,0.5,0.8571428571428571,0.631578947368421,0.8571428571428571,0.5,0.631578947368421,0.3684210526315789,False,0.6785714285714286,0.255613241802521
AMZN,1d:DNEWS_OVERNIGHT,TFIDF_KNN,2018-12,"{""n_neighbors"": 15, ""weights"": ""distance""}",227,2018-11-30 21:00:00+00:00,2018-12-03 14:25:00+00:00,19,0.631578947368421,0.6785714285714286,0.35714285714285715,0.5,0.8571428571428571,0.631578947368421,0.8571428571428571,0.5,0.631578947368421,0.3684210526315789,False,0.6547619047619048,0.2574903690996068
AMZN,1d:DNEWS_OVERNIGHT,TFIDF_KNN,2018-12,"{""n_neighbors"": 31, ""weights"": ""uniform""}",227,2018-11-30 21:00:00+00:00,2018-12-03 14:25:00+00:00,19,0.7894736842105263,0.8035714285714286,0.5865557254410011,0.6666666666666666,0.8571428571428571,0.75,0.8571428571428571,0.75,0.47368421052631576,0.3684210526315789,False,0.8214285714285714,0.21461428238524735
AMZN,1d:DNEWS_OVERNIGHT,TFIDF_KNN,2018-12,"{""n_neighbors"": 31, ""weights"": ""distance""}",227,2018-11-30 21:00:00+00:00,2018-12-03 14:25:00+00:00,19,0.7894736842105263,0.8035714285714286,0.5865557254410011,0.6666666666666666,0.8571428571428571,0.75,0.8571428571428571,0.75,0.47368421052631576,0.3684210526315789,False,0.8214285714285714,0.21665980189955011
AMZN,1d:DNEWS_OVERNIGHT,TFIDF_KNN,2019-01,"{""n_neighbors"": 5, ""weights"": ""uniform""}",246,2018-12-31 21:00:00+00:00,2019-01-02 14:25:00+00:00,21,0.5238095238095238,0.5318181818181817,0.06741998624632421,0.5714285714285714,0.36363636363636365,0.4444444444444444,0.36363636363636365,0.7,0.3333333333333333,0.5238095238095238,False,0.48636363636363633,0.3428602903915218
AMZN,1d:DNEWS_OVERNIGHT,TFIDF_KNN,2019-01,"{""n_neighbors"": 5, ""weights"": ""distance""}",246,2018-12-31 21:00:00+00:00,2019-01-02 14:25:00+00:00,21,0.5238095238095238,0.5318181818181817,0.06741998624632421,0.5714285714285714,0.36363636363636365,0.4444444444444444,0.36363636363636365,0.7,0.3333333333333333,0.5238095238095238,False,0.4636363636363637,0.3432657167016568
AMZN,1d:DNEWS_OVERNIGHT,TFIDF_KNN,2019-01,"{""n_neighbors"": 15, ""weights"": ""uniform""}",246,2018-12-31 21:00:00+00:00,2019-01-02 14:25:00+00:00,21,0.42857142857142855,0.43636363636363634,-0.13483997249264842,0.42857142857142855,0.2727272727272727,0.3333333333333333,0.2727272727272727,0.6,0.3333333333333333,0.5238095238095238,False,0.39999999999999997,0.3261407136719451
AMZN,1d:DNEWS_OVERNIGHT,TFIDF_KNN,2019-01,"{""n_neighbors"": 15, ""weights"": ""distance""}",246,2018-12-31 21:00:00+00:00,2019-01-02 14:25:00+00:00,21,0.42857142857142855,0.43636363636363634,-0.13483997249264842,0.42857142857142855,0.2727272727272727,0.3333333333333333,0.2727272727272727,0.6,0.3333333333333333,0.5238095238095238,False,0.39999999999999997,0.32774983759749865
AMZN,1d:DNEWS_OVERNIGHT,TFIDF_KNN,2019-01,"{""n_neighbors"": 31, ""weights"": ""uniform""}",246,2018-12-31 21:00:00+00:00,2019-01-02 14:25:00+00:00,21,0.38095238095238093,0.38636363636363635,-0.2337367475021143,0.375,0.2727272727272727,0.3157894736842105,0.2727272727272727,0.5,0.38095238095238093,0.5238095238095238,False,0.3318181818181818,0.31970980230867163
AMZN,1d:DNEWS_OVERNIGHT,TFIDF_KNN,2019-01,"{""n_neighbors"": 31, ""weights"": ""distance""}",246,2018-12-31 21:00:00+00:00,2019-01-02 14:25:00+00:00,21,0.38095238095238093,0.38636363636363635,-0.2337367475021143,0.375,0.2727272727272727,0.3157894736842105,0.2727272727272727,0.5,0.38095238095238093,0.5238095238095238,False,0.33636363636363636,0.321468714296294
AMZN,1d:DNEWS_OVERNIGHT,TFIDF_KNN,2019-02,"{""n_neighbors"": 5, ""weights"": ""uniform""}",267,2019-01-31 21:00:00+00:00,2019-02-01 14:25:00+00:00,1,1.0,,,0.0,0.0,0.0,0.0,1.0,0.0,0.0,True,,0.2481308476763596
AMZN,1d:DNEWS_OVERNIGHT,TFIDF_KNN,2019-02,"{""n_neighbors"": 5, ""weights"": ""distance""}",267,2019-01-31 21:00:00+00:00,2019-02-01 14:25:00+00:00,1,1.0,,,0.0,0.0,0.0,0.0,1.0,0.0,0.0,True,,0.2481308476763596
AMZN,1d:DNEWS_OVERNIGHT,TFIDF_KNN,2019-02,"{""n_neighbors"": 15, ""weights"": ""uniform""}",267,2019-01-31 21:00:00+00:00,2019-02-01 14:25:00+00:00,1,1.0,,,0.0,0.0,0.0,0.0,1.0,0.0,0.0,True,,0.2481308476763596
AMZN,1d:DNEWS_OVERNIGHT,TFIDF_KNN,2019-02,"{""n_neighbors"": 15, ""weights"": ""distance""}",267,2019-01-31 21:00:00+00:00,2019-02-01 14:25:00+00:00,1,1.0,,,0.0,0.0,0.0,0.0,1.0,0.0,0.0,True,,0.2481308476763596
AMZN,1d:DNEWS_OVERNIGHT,TFIDF_KNN,2019-02,"{""n_neighbors"": 31, ""weights"": ""uniform""}",267,2019-01-31 21:00:00+00:00,2019-02-01 14:25:00+00:00,1,1.0,,,0.0,0.0,0.0,0.0,1.0,0.0,0.0,True,,0.2481308476763596
AMZN,1d:DNEWS_OVERNIGHT,TFIDF_KNN,2019-02,"{""n_neighbors"": 31, ""weights"": ""distance""}",267,2019-01-31 21:00:00+00:00,2019-02-01 14:25:00+00:00,1,1.0,,,0.0,0.0,0.0,0.0,1.0,0.0,0.0,True,,0.2481308476763596
