key,symbol,day,month,label,has_news,split,price,title,body,semantic,phase,integrated,multi_only,no_semantic,no_body,no_title,uniform
AAPL|2018-06-01 13:30:00+00:00,AAPL,2018-06-01,2018-06,1,1,train,0.6139531757133024,0.5313238373639373,0.5619119274396681,0.5029594097278867,outer,0.5619119274396681,0.5471737980117228,0.5619119274396681,0.5862047342169485,0.5619119274396681,0.5525370875611986
AAPL|2018-06-01 14:30:00+00:00,AAPL,2018-06-01,2018-06,1,1,train,0.47559611917739686,0.4890044556844094,0.48556837673756426,0.509711898616526,outer,0.48556837673756426,0.4916042572073047,0.48556837673756426,0.48412506403717914,0.48556837673756426,0.4899702125539741
AAPL|2018-06-01 15:30:00+00:00,AAPL,2018-06-01,2018-06,1,1,train,0.4527877367610689,0.4627723227772964,0.4591774973771055,0.4965213791174449,outer,0.4591774973771055,0.4685134678121904,0.4591774973771055,0.46372114735016295,0.4591774973771055,0.4678147340082289
AAPL|2018-06-04 13:30:00+00:00,AAPL,2018-06-04,2018-06,1,1,train,0.5371779383665514,0.5283277369902469,0.4638796424767263,0.5959669523194147,outer,0.4638796424767263,0.49690146993739837,0.4638796424767263,0.5518751918547672,0.4638796424767263,0.5313380675382349
AAPL|2018-06-04 14:30:00+00:00,AAPL,2018-06-04,2018-06,0,1,train,0.3982729384386684,0.4860120410178625,0.43688976555822534,0.5647298228319083,outer,0.43688976555822534,0.4688497798766461,0.43688976555822534,0.4398871595369783,0.43688976555822534,0.4714761419616661
AAPL|2018-06-04 15:30:00+00:00,AAPL,2018-06-04,2018-06,0,1,train,0.45250425425702123,0.45663131655582145,0.42503502003148796,0.4682374366141282,outer,0.42503502003148796,0.43583562417714805,0.42503502003148796,0.456437549846298,0.42503502003148796,0.4506020068646147
AAPL|2018-06-05 13:30:00+00:00,AAPL,2018-06-05,2018-06,1,1,train,0.4788835086683245,0.5172146770001577,0.49859474640486706,0.5370963659692468,outer,0.49859474640486706,0.508220151295962,0.49859474640486706,0.4934367229935551,0.49859474640486706,0.5079473245106491
AAPL|2018-06-05 14:30:00+00:00,AAPL,2018-06-05,2018-06,0,1,train,0.3438532770623244,0.4752753916971328,0.5207387640742602,0.5084103128790117,outer,0.5207387640742602,0.5176566512754481,0.5207387640742602,0.3849925360164962,0.5207387640742602,0.4620694364281823
AAPL|2018-06-05 15:30:00+00:00,AAPL,2018-06-05,2018-06,0,1,train,0.37560277331975006,0.4544079919133382,0.5170780777026214,0.5091608825156081,outer,0.5170780777026214,0.5150987789058681,0.5170780777026214,0.4089923006187146,0.5170780777026214,0.46406243136282943
AAPL|2018-06-06 13:30:00+00:00,AAPL,2018-06-06,2018-06,0,1,train,0.6550825022920417,0.5457310195345958,0.5144261597092814,0.5382173559426461,outer,0.5144261597092814,0.5203739587676226,0.5144261597092814,0.6258662157046928,0.5144261597092814,0.5633642593696413
AAPL|2018-06-06 14:30:00+00:00,AAPL,2018-06-06,2018-06,1,1,train,0.5199401165074269,0.5036911168141013,0.3983370521047849,0.5340477539856281,outer,0.3983370521047849,0.43226472757499573,0.3983370521047849,0.5234670258769771,0.3983370521047849,0.4890040098529853
AAPL|2018-06-06 15:30:00+00:00,AAPL,2018-06-06,2018-06,1,1,train,0.35742671749311655,0.43131081711521485,0.3457035082629713,0.45266315842369154,outer,0.3457035082629713,0.37244342080315135,0.3457035082629713,0.3812358277257603,0.3457035082629713,0.3967760503237486
AAPL|2018-06-07 13:30:00+00:00,AAPL,2018-06-07,2018-06,0,1,train,0.6080092914514768,0.5249226986541218,0.6186797712113464,0.5674455425314592,outer,0.6186797712113464,0.6058712140413746,0.6186797712113464,0.5978683542214723,0.6186797712113464,0.579764325962101
AAPL|2018-06-07 14:30:00+00:00,AAPL,2018-06-07,2018-06,0,1,train,0.469363149268724,0.4812240062257651,0.5107068643782103,0.5337572943047316,outer,0.5107068643782103,0.5164694718598407,0.5107068643782103,0.48546168552772595,0.5107068643782103,0.49876282854435783
AAPL|2018-06-07 15:30:00+00:00,AAPL,2018-06-07,2018-06,1,1,train,0.4155430275368421,0.4648173342745793,0.4750866602592469,0.45936659682741937,outer,0.4750866602592469,0.47115664440129,0.4750866602592469,0.4264989198594864,0.4750866602592469,0.4537034047245219
AAPL|2018-06-08 13:30:00+00:00,AAPL,2018-06-08,2018-06,1,1,train,0.5796363571654891,0.5116649201393482,0.6006447264395416,0.49194082350294,outer,0.6006447264395416,0.5734687507053912,0.6006447264395416,0.5577124737498519,0.6006447264395416,0.5459717068118297
AAPL|2018-06-08 14:30:00+00:00,AAPL,2018-06-08,2018-06,1,1,train,0.4401945906287136,0.4690059114607404,0.5819872761601792,0.46758946484031877,outer,0.5819872761601792,0.5533878233302141,0.5819872761601792,0.4470433091816149,0.5819872761601792,0.489694310772488
AAPL|2018-06-08 15:30:00+00:00,AAPL,2018-06-08,2018-06,1,1,train,0.4683752857567599,0.46844163187276416,0.5499611691621213,0.46026161028849855,outer,0.5499611691621213,0.5275362794437156,0.5499611691621213,0.4663468668896945,0.5499611691621213,0.486759924270036
AAPL|2018-06-11 13:30:00+00:00,AAPL,2018-06-11,2018-06,1,1,train,0.48612836992038483,0.5016378058557679,0.5901671357610486,0.5055017638933094,outer,0.5901671357610486,0.5690007927941138,0.5901671357610486,0.490971718413616,0.5901671357610486,0.5208587688576276
AAPL|2018-06-11 14:30:00+00:00,AAPL,2018-06-11,2018-06,1,1,train,0.3504290275574108,0.4584480662255063,0.5295186060946041,0.4495532140641218,outer,0.5295186060946041,0.5095272580869835,0.5295186060946041,0.3752100741840886,0.5295186060946041,0.4469872284854107
AAPL|2018-06-11 15:30:00+00:00,AAPL,2018-06-11,2018-06,1,1,train,0.39079839750274303,0.4508473195134659,0.47856539835607315,0.45976038853523316,outer,0.47856539835607315,0.4738641459008631,0.47856539835607315,0.40803889526086556,0.47856539835607315,0.44499287597687875
AAPL|2018-06-12 13:30:00+00:00,AAPL,2018-06-12,2018-06,1,1,train,0.5228218971847649,0.5031919297588388,0.5786062100245754,0.4757785607403102,outer,0.5786062100245754,0.5528992977035091,0.5786062100245754,0.5110610630736512,0.5786062100245754,0.5200996494271223
AAPL|2018-06-12 14:30:00+00:00,AAPL,2018-06-12,2018-06,1,1,train,0.3845447477901099,0.46062999367778606,0.46234758421696476,0.4482145225713879,outer,0.46234758421696476,0.4588143188055705,0.46234758421696476,0.4004621914854294,0.46234758421696476,0.43893421206406213
AAPL|2018-06-12 15:30:00+00:00,AAPL,2018-06-12,2018-06,1,1,train,0.35917553737977825,0.43739329322619047,0.5051749926445572,0.43560126292802165,outer,0.5051749926445572,0.48778156021542335,0.5051749926445572,0.3782819687668391,0.5051749926445572,0.43433627154463694
AAPL|2018-06-13 13:30:00+00:00,AAPL,2018-06-13,2018-06,0,1,train,0.6713357265900799,0.5475514539325221,0.6173489272700385,0.5923250769297095,outer,0.6173489272700385,0.6110929646849563,0.6173489272700385,0.6515830641749873,0.6173489272700385,0.6071402961805875
AAPL|2018-06-13 14:30:00+00:00,AAPL,2018-06-13,2018-06,0,1,train,0.538071024900592,0.5048211255820984,0.5266794271117323,0.5661966026022186,outer,0.5266794271117323,0.5365587209843539,0.5266794271117323,0.5451024193259987,0.5266794271117323,0.5339420450491603
AAPL|2018-06-13 15:30:00+00:00,AAPL,2018-06-13,2018-06,0,1,train,0.24725843784242085,0.42086958004213626,0.41098859185516523,0.5062260610476802,outer,0.41098859185516523,0.434797959153294,0.41098859185516523,0.3120003436437357,0.41098859185516523,0.3963356676968506
AAPL|2018-06-14 13:30:00+00:00,AAPL,2018-06-14,2018-06,0,1,train,0.6573990343558593,0.5338332358006138,0.5760095866035776,0.5877799732348538,outer,0.5760095866035776,0.5789521832613966,0.5760095866035776,0.639994269075608,0.5760095866035776,0.5887554574987262
AAPL|2018-06-14 14:30:00+00:00,AAPL,2018-06-14,2018-06,0,1,train,0.5225026997472582,0.4920020780949276,0.40456134931411497,0.5676694816613996,outer,0.40456134931411497,0.44533838240093615,0.40456134931411497,0.5337943952257935,0.40456134931411497,0.4966839022044251
AAPL|2018-06-14 15:30:00+00:00,AAPL,2018-06-14,2018-06,0,1,train,0.4708861408658621,0.4659069695487544,0.35378159145984467,0.5693299380614036,outer,0.35378159145984467,0.4076686781102344,0.35378159145984467,0.49549709016474747,0.35378159145984467,0.4649761599839662
AAPL|2018-06-15 13:30:00+00:00,AAPL,2018-06-15,2018-06,0,1,train,0.6662081575294085,0.5345793870004689,0.6696978509070196,0.4492281550073623,outer,0.6696978509070196,0.6145804269321052,0.6696978509070196,0.611963156898897,0.6696978509070196,0.5799283876110648
AAPL|2018-06-15 14:30:00+00:00,AAPL,2018-06-15,2018-06,1,1,train,0.5323127663513583,0.49253760115073647,0.6250337093272408,0.41085175975098176,outer,0.6250337093272408,0.571488221933176,0.6250337093272408,0.5019475147012642,0.6250337093272408,0.5151839591450793
AAPL|2018-06-15 15:30:00+00:00,AAPL,2018-06-15,2018-06,1,1,train,0.34148672583452505,0.43229917359131104,0.5399480807957349,0.36086971809136514,outer,0.5399480807957349,0.49517849011964243,0.5399480807957349,0.34633247389873506,0.5399480807957349,0.41865092457823405
AAPL|2018-06-18 13:30:00+00:00,AAPL,2018-06-18,2018-06,1,1,train,0.40817401282150856,0.4860179697677074,0.6656540637255788,0.4484123357197164,outer,0.6656540637255788,0.6113436317241132,0.6656540637255788,0.4182335935460605,0.6656540637255788,0.5020645955086278
AAPL|2018-06-18 14:30:00+00:00,AAPL,2018-06-18,2018-06,1,1,train,0.2822815855436003,0.44439417157186234,0.6426699101169493,0.4399572084678856,outer,0.6426699101169493,0.5919917347046834,0.6426699101169493,0.3217004912746716,0.6426699101169493,0.4523257189250744
AAPL|2018-06-18 15:30:00+00:00,AAPL,2018-06-18,2018-06,0,1,train,0.5015610113144209,0.46351813991849367,0.5543248620315953,0.48128208089584673,outer,0.5543248620315953,0.5360641667476581,0.5543248620315953,0.49649127870977733,0.5543248620315953,0.5001715235400891
AAPL|2018-06-19 13:30:00+00:00,AAPL,2018-06-19,2018-06,1,1,train,0.6140606864901614,0.5342014301616524,0.514906981487391,0.518985975355152,outer,0.514906981487391,0.5159267299543313,0.514906981487391,0.5902920087064091,0.514906981487391,0.5455387683735893
AAPL|2018-06-19 14:30:00+00:00,AAPL,2018-06-19,2018-06,1,1,train,0.47570925710563144,0.4915321063514869,0.4355192569811244,0.4765967916167596,outer,0.4355192569811244,0.4457886406400332,0.4355192569811244,0.47593114073341347,0.4355192569811244,0.46983935301375057
AAPL|2018-06-19 15:30:00+00:00,AAPL,2018-06-19,2018-06,1,1,train,0.4239122684552898,0.4652470172968727,0.4257706256111812,0.4817764855271937,outer,0.4257706256111812,0.43977209059018435,0.4257706256111812,0.43837832272326577,0.4257706256111812,0.44917659922263437
AAPL|2018-06-20 13:30:00+00:00,AAPL,2018-06-20,2018-06,1,1,train,0.5789700938436998,0.524441420453887,0.5329207150701771,0.5481357085533984,outer,0.5329207150701771,0.5367244634409825,0.5329207150701771,0.5712614975211244,0.5329207150701771,0.5461169844802906
AAPL|2018-06-20 14:30:00+00:00,AAPL,2018-06-20,2018-06,1,1,train,0.4395210227457877,0.4802401545764964,0.4807106340642243,0.43143894153490125,outer,0.4807106340642243,0.4683927109318935,0.4807106340642243,0.43750050244306604,0.4807106340642243,0.45797768823035234
AAPL|2018-06-20 15:30:00+00:00,AAPL,2018-06-20,2018-06,1,1,train,0.5132892269802787,0.4836884105150845,0.36638587424960334,0.43839102851225475,outer,0.36638587424960334,0.3843871628152662,0.36638587424960334,0.4945646773632727,0.36638587424960334,0.4504386350643053
AAPL|2018-06-21 13:30:00+00:00,AAPL,2018-06-21,2018-06,0,1,train,0.5597626506911827,0.5110307786704508,0.46645261489238693,0.494539773911473,outer,0.46645261489238693,0.47347440464715845,0.46645261489238693,0.5434569314962553,0.46645261489238693,0.5079464545413733
AAPL|2018-06-21 14:30:00+00:00,AAPL,2018-06-21,2018-06,0,1,train,0.4203213649978943,0.4679624125646522,0.43788485500345614,0.39664240083193836,outer,0.43788485500345614,0.42757424146057665,0.43788485500345614,0.41440162395640534,0.43788485500345614,0.43070275834948524
AAPL|2018-06-21 15:30:00+00:00,AAPL,2018-06-21,2018-06,0,1,train,0.4657916111671043,0.4530241979531897,0.5086926259419717,0.4576581884923225,outer,0.5086926259419717,0.49593401657955943,0.5086926259419717,0.4637582554984089,0.5086926259419717,0.4712916558886471
AAPL|2018-06-22 13:30:00+00:00,AAPL,2018-06-22,2018-06,0,1,train,0.5286044243896777,0.5275480054829196,0.5813080963218346,0.45152195954795654,outer,0.5813080963218346,0.5488615621283651,0.5813080963218346,0.5093338081792474,0.5813080963218346,0.5222456214355972
AAPL|2018-06-22 14:30:00+00:00,AAPL,2018-06-22,2018-06,1,1,train,0.3900480193520397,0.48474698324345794,0.5774292749571888,0.40593915880785303,outer,0.5774292749571888,0.5345567459198548,0.5774292749571888,0.39402080421599306,0.5774292749571888,0.46454085909013487
AAPL|2018-06-22 15:30:00+00:00,AAPL,2018-06-22,2018-06,1,1,train,0.3895084833548292,0.4508579549246398,0.5075782457176148,0.3651477189778018,outer,0.5075782457176148,0.47197061403266155,0.5075782457176148,0.38341829226057234,0.5075782457176148,0.42827310074372144
AAPL|2018-06-25 13:30:00+00:00,AAPL,2018-06-25,2018-06,0,1,train,0.46186375202530755,0.4939886731489955,0.5175956881888472,0.6334731525027569,outer,0.5175956881888472,0.5465650542673246,0.5175956881888472,0.5047661021446699,0.5175956881888472,0.5267303164664768
AAPL|2018-06-25 14:30:00+00:00,AAPL,2018-06-25,2018-06,0,1,train,0.32860637541501164,0.45154169776815123,0.5063791947018115,0.5115592560497215,outer,0.5063791947018115,0.507674210038789,0.5063791947018115,0.3743445955736891,0.5063791947018115,0.449521630983674
AAPL|2018-06-25 15:30:00+00:00,AAPL,2018-06-25,2018-06,0,1,train,0.43338943811865327,0.44495564695469125,0.4997095216853773,0.4805977578855071,outer,0.4997095216853773,0.49493158073540977,0.4997095216853773,0.4451915180603667,0.4997095216853773,0.46466309116105725
AAPL|2018-06-26 13:30:00+00:00,AAPL,2018-06-26,2018-06,1,1,train,0.6076776239160082,0.5648191837325671,0.49971326563107454,0.6011456052998853,outer,0.49971326563107454,0.5250713505482772,0.49971326563107454,0.6060446192619775,0.49971326563107454,0.5683389196448838
AAPL|2018-06-26 14:30:00+00:00,AAPL,2018-06-26,2018-06,1,1,train,0.4690166202686314,0.5250723008075282,0.43783919868553073,0.6163493821349406,outer,0.43783919868553073,0.4824667445478832,0.43783919868553073,0.5058498107352087,0.43783919868553073,0.5120693754741578
AAPL|2018-06-26 15:30:00+00:00,AAPL,2018-06-26,2018-06,1,1,train,0.47778611542954874,0.47564424347312495,0.37943303496588376,0.5567212902091109,outer,0.37943303496588376,0.4237550987766906,0.37943303496588376,0.49751990912443933,0.37943303496588376,0.4723961710194171
AAPL|2018-06-27 13:30:00+00:00,AAPL,2018-06-27,2018-06,0,1,train,0.7689825820677713,0.6019466381892989,0.5923434292489855,0.5948178887072567,outer,0.5923434292489855,0.5929620441135534,0.5923434292489855,0.7254414087276426,0.5923434292489855,0.6395226345533281
AAPL|2018-06-27 14:30:00+00:00,AAPL,2018-06-27,2018-06,0,1,train,0.6549618651550645,0.5613769085772989,0.5838545487432031,0.5276582130650712,outer,0.5838545487432031,0.5698054648236701,0.5838545487432031,0.6231359521325661,0.5838545487432031,0.5819628838851594
AAPL|2018-06-27 15:30:00+00:00,AAPL,2018-06-27,2018-06,0,1,train,0.3963447241260194,0.4676043954711383,0.5702010616218391,0.4877612830924847,outer,0.5702010616218391,0.5495911169895005,0.5702010616218391,0.4191988638676357,0.5702010616218391,0.4804778660778704
AAPL|2018-06-28 13:30:00+00:00,AAPL,2018-06-28,2018-06,1,1,train,0.7081283472155874,0.5770623447594803,0.5324481509183291,0.642925259573687,outer,0.5324481509183291,0.5600674280821686,0.5324481509183291,0.6918275753051123,0.5324481509183291,0.6151410256167709
AAPL|2018-06-28 14:30:00+00:00,AAPL,2018-06-28,2018-06,1,1,train,0.5804590345455322,0.5358022147029634,0.49409276755299975,0.569597059408481,outer,0.49409276755299975,0.5129688405168701,0.49409276755299975,0.5777435407612694,0.49409276755299975,0.5449877690524941
AAPL|2018-06-28 15:30:00+00:00,AAPL,2018-06-28,2018-06,1,1,train,0.3544747493262818,0.4697827547844984,0.45943302399731967,0.5167983502971284,outer,0.45943302399731967,0.4737743555722719,0.45943302399731967,0.3950556495689934,0.45943302399731967,0.45012221960130705
AAPL|2018-06-29 13:30:00+00:00,AAPL,2018-06-29,2018-06,0,1,train,0.7325350845477228,0.5769154204252077,0.5439822033405738,0.6695057383476424,outer,0.5439822033405738,0.575363087092341,0.5439822033405738,0.7167777479977027,0.5439822033405738,0.6307346116652868
AAPL|2018-06-29 14:30:00+00:00,AAPL,2018-06-29,2018-06,1,1,train,0.60965676891945,0.5343357923834113,0.518685314477015,0.5607488729649589,outer,0.518685314477015,0.529201204099001,0.518685314477015,0.5974297949308272,0.518685314477015,0.5558566871862088
AAPL|2018-06-29 15:30:00+00:00,AAPL,2018-06-29,2018-06,0,1,train,0.46485901448146116,0.475471369171785,0.4157736335359163,0.4797213769910443,outer,0.4157736335359163,0.43176056939969826,0.4157736335359163,0.46857460510885696,0.4157736335359163,0.4589563485450517
AAPL|2018-07-02 13:30:00+00:00,AAPL,2018-07-02,2018-07,1,1,train,0.47626306706432114,0.4978329059086422,0.531638847130712,0.41224636619475596,outer,0.4933392415912055,0.4933392415912055,0.5062843912141597,0.49244044619756194,0.501790726896723,0.4794952965746078
AAPL|2018-07-02 14:30:00+00:00,AAPL,2018-07-02,2018-07,1,1,train,0.37631234050406215,0.46132160117067206,0.4851611834883112,0.33553784892034205,outer,0.44179545426690914,0.44179545426690914,0.46728149675008185,0.44006928600401957,0.44775534984631893,0.41458324352084686
AAPL|2018-07-02 15:30:00+00:00,AAPL,2018-07-02,2018-07,1,1,train,0.4157603058572861,0.4581833760182173,0.4276628414239796,0.42437690968004854,outer,0.4344714921365562,0.4344714921365562,0.4505532423696579,0.4475776084779845,0.4268413584879968,0.43149585824488285
AAPL|2018-07-05 13:30:00+00:00,AAPL,2018-07-05,2018-07,1,1,train,0.4678679896727601,0.5115562135027101,0.5104861108927568,0.527116029596192,outer,0.5149111162211039,0.5149111162211039,0.5112886878502217,0.5006341575452226,0.5146435905686155,0.5042565859161048
AAPL|2018-07-05 14:30:00+00:00,AAPL,2018-07-05,2018-07,1,1,train,0.3684396765480461,0.4760409830501714,0.45821248213077204,0.47616147955899707,outer,0.4671568567176781,0.4671568567176781,0.4715838578203216,0.4491406564246401,0.4626997314878283,0.44471365532199664
AAPL|2018-07-05 15:30:00+00:00,AAPL,2018-07-05,2018-07,1,1,train,0.40807832615325634,0.4887932572270609,0.4466674586590524,0.46003047914466116,outer,0.4605396634224567,0.4605396634224567,0.4782618075850588,0.46861452445860974,0.4500082137804546,0.4508923802960077
AAPL|2018-07-06 13:30:00+00:00,AAPL,2018-07-06,2018-07,1,1,train,0.5643763802009809,0.5142806306365032,0.545137278470812,0.5442478168245422,outer,0.5372007511006673,0.5372007511006673,0.5219947925950803,0.5268045680276227,0.5449149130592446,0.5420105265332096
AAPL|2018-07-06 14:30:00+00:00,AAPL,2018-07-06,2018-07,1,1,train,0.46225487376727076,0.4786230389112257,0.49101817648772256,0.39553776505860083,outer,0.46404928923631794,0.46404928923631794,0.48172182330534996,0.474530997625237,0.4671480736304421,0.45685846355620496
AAPL|2018-07-06 15:30:00+00:00,AAPL,2018-07-06,2018-07,1,1,train,0.5145791799416835,0.47574480599419733,0.4842929180863329,0.43935822664899066,outer,0.47092221720396343,0.47092221720396343,0.4778818340172312,0.48545339948106886,0.4730592452269973,0.47849378266780107
AAPL|2018-07-09 13:30:00+00:00,AAPL,2018-07-09,2018-07,1,1,train,0.5836847908679518,0.538167553936639,0.5675273172137295,0.6417950137311227,outer,0.5787543005238052,0.5787543005238052,0.5455074947559116,0.5495468631694671,0.5860942413430777,0.5827936689373607
AAPL|2018-07-09 14:30:00+00:00,AAPL,2018-07-09,2018-07,1,1,train,0.48193470715646936,0.49815582259185603,0.5219973436875887,0.5541233765282831,outer,0.5240684716238291,0.5240684716238291,0.5041162028657892,0.4941005437330094,0.5300288518977623,0.5140528124910493
AAPL|2018-07-09 15:30:00+00:00,AAPL,2018-07-09,2018-07,1,1,train,0.5729932248663144,0.5034450942085117,0.4963895712230626,0.436004478245308,outer,0.48305717872498627,0.48305717872498627,0.5016812134621493,0.5208321268729623,0.48129329797862397,0.5022080921357992
AAPL|2018-07-10 13:30:00+00:00,AAPL,2018-07-10,2018-07,1,1,train,0.627635583773326,0.535481766625562,0.483482603169613,0.599580100699509,outer,0.5255067684160742,0.5255067684160742,0.5224819757615747,0.558520220912503,0.512506977552087,0.5615450135670024
AAPL|2018-07-10 14:30:00+00:00,AAPL,2018-07-10,2018-07,0,1,train,0.5279397848810896,0.5006679286480165,0.4901326899930329,0.44359380142527843,outer,0.48113177751484015,0.48113177751484015,0.4980341189842706,0.5074858927062847,0.4784979678510943,0.4905835512368544
AAPL|2018-07-10 15:30:00+00:00,AAPL,2018-07-10,2018-07,0,1,train,0.45778190111537465,0.46979962306707834,0.45202718780489504,0.355315518692349,outer,0.43229237934230436,0.43229237934230436,0.46535651425153246,0.4667951925791524,0.4278492705267586,0.43373105766992426
AAPL|2018-07-11 13:30:00+00:00,AAPL,2018-07-11,2018-07,1,1,train,0.5677451304608999,0.513599078142337,0.5364239139353525,0.5669646238392151,outer,0.5383528824630642,0.5383528824630642,0.5193052870905909,0.5271355912219777,0.5440590914113181,0.5461831865944511
AAPL|2018-07-11 14:30:00+00:00,AAPL,2018-07-11,2018-07,0,1,train,0.4656656613666888,0.4779094842993149,0.48412102435847654,0.5788390127192832,outer,0.5062476364338878,0.5062476364338878,0.47946236931410535,0.4748485285661584,0.5078005214486782,0.5016337956859409
AAPL|2018-07-11 15:30:00+00:00,AAPL,2018-07-11,2018-07,0,1,train,0.4541128962556658,0.464564648052071,0.5048697392963303,0.5157280722202553,outer,0.49750804971624674,0.49750804971624674,0.4746409208631358,0.4619517101029697,0.5075843225273116,0.4848188389560806
AAPL|2018-07-12 13:30:00+00:00,AAPL,2018-07-12,2018-07,1,1,train,0.6789084479266289,0.5638684679537197,0.5844714676228806,0.47815236339910994,outer,0.5527409416496477,0.5527409416496477,0.56901921787101,0.5926284629469469,0.557891691566938,0.5763501867255848
AAPL|2018-07-12 14:30:00+00:00,AAPL,2018-07-12,2018-07,1,1,train,0.5838380015130604,0.5271376111160435,0.5511418456927257,0.4286496481026306,outer,0.5145177376510314,0.5145177376510314,0.5331386697602141,0.5413127087152978,0.5205187962952019,0.5226917766061151
AAPL|2018-07-12 15:30:00+00:00,AAPL,2018-07-12,2018-07,1,1,train,0.36144747738678695,0.4364407538607128,0.44333840710438865,0.38381841456759924,outer,0.4267339956592723,0.4267339956592723,0.4381651671716318,0.41769243474223133,0.4284584089701913,0.4062612632298719
AAPL|2018-07-13 13:30:00+00:00,AAPL,2018-07-13,2018-07,1,1,train,0.5804060941128795,0.5402700690060651,0.546433490987775,0.3284019818773283,outer,0.49038475821473587,0.49038475821473587,0.5418109245014926,0.5503040752827687,0.49192561371016336,0.498877908996012
AAPL|2018-07-13 14:30:00+00:00,AAPL,2018-07-13,2018-07,0,1,train,0.4785705407519386,0.5052751065950047,0.5123393668718569,0.3275335041372472,outer,0.4643718361189914,0.4643718361189914,0.5070411716642178,0.4985989651342382,0.4661379011882045,0.45592962958901184
AAPL|2018-07-13 15:30:00+00:00,AAPL,2018-07-13,2018-07,0,1,train,0.41084669519524086,0.45176170069007676,0.4269343751578051,0.4150896891938761,outer,0.4301800350498908,0.4301800350498908,0.4455548693070088,0.4415329493163678,0.4239732036668229,0.4261581150592497
AAPL|2018-07-16 13:30:00+00:00,AAPL,2018-07-16,2018-07,0,1,train,0.4975483517539787,0.5139242312247344,0.44304221870751714,0.4579374776150921,outer,0.4644865365637152,0.4644865365637152,0.4962037280954301,0.5098302613570455,0.4467660334344109,0.47811306982533064
AAPL|2018-07-16 14:30:00+00:00,AAPL,2018-07-16,2018-07,0,1,train,0.39651251010382443,0.47842844896620895,0.43836900127625544,0.5158926661131894,outer,0.46776477940797734,0.46776477940797734,0.4684135870437206,0.45794946425061284,0.457749917485489,0.4573006566148696
AAPL|2018-07-16 15:30:00+00:00,AAPL,2018-07-16,2018-07,0,1,train,0.43023288634588147,0.45830930714731727,0.3871204760442742,0.5493898006633487,outer,0.44548501497480364,0.44548501497480364,0.4405120993715565,0.45129020194695835,0.42768780719904287,0.45626311755020543
AAPL|2018-07-17 13:30:00+00:00,AAPL,2018-07-17,2018-07,1,1,train,0.5938749170331155,0.5295725044625815,0.5707311507360087,0.5736305926514198,outer,0.5611663496465047,0.5611663496465047,0.5398621660309384,0.545648107605215,0.5714560112148614,0.5669522912207814
AAPL|2018-07-17 14:30:00+00:00,AAPL,2018-07-17,2018-07,1,1,train,0.49244969245916537,0.49326519902623045,0.5245576212024383,0.5789494020554531,outer,0.53033246087164,0.53033246087164,0.5010883045702824,0.4930613223844642,0.5381555664156921,0.5223054786858218
AAPL|2018-07-17 15:30:00+00:00,AAPL,2018-07-17,2018-07,1,1,train,0.4062789575482641,0.45372134888469684,0.5185302702355302,0.4658713295093095,outer,0.4891633047162667,0.4891633047162667,0.46992357922240513,0.44186075105058864,0.5053655350539751,0.4611004765444502
AAPL|2018-07-18 13:30:00+00:00,AAPL,2018-07-18,2018-07,0,1,train,0.5473382153819281,0.521022204440644,0.5552695482913681,0.5650392716934524,outer,0.5491501431792081,0.5491501431792081,0.529584040403325,0.527601207175965,0.5577119791418892,0.5471673099518481
AAPL|2018-07-18 14:30:00+00:00,AAPL,2018-07-18,2018-07,1,1,train,0.4451492941083822,0.48359930566919157,0.5531859940135391,0.33066913225533634,outer,0.48016010648790153,0.48016010648790153,0.5009959777552784,0.47398680277898925,0.4975567785739884,0.4531509315116123
AAPL|2018-07-18 15:30:00+00:00,AAPL,2018-07-18,2018-07,1,1,train,0.4435666576426589,0.4776568490369013,0.5485095946457132,0.32666020347467056,outer,0.4753340604507496,0.4753340604507496,0.4953700354391043,0.4691343011883407,0.4930472468529526,0.449098326199986
AAPL|2018-07-19 13:30:00+00:00,AAPL,2018-07-19,2018-07,1,1,train,0.5144425792779159,0.505041241535437,0.4929595525783834,0.5515524943758259,outer,0.5106282102670074,0.5106282102670074,0.5020208192961736,0.5073915759710567,0.5076077880277441,0.5159989669418905
AAPL|2018-07-19 14:30:00+00:00,AAPL,2018-07-19,2018-07,1,1,train,0.41279457218937327,0.4712326730785164,0.4697704903871002,0.567180868095223,outer,0.494488630486985,0.494488630486985,0.4708671274056624,0.4566231478562306,0.4941230848141309,0.4802446509375532
AAPL|2018-07-19 15:30:00+00:00,AAPL,2018-07-19,2018-07,0,1,train,0.4589718444302548,0.46360726376145367,0.46660185619689276,0.5747067910196436,outer,0.4928794417937207,0.4928794417937207,0.46435591187031344,0.46244840892865396,0.49362808990258045,0.49097193885206125
AAPL|2018-07-20 13:30:00+00:00,AAPL,2018-07-20,2018-07,1,1,train,0.6861430651389704,0.5800356559004142,0.5739756773663214,0.6088536536937729,outer,0.5842101660817074,0.5842101660817074,0.578520661266891,0.6065625082100532,0.5826951714481843,0.6122520130248698
AAPL|2018-07-20 14:30:00+00:00,AAPL,2018-07-20,2018-07,0,1,train,0.5919271475971756,0.5444730610475832,0.5404660960932928,0.5599625933432657,outer,0.5463419616443586,0.5463419616443586,0.5434713198090106,0.5563365826849813,0.545340220405786,0.5592072245203293
AAPL|2018-07-20 15:30:00+00:00,AAPL,2018-07-20,2018-07,0,1,train,0.44299886138682903,0.4698502929207708,0.4471550527747044,0.578589656711656,outer,0.4856875137954589,0.4856875137954589,0.46417648288425417,0.4631374350372853,0.4800137037589423,0.48464846594849004
AAPL|2018-07-23 13:30:00+00:00,AAPL,2018-07-23,2018-07,1,1,train,0.4695081986765105,0.5095823661301618,0.5726715046359802,0.5160133731652279,outer,0.5427346871418375,0.5427346871418375,0.5253546507566165,0.499563824266749,0.558506971768292,0.5169438606519701
AAPL|2018-07-23 14:30:00+00:00,AAPL,2018-07-23,2018-07,1,1,train,0.36997366566169004,0.47147032317801263,0.5214777925502483,0.3464425365555683,outer,0.4652171112085194,0.4652171112085194,0.48397219052107154,0.446096158798932,0.4777189785515783,0.42734107948637984
AAPL|2018-07-23 15:30:00+00:00,AAPL,2018-07-23,2018-07,1,1,train,0.45406843720419837,0.46583799145115756,0.46271531151053147,0.31328449148293475,outer,0.42613827648878877,0.42613827648878877,0.465057321466001,0.4628956028894178,0.4253576065036323,0.42397655791220556
AAPL|2018-07-24 13:30:00+00:00,AAPL,2018-07-24,2018-07,1,1,train,0.45615983868157894,0.49578878219466044,0.4860091414660401,0.25804017154543596,outer,0.4314618091680441,0.4314618091680441,0.49334387201250535,0.4858815463163901,0.429016898985889,0.42399948347192884
AAPL|2018-07-24 14:30:00+00:00,AAPL,2018-07-24,2018-07,0,1,train,0.35754784570839315,0.4592606187213955,0.5002937745759538,0.41271859659115895,outer,0.4681416911161155,0.4681416911161155,0.4695189076850351,0.43383242546814493,0.47839998007975515,0.4324552088992254
AAPL|2018-07-24 15:30:00+00:00,AAPL,2018-07-24,2018-07,1,1,train,0.5247382876132888,0.48055582612445724,0.5205783198101244,0.44831473298333974,outer,0.4925067996820114,0.4925067996820114,0.49056144954587405,0.4916014414966651,0.5025124231034283,0.4935467916328025
AAPL|2018-07-25 13:30:00+00:00,AAPL,2018-07-25,2018-07,1,1,train,0.6317827446852256,0.5522325466513853,0.5312880959227746,0.5926601261578545,outer,0.5518672161636973,0.5518672161636973,0.5469964339692326,0.5721200961598454,0.5466311034815445,0.57699087835431
AAPL|2018-07-25 14:30:00+00:00,AAPL,2018-07-25,2018-07,1,1,train,0.5323700114513739,0.5148464563482702,0.4625475272742569,0.37719757328879205,outer,0.45428477104639403,0.45428477104639403,0.5017717240797669,0.5192273451240461,0.44121003877789067,0.47174039209067326
AAPL|2018-07-25 15:30:00+00:00,AAPL,2018-07-25,2018-07,1,1,train,0.4351006298498071,0.45268758379449026,0.3989561696998108,0.3802027856020064,outer,0.4077006771990296,0.4077006771990296,0.4392547302708204,0.4482908453083195,0.39426782367535973,0.4167367922365286
AAPL|2018-07-26 13:30:00+00:00,AAPL,2018-07-26,2018-07,1,1,train,0.49179985353204636,0.5050200719255046,0.5307568196382891,0.49476018825599044,outer,0.5153234748645183,0.5153234748645183,0.5114542588537007,0.5017150173271401,0.5217576617927144,0.5055842333379577
AAPL|2018-07-26 14:30:00+00:00,AAPL,2018-07-26,2018-07,0,1,train,0.39102289133557727,0.46292990836438314,0.47118128784817426,0.3947421023719331,outer,0.4500086466081662,0.4500086466081662,0.4649927532353309,0.44495315410718167,0.45207149147911396,0.42996904748001696
AAPL|2018-07-26 15:30:00+00:00,AAPL,2018-07-26,2018-07,0,1,train,0.48842120747103596,0.46331475391981597,0.4525449690103711,0.46397982530856274,outer,0.4580961293122802,0.4580961293122802,0.46062230769245477,0.46959136730762097,0.455403683084919,0.4670651889274465
AAPL|2018-07-27 13:30:00+00:00,AAPL,2018-07-27,2018-07,0,1,train,0.6834709644953573,0.5513479563834062,0.5407243655937537,0.47036332399011194,outer,0.5257900028902563,0.5257900028902563,0.5486920586859931,0.5843787084113939,0.5231341051928433,0.5614766526156573
AAPL|2018-07-27 14:30:00+00:00,AAPL,2018-07-27,2018-07,0,1,train,0.5889334705066784,0.5151089537740109,0.5068465023494813,0.491802125816613,outer,0.5051510210723966,0.5051510210723966,0.5130433409178785,0.5335650829571777,0.5030854082162641,0.525672763111696
AAPL|2018-07-27 15:30:00+00:00,AAPL,2018-07-27,2018-07,0,1,train,0.39825166955658214,0.44470312539260826,0.4848512824232981,0.4563778428871751,outer,0.46769588328159484,0.46769588328159484,0.45474016465028066,0.43309026143360174,0.47773292253926736,0.4460459800649159
AAPL|2018-07-30 13:30:00+00:00,AAPL,2018-07-30,2018-07,0,1,train,0.5415432139907518,0.5206795911445904,0.5375023312278996,0.6708601744143114,outer,0.5666361070036752,0.5666361070036752,0.5248852761654177,0.5258954968561307,0.5708417920245026,0.5676463276943884
AAPL|2018-07-30 14:30:00+00:00,AAPL,2018-07-30,2018-07,0,1,train,0.43938602396642357,0.48439010088215745,0.5186248647882776,0.6323374108039034,outer,0.538494310315654,0.538494310315654,0.4929487918586875,0.473139081653224,0.547053001292184,0.5186846001101905
AAPL|2018-07-30 15:30:00+00:00,AAPL,2018-07-30,2018-07,1,1,train,0.492834721206379,0.47789714440313674,0.490723776008422,0.5841019066823322,outer,0.5108616507755782,0.5108616507755782,0.48110380230445804,0.4816315386039473,0.5140683086768996,0.5113893870750675
AAPL|2018-07-31 13:30:00+00:00,AAPL,2018-07-31,2018-07,1,1,train,0.5561562300751774,0.511549699475106,0.5331734169053169,0.6557951648992214,outer,0.5584229245462403,0.5584229245462403,0.5169556288326588,0.5227013321251238,0.563828853903793,0.5641686278387055
AAPL|2018-07-31 14:30:00+00:00,AAPL,2018-07-31,2018-07,1,1,train,0.45397207434433473,0.47533320378227406,0.4992543726251232,0.6199280073654295,outer,0.5234424890994874,0.5234424890994874,0.48131349599298634,0.46999292142278926,0.5294227813101997,0.5121219145292903
AAPL|2018-07-31 15:30:00+00:00,AAPL,2018-07-31,2018-07,1,1,train,0.363384138459233,0.44010581767501183,0.47487481827693756,0.5895645337851225,outer,0.4948549970035024,0.4948549970035024,0.44879806782549325,0.42092539787106714,0.5035472471539838,0.4669823270490762
AAPL|2018-08-01 13:30:00+00:00,AAPL,2018-08-01,2018-08,1,1,train,0.39798850487300635,0.4875697533253602,0.31003711012594093,0.3261273518377012,outer,0.44318659252550535,0.44318659252550535,0.44318659252550535,0.4651744412122717,0.314059670553881,0.3804306800405022
AAPL|2018-08-01 14:30:00+00:00,AAPL,2018-08-01,2018-08,1,1,train,0.29527615911233485,0.44704916331815225,0.15525655053011728,0.24261081418107247,outer,0.37410101012114355,0.37410101012114355,0.37410101012114355,0.4091059122666979,0.17709511644285608,0.28504817178541925
AAPL|2018-08-01 15:30:00+00:00,AAPL,2018-08-01,2018-08,0,1,train,0.5300050834506449,0.5087124292227349,0.44246039229786904,0.5556190645163803,outer,0.4921494199915184,0.4921494199915184,0.4921494199915184,0.5140355927797123,0.4707500603524969,0.5091992423719073
AAPL|2018-08-02 13:30:00+00:00,AAPL,2018-08-02,2018-08,1,1,train,0.6796174641736793,0.5919009563367847,0.6977082994159491,0.6999285970733642,outer,0.6183527921065759,0.6183527921065759,0.6183527921065759,0.6138300832960084,0.6982633738303028,0.6672888292499444
AAPL|2018-08-02 14:30:00+00:00,AAPL,2018-08-02,2018-08,1,1,train,0.5734577497626276,0.5499240867870586,0.6012226177707218,0.5173195232284012,outer,0.5627487195329743,0.5627487195329743,0.5627487195329743,0.5558075025309509,0.5802468441351417,0.5604809943872023
AAPL|2018-08-02 15:30:00+00:00,AAPL,2018-08-02,2018-08,1,1,train,0.5873357075953672,0.5214111547063197,0.6148625117113674,0.5511866889786406,outer,0.5447739939575816,0.5447739939575816,0.5447739939575816,0.5378922929285817,0.5989435560281857,0.5686990157479238
AAPL|2018-08-03 13:30:00+00:00,AAPL,2018-08-03,2018-08,1,1,train,0.8172011407885779,0.6847041087714194,0.3680051097128814,0.846014580551079,outer,0.605529359006785,0.605529359006785,0.605529359006785,0.717828366775709,0.48750747742243083,0.6789812349559894
AAPL|2018-08-03 14:30:00+00:00,AAPL,2018-08-03,2018-08,1,1,train,0.7391310948152345,0.6478735496033943,0.4262564022820936,0.8341666521749358,outer,0.5924692627730691,0.5924692627730691,0.5924692627730691,0.6706879359063543,0.5282339647553042,0.6618569247189146
AAPL|2018-08-03 15:30:00+00:00,AAPL,2018-08-03,2018-08,1,1,train,0.521601785571105,0.5150715401108223,0.30408452023696136,0.599019497925188,outer,0.4623247851423571,0.4623247851423571,0.4623247851423571,0.5167041014758931,0.377818264659018,0.48494433596101916
AAPL|2018-08-06 13:30:00+00:00,AAPL,2018-08-06,2018-08,1,1,train,0.4970623181489496,0.5206830650349616,0.5413142099946759,0.7125966939289774,outer,0.5258408512748902,0.5258408512748902,0.5258408512748902,0.5147778783134587,0.5841348309782513,0.5679140717768911
AAPL|2018-08-06 14:30:00+00:00,AAPL,2018-08-06,2018-08,1,1,train,0.3851388845997076,0.48042998262764447,0.4281423708901386,0.6195433166911918,outer,0.467358079693268,0.467358079693268,0.467358079693268,0.45660720812066025,0.47599260734040194,0.4783136387021706
AAPL|2018-08-06 15:30:00+00:00,AAPL,2018-08-06,2018-08,1,1,train,0.4584139762340689,0.4683024710111702,0.4618732717052769,0.6402049601624182,outer,0.4666951711846969,0.4666951711846969,0.4666951711846969,0.4658303473168949,0.5064561938195622,0.5071986697782336
AAPL|2018-08-07 13:30:00+00:00,AAPL,2018-08-07,2018-08,0,1,train,0.5582309133884894,0.5314122835025271,0.5804508779268398,0.34764246676956423,outer,0.5436719321086052,0.5436719321086052,0.5436719321086052,0.5381169409740176,0.5222487751375209,0.5044341353968551
AAPL|2018-08-07 14:30:00+00:00,AAPL,2018-08-07,2018-08,0,1,train,0.4447129524107962,0.4896701203155188,0.668806163189103,0.15534735893064883,outer,0.5344541310339149,0.5344541310339149,0.5344541310339149,0.47843082833933814,0.5404414621244894,0.43963414871151674
AAPL|2018-08-07 15:30:00+00:00,AAPL,2018-08-07,2018-08,0,1,train,0.49706854892048885,0.4885380934896737,0.6996911998242421,0.19966453968335676,outer,0.5413263700733157,0.5413263700733157,0.5413263700733157,0.4906707073473775,0.5746845347890208,0.47124059547944036
AAPL|2018-08-08 13:30:00+00:00,AAPL,2018-08-08,2018-08,1,1,train,0.6673677987607123,0.5612195638777742,0.6432567489931759,0.724834973037233,outer,0.5817288601566246,0.5817288601566246,0.5817288601566246,0.5877566225985087,0.6636513050041901,0.6491697711672239
AAPL|2018-08-08 14:30:00+00:00,AAPL,2018-08-08,2018-08,1,1,train,0.5597783113692769,0.5194405801107695,0.5668086682112535,0.6164512752632244,outer,0.5312826021358905,0.5312826021358905,0.5312826021358905,0.5295250129253963,0.5792193199742462,0.5656197087386311
AAPL|2018-08-08 15:30:00+00:00,AAPL,2018-08-08,2018-08,1,1,train,0.46946545067576806,0.4605365190701346,0.3140681129921636,0.44415871037669535,outer,0.42391941755064183,0.42391941755064183,0.42391941755064183,0.462768751971543,0.3465907623382965,0.42205719827869037
AAPL|2018-08-09 13:30:00+00:00,AAPL,2018-08-09,2018-08,1,1,train,0.7092041394807834,0.5943474713340279,0.7683170255502416,0.1890669126969118,outer,0.6378398598880813,0.6378398598880813,0.6378398598880813,0.6230616383707168,0.6235044973369092,0.5652338872654912
AAPL|2018-08-09 14:30:00+00:00,AAPL,2018-08-09,2018-08,1,1,train,0.6071815650859657,0.555077465818427,0.7534139507175179,0.39180433539236775,outer,0.6046615870431997,0.6046615870431997,0.6046615870431997,0.5681034906353116,0.6630115468862303,0.5768693292535696
AAPL|2018-08-09 15:30:00+00:00,AAPL,2018-08-09,2018-08,1,1,train,0.4959712742015142,0.48134087103336387,0.614113847068821,0.24317385769928868,outer,0.5145341150422281,0.5145341150422281,0.5145341150422281,0.48499847182540146,0.5213788497264379,0.45864996250074697
AAPL|2018-08-10 13:30:00+00:00,AAPL,2018-08-10,2018-08,1,1,train,0.7180011145825345,0.6098378990535909,0.8637194974541202,0.973723736612244,outer,0.6733082986537232,0.6733082986537232,0.6733082986537232,0.6368787029358267,0.8912205572436511,0.7913205619256223
AAPL|2018-08-10 14:30:00+00:00,AAPL,2018-08-10,2018-08,0,1,train,0.6173998594998388,0.5663453036445572,0.7782717133837175,0.8333078333222754,outer,0.6193269060793473,0.6193269060793473,0.6193269060793473,0.5791089426083775,0.7920307433683569,0.6988311774625973
AAPL|2018-08-10 15:30:00+00:00,AAPL,2018-08-10,2018-08,0,1,train,0.4393218965256136,0.4600317945383969,0.5043428389283323,0.38610960119151955,outer,0.47110955563588075,0.47110955563588075,0.47110955563588075,0.45485432003520104,0.4747845294941291,0.4474515327959656
AAPL|2018-08-13 13:30:00+00:00,AAPL,2018-08-13,2018-08,1,1,train,0.5982746992825613,0.5536510032278277,0.6600726438552383,0.9591606319079368,outer,0.5802564133846804,0.5802564133846804,0.5802564133846804,0.564806927241511,0.734844640868413,0.692789744568391
AAPL|2018-08-13 14:30:00+00:00,AAPL,2018-08-13,2018-08,0,1,train,0.48556399968445374,0.5127128387690965,0.5373954852948382,0.3892788902879902,outer,0.5188835004005319,0.5188835004005319,0.5188835004005319,0.5059256289979358,0.5003663365431261,0.4812378035090947
AAPL|2018-08-13 15:30:00+00:00,AAPL,2018-08-13,2018-08,0,1,train,0.5398487934881936,0.501987192080543,0.4576576705454481,0.3342936431734642,outer,0.49090481169676925,0.49090481169676925,0.49090481169676925,0.5114525924324557,0.42681666370245214,0.45844682482191224
AAPL|2018-08-14 13:30:00+00:00,AAPL,2018-08-14,2018-08,0,1,train,0.7799269169761432,0.6546308338125926,0.8163357458197836,0.6772748239258068,outer,0.6950570618143903,0.6950570618143903,0.6950570618143903,0.6859548546034803,0.7815705153462894,0.7320420801335816
AAPL|2018-08-14 14:30:00+00:00,AAPL,2018-08-14,2018-08,1,1,train,0.6919387876115253,0.6155945068345712,0.7690756817426125,0.7180859390979227,outer,0.6539648005615815,0.6539648005615815,0.6539648005615815,0.6346805770288098,0.7563282460814401,0.6986737288216579
AAPL|2018-08-14 15:30:00+00:00,AAPL,2018-08-14,2018-08,1,1,train,0.47285546733613437,0.47580786374614037,0.5204965354393105,0.46933884964245426,outer,0.4869800316694329,0.4869800316694329,0.4869800316694329,0.47506976464363887,0.5077071139900965,0.48462467904100986
AAPL|2018-08-15 13:30:00+00:00,AAPL,2018-08-15,2018-08,1,1,train,0.6071182265431169,0.5464350957017121,0.7319515107512734,0.9484681061874114,outer,0.5928141994641024,0.5928141994641024,0.5928141994641024,0.5616058784120633,0.7860806596103079,0.7084932347958784
AAPL|2018-08-15 14:30:00+00:00,AAPL,2018-08-15,2018-08,1,1,train,0.49479350461073074,0.5047868945871936,0.567828359477018,0.8952115954591248,outer,0.5205472608096497,0.5205472608096497,0.5205472608096497,0.5022885470930779,0.6496741684725448,0.6156550885335168
AAPL|2018-08-15 15:30:00+00:00,AAPL,2018-08-15,2018-08,1,1,train,0.47573160068229187,0.4836321280567266,0.5287823747505619,0.7556672792757532,outer,0.4949196897301854,0.4949196897301854,0.4949196897301854,0.4816569962131179,0.5855036008818597,0.5609533456913334
AAPL|2018-08-16 13:30:00+00:00,AAPL,2018-08-16,2018-08,1,1,train,0.6151836771197482,0.5459378711725397,0.47682811547208503,0.757829183975315,outer,0.528660432247426,0.528660432247426,0.528660432247426,0.5632493226593418,0.5470783825978925,0.5989447119349219
AAPL|2018-08-16 14:30:00+00:00,AAPL,2018-08-16,2018-08,1,1,train,0.5032782544161116,0.5059148941505035,0.38336781498101086,0.5737921560126757,outer,0.4752781243581303,0.4752781243581303,0.4752781243581303,0.5052557342169055,0.43097390023892707,0.4915882798900755
AAPL|2018-08-16 15:30:00+00:00,AAPL,2018-08-16,2018-08,1,1,train,0.4099610314844346,0.46769058037215744,0.25892596265948636,0.4520875245012745,outer,0.4154994259439897,0.4154994259439897,0.4154994259439897,0.45325819315022675,0.3072163531199334,0.39716627475433824
AAPL|2018-08-17 13:30:00+00:00,AAPL,2018-08-17,2018-08,1,1,train,0.676342021732994,0.5740718505306845,0.6460797541047385,0.45686902104146826,outer,0.592073826424198,0.592073826424198,0.592073826424198,0.5996393933312619,0.598777070838921,0.5883406618524714
AAPL|2018-08-17 14:30:00+00:00,AAPL,2018-08-17,2018-08,1,1,train,0.5697840210073959,0.5302292851937418,0.5698320738245308,0.3116873309768409,outer,0.540129982351439,0.540129982351439,0.540129982351439,0.5401179691471554,0.5052958881126084,0.49538317775062735
AAPL|2018-08-17 15:30:00+00:00,AAPL,2018-08-17,2018-08,1,1,train,0.5078306517967989,0.48445083427930546,0.4201563651263883,0.0986646292180474,outer,0.46837721699107615,0.46837721699107615,0.46837721699107615,0.49029578865867884,0.3397834311493031,0.377775620105135
AAPL|2018-08-20 13:30:00+00:00,AAPL,2018-08-20,2018-08,0,1,train,0.5313718013319155,0.5525762953278472,0.6559039166206839,0.02334648923174339,outer,0.5784082006510565,0.5784082006510565,0.5784082006510565,0.5472751718288643,0.4977645597734488,0.44079962562804753
AAPL|2018-08-20 14:30:00+00:00,AAPL,2018-08-20,2018-08,0,1,train,0.41814590926958567,0.5108947160291684,0.5134897424085286,0.12492155898995344,outer,0.5115434726240085,0.5115434726240085,0.5115434726240085,0.4877075143392727,0.4163476965538848,0.391862981674309
AAPL|2018-08-20 15:30:00+00:00,AAPL,2018-08-20,2018-08,0,1,train,0.5939214181132535,0.5424838513132462,0.574257820737425,0.5791940755408833,outer,0.5504273436692909,0.5504273436692909,0.5504273436692909,0.555343243013248,0.5754918844382897,0.5724642914262019
AAPL|2018-08-21 13:30:00+00:00,AAPL,2018-08-21,2018-08,1,0,train,0.6647386194334773,0.5603926191121783,0.7241306004315048,0.014245239139011196,outer,0.6647386194334773,0.6647386194334773,0.6647386194334773,0.6647386194334773,0.6647386194334773,0.6647386194334773
AAPL|2018-08-21 14:30:00+00:00,AAPL,2018-08-21,2018-08,1,1,train,0.5568634015747254,0.5262116933425238,0.6363401227565135,0.46988143913445335,outer,0.5537438006960212,0.5537438006960212,0.5537438006960212,0.5338746204005742,0.5947254518509985,0.547324164202054
AAPL|2018-08-21 15:30:00+00:00,AAPL,2018-08-21,2018-08,0,1,train,0.4002424964348241,0.4579157482332066,0.6011001430085519,0.35358456142793177,outer,0.4937118469270429,0.4937118469270429,0.4937118469270429,0.44349743528361096,0.5392212476133968,0.4532107372761286
AAPL|2018-08-22 13:30:00+00:00,AAPL,2018-08-22,2018-08,1,1,train,0.5462901426221533,0.5293337728293935,0.5807334796087458,0.6496440419886692,outer,0.5421836995242315,0.5421836995242315,0.5421836995242315,0.5335728652775835,0.5979611202037266,0.5765003592622404
AAPL|2018-08-22 14:30:00+00:00,AAPL,2018-08-22,2018-08,1,1,train,0.4328213629778686,0.48748257815257506,0.5483434574355113,0.6407265826391374,outer,0.5026977979733092,0.5026977979733092,0.5026977979733092,0.4738172743588984,0.5714392387364178,0.5273434953012731
AAPL|2018-08-22 15:30:00+00:00,AAPL,2018-08-22,2018-08,0,1,train,0.44736462164770785,0.47214910562871854,0.43496346525759383,0.7095294972927474,outer,0.46285269553593733,0.46285269553593733,0.46285269553593733,0.46595298463346585,0.5036049732663822,0.5160016724566919
AAPL|2018-08-23 13:30:00+00:00,AAPL,2018-08-23,2018-08,1,1,train,0.702893337138006,0.5868125468707539,0.8187628640542373,0.4487124743602922,outer,0.6448001261666247,0.6448001261666247,0.6448001261666247,0.6158327444375669,0.726250266630751,0.6392953056058224
AAPL|2018-08-23 14:30:00+00:00,AAPL,2018-08-23,2018-08,0,1,train,0.5999057472845548,0.5452314060595724,0.6890433188247979,0.3101357298261127,outer,0.5811843842508788,0.5811843842508788,0.5811843842508788,0.558899991365818,0.5943164215751265,0.5360790504987595
AAPL|2018-08-23 15:30:00+00:00,AAPL,2018-08-23,2018-08,1,1,train,0.5481616672094665,0.5159705473465156,0.5668084876072691,0.26105975883071125,outer,0.528680032411704,0.528680032411704,0.528680032411704,0.5240183273122533,0.4903713054131296,0.47300011524849067
AAPL|2018-08-24 13:30:00+00:00,AAPL,2018-08-24,2018-08,0,1,train,0.7048327877795778,0.6070170817087104,0.8462777712770072,0.5808729627188626,outer,0.6668322541007846,0.6668322541007846,0.6668322541007846,0.6314710082264272,0.779926569137471,0.6847501508710395
AAPL|2018-08-24 14:30:00+00:00,AAPL,2018-08-24,2018-08,1,1,train,0.6021369438271864,0.5704698616031498,0.7551741250202828,0.7107730228100543,outer,0.6166459274574331,0.6166459274574331,0.6166459274574331,0.578386632159159,0.7440738494677257,0.6596384883151684
AAPL|2018-08-24 15:30:00+00:00,AAPL,2018-08-24,2018-08,1,1,train,0.45223850169369356,0.4722579614021768,0.6054453920400827,0.5548896474110729,outer,0.5055548190616532,0.5055548190616532,0.5055548190616532,0.467253096475056,0.5928064558828303,0.5212078756367565
AAPL|2018-08-27 13:30:00+00:00,AAPL,2018-08-27,2018-08,1,1,train,0.5684064946650748,0.5374969480619991,0.6163907747093906,0.936715548141285,outer,0.5572204047238469,0.5572204047238469,0.5572204047238469,0.545224334712768,0.6964719680673642,0.6647524413944373
AAPL|2018-08-27 14:30:00+00:00,AAPL,2018-08-27,2018-08,1,1,train,0.4549502740448496,0.49706039241053784,0.47075428413471226,0.7818010962721059,outer,0.49048386534158145,0.49048386534158145,0.49048386534158145,0.4865328628191158,0.5485159871690607,0.5511415117155514
AAPL|2018-08-27 15:30:00+00:00,AAPL,2018-08-27,2018-08,1,1,train,0.45869589758634394,0.4694748978064609,0.3478186375430961,0.8862518417643724,outer,0.4390608327406197,0.4390608327406197,0.4390608327406197,0.4667801477514317,0.48242693859841523,0.5405603186750684
AAPL|2018-08-28 13:30:00+00:00,AAPL,2018-08-28,2018-08,1,1,train,0.60817100167712,0.5464699537052405,0.6858115574682815,0.5754045859828305,outer,0.5813053546460007,0.5813053546460007,0.5813053546460007,0.5618952156982104,0.6582098145969187,0.6039642747083681
AAPL|2018-08-28 14:30:00+00:00,AAPL,2018-08-28,2018-08,1,1,train,0.49589735125734624,0.5059422505906221,0.612996298943725,0.6652944510060372,outer,0.5327057626788978,0.5327057626788978,0.5327057626788978,0.5034310257573031,0.6260708369593031,0.5700325879494326
AAPL|2018-08-28 15:30:00+00:00,AAPL,2018-08-28,2018-08,1,1,train,0.49810447347851683,0.48814045091075575,0.5862398470232986,0.47051725242603826,outer,0.5126652999388914,0.5126652999388914,0.5126652999388914,0.490631456552696,0.5573091983739835,0.5107505059596523
AAPL|2018-08-29 13:30:00+00:00,AAPL,2018-08-29,2018-08,1,1,train,0.6398314416313297,0.557244250320002,0.701956700073636,0.5645479526248106,outer,0.5934223627584105,0.5934223627584105,0.5934223627584105,0.5778910481478339,0.6676045132114297,0.6158950861624446
AAPL|2018-08-29 14:30:00+00:00,AAPL,2018-08-29,2018-08,1,1,train,0.5296130737506458,0.511567049391055,0.6308692317022283,0.3997720239014368,outer,0.5413925949688483,0.5413925949688483,0.5413925949688483,0.5160785554809527,0.5730949297520305,0.5179553446863415
AAPL|2018-08-29 15:30:00+00:00,AAPL,2018-08-29,2018-08,1,1,train,0.4053248245160637,0.4501394179622814,0.47445148452826813,0.4629960223122395,outer,0.4562174346037781,0.4562174346037781,0.4562174346037781,0.438935769600727,0.471587618974261,0.4482279373297132
AAPL|2018-08-30 13:30:00+00:00,AAPL,2018-08-30,2018-08,1,1,train,0.6699016775326254,0.567050312269915,0.6333115752152833,0.6828095118790963,outer,0.5836156280062571,0.5836156280062571,0.5836156280062571,0.5927631535855926,0.6456860593812365,0.63826826922423
AAPL|2018-08-30 14:30:00+00:00,AAPL,2018-08-30,2018-08,1,1,train,0.5625946020251731,0.5260173822081514,0.5562026589237365,0.69023877612453,outer,0.5335637013870478,0.5335637013870478,0.5335637013870478,0.5351616871624069,0.5897116882239349,0.5837633548203978
AAPL|2018-08-30 15:30:00+00:00,AAPL,2018-08-30,2018-08,1,1,train,0.5533177690508514,0.5137134954095356,0.6185323600869929,0.6534861378538298,outer,0.5399182115788999,0.5399182115788999,0.5399182115788999,0.5236145638198646,0.6272708045287021,0.5847624406003024
AAPL|2018-08-31 13:30:00+00:00,AAPL,2018-08-31,2018-08,1,1,train,0.6214839685707421,0.5656822591464185,0.6349987633199129,0.5700401199282715,outer,0.5830113851897921,0.5830113851897921,0.5830113851897921,0.5796326865024993,0.6187591024720025,0.5980512777413363
AAPL|2018-08-31 14:30:00+00:00,AAPL,2018-08-31,2018-08,0,1,train,0.50995122230197,0.5217715762582084,0.7202739759126903,0.5234640785082086,outer,0.5713971761718288,0.5713971761718288,0.5713971761718288,0.5188164877691488,0.6710715015615698,0.5688652132452693
AAPL|2018-08-31 15:30:00+00:00,AAPL,2018-08-31,2018-08,0,1,train,0.3051995941284801,0.4437080303747498,0.4646768293273397,0.31506260620706,outer,0.4489502301128973,0.4489502301128973,0.4489502301128973,0.4090809213131824,0.4272732735472698,0.3821617650094074
AAPL|2018-09-04 13:30:00+00:00,AAPL,2018-09-04,2018-09,0,1,validation,0.5369162166731498,0.5648835847764986,0.5755377379934393,0.6146106911081171,frozen,0.5756505959420364,0.5756505959420364,0.5675471230807337,0.5633316773077288,0.5756505959420364,0.5729870576378011
AAPL|2018-09-04 14:30:00+00:00,AAPL,2018-09-04,2018-09,1,1,validation,0.41979387413117647,0.4694753371448238,0.5323319690733437,0.6864285687454439,frozen,0.5427215952558269,0.5427215952558269,0.4851894951269538,0.49887291353815516,0.5427215952558269,0.527007437273697
AAPL|2018-09-04 15:30:00+00:00,AAPL,2018-09-04,2018-09,0,1,validation,0.4854160093163189,0.49739936136371515,0.47343398400252257,0.6189650118062879,frozen,0.512812247281913,0.512812247281913,0.491408017023417,0.5217990979506602,0.512812247281913,0.5188035916222111
AAPL|2018-09-05 13:30:00+00:00,AAPL,2018-09-05,2018-09,0,1,validation,0.6422812653163724,0.6666271999872713,0.569648060011646,0.5004180674890006,frozen,0.5704988632071664,0.5704988632071664,0.642382414993365,0.6129019495272542,0.5704988632071664,0.5947436482010726
AAPL|2018-09-05 14:30:00+00:00,AAPL,2018-09-05,2018-09,1,1,validation,0.5284008000375311,0.5820853904871833,0.5163782332274662,0.4234024621739375,frozen,0.49613993216660024,0.49613993216660024,0.5656586011722541,0.5155723631840458,0.49613993216660024,0.5125667214815296
AAPL|2018-09-05 15:30:00+00:00,AAPL,2018-09-05,2018-09,1,1,validation,0.5154972326797032,0.5501265364064513,0.5067002690388968,0.6739270813113315,frozen,0.550706213017207,0.550706213017207,0.5392699695645626,0.5637620207692973,0.550706213017207,0.5615627798590956
AAPL|2018-09-06 13:30:00+00:00,AAPL,2018-09-06,2018-09,0,1,validation,0.5089892031893769,0.514699990753677,0.5666974286569904,0.481343368461577,frozen,0.5309318572412337,0.5309318572412337,0.5276993502295053,0.503505441398502,0.5309318572412337,0.5179324977654053
AAPL|2018-09-06 14:30:00+00:00,AAPL,2018-09-06,2018-09,0,1,validation,0.3927915702499259,0.4203029868839917,0.5350240613333906,0.35179503596168193,frozen,0.45365868221959726,0.45365868221959726,0.44898325549634144,0.38942029083638136,0.45365868221959726,0.4249784136072476
AAPL|2018-09-06 15:30:00+00:00,AAPL,2018-09-06,2018-09,1,1,validation,0.45111437694688433,0.4413099206630378,0.5462227198297296,0.439258291816038,frozen,0.49570452710559537,0.49570452710559537,0.46753812045471077,0.4456992415932111,0.49570452710559537,0.4694763273139224
AAPL|2018-09-07 13:30:00+00:00,AAPL,2018-09-07,2018-09,1,1,validation,0.7624484229778898,0.7477492315127511,0.6189398487718715,0.7434409065638349,frozen,0.6859422567713669,0.6859422567713669,0.7155468858275312,0.7540217460080914,0.6859422567713669,0.7181446024565868
AAPL|2018-09-07 14:30:00+00:00,AAPL,2018-09-07,2018-09,0,1,validation,0.6669886413759114,0.67245312345157,0.6148384734641394,0.7206185814447508,frozen,0.6543210424372352,0.6543210424372352,0.6580494609547125,0.6817622469120359,0.6543210424372352,0.668724704934093
AAPL|2018-09-07 15:30:00+00:00,AAPL,2018-09-07,2018-09,0,1,validation,0.5221420515233102,0.5221859044673804,0.5624476550242902,0.6524102889738481,frozen,0.5748619126364347,0.5748619126364347,0.5322513421066078,0.5547200741219622,0.5748619126364347,0.5647964749972072
AAPL|2018-09-10 13:30:00+00:00,AAPL,2018-09-10,2018-09,0,1,validation,0.5750170250731818,0.586899619969962,0.6399215494588759,0.806531507049481,frozen,0.6653479077601037,0.6653479077601037,0.6001551023421905,0.6358662942914517,0.6653479077601037,0.6520924253878752
AAPL|2018-09-10 14:30:00+00:00,AAPL,2018-09-10,2018-09,1,1,validation,0.4577998482583705,0.4836822978167859,0.5813663174179565,0.7198904641962003,frozen,0.5851057368226209,0.5851057368226209,0.5081033027170786,0.5297931146324317,0.5851057368226209,0.5606847319223283
AAPL|2018-09-10 15:30:00+00:00,AAPL,2018-09-10,2018-09,0,1,validation,0.5811155763232542,0.5649513269241887,0.5619667344941784,0.7910520326377493,frozen,0.62402526948734,0.62402526948734,0.5642051788166861,0.6295586280521115,0.62402526948734,0.6247714175948427
AAPL|2018-09-11 13:30:00+00:00,AAPL,2018-09-11,2018-09,1,1,validation,0.6138996376762585,0.6450215328678023,0.598490871884391,0.6450764532763504,frozen,0.6139894586803478,0.6139894586803478,0.6333888676219495,0.6294743153741675,0.6139894586803478,0.6256221239262005
AAPL|2018-09-11 14:30:00+00:00,AAPL,2018-09-11,2018-09,1,1,validation,0.49804511886632835,0.6032516566993341,0.5187549037517475,0.6009812981455099,frozen,0.5341340561288334,0.5341340561288334,0.5821274684624375,0.5500807981443752,0.5341340561288334,0.55525824436573
AAPL|2018-09-11 15:30:00+00:00,AAPL,2018-09-11,2018-09,1,1,validation,0.6645465575129227,0.6966137682282157,0.5603604868356021,0.7790060614917944,frozen,0.6410683981689804,0.6410683981689804,0.6625504478800623,0.7011782361864638,0.6410683981689804,0.6751317185171337
AAPL|2018-09-12 13:30:00+00:00,AAPL,2018-09-12,2018-09,0,1,validation,0.6168536759430118,0.6376633867357753,0.4959568979101342,0.616969373582677,frozen,0.5564342113364893,0.5564342113364893,0.602236764529365,0.622085028051119,0.5564342113364893,0.5918608335428995
AAPL|2018-09-12 14:30:00+00:00,AAPL,2018-09-12,2018-09,1,1,validation,0.5011652972472564,0.5396513786181715,0.47002216543842207,0.39233702087383454,frozen,0.45838666224948377,0.45838666224948377,0.5222440753232341,0.48357974849662977,0.45838666224948377,0.47579396554442116
AAPL|2018-09-12 15:30:00+00:00,AAPL,2018-09-12,2018-09,0,1,validation,0.5360944822709199,0.5641810437948064,0.4240854769735552,0.3869780771041926,frozen,0.4428108783305557,0.4428108783305557,0.5291571520894935,0.5058370213602097,0.4428108783305557,0.47783477003586855
AAPL|2018-09-13 13:30:00+00:00,AAPL,2018-09-13,2018-09,1,1,validation,0.6462621770871598,0.6451563019160563,0.4238255438580702,0.7711509698475354,frozen,0.5662660586627088,0.5662660586627088,0.5898236124015598,0.6772079064844778,0.5662660586627088,0.6215987481772054
AAPL|2018-09-13 14:30:00+00:00,AAPL,2018-09-13,2018-09,1,1,validation,0.532727033204037,0.5807398988189529,0.369789137406743,0.6085352130598737,frozen,0.4702101302693492,0.4702101302693492,0.5280022084659004,0.5636822945717251,0.4702101302693492,0.5229478206224016
AAPL|2018-09-13 15:30:00+00:00,AAPL,2018-09-13,2018-09,0,1,validation,0.3343741647482934,0.39481009185846283,0.2872394848406578,0.39424887942045306,frozen,0.3257755034625155,0.3257755034625155,0.3679174401040116,0.36445182519387564,0.3257755034625155,0.35266815521696676
AAPL|2018-09-14 13:30:00+00:00,AAPL,2018-09-14,2018-09,0,1,validation,0.6183563308369113,0.6288734844564463,0.5468700162544986,0.666124018229522,frozen,0.5945550953938576,0.5945550953938576,0.6083726174059594,0.6329275410899478,0.5945550953938576,0.6150559624443446
AAPL|2018-09-14 14:30:00+00:00,AAPL,2018-09-14,2018-09,0,1,validation,0.502755928953117,0.5281140692081117,0.4916372972742488,0.5447316979600075,frozen,0.5076905553654055,0.5076905553654055,0.5189948762246459,0.5195894062685883,0.5076905553654055,0.5168097483488713
AAPL|2018-09-14 15:30:00+00:00,AAPL,2018-09-14,2018-09,0,1,validation,0.5031814332968589,0.5056546039524408,0.5190312202195497,0.5187545191015235,frozen,0.5149995982093705,0.5149995982093705,0.508998758019218,0.5076929974119205,0.5149995982093705,0.5116554441425932
AAPL|2018-09-17 13:30:00+00:00,AAPL,2018-09-17,2018-09,0,1,validation,0.602169608009018,0.6250707118472236,0.5741075457996383,0.5418026644389092,frozen,0.5730468410118009,0.5730468410118009,0.6123299203353273,0.5928031480760422,0.5730468410118009,0.5857876325236973
AAPL|2018-09-17 14:30:00+00:00,AAPL,2018-09-17,2018-09,0,1,validation,0.4857437905945687,0.5659439386469851,0.4947803185827331,0.4748974183433136,frozen,0.48755046152583714,0.48755046152583714,0.5481530336309222,0.503082234544859,0.48755046152583714,0.5053413665419001
AAPL|2018-09-17 15:30:00+00:00,AAPL,2018-09-17,2018-09,0,1,validation,0.5306072971187504,0.5705321280853803,0.46805384633613956,0.3705418682044977,frozen,0.4593142144988818,0.4593142144988818,0.5449125576480701,0.5005721476318448,0.4593142144988818,0.48493378493619205
AAPL|2018-09-18 13:30:00+00:00,AAPL,2018-09-18,2018-09,1,1,validation,0.763780040043132,0.7322765944054018,0.5908545809010142,0.7799745369818212,frozen,0.6813659347067453,0.6813659347067453,0.6969210910293049,0.7599528028683717,0.6813659347067453,0.7167214380828424
AAPL|2018-09-18 14:30:00+00:00,AAPL,2018-09-18,2018-09,0,1,validation,0.6686227967874222,0.6532075262337455,0.5223932042998839,0.7866508822933818,frozen,0.6250150219201429,0.6250150219201429,0.62050394575028,0.6942760005254929,0.6250150219201429,0.6577186024036084
AAPL|2018-09-18 15:30:00+00:00,AAPL,2018-09-18,2018-09,0,1,validation,0.5386111788762431,0.5365811007684487,0.41216865714746215,0.5783350358368907,frozen,0.48532088225201453,0.48532088225201453,0.505477989863202,0.5480346235894564,0.48532088225201453,0.5164239931572612
AAPL|2018-09-19 13:30:00+00:00,AAPL,2018-09-19,2018-09,0,1,validation,0.7772122432766744,0.7656778999620065,0.6112781705350524,0.7991476953961677,frozen,0.6997290699357367,0.6997290699357367,0.727077967605268,0.7798125204778807,0.6997290699357367,0.7383290022924752
AAPL|2018-09-19 14:30:00+00:00,AAPL,2018-09-19,2018-09,1,1,validation,0.6852360176967275,0.6939268761428915,0.5975914550816769,0.7699357355959501,frozen,0.6625886658640079,0.6625886658640079,0.6698430208775878,0.7085836617830742,0.6625886658640079,0.6866725211293115
AAPL|2018-09-19 15:30:00+00:00,AAPL,2018-09-19,2018-09,1,1,validation,0.4912787793728439,0.5177354722209248,0.5303091818308997,0.7237766304959631,frozen,0.5689184433826516,0.5689184433826516,0.5208788996234185,0.5560174153656439,0.5689184433826516,0.5657750159801578
AAPL|2018-09-20 13:30:00+00:00,AAPL,2018-09-20,2018-09,1,1,validation,0.6748454056861136,0.6623791095953268,0.5691187186282938,0.5294380591236487,frozen,0.5856302255165875,0.5856302255165875,0.6390640118535685,0.6353769950228008,0.5856302255165875,0.6089453232583457
AAPL|2018-09-20 14:30:00+00:00,AAPL,2018-09-20,2018-09,0,1,validation,0.564299291712816,0.5642205265414122,0.5538609635259025,0.5734098434903115,frozen,0.5613577655637332,0.5613577655637332,0.5616306357875348,0.5665572383643389,0.5613577655637332,0.5639476563176106
AAPL|2018-09-20 15:30:00+00:00,AAPL,2018-09-20,2018-09,0,1,validation,0.6436638330431035,0.6181909628513144,0.5364407020751377,0.6417601992814085,frozen,0.5895763591186969,0.5895763591186969,0.5977533976572702,0.6368197070547325,0.5895763591186969,0.610013924312741
AAPL|2018-09-21 13:30:00+00:00,AAPL,2018-09-21,2018-09,0,1,validation,0.7293593202348257,0.6945220874291683,0.6193153092361893,0.5635613896277445,frozen,0.6328878320837372,0.6328878320837372,0.6757203928809236,0.679200529381641,0.6328878320837372,0.651689526631982
AAPL|2018-09-21 14:30:00+00:00,AAPL,2018-09-21,2018-09,1,0,validation,0.6271058596425955,0.617291643332223,0.5908070931035262,0.23567377872535175,frozen,0.6271058596425955,0.6271058596425955,0.6271058596425955,0.6271058596425955,0.6271058596425955,0.6271058596425955
AAPL|2018-09-21 15:30:00+00:00,AAPL,2018-09-21,2018-09,0,1,validation,0.5143253451377802,0.5461307306191462,0.5066562226893038,0.9196724844171935,frozen,0.6118275687333954,0.6118275687333954,0.5362621036366856,0.623613476327975,0.6118275687333954,0.621696195715856
AAPL|2018-09-24 13:30:00+00:00,AAPL,2018-09-24,2018-09,1,1,validation,0.5137015541172678,0.5446893565753269,0.586364428788082,0.8815758522899624,frozen,0.6420015659958486,0.6420015659958486,0.5551081246285157,0.6134170792749563,0.6420015659958486,0.6315827979426598
AAPL|2018-09-24 14:30:00+00:00,AAPL,2018-09-24,2018-09,1,1,validation,0.3972986011059403,0.47257704243596077,0.5436572169554805,0.643764077968531,frozen,0.532094278246358,0.532094278246358,0.4903470860658407,0.4777345806540931,0.532094278246358,0.5143242346164781
AAPL|2018-09-24 15:30:00+00:00,AAPL,2018-09-24,2018-09,1,1,validation,0.5295964796574516,0.5737610738886317,0.5355322661563305,0.7442176420478369,frozen,0.5862196635044874,0.5862196635044874,0.5642038719555564,0.594292918812843,0.5862196635044874,0.5957768654375627
AAPL|2018-09-25 13:30:00+00:00,AAPL,2018-09-25,2018-09,1,1,validation,0.6970968111303226,0.7059308743085243,0.5798913219112295,0.7398492447276228,frozen,0.6491821749201011,0.6491821749201011,0.6744209862092007,0.7099934353241981,0.6491821749201011,0.6806920630194249
AAPL|2018-09-25 14:30:00+00:00,AAPL,2018-09-25,2018-09,1,1,validation,0.5895141757384265,0.6054670735274074,0.5291685044184685,0.6553433813238205,frozen,0.575798641474796,0.575798641474796,0.5863924312501727,0.6099597015820202,0.575798641474796,0.5948732837520307
AAPL|2018-09-25 15:30:00+00:00,AAPL,2018-09-25,2018-09,1,1,validation,0.5669436106617295,0.5769419780993184,0.5361139914702623,0.6883155045975735,frozen,0.5818717745499569,0.5818717745499569,0.5667349814420544,0.5997861760050878,0.5818717745499569,0.5920787712072209
AAPL|2018-09-26 13:30:00+00:00,AAPL,2018-09-26,2018-09,1,1,validation,0.644081772486978,0.6749333433699016,0.5360715647442796,0.7919380286220599,frozen,0.6270407326493993,0.6270407326493993,0.6402178987134961,0.6887587292414794,0.6270407326493993,0.6617561773058047
AAPL|2018-09-26 14:30:00+00:00,AAPL,2018-09-26,2018-09,1,1,validation,0.5303553743840974,0.5382971017806135,0.5300023527893568,0.5823666172005666,frozen,0.5431816742908444,0.5431816742908444,0.5362234145327993,0.5453436169373438,0.5431816742908444,0.5452553615386586
AAPL|2018-09-26 15:30:00+00:00,AAPL,2018-09-26,2018-09,0,1,validation,0.5642886992434005,0.5344160202386264,0.5820534618650633,0.5656571996675221,frozen,0.5735132056602623,0.5735132056602623,0.5463253806452356,0.5571626545982373,0.5735132056602623,0.5616038452536531
AAPL|2018-09-27 13:30:00+00:00,AAPL,2018-09-27,2018-09,1,1,validation,0.7535578551116656,0.7242381259021443,0.6665783911031586,0.8995148666947661,frozen,0.7465573760031873,0.7465573760031873,0.7098231922023979,0.7827171757050604,0.7465573760031873,0.7609723097029336
AAPL|2018-09-27 14:30:00+00:00,AAPL,2018-09-27,2018-09,1,1,validation,0.6561366773754449,0.6315111709383453,0.6116248898645411,0.7642903962750994,frozen,0.6609192133449067,0.6609192133449067,0.6265396006698942,0.6770187304910836,0.6609192133449067,0.6658907836133576
AAPL|2018-09-27 15:30:00+00:00,AAPL,2018-09-27,2018-09,0,1,validation,0.5650661335520117,0.5362061446077486,0.5006379931663064,0.4347366114428588,frozen,0.5002696828318709,0.5002696828318709,0.5273141067473881,0.5252687557886577,0.5002696828318709,0.5091617206922314
AAPL|2018-09-28 13:30:00+00:00,AAPL,2018-09-28,2018-09,1,1,validation,0.705750140429101,0.6916333593645972,0.6052382171912768,0.8709157174800323,frozen,0.6967855730729218,0.6967855730729218,0.6700345738212672,0.7435123394257079,0.6967855730729218,0.7183843586162518
AAPL|2018-09-28 14:30:00+00:00,AAPL,2018-09-28,2018-09,0,1,validation,0.5994750553791177,0.5944567870742425,0.5917361394596148,0.6977723796015043,frozen,0.620179928474963,0.620179928474963,0.5937766251705856,0.6227948193584956,0.620179928474963,0.6208600903786199
AAPL|2018-09-28 15:30:00+00:00,AAPL,2018-09-28,2018-09,0,1,validation,0.4056489923433992,0.4294870523997914,0.46987199755327685,0.41012499060928054,frozen,0.43887949451480834,0.43887949451480834,0.43958328868816277,0.4127275069239676,0.43887949451480834,0.428783258226437
AAPL|2018-10-01 13:30:00+00:00,AAPL,2018-10-01,2018-10,0,1,validation,0.6315218496636708,0.606442042945006,0.5937115076682647,0.26700935757187605,frozen,0.5214885556430191,0.5214885556430191,0.6032594091258207,0.5341237749610559,0.5214885556430191,0.5246711894622044
AAPL|2018-10-01 14:30:00+00:00,AAPL,2018-10-01,2018-10,0,1,validation,0.5167930422855479,0.5708508111501758,0.550803273938872,0.4515517367472559,frozen,0.5174878317276369,0.5174878317276369,0.5658389268473498,0.5139971581171319,0.5174878317276369,0.522499716030463
AAPL|2018-10-01 15:30:00+00:00,AAPL,2018-10-01,2018-10,0,1,validation,0.5359960469104644,0.5755287274581448,0.512215355474779,0.6035745967856626,frozen,0.5410003386614213,0.5410003386614213,0.5597003844623034,0.5627738545161841,0.5410003386614213,0.5568286816572627
AAPL|2018-10-02 13:30:00+00:00,AAPL,2018-10-02,2018-10,1,1,validation,0.6910317510824351,0.6814053785236048,0.5777841527544144,0.5450652159733583,frozen,0.5979163181411555,0.5979163181411555,0.6555000720813072,0.6521335241654583,0.5979163181411555,0.6238216245834531
AAPL|2018-10-02 14:30:00+00:00,AAPL,2018-10-02,2018-10,1,1,validation,0.5825848558330512,0.5780397772307945,0.575742078295731,0.3263018071378169,frozen,0.5150927048905826,0.5150927048905826,0.5774653524970286,0.5173778240086785,0.5150927048905826,0.5156671296243484
AAPL|2018-10-02 15:30:00+00:00,AAPL,2018-10-02,2018-10,0,1,validation,0.4838123548269719,0.48993919660098206,0.43050484831574604,0.48869244671245954,frozen,0.4583786245427309,0.4583786245427309,0.47508060952967307,0.4865640882418463,0.4583786245427309,0.4732372116140399
AAPL|2018-10-03 13:30:00+00:00,AAPL,2018-10-03,2018-10,1,1,validation,0.7296438620883844,0.7144239608453385,0.6202952040912335,0.9573205515251888,frozen,0.7318887054490101,0.7318887054490101,0.6908917716568124,0.7827580591368241,0.7318887054490101,0.7554208946375364
AAPL|2018-10-03 14:30:00+00:00,AAPL,2018-10-03,2018-10,0,1,validation,0.6274429931974514,0.627625858053895,0.6235313724784888,0.8012673518701439,frozen,0.6689432725061433,0.6689432725061433,0.6266022366600434,0.6709447990797355,0.6689432725061433,0.6699668938999948
AAPL|2018-10-03 15:30:00+00:00,AAPL,2018-10-03,2018-10,0,1,validation,0.5012873542817619,0.5142335365661925,0.5272106167528062,0.6064072202807618,frozen,0.540528952017034,0.540528952017034,0.5174778066128459,0.5308038663526196,0.540528952017034,0.5372846819703807
AAPL|2018-10-04 13:30:00+00:00,AAPL,2018-10-04,2018-10,0,1,validation,0.7029266526754948,0.7045255966259323,0.5934505848110769,0.649137601908089,frozen,0.6347413560514343,0.6347413560514343,0.6767568436722184,0.6898791259712527,0.6347413560514343,0.6625101090051484
AAPL|2018-10-04 14:30:00+00:00,AAPL,2018-10-04,2018-10,0,1,validation,0.5962152454409843,0.6111471431911316,0.5449134074000876,0.609531443802513,frozen,0.5738933760109182,0.5738933760109182,0.5945887092433706,0.6032772694689033,0.5738933760109182,0.5904518099586791
AAPL|2018-10-04 15:30:00+00:00,AAPL,2018-10-04,2018-10,0,1,validation,0.5593306604935406,0.5879070625524482,0.4920015017296551,0.6819854456044412,frozen,0.556329777389323,0.556329777389323,0.56393067234675,0.5971384572859926,0.556329777389323,0.5803061675950213
AAPL|2018-10-05 13:30:00+00:00,AAPL,2018-10-05,2018-10,0,1,validation,0.6558218731243319,0.656800074825943,0.6467351190437604,0.8814956321804585,frozen,0.7076969358480778,0.7076969358480778,0.6542838358803974,0.7124848633137664,0.7076969358480778,0.7102131747936234
AAPL|2018-10-05 14:30:00+00:00,AAPL,2018-10-05,2018-10,0,1,validation,0.5431861750290269,0.5620390878662055,0.6360977220513107,0.8337261222373928,frozen,0.6622769353422602,0.6622769353422602,0.5805537464124818,0.620534390040413,0.6622769353422602,0.643762276795984
AAPL|2018-10-05 15:30:00+00:00,AAPL,2018-10-05,2018-10,1,1,validation,0.5404553221695176,0.5437784794305254,0.6105214640853821,0.7816495319401338,frozen,0.635786945570104,0.635786945570104,0.5604642255942396,0.6015846639274236,0.635786945570104,0.6191011994063897
AAPL|2018-10-08 13:30:00+00:00,AAPL,2018-10-08,2018-10,0,1,validation,0.6601261235071376,0.6606820780569512,0.5603430256536804,0.7840668583172508,frozen,0.6412197582829373,0.6412197582829373,0.6355973149561336,0.6912502958471193,0.6412197582829373,0.6663045213837551
AAPL|2018-10-08 14:30:00+00:00,AAPL,2018-10-08,2018-10,0,1,validation,0.5479280501578894,0.5591751523451101,0.5165079295002627,0.5963940189539961,frozen,0.5443344820281028,0.5443344820281028,0.5485083466338982,0.5628563179037213,0.5443344820281028,0.5550012877393146
AAPL|2018-10-08 15:30:00+00:00,AAPL,2018-10-08,2018-10,1,1,validation,0.44716804271466615,0.4900332036920609,0.41757033329426463,0.4272828689025811,frozen,0.4273978945514441,0.4273978945514441,0.4719174860926118,0.4529130395059936,0.4273978945514441,0.4455136121508932
AAPL|2018-10-09 13:30:00+00:00,AAPL,2018-10-09,2018-10,1,1,validation,0.7278720491666908,0.7268487930805362,0.5990203694667263,0.8822787975263753,frozen,0.7020478964066297,0.7020478964066297,0.6948916871770837,0.7662179222350733,0.7020478964066297,0.7340050023100821
AAPL|2018-10-09 14:30:00+00:00,AAPL,2018-10-09,2018-10,0,1,validation,0.6253453132657132,0.6551279639642505,0.5705056048506016,0.6354956859577287,frozen,0.6004630522311613,0.6004630522311613,0.6339723741858383,0.6353285691133513,0.6004630522311613,0.6216186420095735
AAPL|2018-10-09 15:30:00+00:00,AAPL,2018-10-09,2018-10,1,1,validation,0.6282330678811077,0.6426574840980255,0.515439411206271,0.5412860513023654,frozen,0.5500994853990038,0.5500994853990038,0.6108529658750869,0.6101024177906516,0.5500994853990038,0.5819040036219424
AAPL|2018-10-10 13:30:00+00:00,AAPL,2018-10-10,2018-10,0,1,validation,0.7904904778860506,0.7804778515590037,0.6304076408380717,0.8883826976203026,frozen,0.7349221142956242,0.7349221142956242,0.7429602988787707,0.8124603762378519,0.7349221142956242,0.7724396669758573
AAPL|2018-10-10 14:30:00+00:00,AAPL,2018-10-10,2018-10,0,1,validation,0.7018934711494236,0.6950574048883102,0.592140826852736,0.7868801087832737,frozen,0.6682638084095422,0.6682638084095422,0.6693282603794166,0.7214311139926077,0.6682638084095422,0.6939929529184359
AAPL|2018-10-10 15:30:00+00:00,AAPL,2018-10-10,2018-10,0,1,validation,0.5878083191770274,0.5758564650700134,0.5403975815446095,0.7795262779706652,frozen,0.6120324400592279,0.6120324400592279,0.5669917441886624,0.6327498453486834,0.6120324400592279,0.6208971609405789
AAPL|2018-10-11 13:30:00+00:00,AAPL,2018-10-11,2018-10,1,1,validation,0.6958023365198885,0.6844290701191766,0.6071042745162821,0.908406422474053,frozen,0.7046043270066265,0.7046043270066265,0.665097871218453,0.7461100414082517,0.7046043270066265,0.7239355259073501
AAPL|2018-10-11 14:30:00+00:00,AAPL,2018-10-11,2018-10,0,1,validation,0.5880316485282129,0.5748342956054996,0.5589668131573107,0.7762559670127738,frozen,0.620555310463902,0.620555310463902,0.5708674249934523,0.6317883899186748,0.620555310463902,0.6245221810759493
AAPL|2018-10-11 15:30:00+00:00,AAPL,2018-10-11,2018-10,1,1,validation,0.5311093101295978,0.4977950165323469,0.4770213298309279,0.7534593495550829,frozen,0.5596528298366341,0.5596528298366341,0.4926015948569921,0.5783682465866564,0.5596528298366341,0.5648462515119889
AAPL|2018-10-12 13:30:00+00:00,AAPL,2018-10-12,2018-10,0,1,validation,0.7210271017042243,0.6933869123562694,0.5365089324702034,0.7620147746521889,frozen,0.639014935324205,0.639014935324205,0.6541674173847528,0.7243639726042267,0.639014935324205,0.6782344302957215
AAPL|2018-10-12 14:30:00+00:00,AAPL,2018-10-12,2018-10,0,1,validation,0.617277478769618,0.6587995648386493,0.4616757895780512,0.739487388154284,frozen,0.5700291115200011,0.5700291115200011,0.6095186210234997,0.6582104776330424,0.5700291115200011,0.6193100553351507
AAPL|2018-10-12 15:30:00+00:00,AAPL,2018-10-12,2018-10,1,1,validation,0.6266906810504147,0.663072056267697,0.4354383058670217,0.6492573009802581,frozen,0.536706148441179,0.536706148441179,0.6061636186675282,0.6414276798371962,0.536706148441179,0.5936145860413479
AAPL|2018-10-15 13:30:00+00:00,AAPL,2018-10-15,2018-10,0,1,validation,0.6212760313468971,0.6091603040829673,0.527247791538266,0.43438884087595925,frozen,0.5275401138248471,0.5275401138248471,0.588682175946792,0.5715253019131802,0.5275401138248471,0.5480182419610224
AAPL|2018-10-15 14:30:00+00:00,AAPL,2018-10-15,2018-10,0,1,validation,0.5058532756792711,0.5606150458349124,0.4865808829345512,0.6071866778006604,frozen,0.5215504298372585,0.5215504298372585,0.5421065051098221,0.5448770687485287,0.5215504298372585,0.5400589705623488
AAPL|2018-10-15 15:30:00+00:00,AAPL,2018-10-15,2018-10,0,1,validation,0.5837428014553767,0.6203281058367336,0.504056638462715,0.8111392861920554,frozen,0.6007488411432156,0.6007488411432156,0.5912602389932289,0.6497382487348856,0.6007488411432156,0.6298167079867202
AAPL|2018-10-16 13:30:00+00:00,AAPL,2018-10-16,2018-10,1,1,validation,0.6404679877519512,0.6314473914359177,0.5613937812524284,0.8738132761456028,frozen,0.6592672066006027,0.6592672066006027,0.6139339888900454,0.6965491607713556,0.6592672066006027,0.676780609146475
AAPL|2018-10-16 14:30:00+00:00,AAPL,2018-10-16,2018-10,1,1,validation,0.5264358852534441,0.550669255229495,0.5046498784142879,0.6005592004313153,frozen,0.5340737106283338,0.5340737106283338,0.5391644110256932,0.5510250565419246,0.5340737106283338,0.5455785548321356
AAPL|2018-10-16 15:30:00+00:00,AAPL,2018-10-16,2018-10,1,1,validation,0.637549398539099,0.6475653137258549,0.5440360386075612,0.6764258963990784,frozen,0.6005118430383249,0.6005118430383249,0.6216829949462815,0.6497725018007827,0.6005118430383249,0.6263941618178983
AAPL|2018-10-17 13:30:00+00:00,AAPL,2018-10-17,2018-10,0,1,validation,0.6911840182952669,0.6673105171455445,0.6352577261864135,0.7807566356743548,frozen,0.6856140265856122,0.6856140265856122,0.6592973194057616,0.7076087973526083,0.6856140265856122,0.6936272243253949
AAPL|2018-10-17 14:30:00+00:00,AAPL,2018-10-17,2018-10,0,1,validation,0.582758298333964,0.5929265767381955,0.5584202959218718,0.7176127798103551,frozen,0.6043029174970156,0.6043029174970156,0.5843000065341146,0.6190139883041197,0.6043029174970156,0.6129294877010967
AAPL|2018-10-17 15:30:00+00:00,AAPL,2018-10-17,2018-10,1,1,validation,0.6125693765981257,0.6005619557398016,0.5546606900068923,0.7179725268521432,frozen,0.6099658208660134,0.6099658208660134,0.5890866393065743,0.635918308947049,0.6099658208660134,0.6214411372992408
AAPL|2018-10-18 13:30:00+00:00,AAPL,2018-10-18,2018-10,0,1,validation,0.6716361702395508,0.6642842952512785,0.5712664059147812,0.6003161044376614,frozen,0.6036212716266937,0.6036212716266937,0.6410298229171543,0.6519681850420104,0.6036212716266937,0.6268757439608179
AAPL|2018-10-18 14:30:00+00:00,AAPL,2018-10-18,2018-10,0,1,validation,0.5607092163151253,0.5393937372821698,0.510224676910322,0.8336179306481074,frozen,0.6036941251959692,0.6036941251959692,0.5321014721892079,0.623607525140132,0.6036941251959692,0.6109863902889311
AAPL|2018-10-18 15:30:00+00:00,AAPL,2018-10-18,2018-10,0,1,validation,0.4405768092466024,0.42052507923077603,0.42782195349082,0.651897808979773,frozen,0.48702963130200383,0.48702963130200383,0.422349297795787,0.4883941266759385,0.48702963130200383,0.4852054127369928
AAPL|2018-10-19 13:30:00+00:00,AAPL,2018-10-19,2018-10,1,1,validation,0.6398553178565322,0.6429677415244306,0.5563509411386399,0.826525991414687,frozen,0.6447707978871248,0.6447707978871248,0.6213135414279829,0.6873010921630455,0.6447707978871248,0.6664249979835725
AAPL|2018-10-19 14:30:00+00:00,AAPL,2018-10-19,2018-10,0,1,validation,0.5257727775493984,0.5383612397242321,0.5071992281318685,0.33336496125656767,frozen,0.4683840487674258,0.4683840487674258,0.5305707368261412,0.48081793901989917,0.4683840487674258,0.4761745516655167
AAPL|2018-10-19 15:30:00+00:00,AAPL,2018-10-19,2018-10,0,1,validation,0.4658899314180175,0.4977569915217813,0.5138452535120993,0.5253227188906053,frozen,0.5047257893332053,0.5047257893332053,0.5017790570193608,0.4887148933121054,0.5047257893332053,0.5007037238356259
AAPL|2018-10-22 13:30:00+00:00,AAPL,2018-10-22,2018-10,1,1,validation,0.5957218573917125,0.6399309659059129,0.5298579347378854,0.7699900499536172,frozen,0.6063569442052752,0.6063569442052752,0.612412708113906,0.6503411826607388,0.6063569442052752,0.633875201997282
AAPL|2018-10-22 14:30:00+00:00,AAPL,2018-10-22,2018-10,1,1,validation,0.4790415583196494,0.5270752628137024,0.5243040597904807,0.2853072611501791,frozen,0.45323923476269745,0.45323923476269745,0.526382462057897,0.4426164101507951,0.45323923476269745,0.4539320355185029
AAPL|2018-10-22 15:30:00+00:00,AAPL,2018-10-22,2018-10,0,1,validation,0.424653167722714,0.45694636312943193,0.48172511127574463,0.20771494369538857,frozen,0.398954583492398,0.398954583492398,0.4631410501660101,0.37849191056756215,0.398954583492398,0.39275989645581977
AAPL|2018-10-23 13:30:00+00:00,AAPL,2018-10-23,2018-10,1,1,validation,0.6440382532438218,0.6588783808870863,0.5320840277903278,0.8611812269134257,frozen,0.6423468839344758,0.6423468839344758,0.6271797926128966,0.7020340285720389,0.6423468839344758,0.6740454722086654
AAPL|2018-10-23 14:30:00+00:00,AAPL,2018-10-23,2018-10,1,1,validation,0.5303080900747542,0.5618314874910395,0.5006329019409838,0.8250763945475696,frozen,0.5891625721260729,0.5891625721260729,0.5465318411035256,0.6118810155470293,0.5891625721260729,0.6044622185135868
AAPL|2018-10-23 15:30:00+00:00,AAPL,2018-10-23,2018-10,1,1,validation,0.7056568536295468,0.6781980612168468,0.5503767340646831,0.868827654448472,frozen,0.6688094940518462,0.6688094940518462,0.6462427294288059,0.7395848557311031,0.6688094940518462,0.7007648258398872
AAPL|2018-10-24 13:30:00+00:00,AAPL,2018-10-24,2018-10,0,1,validation,0.7587858930792256,0.7263001714236416,0.5324036755753935,0.6274034724187841,frozen,0.6127491791621992,0.6127491791621992,0.6778260474615795,0.7178188575002192,0.6127491791621992,0.6612233031242613
AAPL|2018-10-24 14:30:00+00:00,AAPL,2018-10-24,2018-10,0,1,validation,0.6625058064319093,0.6364829426377604,0.4693723220233855,0.7953207084241034,frozen,0.599142789725696,0.599142789725696,0.5947052874841667,0.6892038159814207,0.599142789725696,0.6409204448792896
AAPL|2018-10-24 15:30:00+00:00,AAPL,2018-10-24,2018-10,0,1,validation,0.6813747891448976,0.6471536484931564,0.5281360022262807,0.9815239609445855,frozen,0.6797926886355111,0.6797926886355111,0.6173992369264374,0.7478567969318842,0.6797926886355111,0.70954710020223
AAPL|2018-10-25 13:30:00+00:00,AAPL,2018-10-25,2018-10,1,1,validation,0.6240913367193113,0.592958941083163,0.5669911150517488,0.5631971069988115,frozen,0.5803176684554051,0.5803176684554051,0.5864669845753094,0.6010846803801493,0.5803176684554051,0.5868096249632586
AAPL|2018-10-25 14:30:00+00:00,AAPL,2018-10-25,2018-10,1,0,validation,0.5088482893088647,0.5156459056400226,0.526673845614025,0.1862533810545419,frozen,0.5088482893088647,0.5088482893088647,0.5088482893088647,0.5088482893088647,0.5088482893088647,0.5088482893088647
AAPL|2018-10-25 15:30:00+00:00,AAPL,2018-10-25,2018-10,1,1,validation,0.41688975694509717,0.458525037918655,0.5061426300408134,0.5673685086239054,frozen,0.4991358814126573,0.4991358814126573,0.4704294359491946,0.4649182651081887,0.4991358814126573,0.48723148338211775
AAPL|2018-10-26 13:30:00+00:00,AAPL,2018-10-26,2018-10,1,1,validation,0.7618331350138725,0.7542682159101507,0.6231381406516355,0.9569267584132352,frozen,0.7412590436825947,0.7412590436825947,0.7214856970955219,0.8087153110877827,0.7412590436825947,0.7740415624972234
AAPL|2018-10-26 14:30:00+00:00,AAPL,2018-10-26,2018-10,1,1,validation,0.6662343368684753,0.671291096869865,0.6302122998811166,0.8753362674985099,frozen,0.7004988010323046,0.7004988010323046,0.6610213976226779,0.7197740095263314,0.7004988010323046,0.7107685002794917
AAPL|2018-10-26 15:30:00+00:00,AAPL,2018-10-26,2018-10,1,1,validation,0.6405678522205829,0.625356638749634,0.600329924238142,0.7869806228406485,frozen,0.6570520808843788,0.6570520808843788,0.6190999601217609,0.6733682415078621,0.6570520808843788,0.6633087595122519
AAPL|2018-10-29 13:30:00+00:00,AAPL,2018-10-29,2018-10,0,1,validation,0.6662595815751229,0.6506944592371945,0.6198759769161801,0.6960283702168057,frozen,0.6505099764060722,0.6505099764060722,0.6429898386569408,0.6698104981510615,0.6505099764060722,0.6582145969863258
AAPL|2018-10-29 14:30:00+00:00,AAPL,2018-10-29,2018-10,0,1,validation,0.5547204918334371,0.57524630889108,0.5640738403001977,0.5793781558773979,frozen,0.5655615820778076,0.5655615820778076,0.5724531917433594,0.566016362108838,0.5655615820778076,0.5683546992255282
AAPL|2018-10-29 15:30:00+00:00,AAPL,2018-10-29,2018-10,0,1,validation,0.3185319121268533,0.3794627573586911,0.41371731970595904,0.38548687875875787,frozen,0.3828633575743823,0.3828633575743823,0.3880263979455081,0.3505033650927889,0.3828633575743823,0.37429971698756537
AAPL|2018-10-30 13:30:00+00:00,AAPL,2018-10-30,2018-10,1,1,validation,0.652248154511896,0.6461895450961253,0.5338393375190529,0.9099061723555041,frozen,0.6574582504763764,0.6574582504763764,0.6181019932018572,0.7151480066188554,0.6574582504763764,0.6855458023706446
AAPL|2018-10-30 14:30:00+00:00,AAPL,2018-10-30,2018-10,0,1,validation,0.5392645565151398,0.5448130242461947,0.44548907344194844,0.7395781621359269,frozen,0.5424552163837408,0.5424552163837408,0.5199820365451331,0.5907300748531003,0.5424552163837408,0.5672862040848025
AAPL|2018-10-30 15:30:00+00:00,AAPL,2018-10-30,2018-10,0,1,validation,0.5124251346719401,0.4943020516464474,0.3590833567960694,0.6325525593803965,frozen,0.46578610191111885,0.46578610191111885,0.4604973779338529,0.537926220092681,0.46578610191111885,0.49959077562371335
AAPL|2018-10-31 13:30:00+00:00,AAPL,2018-10-31,2018-10,1,1,validation,0.7673098511090951,0.7521958633988948,0.5949109891975167,0.49545559353002394,frozen,0.6131468557585381,0.6131468557585381,0.7128746448485502,0.6955677897867772,0.6131468557585381,0.6524680743088827
AAPL|2018-10-31 14:30:00+00:00,AAPL,2018-10-31,2018-10,1,1,validation,0.6729656949864887,0.6611293135524204,0.5571714516631975,0.8095576011589569,frozen,0.6492165498679601,0.6492165498679601,0.6351398480801147,0.7041545761710888,0.6492165498679601,0.6752060153402659
AAPL|2018-10-31 15:30:00+00:00,AAPL,2018-10-31,2018-10,1,1,validation,0.5415152864884355,0.5422248036536468,0.5161699438325843,0.7260746921568811,frozen,0.5749824665776213,0.5749824665776213,0.5357110886983811,0.5878325171968497,0.5749824665776213,0.581496181532887
AAPL|2018-11-01 13:30:00+00:00,AAPL,2018-11-01,2018-11,1,1,test,0.6861362662127632,0.7034096193241665,0.6217928225285005,0.832501937595479,frozen,0.6905559622163109,0.6905559622163109,0.68300542012525,0.7270460223362929,0.6905559622163109,0.7109601614152272
AAPL|2018-11-01 14:30:00+00:00,AAPL,2018-11-01,2018-11,1,1,test,0.5770228340255731,0.5910072932215151,0.48475398708094114,0.7647058534682195,frozen,0.5778091654139187,0.5778091654139187,0.5644439666863716,0.6274397036852202,0.5778091654139187,0.6043724919490623
AAPL|2018-11-01 15:30:00+00:00,AAPL,2018-11-01,2018-11,1,1,test,0.5592741549580938,0.5506795968742467,0.4451952906192728,0.7185861088534534,frozen,0.5420627112625233,0.5420627112625233,0.5243085203105032,0.596953503910972,0.5420627112625233,0.5684337878262667
AAPL|2018-11-02 13:30:00+00:00,AAPL,2018-11-02,2018-11,0,1,test,0.7077608848095888,0.6994209373616503,0.6080902537851961,0.7383411473086792,frozen,0.6655706349221651,0.6655706349221651,0.6765882664675368,0.7133209635723767,0.6655706349221651,0.6884033058162786
AAPL|2018-11-02 14:30:00+00:00,AAPL,2018-11-02,2018-11,0,1,test,0.6018022753582525,0.6064071994359468,0.5831869118857738,0.6040416671678248,frozen,0.5930544415744061,0.5930544415744061,0.6006021275484035,0.6035133543300691,0.5930544415744061,0.5988595134619494
AAPL|2018-11-02 15:30:00+00:00,AAPL,2018-11-02,2018-11,0,1,test,0.5388724472882058,0.5208390250235644,0.5407348182960996,0.7013954041434028,frozen,0.5804343720059519,0.5804343720059519,0.5258129733416982,0.5749948309358447,0.5804343720059519,0.5754604236878181
AAPL|2018-11-05 14:30:00+00:00,AAPL,2018-11-05,2018-11,0,1,test,0.7368344011466171,0.7024674521438055,0.6056217192779914,0.8907956619421851,frozen,0.7097183754111962,0.7097183754111962,0.6782560189273519,0.7667329790948063,0.7097183754111962,0.7339298086276498
AAPL|2018-11-05 15:30:00+00:00,AAPL,2018-11-05,2018-11,1,1,test,0.6359956731095886,0.6236754330343791,0.5642757916768832,0.7160360037571194,frozen,0.6201458150551187,0.6201458150551187,0.6088255226950052,0.6529256957526689,0.6201458150551187,0.6349957253944927
AAPL|2018-11-05 16:30:00+00:00,AAPL,2018-11-05,2018-11,1,1,test,0.5073245430467492,0.5336170497098623,0.544736634798717,0.6237938924253182,frozen,0.5551479262673754,0.5551479262673754,0.536396945982076,0.5430150070571698,0.5551479262673754,0.5523680299951617
AAPL|2018-11-06 14:30:00+00:00,AAPL,2018-11-06,2018-11,1,1,test,0.676677176650036,0.6805314248543014,0.5780041330356073,0.6490771851470672,frozen,0.6204406569670794,0.6204406569670794,0.6548996018996279,0.6707407408253602,0.6204406569670794,0.646072479921753
AAPL|2018-11-06 15:30:00+00:00,AAPL,2018-11-06,2018-11,0,1,test,0.566353647761756,0.6001848611937304,0.6221100882456457,0.5769023301369823,frozen,0.5968690385975074,0.5968690385975074,0.6056661679567092,0.5774486217135562,0.5968690385975074,0.5913877318345285
AAPL|2018-11-06 16:30:00+00:00,AAPL,2018-11-06,2018-11,0,1,test,0.7079689861911125,0.6935580280251603,0.623519123903892,0.6692565762304523,frozen,0.6560659525573371,0.6560659525573371,0.6760483019948432,0.6946881441594595,0.6560659525573371,0.6735756785876543
AAPL|2018-11-07 14:30:00+00:00,AAPL,2018-11-07,2018-11,1,1,test,0.7537689952334441,0.7514304163690595,0.5941607303062562,0.9206589642841806,frozen,0.7156873550325342,0.7156873550325342,0.7121129948533587,0.794906842780032,0.7156873550325342,0.7550047765482351
AAPL|2018-11-07 15:30:00+00:00,AAPL,2018-11-07,2018-11,1,1,test,0.6563932246840813,0.6714088696285186,0.5302742475351788,0.8255681591527897,frozen,0.6356274697268072,0.6356274697268072,0.6361252141051837,0.7024408695373677,0.6356274697268072,0.6709111252501422
AAPL|2018-11-07 16:30:00+00:00,AAPL,2018-11-07,2018-11,1,1,test,0.5448495849223272,0.550976623029174,0.43032834821173366,0.6704350128770138,frozen,0.518985323555702,0.518985323555702,0.5208145543248139,0.5777777014377106,0.518985323555702,0.5491473922600622
AAPL|2018-11-08 14:30:00+00:00,AAPL,2018-11-08,2018-11,0,1,test,0.6477736902632959,0.6351850492769446,0.6282481814555994,0.8951278182300274,frozen,0.6998494678511304,0.6998494678511304,0.6334508323216084,0.706465062008391,0.6998494678511304,0.7015836848064668
AAPL|2018-11-08 15:30:00+00:00,AAPL,2018-11-08,2018-11,1,1,test,0.5343741455708773,0.5493793133274025,0.5756841454764112,0.7820302572188291,frozen,0.6169431734356322,0.6169431734356322,0.5559555213646548,0.6000394654219965,0.6169431734356322,0.6103669653983801
AAPL|2018-11-08 16:30:00+00:00,AAPL,2018-11-08,2018-11,1,1,test,0.5503442515790465,0.5595898263673433,0.5826408001114655,0.7537088493235581,frozen,0.6173336752813839,0.6173336752813839,0.5653525698033739,0.6034967947122486,0.6173336752813839,0.6115709318453534
AAPL|2018-11-09 14:30:00+00:00,AAPL,2018-11-09,2018-11,0,1,test,0.6932078166707688,0.685148266592837,0.6143703941040611,0.7007209755840319,frozen,0.6556673951157307,0.6556673951157307,0.667453798470643,0.6930712188796015,0.6556673951157307,0.6733618632379247
AAPL|2018-11-09 15:30:00+00:00,AAPL,2018-11-09,2018-11,0,1,test,0.5850660903137789,0.5943386295981963,0.543847035106107,0.4136260973287482,frozen,0.5215965644636853,0.5215965644636853,0.5817157309751739,0.5445242268886256,0.5215965644636853,0.5342194630867076
AAPL|2018-11-09 16:30:00+00:00,AAPL,2018-11-09,2018-11,1,1,test,0.5577186624690721,0.5621884953703437,0.5188689910576209,0.41185801246574333,frozen,0.5018286642625143,0.5018286642625143,0.5513586192921629,0.5223709581935577,0.5018286642625143,0.5126585403406949
AAPL|2018-11-12 14:30:00+00:00,AAPL,2018-11-12,2018-11,0,1,test,0.6325776994604708,0.6417478900526022,0.5687067272217676,0.5446466174247765,frozen,0.5786594428321956,0.5786594428321956,0.6234875993448936,0.6128874765995801,0.5786594428321956,0.5969197335399044
AAPL|2018-11-12 15:30:00+00:00,AAPL,2018-11-12,2018-11,0,1,test,0.517926689677569,0.5419054641100004,0.49797568776885437,0.5133708648871166,frozen,0.5068122325255986,0.5068122325255986,0.5309230200247139,0.5227824270880638,0.5068122325255986,0.5177946766108851
AAPL|2018-11-12 16:30:00+00:00,AAPL,2018-11-12,2018-11,1,1,test,0.6244942737253135,0.6220083677837434,0.6243270284992994,0.7562332212262851,frozen,0.6573453879875494,0.6573453879875494,0.6225880329626323,0.6568075341151639,0.6573453879875494,0.6567657228086604
AAPL|2018-11-13 14:30:00+00:00,AAPL,2018-11-13,2018-11,1,1,test,0.6202508662510205,0.6236167385648858,0.5969385299502716,0.6821622048383039,frozen,0.624072532747467,0.624072532747467,0.6169471864112321,0.6365701689763077,0.624072532747467,0.6307420849011205
AAPL|2018-11-13 15:30:00+00:00,AAPL,2018-11-13,2018-11,1,1,test,0.5047647252380615,0.5217994968102073,0.5930949489092789,0.357667063843638,frozen,0.5121554217250643,0.5121554217250643,0.5396233598349752,0.47224900278249204,0.5121554217250643,0.49433155870029644
AAPL|2018-11-13 16:30:00+00:00,AAPL,2018-11-13,2018-11,0,1,test,0.5837083391521156,0.5599140076109235,0.5511783985232924,0.4735367758401169,frozen,0.5399004780097043,0.5399004780097043,0.5577301053390157,0.5502168654388179,0.5399004780097043,0.5420843802816121
AAPL|2018-11-14 14:30:00+00:00,AAPL,2018-11-14,2018-11,0,1,test,0.7167117179251324,0.7131870937242463,0.5062369927419917,0.4644589882201765,frozen,0.5484111729073231,0.5484111729073231,0.6614495684786826,0.6527673794486719,0.5484111729073231,0.6001486981528867
AAPL|2018-11-14 15:30:00+00:00,AAPL,2018-11-14,2018-11,0,1,test,0.6122203422232649,0.6275437066272695,0.47954432088233107,0.28777637907446274,frozen,0.46477134076559745,0.46477134076559745,0.5905438601910349,0.5349401925370656,0.46477134076559745,0.501771187201832
AAPL|2018-11-14 16:30:00+00:00,AAPL,2018-11-14,2018-11,0,1,test,0.6397833228529615,0.6165494152712643,0.514938764764748,0.49258924445482827,frozen,0.5405625242093214,0.5405625242093214,0.5911467526446352,0.5971763263580039,0.5405625242093214,0.5659651868359504
AAPL|2018-11-15 14:30:00+00:00,AAPL,2018-11-15,2018-11,1,1,test,0.7326716429356993,0.7000972521604117,0.6520905783348961,0.861538991892323,frozen,0.7245979478744536,0.7245979478744536,0.6880955837040329,0.7567448824810333,0.7245979478744536,0.7365996163308325
AAPL|2018-11-15 15:30:00+00:00,AAPL,2018-11-15,2018-11,1,1,test,0.6310365629553478,0.6059556667425883,0.6287486813325982,0.707165972294413,frozen,0.6489249744787393,0.6489249744787393,0.6116539203900908,0.6437986912369242,0.6489249744787393,0.6432267208312368
AAPL|2018-11-15 16:30:00+00:00,AAPL,2018-11-15,2018-11,1,1,test,0.5929697462364362,0.5666619382259249,0.5989820418209144,0.6624692776704539,frozen,0.6133507768871798,0.6133507768871798,0.5747419641246723,0.6037676770923128,0.6133507768871798,0.6052707509884323
AAPL|2018-11-16 14:30:00+00:00,AAPL,2018-11-16,2018-11,1,1,test,0.7330716998418624,0.7469382554414229,0.7492195963101883,0.5311265250226054,frozen,0.6906593543712111,0.6906593543712111,0.7475085906586143,0.6860520450369383,0.6906593543712111,0.6900890191540198
AAPL|2018-11-16 15:30:00+00:00,AAPL,2018-11-16,2018-11,0,1,test,0.6315122215844358,0.6686874732427026,0.6938347919955008,0.6148641961870114,frozen,0.6585115004406121,0.6585115004406121,0.6749743029309021,0.6366440281496464,0.6585115004406121,0.6522246707524126
AAPL|2018-11-16 16:30:00+00:00,AAPL,2018-11-16,2018-11,1,1,test,0.6069441176365022,0.6016057679868442,0.5942725920073226,0.5849229273767066,frozen,0.5951030572569636,0.5951030572569636,0.5997724739919639,0.6001042326591388,0.5951030572569636,0.5969363512518439
AAPL|2018-11-19 14:30:00+00:00,AAPL,2018-11-19,2018-11,0,1,test,0.7530361587206071,0.7594379597859408,0.7317193585991356,0.8883966812746253,frozen,0.776217889298376,0.776217889298376,0.7525083094892395,0.7884767396254451,0.776217889298376,0.7831475395950772
AAPL|2018-11-19 15:30:00+00:00,AAPL,2018-11-19,2018-11,0,1,test,0.6555030300866725,0.6992994213288709,0.7199161244182763,0.8193233448553342,frozen,0.7286646559446399,0.7286646559446399,0.7044535971012222,0.7074072065893876,0.7286646559446399,0.7235104801722885
AAPL|2018-11-19 16:30:00+00:00,AAPL,2018-11-19,2018-11,0,1,test,0.5168408557332198,0.5531062225690933,0.5780820931247005,0.578060077867745,frozen,0.5627662799625914,0.5627662799625914,0.559350190207995,0.5412120029758195,0.5627662799625914,0.5565223123236896
AAPL|2018-11-20 14:30:00+00:00,AAPL,2018-11-20,2018-11,1,1,test,0.7524965540171477,0.7289966553334042,0.5691512413765489,0.529824842612913,frozen,0.6051559698457896,0.6051559698457896,0.6890353018441904,0.6909536514951531,0.6051559698457896,0.6451173233350035
AAPL|2018-11-20 15:30:00+00:00,AAPL,2018-11-20,2018-11,0,1,test,0.6548479962286191,0.6586611176733882,0.5248733018097969,0.42033214826122145,frozen,0.5312316870273586,0.5312316870273586,0.6252141637074904,0.5971723145979619,0.5312316870273586,0.5646786409932564
AAPL|2018-11-20 16:30:00+00:00,AAPL,2018-11-20,2018-11,0,1,test,0.6222821002892951,0.5884707149896579,0.39044041755040404,0.4878370342202532,frozen,0.4727499924025891,0.4727499924025891,0.5389631406298444,0.5802179874471253,0.4727499924025891,0.5222575667624025
AAPL|2018-11-21 14:30:00+00:00,AAPL,2018-11-21,2018-11,0,1,test,0.5264899266904882,0.5505902395118002,0.5017241132726846,0.31429994481530055,frozen,0.4610595245127895,0.4610595245127895,0.5383737079520212,0.47946750942701927,0.4610595245127895,0.4732760560725684
AAPL|2018-11-21 15:30:00+00:00,AAPL,2018-11-21,2018-11,1,1,test,0.40963011537479543,0.4474318158266369,0.4915306882886305,0.26619906897241197,frozen,0.41472264023111716,0.41472264023111716,0.4584565339421353,0.38322277888715994,0.41472264023111716,0.4036979221156187
AAPL|2018-11-21 16:30:00+00:00,AAPL,2018-11-21,2018-11,0,1,test,0.3561400560160344,0.4087003555168093,0.49429376686187704,0.36788580330765586,frozen,0.428153348261861,0.428153348261861,0.4300987083530762,0.3722165677141335,0.428153348261861,0.4067549954255941
AAPL|2018-11-26 14:30:00+00:00,AAPL,2018-11-26,2018-11,0,1,test,0.4739240740275558,0.48578637731163643,0.5308866375736975,0.2768695366020664,frozen,0.4531417214442543,0.4531417214442543,0.49706144237715166,0.4276260154922036,0.4531417214442543,0.441866656378739
AAPL|2018-11-26 15:30:00+00:00,AAPL,2018-11-26,2018-11,0,1,test,0.35986454590528316,0.38837878241443635,0.49023010534542544,0.18328847460935524,frozen,0.3809033078013723,0.3809033078013723,0.41384161314718365,0.32284908720858946,0.3809033078013723,0.3554404770686251
AAPL|2018-11-26 16:30:00+00:00,AAPL,2018-11-26,2018-11,1,1,test,0.36552565791794794,0.4041366391051084,0.47375944057870745,0.2818732032863428,frozen,0.3987294355904264,0.3987294355904264,0.42154233947350817,0.3542652895568368,0.3987294355904264,0.38132373522202667
AAPL|2018-11-27 14:30:00+00:00,AAPL,2018-11-27,2018-11,1,1,test,0.8018255787614257,0.8001363466921466,0.6773892041965328,0.8265352629592813,frozen,0.7457848125284431,0.7457848125284431,0.7694495610682431,0.8075806917935698,0.7457848125284431,0.7764715981523466
AAPL|2018-11-27 15:30:00+00:00,AAPL,2018-11-27,2018-11,1,1,test,0.7163016522069388,0.7268158942493804,0.6812645600748741,0.744547091174532,frozen,0.7058444658828047,0.7058444658828047,0.7154280607057538,0.7259915724594475,0.7058444658828047,0.7172322994264313
AAPL|2018-11-27 16:30:00+00:00,AAPL,2018-11-27,2018-11,0,1,test,0.5293407977245788,0.55156661091035,0.5941525455898297,0.5182032487675535,frozen,0.5589622844179479,0.5589622844179479,0.5622130945802198,0.5321128637817653,0.5589622844179479,0.548315800748078
AAPL|2018-11-28 14:30:00+00:00,AAPL,2018-11-28,2018-11,1,1,test,0.8115497077438961,0.7960883233996036,0.6758599195653333,0.84989359660752,frozen,0.7532907858705207,0.7532907858705207,0.7660312224410359,0.8172703338737289,0.7532907858705207,0.7833478868290883
AAPL|2018-11-28 15:30:00+00:00,AAPL,2018-11-28,2018-11,1,1,test,0.7288029445631281,0.7379031445265569,0.621884959438843,0.7931032262074542,frozen,0.6914190224120671,0.6914190224120671,0.7088985982546284,0.7471530649650668,0.6914190224120671,0.7204235686839955
AAPL|2018-11-28 16:30:00+00:00,AAPL,2018-11-28,2018-11,1,1,test,0.5866081598703767,0.6239658894169278,0.5780834708075827,0.7321658756687315,frozen,0.6187352442885684,0.6187352442885684,0.6124952847645915,0.6323370212066032,0.6187352442885684,0.6302058489409047
AAPL|2018-11-29 14:30:00+00:00,AAPL,2018-11-29,2018-11,0,1,test,0.2890607568055785,0.35999699399984675,0.3389731168702344,0.3393534104350016,frozen,0.32659010024526225,0.32659010024526225,0.3547410247174437,0.31936797951150137,0.32659010024526225,0.3318460695276653
AAPL|2018-11-29 15:30:00+00:00,AAPL,2018-11-29,2018-11,1,1,test,0.20237700046196655,0.29711191349432625,0.293735284016574,0.19688919271405073,frozen,0.2466841903022913,0.2466841903022913,0.2962677561248882,0.2246887767830775,0.2466841903022913,0.24752834767172938
AAPL|2018-11-29 16:30:00+00:00,AAPL,2018-11-29,2018-11,1,1,test,0.46403660376633266,0.538117102017514,0.5510605214177683,0.5771612183527322,frozen,0.5358297162386503,0.5358297162386503,0.5413529568675776,0.5108378819757279,0.5358297162386503,0.5325938613885868
AAPL|2018-11-30 14:30:00+00:00,AAPL,2018-11-30,2018-11,0,1,test,0.7560005974074235,0.7403321945458738,0.5936973666922346,0.7678319425416005,frozen,0.6778068183333733,0.6778068183333733,0.703673487582464,0.7550413329755803,0.6778068183333733,0.7144655252967831
AAPL|2018-11-30 15:30:00+00:00,AAPL,2018-11-30,2018-11,0,1,test,0.6591082279214231,0.6598496614638955,0.6118609017494462,0.7912538325886911,frozen,0.6685209660022516,0.6685209660022516,0.6478524715352831,0.6923299874738582,0.6685209660022516,0.680518155930864
AAPL|2018-11-30 16:30:00+00:00,AAPL,2018-11-30,2018-11,1,1,test,0.5257955065216534,0.5354827207899258,0.5247046523084146,0.6677285243512138,frozen,0.5607333338724241,0.5607333338724241,0.5327882036695479,0.5637005645461116,0.5607333338724241,0.5634278509928019
AAPL|2018-12-03 14:30:00+00:00,AAPL,2018-12-03,2018-12,0,1,test,0.61341565833104,0.6275476722415552,0.5626013855669268,0.8735614965901193,frozen,0.6530449815137532,0.6530449815137532,0.6113111005728981,0.6819851213734386,0.6530449815137532,0.6692815531824103
AAPL|2018-12-03 15:30:00+00:00,AAPL,2018-12-03,2018-12,0,1,test,0.4975347785405161,0.5161557624500093,0.46165555368354516,0.40696456826165445,frozen,0.4569526135423152,0.4569526135423152,0.5025307102583932,0.479547471948174,0.4569526135423152,0.4705776657339312
AAPL|2018-12-03 16:30:00+00:00,AAPL,2018-12-03,2018-12,1,1,test,0.6464883416584749,0.6250289750082246,0.4535796480864497,0.688150752135803,frozen,0.5604495974917942,0.5604495974917942,0.5821666432777809,0.6515391026152444,0.5604495974917942,0.603311929222238
AAPL|2018-12-04 14:30:00+00:00,AAPL,2018-12-04,2018-12,0,1,test,0.7741113232272326,0.7712477463234877,0.6468033063757812,0.7281816881982833,frozen,0.6989749060442696,0.6989749060442696,0.7401366363365611,0.7619130202440592,0.6989749060442696,0.7300860160311962
AAPL|2018-12-04 15:30:00+00:00,AAPL,2018-12-04,2018-12,0,1,test,0.6813797243256786,0.6902843252908185,0.5560090632333702,0.7332652172516811,frozen,0.6316657670110251,0.6316657670110251,0.6567155097764564,0.6965772477984642,0.6316657670110251,0.6652345825253871
AAPL|2018-12-04 16:30:00+00:00,AAPL,2018-12-04,2018-12,0,1,test,0.5980930446971934,0.5995979474427214,0.496010018805033,0.6196304609109566,frozen,0.5524358858045539,0.5524358858045539,0.5737009652832994,0.6038536244370163,0.5524358858045539,0.5783328679639761
AAPL|2018-12-06 14:30:00+00:00,AAPL,2018-12-06,2018-12,1,1,test,0.5435709594242015,0.6045713457864395,0.54003625425876,0.7512760476802975,frozen,0.5937298789055048,0.5937298789055048,0.5884375729045196,0.610747328078785,0.5937298789055048,0.6098636517874246
AAPL|2018-12-06 15:30:00+00:00,AAPL,2018-12-06,2018-12,1,1,test,0.42633341312425815,0.4970284924551887,0.4648704801305541,0.49572081486332426,frozen,0.4629487970621727,0.4629487970621727,0.48898898937403007,0.46135403339175735,0.4629487970621727,0.4709883001433313
AAPL|2018-12-06 16:30:00+00:00,AAPL,2018-12-06,2018-12,1,1,test,0.6005600286483681,0.6271767760943109,0.4838129152788225,0.5201219529953406,frozen,0.5220769530503384,0.5220769530503384,0.5913358108904387,0.5871046965965969,0.5220769530503384,0.5579179182542104
AAPL|2018-12-07 14:30:00+00:00,AAPL,2018-12-07,2018-12,0,1,test,0.475203297419767,0.5429501537997459,0.49989309901316137,0.530883988296454,frozen,0.501468370935636,0.501468370935636,0.5321858901030998,0.5060601842339334,0.501468370935636,0.5122326346322821
AAPL|2018-12-07 15:30:00+00:00,AAPL,2018-12-07,2018-12,0,1,test,0.36104719082426656,0.4186778701138629,0.43234218126334917,0.5239670377639875,frozen,0.43742464777873813,0.43742464777873813,0.4220939479012345,0.4161848223815958,0.43742464777873813,0.4340085699913665
AAPL|2018-12-07 16:30:00+00:00,AAPL,2018-12-07,2018-12,0,1,test,0.44578211554613323,0.48320424462156153,0.44066653509279996,0.6377395323156771,frozen,0.4912136795118526,0.4912136795118526,0.4725698172393712,0.5031270020073763,0.4912136795118526,0.501848106894043
AAPL|2018-12-10 14:30:00+00:00,AAPL,2018-12-10,2018-12,1,1,test,0.6682828109292805,0.6637110763733942,0.5966892540816638,0.6816275651320884,frozen,0.6358222210561741,0.6358222210561741,0.6469556208004617,0.6704760658410109,0.6358222210561741,0.6525776766291067
AAPL|2018-12-10 15:30:00+00:00,AAPL,2018-12-10,2018-12,1,1,test,0.5569702754411978,0.6054310535796488,0.5703345919604647,0.5630668871080903,frozen,0.5651765866175543,0.5651765866175543,0.5966569381748528,0.5706096228925337,0.5651765866175543,0.5739507020223503
AAPL|2018-12-10 16:30:00+00:00,AAPL,2018-12-10,2018-12,1,1,test,0.4482122184706961,0.4995344510606073,0.5260115619347039,0.3403690330733136,frozen,0.46015109385335434,0.46015109385335434,0.5061537287791315,0.43408198026882827,0.46015109385335434,0.45353181613483023
AAPL|2018-12-11 14:30:00+00:00,AAPL,2018-12-11,2018-12,0,1,test,0.8691724184114216,0.8569015522128842,0.724714317579855,0.8859784239173921,frozen,0.8011448693721309,0.8011448693721309,0.823854743554627,0.8703062032382799,0.8011448693721309,0.8341916780303882
AAPL|2018-12-11 15:30:00+00:00,AAPL,2018-12-11,2018-12,0,1,test,0.8056686010933343,0.7954261849469579,0.7072250203960654,0.8297684979473856,frozen,0.7624717849582127,0.7624717849582127,0.7733758938092348,0.809132971270253,0.7624717849582127,0.7845220760959358
AAPL|2018-12-11 16:30:00+00:00,AAPL,2018-12-11,2018-12,0,1,test,0.15379328303125872,0.22695125626156967,0.45893429354596366,0.23602389760529763,frozen,0.3269214419321209,0.3269214419321209,0.28494701558266816,0.19264042998234618,0.3269214419321209,0.26892568261102245
AAPL|2018-12-12 14:30:00+00:00,AAPL,2018-12-12,2018-12,1,1,test,0.7337133413207619,0.7174946469298411,0.5541632286053804,0.9169402998358591,frozen,0.6897450245918455,0.6897450245918455,0.6766617923487259,0.775465407351806,0.6897450245918455,0.7305778791729606
AAPL|2018-12-12 15:30:00+00:00,AAPL,2018-12-12,2018-12,0,1,test,0.6322755314188021,0.6454489867952993,0.5574593278780383,0.8309060228183633,frozen,0.6445250524983105,0.6445250524983105,0.623451572065984,0.6852265181128168,0.6445250524983105,0.6665224672276258
AAPL|2018-12-12 16:30:00+00:00,AAPL,2018-12-12,2018-12,0,1,test,0.6303228655753086,0.6253737442653,0.5353771968551659,0.8122188544122276,frozen,0.628324028424467,0.628324028424467,0.6028746074127664,0.6745595824570362,0.628324028424467,0.6508231652770006
AAPL|2018-12-13 14:30:00+00:00,AAPL,2018-12-13,2018-12,1,1,test,0.6909144380132862,0.6769537837541775,0.5867963341280972,0.8765928432831445,frozen,0.6852749873881563,0.6852749873881563,0.6544144213476575,0.7338438757659735,0.6852749873881563,0.7078143497946763
AAPL|2018-12-13 15:30:00+00:00,AAPL,2018-12-13,2018-12,0,1,test,0.5824512467270629,0.603344501094007,0.5780016219961973,0.7897848968773028,frozen,0.63205984689919,0.63205984689919,0.5970087813195545,0.6395079728563589,0.63205984689919,0.6383955666736425
AAPL|2018-12-13 16:30:00+00:00,AAPL,2018-12-13,2018-12,0,1,test,0.3492192519316662,0.37565235124943736,0.4321667577335617,0.6723120307860796,frozen,0.47146619954621727,0.47146619954621727,0.38978095287046843,0.4366007214747123,0.47146619954621727,0.45733759792518625
AAPL|2018-12-14 14:30:00+00:00,AAPL,2018-12-14,2018-12,0,1,test,0.7586371590831968,0.7411038760952738,0.6328459308625374,0.832891565672093,frozen,0.7143051466200911,0.7143051466200911,0.7140393897870897,0.7728174399834402,0.7143051466200911,0.7413696329282753
AAPL|2018-12-14 15:30:00+00:00,AAPL,2018-12-14,2018-12,1,1,test,0.6623241250971486,0.6723531152391716,0.6524663823926865,0.7161147945257798,frozen,0.6708429211020753,0.6708429211020753,0.6673814320275503,0.6782790399898122,0.6708429211020753,0.6758146043136966
AAPL|2018-12-14 16:30:00+00:00,AAPL,2018-12-14,2018-12,0,1,test,0.5892061220094449,0.5974149163604432,0.586065960129427,0.5142933091976344,frozen,0.5689078378664834,0.5689078378664834,0.5945776773026892,0.5725301173942419,0.5689078378664834,0.5717450769242374
AAPL|2018-12-17 14:30:00+00:00,AAPL,2018-12-17,2018-12,1,1,test,0.5273100842109036,0.558636412186991,0.5442765430290588,0.20630490029661352,frozen,0.45554201764140867,0.45554201764140867,0.5550464448975079,0.4548903702263529,0.45554201764140867,0.45913198493089175
AAPL|2018-12-17 15:30:00+00:00,AAPL,2018-12-17,2018-12,0,1,test,0.41042602004674533,0.4648530075577003,0.43793215018749276,0.34664495994220024,frozen,0.40823382009098275,0.40823382009098275,0.45812279321514837,0.40808750189834786,0.40823382009098275,0.4149640344335347
AAPL|2018-12-17 16:30:00+00:00,AAPL,2018-12-17,2018-12,0,1,test,0.52298727585212,0.5316506512098207,0.4269485784209417,0.4120796313262401,frozen,0.44724101600506083,0.44724101600506083,0.5054751330126009,0.4974262085600752,0.44724101600506083,0.4734165342022806
AAPL|2018-12-18 14:30:00+00:00,AAPL,2018-12-18,2018-12,1,1,test,0.5929519267463306,0.6094239201771929,0.5692824407673704,0.7582800454543522,frozen,0.622449213433856,0.622449213433856,0.5993885503247374,0.6384019547810516,0.622449213433856,0.6324845832863115
AAPL|2018-12-18 15:30:00+00:00,AAPL,2018-12-18,2018-12,1,1,test,0.47617514409407713,0.5124211645839766,0.5473905181609016,0.62586155430169,frozen,0.5492044336793925,0.5492044336793925,0.5211635029782078,0.5226582517684552,0.5492044336793925,0.5404620952851613
AAPL|2018-12-18 16:30:00+00:00,AAPL,2018-12-18,2018-12,0,1,test,0.4415895961892817,0.4844235673404849,0.4381575798425375,0.7410096988948955,frozen,0.514728613692313,0.514728613692313,0.47285707046599806,0.527153114653486,0.514728613692313,0.5262951105667999
AAPL|2018-12-19 15:30:00+00:00,AAPL,2018-12-19,2018-12,0,1,test,0.4306392591039557,0.4808180079703307,0.5673044408631517,0.7266206461112048,frozen,0.572967196735366,0.572967196735366,0.5024396161935359,0.5171792930723618,0.572967196735366,0.5513455885121608
AAPL|2018-12-19 16:30:00+00:00,AAPL,2018-12-19,2018-12,0,1,test,0.4431429223185408,0.4551100682998937,0.5519357229398637,0.6142184083001001,frozen,0.5403081941245921,0.5403081941245921,0.4793164819598862,0.48890358030926884,0.5403081941245921,0.5161017804645995
AAPL|2018-12-20 14:30:00+00:00,AAPL,2018-12-20,2018-12,0,1,test,0.806095155315899,0.7689008633167251,0.6781657824922432,0.6881418274061923,frozen,0.7126421369266445,0.7126421369266445,0.7462170931106047,0.7673082503386789,0.7126421369266445,0.7353259071327649
AAPL|2018-12-20 15:30:00+00:00,AAPL,2018-12-20,2018-12,0,1,test,0.7217744475130167,0.710768428499969,0.641657767222518,0.831725079322877,frozen,0.7092037653202323,0.7092037653202323,0.6934907631806062,0.7465106007122198,0.7092037653202323,0.7264814306395952
AAPL|2018-12-20 16:30:00+00:00,AAPL,2018-12-20,2018-12,0,1,test,0.2983482876775998,0.359247062362862,0.3417490881451615,0.2237142886979631,frozen,0.30139018816647145,0.30139018816647145,0.3548725688084369,0.2949144816040062,0.30139018816647145,0.3057646817208966
AAPL|2018-12-21 14:30:00+00:00,AAPL,2018-12-21,2018-12,0,1,test,0.6462503410524574,0.6500492964978166,0.5691071532374778,0.8927805252108298,frozen,0.6693112931845607,0.6693112931845607,0.6298137606827319,0.7088326259533904,0.6693112931845607,0.6895468289996454
AAPL|2018-12-21 15:30:00+00:00,AAPL,2018-12-21,2018-12,0,1,test,0.5327141451059981,0.5499417290940601,0.5227277813913902,0.6902236689672896,frozen,0.5670983442140171,0.5670983442140171,0.5431382421683926,0.5763984220683365,0.5670983442140171,0.5739018311396845
AAPL|2018-12-21 16:30:00+00:00,AAPL,2018-12-21,2018-12,0,1,test,0.6535011939307043,0.6235465540138955,0.5081707516442211,0.6444299397718031,frozen,0.5785681592477374,0.5785681592477374,0.5947026034214768,0.6437447204117768,0.5785681592477374,0.6074121098401559
AAPL|2018-12-26 14:30:00+00:00,AAPL,2018-12-26,2018-12,1,1,test,0.618618339911328,0.6364420817134244,0.6349525213730055,0.7386582175997947,frozen,0.6567954000642834,0.6567954000642834,0.6360696916283197,0.6530842447839688,0.6567954000642834,0.6571677901493881
AAPL|2018-12-26 15:30:00+00:00,AAPL,2018-12-26,2018-12,1,1,test,0.5030335178022205,0.5516950341559475,0.5691510214023363,0.4932389028624777,frozen,0.5336436158673427,0.5336436158673427,0.5560590309675446,0.5127502431557165,0.5336436158673427,0.5292796190557455
AAPL|2018-12-26 16:30:00+00:00,AAPL,2018-12-26,2018-12,1,1,test,0.34057418046833315,0.40764422182895305,0.4062093195151703,0.3797175826739427,frozen,0.38317760054315414,0.38317760054315414,0.40728549625050736,0.3671275413598905,0.38317760054315414,0.3835363261215998
AAPL|2018-12-27 14:30:00+00:00,AAPL,2018-12-27,2018-12,0,1,test,0.5066462553602458,0.5352440652693122,0.5508322160513054,0.329308436836721,frozen,0.4844047810748944,0.4844047810748944,0.5391411029648105,0.4694612532066312,0.4844047810748944,0.4805077433793961
AAPL|2018-12-27 15:30:00+00:00,AAPL,2018-12-27,2018-12,0,1,test,0.3905580488201644,0.4720633503083594,0.5141207677699752,0.34389353895192465,frozen,0.4406732808280099,0.4406732808280099,0.4825777046737634,0.3992682467251532,0.4406732808280099,0.43015892646260595
AAPL|2018-12-27 16:30:00+00:00,AAPL,2018-12-27,2018-12,1,1,test,0.600658767283359,0.643944716325822,0.592827057863436,0.585660874698702,frozen,0.5929934394272333,0.5929934394272333,0.6311653017102254,0.6077307813978106,0.5929934394272333,0.6057728540428298
AAPL|2018-12-28 14:30:00+00:00,AAPL,2018-12-28,2018-12,0,1,test,0.6522075571349732,0.6602401073615984,0.5199708250728798,0.7878518339896193,frozen,0.620000260317588,0.620000260317588,0.6251727867894188,0.688126763905291,0.620000260317588,0.6550675808897677
AAPL|2018-12-28 15:30:00+00:00,AAPL,2018-12-28,2018-12,1,1,test,0.5392200872053261,0.5635527922084336,0.6003351426089653,0.8039443147968377,frozen,0.6359586718050236,0.6359586718050236,0.5727483798085665,0.6114843203539808,0.6359586718050236,0.6267630842048906
AAPL|2018-12-28 16:30:00+00:00,AAPL,2018-12-28,2018-12,1,1,test,0.8287004395781221,0.8052995861921816,0.7587504388548801,0.9291610000475807,frozen,0.8188405793338658,0.8188405793338658,0.7936622993578561,0.8479653663490017,0.8188405793338658,0.8304778661681911
AAPL|2018-12-31 14:30:00+00:00,AAPL,2018-12-31,2018-12,0,1,test,0.6168074491850543,0.6137441233116191,0.5936515674427411,0.6979035991224442,frozen,0.6255035457982452,0.6255035457982452,0.6087209843443996,0.6363156552010429,0.6255035457982452,0.6305266847654647
AAPL|2018-12-31 15:30:00+00:00,AAPL,2018-12-31,2018-12,0,1,test,0.5011164011227525,0.5248340676379375,0.5212818280437531,0.3783844290655519,frozen,0.4805161215689526,0.4805161215689526,0.5239460077393914,0.47636282473724856,0.4805161215689526,0.48140418146749875
AAPL|2018-12-31 16:30:00+00:00,AAPL,2018-12-31,2018-12,0,1,test,0.564515753449434,0.5485708217662447,0.5044049951407442,0.3218104117801409,frozen,0.4737840388777659,0.4737840388777659,0.5375293651098696,0.4998531851113134,0.4737840388777659,0.4848254955341409
AAPL|2019-01-02 14:30:00+00:00,AAPL,2019-01-02,2019-01,1,1,test,0.481914652242112,0.5077537435920855,0.4632346420838987,0.45374378542509547,frozen,0.4655319304587512,0.4655319304587512,0.4966239682150388,0.4813317083753512,0.4655319304587512,0.47666170583579787
AAPL|2019-01-02 15:30:00+00:00,AAPL,2019-01-02,2019-01,1,1,test,0.3672746181991361,0.4198553606728041,0.5301175491950633,0.35660025815637614,frozen,0.4460274936864097,0.4460274936864097,0.44742090780336885,0.3777512138068631,0.4460274936864097,0.4184619465558449
AAPL|2019-01-02 16:30:00+00:00,AAPL,2019-01-02,2019-01,0,1,test,0.4335975347475882,0.5045558657373622,0.5275982105683107,0.3470575116360953,frozen,0.4589628668800762,0.4589628668800762,0.5103164519450993,0.42970211171715844,0.4589628668800762,0.4532022806723391
AAPL|2019-01-03 14:30:00+00:00,AAPL,2019-01-03,2019-01,1,1,test,0.7749094461284816,0.7629248996182509,0.5864722398201855,0.6274839783041596,frozen,0.643834476018253,0.643834476018253,0.7188117346687346,0.7350569425448434,0.643834476018253,0.6879476409677694
AAPL|2019-01-03 15:30:00+00:00,AAPL,2019-01-03,2019-01,0,1,test,0.6823710545822125,0.6959020473548932,0.5981429142669847,0.49649948237586056,frozen,0.5937890913730106,0.5937890913730106,0.6714622640829162,0.6392859097237947,0.5937890913730106,0.6182288746449878
AAPL|2019-01-03 16:30:00+00:00,AAPL,2019-01-03,2019-01,0,1,test,0.5154337577472521,0.5390274379367758,0.4884657433176818,0.32997029661549204,frozen,0.4555838852495269,0.4555838852495269,0.5263870142820023,0.47496631251169297,0.4555838852495269,0.46822430890430045
AAPL|2019-01-04 14:30:00+00:00,AAPL,2019-01-04,2019-01,1,1,test,0.6444978574232497,0.6549973900874637,0.5676196117987733,0.6233679281278377,frozen,0.6007762522871585,0.6007762522871585,0.6331529455152911,0.6418402582654502,0.6007762522871585,0.6226206968593311
AAPL|2019-01-04 15:30:00+00:00,AAPL,2019-01-04,2019-01,1,1,test,0.5308075599984263,0.5522870162153743,0.5994434108968081,0.46359836532054155,frozen,0.548323186778146,0.548323186778146,0.5640761148857327,0.5193751253831922,0.548323186778146,0.5365340881077876
AAPL|2019-01-04 16:30:00+00:00,AAPL,2019-01-04,2019-01,0,1,test,0.5568875207465687,0.5597410406113617,0.6343533724591364,0.57087112397876,frozen,0.5991163474109004,0.5991163474109004,0.5783941235733053,0.5610968015208148,0.5991163474109004,0.5804632644489567
AAPL|2019-01-07 14:30:00+00:00,AAPL,2019-01-07,2019-01,0,1,test,0.6717609324511293,0.679189384032783,0.7110283871621763,0.7869819155723249,frozen,0.7201999055869518,0.7201999055869518,0.6871491348151313,0.7024232911268417,0.7201999055869518,0.7122401548046035
AAPL|2019-01-07 15:30:00+00:00,AAPL,2019-01-07,2019-01,0,1,test,0.5608485675161652,0.5564873618375804,0.6206415302916344,0.6103880374118251,frozen,0.6031299163778148,0.6031299163778148,0.5725259039510939,0.572143133570434,0.6031299163778148,0.5870913742643014
AAPL|2019-01-07 16:30:00+00:00,AAPL,2019-01-07,2019-01,1,1,test,0.4232215087364889,0.42501100250285184,0.4490110962590021,0.5287068282584949,frozen,0.46248763237824697,0.46248763237824697,0.43101102594188945,0.45004021205858113,0.46248763237824697,0.4564876089392095
AAPL|2019-01-08 14:30:00+00:00,AAPL,2019-01-08,2019-01,1,1,test,0.6392463395851397,0.6883274652686584,0.593334871193696,0.7427998929510744,frozen,0.6421789937309015,0.6421789937309015,0.6645793167499178,0.677405009347503,0.6421789937309015,0.665927142249642
AAPL|2019-01-08 15:30:00+00:00,AAPL,2019-01-08,2019-01,1,1,test,0.5251140638869636,0.6188782924569244,0.5524619776668044,0.6357802756781261,frozen,0.5664545737246747,0.5664545737246747,0.6022742137593944,0.5762216739772444,0.5664545737246747,0.5830586524222047
AAPL|2019-01-08 16:30:00+00:00,AAPL,2019-01-08,2019-01,1,1,test,0.6173173210760028,0.6686462889942028,0.5776484998841547,0.727661645227989,frozen,0.6250689915180753,0.6250689915180753,0.6458968417166908,0.6577356440935493,0.6250689915180753,0.6478184387955873
AAPL|2019-01-09 14:30:00+00:00,AAPL,2019-01-09,2019-01,1,1,test,0.6157417108928319,0.6445994117031658,0.5728525056213588,0.8169553974460421,frozen,0.6446005298953978,0.6446005298953978,0.6266626851827141,0.6732595577337179,0.6446005298953978,0.6625372564158496
AAPL|2019-01-09 15:30:00+00:00,AAPL,2019-01-09,2019-01,1,1,test,0.49998973495567184,0.5324981676346122,0.5408607623388342,0.5321275883753088,frozen,0.5284597120021622,0.5284597120021622,0.5345888163106677,0.5161513064803162,0.5284597120021622,0.5263690633261068
AAPL|2019-01-09 16:30:00+00:00,AAPL,2019-01-09,2019-01,1,1,test,0.5373331829225719,0.5349061690230694,0.33062117711306416,0.3644636465099283,frozen,0.3907597959146571,0.3907597959146571,0.48383492104556813,0.4935090453445354,0.3907597959146571,0.44183104389215844
AAPL|2019-01-10 14:30:00+00:00,AAPL,2019-01-10,2019-01,1,1,test,0.6761406804086233,0.6778320517488657,0.578057598733253,0.5968925176886659,frozen,0.6072870988909489,0.6072870988909489,0.6528884384949626,0.6567514825636946,0.6072870988909489,0.632230712144852
AAPL|2019-01-10 15:30:00+00:00,AAPL,2019-01-10,2019-01,1,1,test,0.5657515670450166,0.5860057671890828,0.5379310047341311,0.435625693746999,frozen,0.5193098175650694,0.5193098175650694,0.5739870765753449,0.5382836487565288,0.5193098175650694,0.5313285081788074
AAPL|2019-01-10 16:30:00+00:00,AAPL,2019-01-10,2019-01,1,1,test,0.5747155584682507,0.5820089439614308,0.5374709295379929,0.5328133924915027,frozen,0.5456177025089348,0.5456177025089348,0.5708744403555712,0.5660633633473587,0.5456177025089348,0.5567522061147943
AAPL|2019-01-11 14:30:00+00:00,AAPL,2019-01-11,2019-01,0,1,test,0.6744603576559913,0.6591651528479144,0.605578615089356,0.7753817391929972,frozen,0.6652498317569251,0.6652498317569251,0.6457685184082748,0.6958669018382235,0.6652498317569251,0.6786464661965648
AAPL|2019-01-11 15:30:00+00:00,AAPL,2019-01-11,2019-01,0,1,test,0.5638679372963646,0.5839626657245593,0.5644914451797491,0.8148704067529513,frozen,0.6269303086022036,0.6269303086022036,0.5790948605883568,0.63164223676756,0.6269303086022036,0.6317981137384061
AAPL|2019-01-11 16:30:00+00:00,AAPL,2019-01-11,2019-01,1,1,test,0.4828775546587448,0.49625581724045015,0.5735125929822739,0.6800473755193128,frozen,0.5774875290356514,0.5774875290356514,0.5155700111759061,0.5355145755193131,0.5774875290356514,0.5581733351001954
AAPL|2019-01-14 14:30:00+00:00,AAPL,2019-01-14,2019-01,0,1,test,0.5586735576190573,0.554134402940577,0.4871171969550781,0.7228197419335247,frozen,0.5639319233656845,0.5639319233656845,0.5373801014442023,0.5985753150280542,0.5639319233656845,0.5806862248620592
AAPL|2019-01-14 15:30:00+00:00,AAPL,2019-01-14,2019-01,0,1,test,0.44132824358728406,0.47636821656625156,0.5195358283817904,0.47782836290231134,frozen,0.48955706581329406,0.48955706581329406,0.48716011952013627,0.45921326666078277,0.48955706581329406,0.47876516285940934
AAPL|2019-01-14 16:30:00+00:00,AAPL,2019-01-14,2019-01,1,1,test,0.5041215325246409,0.5311338653348372,0.4559444220791028,0.664423651842578,frozen,0.5201085071313561,0.5201085071313561,0.5123365045209036,0.5509501455566742,0.5201085071313561,0.5389058679452897
AAPL|2019-01-15 14:30:00+00:00,AAPL,2019-01-15,2019-01,1,1,test,0.6965114893963158,0.6828511863403284,0.6116472763371856,0.8294363455280285,frozen,0.6873105968996789,0.6873105968996789,0.6650502088395427,0.726327627665247,0.6873105968996789,0.7051115744004646
AAPL|2019-01-15 15:30:00+00:00,AAPL,2019-01-15,2019-01,1,1,test,0.5888435802479277,0.5947113782637852,0.5560824832872838,0.4985388876019451,frozen,0.5498868586061101,0.5498868586061101,0.5850541545196598,0.5677343565903964,0.5498868586061101,0.5595440823502354
AAPL|2019-01-15 16:30:00+00:00,AAPL,2019-01-15,2019-01,1,1,test,0.4605132958614903,0.4650592215760723,0.49832617912140736,0.246509565249239,frozen,0.425918804838386,0.425918804838386,0.4733759609624061,0.408148844637073,0.425918804838386,0.41760206545205225
AAPL|2019-01-16 14:30:00+00:00,AAPL,2019-01-16,2019-01,1,1,test,0.6993647102351374,0.6882722599069752,0.6139991610839419,0.8429113735904881,frozen,0.6925686014983774,0.6925686014983774,0.6697039852012169,0.7324782634919345,0.6925686014983774,0.7111368762041357
AAPL|2019-01-16 15:30:00+00:00,AAPL,2019-01-16,2019-01,1,1,test,0.5921162597902693,0.5825557587200056,0.5690314233689715,0.6083740347360218,frozen,0.5846382853160585,0.5846382853160585,0.579174674882247,0.5937905782591415,0.5846382853160585,0.5880193691538171
AAPL|2019-01-16 16:30:00+00:00,AAPL,2019-01-16,2019-01,1,1,test,0.5746563069974296,0.5507140440205326,0.64624034676508,0.5313905223261559,frozen,0.5996318807134364,0.5996318807134364,0.5745956197066694,0.5578542950853869,0.5996318807134364,0.5757503050272995
AAPL|2019-01-17 14:30:00+00:00,AAPL,2019-01-17,2019-01,1,1,test,0.7738306455621558,0.7553928245070646,0.6316008384941252,0.8766789196630164,frozen,0.7284278105533556,0.7284278105533556,0.7244448280038298,0.7949332588235981,0.7284278105533556,0.7593758070565905
AAPL|2019-01-17 15:30:00+00:00,AAPL,2019-01-17,2019-01,1,1,test,0.6810313004153102,0.6811023201309125,0.5559909924732738,0.7189619022138534,frozen,0.6279937968939278,0.6279937968939278,0.6498244882165028,0.6905317057938466,0.6279937968939278,0.6592716288083376
AAPL|2019-01-17 16:30:00+00:00,AAPL,2019-01-17,2019-01,1,1,test,0.5458060815764681,0.558574576534287,0.43694227238792505,0.7298941459785442,frozen,0.5373961930827156,0.5373961930827156,0.5281665004976965,0.595020221416442,0.5373961930827156,0.5678042691193061
AAPL|2019-01-18 14:30:00+00:00,AAPL,2019-01-18,2019-01,0,1,test,0.7182751512498347,0.6938126863118669,0.5634067893817577,0.47855186663887833,frozen,0.580910149163057,0.580910149163057,0.6612112120793396,0.6522287138626036,0.580910149163057,0.6135116233955844
AAPL|2019-01-18 15:30:00+00:00,AAPL,2019-01-18,2019-01,0,1,test,0.6140499104400757,0.5968189266592021,0.5197366807405247,0.47897474702940784,frozen,0.5331245047376332,0.5331245047376332,0.5775483651795328,0.5759733736421904,0.5331245047376332,0.5523950662173026
AAPL|2019-01-18 16:30:00+00:00,AAPL,2019-01-18,2019-01,0,1,test,0.6647599309403152,0.6456504512799395,0.5323090635358533,0.5658867416956063,frozen,0.573816199926907,0.573816199926907,0.6173151043439179,0.635264263714044,0.573816199926907,0.6021515468629285
AAPL|2019-01-22 14:30:00+00:00,AAPL,2019-01-22,2019-01,0,1,test,0.5383873957539347,0.5334557171440114,0.5328161381097287,0.43598203510772615,frozen,0.5100004267702796,0.5100004267702796,0.5332958223854407,0.5115531359399017,0.5100004267702796,0.5101603215288503
AAPL|2019-01-22 15:30:00+00:00,AAPL,2019-01-22,2019-01,0,1,test,0.4212360523362467,0.4907992672757677,0.5456778576528165,0.31495886845509397,frozen,0.45688765902424344,0.45688765902424344,0.50451891487003,0.41205756010083877,0.45688765902424344,0.4431680114299812
AAPL|2019-01-22 16:30:00+00:00,AAPL,2019-01-22,2019-01,0,1,test,0.4483204135508719,0.5189757657489851,0.4592989370525202,0.36838982143895366,frozen,0.43382702727371647,0.43382702727371647,0.5040565585748689,0.4460016035724206,0.43382702727371647,0.4487462344478327
AAPL|2019-01-23 14:30:00+00:00,AAPL,2019-01-23,2019-01,0,1,test,0.6434448811581925,0.6360165134658875,0.5671957916923908,0.8538663440303461,frozen,0.65792570214333,0.65792570214333,0.6188113330225133,0.6941931549531547,0.65792570214333,0.6751308825867043
AAPL|2019-01-23 15:30:00+00:00,AAPL,2019-01-23,2019-01,0,1,test,0.5296635860576341,0.5444643351251568,0.4538769173805852,0.6467409902551294,frozen,0.5210396027684835,0.5210396027684835,0.5218174806890139,0.5626331243738887,0.5210396027684835,0.5436864572046264
AAPL|2019-01-23 16:30:00+00:00,AAPL,2019-01-23,2019-01,1,1,test,0.46445094742355914,0.4804900356618895,0.4437378854466191,0.5899805988910254,frozen,0.4854768293019557,0.4854768293019557,0.47130199810807194,0.4998431323500083,0.4854768293019557,0.49466486685577327
AAPL|2019-01-24 14:30:00+00:00,AAPL,2019-01-24,2019-01,0,1,test,0.7487646868090275,0.7436332173202129,0.7401568636482695,0.9302077825380888,frozen,0.7898215491609138,0.7898215491609138,0.7427641289022271,0.7928425933690892,0.7898215491609138,0.7906906375788997
AAPL|2019-01-24 15:30:00+00:00,AAPL,2019-01-24,2019-01,0,1,test,0.6503279549630093,0.670922483561544,0.6932748510125188,0.8966825622112685,frozen,0.7333900547998289,0.7333900547998289,0.6765105754242877,0.7170652389247079,0.7333900547998289,0.7278019629370852
AAPL|2019-01-24 16:30:00+00:00,AAPL,2019-01-24,2019-01,1,1,test,0.6010007791621261,0.6053661680177944,0.5910479075951972,0.6395190193553644,frozen,0.6056539034269712,0.6056539034269712,0.6017866029121451,0.6117216864243528,0.6056539034269712,0.6092334685326205
AAPL|2019-01-25 14:30:00+00:00,AAPL,2019-01-25,2019-01,1,1,test,0.6921038308517824,0.7065809735438578,0.621299436478397,0.93226488086267,frozen,0.7167418961678116,0.7167418961678116,0.6852605892774927,0.7557633790275231,0.7167418961678116,0.7380622804341768
AAPL|2019-01-25 15:30:00+00:00,AAPL,2019-01-25,2019-01,1,1,test,0.5838065969664717,0.600016612858071,0.6016079405274306,0.6213750705802867,frozen,0.602099387150405,0.602099387150405,0.6004144447754108,0.5972512193428252,0.602099387150405,0.601701555233065
AAPL|2019-01-25 16:30:00+00:00,AAPL,2019-01-25,2019-01,1,1,test,0.5354542775208102,0.5354367949284149,0.5394374292093721,0.5867174692450905,frozen,0.5502616512961612,0.5502616512961612,0.5364369534986542,0.5482657048037815,0.5502616512961612,0.549261492725922
AAPL|2019-01-28 14:30:00+00:00,AAPL,2019-01-28,2019-01,1,1,test,0.696495499684809,0.6966364069670693,0.644104711891509,0.8475834694681608,frozen,0.708072098233997,0.708072098233997,0.6835034831981792,0.734302718951212,0.708072098233997,0.721205022002887
AAPL|2019-01-28 15:30:00+00:00,AAPL,2019-01-28,2019-01,1,1,test,0.5888252666543362,0.5958727628692597,0.6193378320887314,0.7953014219106594,frozen,0.6557005881856146,0.6557005881856146,0.6017390301741277,0.6422061795221479,0.6557005881856146,0.6498343208807467
AAPL|2019-01-28 16:30:00+00:00,AAPL,2019-01-28,2019-01,1,1,test,0.5278278333749618,0.5179995442719435,0.5231298085604872,0.6364258539458366,frozen,0.5526283261104432,0.5526283261104432,0.5192821103440795,0.552520266241926,0.5526283261104432,0.5513457600383073
AAPL|2019-01-29 14:30:00+00:00,AAPL,2019-01-29,2019-01,0,1,test,0.7637058094498873,0.7438487123535013,0.6538101911491744,0.852405430401446,frozen,0.7309329055374205,0.7309329055374205,0.7213390820524195,0.7809164404136805,0.7309329055374205,0.7534425358385022
AAPL|2019-01-29 15:30:00+00:00,AAPL,2019-01-29,2019-01,0,1,test,0.6685316408753962,0.6622562092050612,0.5460677373084615,0.7855892013013313,frozen,0.6365640791984126,0.6365640791984126,0.6332090912309113,0.6962271730642962,0.6365640791984126,0.6656111971725626
AAPL|2019-01-29 16:30:00+00:00,AAPL,2019-01-29,2019-01,0,1,test,0.5099685215712227,0.5237616952577252,0.4239052414169596,0.5168511564222716,frozen,0.46865754020685335,0.46865754020685335,0.49879758179753386,0.5151374737056106,0.46865754020685335,0.4936216536670448
AAPL|2019-01-30 14:30:00+00:00,AAPL,2019-01-30,2019-01,0,1,test,0.6574402570737883,0.6779579388735272,0.5886631806215318,0.7369117452847453,frozen,0.6429195909003993,0.6429195909003993,0.6556342493105284,0.6824375495764623,0.6429195909003993,0.6652432804633982
AAPL|2019-01-30 15:30:00+00:00,AAPL,2019-01-30,2019-01,1,1,test,0.5449667129071099,0.5763165350894572,0.5601024709284436,0.6019110361287932,frozen,0.5667706727231976,0.5667706727231976,0.5722630190492038,0.5670402492581175,0.5667706727231976,0.5708241887634509
AAPL|2019-01-30 16:30:00+00:00,AAPL,2019-01-30,2019-01,1,1,test,0.44970802652393893,0.45853459318617606,0.4225342815708121,0.5534427437490824,frozen,0.4620548333536614,0.4620548333536614,0.4495345152823351,0.4778483474957841,0.4620548333536614,0.4710549112575024
AAPL|2019-01-31 14:30:00+00:00,AAPL,2019-01-31,2019-01,1,1,test,0.8568268371009998,0.8197487074536056,0.6559337871474136,0.9321738875097606,frozen,0.7752170747263969,0.7752170747263969,0.7787949773770576,0.8663940672913415,0.7752170747263969,0.8161708048029449
AAPL|2019-01-31 15:30:00+00:00,AAPL,2019-01-31,2019-01,0,1,test,0.7887866857393485,0.7635312699797399,0.5972651174541578,0.8888965423582315,frozen,0.7180533657514739,0.7180533657514739,0.7219647318483443,0.8075002959541671,0.7180533657514739,0.7596199038828695
AAPL|2019-01-31 16:30:00+00:00,AAPL,2019-01-31,2019-01,0,1,test,0.646880982061523,0.6292990137581196,0.554922975570617,0.6792782551306227,frozen,0.6090012970833449,0.6090012970833449,0.610705004211244,0.6505848082529471,0.6090012970833449,0.6275953066302206
AAPL|2019-02-01 14:30:00+00:00,AAPL,2019-02-01,2019-02,0,1,test,0.6793644563819417,0.6728048967368216,0.6587951821962565,0.7249461257911917,frozen,0.6804752366414116,0.6804752366414116,0.6693024681016804,0.6891199838229741,0.6804752366414116,0.6839776652765528
AAPL|2019-02-01 15:30:00+00:00,AAPL,2019-02-01,2019-02,0,1,test,0.5693743456047358,0.5733719671900694,0.6186038182787709,0.6265494699813643,frozen,0.6082828630359105,0.6082828630359105,0.5846799299622448,0.5846675320952264,0.6082828630359105,0.596974900263735
AMZN|2018-06-01 13:30:00+00:00,AMZN,2018-06-01,2018-06,1,1,train,0.5260928407347693,0.5319848713510389,0.5003727261066812,0.5317156556479737,outer,0.5132327834207252,0.5132327834207252,0.5132327834207252,0.5260928407347693,0.5132327834207252,0.5225415234601157
AMZN|2018-06-01 14:30:00+00:00,AMZN,2018-06-01,2018-06,1,1,train,0.5061270344761485,0.5131399689522244,0.499838387095302,0.5300645568610577,outer,0.5029827107857252,0.5029827107857252,0.5029827107857252,0.5061270344761485,0.5029827107857252,0.5122924868461831
AMZN|2018-06-01 15:30:00+00:00,AMZN,2018-06-01,2018-06,0,1,train,0.47023287636611005,0.47688914706898056,0.452484269157761,0.5215021225611175,outer,0.46135857276193554,0.46135857276193554,0.46135857276193554,0.47023287636611005,0.46135857276193554,0.4802771037884923
AMZN|2018-06-04 13:30:00+00:00,AMZN,2018-06-04,2018-06,1,0,train,0.575634686120253,0.5776221359444681,0.6169371179871864,0.5377153393607539,outer,0.575634686120253,0.575634686120253,0.575634686120253,0.575634686120253,0.575634686120253,0.575634686120253
AMZN|2018-06-04 14:30:00+00:00,AMZN,2018-06-04,2018-06,1,1,train,0.55599455141788,0.556626234769262,0.5381786895502818,0.4648620811830931,outer,0.547086620484081,0.547086620484081,0.547086620484081,0.55599455141788,0.547086620484081,0.5289153892301293
AMZN|2018-06-04 15:30:00+00:00,AMZN,2018-06-04,2018-06,1,1,train,0.4673665707855687,0.46721562574741937,0.38844499820748596,0.44567473627637333,outer,0.42790578449652733,0.42790578449652733,0.42790578449652733,0.4673665707855687,0.42790578449652733,0.44217548275421187
AMZN|2018-06-05 13:30:00+00:00,AMZN,2018-06-05,2018-06,1,0,train,0.5504687513272286,0.5506277568958172,0.5551981207718358,0.5355874123493181,outer,0.5504687513272286,0.5504687513272286,0.5504687513272286,0.5504687513272286,0.5504687513272286,0.5504687513272286
AMZN|2018-06-05 14:30:00+00:00,AMZN,2018-06-05,2018-06,1,0,train,0.5306136392336888,0.53187296222359,0.5546702317742854,0.5339379991484892,outer,0.5306136392336888,0.5306136392336888,0.5306136392336888,0.5306136392336888,0.5306136392336888,0.5306136392336888
AMZN|2018-06-05 15:30:00+00:00,AMZN,2018-06-05,2018-06,1,1,train,0.5626979706546554,0.5710283008585784,0.44725458882774327,0.5528402292198332,outer,0.5049762797411994,0.5049762797411994,0.5049762797411994,0.5626979706546554,0.5049762797411994,0.5334552723902026
AMZN|2018-06-06 13:30:00+00:00,AMZN,2018-06-06,2018-06,0,1,train,0.5537788984804523,0.5560183269047447,0.4064854392357456,0.5498210114704469,outer,0.48013216885809895,0.48013216885809895,0.48013216885809895,0.5537788984804523,0.48013216885809895,0.5165259190228474
AMZN|2018-06-06 14:30:00+00:00,AMZN,2018-06-06,2018-06,1,1,train,0.5339462069490588,0.5372994579936562,0.40596989451359655,0.5481795047351926,outer,0.4699580507313277,0.4699580507313277,0.4699580507313277,0.5339462069490588,0.4699580507313277,0.506348766047876
AMZN|2018-06-06 15:30:00+00:00,AMZN,2018-06-06,2018-06,0,1,train,0.5086116777961688,0.5147345763295058,0.4082577965571085,0.5139946870897122,outer,0.45843473717663863,0.45843473717663863,0.45843473717663863,0.5086116777961688,0.45843473717663863,0.48639968444312376
AMZN|2018-06-07 13:30:00+00:00,AMZN,2018-06-07,2018-06,0,1,train,0.50436171013194,0.5053312806866083,0.2855538743825185,0.5448449442813676,outer,0.39495779225722927,0.39495779225722927,0.39495779225722927,0.50436171013194,0.39495779225722927,0.46002295237060864
AMZN|2018-06-07 14:30:00+00:00,AMZN,2018-06-07,2018-06,1,1,train,0.4843776824668332,0.46863807455337314,0.2851180261395949,0.4722569057158777,outer,0.38474785430321407,0.38474785430321407,0.38474785430321407,0.4843776824668332,0.38474785430321407,0.42759767221891976
AMZN|2018-06-07 15:30:00+00:00,AMZN,2018-06-07,2018-06,0,1,train,0.40458384461993396,0.3802892842716564,0.5932972088282116,0.43433152268026654,outer,0.49894052672407274,0.49894052672407274,0.49894052672407274,0.40458384461993396,0.49894052672407274,0.45312546510001717
AMZN|2018-06-08 13:30:00+00:00,AMZN,2018-06-08,2018-06,1,0,train,0.5326030747717296,0.5315794192082768,0.5117916448236148,0.5451876232866404,outer,0.5326030747717296,0.5326030747717296,0.5326030747717296,0.5326030747717296,0.5326030747717296,0.5326030747717296
AMZN|2018-06-08 14:30:00+00:00,AMZN,2018-06-08,2018-06,1,0,train,0.512657470914339,0.5127331444848765,0.5112575896653105,0.543543247651075,outer,0.512657470914339,0.512657470914339,0.512657470914339,0.512657470914339,0.512657470914339,0.512657470914339
AMZN|2018-06-08 15:30:00+00:00,AMZN,2018-06-08,2018-06,0,0,train,0.5592073449343883,0.5610817987910413,0.5634398223762113,0.5578320798987085,outer,0.5592073449343883,0.5592073449343883,0.5592073449343883,0.5592073449343883,0.5592073449343883,0.5592073449343883
AMZN|2018-06-11 13:30:00+00:00,AMZN,2018-06-11,2018-06,1,0,train,0.5444912256104014,0.5473154479446809,0.595911224228946,0.5327539425661713,outer,0.5444912256104014,0.5444912256104014,0.5444912256104014,0.5444912256104014,0.5444912256104014,0.5444912256104014
AMZN|2018-06-11 14:30:00+00:00,AMZN,2018-06-11,2018-06,1,1,train,0.5246001086623591,0.5284737169181413,0.5440264991022133,0.46439448865788224,outer,0.5343133038822863,0.5343133038822863,0.5343133038822863,0.5246001086623591,0.5343133038822863,0.515373703335149
AMZN|2018-06-11 15:30:00+00:00,AMZN,2018-06-11,2018-06,1,1,train,0.470999481505157,0.47262448257676865,0.4113599842407743,0.45174326190077363,outer,0.44117973287296564,0.44117973287296564,0.44117973287296564,0.470999481505157,0.44117973287296564,0.45168180255586843
AMZN|2018-06-12 13:30:00+00:00,AMZN,2018-06-12,2018-06,1,1,train,0.5149494340545537,0.5266603165945826,0.6077650454185004,0.5496391539224899,outer,0.5613572397365271,0.5613572397365271,0.5613572397365271,0.5149494340545537,0.5613572397365271,0.5497534874975316
AMZN|2018-06-12 14:30:00+00:00,AMZN,2018-06-12,2018-06,1,0,train,0.49496483637444944,0.4976382437134734,0.521931908538224,0.5237877108192238,outer,0.49496483637444944,0.49496483637444944,0.49496483637444944,0.49496483637444944,0.49496483637444944,0.49496483637444944
AMZN|2018-06-12 15:30:00+00:00,AMZN,2018-06-12,2018-06,0,0,train,0.49800014229214057,0.5001597415715309,0.5040322847704514,0.5267824926727648,outer,0.49800014229214057,0.49800014229214057,0.49800014229214057,0.49800014229214057,0.49800014229214057,0.49800014229214057
AMZN|2018-06-13 13:30:00+00:00,AMZN,2018-06-13,2018-06,1,1,train,0.5096396532267267,0.49641204349697,0.26590650445483116,0.5083170790316532,outer,0.38777307884077894,0.38777307884077894,0.38777307884077894,0.5096396532267267,0.38777307884077894,0.44506882005254533
AMZN|2018-06-13 14:30:00+00:00,AMZN,2018-06-13,2018-06,0,1,train,0.4896531002284523,0.4775414915198394,0.2654895007962996,0.5066600259611748,outer,0.377571300512376,0.377571300512376,0.377571300512376,0.4896531002284523,0.377571300512376,0.4348360296264415
AMZN|2018-06-13 15:30:00+00:00,AMZN,2018-06-13,2018-06,0,1,train,0.4798628359008407,0.46705852605922893,0.24433179513289802,0.5083251776977048,outer,0.36209731551686936,0.36209731551686936,0.36209731551686936,0.4798628359008407,0.36209731551686936,0.4248945836976681
AMZN|2018-06-14 13:30:00+00:00,AMZN,2018-06-14,2018-06,1,0,train,0.5589042566746022,0.5590533459034813,0.5296441979827526,0.5388806558772488,outer,0.5589042566746022,0.5589042566746022,0.5589042566746022,0.5589042566746022,0.5589042566746022,0.5589042566746022
AMZN|2018-06-14 14:30:00+00:00,AMZN,2018-06-14,2018-06,1,1,train,0.5391097755917588,0.535931964725253,0.2777896286433862,0.42835594145335976,outer,0.4084497021175725,0.4084497021175725,0.4084497021175725,0.5391097755917588,0.4084497021175725,0.4452968276034394
AMZN|2018-06-14 15:30:00+00:00,AMZN,2018-06-14,2018-06,1,1,train,0.5268076987436621,0.5225659443026119,0.26284034967932557,0.4364013463216624,outer,0.3948240242114938,0.3948240242114938,0.3948240242114938,0.5268076987436621,0.3948240242114938,0.4371538347618156
AMZN|2018-06-15 13:30:00+00:00,AMZN,2018-06-15,2018-06,1,1,train,0.5143834277666268,0.515070021805103,0.5790119330314452,0.5773435264336179,outer,0.546697680399036,0.546697680399036,0.546697680399036,0.5143834277666268,0.546697680399036,0.5464522272591982
AMZN|2018-06-15 14:30:00+00:00,AMZN,2018-06-15,2018-06,1,0,train,0.4943984067591288,0.4962456920002793,0.5066289908013579,0.5224397367628838,outer,0.4943984067591288,0.4943984067591288,0.4943984067591288,0.4943984067591288,0.4943984067591288,0.4943984067591288
AMZN|2018-06-15 15:30:00+00:00,AMZN,2018-06-15,2018-06,1,0,train,0.5019074611613173,0.5034391618208937,0.513005699832644,0.525007489984108,outer,0.5019074611613173,0.5019074611613173,0.5019074611613173,0.5019074611613173,0.5019074611613173,0.5019074611613173
AMZN|2018-06-18 13:30:00+00:00,AMZN,2018-06-18,2018-06,1,0,train,0.5290357604557903,0.5313091826245255,0.573118582458421,0.522626115937707,outer,0.5290357604557903,0.5290357604557903,0.5290357604557903,0.5290357604557903,0.5290357604557903,0.5290357604557903
AMZN|2018-06-18 14:30:00+00:00,AMZN,2018-06-18,2018-06,1,1,train,0.5090782430677319,0.5261798277999181,0.2981460490788084,0.5525758173139068,outer,0.4036121460732701,0.4036121460732701,0.4036121460732701,0.5090782430677319,0.4036121460732701,0.4714949843150913
AMZN|2018-06-18 15:30:00+00:00,AMZN,2018-06-18,2018-06,0,1,train,0.5337719508415405,0.5469361871644355,0.11545758249486318,0.5789553468284837,outer,0.3246147666682018,0.3246147666682018,0.3246147666682018,0.5337719508415405,0.3246147666682018,0.44378026683233074
AMZN|2018-06-19 13:30:00+00:00,AMZN,2018-06-19,2018-06,1,1,train,0.5065634670626092,0.5096506771497875,0.2956795558874897,0.42037362706149495,outer,0.4011215114750495,0.4011215114750495,0.4011215114750495,0.5065634670626092,0.4011215114750495,0.43306683179034533
AMZN|2018-06-19 14:30:00+00:00,AMZN,2018-06-19,2018-06,1,1,train,0.48657784463882003,0.49076731308371985,0.2952346391500685,0.4187590936287513,outer,0.39090624189444423,0.39090624189444423,0.39090624189444423,0.48657784463882003,0.39090624189444423,0.4228347226253399
AMZN|2018-06-19 15:30:00+00:00,AMZN,2018-06-19,2018-06,1,0,train,0.45682714870719887,0.46078098923909666,0.4854694224139887,0.5039633024213243,outer,0.45682714870719887,0.45682714870719887,0.45682714870719887,0.45682714870719887,0.45682714870719887,0.45682714870719887
AMZN|2018-06-20 13:30:00+00:00,AMZN,2018-06-20,2018-06,1,1,train,0.5490919916958177,0.5542268043412689,0.4626084566109231,0.6053364920073434,outer,0.5058502241533704,0.5058502241533704,0.5058502241533704,0.5490919916958177,0.5058502241533704,0.5428159361638383
AMZN|2018-06-20 14:30:00+00:00,AMZN,2018-06-20,2018-06,1,0,train,0.529228075624443,0.5315713831831107,0.6143022035937385,0.5649370706415806,outer,0.529228075624443,0.529228075624443,0.529228075624443,0.529228075624443,0.529228075624443,0.529228075624443
AMZN|2018-06-20 15:30:00+00:00,AMZN,2018-06-20,2018-06,1,0,train,0.5444542794537577,0.5450035712823228,0.5527223812471372,0.5538019697215671,outer,0.5444542794537577,0.5444542794537577,0.5444542794537577,0.5444542794537577,0.5444542794537577,0.5444542794537577
AMZN|2018-06-21 13:30:00+00:00,AMZN,2018-06-21,2018-06,0,0,train,0.523368909891035,0.5261262049643434,0.5477437602266059,0.5244232765313639,outer,0.523368909891035,0.523368909891035,0.523368909891035,0.523368909891035,0.523368909891035,0.523368909891035
AMZN|2018-06-21 14:30:00+00:00,AMZN,2018-06-21,2018-06,1,0,train,0.5033966709094374,0.5072638981464276,0.5472142393394407,0.5227695430409409,outer,0.5033966709094374,0.5033966709094374,0.5033966709094374,0.5033966709094374,0.5033966709094374,0.5033966709094374
AMZN|2018-06-21 15:30:00+00:00,AMZN,2018-06-21,2018-06,0,0,train,0.42648324910727403,0.43452350054315886,0.5091275970909972,0.49155522733655194,outer,0.42648324910727403,0.42648324910727403,0.42648324910727403,0.42648324910727403,0.42648324910727403,0.42648324910727403
AMZN|2018-06-22 13:30:00+00:00,AMZN,2018-06-22,2018-06,0,0,train,0.4591615301547697,0.4629069387900131,0.5443465188752067,0.5341967764834389,outer,0.4591615301547697,0.4591615301547697,0.4591615301547697,0.4591615301547697,0.4591615301547697,0.4591615301547697
AMZN|2018-06-22 14:30:00+00:00,AMZN,2018-06-22,2018-06,1,0,train,0.4393807834511889,0.4441866228551456,0.5438163330920456,0.5325467349734758,outer,0.4393807834511889,0.4393807834511889,0.4393807834511889,0.4393807834511889,0.4393807834511889,0.4393807834511889
AMZN|2018-06-22 15:30:00+00:00,AMZN,2018-06-22,2018-06,0,0,train,0.35107709626679584,0.3584609358354292,0.44293284534837957,0.48063971450341464,outer,0.35107709626679584,0.35107709626679584,0.35107709626679584,0.35107709626679584,0.35107709626679584,0.35107709626679584
AMZN|2018-06-25 13:30:00+00:00,AMZN,2018-06-25,2018-06,0,0,train,0.4887295121388414,0.4918946462233863,0.5629904618108649,0.5170321845821066,outer,0.4887295121388414,0.4887295121388414,0.4887295121388414,0.4887295121388414,0.4887295121388414,0.4887295121388414
AMZN|2018-06-25 14:30:00+00:00,AMZN,2018-06-25,2018-06,0,0,train,0.4687790497196298,0.4730345129912573,0.5624645327164123,0.5153765005635605,outer,0.4687790497196298,0.4687790497196298,0.4687790497196298,0.4687790497196298,0.4687790497196298,0.4687790497196298
AMZN|2018-06-25 15:30:00+00:00,AMZN,2018-06-25,2018-06,0,0,train,0.36774844313618815,0.3753633024938824,0.43587226250818406,0.4682018710131503,outer,0.36774844313618815,0.36774844313618815,0.36774844313618815,0.36774844313618815,0.36774844313618815,0.36774844313618815
AMZN|2018-06-26 13:30:00+00:00,AMZN,2018-06-26,2018-06,1,1,train,0.5192566648524717,0.5287723799106948,0.4643551908278373,0.49043660630653296,outer,0.49180592784015453,0.49180592784015453,0.49180592784015453,0.5192566648524717,0.49180592784015453,0.5007052104743842
AMZN|2018-06-26 14:30:00+00:00,AMZN,2018-06-26,2018-06,1,1,train,0.49927696989233894,0.506995251396138,0.4389283253336628,0.4009891702343525,outer,0.4691026476130009,0.4691026476130009,0.4691026476130009,0.49927696989233894,0.4691026476130009,0.46154742921412306
AMZN|2018-06-26 15:30:00+00:00,AMZN,2018-06-26,2018-06,1,1,train,0.48504472724236064,0.4923089890437798,0.37946962459207645,0.40155397565585704,outer,0.4322571759172186,0.4322571759172186,0.4322571759172186,0.48504472724236064,0.4322571759172186,0.4395943291335185
AMZN|2018-06-27 13:30:00+00:00,AMZN,2018-06-27,2018-06,0,1,train,0.5181710388161062,0.5225151140328167,0.511274837058575,0.5125312878967352,outer,0.5147229379373406,0.5147229379373406,0.5147229379373406,0.5181710388161062,0.5147229379373406,0.5161230694510583
AMZN|2018-06-27 14:30:00+00:00,AMZN,2018-06-27,2018-06,0,0,train,0.49818982791641203,0.5039763107036253,0.592486043937751,0.5300338370087693,outer,0.49818982791641203,0.49818982791641203,0.49818982791641203,0.49818982791641203,0.49818982791641203,0.49818982791641203
AMZN|2018-06-27 15:30:00+00:00,AMZN,2018-06-27,2018-06,0,0,train,0.4617709560515337,0.46711899965831055,0.5250562768660476,0.523455342976227,outer,0.4617709560515337,0.4617709560515337,0.4617709560515337,0.4617709560515337,0.4617709560515337,0.4617709560515337
AMZN|2018-06-28 13:30:00+00:00,AMZN,2018-06-28,2018-06,1,0,train,0.5321109490408931,0.5305984957407371,0.4475868694060396,0.5198596410642219,outer,0.5321109490408931,0.5321109490408931,0.5321109490408931,0.5321109490408931,0.5321109490408931,0.5321109490408931
AMZN|2018-06-28 14:30:00+00:00,AMZN,2018-06-28,2018-06,1,0,train,0.5121635800059978,0.5117490041777684,0.44705846132546107,0.5182046176388867,outer,0.5121635800059978,0.5121635800059978,0.5121635800059978,0.5121635800059978,0.5121635800059978,0.5121635800059978
AMZN|2018-06-28 15:30:00+00:00,AMZN,2018-06-28,2018-06,1,0,train,0.6440262674540252,0.6453273338601611,0.6361574435297591,0.5734457042768094,outer,0.6440262674540252,0.6440262674540252,0.6440262674540252,0.6440262674540252,0.6440262674540252,0.6440262674540252
AMZN|2018-06-29 13:30:00+00:00,AMZN,2018-06-29,2018-06,0,0,train,0.6427258826897781,0.6454853243906598,0.7043882493832657,0.581951569956871,outer,0.6427258826897781,0.6427258826897781,0.6427258826897781,0.6427258826897781,0.6427258826897781,0.6427258826897781
AMZN|2018-06-29 14:30:00+00:00,AMZN,2018-06-29,2018-06,0,1,train,0.6241634896800966,0.6218828396506789,0.7527153953361856,0.543724710937269,outer,0.688439442508141,0.688439442508141,0.688439442508141,0.6241634896800966,0.688439442508141,0.6356216089010576
AMZN|2018-06-29 15:30:00+00:00,AMZN,2018-06-29,2018-06,0,1,train,0.4884671574261988,0.48810845779298845,0.6620408184460576,0.5113526389345463,outer,0.5752539879361281,0.5752539879361281,0.5752539879361281,0.4884671574261988,0.5752539879361281,0.5374922681499478
AMZN|2018-07-02 13:30:00+00:00,AMZN,2018-07-02,2018-07,1,0,train,0.7551280375829951,0.7528384866154093,0.6089986114661661,0.8061847343096101,outer,0.7551280375829951,0.7551280375829951,0.7551280375829951,0.7551280375829951,0.7551280375829951,0.7551280375829951
AMZN|2018-07-02 14:30:00+00:00,AMZN,2018-07-02,2018-07,1,0,train,0.7312346287085767,0.7293722162178247,0.6004597965844811,0.7921353312245442,outer,0.7312346287085767,0.7312346287085767,0.7312346287085767,0.7312346287085767,0.7312346287085767,0.7312346287085767
AMZN|2018-07-02 15:30:00+00:00,AMZN,2018-07-02,2018-07,1,0,train,0.5494658427309046,0.5447766982744445,0.530705576595081,0.577734111247575,outer,0.5494658427309046,0.5494658427309046,0.5494658427309046,0.5494658427309046,0.5494658427309046,0.5494658427309046
AMZN|2018-07-05 13:30:00+00:00,AMZN,2018-07-05,2018-07,0,0,train,0.6766383008961707,0.6775892785841809,0.5868015105265313,0.7012851876708296,outer,0.6766383008961707,0.6766383008961707,0.6766383008961707,0.6766383008961707,0.6766383008961707,0.6766383008961707
AMZN|2018-07-05 14:30:00+00:00,AMZN,2018-07-05,2018-07,1,0,train,0.648649705325177,0.6502972750640655,0.5781137589356397,0.6826252740116041,outer,0.648649705325177,0.648649705325177,0.648649705325177,0.648649705325177,0.648649705325177,0.648649705325177
AMZN|2018-07-05 15:30:00+00:00,AMZN,2018-07-05,2018-07,1,0,train,0.5206843321351018,0.5238117802064912,0.5096520724170678,0.6013165351192262,outer,0.5206843321351018,0.5206843321351018,0.5206843321351018,0.5206843321351018,0.5206843321351018,0.5206843321351018
AMZN|2018-07-06 13:30:00+00:00,AMZN,2018-07-06,2018-07,1,0,train,0.5266626696288411,0.5266655704910606,0.5341899948491218,0.5363529375721333,outer,0.5266626696288411,0.5266626696288411,0.5266626696288411,0.5266626696288411,0.5266626696288411,0.5266626696288411
AMZN|2018-07-06 14:30:00+00:00,AMZN,2018-07-06,2018-07,1,0,train,0.49537405614839014,0.496098751938191,0.5252909359062674,0.5145225023906805,outer,0.49537405614839014,0.49537405614839014,0.49537405614839014,0.49537405614839014,0.49537405614839014,0.49537405614839014
AMZN|2018-07-06 15:30:00+00:00,AMZN,2018-07-06,2018-07,1,0,train,0.5825706288855225,0.5801134138162181,0.5507732959167714,0.619622916433224,outer,0.5825706288855225,0.5825706288855225,0.5825706288855225,0.5825706288855225,0.5825706288855225,0.5825706288855225
AMZN|2018-07-09 13:30:00+00:00,AMZN,2018-07-09,2018-07,1,0,train,0.578839221505704,0.5794458852667942,0.5570585877714057,0.5794919250984304,outer,0.578839221505704,0.578839221505704,0.578839221505704,0.578839221505704,0.578839221505704,0.578839221505704
AMZN|2018-07-09 14:30:00+00:00,AMZN,2018-07-09,2018-07,1,0,train,0.5480398159146844,0.5493711545095802,0.5482269343377605,0.5580188750332385,outer,0.5480398159146844,0.5480398159146844,0.5480398159146844,0.5480398159146844,0.5480398159146844,0.5480398159146844
AMZN|2018-07-09 15:30:00+00:00,AMZN,2018-07-09,2018-07,1,0,train,0.5040651492182668,0.5038099290923244,0.5115215106600381,0.5390669917917115,outer,0.5040651492182668,0.5040651492182668,0.5040651492182668,0.5040651492182668,0.5040651492182668,0.5040651492182668
AMZN|2018-07-10 13:30:00+00:00,AMZN,2018-07-10,2018-07,1,0,train,0.6094203012691448,0.607732036340437,0.5587128122286195,0.6378848724311844,outer,0.6094203012691448,0.6094203012691448,0.6094203012691448,0.6094203012691448,0.6094203012691448,0.6094203012691448
AMZN|2018-07-10 14:30:00+00:00,AMZN,2018-07-10,2018-07,0,0,train,0.5792316141122387,0.5782076626961795,0.5498874909882404,0.6174250700145277,outer,0.5792316141122387,0.5792316141122387,0.5792316141122387,0.5792316141122387,0.5792316141122387,0.5792316141122387
AMZN|2018-07-10 15:30:00+00:00,AMZN,2018-07-10,2018-07,0,0,train,0.5126754786454828,0.5115023073200912,0.5183662253775361,0.5520840475483635,outer,0.5126754786454828,0.5126754786454828,0.5126754786454828,0.5126754786454828,0.5126754786454828,0.5126754786454828
AMZN|2018-07-11 13:30:00+00:00,AMZN,2018-07-11,2018-07,1,0,train,0.5256426795950564,0.5257109879117385,0.5274117705257755,0.5242264416660108,outer,0.5256426795950564,0.5256426795950564,0.5256426795950564,0.5256426795950564,0.5256426795950564,0.5256426795950564
AMZN|2018-07-11 14:30:00+00:00,AMZN,2018-07-11,2018-07,0,1,train,0.49435137588949524,0.49255950684888355,0.5184999388711782,0.5021411444967879,outer,0.49435137588949524,0.5064256573803367,0.49435137588949524,0.49435137588949524,0.49435137588949524,0.5018879915265863
AMZN|2018-07-11 15:30:00+00:00,AMZN,2018-07-11,2018-07,1,1,train,0.630491017484271,0.6229565787015507,0.5526706981406403,0.6751360008749467,outer,0.630491017484271,0.5915808578124557,0.630491017484271,0.630491017484271,0.630491017484271,0.6203135738003522
AMZN|2018-07-12 13:30:00+00:00,AMZN,2018-07-12,2018-07,1,0,train,0.49298860511120957,0.49228166831628595,0.5181761501902492,0.4825447762432838,outer,0.49298860511120957,0.49298860511120957,0.49298860511120957,0.49298860511120957,0.49298860511120957,0.49298860511120957
AMZN|2018-07-12 14:30:00+00:00,AMZN,2018-07-12,2018-07,1,0,train,0.4617489695772972,0.461763632443286,0.5092522114404513,0.46072812891254306,outer,0.4617489695772972,0.4617489695772972,0.4617489695772972,0.4617489695772972,0.4617489695772972,0.4617489695772972
AMZN|2018-07-12 15:30:00+00:00,AMZN,2018-07-12,2018-07,1,0,train,0.5853193628830698,0.5809786954484938,0.5445502340197821,0.6228311468766019,outer,0.5853193628830698,0.5853193628830698,0.5853193628830698,0.5853193628830698,0.5853193628830698,0.5853193628830698
AMZN|2018-07-13 13:30:00+00:00,AMZN,2018-07-13,2018-07,1,0,train,0.558464208396043,0.5588627492389685,0.5457050585999028,0.5610565972136977,outer,0.558464208396043,0.558464208396043,0.558464208396043,0.558464208396043,0.558464208396043,0.558464208396043
AMZN|2018-07-13 14:30:00+00:00,AMZN,2018-07-13,2018-07,0,1,train,0.5273913490601088,0.526927637493965,0.526777802275123,0.5654244268285258,outer,0.5273913490601088,0.5270845756676159,0.5273913490601088,0.5273913490601088,0.5273913490601088,0.5366303039144307
AMZN|2018-07-13 15:30:00+00:00,AMZN,2018-07-13,2018-07,0,1,train,0.5731206355804647,0.5642063931055205,0.4662361501600615,0.6249812052984178,outer,0.5731206355804647,0.5196783928702631,0.5731206355804647,0.5731206355804647,0.5731206355804647,0.5571360960361161
AMZN|2018-07-16 13:30:00+00:00,AMZN,2018-07-16,2018-07,1,0,train,0.6523270751357468,0.6517502250681115,0.5783161495653497,0.6796244578147541,outer,0.6523270751357468,0.6523270751357468,0.6523270751357468,0.6523270751357468,0.6523270751357468,0.6523270751357468
AMZN|2018-07-16 14:30:00+00:00,AMZN,2018-07-16,2018-07,1,1,train,0.6234053814876485,0.6307480472016127,0.5325799144455226,0.7577147685013508,outer,0.6234053814876485,0.5779926479665856,0.6234053814876485,0.6234053814876485,0.6234053814876485,0.6361120279090335
AMZN|2018-07-16 15:30:00+00:00,AMZN,2018-07-16,2018-07,0,1,train,0.5690174772614709,0.5721770514160797,0.4967356544896812,0.6470657213728345,outer,0.5690174772614709,0.5328765658755761,0.5690174772614709,0.5690174772614709,0.5690174772614709,0.5712489761350166
AMZN|2018-07-17 13:30:00+00:00,AMZN,2018-07-17,2018-07,1,1,train,0.43264167098400047,0.43170874133922255,0.42839877055999015,0.37218898201415956,outer,0.43264167098400047,0.4305202207719953,0.43264167098400047,0.43264167098400047,0.43264167098400047,0.41623454122434317
AMZN|2018-07-17 14:30:00+00:00,AMZN,2018-07-17,2018-07,1,1,train,0.4021926151666124,0.4019728025128846,0.4196742643540379,0.3519679833432979,outer,0.4021926151666124,0.41093343976032515,0.4021926151666124,0.4021926151666124,0.4021926151666124,0.3939519163442082
AMZN|2018-07-17 15:30:00+00:00,AMZN,2018-07-17,2018-07,1,1,train,0.40125534117618344,0.3980377739688658,0.4143110624349017,0.3193714332472812,outer,0.40125534117618344,0.40778320180554256,0.40125534117618344,0.40125534117618344,0.40125534117618344,0.383243902706808
AMZN|2018-07-18 13:30:00+00:00,AMZN,2018-07-18,2018-07,0,1,train,0.5712557667928319,0.5796089916307114,0.47600427711479115,0.4856558981911611,outer,0.5712557667928319,0.5236300219538115,0.5712557667928319,0.5712557667928319,0.5712557667928319,0.5281312334323739
AMZN|2018-07-18 14:30:00+00:00,AMZN,2018-07-18,2018-07,1,1,train,0.540342175419027,0.5471416968340993,0.4741709460461513,0.4541092588425775,outer,0.540342175419027,0.5072565607325892,0.540342175419027,0.540342175419027,0.540342175419027,0.5039410192854638
AMZN|2018-07-18 15:30:00+00:00,AMZN,2018-07-18,2018-07,0,1,train,0.44722512845797846,0.4599720479330087,0.4330718382292455,0.4166985826099874,outer,0.44722512845797846,0.440148483343612,0.44722512845797846,0.44722512845797846,0.44722512845797846,0.43924189930755503
AMZN|2018-07-19 13:30:00+00:00,AMZN,2018-07-19,2018-07,0,0,train,0.5662667333353688,0.5658867858884076,0.5475860138533035,0.604889851818319,outer,0.5662667333353688,0.5662667333353688,0.5662667333353688,0.5662667333353688,0.5662667333353688,0.5662667333353688
AMZN|2018-07-19 14:30:00+00:00,AMZN,2018-07-19,2018-07,0,0,train,0.5352860520690356,0.5356195055674204,0.5387218861163261,0.5837822178603188,outer,0.5352860520690356,0.5352860520690356,0.5352860520690356,0.5352860520690356,0.5352860520690356,0.5352860520690356
AMZN|2018-07-19 15:30:00+00:00,AMZN,2018-07-19,2018-07,0,0,train,0.43495771177422543,0.435163788228378,0.4950399800599028,0.4608964713767367,outer,0.43495771177422543,0.43495771177422543,0.43495771177422543,0.43495771177422543,0.43495771177422543,0.43495771177422543
AMZN|2018-07-20 13:30:00+00:00,AMZN,2018-07-20,2018-07,0,0,train,0.5840558050282205,0.5844251896313933,0.5328955550530569,0.6166815507935328,outer,0.5840558050282205,0.5840558050282205,0.5840558050282205,0.5840558050282205,0.5840558050282205,0.5840558050282205
AMZN|2018-07-20 14:30:00+00:00,AMZN,2018-07-20,2018-07,0,0,train,0.5533435153254909,0.5544327298907051,0.5239938025701363,0.5957828993064207,outer,0.5533435153254909,0.5533435153254909,0.5533435153254909,0.5533435153254909,0.5533435153254909,0.5533435153254909
AMZN|2018-07-20 15:30:00+00:00,AMZN,2018-07-20,2018-07,0,0,train,0.5253240064959431,0.5245917659177946,0.5126007563621204,0.5694754300125686,outer,0.5253240064959431,0.5253240064959431,0.5253240064959431,0.5253240064959431,0.5253240064959431,0.5253240064959431
AMZN|2018-07-23 13:30:00+00:00,AMZN,2018-07-23,2018-07,0,0,train,0.7022199542546165,0.7015888871118403,0.585574521828338,0.7543807729577728,outer,0.7022199542546165,0.7022199542546165,0.7022199542546165,0.7022199542546165,0.7022199542546165,0.7022199542546165
AMZN|2018-07-23 14:30:00+00:00,AMZN,2018-07-23,2018-07,1,1,train,0.6753833093657978,0.6761320107896087,0.5427393689277831,0.7763140677051457,outer,0.6753833093657978,0.6090613391467905,0.6753833093657978,0.6753833093657978,0.6753833093657978,0.6676421891970838
AMZN|2018-07-23 15:30:00+00:00,AMZN,2018-07-23,2018-07,0,1,train,0.4317997232414412,0.43579450105951023,0.43574746586981583,0.5309869693349155,outer,0.4317997232414412,0.4337735945556285,0.4317997232414412,0.4317997232414412,0.4317997232414412,0.4585821648764207
AMZN|2018-07-24 13:30:00+00:00,AMZN,2018-07-24,2018-07,0,0,train,0.4392838605104526,0.43947772196353135,0.519594823375074,0.42053053550002784,outer,0.4392838605104526,0.4392838605104526,0.4392838605104526,0.4392838605104526,0.4392838605104526,0.4392838605104526
AMZN|2018-07-24 14:30:00+00:00,AMZN,2018-07-24,2018-07,0,1,train,0.40870408199170155,0.3775352755091483,0.4878184511154409,0.29799254326826435,outer,0.40870408199170155,0.44826126655357124,0.40870408199170155,0.40870408199170155,0.40870408199170155,0.3930125879711388
AMZN|2018-07-24 15:30:00+00:00,AMZN,2018-07-24,2018-07,0,1,train,0.5615220110589292,0.5259059217664327,0.5095551351421798,0.49944825766857515,outer,0.5615220110589292,0.5355385731005544,0.5615220110589292,0.5615220110589292,0.5615220110589292,0.5241078314090292
AMZN|2018-07-25 13:30:00+00:00,AMZN,2018-07-25,2018-07,1,0,train,0.650832746603195,0.6479820376450958,0.5702128348135831,0.6830829659812465,outer,0.650832746603195,0.650832746603195,0.650832746603195,0.650832746603195,0.650832746603195,0.650832746603195
AMZN|2018-07-25 14:30:00+00:00,AMZN,2018-07-25,2018-07,1,1,train,0.6218588038785628,0.6218293915835991,0.5260708157620853,0.8310303760986631,outer,0.6218588038785628,0.573964809820324,0.6218588038785628,0.6218588038785628,0.6218588038785628,0.6501973468307276
AMZN|2018-07-25 15:30:00+00:00,AMZN,2018-07-25,2018-07,1,1,train,0.549841656665982,0.5495007536133686,0.4940801975953022,0.791861941805183,outer,0.549841656665982,0.521960927130642,0.549841656665982,0.549841656665982,0.549841656665982,0.596321137419959
AMZN|2018-07-26 13:30:00+00:00,AMZN,2018-07-26,2018-07,0,0,train,0.5948090784617995,0.5936128320641867,0.552298091416903,0.6135633610306418,outer,0.5948090784617995,0.5948090784617995,0.5948090784617995,0.5948090784617995,0.5948090784617995,0.5948090784617995
AMZN|2018-07-26 14:30:00+00:00,AMZN,2018-07-26,2018-07,0,1,train,0.5642984690854421,0.5443393063073371,0.49346746500412736,0.8551941165070668,outer,0.5642984690854421,0.5288829670447848,0.5642984690854421,0.5642984690854421,0.5642984690854421,0.6143248392259933
AMZN|2018-07-26 15:30:00+00:00,AMZN,2018-07-26,2018-07,0,1,train,0.4255191324715811,0.40855999554969735,0.4276972131409341,0.7710934203647464,outer,0.4255191324715811,0.4266081728062576,0.4255191324715811,0.4255191324715811,0.4255191324715811,0.5082174403817397
AMZN|2018-07-27 13:30:00+00:00,AMZN,2018-07-27,2018-07,0,1,train,0.636504423243038,0.6309416856529745,0.4101854649833197,0.3989844254032746,outer,0.636504423243038,0.5233449441131789,0.636504423243038,0.636504423243038,0.636504423243038,0.5191539998206517
AMZN|2018-07-27 14:30:00+00:00,AMZN,2018-07-27,2018-07,0,1,train,0.6070593533959885,0.6070375437252442,0.42604263771049755,0.32038578800558826,outer,0.6070593533959885,0.516550995553243,0.6070593533959885,0.6070593533959885,0.6070593533959885,0.4901313307093296
AMZN|2018-07-27 15:30:00+00:00,AMZN,2018-07-27,2018-07,0,1,train,0.38404213707215984,0.39399334068952513,0.3089860009513902,0.15090725453778292,outer,0.38404213707215984,0.34651406901177506,0.38404213707215984,0.38404213707215984,0.38404213707215984,0.30948218331271454
AMZN|2018-07-30 13:30:00+00:00,AMZN,2018-07-30,2018-07,0,0,train,0.722080196324078,0.7190013839158128,0.6070399411029982,0.7565081612962907,outer,0.722080196324078,0.722080196324078,0.722080196324078,0.722080196324078,0.722080196324078,0.722080196324078
AMZN|2018-07-30 14:30:00+00:00,AMZN,2018-07-30,2018-07,0,1,train,0.696259214411103,0.6911842299111952,0.5361250554553976,0.7947726801287134,outer,0.696259214411103,0.6161921349332502,0.696259214411103,0.696259214411103,0.696259214411103,0.6795852949766024
AMZN|2018-07-30 15:30:00+00:00,AMZN,2018-07-30,2018-07,0,1,train,0.5626628111547347,0.5637305734048998,0.4515881508053216,0.7329400729976435,outer,0.5626628111547347,0.5071254809800282,0.5626628111547347,0.5626628111547347,0.5626628111547347,0.57773040209065
AMZN|2018-07-31 13:30:00+00:00,AMZN,2018-07-31,2018-07,0,0,train,0.5293855130688623,0.5288472433219993,0.5392242853659232,0.5420392281404279,outer,0.5293855130688623,0.5293855130688623,0.5293855130688623,0.5293855130688623,0.5293855130688623,0.5293855130688623
AMZN|2018-07-31 14:30:00+00:00,AMZN,2018-07-31,2018-07,1,0,train,0.49810536400879885,0.49828709980904085,0.5303368440703088,0.5202370412902197,outer,0.49810536400879885,0.49810536400879885,0.49810536400879885,0.49810536400879885,0.49810536400879885,0.49810536400879885
AMZN|2018-07-31 15:30:00+00:00,AMZN,2018-07-31,2018-07,1,0,train,0.4507363957672569,0.4556677364710665,0.4693295448708002,0.532132901531879,outer,0.4507363957672569,0.4507363957672569,0.4507363957672569,0.4507363957672569,0.4507363957672569,0.4507363957672569
AMZN|2018-08-01 13:30:00+00:00,AMZN,2018-08-01,2018-08,0,0,train,0.4179174037685564,0.42269983378749476,0.5356855496220324,0.40865584555292933,outer,0.4179174037685564,0.4179174037685564,0.4179174037685564,0.4179174037685564,0.4179174037685564,0.4179174037685564
AMZN|2018-08-01 14:30:00+00:00,AMZN,2018-08-01,2018-08,0,0,train,0.38945750693560227,0.39584795731114997,0.5289702335369686,0.3838225609392497,outer,0.38945750693560227,0.38945750693560227,0.38945750693560227,0.38945750693560227,0.38945750693560227,0.38945750693560227
AMZN|2018-08-01 15:30:00+00:00,AMZN,2018-08-01,2018-08,1,0,train,0.5992426427170479,0.6044583542402938,0.5754334286738143,0.6857494993545054,outer,0.5992426427170479,0.5992426427170479,0.5992426427170479,0.5992426427170479,0.5992426427170479,0.5992426427170479
AMZN|2018-08-02 13:30:00+00:00,AMZN,2018-08-02,2018-08,1,0,train,0.6410023957940024,0.6403672296530204,0.5847214830497068,0.6724540073699836,outer,0.6410023957940024,0.6410023957940024,0.6410023957940024,0.6410023957940024,0.6410023957940024,0.6410023957940024
AMZN|2018-08-02 14:30:00+00:00,AMZN,2018-08-02,2018-08,1,0,train,0.6133587851173934,0.6144040500122321,0.5781568842096337,0.6491888134320879,outer,0.6133587851173934,0.6133587851173934,0.6133587851173934,0.6133587851173934,0.6133587851173934,0.6133587851173934
AMZN|2018-08-02 15:30:00+00:00,AMZN,2018-08-02,2018-08,1,0,train,0.6162106177521889,0.6143663183246126,0.5692273721250316,0.6563007071890528,outer,0.6162106177521889,0.6162106177521889,0.6162106177521889,0.6162106177521889,0.6162106177521889,0.6162106177521889
AMZN|2018-08-03 13:30:00+00:00,AMZN,2018-08-03,2018-08,0,1,train,0.596319843116779,0.574507681005318,0.4572712650657789,0.44056899261938454,outer,0.596319843116779,0.5908668025889138,0.596319843116779,0.596319843116779,0.596319843116779,0.5171669454518151
AMZN|2018-08-03 14:30:00+00:00,AMZN,2018-08-03,2018-08,0,1,train,0.5675567666795289,0.5388976435936236,0.37406077794373366,0.3235315345743342,outer,0.5675567666795289,0.5603919859080526,0.5675567666795289,0.5675567666795289,0.5675567666795289,0.4510116806978051
AMZN|2018-08-03 15:30:00+00:00,AMZN,2018-08-03,2018-08,0,1,train,0.5348053475033584,0.5040337350786399,0.4524449617275969,0.35547155623566756,outer,0.5348053475033584,0.5271124443971787,0.5348053475033584,0.5348053475033584,0.5348053475033584,0.46168890013631575
AMZN|2018-08-06 13:30:00+00:00,AMZN,2018-08-06,2018-08,1,0,train,0.6122161425784843,0.6121194847961332,0.5663713917099282,0.6301664310030407,outer,0.6122161425784843,0.6122161425784843,0.6122161425784843,0.6122161425784843,0.6122161425784843,0.6122161425784843
AMZN|2018-08-06 14:30:00+00:00,AMZN,2018-08-06,2018-08,1,0,train,0.5837951752476755,0.5854372109635267,0.5597351298122075,0.6056589959740175,outer,0.5837951752476755,0.5837951752476755,0.5837951752476755,0.5837951752476755,0.5837951752476755,0.5837951752476755
AMZN|2018-08-06 15:30:00+00:00,AMZN,2018-08-06,2018-08,1,0,train,0.4670726395279571,0.4681997252284916,0.4975465021503732,0.5053154500500547,outer,0.4670726395279571,0.4670726395279571,0.4670726395279571,0.4670726395279571,0.4670726395279571,0.4670726395279571
AMZN|2018-08-07 13:30:00+00:00,AMZN,2018-08-07,2018-08,1,1,train,0.5897537724705626,0.5758181269494538,0.487045876910325,0.4797856590850224,outer,0.5897537724705626,0.5862698610902854,0.5897537724705626,0.5897537724705626,0.5897537724705626,0.533100858853841
AMZN|2018-08-07 14:30:00+00:00,AMZN,2018-08-07,2018-08,1,1,train,0.560867373780988,0.548480677811489,0.4803095558545411,0.4539480775184877,outer,0.560867373780988,0.5577706997886134,0.560867373780988,0.560867373780988,0.560867373780988,0.5109014212413765
AMZN|2018-08-07 15:30:00+00:00,AMZN,2018-08-07,2018-08,1,1,train,0.5307970019625047,0.5209919228781158,0.4761547957050569,0.45188804541837163,outer,0.5307970019625047,0.5283457321914075,0.5307970019625047,0.5307970019625047,0.5307970019625047,0.49495794149101224
AMZN|2018-08-08 13:30:00+00:00,AMZN,2018-08-08,2018-08,1,0,train,0.5689387391846206,0.5685120651611266,0.5444659501510369,0.5967000734673802,outer,0.5689387391846206,0.5689387391846206,0.5689387391846206,0.5689387391846206,0.5689387391846206,0.5689387391846206
AMZN|2018-08-08 14:30:00+00:00,AMZN,2018-08-08,2018-08,1,0,train,0.539730550618021,0.5410790270428817,0.5377680469906374,0.571482992538079,outer,0.539730550618021,0.539730550618021,0.539730550618021,0.539730550618021,0.539730550618021,0.539730550618021
AMZN|2018-08-08 15:30:00+00:00,AMZN,2018-08-08,2018-08,1,0,train,0.5521514546934649,0.5527213720606837,0.5372744407298571,0.6032653919894395,outer,0.5521514546934649,0.5521514546934649,0.5521514546934649,0.5521514546934649,0.5521514546934649,0.5521514546934649
AMZN|2018-08-09 13:30:00+00:00,AMZN,2018-08-09,2018-08,1,0,train,0.5862775134779594,0.5882738093058102,0.5649369386229307,0.6253052500155041,outer,0.5862775134779594,0.5862775134779594,0.5862775134779594,0.5862775134779594,0.5862775134779594,0.5862775134779594
AMZN|2018-08-09 14:30:00+00:00,AMZN,2018-08-09,2018-08,1,0,train,0.5573300690758932,0.5611272731773032,0.5582958445467721,0.6006798098628249,outer,0.5573300690758932,0.5573300690758932,0.5573300690758932,0.5573300690758932,0.5573300690758932,0.5573300690758932
AMZN|2018-08-09 15:30:00+00:00,AMZN,2018-08-09,2018-08,1,0,train,0.5448240426322377,0.5460589701726493,0.5477959836280957,0.5806194327601192,outer,0.5448240426322377,0.5448240426322377,0.5448240426322377,0.5448240426322377,0.5448240426322377,0.5448240426322377
AMZN|2018-08-10 13:30:00+00:00,AMZN,2018-08-10,2018-08,1,0,train,0.5093785152538478,0.5110989465941962,0.5301694460394561,0.5307135386105384,outer,0.5093785152538478,0.5093785152538478,0.5093785152538478,0.5093785152538478,0.5093785152538478,0.5093785152538478
AMZN|2018-08-10 14:30:00+00:00,AMZN,2018-08-10,2018-08,0,1,train,0.4798244284456836,0.45724418332309136,0.5203169400846583,0.44322886043382814,outer,0.4798244284456836,0.47417936716503556,0.4798244284456836,0.4798244284456836,0.4798244284456836,0.47515360307181537
AMZN|2018-08-10 15:30:00+00:00,AMZN,2018-08-10,2018-08,0,1,train,0.4730235941301944,0.44934266029757064,0.5037587097057192,0.45016443677294193,outer,0.4730235941301944,0.4671033606720385,0.4730235941301944,0.4730235941301944,0.4730235941301944,0.46907235022660654
AMZN|2018-08-13 13:30:00+00:00,AMZN,2018-08-13,2018-08,1,0,train,0.6142857532730848,0.6133071517407356,0.5623036465155415,0.6354564688768821,outer,0.6142857532730848,0.6142857532730848,0.6142857532730848,0.6142857532730848,0.6142857532730848,0.6142857532730848
AMZN|2018-08-13 14:30:00+00:00,AMZN,2018-08-13,2018-08,0,0,train,0.5859138748410984,0.5866514078394902,0.5556539721672646,0.611083236708112,outer,0.5859138748410984,0.5859138748410984,0.5859138748410984,0.5859138748410984,0.5859138748410984,0.5859138748410984
AMZN|2018-08-13 15:30:00+00:00,AMZN,2018-08-13,2018-08,0,0,train,0.682359636715723,0.679353071208881,0.5929599694428496,0.7328318604070343,outer,0.682359636715723,0.682359636715723,0.682359636715723,0.682359636715723,0.682359636715723,0.682359636715723
AMZN|2018-08-14 13:30:00+00:00,AMZN,2018-08-14,2018-08,0,1,train,0.47593144132999327,0.48701217095360105,0.4374168310203682,0.5841173966294098,outer,0.47593144132999327,0.4787016237358952,0.47593144132999327,0.47593144132999327,0.47593144132999327,0.49611945998334306
AMZN|2018-08-14 14:30:00+00:00,AMZN,2018-08-14,2018-08,1,1,train,0.4465516675062499,0.4593254141127587,0.4307904586668358,0.5586954250903609,outer,0.4465516675062499,0.4497451041578771,0.4465516675062499,0.4465516675062499,0.4465516675062499,0.4738407413440513
AMZN|2018-08-14 15:30:00+00:00,AMZN,2018-08-14,2018-08,1,1,train,0.337648842001027,0.34901922757497433,0.3740082766656194,0.4345435599803275,outer,0.337648842001027,0.34049143839451385,0.337648842001027,0.337648842001027,0.337648842001027,0.37380497655548706
AMZN|2018-08-15 13:30:00+00:00,AMZN,2018-08-15,2018-08,0,0,train,0.5452565069243809,0.5433171730418053,0.5362987296230871,0.5612557487168461,outer,0.5452565069243809,0.5452565069243809,0.5452565069243809,0.5452565069243809,0.5452565069243809,0.5452565069243809
AMZN|2018-08-15 14:30:00+00:00,AMZN,2018-08-15,2018-08,1,0,train,0.5158092883871195,0.5156470090101559,0.5295844940913721,0.5355474829621939,outer,0.5158092883871195,0.5158092883871195,0.5158092883871195,0.5158092883871195,0.5158092883871195,0.5158092883871195
AMZN|2018-08-15 15:30:00+00:00,AMZN,2018-08-15,2018-08,0,0,train,0.35964242347172365,0.36527443332391996,0.46312795023474457,0.44383424489307083,outer,0.35964242347172365,0.35964242347172365,0.35964242347172365,0.35964242347172365,0.35964242347172365,0.35964242347172365
AMZN|2018-08-16 13:30:00+00:00,AMZN,2018-08-16,2018-08,0,1,train,0.5159038091550354,0.506388527966851,0.4761150488759848,0.43634422225629066,outer,0.5159038091550354,0.5135249888579894,0.5159038091550354,0.5159038091550354,0.5159038091550354,0.4836879020635405
AMZN|2018-08-16 14:30:00+00:00,AMZN,2018-08-16,2018-08,0,1,train,0.48634642341926354,0.47862798945858287,0.46939156710395336,0.41099779155098,outer,0.48634642341926354,0.4844168149290934,0.48634642341926354,0.48634642341926354,0.48634642341926354,0.46134094288319494
AMZN|2018-08-16 15:30:00+00:00,AMZN,2018-08-16,2018-08,0,1,train,0.4786585982876887,0.4766130724167028,0.4642999998880165,0.4204591018535195,outer,0.4786585982876887,0.4781472168199422,0.4786585982876887,0.4786585982876887,0.4786585982876887,0.46000769311148193
AMZN|2018-08-17 13:30:00+00:00,AMZN,2018-08-17,2018-08,0,0,train,0.48547068468709736,0.48572779595676896,0.5085521104586976,0.4969396873705038,outer,0.48547068468709736,0.48547068468709736,0.48547068468709736,0.48547068468709736,0.48547068468709736,0.48547068468709736
AMZN|2018-08-17 14:30:00+00:00,AMZN,2018-08-17,2018-08,1,0,train,0.4560144420632246,0.4580488589505146,0.5018093267493499,0.4710147382866788,outer,0.4560144420632246,0.4560144420632246,0.4560144420632246,0.4560144420632246,0.4560144420632246,0.4560144420632246
AMZN|2018-08-17 15:30:00+00:00,AMZN,2018-08-17,2018-08,1,0,train,0.42115873266746445,0.42624049654380375,0.47799359929165836,0.49103421733115654,outer,0.42115873266746445,0.42115873266746445,0.42115873266746445,0.42115873266746445,0.42115873266746445,0.42115873266746445
AMZN|2018-08-20 13:30:00+00:00,AMZN,2018-08-20,2018-08,0,0,train,0.6126133331082494,0.6110212531540034,0.5909817993151757,0.6195623604230902,outer,0.6126133331082494,0.6126133331082494,0.6126133331082494,0.6126133331082494,0.6126133331082494,0.6126133331082494
AMZN|2018-08-20 14:30:00+00:00,AMZN,2018-08-20,2018-08,1,1,train,0.5842017052894652,0.5734250005417,0.5589856183485785,0.7684027819231226,outer,0.5842017052894652,0.5815075291025239,0.5842017052894652,0.5842017052894652,0.5842017052894652,0.6212537765257166
AMZN|2018-08-20 15:30:00+00:00,AMZN,2018-08-20,2018-08,1,1,train,0.4376815606462197,0.43162863514820043,0.4667962538980025,0.6986309712878127,outer,0.4376815606462197,0.4361683292717149,0.4376815606462197,0.4376815606462197,0.4376815606462197,0.5086843552450588
AMZN|2018-08-21 13:30:00+00:00,AMZN,2018-08-21,2018-08,1,1,train,0.5267929239131762,0.5298212352384285,0.45779131760111585,0.620215155060945,outer,0.5267929239131762,0.5275500017444893,0.5267929239131762,0.5267929239131762,0.5267929239131762,0.5336551579534164
AMZN|2018-08-21 14:30:00+00:00,AMZN,2018-08-21,2018-08,0,0,train,0.49725249295244617,0.49814671623888734,0.5265269146142617,0.530858527150407,outer,0.49725249295244617,0.49725249295244617,0.49725249295244617,0.49725249295244617,0.49725249295244617,0.49725249295244617
AMZN|2018-08-21 15:30:00+00:00,AMZN,2018-08-21,2018-08,0,1,train,0.5353413730966776,0.541750670228538,0.45878447812926965,0.6225385262989988,outer,0.5353413730966776,0.5369436973796426,0.5353413730966776,0.5353413730966776,0.5353413730966776,0.539603761938371
AMZN|2018-08-22 13:30:00+00:00,AMZN,2018-08-22,2018-08,1,1,train,0.4568381553120546,0.430440476078564,0.44088635683957955,0.46656859180794186,outer,0.4568381553120546,0.45023873550368193,0.4568381553120546,0.4568381553120546,0.4568381553120546,0.448683395009535
AMZN|2018-08-22 14:30:00+00:00,AMZN,2018-08-22,2018-08,1,1,train,0.42767517378975556,0.40344051268604064,0.43424799475504006,0.4408396126931084,outer,0.42767517378975556,0.4216165085138268,0.42767517378975556,0.42767517378975556,0.42767517378975556,0.4265508234809862
AMZN|2018-08-22 15:30:00+00:00,AMZN,2018-08-22,2018-08,1,0,train,0.5316453852181942,0.5312283610644896,0.5316364202801517,0.5764946803367029,outer,0.5316453852181942,0.5316453852181942,0.5316453852181942,0.5316453852181942,0.5316453852181942,0.5316453852181942
AMZN|2018-08-23 13:30:00+00:00,AMZN,2018-08-23,2018-08,1,1,train,0.5662312137578747,0.5883186274308297,0.4380959409125511,0.8566309364081311,outer,0.5662312137578747,0.5717530671761134,0.5662312137578747,0.5662312137578747,0.5662312137578747,0.6123191796273466
AMZN|2018-08-23 14:30:00+00:00,AMZN,2018-08-23,2018-08,0,1,train,0.5369888680253919,0.5581291689249229,0.4379001923071508,0.7531292550582458,outer,0.5369888680253919,0.5422739432502747,0.5369888680253919,0.5369888680253919,0.5369888680253919,0.5715368710789279
AMZN|2018-08-23 15:30:00+00:00,AMZN,2018-08-23,2018-08,1,1,train,0.5789884756806846,0.5966798419502201,0.4477093492765654,0.7923263870910555,outer,0.5789884756806846,0.5834113172480685,0.5789884756806846,0.5789884756806846,0.5789884756806846,0.6039260134996314
AMZN|2018-08-24 13:30:00+00:00,AMZN,2018-08-24,2018-08,0,0,train,0.5082098706563178,0.5094230960611946,0.5296115502506141,0.5362727128868174,outer,0.5082098706563178,0.5082098706563178,0.5082098706563178,0.5082098706563178,0.5082098706563178,0.5082098706563178
AMZN|2018-08-24 14:30:00+00:00,AMZN,2018-08-24,2018-08,0,0,train,0.47865743729767773,0.48165852917215546,0.5228866288762893,0.5103776109129953,outer,0.47865743729767773,0.47865743729767773,0.47865743729767773,0.47865743729767773,0.47865743729767773,0.47865743729767773
AMZN|2018-08-24 15:30:00+00:00,AMZN,2018-08-24,2018-08,0,1,train,0.4380228734060057,0.44256445885277657,0.47369621001965007,0.6374828818927276,outer,0.4380228734060057,0.43915826976769845,0.4380228734060057,0.4380228734060057,0.4380228734060057,0.49794160604279
AMZN|2018-08-27 13:30:00+00:00,AMZN,2018-08-27,2018-08,1,0,train,0.6462747338191084,0.6456822023867637,0.5706910554456168,0.6788617516606533,outer,0.6462747338191084,0.6462747338191084,0.6462747338191084,0.6462747338191084,0.6462747338191084,0.6462747338191084
AMZN|2018-08-27 14:30:00+00:00,AMZN,2018-08-27,2018-08,1,0,train,0.6187956673962194,0.6198749594193075,0.5640700189828889,0.6558187412231166,outer,0.6187956673962194,0.6187956673962194,0.6187956673962194,0.6187956673962194,0.6187956673962194,0.6187956673962194
AMZN|2018-08-27 15:30:00+00:00,AMZN,2018-08-27,2018-08,1,0,train,0.4819891386321341,0.4833242463494915,0.5011451819330712,0.5277579209725675,outer,0.4819891386321341,0.4819891386321341,0.4819891386321341,0.4819891386321341,0.4819891386321341,0.4819891386321341
AMZN|2018-08-28 13:30:00+00:00,AMZN,2018-08-28,2018-08,0,1,train,0.5773919814216313,0.6003585783258498,0.5082039568936472,0.6013349580127093,outer,0.5773919814216313,0.583133630647686,0.5773919814216313,0.5773919814216313,0.5773919814216313,0.5718223686634594
AMZN|2018-08-28 14:30:00+00:00,AMZN,2018-08-28,2018-08,1,1,train,0.5483018252822243,0.5734310642664482,0.5014610791319649,0.5762018519510403,outer,0.5483018252822243,0.5545841350282803,0.5483018252822243,0.5483018252822243,0.5483018252822243,0.5498489551579194
AMZN|2018-08-28 15:30:00+00:00,AMZN,2018-08-28,2018-08,0,0,train,0.4733154907721285,0.47535077027119016,0.5093395363810518,0.5131295678702135,outer,0.4733154907721285,0.4733154907721285,0.4733154907721285,0.4733154907721285,0.4733154907721285,0.4733154907721285
AMZN|2018-08-29 13:30:00+00:00,AMZN,2018-08-29,2018-08,1,0,train,0.5749210530437616,0.5736899825667241,0.5477341557975709,0.6093277757092003,outer,0.5749210530437616,0.5749210530437616,0.5749210530437616,0.5749210530437616,0.5749210530437616,0.5749210530437616
AMZN|2018-08-29 14:30:00+00:00,AMZN,2018-08-29,2018-08,1,0,train,0.5457946090605783,0.5463234406550639,0.5410437996016485,0.5843502657843419,outer,0.5457946090605783,0.5457946090605783,0.5457946090605783,0.5457946090605783,0.5457946090605783,0.5457946090605783
AMZN|2018-08-29 15:30:00+00:00,AMZN,2018-08-29,2018-08,1,0,train,0.5237542028633771,0.5234174883097822,0.5224921370343052,0.5651605720176152,outer,0.5237542028633771,0.5237542028633771,0.5237542028633771,0.5237542028633771,0.5237542028633771,0.5237542028633771
AMZN|2018-08-30 13:30:00+00:00,AMZN,2018-08-30,2018-08,1,1,train,0.6373134036620769,0.6345369268087837,0.5099767726019206,0.7848568865750408,outer,0.6373134036620769,0.6366192844487536,0.6373134036620769,0.6373134036620769,0.6373134036620769,0.6416709974119555
AMZN|2018-08-30 14:30:00+00:00,AMZN,2018-08-30,2018-08,0,1,train,0.6095587566726498,0.6084102268745026,0.5032344419204928,0.7668069025488242,outer,0.6095587566726498,0.6092716242231131,0.6095587566726498,0.6095587566726498,0.6095587566726498,0.6220025820041174
AMZN|2018-08-30 15:30:00+00:00,AMZN,2018-08-30,2018-08,0,1,train,0.6015148528127882,0.5999575489634322,0.49679865599475975,0.7650959892254551,outer,0.6015148528127882,0.6011255268504492,0.6015148528127882,0.6015148528127882,0.6015148528127882,0.6158417617491088
AMZN|2018-08-31 13:30:00+00:00,AMZN,2018-08-31,2018-08,1,0,train,0.4389457838299117,0.44303267427736187,0.5046671913951475,0.45449298306976826,outer,0.4389457838299117,0.4389457838299117,0.4389457838299117,0.4389457838299117,0.4389457838299117,0.4389457838299117
AMZN|2018-08-31 14:30:00+00:00,AMZN,2018-08-31,2018-08,0,1,train,0.41006268980777605,0.40765733284149147,0.43878329422876633,0.4801508078019332,outer,0.41006268980777605,0.40946135056620486,0.41006268980777605,0.41006268980777605,0.41006268980777605,0.4341635311699918
AMZN|2018-08-31 15:30:00+00:00,AMZN,2018-08-31,2018-08,0,1,train,0.5482905267548119,0.5424818342095318,0.49092278435031617,0.6307342011576921,outer,0.5482905267548119,0.5468383536184919,0.5482905267548119,0.5482905267548119,0.5482905267548119,0.553107336618088
AMZN|2018-09-04 13:30:00+00:00,AMZN,2018-09-04,2018-09,1,1,validation,0.6705512458347187,0.6634382485467331,0.4343843915509399,0.2811838930451431,frozen,0.5506895693708329,0.5506895693708329,0.5506895693708329,0.6705512458347187,0.5524678186928293,0.5123894447443836
AMZN|2018-09-04 14:30:00+00:00,AMZN,2018-09-04,2018-09,1,0,validation,0.6415968278976357,0.6773875935874965,0.5949610976578886,0.6643276208528844,frozen,0.6415968278976357,0.6415968278976357,0.6415968278976357,0.6415968278976357,0.6415968278976357,0.6415968278976357
AMZN|2018-09-04 15:30:00+00:00,AMZN,2018-09-04,2018-09,0,0,validation,0.5267240625626349,0.5463432243200117,0.5349114910472154,0.5743467427502083,frozen,0.5267240625626349,0.5267240625626349,0.5267240625626349,0.5267240625626349,0.5267240625626349,0.5267240625626349
AMZN|2018-09-05 13:30:00+00:00,AMZN,2018-09-05,2018-09,0,1,validation,0.7317463521985345,0.7118496055730587,0.5316554796372227,0.8844694183275449,frozen,0.6267267292615096,0.6267267292615096,0.6267267292615096,0.7317463521985345,0.6317009159178786,0.7149302139340902
AMZN|2018-09-05 14:30:00+00:00,AMZN,2018-09-05,2018-09,0,1,validation,0.7058106157919098,0.7745751557026042,0.5394034599020635,0.7909226586117525,frozen,0.6397981728246602,0.6397981728246602,0.6397981728246602,0.7058106157919098,0.6226070378469867,0.7026779725020825
AMZN|2018-09-05 15:30:00+00:00,AMZN,2018-09-05,2018-09,0,1,validation,0.3121288081920765,0.3166868568973852,0.41509180701916254,0.3587780075385614,frozen,0.36474981978194665,0.36474981978194665,0.36474981978194665,0.3121288081920765,0.3636103076056195,0.35067136991179637
AMZN|2018-09-06 13:30:00+00:00,AMZN,2018-09-06,2018-09,0,0,validation,0.3426460322540978,0.30739957743410873,0.46036460754313646,0.32860749217408763,frozen,0.3426460322540978,0.3426460322540978,0.3426460322540978,0.3426460322540978,0.3426460322540978,0.3426460322540978
AMZN|2018-09-06 14:30:00+00:00,AMZN,2018-09-06,2018-09,0,0,validation,0.31434091472833414,0.28277235517715144,0.45237734681720765,0.30249216427604064,frozen,0.31434091472833414,0.31434091472833414,0.31434091472833414,0.31434091472833414,0.31434091472833414,0.31434091472833414
AMZN|2018-09-06 15:30:00+00:00,AMZN,2018-09-06,2018-09,0,1,validation,0.34117916729241604,0.2706944259501626,0.3637144905600221,0.15699670056200202,frozen,0.3348256435906557,0.3348256435906557,0.3348256435906557,0.34117916729241604,0.35244682892621904,0.2831461960911507
AMZN|2018-09-07 13:30:00+00:00,AMZN,2018-09-07,2018-09,1,0,validation,0.5931049213860639,0.557612764562992,0.5644371591996618,0.5990978368258499,frozen,0.5931049213860639,0.5931049213860639,0.5931049213860639,0.5931049213860639,0.5931049213860639,0.5931049213860639
AMZN|2018-09-07 14:30:00+00:00,AMZN,2018-09-07,2018-09,1,1,validation,0.5617920572907132,0.5551104327268294,0.5146829813861334,0.4485055043831188,frozen,0.5365671131974523,0.5365671131974523,0.5365671131974523,0.5617920572907132,0.5382375193384233,0.5200227439466987
AMZN|2018-09-07 15:30:00+00:00,AMZN,2018-09-07,2018-09,0,1,validation,0.6717328354899028,0.6718307381661794,0.48826576965429025,0.5101723182241049,frozen,0.5800237782411657,0.5800237782411657,0.5800237782411657,0.6717328354899028,0.5799993025720965,0.5855004153836194
AMZN|2018-09-10 13:30:00+00:00,AMZN,2018-09-10,2018-09,0,1,validation,0.7251449495937905,0.7164597365262404,0.5618202959770143,0.5677503853656581,frozen,0.6413113195185149,0.6413113195185149,0.6413113195185149,0.7251449495937905,0.6434826227854025,0.6427938418656759
AMZN|2018-09-10 14:30:00+00:00,AMZN,2018-09-10,2018-09,1,1,validation,0.6988336504829588,0.6956182657706024,0.41484378576627584,0.5593944637883042,frozen,0.5560348719465282,0.5560348719465282,0.5560348719465282,0.6988336504829588,0.5568387181246173,0.5921725414520354
AMZN|2018-09-10 15:30:00+00:00,AMZN,2018-09-10,2018-09,0,1,validation,0.3298542508977035,0.2629969621245953,0.25702378676399945,0.2000692273363172,frozen,0.2767246966375744,0.2767246966375744,0.2767246966375744,0.3298542508977035,0.29343901883085144,0.26248605678065384
AMZN|2018-09-11 13:30:00+00:00,AMZN,2018-09-11,2018-09,1,0,validation,0.4729649421150938,0.4288822639492399,0.5235498166665035,0.47423892623036507,frozen,0.4729649421150938,0.4729649421150938,0.4729649421150938,0.4729649421150938,0.4729649421150938,0.4729649421150938
AMZN|2018-09-11 14:30:00+00:00,AMZN,2018-09-11,2018-09,1,1,validation,0.44111859450360413,0.46941515485804186,0.48479410675724877,0.48035942045548247,frozen,0.4700304907190359,0.4700304907190359,0.4700304907190359,0.44111859450360413,0.46295635063042645,0.4689218191435943
AMZN|2018-09-11 15:30:00+00:00,AMZN,2018-09-11,2018-09,1,1,validation,0.6284467583760478,0.4996171026096685,0.40771906757923393,0.5949290779980408,frozen,0.48587549903604604,0.48587549903604604,0.48587549903604604,0.6284467583760478,0.5180829129776409,0.5326780016407477
AMZN|2018-09-12 13:30:00+00:00,AMZN,2018-09-12,2018-09,0,1,validation,0.5233107124684471,0.6379730800813727,0.5796270895471947,0.6057782473237894,frozen,0.5801344929110522,0.5801344929110522,0.5801344929110522,0.5233107124684471,0.5514689010078209,0.5866722823552009
AMZN|2018-09-12 14:30:00+00:00,AMZN,2018-09-12,2018-09,1,1,validation,0.4912340887122374,0.5976611017893727,0.5415973763736905,0.36096882782234324,frozen,0.5430224858122478,0.5430224858122478,0.5430224858122478,0.4912340887122374,0.5164157325429639,0.49786534867441096
AMZN|2018-09-12 15:30:00+00:00,AMZN,2018-09-12,2018-09,0,1,validation,0.42498105154579774,0.5334638119130126,0.47367417243666754,0.3025896324772279,frozen,0.47644830208303635,0.47644830208303635,0.47644830208303635,0.42498105154579774,0.4493276119912326,0.43367716709317644
AMZN|2018-09-13 13:30:00+00:00,AMZN,2018-09-13,2018-09,0,0,validation,0.5479571414776006,0.565968001293113,0.5498300918386246,0.5905667500603109,frozen,0.5479571414776006,0.5479571414776006,0.5479571414776006,0.5479571414776006,0.5479571414776006,0.5479571414776006
AMZN|2018-09-13 14:30:00+00:00,AMZN,2018-09-13,2018-09,0,0,validation,0.516005116870845,0.5366772402889893,0.5418491989312215,0.5610292667459683,frozen,0.516005116870845,0.516005116870845,0.516005116870845,0.516005116870845,0.516005116870845,0.516005116870845
AMZN|2018-09-13 15:30:00+00:00,AMZN,2018-09-13,2018-09,0,0,validation,0.4103635112620829,0.4030410342265178,0.5178940719701822,0.42081392650701516,frozen,0.4103635112620829,0.4103635112620829,0.4103635112620829,0.4103635112620829,0.4103635112620829,0.4103635112620829
AMZN|2018-09-14 13:30:00+00:00,AMZN,2018-09-14,2018-09,0,0,validation,0.5761014824076965,0.6059155764676144,0.5500589221246545,0.6132490030860821,frozen,0.5761014824076965,0.5761014824076965,0.5761014824076965,0.5761014824076965,0.5761014824076965,0.5761014824076965
AMZN|2018-09-14 14:30:00+00:00,AMZN,2018-09-14,2018-09,0,0,validation,0.5444850667805659,0.5773072778408673,0.5420787073537395,0.5841957543958186,frozen,0.5444850667805659,0.5444850667805659,0.5444850667805659,0.5444850667805659,0.5444850667805659,0.5444850667805659
AMZN|2018-09-14 15:30:00+00:00,AMZN,2018-09-14,2018-09,0,0,validation,0.5331553501469514,0.5886406243414796,0.5244549550720694,0.6272583528671543,frozen,0.5331553501469514,0.5331553501469514,0.5331553501469514,0.5331553501469514,0.5331553501469514,0.5331553501469514
AMZN|2018-09-17 13:30:00+00:00,AMZN,2018-09-17,2018-09,0,0,validation,0.7281143514476707,0.7726859226993448,0.6144548557482167,0.7774302807293562,frozen,0.7281143514476707,0.7281143514476707,0.7281143514476707,0.7281143514476707,0.7281143514476707,0.7281143514476707
AMZN|2018-09-17 14:30:00+00:00,AMZN,2018-09-17,2018-09,1,0,validation,0.701970480294647,0.7512132886634649,0.6068003414114754,0.7557992411062942,frozen,0.701970480294647,0.701970480294647,0.701970480294647,0.701970480294647,0.701970480294647,0.701970480294647
AMZN|2018-09-17 15:30:00+00:00,AMZN,2018-09-17,2018-09,0,1,validation,0.3946863855022393,0.39756048053346216,0.34614591843430875,0.5118500123861938,frozen,0.3711346757260797,0.3711346757260797,0.3711346757260797,0.3946863855022393,0.37041615196827404,0.412560699214051
AMZN|2018-09-18 13:30:00+00:00,AMZN,2018-09-18,2018-09,1,1,validation,0.2324877531820775,0.15375127538330213,0.26412826635170394,0.04695794583587578,frozen,0.22862389031719688,0.22862389031719688,0.22862389031719688,0.2324877531820775,0.2483080097668907,0.17433131018823983
AMZN|2018-09-18 14:30:00+00:00,AMZN,2018-09-18,2018-09,0,1,validation,0.21037032834734642,0.13826339139483754,0.25791841703108925,0.03903472687685388,frozen,0.2161176384510906,0.2161176384510906,0.2161176384510906,0.21037032834734642,0.23414437268921784,0.16139671591253174
AMZN|2018-09-18 15:30:00+00:00,AMZN,2018-09-18,2018-09,0,1,validation,0.6174024530080827,0.5939648986207218,0.3883889196195145,0.32064110344173213,frozen,0.49703629771695834,0.49703629771695834,0.49703629771695834,0.6174024530080827,0.5028956863137986,0.4800993436725127
AMZN|2018-09-19 13:30:00+00:00,AMZN,2018-09-19,2018-09,0,1,validation,0.5768464336244422,0.5413375329190622,0.5135742845599564,0.3418195283732054,frozen,0.5363331339158544,0.5363331339158544,0.5363331339158544,0.5768464336244422,0.5452103590921993,0.4933944448691665
AMZN|2018-09-19 14:30:00+00:00,AMZN,2018-09-19,2018-09,1,1,validation,0.5452417209387319,0.5118183209810078,0.5055286758247403,0.3151470652682882,frozen,0.517029348392305,0.517029348392305,0.517029348392305,0.5452417209387319,0.5253851983817361,0.469433945753192
AMZN|2018-09-19 15:30:00+00:00,AMZN,2018-09-19,2018-09,1,1,validation,0.4943420832455515,0.3748181092197841,0.4380006343108275,0.4992532267175225,frozen,0.43629036527174764,0.43629036527174764,0.43629036527174764,0.4943420832455515,0.4661713587781895,0.4516035133734214
AMZN|2018-09-20 13:30:00+00:00,AMZN,2018-09-20,2018-09,1,0,validation,0.48969590192140783,0.4482590229631123,0.5367129466114102,0.48219530725353993,frozen,0.48969590192140783,0.48969590192140783,0.48969590192140783,0.48969590192140783,0.48969590192140783,0.48969590192140783
AMZN|2018-09-20 14:30:00+00:00,AMZN,2018-09-20,2018-09,1,0,validation,0.457701351496343,0.4191767620239456,0.5286988401358091,0.4520930751404202,frozen,0.457701351496343,0.457701351496343,0.457701351496343,0.457701351496343,0.457701351496343,0.457701351496343
AMZN|2018-09-20 15:30:00+00:00,AMZN,2018-09-20,2018-09,0,0,validation,0.49032176349018347,0.5153740640330771,0.5353506765173898,0.5346810111627681,frozen,0.49032176349018347,0.49032176349018347,0.49032176349018347,0.49032176349018347,0.49032176349018347,0.49032176349018347
AMZN|2018-09-21 13:30:00+00:00,AMZN,2018-09-21,2018-09,0,1,validation,0.5986070185993642,0.7228857855212308,0.49237353183530697,0.733647257887047,frozen,0.5765599669478023,0.5765599669478023,0.5765599669478023,0.5986070185993642,0.5454902752173356,0.6368783984607373
AMZN|2018-09-21 14:30:00+00:00,AMZN,2018-09-21,2018-09,0,1,validation,0.5674087451329001,0.7304426150378779,0.4843293544850699,0.6867021841052077,frozen,0.5666275172852294,0.5666275172852294,0.5666275172852294,0.5674087451329001,0.525869049808985,0.6172207246902639
AMZN|2018-09-21 15:30:00+00:00,AMZN,2018-09-21,2018-09,0,1,validation,0.4190806429981982,0.5252272823518584,0.47392515895206094,0.2509728810665822,frozen,0.4730395608135446,0.4730395608135446,0.4730395608135446,0.4190806429981982,0.44650290097512957,0.417301491342175
AMZN|2018-09-24 13:30:00+00:00,AMZN,2018-09-24,2018-09,1,1,validation,0.5542916290494734,0.5146883782185759,0.44715218072335217,0.5234523771030491,frozen,0.4908210921786884,0.4908210921786884,0.4908210921786884,0.5542916290494734,0.5007219048864128,0.5098961412736126
AMZN|2018-09-24 14:30:00+00:00,AMZN,2018-09-24,2018-09,1,1,validation,0.522397092006196,0.5040079624460727,0.509832235069733,0.3895477803033885,frozen,0.5115173811479337,0.5115173811479337,0.5115173811479337,0.522397092006196,0.5161146635379645,0.48144626745634755
AMZN|2018-09-24 15:30:00+00:00,AMZN,2018-09-24,2018-09,1,1,validation,0.5220397738633857,0.5366732824541841,0.4901832820443151,0.4335050977729899,frozen,0.50976990510155,0.50976990510155,0.50976990510155,0.5220397738633857,0.5061115279538504,0.4956003590337187
AMZN|2018-09-25 13:30:00+00:00,AMZN,2018-09-25,2018-09,1,0,validation,0.4935113148589519,0.5190970200943841,0.5605703347303012,0.48849532816455665,frozen,0.4935113148589519,0.4935113148589519,0.4935113148589519,0.4935113148589519,0.4935113148589519,0.4935113148589519
AMZN|2018-09-25 14:30:00+00:00,AMZN,2018-09-25,2018-09,1,0,validation,0.4614929203126538,0.4894962785347625,0.552624922658528,0.4583479361542949,frozen,0.4614929203126538,0.4614929203126538,0.4614929203126538,0.4614929203126538,0.4614929203126538,0.4614929203126538
AMZN|2018-09-25 15:30:00+00:00,AMZN,2018-09-25,2018-09,1,1,validation,0.48326223217428044,0.5097624529468769,0.4722787262354544,0.5044644350599243,frozen,0.4843955343980165,0.4843955343980165,0.4843955343980165,0.48326223217428044,0.4777704792048674,0.49244196160413406
AMZN|2018-09-26 13:30:00+00:00,AMZN,2018-09-26,2018-09,1,1,validation,0.5995417177216668,0.6486797911714304,0.5156982030182271,0.6038285744058746,frozen,0.5699044787323878,0.5699044787323878,0.5699044787323878,0.5995417177216668,0.557619960369947,0.5919370715792996
AMZN|2018-09-26 14:30:00+00:00,AMZN,2018-09-26,2018-09,1,1,validation,0.5683637085341444,0.47169815506326274,0.476231385827907,0.4425165383869342,frozen,0.4981311588133053,0.4981311588133053,0.4981311588133053,0.5683637085341444,0.5222975471810257,0.4897024469530621
AMZN|2018-09-26 15:30:00+00:00,AMZN,2018-09-26,2018-09,1,1,validation,0.5407109953485874,0.45803855927085024,0.45203636812169196,0.44898527371278235,frozen,0.47570557271570535,0.47570557271570535,0.47570557271570535,0.5407109953485874,0.4963736817351396,0.474942799113478
AMZN|2018-09-27 13:30:00+00:00,AMZN,2018-09-27,2018-09,1,1,validation,0.6081000385237134,0.5270809000164488,0.564760677100655,0.6635904966822915,frozen,0.566175573185368,0.566175573185368,0.566175573185368,0.6081000385237134,0.5864303578121842,0.5908830280807772
AMZN|2018-09-27 14:30:00+00:00,AMZN,2018-09-27,2018-09,1,1,validation,0.5771183647685741,0.4250825698563696,0.5227499373803031,0.8476578923152499,frozen,0.5119252023463875,0.5119252023463875,0.5119252023463875,0.5771183647685741,0.5499341510744387,0.5931521910801242
AMZN|2018-09-27 15:30:00+00:00,AMZN,2018-09-27,2018-09,1,1,validation,0.6013793829127332,0.492169323855023,0.5164197673276685,0.6271576218290354,frozen,0.5315970603557733,0.5315970603557733,0.5315970603557733,0.6013793829127332,0.5588995751202008,0.559281523981115
AMZN|2018-09-28 13:30:00+00:00,AMZN,2018-09-28,2018-09,1,1,validation,0.5286350299206248,0.47979256368446327,0.4170814219362997,0.300831399735101,frozen,0.4606476093694219,0.4606476093694219,0.4606476093694219,0.5286350299206248,0.4728582259284623,0.4315851038191222
AMZN|2018-09-28 14:30:00+00:00,AMZN,2018-09-28,2018-09,0,1,validation,0.49657201853021105,0.48413850923540025,0.47368309338184594,0.29930044421305074,frozen,0.4820191786323258,0.4820191786323258,0.4820191786323258,0.49657201853021105,0.4851275559560285,0.438423516340127
AMZN|2018-09-28 15:30:00+00:00,AMZN,2018-09-28,2018-09,0,1,validation,0.5029028365730851,0.4259540610527167,0.34936583516001485,0.34724387196193635,frozen,0.4068971419864579,0.4068971419864579,0.4068971419864579,0.5029028365730851,0.42613433586655,0.40636665118693827
AMZN|2018-10-01 13:30:00+00:00,AMZN,2018-10-01,2018-10,1,0,validation,0.7095347617265654,0.7670200578359433,0.6180109390359515,0.7683821238264807,frozen,0.7095347617265654,0.7095347617265654,0.7095347617265654,0.7095347617265654,0.7095347617265654,0.7095347617265654
AMZN|2018-10-01 14:30:00+00:00,AMZN,2018-10-01,2018-10,0,0,validation,0.6823836546868904,0.7451887110268762,0.6103822587405124,0.74615884029848,frozen,0.6823836546868904,0.6823836546868904,0.6823836546868904,0.6823836546868904,0.6823836546868904,0.6823836546868904
AMZN|2018-10-01 15:30:00+00:00,AMZN,2018-10-01,2018-10,0,0,validation,0.5082345058909374,0.5059971915222731,0.5353274321087236,0.5441688823114392,frozen,0.5082345058909374,0.5082345058909374,0.5082345058909374,0.5082345058909374,0.5082345058909374,0.5082345058909374
AMZN|2018-10-02 13:30:00+00:00,AMZN,2018-10-02,2018-10,0,1,validation,0.5228875289974043,0.5133987307730866,0.29479777391788164,0.5082417256612292,frozen,0.40647045190156356,0.40647045190156356,0.40647045190156356,0.5228875289974043,0.408842651457643,0.4598314398374005
AMZN|2018-10-02 14:30:00+00:00,AMZN,2018-10-02,2018-10,0,1,validation,0.4908101368486405,0.4494916155152558,0.4006204318252504,0.6106844675175904,frozen,0.4353856540035993,0.4353856540035993,0.4353856540035993,0.4908101368486405,0.44571528433694546,0.4879016629266843
AMZN|2018-10-02 15:30:00+00:00,AMZN,2018-10-02,2018-10,0,1,validation,0.4824814505424021,0.38685510892377317,0.3537430316663728,0.36263102556777105,frozen,0.3942056556997302,0.3942056556997302,0.3942056556997302,0.4824814505424021,0.41811224110438744,0.39642765417507975
AMZN|2018-10-03 13:30:00+00:00,AMZN,2018-10-03,2018-10,0,0,validation,0.4682721196868438,0.49698041018816663,0.5064673704530138,0.5114799956273207,frozen,0.4682721196868438,0.4682721196868438,0.4682721196868438,0.4682721196868438,0.4682721196868438,0.4682721196868438
AMZN|2018-10-03 14:30:00+00:00,AMZN,2018-10-03,2018-10,0,0,validation,0.43648006430796266,0.4674150407204075,0.498419016613063,0.481248698377008,frozen,0.43648006430796266,0.43648006430796266,0.43648006430796266,0.43648006430796266,0.43648006430796266,0.43648006430796266
AMZN|2018-10-03 15:30:00+00:00,AMZN,2018-10-03,2018-10,0,0,validation,0.39955655464051987,0.39327150220107826,0.48799437731942996,0.43906518614577184,frozen,0.39955655464051987,0.39955655464051987,0.39955655464051987,0.39955655464051987,0.39955655464051987,0.39955655464051987
AMZN|2018-10-04 13:30:00+00:00,AMZN,2018-10-04,2018-10,0,1,validation,0.5612756316637931,0.5003664393561614,0.4888696691603912,0.8836660386115001,frozen,0.5098453523351842,0.5098453523351842,0.5098453523351842,0.5612756316637931,0.5250726504120922,0.6085444446979614
AMZN|2018-10-04 14:30:00+00:00,AMZN,2018-10-04,2018-10,0,1,validation,0.5294566051027622,0.3468265150131952,0.4720092823427114,0.7858972879470119,frozen,0.45507542120034505,0.45507542120034505,0.45507542120034505,0.5294566051027622,0.5007329437227368,0.5335474226014201
AMZN|2018-10-04 15:30:00+00:00,AMZN,2018-10-04,2018-10,0,1,validation,0.29503812220329323,0.15177748711468475,0.3690160886983757,0.5555901283665141,frozen,0.29621194667868234,0.29621194667868234,0.29621194667868234,0.29503812220329323,0.33202710545083447,0.3428554565957169
AMZN|2018-10-05 13:30:00+00:00,AMZN,2018-10-05,2018-10,0,1,validation,0.5690882000308973,0.5174461760409084,0.3835085288369158,0.5361057989596673,frozen,0.4633878584364093,0.4633878584364093,0.4633878584364093,0.5690882000308973,0.47629836443390655,0.5015371759670971
AMZN|2018-10-05 14:30:00+00:00,AMZN,2018-10-05,2018-10,0,1,validation,0.5373687564591092,0.5374989258118293,0.38320692619958185,0.47627731123559935,frozen,0.4603203836675256,0.4603203836675256,0.4603203836675256,0.5373687564591092,0.4602878413293455,0.48358797992652997
AMZN|2018-10-05 15:30:00+00:00,AMZN,2018-10-05,2018-10,1,1,validation,0.49253563679967904,0.4492191066577042,0.5012422509573468,0.8886008627752567,frozen,0.4860598113430192,0.4860598113430192,0.4860598113430192,0.49253563679967904,0.4968889438785129,0.5828994642974967
AMZN|2018-10-08 13:30:00+00:00,AMZN,2018-10-08,2018-10,0,1,validation,0.7395821840938861,0.6433615050963961,0.6267469488040741,0.889939002016921,frozen,0.6591093966996076,0.6591093966996076,0.6591093966996076,0.7395821840938861,0.68316456644898,0.7249074100028193
AMZN|2018-10-08 14:30:00+00:00,AMZN,2018-10-08,2018-10,0,1,validation,0.7141080527392408,0.6157476701787507,0.6191852296899952,0.8775197565003212,frozen,0.6420565455744955,0.6420565455744955,0.6420565455744955,0.7141080527392408,0.666646641214618,0.706640177277077
AMZN|2018-10-08 15:30:00+00:00,AMZN,2018-10-08,2018-10,0,1,validation,0.7016948840038694,0.5743567031505804,0.556669499492802,0.9104638941957068,frozen,0.5973476465350134,0.5973476465350134,0.5973476465350134,0.7016948840038694,0.6291821917483357,0.6857962452107397
AMZN|2018-10-09 13:30:00+00:00,AMZN,2018-10-09,2018-10,1,0,validation,0.6310392607457177,0.5851898989405987,0.6095248331009878,0.635659996357627,frozen,0.6310392607457177,0.6310392607457177,0.6310392607457177,0.6310392607457177,0.6310392607457177,0.6310392607457177
AMZN|2018-10-09 14:30:00+00:00,AMZN,2018-10-09,2018-10,0,1,validation,0.6006802064875033,0.711675504412747,0.6002801254714417,0.6439880822629883,frozen,0.6282289904607834,0.6282289904607834,0.6282289904607834,0.6006802064875033,0.6004801659794725,0.6391559796586701
AMZN|2018-10-09 15:30:00+00:00,AMZN,2018-10-09,2018-10,0,1,validation,0.6675903509052271,0.7842902539133549,0.6138013024348036,0.7455724662608486,frozen,0.6698708024220472,0.6698708024220472,0.6698708024220472,0.6675903509052271,0.6406958266700153,0.7028135933785585
AMZN|2018-10-10 13:30:00+00:00,AMZN,2018-10-10,2018-10,0,1,validation,0.5906207757972061,0.30932424428681193,0.48533910945164316,0.5259119614325017,frozen,0.4676558097468261,0.4676558097468261,0.4676558097468261,0.5906207757972061,0.5379799426244246,0.4777990227420408
AMZN|2018-10-10 14:30:00+00:00,AMZN,2018-10-10,2018-10,0,1,validation,0.5592588019827079,0.28460619000364096,0.47730179752304114,0.49569318934268103,frozen,0.4496171467581078,0.4496171467581078,0.4496171467581078,0.5592588019827079,0.5182802997528746,0.4542149947130178
AMZN|2018-10-10 15:30:00+00:00,AMZN,2018-10-10,2018-10,0,1,validation,0.50539783777947,0.664650522207899,0.46958733599835556,0.6988815937494003,frozen,0.5273057579960201,0.5273057579960201,0.5273057579960201,0.50539783777947,0.4874925868889128,0.5846293224337812
AMZN|2018-10-11 13:30:00+00:00,AMZN,2018-10-11,2018-10,1,0,validation,0.3482141369534821,0.3878957025270876,0.46388241588034657,0.37030184658138693,frozen,0.3482141369534821,0.3482141369534821,0.3482141369534821,0.3482141369534821,0.3482141369534821,0.3482141369534821
AMZN|2018-10-11 14:30:00+00:00,AMZN,2018-10-11,2018-10,0,0,validation,0.31967273544445785,0.36017319289210775,0.4558856829515502,0.3425636299862406,frozen,0.31967273544445785,0.31967273544445785,0.31967273544445785,0.31967273544445785,0.31967273544445785,0.31967273544445785
AMZN|2018-10-11 15:30:00+00:00,AMZN,2018-10-11,2018-10,1,0,validation,0.43523048943479187,0.523447039229149,0.48797742173352676,0.4759939735923957,frozen,0.43523048943479187,0.43523048943479187,0.43523048943479187,0.43523048943479187,0.43523048943479187,0.43523048943479187
AMZN|2018-10-12 13:30:00+00:00,AMZN,2018-10-12,2018-10,0,0,validation,0.3615377745914068,0.43172704762503833,0.4895777308415824,0.3766247697630332,frozen,0.3615377745914068,0.3615377745914068,0.3615377745914068,0.3615377745914068,0.3615377745914068,0.3615377745914068
AMZN|2018-10-12 14:30:00+00:00,AMZN,2018-10-12,2018-10,0,0,validation,0.3324613419642726,0.4029340622494104,0.4815359011364895,0.34867517994574876,frozen,0.3324613419642726,0.3324613419642726,0.3324613419642726,0.3324613419642726,0.3324613419642726,0.3324613419642726
AMZN|2018-10-12 15:30:00+00:00,AMZN,2018-10-12,2018-10,0,1,validation,0.25664667178517586,0.2989557959645308,0.43931053941493053,0.15751079194287448,frozen,0.3585558866448919,0.3585558866448919,0.3585558866448919,0.25664667178517586,0.3479786056000532,0.2881059497768779
AMZN|2018-10-15 13:30:00+00:00,AMZN,2018-10-15,2018-10,0,0,validation,0.8937814751943997,0.931766273526755,0.7024031360403034,0.9388923455116379,frozen,0.8937814751943997,0.8937814751943997,0.8937814751943997,0.8937814751943997,0.8937814751943997,0.8937814751943997
AMZN|2018-10-15 14:30:00+00:00,AMZN,2018-10-15,2018-10,1,1,validation,0.8809633977428578,0.9506935516673083,0.6795893125794669,0.9462434510180532,frozen,0.7977088936422749,0.7977088936422749,0.7977088936422749,0.8809633977428578,0.7802763551611623,0.8643724282519215
AMZN|2018-10-15 15:30:00+00:00,AMZN,2018-10-15,2018-10,0,1,validation,0.4904924265024304,0.6713764676596451,0.49193074571568546,0.6916193541607756,frozen,0.5364325963983616,0.5364325963983616,0.5364325963983616,0.4904924265024304,0.4912115861090579,0.5863547485096341
AMZN|2018-10-16 13:30:00+00:00,AMZN,2018-10-16,2018-10,1,0,validation,0.48320869097841956,0.46747684500769443,0.5420847661995372,0.4944259689982523,frozen,0.48320869097841956,0.48320869097841956,0.48320869097841956,0.48320869097841956,0.48320869097841956,0.48320869097841956
AMZN|2018-10-16 14:30:00+00:00,AMZN,2018-10-16,2018-10,1,0,validation,0.45126317842584945,0.4381378649082795,0.5340829169494032,0.46424476005172716,frozen,0.45126317842584945,0.45126317842584945,0.45126317842584945,0.45126317842584945,0.45126317842584945,0.45126317842584945
AMZN|2018-10-16 15:30:00+00:00,AMZN,2018-10-16,2018-10,1,0,validation,0.38690050700637074,0.39785261809927164,0.50891800996884,0.42401567390434136,frozen,0.38690050700637074,0.38690050700637074,0.38690050700637074,0.38690050700637074,0.38690050700637074,0.38690050700637074
AMZN|2018-10-17 13:30:00+00:00,AMZN,2018-10-17,2018-10,0,0,validation,0.6238634082097373,0.6688353447993878,0.5971589522629714,0.6836065160434721,frozen,0.6238634082097373,0.6238634082097373,0.6238634082097373,0.6238634082097373,0.6238634082097373,0.6238634082097373
AMZN|2018-10-17 14:30:00+00:00,AMZN,2018-10-17,2018-10,0,0,validation,0.5932944504184047,0.6420966554718942,0.5893905188283909,0.6568814142427845,frozen,0.5932944504184047,0.5932944504184047,0.5932944504184047,0.5932944504184047,0.5932944504184047,0.5932944504184047
AMZN|2018-10-17 15:30:00+00:00,AMZN,2018-10-17,2018-10,0,0,validation,0.4177049961694533,0.4703319388791802,0.5002761930602216,0.5009676098868125,frozen,0.4177049961694533,0.4177049961694533,0.4177049961694533,0.4177049961694533,0.4177049961694533,0.4177049961694533
AMZN|2018-10-18 13:30:00+00:00,AMZN,2018-10-18,2018-10,0,0,validation,0.5075474222447603,0.5101644582877951,0.5400624680404794,0.5220306903413598,frozen,0.5075474222447603,0.5075474222447603,0.5075474222447603,0.5075474222447603,0.5075474222447603,0.5075474222447603
AMZN|2018-10-18 14:30:00+00:00,AMZN,2018-10-18,2018-10,0,0,validation,0.4754732632945106,0.48056407569109144,0.5320557855424458,0.49180358463932095,frozen,0.4754732632945106,0.4754732632945106,0.4754732632945106,0.4754732632945106,0.4754732632945106,0.4754732632945106
AMZN|2018-10-18 15:30:00+00:00,AMZN,2018-10-18,2018-10,0,1,validation,0.5590766678613946,0.5192628896135487,0.4435974792664122,0.44003215377617527,frozen,0.4913836290019419,0.4913836290019419,0.4913836290019419,0.5590766678613946,0.5013370735639034,0.4904922976293827
AMZN|2018-10-19 13:30:00+00:00,AMZN,2018-10-19,2018-10,0,0,validation,0.633228542113113,0.6706096814732917,0.5696667078491364,0.6957877665463513,frozen,0.633228542113113,0.633228542113113,0.633228542113113,0.633228542113113,0.633228542113113,0.633228542113113
AMZN|2018-10-19 14:30:00+00:00,AMZN,2018-10-19,2018-10,0,1,validation,0.6029362797463851,0.5696199879132725,0.5548722100655383,0.7641530481621295,frozen,0.5705751719476836,0.5705751719476836,0.5705751719476836,0.6029362797463851,0.5789042449059617,0.6228953814718314
AMZN|2018-10-19 15:30:00+00:00,AMZN,2018-10-19,2018-10,0,1,validation,0.6166965432897842,0.58123593436089,0.559745927177199,0.7857146114049441,frozen,0.5793560830012681,0.5793560830012681,0.5793560830012681,0.6166965432897842,0.5882212352334916,0.6358482540582043
AMZN|2018-10-22 13:30:00+00:00,AMZN,2018-10-22,2018-10,1,0,validation,0.8204839429509984,0.8679233261430815,0.6603461582412317,0.8881346111741492,frozen,0.8204839429509984,0.8204839429509984,0.8204839429509984,0.8204839429509984,0.8204839429509984,0.8204839429509984
AMZN|2018-10-22 14:30:00+00:00,AMZN,2018-10-22,2018-10,1,0,validation,0.800792034571362,0.8537441951157873,0.6530883571899604,0.8755402336383787,frozen,0.800792034571362,0.800792034571362,0.800792034571362,0.800792034571362,0.800792034571362,0.800792034571362
AMZN|2018-10-22 15:30:00+00:00,AMZN,2018-10-22,2018-10,0,0,validation,0.4047337467397521,0.4110218282278034,0.4839116766571318,0.44998108514750257,frozen,0.4047337467397521,0.4047337467397521,0.4047337467397521,0.4047337467397521,0.4047337467397521,0.4047337467397521
AMZN|2018-10-23 13:30:00+00:00,AMZN,2018-10-23,2018-10,0,0,validation,0.6162894493863833,0.6514363092565614,0.5913639382285696,0.6729010581036317,frozen,0.6162894493863833,0.6162894493863833,0.6162894493863833,0.6162894493863833,0.6162894493863833,0.6162894493863833
AMZN|2018-10-23 14:30:00+00:00,AMZN,2018-10-23,2018-10,1,0,validation,0.5855139069206768,0.6240823754267811,0.5835616849168356,0.6457402996384531,frozen,0.5855139069206768,0.5855139069206768,0.5855139069206768,0.5855139069206768,0.5855139069206768,0.5855139069206768
AMZN|2018-10-23 15:30:00+00:00,AMZN,2018-10-23,2018-10,1,0,validation,0.3552342287431976,0.32326732508859185,0.510390952109932,0.3525877213021969,frozen,0.3552342287431976,0.3552342287431976,0.3552342287431976,0.3552342287431976,0.3552342287431976,0.3552342287431976
AMZN|2018-10-24 13:30:00+00:00,AMZN,2018-10-24,2018-10,0,0,validation,0.6882515135096353,0.7218218076424171,0.6390127851406856,0.7101235901207199,frozen,0.6882515135096353,0.6882515135096353,0.6882515135096353,0.6882515135096353,0.6882515135096353,0.6882515135096353
AMZN|2018-10-24 14:30:00+00:00,AMZN,2018-10-24,2018-10,0,0,validation,0.6600640999410058,0.6974259054107096,0.6315534771745275,0.6846049361246622,frozen,0.6600640999410058,0.6600640999410058,0.6600640999410058,0.6600640999410058,0.6600640999410058,0.6600640999410058
AMZN|2018-10-24 15:30:00+00:00,AMZN,2018-10-24,2018-10,0,0,validation,0.571439396394599,0.6547013648191449,0.5797043950371793,0.6795237507200523,frozen,0.571439396394599,0.571439396394599,0.571439396394599,0.571439396394599,0.571439396394599,0.571439396394599
AMZN|2018-10-25 13:30:00+00:00,AMZN,2018-10-25,2018-10,1,0,validation,0.36049142570700093,0.37933169971135616,0.45306862549133214,0.38708132214730645,frozen,0.36049142570700093,0.36049142570700093,0.36049142570700093,0.36049142570700093,0.36049142570700093,0.36049142570700093
AMZN|2018-10-25 14:30:00+00:00,AMZN,2018-10-25,2018-10,1,1,validation,0.33145545781471863,0.32791332804312645,0.4289720809177493,0.2819082031406,frozen,0.37932823692333595,0.37932823692333595,0.37932823692333595,0.33145545781471863,0.38021376936623397,0.3425622674790486
AMZN|2018-10-25 15:30:00+00:00,AMZN,2018-10-25,2018-10,1,1,validation,0.5887992754499077,0.5762834380675946,0.5285957578272372,0.5671066768116938,frozen,0.5555685572929943,0.5555685572929943,0.5555685572929943,0.5887992754499077,0.5586975166385725,0.5651962870391083
AMZN|2018-10-26 13:30:00+00:00,AMZN,2018-10-26,2018-10,1,0,validation,0.7309778334081554,0.7866462765536534,0.6812752927350454,0.7520150480649314,frozen,0.7309778334081554,0.7309778334081554,0.7309778334081554,0.7309778334081554,0.7309778334081554,0.7309778334081554
AMZN|2018-10-26 14:30:00+00:00,AMZN,2018-10-26,2018-10,1,0,validation,0.7049977490137008,0.7660931666868105,0.674244092475926,0.7287756930496276,frozen,0.7049977490137008,0.7049977490137008,0.7049977490137008,0.7049977490137008,0.7049977490137008,0.7049977490137008
AMZN|2018-10-26 15:30:00+00:00,AMZN,2018-10-26,2018-10,0,1,validation,0.7033562943380569,0.6638958014659251,0.48640424176596386,0.7982632123717619,frozen,0.5850151448339774,0.5850151448339774,0.5850151448339774,0.7033562943380569,0.5948802680520104,0.6629798874854269
AMZN|2018-10-29 13:30:00+00:00,AMZN,2018-10-29,2018-10,0,1,validation,0.4199921759911647,0.4941975374724142,0.4575945553327329,0.3645767401358123,frozen,0.4573447060322612,0.4573447060322612,0.4573447060322612,0.4199921759911647,0.4387933656619488,0.434090252233031
AMZN|2018-10-29 14:30:00+00:00,AMZN,2018-10-29,2018-10,0,1,validation,0.3890794762347757,0.46464479786412954,0.44961531180943193,0.3370378374651621,frozen,0.4382387244294423,0.4382387244294423,0.4382387244294423,0.3890794762347757,0.4193473940221038,0.41009435584337484
AMZN|2018-10-29 15:30:00+00:00,AMZN,2018-10-29,2018-10,0,1,validation,0.47037343229641354,0.6033075161174452,0.41629378618111557,0.5669780908033358,frozen,0.47656713019402247,0.47656713019402247,0.47656713019402247,0.47037343229641354,0.4433336092387645,0.5142382063495775
AMZN|2018-10-30 13:30:00+00:00,AMZN,2018-10-30,2018-10,1,1,validation,0.7203095532186907,0.8340946000611694,0.4715220679748362,0.9262689860350022,frozen,0.6243620723073832,0.6243620723073832,0.6243620723073832,0.7203095532186907,0.5959158105967635,0.7380488018224247
AMZN|2018-10-30 14:30:00+00:00,AMZN,2018-10-30,2018-10,0,1,validation,0.6937308727541325,0.8148232152067142,0.4107311961197293,0.9346821860223546,frozen,0.5825041200500763,0.5825041200500763,0.5825041200500763,0.6937308727541325,0.5522310344369309,0.7134918675257327
AMZN|2018-10-30 15:30:00+00:00,AMZN,2018-10-30,2018-10,0,1,validation,0.356241200345921,0.282185672238245,0.31453062273996196,0.5232950417368732,frozen,0.31687202951602245,0.31687202951602245,0.31687202951602245,0.356241200345921,0.3353859115429415,0.3690631342652503
AMZN|2018-10-31 13:30:00+00:00,AMZN,2018-10-31,2018-10,1,1,validation,0.5864943194433707,0.6941484023800966,0.5577166470076246,0.7455255608617581,frozen,0.5990190039596791,0.5990190039596791,0.5990190039596791,0.5864943194433707,0.5721054832254977,0.6459712324232125
AMZN|2018-10-31 14:30:00+00:00,AMZN,2018-10-31,2018-10,0,1,validation,0.5550543748986809,0.6684403520617838,0.5497610794063084,0.7219029526404971,frozen,0.5807542214432704,0.5807542214432704,0.5807542214432704,0.5550543748986809,0.5524077271524946,0.6237896897518176
AMZN|2018-10-31 15:30:00+00:00,AMZN,2018-10-31,2018-10,1,1,validation,0.9240741044739038,0.9569566108952678,0.7406319631825129,0.9501375510386753,frozen,0.8405736604335494,0.8405736604335494,0.8405736604335494,0.9240741044739038,0.8323530338282084,0.89295005739759
AMZN|2018-11-01 13:30:00+00:00,AMZN,2018-11-01,2018-11,1,0,test,0.5134406499748695,0.5060966370990615,0.5936943570825445,0.5405254640978876,frozen,0.5134406499748695,0.5134406499748695,0.5134406499748695,0.5134406499748695,0.5134406499748695,0.5134406499748695
AMZN|2018-11-01 14:30:00+00:00,AMZN,2018-11-01,2018-11,1,1,test,0.4813581007863893,0.4567310029381115,0.5657164899269,0.7194993139282371,frozen,0.5173805208945752,0.5173805208945752,0.5173805208945752,0.4813581007863893,0.5235372953566446,0.5558262268949095
AMZN|2018-11-01 15:30:00+00:00,AMZN,2018-11-01,2018-11,1,1,test,0.3404658364658917,0.3687474634810141,0.4468328535708758,0.59436102257291,frozen,0.40071975177216435,0.40071975177216435,0.40071975177216435,0.3404658364658917,0.3936493450183838,0.43760179402267296
AMZN|2018-11-02 13:30:00+00:00,AMZN,2018-11-02,2018-11,0,0,test,0.5797979563199595,0.622506223844462,0.6046732335888734,0.6142845506083434,frozen,0.5797979563199595,0.5797979563199595,0.5797979563199595,0.5797979563199595,0.5797979563199595,0.5797979563199595
AMZN|2018-11-02 14:30:00+00:00,AMZN,2018-11-02,2018-11,0,0,test,0.5482410464633221,0.5942958884228493,0.5969519029905008,0.5852564826851624,frozen,0.5482410464633221,0.5482410464633221,0.5482410464633221,0.5482410464633221,0.5482410464633221,0.5482410464633221
AMZN|2018-11-02 15:30:00+00:00,AMZN,2018-11-02,2018-11,1,0,test,0.5613040729829896,0.7021813322195136,0.540841395909962,0.7026002130976985,frozen,0.5613040729829896,0.5613040729829896,0.5613040729829896,0.5613040729829896,0.5613040729829896,0.5613040729829896
AMZN|2018-11-05 14:30:00+00:00,AMZN,2018-11-05,2018-11,0,1,test,0.6152561820388456,0.5936669599060594,0.49238632414988404,0.6172216083991277,frozen,0.5484239475611683,0.5484239475611683,0.5484239475611683,0.6152561820388456,0.5538212530943648,0.5796327686234792
AMZN|2018-11-05 15:30:00+00:00,AMZN,2018-11-05,2018-11,1,1,test,0.5844536453667761,0.5726155420360283,0.37531552523992306,0.3747329167141361,frozen,0.4769250594706626,0.4769250594706626,0.4769250594706626,0.5844536453667761,0.4798845853033496,0.47677940733921587
AMZN|2018-11-05 16:30:00+00:00,AMZN,2018-11-05,2018-11,1,1,test,0.33417383319979393,0.29941647449978837,0.25742457976853483,0.23449046200259172,frozen,0.287109866809163,0.287109866809163,0.287109866809163,0.33417383319979393,0.29579920648416436,0.2813763373676772
AMZN|2018-11-06 14:30:00+00:00,AMZN,2018-11-06,2018-11,1,1,test,0.38641200535290515,0.3177399324816929,0.4210669647228951,0.18785820636155173,frozen,0.3865714668200971,0.3865714668200971,0.3865714668200971,0.38641200535290515,0.40373948503790014,0.32826927722976124
AMZN|2018-11-06 15:30:00+00:00,AMZN,2018-11-06,2018-11,0,1,test,0.35645195010388137,0.2926343136566213,0.41323940046511415,0.17009474409498795,frozen,0.36889126617268275,0.36889126617268275,0.36889126617268275,0.35645195010388137,0.38484567528449776,0.3081051020801512
AMZN|2018-11-06 16:30:00+00:00,AMZN,2018-11-06,2018-11,1,1,test,0.7675587018820188,0.789807626296799,0.3128372651395747,0.79314393437577,frozen,0.5457602146144919,0.5457602146144919,0.5457602146144919,0.7675587018820188,0.5401979835107967,0.6658368819235407
AMZN|2018-11-07 14:30:00+00:00,AMZN,2018-11-07,2018-11,1,0,test,0.363885004572741,0.29583402967032374,0.5022082301585384,0.310856809630001,frozen,0.363885004572741,0.363885004572741,0.363885004572741,0.363885004572741,0.363885004572741,0.363885004572741
AMZN|2018-11-07 15:30:00+00:00,AMZN,2018-11-07,2018-11,1,0,test,0.33471876398881906,0.2717698003578345,0.4941597903102515,0.2855521892418791,frozen,0.33471876398881906,0.33471876398881906,0.33471876398881906,0.33471876398881906,0.33471876398881906,0.33471876398881906
AMZN|2018-11-07 16:30:00+00:00,AMZN,2018-11-07,2018-11,1,0,test,0.8523023201801977,0.8613279436630393,0.6943443165641114,0.8886579388515139,frozen,0.8523023201801977,0.8523023201801977,0.8523023201801977,0.8523023201801977,0.8523023201801977,0.8523023201801977
AMZN|2018-11-08 14:30:00+00:00,AMZN,2018-11-08,2018-11,0,0,test,0.5028840881081927,0.5342519548549391,0.5760625701977913,0.5204580704951663,frozen,0.5028840881081927,0.5028840881081927,0.5028840881081927,0.5028840881081927,0.5028840881081927,0.5028840881081927
AMZN|2018-11-08 15:30:00+00:00,AMZN,2018-11-08,2018-11,0,0,test,0.470822872945091,0.5046939659513414,0.5681814956648779,0.49022862923524124,frozen,0.470822872945091,0.470822872945091,0.470822872945091,0.470822872945091,0.470822872945091,0.470822872945091
AMZN|2018-11-08 16:30:00+00:00,AMZN,2018-11-08,2018-11,0,0,test,0.702802118745461,0.8033460811449992,0.6120739555897252,0.7798916790450522,frozen,0.702802118745461,0.702802118745461,0.702802118745461,0.702802118745461,0.702802118745461,0.702802118745461
AMZN|2018-11-09 14:30:00+00:00,AMZN,2018-11-09,2018-11,0,0,test,0.3296383647266416,0.29324624739343014,0.5022958385303065,0.2806153750664789,frozen,0.3296383647266416,0.3296383647266416,0.3296383647266416,0.3296383647266416,0.3296383647266416,0.3296383647266416
AMZN|2018-11-09 15:30:00+00:00,AMZN,2018-11-09,2018-11,0,0,test,0.3019142595167035,0.2693120110782077,0.49424738868510004,0.256854962577801,frozen,0.3019142595167035,0.3019142595167035,0.3019142595167035,0.3019142595167035,0.3019142595167035,0.3019142595167035
AMZN|2018-11-09 16:30:00+00:00,AMZN,2018-11-09,2018-11,1,0,test,0.47888489218843017,0.5388809712396752,0.5035511359915578,0.5686983015165107,frozen,0.47888489218843017,0.47888489218843017,0.47888489218843017,0.47888489218843017,0.47888489218843017,0.47888489218843017
AMZN|2018-11-12 14:30:00+00:00,AMZN,2018-11-12,2018-11,0,0,test,0.734957134289949,0.7628602331244634,0.6210065581522923,0.7648666740135855,frozen,0.734957134289949,0.734957134289949,0.734957134289949,0.734957134289949,0.734957134289949,0.734957134289949
AMZN|2018-11-12 15:30:00+00:00,AMZN,2018-11-12,2018-11,0,1,test,0.709208464936295,0.6356086892579142,0.5063039869715247,0.8737067611777288,frozen,0.5893562820343147,0.5893562820343147,0.5893562820343147,0.709208464936295,0.6077562259539098,0.6812069755858657
AMZN|2018-11-12 16:30:00+00:00,AMZN,2018-11-12,2018-11,1,1,test,0.43122320339578274,0.3249947366255164,0.39745202058879614,0.6991557575705647,frozen,0.38778049529972286,0.38778049529972286,0.38778049529972286,0.43122320339578274,0.41433761199228947,0.463206429545165
AMZN|2018-11-13 14:30:00+00:00,AMZN,2018-11-13,2018-11,0,1,test,0.33632381686791,0.17359575869899732,0.3269746638780814,0.1052662020812441,frozen,0.2909672258307675,0.2909672258307675,0.2909672258307675,0.33632381686791,0.3316492403729957,0.2355401103815582
AMZN|2018-11-13 15:30:00+00:00,AMZN,2018-11-13,2018-11,1,1,test,0.308296022911562,0.17162198011247323,0.2388738926580272,0.08201832972596396,frozen,0.2394164470850224,0.2394164470850224,0.2394164470850224,0.308296022911562,0.2735849577847946,0.20020255635200657
AMZN|2018-11-13 16:30:00+00:00,AMZN,2018-11-13,2018-11,0,1,test,0.3901772464635836,0.3116577102620836,0.19990233232000404,0.20561098995200805,frozen,0.27540990534141885,0.27540990534141885,0.27540990534141885,0.3901772464635836,0.2950397893917938,0.2768370697494198
AMZN|2018-11-14 14:30:00+00:00,AMZN,2018-11-14,2018-11,0,0,test,0.3331202522250612,0.326570179810525,0.5101624243254247,0.3209726827344013,frozen,0.3331202522250612,0.3331202522250612,0.3331202522250612,0.3331202522250612,0.3331202522250612,0.3331202522250612
AMZN|2018-11-14 15:30:00+00:00,AMZN,2018-11-14,2018-11,0,0,test,0.3052366447227911,0.30107474628287983,0.5021150915951366,0.2951973345098195,frozen,0.3052366447227911,0.3052366447227911,0.3052366447227911,0.3052366447227911,0.3052366447227911,0.3052366447227911
AMZN|2018-11-14 16:30:00+00:00,AMZN,2018-11-14,2018-11,0,0,test,0.336331247592207,0.31888480070495745,0.4837626576534325,0.34202742646226436,frozen,0.336331247592207,0.336331247592207,0.336331247592207,0.336331247592207,0.336331247592207,0.336331247592207
AMZN|2018-11-15 14:30:00+00:00,AMZN,2018-11-15,2018-11,1,1,test,0.35502847632432766,0.3198634344150995,0.42641905436907807,0.5171268612312828,frozen,0.3819325048693958,0.3819325048693958,0.3819325048693958,0.35502847632432766,0.39072376534670283,0.40460945658494696
AMZN|2018-11-15 15:30:00+00:00,AMZN,2018-11-15,2018-11,1,1,test,0.3262080759188732,0.2946624958416713,0.4185639293489155,0.486894453390801,frozen,0.3644996076145939,0.3644996076145939,0.3644996076145939,0.3262080759188732,0.3723860026338943,0.3815822386250653
AMZN|2018-11-15 16:30:00+00:00,AMZN,2018-11-15,2018-11,1,1,test,0.3660700888768889,0.38859070129084583,0.4161958617030927,0.6180198805525159,frozen,0.39676312839348005,0.39676312839348005,0.39676312839348005,0.3660700888768889,0.3911329752899908,0.44721913310583583
AMZN|2018-11-16 14:30:00+00:00,AMZN,2018-11-16,2018-11,1,0,test,0.6352191267575291,0.7120591233984293,0.619672232305467,0.7102946107836412,frozen,0.6352191267575291,0.6352191267575291,0.6352191267575291,0.6352191267575291,0.6352191267575291,0.6352191267575291
AMZN|2018-11-16 15:30:00+00:00,AMZN,2018-11-16,2018-11,0,0,test,0.6049887129464067,0.6871780932681495,0.6120559030254261,0.6847843292918604,frozen,0.6049887129464067,0.6049887129464067,0.6049887129464067,0.6049887129464067,0.6049887129464067,0.6049887129464067
AMZN|2018-11-16 16:30:00+00:00,AMZN,2018-11-16,2018-11,1,0,test,0.6024096405443528,0.7247748366731824,0.5893057844853151,0.7041040393826872,frozen,0.6024096405443528,0.6024096405443528,0.6024096405443528,0.6024096405443528,0.6024096405443528,0.6024096405443528
AMZN|2018-11-19 14:30:00+00:00,AMZN,2018-11-19,2018-11,0,0,test,0.7608206237617813,0.8187716820925166,0.6607133311151231,0.8042855441140233,frozen,0.7608206237617813,0.7608206237617813,0.7608206237617813,0.7608206237617813,0.7608206237617813,0.7608206237617813
AMZN|2018-11-19 15:30:00+00:00,AMZN,2018-11-19,2018-11,0,1,test,0.7366843655576857,0.6810958945376536,0.675638902175514,0.8878141674375255,frozen,0.6922645161115919,0.6922645161115919,0.6922645161115919,0.7366843655576857,0.7061616338665999,0.7453083324270948
AMZN|2018-11-19 16:30:00+00:00,AMZN,2018-11-19,2018-11,0,1,test,0.3656434193008645,0.2812347683910113,0.48559479887659207,0.6518304213568014,frozen,0.404516946361265,0.404516946361265,0.404516946361265,0.3656434193008645,0.4256191090887283,0.44607585198131733
AMZN|2018-11-20 14:30:00+00:00,AMZN,2018-11-20,2018-11,1,1,test,0.5724348577234132,0.6231145830511204,0.5440964810400657,0.6836696133056847,frozen,0.5709356007136662,0.5709356007136662,0.5709356007136662,0.5724348577234132,0.5582656693817394,0.6058288837800709
AMZN|2018-11-20 15:30:00+00:00,AMZN,2018-11-20,2018-11,1,1,test,0.5407629666741621,0.5949201267709718,0.5360997019886006,0.6569471666102402,frozen,0.5519706243555837,0.5519706243555837,0.5519706243555837,0.5407629666741621,0.5384313343313814,0.5821824905109938
AMZN|2018-11-20 16:30:00+00:00,AMZN,2018-11-20,2018-11,0,1,test,0.8932042387104229,0.921881195352789,0.6973987144765317,0.9498538467727581,frozen,0.8024707157540688,0.8024707157540688,0.8024707157540688,0.8932042387104229,0.7953014765934773,0.8655844988281255
AMZN|2018-11-21 14:30:00+00:00,AMZN,2018-11-21,2018-11,0,1,test,0.3103805702612039,0.21086374143270104,0.36128458364883936,0.2479743583175744,frozen,0.3109533697478959,0.3109533697478959,0.3109533697478959,0.3103805702612039,0.33583257695502167,0.2826258134150797
AMZN|2018-11-21 15:30:00+00:00,AMZN,2018-11-21,2018-11,1,1,test,0.2835909466126041,0.1674583487879981,0.42061124459204885,0.19613658661328673,frozen,0.32306794614617496,0.32306794614617496,0.32306794614617496,0.2835909466126041,0.3521010956023265,0.26694928165148446
AMZN|2018-11-21 16:30:00+00:00,AMZN,2018-11-21,2018-11,0,1,test,0.6047060333101406,0.5233678424289768,0.5144795239518016,0.6560513925918455,frozen,0.5392582309106801,0.5392582309106801,0.5392582309106801,0.6047060333101406,0.5595927786309711,0.5746511980706911
AMZN|2018-11-26 14:30:00+00:00,AMZN,2018-11-26,2018-11,1,0,test,0.7883092479183366,0.8610572596215027,0.6394706151159988,0.8498578101479594,frozen,0.7883092479183366,0.7883092479183366,0.7883092479183366,0.7883092479183366,0.7883092479183366,0.7883092479183366
AMZN|2018-11-26 15:30:00+00:00,AMZN,2018-11-26,2018-11,1,0,test,0.7660941221013904,0.8462715782048056,0.6320153196560883,0.8337606594996216,frozen,0.7660941221013904,0.7660941221013904,0.7660941221013904,0.7660941221013904,0.7660941221013904,0.7660941221013904
AMZN|2018-11-26 16:30:00+00:00,AMZN,2018-11-26,2018-11,1,0,test,0.7500540909542311,0.8300759667092971,0.6049354129926137,0.8472133092465806,frozen,0.7500540909542311,0.7500540909542311,0.7500540909542311,0.7500540909542311,0.7500540909542311,0.7500540909542311
AMZN|2018-11-27 14:30:00+00:00,AMZN,2018-11-27,2018-11,1,0,test,0.6844808498824104,0.7463646587910223,0.6374343307169295,0.7266308717799019,frozen,0.6844808498824104,0.6844808498824104,0.6844808498824104,0.6844808498824104,0.6844808498824104,0.6844808498824104
AMZN|2018-11-27 15:30:00+00:00,AMZN,2018-11-27,2018-11,1,0,test,0.6561228468123632,0.7232960404607467,0.6299612937273722,0.7019554886124366,frozen,0.6561228468123632,0.6561228468123632,0.6561228468123632,0.6561228468123632,0.6561228468123632,0.6561228468123632
AMZN|2018-11-27 16:30:00+00:00,AMZN,2018-11-27,2018-11,0,0,test,0.671860474674573,0.7524871759323167,0.6059586263243638,0.7486271778498113,frozen,0.671860474674573,0.671860474674573,0.671860474674573,0.671860474674573,0.671860474674573,0.671860474674573
AMZN|2018-11-28 14:30:00+00:00,AMZN,2018-11-28,2018-11,1,1,test,0.5263049936191888,0.6122268675941465,0.4736180944634351,0.7290269932644663,frozen,0.5214420125350514,0.5214420125350514,0.5214420125350514,0.5263049936191888,0.499961544041312,0.5852942372353092
AMZN|2018-11-28 15:30:00+00:00,AMZN,2018-11-28,2018-11,1,1,test,0.4942351254068903,0.5211916705898544,0.39921848696970164,0.5165275104821248,frozen,0.453465942484037,0.453465942484037,0.453465942484037,0.4942351254068903,0.44672680618829597,0.4827931983621428
AMZN|2018-11-28 16:30:00+00:00,AMZN,2018-11-28,2018-11,1,1,test,0.38648259554766856,0.3901017080634731,0.3289444075748585,0.42474356189547785,frozen,0.35861827969021465,0.35861827969021465,0.35861827969021465,0.38648259554766856,0.3577135015612635,0.3825680682703695
AMZN|2018-11-29 14:30:00+00:00,AMZN,2018-11-29,2018-11,1,0,test,0.7636626412489366,0.8347333138073229,0.632678026382266,0.8403236434201825,frozen,0.7636626412489366,0.7636626412489366,0.7636626412489366,0.7636626412489366,0.7636626412489366,0.7636626412489366
AMZN|2018-11-29 15:30:00+00:00,AMZN,2018-11-29,2018-11,1,0,test,0.7397150629852083,0.8177393018773309,0.625164602764512,0.823416698115797,frozen,0.7397150629852083,0.7397150629852083,0.7397150629852083,0.7397150629852083,0.7397150629852083,0.7397150629852083
AMZN|2018-11-29 16:30:00+00:00,AMZN,2018-11-29,2018-11,1,1,test,0.5897778542061531,0.6277246420139438,0.3988546174765022,0.8120634901581268,frozen,0.5038029327932754,0.5038029327932754,0.5038029327932754,0.5897778542061531,0.49431623584132767,0.6071051509636816
AMZN|2018-11-30 14:30:00+00:00,AMZN,2018-11-30,2018-11,1,1,test,0.5686123338281751,0.49716522286287945,0.5614766238307165,0.6302517078707104,frozen,0.5471827010881218,0.5471827010881218,0.5471827010881218,0.5686123338281751,0.5650444788294458,0.5643764720981204
AMZN|2018-11-30 15:30:00+00:00,AMZN,2018-11-30,2018-11,1,1,test,0.5368863673055388,0.5185696485776069,0.5372851521298485,0.5100350136742868,frozen,0.5325065800357107,0.5325065800357107,0.5325065800357107,0.5368863673055388,0.5370857597176937,0.5256940454218203
AMZN|2018-11-30 16:30:00+00:00,AMZN,2018-11-30,2018-11,1,1,test,0.5465784617112911,0.585514678827705,0.5351665213237907,0.43058604026506353,frozen,0.5506065457966445,0.5506065457966445,0.5506065457966445,0.5465784617112911,0.5408724915175409,0.5244614255319626
AMZN|2018-12-03 14:30:00+00:00,AMZN,2018-12-03,2018-12,0,1,test,0.7341619787990113,0.6416079177877152,0.41717110738281743,0.7794389387350212,frozen,0.5525280278380904,0.5525280278380904,0.5525280278380904,0.7341619787990113,0.5756665430909144,0.6430949856761413
AMZN|2018-12-03 15:30:00+00:00,AMZN,2018-12-03,2018-12,0,1,test,0.7083667133186117,0.630231532486931,0.4093647557688025,0.69042105588362,frozen,0.5393319393357869,0.5393319393357869,0.5393319393357869,0.7083667133186117,0.5588657345437071,0.6095960143644913
AMZN|2018-12-03 16:30:00+00:00,AMZN,2018-12-03,2018-12,0,1,test,0.5858881416296488,0.5518931036811482,0.3144280117120659,0.5017771633442275,frozen,0.4416593171837322,0.4416593171837322,0.4416593171837322,0.5858881416296488,0.45015807667085733,0.4884966050917726
AMZN|2018-12-04 14:30:00+00:00,AMZN,2018-12-04,2018-12,0,1,test,0.5897895473006342,0.3382052929236467,0.46817455419858833,0.471290905213835,frozen,0.46608598715536437,0.46608598715536437,0.46608598715536437,0.5897895473006342,0.5289820507496112,0.466865074909176
AMZN|2018-12-04 15:30:00+00:00,AMZN,2018-12-04,2018-12,0,1,test,0.5584115051968663,0.31222264455219884,0.4601673391886431,0.44128926444397876,frozen,0.44774220703158785,0.44774220703158785,0.44774220703158785,0.5584115051968663,0.5092894221927547,0.44302268834542174
AMZN|2018-12-04 16:30:00+00:00,AMZN,2018-12-04,2018-12,0,0,test,0.5363426271016506,0.5605616071724343,0.5521036693242027,0.5723580056150163,frozen,0.5363426271016506,0.5363426271016506,0.5363426271016506,0.5363426271016506,0.5363426271016506,0.5363426271016506
AMZN|2018-12-06 14:30:00+00:00,AMZN,2018-12-06,2018-12,1,1,test,0.8767314926846629,0.9625601454890717,0.6729493519358015,0.8649310296418387,frozen,0.7962975855113343,0.7962975855113343,0.7962975855113343,0.8767314926846629,0.7748404223102322,0.8442930049378436
AMZN|2018-12-06 15:30:00+00:00,AMZN,2018-12-06,2018-12,1,1,test,0.8621731679936376,0.9580497156942374,0.6658245725772832,0.8501650020594018,frozen,0.7879680072106103,0.7879680072106103,0.7879680072106103,0.8621731679936376,0.7639988702854604,0.8340531145811401
AMZN|2018-12-06 16:30:00+00:00,AMZN,2018-12-06,2018-12,1,1,test,0.7229495770777192,0.7861244726891222,0.5452898536638633,0.6897902053636275,frozen,0.649913439273642,0.649913439273642,0.649913439273642,0.7229495770777192,0.6341197153707913,0.686038527198583
AMZN|2018-12-07 14:30:00+00:00,AMZN,2018-12-07,2018-12,0,0,test,0.6295733365802437,0.6972124763052737,0.5985155956864388,0.6953889174763445,frozen,0.6295733365802437,0.6295733365802437,0.6295733365802437,0.6295733365802437,0.6295733365802437,0.6295733365802437
AMZN|2018-12-07 15:30:00+00:00,AMZN,2018-12-07,2018-12,0,0,test,0.5991702788927844,0.6716401433461276,0.5907553948219645,0.6691774195129726,frozen,0.5991702788927844,0.5991702788927844,0.5991702788927844,0.5991702788927844,0.5991702788927844,0.5991702788927844
AMZN|2018-12-07 16:30:00+00:00,AMZN,2018-12-07,2018-12,0,0,test,0.6250081770066344,0.7478791409547821,0.611933177475033,0.7736656109653666,frozen,0.6250081770066344,0.6250081770066344,0.6250081770066344,0.6250081770066344,0.6250081770066344,0.6250081770066344
AMZN|2018-12-10 14:30:00+00:00,AMZN,2018-12-10,2018-12,0,1,test,0.477527806662705,0.49041369834100224,0.44429784799562705,0.3533043774184918,frozen,0.46413430024874036,0.46413430024874036,0.46413430024874036,0.477527806662705,0.46091282732916605,0.4413859326044565
AMZN|2018-12-10 15:30:00+00:00,AMZN,2018-12-10,2018-12,1,1,test,0.4456340065874545,0.4608810543918956,0.4363639335465062,0.32617986540199684,frozen,0.4448107320180906,0.4448107320180906,0.4448107320180906,0.4456340065874545,0.44099897006698036,0.41726471498196327
AMZN|2018-12-10 16:30:00+00:00,AMZN,2018-12-10,2018-12,1,1,test,0.45765531622417627,0.4721306008966956,0.4193989784302694,0.3537613770184533,frozen,0.4421459684953527,0.4421459684953527,0.4421459684953527,0.45765531622417627,0.43852714732722287,0.4257365681423987
AMZN|2018-12-11 14:30:00+00:00,AMZN,2018-12-11,2018-12,0,0,test,0.6550679026913994,0.6862837002824868,0.6333078807246676,0.7028945258653118,frozen,0.6550679026913994,0.6550679026913994,0.6550679026913994,0.6550679026913994,0.6550679026913994,0.6550679026913994
AMZN|2018-12-11 15:30:00+00:00,AMZN,2018-12-11,2018-12,0,0,test,0.6255126636158173,0.6602381563360153,0.6257997205690451,0.6770289153050228,frozen,0.6255126636158173,0.6255126636158173,0.6255126636158173,0.6255126636158173,0.6255126636158173,0.6255126636158173
AMZN|2018-12-11 16:30:00+00:00,AMZN,2018-12-11,2018-12,0,0,test,0.3879509096043639,0.47486580028972614,0.48729828967913624,0.47817795614406355,frozen,0.3879509096043639,0.3879509096043639,0.3879509096043639,0.3879509096043639,0.3879509096043639,0.3879509096043639
AMZN|2018-12-12 14:30:00+00:00,AMZN,2018-12-12,2018-12,1,0,test,0.6988653878268084,0.7314085773277387,0.6050778076029961,0.7503356719947257,frozen,0.6988653878268084,0.6988653878268084,0.6988653878268084,0.6988653878268084,0.6988653878268084,0.6988653878268084
AMZN|2018-12-12 15:30:00+00:00,AMZN,2018-12-12,2018-12,0,0,test,0.6711791531457445,0.7075127464092197,0.5973591171879539,0.7269960712761941,frozen,0.6711791531457445,0.6711791531457445,0.6711791531457445,0.6711791531457445,0.6711791531457445,0.6711791531457445
AMZN|2018-12-12 16:30:00+00:00,AMZN,2018-12-12,2018-12,0,0,test,0.6478775757044777,0.6746963491923957,0.6021913393997455,0.6937287576857074,frozen,0.6478775757044777,0.6478775757044777,0.6478775757044777,0.6478775757044777,0.6478775757044777,0.6478775757044777
AMZN|2018-12-13 14:30:00+00:00,AMZN,2018-12-13,2018-12,0,0,test,0.2983085544252379,0.298614060489981,0.4641333875425845,0.30733715961075214,frozen,0.2983085544252379,0.2983085544252379,0.2983085544252379,0.2983085544252379,0.2983085544252379,0.2983085544252379
AMZN|2018-12-13 15:30:00+00:00,AMZN,2018-12-13,2018-12,0,1,test,0.2721496954883924,0.14144489827524567,0.36547589697030225,0.05951693739562922,frozen,0.28613659692606064,0.28613659692606064,0.28613659692606064,0.2721496954883924,0.31881279622934733,0.2096468570323924
AMZN|2018-12-13 16:30:00+00:00,AMZN,2018-12-13,2018-12,0,1,test,0.36502667280893414,0.28531656598667904,0.2641794679766781,0.29948595313457055,frozen,0.29467554368724236,0.29467554368724236,0.29467554368724236,0.36502667280893414,0.3146030703928061,0.30350216497671545
AMZN|2018-12-14 14:30:00+00:00,AMZN,2018-12-14,2018-12,0,0,test,0.6957524819290142,0.7417705851957787,0.6021208151405716,0.7637342009404058,frozen,0.6957524819290142,0.6957524819290142,0.6957524819290142,0.6957524819290142,0.6957524819290142,0.6957524819290142
AMZN|2018-12-14 15:30:00+00:00,AMZN,2018-12-14,2018-12,0,0,test,0.6679160427215445,0.7184417527762783,0.5943830732416093,0.74121515368376,frozen,0.6679160427215445,0.6679160427215445,0.6679160427215445,0.6679160427215445,0.6679160427215445,0.6679160427215445
AMZN|2018-12-14 16:30:00+00:00,AMZN,2018-12-14,2018-12,0,0,test,0.39209933626673954,0.4061091910304915,0.49739895525729483,0.41819398620413434,frozen,0.39209933626673954,0.39209933626673954,0.39209933626673954,0.39209933626673954,0.39209933626673954,0.39209933626673954
AMZN|2018-12-17 14:30:00+00:00,AMZN,2018-12-17,2018-12,0,1,test,0.620021371751713,0.6707448044842397,0.4908744824372065,0.47600177999655185,frozen,0.5681287852775914,0.5681287852775914,0.5681287852775914,0.620021371751713,0.5554479270944598,0.5644106096674277
AMZN|2018-12-17 15:30:00+00:00,AMZN,2018-12-17,2018-12,0,1,test,0.5893457020798581,0.6622249765383406,0.47695159240398133,0.5681003991167526,frozen,0.5513684658565403,0.5513684658565403,0.5513684658565403,0.5893457020798581,0.5331486472419198,0.5741556675347331
AMZN|2018-12-17 16:30:00+00:00,AMZN,2018-12-17,2018-12,0,1,test,0.42320058420553486,0.4481694141415273,0.4127369077029942,0.370404785092256,frozen,0.42421095343826265,0.42421095343826265,0.42421095343826265,0.42320058420553486,0.41796874595426453,0.4136279227855781
AMZN|2018-12-18 14:30:00+00:00,AMZN,2018-12-18,2018-12,1,1,test,0.42168093738026,0.3824323989665514,0.3095293227166547,0.31167310182226915,frozen,0.3557929954450302,0.3557929954450302,0.3557929954450302,0.42168093738026,0.36560513004845735,0.3563289402214338
AMZN|2018-12-18 15:30:00+00:00,AMZN,2018-12-18,2018-12,1,1,test,0.39072767414021503,0.40684219203770944,0.2611967987638131,0.22312017008347967,frozen,0.32999086592638766,0.32999086592638766,0.32999086592638766,0.39072767414021503,0.32596223645201405,0.3204717087563043
AMZN|2018-12-18 16:30:00+00:00,AMZN,2018-12-18,2018-12,0,1,test,0.5409509171207196,0.5685593786718501,0.3270232860338523,0.3550242728314596,frozen,0.44088921696506855,0.44088921696506855,0.44088921696506855,0.5409509171207196,0.4339871015772859,0.4478894636644704
AMZN|2018-12-19 14:30:00+00:00,AMZN,2018-12-19,2018-12,1,1,test,0.46927677792023786,0.5426993312325026,0.37548638030350323,0.5744606374958968,frozen,0.4407372174399367,0.4407372174399367,0.4407372174399367,0.46927677792023786,0.4223815791118706,0.4904807817380351
AMZN|2018-12-19 15:30:00+00:00,AMZN,2018-12-19,2018-12,0,1,test,0.43747263174898404,0.5131889473218658,0.3679675883642756,0.5446571028572906,frozen,0.42164918894985026,0.42164918894985026,0.42164918894985026,0.43747263174898404,0.40272011005662983,0.46582156757310406
AMZN|2018-12-19 16:30:00+00:00,AMZN,2018-12-19,2018-12,0,0,test,0.5702705502647355,0.6181550565269608,0.5576120882744934,0.6408625660479375,frozen,0.5702705502647355,0.5702705502647355,0.5702705502647355,0.5702705502647355,0.5702705502647355,0.5702705502647355
AMZN|2018-12-20 14:30:00+00:00,AMZN,2018-12-20,2018-12,0,0,test,0.133354343787722,0.13075562743339705,0.36127727782466124,0.13477144459900425,frozen,0.133354343787722,0.133354343787722,0.133354343787722,0.133354343787722,0.133354343787722,0.133354343787722
AMZN|2018-12-20 15:30:00+00:00,AMZN,2018-12-20,2018-12,0,0,test,0.11920312147050284,0.1178717295912675,0.35388178430037476,0.12127814249071878,frozen,0.11920312147050284,0.11920312147050284,0.11920312147050284,0.11920312147050284,0.11920312147050284,0.11920312147050284
AMZN|2018-12-20 16:30:00+00:00,AMZN,2018-12-20,2018-12,1,0,test,0.29349994089810016,0.3061279464471991,0.435127932907869,0.3286263070723035,frozen,0.29349994089810016,0.29349994089810016,0.29349994089810016,0.29349994089810016,0.29349994089810016,0.29349994089810016
AMZN|2018-12-21 14:30:00+00:00,AMZN,2018-12-21,2018-12,0,0,test,0.6123018167759068,0.6292340992396731,0.5839267801819114,0.6546869331683459,frozen,0.6123018167759068,0.6123018167759068,0.6123018167759068,0.6123018167759068,0.6123018167759068,0.6123018167759068
AMZN|2018-12-21 15:30:00+00:00,AMZN,2018-12-21,2018-12,0,0,test,0.5814236694651104,0.6012044476936041,0.5760843185286559,0.6268524474353585,frozen,0.5814236694651104,0.5814236694651104,0.5814236694651104,0.5814236694651104,0.5814236694651104,0.5814236694651104
AMZN|2018-12-21 16:30:00+00:00,AMZN,2018-12-21,2018-12,0,1,test,0.4595996015486757,0.4290028069512919,0.4936837757770439,0.6128639377210021,frozen,0.46899249001351384,0.46899249001351384,0.46899249001351384,0.4595996015486757,0.47664168866285983,0.4987875304995034
AMZN|2018-12-26 14:30:00+00:00,AMZN,2018-12-26,2018-12,1,0,test,0.8475581845107261,0.9303806582522812,0.7041333639388745,0.9189281012107453,frozen,0.8475581845107261,0.8475581845107261,0.8475581845107261,0.8475581845107261,0.8475581845107261,0.8475581845107261
AMZN|2018-12-26 15:30:00+00:00,AMZN,2018-12-26,2018-12,1,0,test,0.8302216249942441,0.9223064326667888,0.6973824342533529,0.9094471335213671,frozen,0.8302216249942441,0.8302216249942441,0.8302216249942441,0.8302216249942441,0.8302216249942441,0.8302216249942441
AMZN|2018-12-26 16:30:00+00:00,AMZN,2018-12-26,2018-12,1,0,test,0.827284164820179,0.9458789171002437,0.6103394122394784,0.9444213898559211,frozen,0.827284164820179,0.827284164820179,0.827284164820179,0.827284164820179,0.827284164820179,0.827284164820179
AMZN|2018-12-27 14:30:00+00:00,AMZN,2018-12-27,2018-12,0,1,test,0.7641775459144377,0.8924519150139455,0.4541872093896358,0.756100365188245,frozen,0.6412509699269137,0.6412509699269137,0.6412509699269137,0.7641775459144377,0.6091823776520368,0.716729258876566
AMZN|2018-12-27 15:30:00+00:00,AMZN,2018-12-27,2018-12,0,1,test,0.7402643964729172,0.8805436281213675,0.44621850219186393,0.7331079834015636,frozen,0.6283112572445031,0.6283112572445031,0.6283112572445031,0.7402643964729172,0.5932414493323905,0.7000336275469281
AMZN|2018-12-27 16:30:00+00:00,AMZN,2018-12-27,2018-12,1,1,test,0.42051779938518286,0.5611530250842613,0.3654519935355093,0.41158392283736644,frozen,0.4281437028851157,0.4281437028851157,0.4281437028851157,0.42051779938518286,0.39298489646034607,0.43967668521058
AMZN|2018-12-28 14:30:00+00:00,AMZN,2018-12-28,2018-12,1,0,test,0.8422425373280059,0.8394290804212632,0.68609317703297,0.877074802508109,frozen,0.8422425373280059,0.8422425373280059,0.8422425373280059,0.8422425373280059,0.8422425373280059,0.8422425373280059
AMZN|2018-12-28 15:30:00+00:00,AMZN,2018-12-28,2018-12,1,0,test,0.8244266805806723,0.8228154306556789,0.6791182011189912,0.8634267316599867,frozen,0.8244266805806723,0.8244266805806723,0.8244266805806723,0.8244266805806723,0.8244266805806723,0.8244266805806723
AMZN|2018-12-28 16:30:00+00:00,AMZN,2018-12-28,2018-12,1,0,test,0.45347038077849927,0.35744386214901824,0.6062112271512843,0.4236648567512564,frozen,0.45347038077849927,0.45347038077849927,0.45347038077849927,0.45347038077849927,0.45347038077849927,0.45347038077849927
AMZN|2018-12-31 14:30:00+00:00,AMZN,2018-12-31,2018-12,1,1,test,0.6635373104111427,0.6637535564717956,0.5737011642679007,0.702305545464809,frozen,0.618673298854685,0.618673298854685,0.618673298854685,0.6635373104111427,0.6186192373395217,0.650824394153912
AMZN|2018-12-31 15:30:00+00:00,AMZN,2018-12-31,2018-12,0,0,test,0.6343026406198633,0.7284655423538184,0.6059009641671226,0.6967874974322588,frozen,0.6343026406198633,0.6343026406198633,0.6343026406198633,0.6343026406198633,0.6343026406198633,0.6343026406198633
AMZN|2018-12-31 16:30:00+00:00,AMZN,2018-12-31,2018-12,1,1,test,0.41854265529851953,0.5916483884874834,0.4798589407464463,0.5414244732789363,frozen,0.4924772313197239,0.4924772313197239,0.4924772313197239,0.41854265529851953,0.4492007980224829,0.5078686144528464
AMZN|2019-01-02 14:30:00+00:00,AMZN,2019-01-02,2019-01,1,0,test,0.4837870626316187,0.5165588943590005,0.5131796038592995,0.5267070139820721,frozen,0.4837870626316187,0.4837870626316187,0.4837870626316187,0.4837870626316187,0.4837870626316187,0.4837870626316187
AMZN|2019-01-02 15:30:00+00:00,AMZN,2019-01-02,2019-01,1,0,test,0.45183674415835984,0.4869563309788899,0.5051337573232695,0.49649040060279437,frozen,0.45183674415835984,0.45183674415835984,0.45183674415835984,0.45183674415835984,0.45183674415835984,0.45183674415835984
AMZN|2019-01-02 16:30:00+00:00,AMZN,2019-01-02,2019-01,1,0,test,0.7864379542210542,0.8035385833282107,0.6577099934840442,0.8239695925545873,frozen,0.7864379542210542,0.7864379542210542,0.7864379542210542,0.7864379542210542,0.7864379542210542,0.7864379542210542
AMZN|2019-01-03 14:30:00+00:00,AMZN,2019-01-03,2019-01,0,1,test,0.47142414959234863,0.4247180434845051,0.5416458877884229,0.18141442210222278,frozen,0.4948584921634249,0.4948584921634249,0.4948584921634249,0.47142414959234863,0.5065350186903858,0.4048006257418748
AMZN|2019-01-03 15:30:00+00:00,AMZN,2019-01-03,2019-01,0,1,test,0.4395950145501727,0.41243501291869716,0.43200352875108217,0.22491770559640958,frozen,0.42900927124275856,0.42900927124275856,0.42900927124275856,0.4395950145501727,0.43579927165062743,0.3772378154540904
AMZN|2019-01-03 16:30:00+00:00,AMZN,2019-01-03,2019-01,0,1,test,0.4234310946060495,0.43504776896088965,0.36252806156160716,0.5040607192318942,frozen,0.39588374667253834,0.39588374667253834,0.39588374667253834,0.4234310946060495,0.39297957808382833,0.4312669110901101
AMZN|2019-01-04 14:30:00+00:00,AMZN,2019-01-04,2019-01,1,0,test,0.5033059355447128,0.5844957021056546,0.532505880068805,0.5493476668282463,frozen,0.5033059355447128,0.5033059355447128,0.5033059355447128,0.5033059355447128,0.5033059355447128,0.5033059355447128
AMZN|2019-01-04 15:30:00+00:00,AMZN,2019-01-04,2019-01,1,0,test,0.4712433206339134,0.5554732312489955,0.5244834756914807,0.5192571941807246,frozen,0.4712433206339134,0.4712433206339134,0.4712433206339134,0.4712433206339134,0.4712433206339134,0.4712433206339134
AMZN|2019-01-04 16:30:00+00:00,AMZN,2019-01-04,2019-01,1,0,test,0.6742406305045666,0.7166867800865262,0.6020971012944187,0.7477879884877183,frozen,0.6742406305045666,0.6742406305045666,0.6742406305045666,0.6742406305045666,0.6742406305045666,0.6742406305045666
AMZN|2019-01-07 14:30:00+00:00,AMZN,2019-01-07,2019-01,1,1,test,0.5368861076324879,0.5265915958536624,0.5544698465895912,0.5703904672308967,frozen,0.5431043491663332,0.5431043491663332,0.5431043491663332,0.5368861076324879,0.5456779771110396,0.5470845043266596
AMZN|2019-01-07 15:30:00+00:00,AMZN,2019-01-07,2019-01,1,1,test,0.5048586564829383,0.4970051639247759,0.5465033654975545,0.5405298712042912,frozen,0.5237176378507058,0.5237176378507058,0.5237176378507058,0.5048586564829383,0.5256810109902463,0.52222426427739
AMZN|2019-01-07 16:30:00+00:00,AMZN,2019-01-07,2019-01,1,1,test,0.41618320219823424,0.3279054679799698,0.44249715561472047,0.40177941715544224,frozen,0.4072707453519112,0.4072707453519112,0.4072707453519112,0.41618320219823424,0.42934017890647735,0.3970913107370917
AMZN|2019-01-08 14:30:00+00:00,AMZN,2019-01-08,2019-01,0,1,test,0.5470522935301905,0.523410007323339,0.4603726553461129,0.5055766104770989,frozen,0.4978019028864388,0.4978019028864388,0.4978019028864388,0.5470522935301905,0.5037124744381517,0.5091028916691853
AMZN|2019-01-08 15:30:00+00:00,AMZN,2019-01-08,2019-01,1,1,test,0.5150929096790217,0.5678896039966688,0.5030910296270412,0.620979731505949,frozen,0.5222911432324432,0.5222911432324432,0.5222911432324432,0.5150929096790217,0.5090919696530314,0.5517633187021701
AMZN|2019-01-08 16:30:00+00:00,AMZN,2019-01-08,2019-01,1,1,test,0.44226056768585886,0.5003099671113986,0.46885923224576814,0.5845211050055603,frozen,0.4700722498221984,0.4700722498221984,0.4700722498221984,0.44226056768585886,0.4555598999658135,0.4989877180121465
AMZN|2019-01-09 14:30:00+00:00,AMZN,2019-01-09,2019-01,1,0,test,0.5097909917740348,0.5596037178222619,0.5436109305995751,0.545737301241791,frozen,0.5097909917740348,0.5097909917740348,0.5097909917740348,0.5097909917740348,0.5097909917740348,0.5097909917740348
AMZN|2019-01-09 15:30:00+00:00,AMZN,2019-01-09,2019-01,1,1,test,0.4777125890627684,0.49869186031562474,0.42013972163305685,0.7192407652700339,frozen,0.4541709731611267,0.4541709731611267,0.4541709731611267,0.4777125890627684,0.44892615534791264,0.528946234070371
AMZN|2019-01-09 16:30:00+00:00,AMZN,2019-01-09,2019-01,1,1,test,0.5006479240101533,0.5262534768655532,0.251507069242086,0.6590524089682319,frozen,0.3824788848399696,0.3824788848399696,0.3824788848399696,0.5006479240101533,0.37607749662611967,0.4843652197715061
AMZN|2019-01-10 14:30:00+00:00,AMZN,2019-01-10,2019-01,1,0,test,0.5667950800011553,0.6098782209649599,0.5624401337144097,0.5927369261228901,frozen,0.5667950800011553,0.5667950800011553,0.5667950800011553,0.5667950800011553,0.5667950800011553,0.5667950800011553
AMZN|2019-01-10 15:30:00+00:00,AMZN,2019-01-10,2019-01,1,0,test,0.5350447496553231,0.5813588330715592,0.5545016616752245,0.563240217658155,frozen,0.5350447496553231,0.5350447496553231,0.5350447496553231,0.5350447496553231,0.5350447496553231,0.5350447496553231
AMZN|2019-01-10 16:30:00+00:00,AMZN,2019-01-10,2019-01,1,0,test,0.5714436804423714,0.6365212845111989,0.5610466079584239,0.6342235581708203,frozen,0.5714436804423714,0.5714436804423714,0.5714436804423714,0.5714436804423714,0.5714436804423714,0.5714436804423714
AMZN|2019-01-11 14:30:00+00:00,AMZN,2019-01-11,2019-01,1,0,test,0.572640548893743,0.6337701388519463,0.5707133290719507,0.6027992383073161,frozen,0.572640548893743,0.572640548893743,0.572640548893743,0.572640548893743,0.572640548893743,0.572640548893743
AMZN|2019-01-11 15:30:00+00:00,AMZN,2019-01-11,2019-01,0,0,test,0.5409716764013353,0.6058686141542733,0.562808281820333,0.5735069293886725,frozen,0.5409716764013353,0.5409716764013353,0.5409716764013353,0.5409716764013353,0.5409716764013353,0.5409716764013353
AMZN|2019-01-11 16:30:00+00:00,AMZN,2019-01-11,2019-01,0,0,test,0.6863591271179871,0.7823404005502479,0.5937034171725551,0.7832879574999393,frozen,0.6863591271179871,0.6863591271179871,0.6863591271179871,0.6863591271179871,0.6863591271179871,0.6863591271179871
AMZN|2019-01-14 14:30:00+00:00,AMZN,2019-01-14,2019-01,1,0,test,0.6357666136783955,0.6844371340108009,0.5887907084125907,0.6546223887422538,frozen,0.6357666136783955,0.6357666136783955,0.6357666136783955,0.6357666136783955,0.6357666136783955,0.6357666136783955
AMZN|2019-01-14 15:30:00+00:00,AMZN,2019-01-14,2019-01,0,0,test,0.6055533975186771,0.6583146113403613,0.5809741369039192,0.626785666187483,frozen,0.6055533975186771,0.6055533975186771,0.6055533975186771,0.6055533975186771,0.6055533975186771,0.6055533975186771
AMZN|2019-01-14 16:30:00+00:00,AMZN,2019-01-14,2019-01,0,1,test,0.6963393749646682,0.7201140103106398,0.5650251055709132,0.8197072526811071,frozen,0.6366258991042837,0.6366258991042837,0.6366258991042837,0.6963393749646682,0.6306822402677907,0.7002964358818321
AMZN|2019-01-15 14:30:00+00:00,AMZN,2019-01-15,2019-01,1,0,test,0.4503910496356832,0.46467213002179897,0.5287106839557646,0.46427356256962554,frozen,0.4503910496356832,0.4503910496356832,0.4503910496356832,0.4503910496356832,0.4503910496356832,0.4503910496356832
AMZN|2019-01-15 15:30:00+00:00,AMZN,2019-01-15,2019-01,1,0,test,0.418856690140653,0.43536526531383574,0.5206817745522224,0.43435164560898676,frozen,0.418856690140653,0.418856690140653,0.418856690140653,0.418856690140653,0.418856690140653,0.418856690140653
AMZN|2019-01-15 16:30:00+00:00,AMZN,2019-01-15,2019-01,1,0,test,0.5472774263841781,0.5641291258005073,0.5487584942250772,0.590587584246821,frozen,0.5472774263841781,0.5472774263841781,0.5472774263841781,0.5472774263841781,0.5472774263841781,0.5472774263841781
AMZN|2019-01-16 14:30:00+00:00,AMZN,2019-01-16,2019-01,1,1,test,0.5804860034858766,0.6326399932593182,0.40154053126322736,0.4947022524055419,frozen,0.5040517648179124,0.5040517648179124,0.5040517648179124,0.5804860034858766,0.491013267374552,0.527342195103491
AMZN|2019-01-16 15:30:00+00:00,AMZN,2019-01-16,2019-01,0,1,test,0.5489405668767312,0.6047060702882248,0.39382902789276164,0.4645196739507475,frozen,0.48532617323761984,0.48532617323761984,0.48532617323761984,0.5489405668767312,0.4713847973847464,0.5029988347521163
AMZN|2019-01-16 16:30:00+00:00,AMZN,2019-01-16,2019-01,0,1,test,0.654943624034576,0.7035921352517984,0.45331668552776966,0.5801715053858877,frozen,0.5662922825854784,0.5662922825854784,0.5662922825854784,0.654943624034576,0.5541301547811728,0.5980059875500079
AMZN|2019-01-17 14:30:00+00:00,AMZN,2019-01-17,2019-01,1,0,test,0.5617494134919936,0.600770834084196,0.5653525513679369,0.6036769866323086,frozen,0.5617494134919936,0.5617494134919936,0.5617494134919936,0.5617494134919936,0.5617494134919936,0.5617494134919936
AMZN|2019-01-17 15:30:00+00:00,AMZN,2019-01-17,2019-01,1,1,test,0.5299359709569457,0.3993195152150953,0.515509860772405,0.2616311663179929,frozen,0.49006880192921276,0.49006880192921276,0.49006880192921276,0.5299359709569457,0.5227229158646753,0.4265991283156097
AMZN|2019-01-17 16:30:00+00:00,AMZN,2019-01-17,2019-01,1,1,test,0.48248998712853797,0.3385115671562371,0.4836129192047021,0.22346715987386614,frozen,0.44705684817354485,0.44705684817354485,0.44705684817354485,0.48248998712853797,0.48305145316662,0.38202040834083584
AMZN|2019-01-18 14:30:00+00:00,AMZN,2019-01-18,2019-01,1,0,test,0.6320257361818145,0.6626648717104506,0.57740103927742,0.6763954281620224,frozen,0.6320257361818145,0.6320257361818145,0.6320257361818145,0.6320257361818145,0.6320257361818145,0.6320257361818145
AMZN|2019-01-18 15:30:00+00:00,AMZN,2019-01-18,2019-01,0,0,test,0.6016966184439041,0.6356993358525741,0.5695262532927043,0.6493736350841117,frozen,0.6016966184439041,0.6016966184439041,0.6016966184439041,0.6016966184439041,0.6016966184439041,0.6016966184439041
AMZN|2019-01-18 16:30:00+00:00,AMZN,2019-01-18,2019-01,0,0,test,0.5004391345549458,0.5226357405146522,0.5363007185991466,0.547869661207635,frozen,0.5004391345549458,0.5004391345549458,0.5004391345549458,0.5004391345549458,0.5004391345549458,0.5004391345549458
AMZN|2019-01-22 14:30:00+00:00,AMZN,2019-01-22,2019-01,0,0,test,0.6388014989957191,0.6906304883128073,0.5818352293162805,0.6672744944283,frozen,0.6388014989957191,0.6388014989957191,0.6388014989957191,0.6388014989957191,0.6388014989957191,0.6388014989957191
AMZN|2019-01-22 15:30:00+00:00,AMZN,2019-01-22,2019-01,0,0,test,0.6086850782586564,0.6647695453959315,0.5739821066309602,0.6398965567706665,frozen,0.6086850782586564,0.6086850782586564,0.6086850782586564,0.6086850782586564,0.6086850782586564,0.6086850782586564
AMZN|2019-01-22 16:30:00+00:00,AMZN,2019-01-22,2019-01,0,0,test,0.464367523436989,0.49887040722643244,0.49699589913267783,0.5523971178517015,frozen,0.464367523436989,0.464367523436989,0.464367523436989,0.464367523436989,0.464367523436989,0.464367523436989
AMZN|2019-01-23 14:30:00+00:00,AMZN,2019-01-23,2019-01,0,0,test,0.619397198322056,0.6797050236571714,0.5398335809593028,0.6829178975944815,frozen,0.619397198322056,0.619397198322056,0.619397198322056,0.619397198322056,0.619397198322056,0.619397198322056
AMZN|2019-01-23 15:30:00+00:00,AMZN,2019-01-23,2019-01,0,0,test,0.5887045653667465,0.653389151082927,0.5318263680747303,0.6561638856773276,frozen,0.5887045653667465,0.5887045653667465,0.5887045653667465,0.5887045653667465,0.5887045653667465,0.5887045653667465
AMZN|2019-01-23 16:30:00+00:00,AMZN,2019-01-23,2019-01,1,0,test,0.6352427539502237,0.7270111792455223,0.5591246887111972,0.7602548862497023,frozen,0.6352427539502237,0.6352427539502237,0.6352427539502237,0.6352427539502237,0.6352427539502237,0.6352427539502237
AMZN|2019-01-24 14:30:00+00:00,AMZN,2019-01-24,2019-01,1,0,test,0.7813102068639219,0.8207648366130202,0.6375173321593587,0.8531722884862099,frozen,0.7813102068639219,0.7813102068639219,0.7813102068639219,0.7813102068639219,0.7813102068639219,0.7813102068639219
AMZN|2019-01-24 15:30:00+00:00,AMZN,2019-01-24,2019-01,0,0,test,0.7585855242689672,0.8026740208157125,0.6300450130482106,0.8373624878079564,frozen,0.7585855242689672,0.7585855242689672,0.7585855242689672,0.7585855242689672,0.7585855242689672,0.7585855242689672
AMZN|2019-01-24 16:30:00+00:00,AMZN,2019-01-24,2019-01,1,0,test,0.5361854969787848,0.5487278926717193,0.5560105567574364,0.5826009279168614,frozen,0.5361854969787848,0.5361854969787848,0.5361854969787848,0.5361854969787848,0.5361854969787848,0.5361854969787848
AMZN|2019-01-25 14:30:00+00:00,AMZN,2019-01-25,2019-01,1,0,test,0.5329261273953894,0.5230680169522123,0.5504548691816497,0.5506492162451924,frozen,0.5329261273953894,0.5329261273953894,0.5329261273953894,0.5329261273953894,0.5329261273953894,0.5329261273953894
AMZN|2019-01-25 15:30:00+00:00,AMZN,2019-01-25,2019-01,0,0,test,0.5008794124932899,0.49347319426276665,0.5424758357965015,0.5205698043960415,frozen,0.5008794124932899,0.5008794124932899,0.5008794124932899,0.5008794124932899,0.5008794124932899,0.5008794124932899
AMZN|2019-01-25 16:30:00+00:00,AMZN,2019-01-25,2019-01,0,0,test,0.5693150742268112,0.6022016469800716,0.5586288121090146,0.6366919758863007,frozen,0.5693150742268112,0.5693150742268112,0.5693150742268112,0.5693150742268112,0.5693150742268112,0.5693150742268112
AMZN|2019-01-28 14:30:00+00:00,AMZN,2019-01-28,2019-01,0,1,test,0.6625518828341108,0.5274229281703708,0.5965508200286201,0.4639966717759627,frozen,0.5957691127654305,0.5957691127654305,0.5957691127654305,0.6625518828341108,0.6295513514313655,0.5626305757022662
AMZN|2019-01-28 15:30:00+00:00,AMZN,2019-01-28,2019-01,0,1,test,0.6332789122046654,0.6289117417795596,0.4963340960914083,0.4560834619336813,frozen,0.5637147115417604,0.5637147115417604,0.5637147115417604,0.6332789122046654,0.5648065041480368,0.5536520530023286
AMZN|2019-01-28 16:30:00+00:00,AMZN,2019-01-28,2019-01,1,1,test,0.4629735909494767,0.4229783403442017,0.23139794578828746,0.33810314901368743,frozen,0.3371869557175633,0.3371869557175633,0.3371869557175633,0.4629735909494767,0.3471857683688821,0.3638632565239133
AMZN|2019-01-29 14:30:00+00:00,AMZN,2019-01-29,2019-01,0,1,test,0.5670839026402218,0.5977238035653507,0.47893875057254887,0.21724904102387238,frozen,0.5306713018376676,0.5306713018376676,0.5306713018376676,0.5670839026402218,0.5230113266063854,0.46524887445049845
AMZN|2019-01-29 15:30:00+00:00,AMZN,2019-01-29,2019-01,0,1,test,0.5353373866734457,0.5689438889706094,0.47091044877559546,0.19738188244870794,frozen,0.5115255432988115,0.5115255432988115,0.5115255432988115,0.5353373866734457,0.5031239177245206,0.44314340171708966
AMZN|2019-01-29 16:30:00+00:00,AMZN,2019-01-29,2019-01,0,0,test,0.45246393008148234,0.47235550581395364,0.5143801153916835,0.5088539797605935,frozen,0.45246393008148234,0.45246393008148234,0.45246393008148234,0.45246393008148234,0.45246393008148234,0.45246393008148234
AMZN|2019-01-30 14:30:00+00:00,AMZN,2019-01-30,2019-01,1,0,test,0.42179739797972127,0.37590717382682454,0.4912467689233448,0.4262876405568127,frozen,0.42179739797972127,0.42179739797972127,0.42179739797972127,0.42179739797972127,0.42179739797972127,0.42179739797972127
AMZN|2019-01-30 15:30:00+00:00,AMZN,2019-01-30,2019-01,1,1,test,0.39084136343929843,0.28943168818895254,0.4669730031641591,0.3280974511827299,frozen,0.4035547644891423,0.4035547644891423,0.4035547644891423,0.39084136343929843,0.4289071833017287,0.36883587649378496
AMZN|2019-01-30 16:30:00+00:00,AMZN,2019-01-30,2019-01,1,1,test,0.4381999018470931,0.27580343669719126,0.2140600962847467,0.4008895312106505,frozen,0.28553088277844446,0.28553088277844446,0.28553088277844446,0.4381999018470931,0.3261299990659199,0.3322382415099204
AMZN|2019-01-31 14:30:00+00:00,AMZN,2019-01-31,2019-01,1,0,test,0.6402535259444316,0.6749054893433614,0.6100528877551629,0.6767556380292127,frozen,0.6402535259444316,0.6402535259444316,0.6402535259444316,0.6402535259444316,0.6402535259444316,0.6402535259444316
AMZN|2019-01-31 15:30:00+00:00,AMZN,2019-01-31,2019-01,1,1,test,0.6101842942030175,0.4844143430541234,0.47610534431643753,0.4609868515153645,frozen,0.511702331472504,0.511702331472504,0.511702331472504,0.6101842942030175,0.5431448192597275,0.5079227082722357
AMZN|2019-01-31 16:30:00+00:00,AMZN,2019-01-31,2019-01,1,1,test,0.6592580138386456,0.5777141338538867,0.4788104511493984,0.570309681194198,frozen,0.5486482624978323,0.5486482624978323,0.5486482624978323,0.6592580138386456,0.569034232494022,0.5715230700090321
AMZN|2019-02-01 14:30:00+00:00,AMZN,2019-02-01,2019-02,1,0,test,0.5923191505671266,0.6712365079699804,0.5643417994459426,0.6529568229527867,frozen,0.5923191505671266,0.5923191505671266,0.5923191505671266,0.5923191505671266,0.5923191505671266,0.5923191505671266
AMZN|2019-02-01 15:30:00+00:00,AMZN,2019-02-01,2019-02,0,0,test,0.5609905758029801,0.6445886698834106,0.5564106179392332,0.625062746328079,frozen,0.5609905758029801,0.5609905758029801,0.5609905758029801,0.5609905758029801,0.5609905758029801,0.5609905758029801
