key,symbol,day,month,phase,label,has_original_news,has_usable_text,has_qualified_event,articles,clusters,vector_delta,F0,R1,F1,B0,B1,B2,B3,N0M,N1M
AAPL|2018-01-03 14:30:00+00:00,AAPL,2018-01-03,2018-01,warmup,1,1,1,,6,6,0.0,,,,,,,,,
AMZN|2018-01-03 14:30:00+00:00,AMZN,2018-01-03,2018-01,warmup,1,1,1,,2,1,0.0,,,,,,,,,
AAPL|2018-01-03 15:30:00+00:00,AAPL,2018-01-03,2018-01,warmup,0,1,1,,6,6,0.0,,,,,,,,,
AMZN|2018-01-03 15:30:00+00:00,AMZN,2018-01-03,2018-01,warmup,1,1,1,,2,1,0.0,,,,,,,,,
AAPL|2018-01-03 16:30:00+00:00,AAPL,2018-01-03,2018-01,warmup,0,1,1,,6,6,0.0,,,,,,,,,
AMZN|2018-01-03 16:30:00+00:00,AMZN,2018-01-03,2018-01,warmup,1,1,1,,3,2,1.2847054696158655,,,,,,,,,
AAPL|2018-01-04 14:30:00+00:00,AAPL,2018-01-04,2018-01,warmup,1,1,1,,7,7,0.0,,,,,,,,,
AMZN|2018-01-04 14:30:00+00:00,AMZN,2018-01-04,2018-01,warmup,0,0,0,,0,0,0.0,,,,,,,,,
AAPL|2018-01-04 15:30:00+00:00,AAPL,2018-01-04,2018-01,warmup,0,1,1,,9,9,0.0,,,,,,,,,
AMZN|2018-01-04 15:30:00+00:00,AMZN,2018-01-04,2018-01,warmup,0,0,0,,0,0,0.0,,,,,,,,,
AAPL|2018-01-04 16:30:00+00:00,AAPL,2018-01-04,2018-01,warmup,0,1,1,,11,10,0.694082939375918,,,,,,,,,
AMZN|2018-01-04 16:30:00+00:00,AMZN,2018-01-04,2018-01,warmup,1,0,0,,0,0,0.0,,,,,,,,,
AAPL|2018-01-05 14:30:00+00:00,AAPL,2018-01-05,2018-01,warmup,1,1,1,,15,13,0.5799232007317673,,,,,,,,,
AMZN|2018-01-05 14:30:00+00:00,AMZN,2018-01-05,2018-01,warmup,1,0,0,,0,0,0.0,,,,,,,,,
AAPL|2018-01-05 15:30:00+00:00,AAPL,2018-01-05,2018-01,warmup,1,1,1,,20,18,0.4487971943681275,,,,,,,,,
AMZN|2018-01-05 15:30:00+00:00,AMZN,2018-01-05,2018-01,warmup,1,1,1,,1,1,0.0,,,,,,,,,
AAPL|2018-01-05 16:30:00+00:00,AAPL,2018-01-05,2018-01,warmup,0,1,1,,15,15,0.0,,,,,,,,,
AMZN|2018-01-05 16:30:00+00:00,AMZN,2018-01-05,2018-01,warmup,1,1,1,,1,1,0.0,,,,,,,,,
AAPL|2018-01-08 14:30:00+00:00,AAPL,2018-01-08,2018-01,warmup,1,1,1,,11,11,0.0,,,,,,,,,
AMZN|2018-01-08 14:30:00+00:00,AMZN,2018-01-08,2018-01,warmup,1,0,0,,0,0,0.0,,,,,,,,,
AAPL|2018-01-08 15:30:00+00:00,AAPL,2018-01-08,2018-01,warmup,0,1,1,,10,10,0.0,,,,,,,,,
AMZN|2018-01-08 15:30:00+00:00,AMZN,2018-01-08,2018-01,warmup,1,0,0,,0,0,0.0,,,,,,,,,
AAPL|2018-01-08 16:30:00+00:00,AAPL,2018-01-08,2018-01,warmup,0,1,1,,10,10,0.0,,,,,,,,,
AMZN|2018-01-08 16:30:00+00:00,AMZN,2018-01-08,2018-01,warmup,0,0,0,,0,0,0.0,,,,,,,,,
AAPL|2018-01-09 14:30:00+00:00,AAPL,2018-01-09,2018-01,warmup,1,1,1,,12,11,0.4515737574920406,,,,,,,,,
AMZN|2018-01-09 14:30:00+00:00,AMZN,2018-01-09,2018-01,warmup,0,1,1,,2,1,0.0,,,,,,,,,
AAPL|2018-01-09 15:30:00+00:00,AAPL,2018-01-09,2018-01,warmup,1,1,1,,13,13,0.0,,,,,,,,,
AMZN|2018-01-09 15:30:00+00:00,AMZN,2018-01-09,2018-01,warmup,1,1,1,,3,2,1.613487964254846,,,,,,,,,
AAPL|2018-01-09 16:30:00+00:00,AAPL,2018-01-09,2018-01,warmup,1,1,1,,10,10,0.0,,,,,,,,,
AMZN|2018-01-09 16:30:00+00:00,AMZN,2018-01-09,2018-01,warmup,1,1,1,,3,2,1.613487964254846,,,,,,,,,
AAPL|2018-01-10 14:30:00+00:00,AAPL,2018-01-10,2018-01,warmup,1,1,1,,15,12,0.9734094210896778,,,,,,,,,
AMZN|2018-01-10 14:30:00+00:00,AMZN,2018-01-10,2018-01,warmup,1,0,0,,0,0,0.0,,,,,,,,,
AMZN|2018-01-10 15:30:00+00:00,AMZN,2018-01-10,2018-01,warmup,1,0,0,,0,0,0.0,,,,,,,,,
AAPL|2018-01-10 16:30:00+00:00,AAPL,2018-01-10,2018-01,warmup,1,1,1,,16,15,0.4233836512584247,,,,,,,,,
AMZN|2018-01-10 16:30:00+00:00,AMZN,2018-01-10,2018-01,warmup,1,0,0,,0,0,0.0,,,,,,,,,
AAPL|2018-01-11 14:30:00+00:00,AAPL,2018-01-11,2018-01,warmup,1,1,1,,3,3,0.0,,,,,,,,,
AMZN|2018-01-11 14:30:00+00:00,AMZN,2018-01-11,2018-01,warmup,1,1,1,,1,1,0.0,,,,,,,,,
AAPL|2018-01-11 15:30:00+00:00,AAPL,2018-01-11,2018-01,warmup,1,1,1,,1,1,0.0,,,,,,,,,
AMZN|2018-01-11 15:30:00+00:00,AMZN,2018-01-11,2018-01,warmup,1,1,1,,1,1,0.0,,,,,,,,,
AAPL|2018-01-11 16:30:00+00:00,AAPL,2018-01-11,2018-01,warmup,0,1,1,,1,1,0.0,,,,,,,,,
AMZN|2018-01-11 16:30:00+00:00,AMZN,2018-01-11,2018-01,warmup,1,0,0,,0,0,0.0,,,,,,,,,
AAPL|2018-01-12 14:30:00+00:00,AAPL,2018-01-12,2018-01,warmup,1,1,1,,5,4,1.7095638203294925,,,,,,,,,
AMZN|2018-01-12 14:30:00+00:00,AMZN,2018-01-12,2018-01,warmup,1,0,0,,0,0,0.0,,,,,,,,,
AAPL|2018-01-12 15:30:00+00:00,AAPL,2018-01-12,2018-01,warmup,1,1,1,,5,4,1.6443419065618257,,,,,,,,,
AMZN|2018-01-12 15:30:00+00:00,AMZN,2018-01-12,2018-01,warmup,1,0,0,,0,0,0.0,,,,,,,,,
AAPL|2018-01-12 16:30:00+00:00,AAPL,2018-01-12,2018-01,warmup,1,1,1,,8,8,0.0,,,,,,,,,
AMZN|2018-01-12 16:30:00+00:00,AMZN,2018-01-12,2018-01,warmup,1,0,0,,0,0,0.0,,,,,,,,,
AAPL|2018-01-16 14:30:00+00:00,AAPL,2018-01-16,2018-01,warmup,0,1,1,,9,8,0.8037766068386569,,,,,,,,,
AMZN|2018-01-16 14:30:00+00:00,AMZN,2018-01-16,2018-01,warmup,0,0,0,,0,0,0.0,,,,,,,,,
AAPL|2018-01-16 15:30:00+00:00,AAPL,2018-01-16,2018-01,warmup,0,1,1,,6,4,1.0391928171980644,,,,,,,,,
AMZN|2018-01-16 15:30:00+00:00,AMZN,2018-01-16,2018-01,warmup,0,0,0,,0,0,0.0,,,,,,,,,
AAPL|2018-01-16 16:30:00+00:00,AAPL,2018-01-16,2018-01,warmup,0,1,1,,5,3,0.9728766638045748,,,,,,,,,
AMZN|2018-01-16 16:30:00+00:00,AMZN,2018-01-16,2018-01,warmup,0,0,0,,0,0,0.0,,,,,,,,,
AAPL|2018-01-17 14:30:00+00:00,AAPL,2018-01-17,2018-01,warmup,1,1,1,,7,7,0.0,,,,,,,,,
AMZN|2018-01-17 14:30:00+00:00,AMZN,2018-01-17,2018-01,warmup,0,1,1,,1,1,0.0,,,,,,,,,
AAPL|2018-01-17 15:30:00+00:00,AAPL,2018-01-17,2018-01,warmup,1,1,1,,9,9,0.0,,,,,,,,,
AMZN|2018-01-17 15:30:00+00:00,AMZN,2018-01-17,2018-01,warmup,1,1,1,,1,1,0.0,,,,,,,,,
AAPL|2018-01-17 16:30:00+00:00,AAPL,2018-01-17,2018-01,warmup,1,1,1,,10,10,0.0,,,,,,,,,
AMZN|2018-01-17 16:30:00+00:00,AMZN,2018-01-17,2018-01,warmup,1,0,0,,0,0,0.0,,,,,,,,,
AAPL|2018-01-18 14:30:00+00:00,AAPL,2018-01-18,2018-01,warmup,1,1,1,,16,16,0.0,,,,,,,,,
AMZN|2018-01-18 14:30:00+00:00,AMZN,2018-01-18,2018-01,warmup,1,1,1,,1,1,0.0,,,,,,,,,
AAPL|2018-01-18 15:30:00+00:00,AAPL,2018-01-18,2018-01,warmup,1,1,1,,19,19,0.0,,,,,,,,,
AMZN|2018-01-18 15:30:00+00:00,AMZN,2018-01-18,2018-01,warmup,1,1,1,,1,1,0.0,,,,,,,,,
AAPL|2018-01-18 16:30:00+00:00,AAPL,2018-01-18,2018-01,warmup,1,1,1,,18,17,0.4320496477395339,,,,,,,,,
AMZN|2018-01-18 16:30:00+00:00,AMZN,2018-01-18,2018-01,warmup,0,1,1,,2,2,0.0,,,,,,,,,
AAPL|2018-01-19 14:30:00+00:00,AAPL,2018-01-19,2018-01,warmup,1,1,1,,9,8,0.700841165085751,,,,,,,,,
AMZN|2018-01-19 14:30:00+00:00,AMZN,2018-01-19,2018-01,warmup,0,1,1,,1,1,0.0,,,,,,,,,
AAPL|2018-01-19 15:30:00+00:00,AAPL,2018-01-19,2018-01,warmup,1,1,1,,15,14,0.4272473497459556,,,,,,,,,
AMZN|2018-01-19 15:30:00+00:00,AMZN,2018-01-19,2018-01,warmup,0,1,1,,3,2,1.4891885365731743,,,,,,,,,
AAPL|2018-01-19 16:30:00+00:00,AAPL,2018-01-19,2018-01,warmup,1,1,1,,14,13,0.4563118618852438,,,,,,,,,
AMZN|2018-01-19 16:30:00+00:00,AMZN,2018-01-19,2018-01,warmup,0,1,1,,4,2,2.0636155560282075,,,,,,,,,
AAPL|2018-01-22 14:30:00+00:00,AAPL,2018-01-22,2018-01,warmup,1,1,1,,6,6,0.0,,,,,,,,,
AMZN|2018-01-22 14:30:00+00:00,AMZN,2018-01-22,2018-01,warmup,1,0,0,,0,0,0.0,,,,,,,,,
AAPL|2018-01-22 15:30:00+00:00,AAPL,2018-01-22,2018-01,warmup,0,1,1,,12,12,0.0,,,,,,,,,
AMZN|2018-01-22 15:30:00+00:00,AMZN,2018-01-22,2018-01,warmup,1,0,0,,0,0,0.0,,,,,,,,,
AAPL|2018-01-22 16:30:00+00:00,AAPL,2018-01-22,2018-01,warmup,0,1,1,,16,16,0.0,,,,,,,,,
AMZN|2018-01-22 16:30:00+00:00,AMZN,2018-01-22,2018-01,warmup,1,1,1,,1,1,0.0,,,,,,,,,
AAPL|2018-01-23 14:30:00+00:00,AAPL,2018-01-23,2018-01,warmup,1,1,1,,15,14,0.4964726892772411,,,,,,,,,
AMZN|2018-01-23 14:30:00+00:00,AMZN,2018-01-23,2018-01,warmup,1,1,1,,1,1,0.0,,,,,,,,,
AAPL|2018-01-23 15:30:00+00:00,AAPL,2018-01-23,2018-01,warmup,1,1,1,,17,16,0.4260340306747309,,,,,,,,,
AMZN|2018-01-23 15:30:00+00:00,AMZN,2018-01-23,2018-01,warmup,1,1,1,,1,1,0.0,,,,,,,,,
AAPL|2018-01-23 16:30:00+00:00,AAPL,2018-01-23,2018-01,warmup,0,1,1,,17,17,0.0,,,,,,,,,
AMZN|2018-01-23 16:30:00+00:00,AMZN,2018-01-23,2018-01,warmup,1,1,1,,1,1,0.0,,,,,,,,,
AAPL|2018-01-24 14:30:00+00:00,AAPL,2018-01-24,2018-01,warmup,0,1,1,,14,13,0.5993265678638584,,,,,,,,,
AMZN|2018-01-24 14:30:00+00:00,AMZN,2018-01-24,2018-01,warmup,0,0,0,,0,0,0.0,,,,,,,,,
AAPL|2018-01-24 15:30:00+00:00,AAPL,2018-01-24,2018-01,warmup,0,1,1,,17,13,0.5834102231634962,,,,,,,,,
AMZN|2018-01-24 15:30:00+00:00,AMZN,2018-01-24,2018-01,warmup,0,0,0,,0,0,0.0,,,,,,,,,
AAPL|2018-01-24 16:30:00+00:00,AAPL,2018-01-24,2018-01,warmup,0,1,1,,19,15,0.5388447562975152,,,,,,,,,
AMZN|2018-01-24 16:30:00+00:00,AMZN,2018-01-24,2018-01,warmup,0,0,0,,0,0,0.0,,,,,,,,,
AAPL|2018-01-25 14:30:00+00:00,AAPL,2018-01-25,2018-01,warmup,0,1,1,,8,8,0.0,,,,,,,,,
AMZN|2018-01-25 14:30:00+00:00,AMZN,2018-01-25,2018-01,warmup,1,0,0,,0,0,0.0,,,,,,,,,
AAPL|2018-01-25 15:30:00+00:00,AAPL,2018-01-25,2018-01,warmup,0,1,1,,11,11,0.0,,,,,,,,,
AMZN|2018-01-25 15:30:00+00:00,AMZN,2018-01-25,2018-01,warmup,1,0,0,,0,0,0.0,,,,,,,,,
AAPL|2018-01-25 16:30:00+00:00,AAPL,2018-01-25,2018-01,warmup,0,1,1,,11,11,0.0,,,,,,,,,
AMZN|2018-01-25 16:30:00+00:00,AMZN,2018-01-25,2018-01,warmup,1,0,0,,0,0,0.0,,,,,,,,,
AAPL|2018-01-26 14:30:00+00:00,AAPL,2018-01-26,2018-01,warmup,0,1,1,,5,3,2.162227631285882,,,,,,,,,
AMZN|2018-01-26 14:30:00+00:00,AMZN,2018-01-26,2018-01,warmup,1,0,0,,0,0,0.0,,,,,,,,,
AAPL|2018-01-26 15:30:00+00:00,AAPL,2018-01-26,2018-01,warmup,1,1,1,,12,9,1.379024238254259,,,,,,,,,
AMZN|2018-01-26 15:30:00+00:00,AMZN,2018-01-26,2018-01,warmup,1,0,0,,0,0,0.0,,,,,,,,,
AAPL|2018-01-26 16:30:00+00:00,AAPL,2018-01-26,2018-01,warmup,0,1,1,,14,11,1.2023188091902566,,,,,,,,,
AMZN|2018-01-26 16:30:00+00:00,AMZN,2018-01-26,2018-01,warmup,1,0,0,,0,0,0.0,,,,,,,,,
AAPL|2018-01-29 14:30:00+00:00,AAPL,2018-01-29,2018-01,warmup,0,1,1,,18,16,0.5396229335086687,,,,,,,,,
AMZN|2018-01-29 14:30:00+00:00,AMZN,2018-01-29,2018-01,warmup,1,0,0,,0,0,0.0,,,,,,,,,
AAPL|2018-01-29 15:30:00+00:00,AAPL,2018-01-29,2018-01,warmup,1,1,1,,24,21,0.553644704597672,,,,,,,,,
AMZN|2018-01-29 15:30:00+00:00,AMZN,2018-01-29,2018-01,warmup,1,0,0,,0,0,0.0,,,,,,,,,
AAPL|2018-01-29 16:30:00+00:00,AAPL,2018-01-29,2018-01,warmup,0,1,1,,21,20,0.4476088357262738,,,,,,,,,
AMZN|2018-01-29 16:30:00+00:00,AMZN,2018-01-29,2018-01,warmup,1,0,0,,0,0,0.0,,,,,,,,,
AAPL|2018-01-30 14:30:00+00:00,AAPL,2018-01-30,2018-01,warmup,0,1,1,,17,17,0.0,,,,,,,,,
AMZN|2018-01-30 14:30:00+00:00,AMZN,2018-01-30,2018-01,warmup,1,1,1,,2,2,0.0,,,,,,,,,
AAPL|2018-01-30 15:30:00+00:00,AAPL,2018-01-30,2018-01,warmup,0,1,1,,22,20,0.3873222772036336,,,,,,,,,
AMZN|2018-01-30 15:30:00+00:00,AMZN,2018-01-30,2018-01,warmup,1,1,1,,4,3,1.418368676902229,,,,,,,,,
AAPL|2018-01-30 16:30:00+00:00,AAPL,2018-01-30,2018-01,warmup,1,1,1,,25,22,0.5016530211463116,,,,,,,,,
AMZN|2018-01-30 16:30:00+00:00,AMZN,2018-01-30,2018-01,warmup,1,1,1,,5,4,1.4044216157241536,,,,,,,,,
AAPL|2018-01-31 14:30:00+00:00,AAPL,2018-01-31,2018-01,warmup,1,1,1,,11,10,0.6156551283042816,,,,,,,,,
AMZN|2018-01-31 14:30:00+00:00,AMZN,2018-01-31,2018-01,warmup,1,1,1,,3,3,0.0,,,,,,,,,
AAPL|2018-01-31 15:30:00+00:00,AAPL,2018-01-31,2018-01,warmup,0,1,1,,19,16,0.7119215215872953,,,,,,,,,
AMZN|2018-01-31 15:30:00+00:00,AMZN,2018-01-31,2018-01,warmup,1,1,1,,3,3,0.0,,,,,,,,,
AAPL|2018-01-31 16:30:00+00:00,AAPL,2018-01-31,2018-01,warmup,1,1,1,,25,22,0.5244302547345724,,,,,,,,,
AMZN|2018-01-31 16:30:00+00:00,AMZN,2018-01-31,2018-01,warmup,1,1,1,,4,4,0.0,,,,,,,,,
AAPL|2018-02-01 14:30:00+00:00,AAPL,2018-02-01,2018-02,warmup,1,1,1,,8,8,0.0,,,,,,,,,
AMZN|2018-02-01 14:30:00+00:00,AMZN,2018-02-01,2018-02,warmup,0,1,1,,2,1,0.0,,,,,,,,,
AAPL|2018-02-01 15:30:00+00:00,AAPL,2018-02-01,2018-02,warmup,1,1,1,,9,9,0.0,,,,,,,,,
AMZN|2018-02-01 15:30:00+00:00,AMZN,2018-02-01,2018-02,warmup,0,1,1,,2,1,0.0,,,,,,,,,
AAPL|2018-02-01 16:30:00+00:00,AAPL,2018-02-01,2018-02,warmup,0,1,1,,11,11,0.0,,,,,,,,,
AMZN|2018-02-01 16:30:00+00:00,AMZN,2018-02-01,2018-02,warmup,0,1,1,,4,3,1.3944788489377342,,,,,,,,,
AAPL|2018-02-02 14:30:00+00:00,AAPL,2018-02-02,2018-02,warmup,0,1,1,,24,23,0.297858727420297,,,,,,,,,
AMZN|2018-02-02 14:30:00+00:00,AMZN,2018-02-02,2018-02,warmup,0,1,1,,5,5,0.0,,,,,,,,,
AAPL|2018-02-02 15:30:00+00:00,AAPL,2018-02-02,2018-02,warmup,0,1,1,,28,26,0.2811509167943356,,,,,,,,,
AMZN|2018-02-02 15:30:00+00:00,AMZN,2018-02-02,2018-02,warmup,0,1,1,,9,7,1.0080356183380188,,,,,,,,,
AAPL|2018-02-02 16:30:00+00:00,AAPL,2018-02-02,2018-02,warmup,0,1,1,,32,31,0.1963541466735691,,,,,,,,,
AMZN|2018-02-02 16:30:00+00:00,AMZN,2018-02-02,2018-02,warmup,0,1,1,,8,7,0.546237534320234,,,,,,,,,
AAPL|2018-02-05 14:30:00+00:00,AAPL,2018-02-05,2018-02,warmup,1,1,1,,13,12,0.6397551221883243,,,,,,,,,
AMZN|2018-02-05 14:30:00+00:00,AMZN,2018-02-05,2018-02,warmup,1,1,1,,1,1,0.0,,,,,,,,,
AAPL|2018-02-05 15:30:00+00:00,AAPL,2018-02-05,2018-02,warmup,0,1,1,,16,16,0.0,,,,,,,,,
AMZN|2018-02-05 15:30:00+00:00,AMZN,2018-02-05,2018-02,warmup,0,1,1,,1,1,0.0,,,,,,,,,
AAPL|2018-02-05 16:30:00+00:00,AAPL,2018-02-05,2018-02,warmup,0,1,1,,20,18,0.4071980482029912,,,,,,,,,
AMZN|2018-02-05 16:30:00+00:00,AMZN,2018-02-05,2018-02,warmup,0,1,1,,1,1,0.0,,,,,,,,,
AAPL|2018-02-06 14:30:00+00:00,AAPL,2018-02-06,2018-02,warmup,1,1,1,,12,12,0.0,,,,,,,,,
AMZN|2018-02-06 14:30:00+00:00,AMZN,2018-02-06,2018-02,warmup,1,0,0,,0,0,0.0,,,,,,,,,
AAPL|2018-02-06 15:30:00+00:00,AAPL,2018-02-06,2018-02,warmup,1,1,1,,13,13,0.0,,,,,,,,,
AMZN|2018-02-06 15:30:00+00:00,AMZN,2018-02-06,2018-02,warmup,1,0,0,,0,0,0.0,,,,,,,,,
AAPL|2018-02-06 16:30:00+00:00,AAPL,2018-02-06,2018-02,warmup,1,1,1,,14,14,0.0,,,,,,,,,
AMZN|2018-02-06 16:30:00+00:00,AMZN,2018-02-06,2018-02,warmup,1,1,1,,1,1,0.0,,,,,,,,,
AAPL|2018-02-07 14:30:00+00:00,AAPL,2018-02-07,2018-02,warmup,0,1,1,,10,9,0.4841417532691182,,,,,,,,,
AMZN|2018-02-07 14:30:00+00:00,AMZN,2018-02-07,2018-02,warmup,0,1,1,,1,1,0.0,,,,,,,,,
AAPL|2018-02-07 15:30:00+00:00,AAPL,2018-02-07,2018-02,warmup,0,1,1,,15,12,0.5270391324219381,,,,,,,,,
AMZN|2018-02-07 15:30:00+00:00,AMZN,2018-02-07,2018-02,warmup,0,1,1,,1,1,0.0,,,,,,,,,
AAPL|2018-02-07 16:30:00+00:00,AAPL,2018-02-07,2018-02,warmup,0,1,1,,16,14,0.4234257370650618,,,,,,,,,
AMZN|2018-02-07 16:30:00+00:00,AMZN,2018-02-07,2018-02,warmup,0,1,1,,1,1,0.0,,,,,,,,,
AAPL|2018-02-08 14:30:00+00:00,AAPL,2018-02-08,2018-02,warmup,0,1,1,,5,4,1.08786243180568,,,,,,,,,
AMZN|2018-02-08 14:30:00+00:00,AMZN,2018-02-08,2018-02,warmup,0,0,0,,0,0,0.0,,,,,,,,,
AAPL|2018-02-08 15:30:00+00:00,AAPL,2018-02-08,2018-02,warmup,0,1,1,,7,6,0.8357489038915992,,,,,,,,,
AMZN|2018-02-08 15:30:00+00:00,AMZN,2018-02-08,2018-02,warmup,0,0,0,,0,0,0.0,,,,,,,,,
AAPL|2018-02-08 16:30:00+00:00,AAPL,2018-02-08,2018-02,warmup,0,1,1,,8,7,0.772145937864908,,,,,,,,,
AMZN|2018-02-08 16:30:00+00:00,AMZN,2018-02-08,2018-02,warmup,0,0,0,,0,0,0.0,,,,,,,,,
AAPL|2018-02-09 14:30:00+00:00,AAPL,2018-02-09,2018-02,warmup,0,1,1,,6,6,0.0,,,,,,,,,
AMZN|2018-02-09 14:30:00+00:00,AMZN,2018-02-09,2018-02,warmup,0,0,0,,0,0,0.0,,,,,,,,,
AAPL|2018-02-09 15:30:00+00:00,AAPL,2018-02-09,2018-02,warmup,0,1,1,,7,7,0.0,,,,,,,,,
AMZN|2018-02-09 15:30:00+00:00,AMZN,2018-02-09,2018-02,warmup,0,0,0,,0,0,0.0,,,,,,,,,
AAPL|2018-02-09 16:30:00+00:00,AAPL,2018-02-09,2018-02,warmup,0,1,1,,7,7,0.0,,,,,,,,,
AMZN|2018-02-09 16:30:00+00:00,AMZN,2018-02-09,2018-02,warmup,1,0,0,,0,0,0.0,,,,,,,,,
AAPL|2018-02-12 14:30:00+00:00,AAPL,2018-02-12,2018-02,warmup,1,1,1,,4,4,0.0,,,,,,,,,
AMZN|2018-02-12 14:30:00+00:00,AMZN,2018-02-12,2018-02,warmup,1,0,0,,0,0,0.0,,,,,,,,,
AAPL|2018-02-12 15:30:00+00:00,AAPL,2018-02-12,2018-02,warmup,1,1,1,,6,6,0.0,,,,,,,,,
AMZN|2018-02-12 15:30:00+00:00,AMZN,2018-02-12,2018-02,warmup,1,1,1,,2,2,0.0,,,,,,,,,
AAPL|2018-02-12 16:30:00+00:00,AAPL,2018-02-12,2018-02,warmup,1,1,1,,10,9,0.5698029542657421,,,,,,,,,
AMZN|2018-02-12 16:30:00+00:00,AMZN,2018-02-12,2018-02,warmup,1,1,1,,3,2,1.5097048960078143,,,,,,,,,
AAPL|2018-02-13 14:30:00+00:00,AAPL,2018-02-13,2018-02,warmup,1,1,1,,4,4,0.0,,,,,,,,,
AMZN|2018-02-13 14:30:00+00:00,AMZN,2018-02-13,2018-02,warmup,1,0,0,,0,0,0.0,,,,,,,,,
AAPL|2018-02-13 15:30:00+00:00,AAPL,2018-02-13,2018-02,warmup,1,1,1,,8,8,0.0,,,,,,,,,
AMZN|2018-02-13 15:30:00+00:00,AMZN,2018-02-13,2018-02,warmup,0,0,0,,0,0,0.0,,,,,,,,,
AAPL|2018-02-13 16:30:00+00:00,AAPL,2018-02-13,2018-02,warmup,1,1,1,,8,8,0.0,,,,,,,,,
AMZN|2018-02-13 16:30:00+00:00,AMZN,2018-02-13,2018-02,warmup,1,0,0,,0,0,0.0,,,,,,,,,
AAPL|2018-02-14 14:30:00+00:00,AAPL,2018-02-14,2018-02,warmup,1,1,1,,7,7,0.0,,,,,,,,,
AMZN|2018-02-14 14:30:00+00:00,AMZN,2018-02-14,2018-02,warmup,1,1,1,,1,1,0.0,,,,,,,,,
AAPL|2018-02-14 15:30:00+00:00,AAPL,2018-02-14,2018-02,warmup,1,1,1,,10,9,0.5507674964072352,,,,,,,,,
AMZN|2018-02-14 15:30:00+00:00,AMZN,2018-02-14,2018-02,warmup,1,1,1,,1,1,0.0,,,,,,,,,
AAPL|2018-02-14 16:30:00+00:00,AAPL,2018-02-14,2018-02,warmup,1,1,1,,13,11,0.6467411458091151,,,,,,,,,
AMZN|2018-02-14 16:30:00+00:00,AMZN,2018-02-14,2018-02,warmup,1,1,1,,1,1,0.0,,,,,,,,,
AAPL|2018-02-15 14:30:00+00:00,AAPL,2018-02-15,2018-02,warmup,1,1,1,,9,8,0.7032321882168547,,,,,,,,,
AMZN|2018-02-15 14:30:00+00:00,AMZN,2018-02-15,2018-02,warmup,0,1,1,,2,2,0.0,,,,,,,,,
AAPL|2018-02-15 15:30:00+00:00,AAPL,2018-02-15,2018-02,warmup,1,1,1,,11,10,0.5940576278656137,,,,,,,,,
AMZN|2018-02-15 15:30:00+00:00,AMZN,2018-02-15,2018-02,warmup,1,1,1,,2,2,0.0,,,,,,,,,
AAPL|2018-02-15 16:30:00+00:00,AAPL,2018-02-15,2018-02,warmup,1,1,1,,13,12,0.5137424291205823,,,,,,,,,
AMZN|2018-02-15 16:30:00+00:00,AMZN,2018-02-15,2018-02,warmup,1,1,1,,1,1,0.0,,,,,,,,,
AAPL|2018-02-16 14:30:00+00:00,AAPL,2018-02-16,2018-02,warmup,1,1,1,,10,7,0.9148241380227732,,,,,,,,,
AMZN|2018-02-16 14:30:00+00:00,AMZN,2018-02-16,2018-02,warmup,0,0,0,,0,0,0.0,,,,,,,,,
AAPL|2018-02-16 15:30:00+00:00,AAPL,2018-02-16,2018-02,warmup,0,1,1,,9,7,1.0056286729689543,,,,,,,,,
AMZN|2018-02-16 15:30:00+00:00,AMZN,2018-02-16,2018-02,warmup,0,0,0,,0,0,0.0,,,,,,,,,
AAPL|2018-02-16 16:30:00+00:00,AAPL,2018-02-16,2018-02,warmup,0,1,1,,11,9,0.7933850843228798,,,,,,,,,
AMZN|2018-02-16 16:30:00+00:00,AMZN,2018-02-16,2018-02,warmup,0,0,0,,0,0,0.0,,,,,,,,,
AAPL|2018-02-20 14:30:00+00:00,AAPL,2018-02-20,2018-02,warmup,1,1,1,,4,4,0.0,,,,,,,,,
AMZN|2018-02-20 14:30:00+00:00,AMZN,2018-02-20,2018-02,warmup,1,0,0,,0,0,0.0,,,,,,,,,
AAPL|2018-02-20 15:30:00+00:00,AAPL,2018-02-20,2018-02,warmup,0,1,1,,6,6,0.0,,,,,,,,,
AMZN|2018-02-20 15:30:00+00:00,AMZN,2018-02-20,2018-02,warmup,1,1,1,,1,1,0.0,,,,,,,,,
AAPL|2018-02-20 16:30:00+00:00,AAPL,2018-02-20,2018-02,warmup,0,1,1,,6,5,1.3412795108093003,,,,,,,,,
AMZN|2018-02-20 16:30:00+00:00,AMZN,2018-02-20,2018-02,warmup,0,1,1,,1,1,0.0,,,,,,,,,
AAPL|2018-02-21 14:30:00+00:00,AAPL,2018-02-21,2018-02,warmup,1,1,1,,7,6,0.8413740649887079,,,,,,,,,
AMZN|2018-02-21 14:30:00+00:00,AMZN,2018-02-21,2018-02,warmup,1,0,0,,0,0,0.0,,,,,,,,,
AAPL|2018-02-21 15:30:00+00:00,AAPL,2018-02-21,2018-02,warmup,1,1,1,,9,8,0.6163501342685689,,,,,,,,,
AMZN|2018-02-21 15:30:00+00:00,AMZN,2018-02-21,2018-02,warmup,1,0,0,,0,0,0.0,,,,,,,,,
AAPL|2018-02-21 16:30:00+00:00,AAPL,2018-02-21,2018-02,warmup,0,1,1,,12,11,0.4709917397993413,,,,,,,,,
AMZN|2018-02-21 16:30:00+00:00,AMZN,2018-02-21,2018-02,warmup,0,0,0,,0,0,0.0,,,,,,,,,
AAPL|2018-02-22 14:30:00+00:00,AAPL,2018-02-22,2018-02,warmup,1,1,1,,3,3,0.0,,,,,,,,,
AMZN|2018-02-22 14:30:00+00:00,AMZN,2018-02-22,2018-02,warmup,0,1,1,,3,2,1.573632280392958,,,,,,,,,
AAPL|2018-02-22 15:30:00+00:00,AAPL,2018-02-22,2018-02,warmup,0,1,1,,4,4,0.0,,,,,,,,,
AMZN|2018-02-22 15:30:00+00:00,AMZN,2018-02-22,2018-02,warmup,0,1,1,,3,2,1.573632280392958,,,,,,,,,
AAPL|2018-02-22 16:30:00+00:00,AAPL,2018-02-22,2018-02,warmup,0,1,1,,6,6,0.0,,,,,,,,,
AMZN|2018-02-22 16:30:00+00:00,AMZN,2018-02-22,2018-02,warmup,0,1,1,,3,2,1.573632280392958,,,,,,,,,
AAPL|2018-02-23 14:30:00+00:00,AAPL,2018-02-23,2018-02,warmup,1,1,1,,2,2,0.0,,,,,,,,,
AMZN|2018-02-23 14:30:00+00:00,AMZN,2018-02-23,2018-02,warmup,0,0,0,,0,0,0.0,,,,,,,,,
AAPL|2018-02-23 15:30:00+00:00,AAPL,2018-02-23,2018-02,warmup,1,1,1,,4,4,0.0,,,,,,,,,
AMZN|2018-02-23 15:30:00+00:00,AMZN,2018-02-23,2018-02,warmup,1,0,0,,0,0,0.0,,,,,,,,,
AAPL|2018-02-23 16:30:00+00:00,AAPL,2018-02-23,2018-02,warmup,1,1,1,,5,5,0.0,,,,,,,,,
AMZN|2018-02-23 16:30:00+00:00,AMZN,2018-02-23,2018-02,warmup,1,0,0,,0,0,0.0,,,,,,,,,
AAPL|2018-02-26 14:30:00+00:00,AAPL,2018-02-26,2018-02,warmup,1,1,1,,14,14,0.0,,,,,,,,,
AMZN|2018-02-26 14:30:00+00:00,AMZN,2018-02-26,2018-02,warmup,1,1,1,,1,1,0.0,,,,,,,,,
AAPL|2018-02-26 15:30:00+00:00,AAPL,2018-02-26,2018-02,warmup,1,1,1,,13,13,0.0,,,,,,,,,
AMZN|2018-02-26 15:30:00+00:00,AMZN,2018-02-26,2018-02,warmup,1,1,1,,1,1,0.0,,,,,,,,,
AAPL|2018-02-26 16:30:00+00:00,AAPL,2018-02-26,2018-02,warmup,1,1,1,,16,16,0.0,,,,,,,,,
AMZN|2018-02-26 16:30:00+00:00,AMZN,2018-02-26,2018-02,warmup,0,1,1,,2,2,0.0,,,,,,,,,
AAPL|2018-02-27 14:30:00+00:00,AAPL,2018-02-27,2018-02,warmup,1,1,1,,16,15,0.4176904973233023,,,,,,,,,
AMZN|2018-02-27 14:30:00+00:00,AMZN,2018-02-27,2018-02,warmup,0,1,1,,3,2,1.5083767353180608,,,,,,,,,
AAPL|2018-02-27 15:30:00+00:00,AAPL,2018-02-27,2018-02,warmup,0,1,1,,20,19,0.3399922325535024,,,,,,,,,
AMZN|2018-02-27 15:30:00+00:00,AMZN,2018-02-27,2018-02,warmup,0,1,1,,4,3,1.345605203184176,,,,,,,,,
AAPL|2018-02-27 16:30:00+00:00,AAPL,2018-02-27,2018-02,warmup,1,1,1,,27,25,0.4319288626627396,,,,,,,,,
AMZN|2018-02-27 16:30:00+00:00,AMZN,2018-02-27,2018-02,warmup,0,1,1,,4,3,1.345605203184176,,,,,,,,,
AAPL|2018-02-28 14:30:00+00:00,AAPL,2018-02-28,2018-02,warmup,1,1,1,,7,7,0.0,,,,,,,,,
AMZN|2018-02-28 14:30:00+00:00,AMZN,2018-02-28,2018-02,warmup,1,0,0,,0,0,0.0,,,,,,,,,
AAPL|2018-02-28 15:30:00+00:00,AAPL,2018-02-28,2018-02,warmup,0,1,1,,6,6,0.0,,,,,,,,,
AMZN|2018-02-28 15:30:00+00:00,AMZN,2018-02-28,2018-02,warmup,1,0,0,,0,0,0.0,,,,,,,,,
AAPL|2018-02-28 16:30:00+00:00,AAPL,2018-02-28,2018-02,warmup,0,1,1,,10,10,0.0,,,,,,,,,
AMZN|2018-02-28 16:30:00+00:00,AMZN,2018-02-28,2018-02,warmup,0,0,0,,0,0,0.0,,,,,,,,,
AAPL|2018-03-01 14:30:00+00:00,AAPL,2018-03-01,2018-03,train_forward_oof,0,1,1,0.0,13,12,0.5263898911975141,0.78659809877921,0.8114002562081383,0.8774296087379244,0.895841055521285,0.895841055521285,0.9225962421727654,0.9225962421727654,0.8900116516216117,0.8499040546436291
AMZN|2018-03-01 14:30:00+00:00,AMZN,2018-03-01,2018-03,train_forward_oof,0,1,1,0.0,2,2,0.0,0.6445057247543793,0.6292984015322189,0.7845843276931805,0.784781669232814,0.784781669232814,0.7665224392184165,0.7665224392184165,0.7494203473193363,0.7406858197555408
AAPL|2018-03-01 15:30:00+00:00,AAPL,2018-03-01,2018-03,train_forward_oof,0,1,1,0.0,15,14,0.4613000984638802,0.6763440873924222,0.5557866061585397,0.8496427072559024,0.7656906604350731,0.7656906604350731,0.665879391303213,0.6658793913032132,0.7500645234534346,0.6748520667615233
AMZN|2018-03-01 15:30:00+00:00,AMZN,2018-03-01,2018-03,train_forward_oof,0,1,1,0.0,3,3,0.0,0.6446514503923156,0.6554680215959053,0.7931612281016177,0.5721078892727578,0.5721078892727578,0.5904320245844834,0.5904320245844834,0.5171536748564441,0.5343150444512155
AAPL|2018-03-01 16:30:00+00:00,AAPL,2018-03-01,2018-03,train_forward_oof,0,1,1,0.0,13,13,0.0,0.2742587810211829,0.334785580672221,0.4052964975333264,0.4070322572193538,0.4070322572193538,0.5060610945585428,0.5060610945585428,0.445728793286656,0.4782345213177974
AMZN|2018-03-01 16:30:00+00:00,AMZN,2018-03-01,2018-03,train_forward_oof,0,1,1,0.0,4,4,0.0,0.5552435419789848,0.6013305247976193,0.7416929653217545,0.5045330179485265,0.5045330179485265,0.5415592183816651,0.5415592183816651,0.484488477662734,0.5193866848553623
AAPL|2018-03-02 14:30:00+00:00,AAPL,2018-03-02,2018-03,train_forward_oof,1,1,1,0.0,16,16,0.0,0.5792082043399874,0.6314023230282787,0.6352899994695096,0.5741748353302857,0.5741748353302857,0.6551953023616072,0.6551953023616072,0.6718890842232993,0.662944107988194
AMZN|2018-03-02 14:30:00+00:00,AMZN,2018-03-02,2018-03,train_forward_oof,1,0,0,0.0,0,0,0.0,0.4002984683798877,0.4002984683798877,0.4002984683798877,0.4002984683798877,0.4002984683798877,0.4002984683798877,0.4002984683798877,0.4002984683798877,0.4002984683798877
AAPL|2018-03-02 15:30:00+00:00,AAPL,2018-03-02,2018-03,train_forward_oof,1,1,1,0.0,21,21,0.0,0.4366679554189772,0.3750526214572981,0.5324491255343186,0.4852104139480577,0.4852104139480577,0.4742269197763013,0.4742269197763013,0.5280383973966134,0.4862791968414768
AMZN|2018-03-02 15:30:00+00:00,AMZN,2018-03-02,2018-03,train_forward_oof,1,0,0,0.0,0,0,0.0,0.5111010136603082,0.5111010136603082,0.5111010136603082,0.5111010136603082,0.5111010136603082,0.5111010136603082,0.5111010136603082,0.5111010136603082,0.5111010136603082
AAPL|2018-03-02 16:30:00+00:00,AAPL,2018-03-02,2018-03,train_forward_oof,1,1,1,0.0,25,24,0.2408252610763266,0.3662959490302986,0.4793087951862897,0.3339844968933119,0.4024407450863733,0.4024407450863733,0.5730974494347614,0.5730974494347614,0.3976110111348568,0.3470319947294418
AMZN|2018-03-02 16:30:00+00:00,AMZN,2018-03-02,2018-03,train_forward_oof,1,1,1,0.0,1,1,0.0,0.5951461315391535,0.6642956454578592,0.5684595984882069,0.2962332349135139,0.29623323491351394,0.3869272799936308,0.38692727999363086,0.2414369985977895,0.2639501769061244
AAPL|2018-03-05 14:30:00+00:00,AAPL,2018-03-05,2018-03,train_forward_oof,1,1,1,0.0,20,20,0.0,0.558211285574806,0.6266138655432044,0.7219502326452697,0.4120628200312081,0.4120628200312081,0.5068703078533026,0.5068703078533026,0.4041722239198428,0.3904544838074817
AMZN|2018-03-05 14:30:00+00:00,AMZN,2018-03-05,2018-03,train_forward_oof,1,0,0,0.0,0,0,0.0,0.6058070129615731,0.6058070129615731,0.6058070129615731,0.6058070129615731,0.6058070129615731,0.6058070129615731,0.6058070129615731,0.6058070129615731,0.6058070129615731
AAPL|2018-03-05 15:30:00+00:00,AAPL,2018-03-05,2018-03,train_forward_oof,1,1,1,0.0,18,18,0.0,0.411374398432239,0.3792696292620282,0.6807178936313398,0.3029751984035254,0.3029751984035254,0.2965329842686844,0.29653298426868435,0.2874253402036227,0.2874185081172205
AMZN|2018-03-05 15:30:00+00:00,AMZN,2018-03-05,2018-03,train_forward_oof,1,0,0,0.0,0,0,0.0,0.5602069409916295,0.5602069409916295,0.5602069409916295,0.5602069409916295,0.5602069409916295,0.5602069409916295,0.5602069409916295,0.5602069409916295,0.5602069409916295
AAPL|2018-03-05 16:30:00+00:00,AAPL,2018-03-05,2018-03,train_forward_oof,1,1,1,0.0,21,21,0.0,0.5171991407507837,0.5763991933844181,0.232751671666785,0.3465366058810174,0.3465366058810174,0.4483914924625248,0.4483914924625248,0.3770310486461964,0.3723048603316484
AMZN|2018-03-05 16:30:00+00:00,AMZN,2018-03-05,2018-03,train_forward_oof,1,0,0,0.0,0,0,0.0,0.5785382952782346,0.5785382952782346,0.5785382952782346,0.5785382952782346,0.5785382952782346,0.5785382952782346,0.5785382952782346,0.5785382952782346,0.5785382952782346
AAPL|2018-03-06 14:30:00+00:00,AAPL,2018-03-06,2018-03,train_forward_oof,0,1,1,0.0,11,11,0.0,0.6035086740366353,0.6947735807434617,0.6467590413166108,0.4249129564023813,0.4249129564023813,0.5039195415113014,0.5039195415113014,0.4524641559694213,0.473208650912088
AMZN|2018-03-06 14:30:00+00:00,AMZN,2018-03-06,2018-03,train_forward_oof,1,1,1,0.0,1,1,0.0,0.4977461118869612,0.4904467381126586,0.5306020710298148,0.1354845570044709,0.1354845570044709,0.137184541392306,0.137184541392306,0.1907453156769666,0.216966108598919
AAPL|2018-03-06 15:30:00+00:00,AAPL,2018-03-06,2018-03,train_forward_oof,0,1,1,0.0,16,16,0.0,0.4627752711703913,0.3926275810242677,0.5552340181158532,0.2511368715531595,0.2511368715531595,0.1780376111758692,0.1780376111758692,0.3014387508921342,0.3241138733622818
AMZN|2018-03-06 15:30:00+00:00,AMZN,2018-03-06,2018-03,train_forward_oof,0,0,0,0.0,0,0,0.0,0.5395863659121043,0.5395863659121043,0.5395863659121043,0.5395863659121043,0.5395863659121043,0.5395863659121043,0.5395863659121043,0.5395863659121043,0.5395863659121043
AAPL|2018-03-06 16:30:00+00:00,AAPL,2018-03-06,2018-03,train_forward_oof,0,1,1,1.0,15,15,0.0,0.4289346412908871,0.4303339655150687,0.3959432870063034,0.215879214735691,0.215879214735691,0.211204781249606,0.21120478124960604,0.1977745403169202,0.20031937057669
AMZN|2018-03-06 16:30:00+00:00,AMZN,2018-03-06,2018-03,train_forward_oof,1,1,1,0.0,1,1,0.0,0.5221848158779101,0.5281841509962302,0.4817397610258253,0.1877228103174248,0.1877228103174248,0.2006320970113813,0.20063209701138132,0.180647486355564,0.1333712760697794
AAPL|2018-03-07 14:30:00+00:00,AAPL,2018-03-07,2018-03,train_forward_oof,1,1,1,0.0,18,18,0.0,0.688481351657295,0.7569707975505018,0.826893123768402,0.5904182811536087,0.5904182811536087,0.6952607175470716,0.6952607175470716,0.6351840407080216,0.6032997202046935
AMZN|2018-03-07 14:30:00+00:00,AMZN,2018-03-07,2018-03,train_forward_oof,1,1,1,0.0,4,4,0.0,0.5248080256850162,0.5063065315474335,0.414600407406377,0.4497205975553137,0.44972059755531374,0.4402312157891402,0.44023121578914026,0.3769256585566639,0.3542203969509101
AAPL|2018-03-07 15:30:00+00:00,AAPL,2018-03-07,2018-03,train_forward_oof,1,1,1,0.0,20,20,0.0,0.5553111482690462,0.481896200470086,0.7203083289892499,0.4733026105816039,0.47330261058160394,0.4481677329116275,0.4481677329116275,0.49659392365932,0.4611222341389797
AMZN|2018-03-07 15:30:00+00:00,AMZN,2018-03-07,2018-03,train_forward_oof,0,1,1,0.0,4,4,0.0,0.5248535821926462,0.4972899798156019,0.422371244144576,0.4331446811422147,0.4331446811422147,0.4564843876682883,0.45648438766828825,0.4217240805216229,0.3983313383013929
AAPL|2018-03-07 16:30:00+00:00,AAPL,2018-03-07,2018-03,train_forward_oof,1,1,1,0.0,25,25,0.0,0.2595747647035381,0.212947658030391,0.5258269559115692,0.1477034816735341,0.14770348167353406,0.1405454373179281,0.1405454373179281,0.1585605396494986,0.1494218184787174
AMZN|2018-03-07 16:30:00+00:00,AMZN,2018-03-07,2018-03,train_forward_oof,1,1,1,0.0,4,4,0.0,0.5662162173203952,0.5211261820619904,0.4672444357104487,0.4331933024094781,0.4331933024094781,0.4200260454090503,0.4200260454090503,0.4544101456873767,0.4190721043899828
AAPL|2018-03-08 14:30:00+00:00,AAPL,2018-03-08,2018-03,train_forward_oof,1,1,1,1.0,14,14,0.0,0.7199612881058738,0.7818238848311765,0.6997633945934266,0.6364378992432785,0.6364378992432784,0.7331668771534988,0.7331668771534988,0.6749513376430865,0.6623171102138201
AMZN|2018-03-08 14:30:00+00:00,AMZN,2018-03-08,2018-03,train_forward_oof,0,1,1,0.0,1,1,0.0,0.5948426571740904,0.5685038476430457,0.5458141452259704,0.7672647650368793,0.7672647650368793,0.7704778482672768,0.7704778482672768,0.7346376258600673,0.7353261563876656
AAPL|2018-03-08 15:30:00+00:00,AAPL,2018-03-08,2018-03,train_forward_oof,1,1,1,0.0,16,16,0.0,0.5893400672691672,0.4744129609019426,0.6814369988158019,0.4533016371404155,0.45330163714041555,0.3485059481335407,0.3485059481335407,0.470430287721348,0.4516070947567283
AMZN|2018-03-08 15:30:00+00:00,AMZN,2018-03-08,2018-03,train_forward_oof,0,1,1,0.0,2,2,0.0,0.5954940514079041,0.6566257974313414,0.4838213711446577,0.6289553231152936,0.6289553231152936,0.7165620648726037,0.7165620648726037,0.5729572363504014,0.5956551613937411
AAPL|2018-03-08 16:30:00+00:00,AAPL,2018-03-08,2018-03,train_forward_oof,1,1,1,0.0,18,18,0.0,0.2986815729568212,0.2775696562183195,0.4872028441237412,0.3068497068579429,0.3068497068579429,0.2823119695342571,0.2823119695342571,0.3091598629056591,0.3075374913090677
AMZN|2018-03-08 16:30:00+00:00,AMZN,2018-03-08,2018-03,train_forward_oof,0,1,1,0.0,2,2,0.0,0.5728402566125831,0.6008147885765648,0.5138326276130348,0.603690017474009,0.603690017474009,0.6648949511514896,0.6648949511514896,0.5979149280668622,0.6218204488475243
AAPL|2018-03-09 14:30:00+00:00,AAPL,2018-03-09,2018-03,train_forward_oof,1,1,1,0.0,16,16,0.0,0.6795774251351464,0.7767914802524932,0.7092547335909628,0.4954015201796792,0.4954015201796792,0.6284735189162967,0.6284735189162967,0.5013093650430749,0.4702068056611974
AMZN|2018-03-09 14:30:00+00:00,AMZN,2018-03-09,2018-03,train_forward_oof,1,0,0,0.0,0,0,0.0,0.5369398477963956,0.5369398477963956,0.5369398477963956,0.5369398477963956,0.5369398477963956,0.5369398477963956,0.5369398477963956,0.5369398477963956,0.5369398477963956
AAPL|2018-03-09 15:30:00+00:00,AAPL,2018-03-09,2018-03,train_forward_oof,1,1,1,0.0,12,12,0.0,0.5475209101687767,0.4531054536587849,0.6825349653737676,0.3334783221540079,0.3334783221540079,0.2491143633338703,0.2491143633338703,0.342577172425302,0.3242533491912032
AMZN|2018-03-09 15:30:00+00:00,AMZN,2018-03-09,2018-03,train_forward_oof,1,0,0,0.0,0,0,0.0,0.6473065218199795,0.6473065218199795,0.6473065218199795,0.6473065218199795,0.6473065218199795,0.6473065218199795,0.6473065218199795,0.6473065218199795,0.6473065218199795
AAPL|2018-03-09 16:30:00+00:00,AAPL,2018-03-09,2018-03,train_forward_oof,1,1,1,0.0,16,16,0.0,0.5524885731444128,0.4907803859075588,0.4780443621795809,0.3799757749406125,0.3799757749406125,0.3255314107636279,0.3255314107636279,0.3888820513225722,0.3649226501640707
AMZN|2018-03-09 16:30:00+00:00,AMZN,2018-03-09,2018-03,train_forward_oof,1,0,0,0.0,0,0,0.0,0.5917283629367203,0.5917283629367203,0.5917283629367203,0.5917283629367203,0.5917283629367203,0.5917283629367203,0.5917283629367203,0.5917283629367203,0.5917283629367203
AAPL|2018-03-12 14:30:00+00:00,AAPL,2018-03-12,2018-03,train_forward_oof,0,1,1,0.0,14,11,1.5459380660532658,0.5887738226873019,0.613239935649321,0.4986042557908263,0.3943994717957126,0.3943994717957126,0.4466176773913258,0.4466176773913258,0.4044529058316313,0.5117671469252218
AMZN|2018-03-12 14:30:00+00:00,AMZN,2018-03-12,2018-03,train_forward_oof,0,1,1,0.0,1,1,0.0,0.7115753649784449,0.6787176610323552,0.680722420509946,0.8475148105950476,0.8475148105950476,0.8392999666935959,0.8392999666935959,0.8662494537843292,0.8170040450898224
AAPL|2018-03-12 15:30:00+00:00,AAPL,2018-03-12,2018-03,train_forward_oof,1,1,1,0.0,16,15,0.4497213907032754,0.4490674934558922,0.3418987949195545,0.4954619414298098,0.4268497737646559,0.4268497737646559,0.3288191486537769,0.3288191486537769,0.464229307144603,0.4946565871695919
AMZN|2018-03-12 15:30:00+00:00,AMZN,2018-03-12,2018-03,train_forward_oof,1,1,1,0.0,1,1,0.0,0.7116128553114139,0.6974985915878834,0.6876222662227195,0.8386216722105119,0.8386216722105119,0.8469812984934564,0.8469812984934564,0.8709821057954572,0.8228407131582174
AAPL|2018-03-13 13:30:00+00:00,AAPL,2018-03-13,2018-03,train_forward_oof,0,1,1,0.0,13,13,0.0,0.6594130271330461,0.7428648773333556,0.4491876003635581,0.8032846650601402,0.8032846650601402,0.8779800970606306,0.8779800970606306,0.8163472105856437,0.8174863292748724
AMZN|2018-03-13 13:30:00+00:00,AMZN,2018-03-13,2018-03,train_forward_oof,0,0,0,0.0,0,0,0.0,0.4661088699813637,0.4661088699813637,0.4661088699813637,0.4661088699813637,0.4661088699813637,0.4661088699813637,0.4661088699813637,0.4661088699813637,0.4661088699813637
AAPL|2018-03-13 14:30:00+00:00,AAPL,2018-03-13,2018-03,train_forward_oof,0,1,1,0.0,18,18,0.0,0.5257437960906233,0.4602042262064581,0.4279776373330672,0.6174104710427156,0.6174104710427156,0.5742117723451272,0.5742117723451272,0.6600048041847825,0.6525276745103396
AMZN|2018-03-13 14:30:00+00:00,AMZN,2018-03-13,2018-03,train_forward_oof,0,0,0,0.0,0,0,0.0,0.5619561581454942,0.5619561581454942,0.5619561581454942,0.5619561581454942,0.5619561581454942,0.5619561581454942,0.5619561581454942,0.5619561581454942,0.5619561581454942
AAPL|2018-03-13 15:30:00+00:00,AAPL,2018-03-13,2018-03,train_forward_oof,0,1,1,0.0,16,16,0.0,0.3223460141799573,0.2816561304942281,0.2421711632352382,0.3925069291637235,0.3925069291637235,0.3599306810970477,0.3599306810970477,0.368980965872325,0.3490242187636712
AMZN|2018-03-13 15:30:00+00:00,AMZN,2018-03-13,2018-03,train_forward_oof,1,1,1,0.0,1,1,0.0,0.5002878881411402,0.2757377802744191,0.5139577367382513,0.6827250446715393,0.6827250446715393,0.4388358313037221,0.43883583130372206,0.6697018710432104,0.6774498610158798
AAPL|2018-03-14 13:30:00+00:00,AAPL,2018-03-14,2018-03,train_forward_oof,0,1,1,0.0,12,8,2.544779476355776,0.6095232205478718,0.6425606865806571,0.6915026078241355,0.9379236133609788,0.9379236133609788,0.9550236149415068,0.9550236149415068,0.946509086065283,0.864986538303848
AMZN|2018-03-14 13:30:00+00:00,AMZN,2018-03-14,2018-03,train_forward_oof,0,0,0,0.0,0,0,0.0,0.5902108374670707,0.5902108374670707,0.5902108374670707,0.5902108374670707,0.5902108374670707,0.5902108374670707,0.5902108374670707,0.5902108374670707,0.5902108374670707
AAPL|2018-03-14 14:30:00+00:00,AAPL,2018-03-14,2018-03,train_forward_oof,1,1,1,0.0,13,10,1.804357274951581,0.4676501508310128,0.4661842187634579,0.5818691254661724,0.8781044597091329,0.8781044597091329,0.8737733269387599,0.8737733269387599,0.8886147573906334,0.7930731746662593
AMZN|2018-03-14 14:30:00+00:00,AMZN,2018-03-14,2018-03,train_forward_oof,0,1,1,0.0,2,2,0.0,0.6078245659726217,0.6163865331865734,0.5908983490589734,0.8309857988053331,0.8309857988053331,0.8554137261836495,0.8554137261836495,0.8111843764272372,0.8502026300378382
AAPL|2018-03-14 15:30:00+00:00,AAPL,2018-03-14,2018-03,train_forward_oof,0,1,1,0.0,14,11,1.768891567184972,0.1271555881134552,0.1174515523715175,0.3709874816764951,0.4890845026576998,0.48908450265769987,0.4702192225851659,0.4702192225851659,0.4864098644939139,0.3199369803670366
AMZN|2018-03-14 15:30:00+00:00,AMZN,2018-03-14,2018-03,train_forward_oof,0,1,1,0.0,2,2,0.0,0.4093697447394148,0.3245155105578368,0.3910295205025405,0.596849061335024,0.596849061335024,0.5337310928725206,0.5337310928725206,0.6072583551162576,0.662625490221484
AAPL|2018-03-15 13:30:00+00:00,AAPL,2018-03-15,2018-03,train_forward_oof,1,1,1,0.0,8,8,0.0,0.522412381874632,0.5790814516359409,0.5614356307637263,0.3571441130284525,0.35714411302845256,0.3981650806485885,0.3981650806485885,0.3288461568506081,0.2985157075694956
AMZN|2018-03-15 13:30:00+00:00,AMZN,2018-03-15,2018-03,train_forward_oof,0,0,0,0.0,0,0,0.0,0.5399402737661584,0.5399402737661584,0.5399402737661584,0.5399402737661584,0.5399402737661584,0.5399402737661584,0.5399402737661584,0.5399402737661584,0.5399402737661584
AAPL|2018-03-15 14:30:00+00:00,AAPL,2018-03-15,2018-03,train_forward_oof,0,1,1,0.0,8,8,0.0,0.3814890562950348,0.2562955271831651,0.437214781418003,0.254938916130644,0.254938916130644,0.1445899645147864,0.1445899645147864,0.1783718109774405,0.1536175893768662
AMZN|2018-03-15 14:30:00+00:00,AMZN,2018-03-15,2018-03,train_forward_oof,1,0,0,0.0,0,0,0.0,0.6647361790855035,0.6647361790855035,0.6647361790855035,0.6647361790855035,0.6647361790855035,0.6647361790855035,0.6647361790855035,0.6647361790855035,0.6647361790855035
AAPL|2018-03-15 15:30:00+00:00,AAPL,2018-03-15,2018-03,train_forward_oof,0,1,1,0.0,8,8,0.0,0.4032576096661559,0.3375112372325819,0.3133385440848537,0.3122825837758843,0.3122825837758843,0.2303104782260056,0.23031047822600562,0.2628840897420356,0.2585048543960553
AMZN|2018-03-15 15:30:00+00:00,AMZN,2018-03-15,2018-03,train_forward_oof,0,0,0,0.0,0,0,0.0,0.6170827681492747,0.6170827681492747,0.6170827681492747,0.6170827681492747,0.6170827681492747,0.6170827681492747,0.6170827681492747,0.6170827681492747,0.6170827681492747
AAPL|2018-03-16 13:30:00+00:00,AAPL,2018-03-16,2018-03,train_forward_oof,0,1,1,0.0,9,9,0.0,0.6843880433113779,0.7768982179638955,0.673261851993094,0.5719257172068146,0.5719257172068146,0.6768357032810127,0.6768357032810127,0.6267652227378675,0.6146813928361687
AMZN|2018-03-16 13:30:00+00:00,AMZN,2018-03-16,2018-03,train_forward_oof,0,0,0,0.0,0,0,0.0,0.5652690812087743,0.5652690812087743,0.5652690812087743,0.5652690812087743,0.5652690812087743,0.5652690812087743,0.5652690812087743,0.5652690812087743,0.5652690812087743
AAPL|2018-03-16 14:30:00+00:00,AAPL,2018-03-16,2018-03,train_forward_oof,0,1,1,0.0,10,10,0.0,0.5439228895006664,0.4546992766793846,0.5704932736789047,0.4411349358582438,0.4411349358582438,0.3652646912602764,0.3652646912602764,0.4725978623605484,0.4811926173020531
AMZN|2018-03-16 14:30:00+00:00,AMZN,2018-03-16,2018-03,train_forward_oof,0,0,0,0.0,0,0,0.0,0.6541239821780788,0.6541239821780788,0.6541239821780788,0.6541239821780788,0.6541239821780788,0.6541239821780788,0.6541239821780788,0.6541239821780788,0.6541239821780788
AAPL|2018-03-16 15:30:00+00:00,AAPL,2018-03-16,2018-03,train_forward_oof,1,1,1,0.0,13,13,0.0,0.45925072446768,0.323824713570632,0.324409487932475,0.3360367737710941,0.3360367737710941,0.2578267395652516,0.2578267395652516,0.3606117874130625,0.3557095174623501
AMZN|2018-03-16 15:30:00+00:00,AMZN,2018-03-16,2018-03,train_forward_oof,0,0,0,0.0,0,0,0.0,0.5323165964499607,0.5323165964499607,0.5323165964499607,0.5323165964499607,0.5323165964499607,0.5323165964499607,0.5323165964499607,0.5323165964499607,0.5323165964499607
AAPL|2018-03-19 13:30:00+00:00,AAPL,2018-03-19,2018-03,train_forward_oof,0,1,1,0.0,15,13,0.713373483110825,0.6946174131361904,0.7647785047810527,0.6977627029276485,0.718733124440146,0.718733124440146,0.7920084375550482,0.7920084375550482,0.7747270955375868,0.8078440466505892
AMZN|2018-03-19 13:30:00+00:00,AMZN,2018-03-19,2018-03,train_forward_oof,0,0,0,0.0,0,0,0.0,0.6421829970062372,0.6421829970062372,0.6421829970062372,0.6421829970062372,0.6421829970062372,0.6421829970062372,0.6421829970062372,0.6421829970062372,0.6421829970062372
AAPL|2018-03-19 14:30:00+00:00,AAPL,2018-03-19,2018-03,train_forward_oof,0,1,1,0.0,21,18,0.5861708642381557,0.5786458773511183,0.5023136332058046,0.3530055015066873,0.5675208140141385,0.5675208140141385,0.5219536305632745,0.5219536305632745,0.6100830176628851,0.641104934164111
AMZN|2018-03-19 14:30:00+00:00,AMZN,2018-03-19,2018-03,train_forward_oof,0,0,0,0.0,0,0,0.0,0.7687746172954725,0.7687746172954725,0.7687746172954725,0.7687746172954725,0.7687746172954725,0.7687746172954725,0.7687746172954725,0.7687746172954725,0.7687746172954725
AAPL|2018-03-19 15:30:00+00:00,AAPL,2018-03-19,2018-03,train_forward_oof,0,1,1,0.0,26,24,0.369051351282728,0.4125349186677337,0.2973944584916692,0.2260877398825649,0.34078348945111,0.34078348945111,0.271288535710488,0.271288535710488,0.3607300261701275,0.37846150509505
AMZN|2018-03-19 15:30:00+00:00,AMZN,2018-03-19,2018-03,train_forward_oof,0,0,0,0.0,0,0,0.0,0.5109665986710028,0.5109665986710028,0.5109665986710028,0.5109665986710028,0.5109665986710028,0.5109665986710028,0.5109665986710028,0.5109665986710028,0.5109665986710028
AAPL|2018-03-20 13:30:00+00:00,AAPL,2018-03-20,2018-03,train_forward_oof,0,1,1,0.0,4,4,0.0,0.5504592090321416,0.6554724334663253,0.6249460087170315,0.7217985156296004,0.7217985156296004,0.8152189080710414,0.8152189080710414,0.7537178149853957,0.7457383823250877
AMZN|2018-03-20 13:30:00+00:00,AMZN,2018-03-20,2018-03,train_forward_oof,1,0,0,0.0,0,0,0.0,0.5394672099887681,0.5394672099887681,0.5394672099887681,0.5394672099887681,0.5394672099887681,0.5394672099887681,0.5394672099887681,0.5394672099887681,0.5394672099887681
AAPL|2018-03-20 14:30:00+00:00,AAPL,2018-03-20,2018-03,train_forward_oof,0,1,1,0.0,6,6,0.0,0.4132629422270645,0.4078917445318515,0.5293752433780495,0.4892311153580746,0.4892311153580746,0.494715975402363,0.494715975402363,0.4847044632141036,0.4592479298877602
AMZN|2018-03-20 14:30:00+00:00,AMZN,2018-03-20,2018-03,train_forward_oof,1,0,0,0.0,0,0,0.0,0.6065817014730893,0.6065817014730893,0.6065817014730893,0.6065817014730893,0.6065817014730893,0.6065817014730893,0.6065817014730893,0.6065817014730893,0.6065817014730893
AAPL|2018-03-20 15:30:00+00:00,AAPL,2018-03-20,2018-03,train_forward_oof,0,1,1,0.0,14,14,0.0,0.4664655453779824,0.3591289770475096,0.5649147438609878,0.630969231579355,0.630969231579355,0.5438073140831734,0.5438073140831734,0.7202088567727946,0.7365170519013577
AMZN|2018-03-20 15:30:00+00:00,AMZN,2018-03-20,2018-03,train_forward_oof,1,1,1,0.0,1,1,0.0,0.5942848618316242,0.5892878474004808,0.4141411361870782,0.8661807574822178,0.8661807574822178,0.8719634499419033,0.8719634499419033,0.821446590501861,0.7779828552143316
AAPL|2018-03-21 13:30:00+00:00,AAPL,2018-03-21,2018-03,train_forward_oof,0,1,1,0.0,3,3,0.0,0.6366571900213455,0.745453667748708,0.6736851948687265,0.3117689065695734,0.3117689065695734,0.4763133750653764,0.4763133750653764,0.2532928109347219,0.27077255355774
AMZN|2018-03-21 13:30:00+00:00,AMZN,2018-03-21,2018-03,train_forward_oof,0,1,1,0.0,1,1,0.0,0.513522724289907,0.4698101308779435,0.4317913615583134,0.5360381311999262,0.5360381311999262,0.5165017933056564,0.5165017933056564,0.5814101090981301,0.5480168185204868
AAPL|2018-03-21 14:30:00+00:00,AAPL,2018-03-21,2018-03,train_forward_oof,0,1,1,0.0,3,3,0.0,0.4969855901258247,0.5484468172991278,0.5561216004909366,0.2181425845914648,0.2181425845914648,0.2839957705102639,0.2839957705102639,0.1335915885123689,0.1403389089630164
AMZN|2018-03-21 14:30:00+00:00,AMZN,2018-03-21,2018-03,train_forward_oof,0,1,1,0.0,2,2,0.0,0.5068815284965524,0.6030478773024815,0.4164309605546515,0.160737845138104,0.160737845138104,0.2360888890633525,0.23608888906335251,0.1389793207763613,0.1233283652980983
AAPL|2018-03-21 15:30:00+00:00,AAPL,2018-03-21,2018-03,train_forward_oof,0,1,1,0.0,5,5,0.0,0.4364336981570426,0.3066429383558239,0.4339379357124506,0.5287098316348979,0.5287098316348979,0.4190404838630259,0.4190404838630259,0.5429652483450608,0.6165469805711494
AMZN|2018-03-21 15:30:00+00:00,AMZN,2018-03-21,2018-03,train_forward_oof,0,1,1,0.0,2,2,0.0,0.556793816011212,0.595729133193091,0.5495181186159772,0.2056545250778854,0.20565452507788543,0.257011704189064,0.25701170418906405,0.215642685768443,0.1898876976944194
AAPL|2018-03-22 13:30:00+00:00,AAPL,2018-03-22,2018-03,train_forward_oof,1,1,1,0.0,14,14,0.0,0.5099853660503664,0.5771053535769733,0.6228605493414364,0.5268506373536097,0.5268506373536097,0.630541388953372,0.630541388953372,0.5821962461758351,0.620712786264564
AMZN|2018-03-22 13:30:00+00:00,AMZN,2018-03-22,2018-03,train_forward_oof,0,0,0,0.0,0,0,0.0,0.514778161333839,0.514778161333839,0.514778161333839,0.514778161333839,0.514778161333839,0.514778161333839,0.514778161333839,0.514778161333839,0.514778161333839
AAPL|2018-03-22 14:30:00+00:00,AAPL,2018-03-22,2018-03,train_forward_oof,1,1,1,0.0,20,20,0.0,0.3717801307542909,0.3462811393410971,0.3720795667259335,0.4326290743825539,0.4326290743825539,0.4317413754451596,0.4317413754451596,0.5017479489743668,0.5214924161350699
AMZN|2018-03-22 14:30:00+00:00,AMZN,2018-03-22,2018-03,train_forward_oof,0,0,0,0.0,0,0,0.0,0.6752533335618052,0.6752533335618052,0.6752533335618052,0.6752533335618052,0.6752533335618052,0.6752533335618052,0.6752533335618052,0.6752533335618052,0.6752533335618052
AAPL|2018-03-22 15:30:00+00:00,AAPL,2018-03-22,2018-03,train_forward_oof,1,1,1,0.0,20,20,0.0,0.3473704736016466,0.3214434032843668,0.2648146660856095,0.340956087902866,0.340956087902866,0.3403772306579567,0.3403772306579567,0.3523377109377236,0.3656190963491237
AMZN|2018-03-22 15:30:00+00:00,AMZN,2018-03-22,2018-03,train_forward_oof,0,0,0,0.0,0,0,0.0,0.5558366250055996,0.5558366250055996,0.5558366250055996,0.5558366250055996,0.5558366250055996,0.5558366250055996,0.5558366250055996,0.5558366250055996,0.5558366250055996
AAPL|2018-03-23 13:30:00+00:00,AAPL,2018-03-23,2018-03,train_forward_oof,1,1,1,1.0,9,8,0.6727491967125895,0.5535757310467622,0.5712760793524246,0.6053740872795897,0.4870308674067967,0.4870308674067967,0.5362435029238971,0.5362435029238971,0.5641059982345129,0.5289192629356954
AMZN|2018-03-23 13:30:00+00:00,AMZN,2018-03-23,2018-03,train_forward_oof,0,1,1,0.0,1,1,0.0,0.559605329937688,0.5480995463178694,0.5621499382400271,0.6510999752187788,0.6510999752187788,0.671222501917026,0.671222501917026,0.6356533822878447,0.7113043916034989
AAPL|2018-03-23 14:30:00+00:00,AAPL,2018-03-23,2018-03,train_forward_oof,0,1,1,1.0,11,10,0.5594575132897313,0.4072651817568644,0.3288096583672901,0.5366356062147702,0.4232482203165307,0.4232482203165307,0.3438989466920691,0.3438989466920691,0.4410676061015455,0.4166427802154027
AMZN|2018-03-23 14:30:00+00:00,AMZN,2018-03-23,2018-03,train_forward_oof,0,1,1,0.0,1,1,0.0,0.5596503495752622,0.6872896842674928,0.5699935553751818,0.6356759375285387,0.6356759375285387,0.7734435725775692,0.7734435725775692,0.663049916123238,0.7355813669220549
AAPL|2018-03-23 15:30:00+00:00,AAPL,2018-03-23,2018-03,train_forward_oof,0,1,1,1.0,12,11,0.5255607727063628,0.1607654622567555,0.1934493728128298,0.3383552793463136,0.1573827071560942,0.1573827071560942,0.1861863252526879,0.1861863252526879,0.1569572284243539,0.1503770699038075
AMZN|2018-03-23 15:30:00+00:00,AMZN,2018-03-23,2018-03,train_forward_oof,0,1,1,0.0,1,1,0.0,0.425672756902535,0.4744419183842041,0.5091078879796364,0.4819883161407062,0.48198831614070625,0.5558218269454523,0.5558218269454523,0.5378540546475917,0.6105768093989574
AAPL|2018-03-26 13:30:00+00:00,AAPL,2018-03-26,2018-03,train_forward_oof,1,1,1,1.0,7,7,0.0,0.5895869476095296,0.5690264926828943,0.6875803491105033,0.7703476308197856,0.7703476308197856,0.71409170183366,0.71409170183366,0.7710953512150764,0.739799244848814
AMZN|2018-03-26 13:30:00+00:00,AMZN,2018-03-26,2018-03,train_forward_oof,1,0,0,0.0,0,0,0.0,0.6370048549665999,0.6370048549665999,0.6370048549665999,0.6370048549665999,0.6370048549665999,0.6370048549665999,0.6370048549665999,0.6370048549665999,0.6370048549665999
AAPL|2018-03-26 14:30:00+00:00,AAPL,2018-03-26,2018-03,train_forward_oof,1,1,1,1.0,16,15,0.5787428558239057,0.4470488030093413,0.3974372806559246,0.5487952212417863,0.5680276563394738,0.5680276563394738,0.3888969039719833,0.38889690397198323,0.6484451065739021,0.6122422215679283
AMZN|2018-03-26 14:30:00+00:00,AMZN,2018-03-26,2018-03,train_forward_oof,1,0,0,0.0,0,0,0.0,0.4991707910539481,0.4991707910539481,0.4991707910539481,0.4991707910539481,0.4991707910539481,0.4991707910539481,0.4991707910539481,0.4991707910539481,0.4991707910539481
AAPL|2018-03-26 15:30:00+00:00,AAPL,2018-03-26,2018-03,train_forward_oof,1,1,1,1.0,18,17,0.5018609443373062,0.2673078125706506,0.4474351899911045,0.2471762611434241,0.2852790820520831,0.2852790820520831,0.3844432231023933,0.3844432231023933,0.3052383631421991,0.2811339950014355
AMZN|2018-03-26 15:30:00+00:00,AMZN,2018-03-26,2018-03,train_forward_oof,1,0,0,0.0,0,0,0.0,0.0495212626912181,0.0495212626912181,0.0495212626912181,0.0495212626912181,0.0495212626912181,0.0495212626912181,0.0495212626912181,0.0495212626912181,0.0495212626912181
AAPL|2018-03-27 13:30:00+00:00,AAPL,2018-03-27,2018-03,train_forward_oof,0,1,1,1.0,11,11,0.0,0.8380105792580714,0.8471018820233033,0.7081589735375156,0.7328431676843384,0.7328431676843384,0.7544622186392822,0.7544622186392822,0.7723177827639035,0.7673225640108513
AMZN|2018-03-27 13:30:00+00:00,AMZN,2018-03-27,2018-03,train_forward_oof,0,1,1,0.0,2,2,0.0,0.5940897994024833,0.5671720415951078,0.4209372674868766,0.7794129952504014,0.7794129952504014,0.776507369250612,0.776507369250612,0.7771561283267723,0.782012323742203
AAPL|2018-03-27 14:30:00+00:00,AAPL,2018-03-27,2018-03,train_forward_oof,0,1,1,1.0,10,10,0.0,0.7429491151748971,0.7318464457641417,0.5556471856687358,0.6073290630976674,0.6073290630976674,0.5479613400929461,0.5479613400929461,0.5554487217897407,0.5261749914058037
AMZN|2018-03-27 14:30:00+00:00,AMZN,2018-03-27,2018-03,train_forward_oof,0,1,1,0.0,2,2,0.0,0.5941338505699765,0.5721306814264026,0.4287398888479719,0.767637013176727,0.767637013176727,0.7785055344222547,0.7785055344222547,0.7965103610041223,0.801175656072678
AAPL|2018-03-27 15:30:00+00:00,AAPL,2018-03-27,2018-03,train_forward_oof,0,1,1,1.0,10,9,0.6551551400278647,0.3793068776223806,0.3446470289942682,0.4070920988800339,0.2349445948362939,0.2349445948362939,0.2084484392340502,0.20844843923405024,0.2186940260631281,0.1916409965149605
AMZN|2018-03-27 15:30:00+00:00,AMZN,2018-03-27,2018-03,train_forward_oof,0,1,1,0.0,2,2,0.0,0.6640115057386425,0.6631056679284507,0.5426628213729577,0.8013220200671668,0.8013220200671668,0.8147471877402762,0.8147471877402762,0.8453550092089324,0.841264731358633
AAPL|2018-03-28 13:30:00+00:00,AAPL,2018-03-28,2018-03,train_forward_oof,1,1,1,1.0,17,16,0.515815509287265,0.3282529660612873,0.3220555390391374,0.4050919950749835,0.5600523725692719,0.5600523725692719,0.5954242870536852,0.5954242870536852,0.5714876020004864,0.5264014270954158
AMZN|2018-03-28 13:30:00+00:00,AMZN,2018-03-28,2018-03,train_forward_oof,0,0,0,0.0,0,0,0.0,0.2814206497752972,0.2814206497752972,0.2814206497752972,0.2814206497752972,0.2814206497752972,0.2814206497752972,0.2814206497752972,0.2814206497752972,0.2814206497752972
AAPL|2018-03-28 14:30:00+00:00,AAPL,2018-03-28,2018-03,train_forward_oof,1,1,1,1.0,19,18,0.4667716038920833,0.2179202900466781,0.2379360883181651,0.3019779454722953,0.5041352806936007,0.5041352806936007,0.5525899176355965,0.5525899176355965,0.4864906924992562,0.4427396203798999
AMZN|2018-03-28 14:30:00+00:00,AMZN,2018-03-28,2018-03,train_forward_oof,1,1,1,0.0,1,1,0.0,0.2715501409183872,0.4067756950737971,0.37355036078411,0.3039731736608746,0.3039731736608746,0.4641475129294975,0.4641475129294975,0.2629745345900048,0.2533898110762289
AAPL|2018-03-28 15:30:00+00:00,AAPL,2018-03-28,2018-03,train_forward_oof,1,1,1,0.0,23,22,0.4148529653622922,0.0890811339839048,0.1709884083671727,0.0919876054631702,0.2366586324824844,0.23665863248248437,0.4476956708367654,0.4476956708367654,0.2320825413220728,0.2082811631644291
AMZN|2018-03-28 15:30:00+00:00,AMZN,2018-03-28,2018-03,train_forward_oof,1,1,1,0.0,3,2,2.0044699062584668,0.1772107147884821,0.2200287640440509,0.2485957461801086,0.5640982872234908,0.5640982872234908,0.5723780931289635,0.5723780931289635,0.5181401221497084,0.4205657720566681
AAPL|2018-03-29 13:30:00+00:00,AAPL,2018-03-29,2018-03,train_forward_oof,1,1,1,0.0,13,13,0.0,0.2556973648685066,0.2702942348360216,0.5720803992666501,0.1910952620775235,0.1910952620775235,0.2201512877025837,0.22015128770258371,0.1916954133535038,0.1856432256613741
AMZN|2018-03-29 13:30:00+00:00,AMZN,2018-03-29,2018-03,train_forward_oof,1,0,0,0.0,0,0,0.0,0.196431477579485,0.196431477579485,0.196431477579485,0.196431477579485,0.196431477579485,0.196431477579485,0.196431477579485,0.196431477579485,0.196431477579485
AAPL|2018-03-29 14:30:00+00:00,AAPL,2018-03-29,2018-03,train_forward_oof,1,1,1,1.0,15,15,0.0,0.1637391567375628,0.1073920284704509,0.439971555861703,0.1905814754421246,0.1905814754421246,0.1099517156782022,0.10995171567820217,0.1651278221714589,0.1535144763449582
AMZN|2018-03-29 14:30:00+00:00,AMZN,2018-03-29,2018-03,train_forward_oof,1,0,0,0.0,0,0,0.0,0.2470652373513473,0.2470652373513473,0.2470652373513473,0.2470652373513473,0.2470652373513473,0.2470652373513473,0.2470652373513473,0.2470652373513473,0.2470652373513473
AAPL|2018-03-29 15:30:00+00:00,AAPL,2018-03-29,2018-03,train_forward_oof,1,1,1,0.0,17,17,0.0,0.2831001635777379,0.467916303173821,0.4040102473771644,0.2818516034697871,0.2818516034697871,0.4021671091446158,0.4021671091446158,0.3041874333654762,0.2983062932618036
AMZN|2018-03-29 15:30:00+00:00,AMZN,2018-03-29,2018-03,train_forward_oof,1,0,0,0.0,0,0,0.0,0.631192829328596,0.631192829328596,0.631192829328596,0.631192829328596,0.631192829328596,0.631192829328596,0.631192829328596,0.631192829328596,0.631192829328596
AAPL|2018-04-02 13:30:00+00:00,AAPL,2018-04-02,2018-04,train_forward_oof,0,1,1,0.0,14,13,0.5111333301941535,0.8223863598181197,0.606349264048004,0.5970506070425171,0.5755350703519289,0.5007651219665725,0.8869261406656268,0.5051758081077653,0.7446164515257576,0.6846963582149923
AMZN|2018-04-02 13:30:00+00:00,AMZN,2018-04-02,2018-04,train_forward_oof,0,1,1,0.0,1,1,0.0,0.9343656833581808,0.7122193993252535,0.6662757432877617,0.8309826206530249,0.8309826206530249,0.9998696878989396,0.9998696878989397,0.8293771208466191,0.8346448449887319
AAPL|2018-04-02 14:30:00+00:00,AAPL,2018-04-02,2018-04,train_forward_oof,0,1,1,0.0,16,14,0.643030569275408,0.7127010624380823,0.47366272738285,0.5972426358907728,0.5509840160179127,0.5005142701139037,0.7808194635592928,0.503192540782723,0.6561065109850782,0.5887185618035677
AMZN|2018-04-02 14:30:00+00:00,AMZN,2018-04-02,2018-04,train_forward_oof,0,1,1,0.0,1,1,0.0,0.9398086158942954,0.7391215673388443,0.6746337970580174,0.834805473362723,0.834805473362723,0.9998470043307988,0.9998470043307986,0.8312254724019705,0.8363388286037254
AAPL|2018-04-02 15:30:00+00:00,AAPL,2018-04-02,2018-04,train_forward_oof,0,1,1,0.0,15,13,0.6372274399029606,0.7785573703345701,0.4828088154400583,0.5441662664817108,0.5239773060251286,0.5002412009287427,0.6551407625787048,0.5016125948140611,0.5464252934343371,0.5158539056857593
AMZN|2018-04-02 15:30:00+00:00,AMZN,2018-04-02,2018-04,train_forward_oof,0,1,1,0.0,1,1,0.0,0.7598669283375807,0.5909939782300135,0.5343311035602311,0.7195732305504549,0.7195732305504549,0.999164133170198,0.9991641331701981,0.718000637108177,0.7262352138094582
AAPL|2018-04-03 13:30:00+00:00,AAPL,2018-04-03,2018-04,train_forward_oof,0,1,1,0.0,9,9,0.0,0.8411905936694546,0.614025870179502,0.5685678256433703,0.5183071963451373,0.5001841032221591,0.7852955559512317,0.5032587533458184,0.6476842962947871,0.631518538523496
AMZN|2018-04-03 13:30:00+00:00,AMZN,2018-04-03,2018-04,train_forward_oof,0,1,1,0.0,1,1,0.0,0.6104715622195694,0.5443007991157887,0.4531060028812371,0.5741418330069623,0.5741418330069623,0.9700787846465592,0.9700787846465592,0.5754725811898106,0.5659813335861233
AAPL|2018-04-03 14:30:00+00:00,AAPL,2018-04-03,2018-04,train_forward_oof,1,1,1,0.0,13,12,0.5563078650227122,0.754955285131154,0.5507146893058353,0.4978160787783274,0.5438010442137426,0.5004414122586476,0.8498427931560593,0.5043557739004134,0.6917225861604224,0.7051365745395577
AMZN|2018-04-03 14:30:00+00:00,AMZN,2018-04-03,2018-04,train_forward_oof,0,1,1,0.0,3,1,0.0,0.6267393411392455,0.5312052247969539,0.4532050140244483,0.5647899974120614,0.5647899974120614,0.8197277664762792,0.8197277664762792,0.5262025840581638,0.5207275531588825
AAPL|2018-04-03 15:30:00+00:00,AAPL,2018-04-03,2018-04,train_forward_oof,1,1,1,0.0,14,12,0.7041243213575524,0.5306974505661339,0.5101120315312346,0.4763369228891946,0.5179897300989049,0.5001809078941759,0.8125619338923669,0.5036857998247624,0.5105330405141905,0.4979615447276973
AMZN|2018-04-03 15:30:00+00:00,AMZN,2018-04-03,2018-04,train_forward_oof,1,1,1,0.0,4,2,0.6408473313679818,0.5758384375462057,0.5840119331906909,0.4432833284446695,0.5547584800181367,0.5547584800181367,0.9512522015518484,0.9512522015518483,0.5424961296382802,0.5473634030057677
AAPL|2018-04-04 13:30:00+00:00,AAPL,2018-04-04,2018-04,train_forward_oof,1,1,1,0.0,11,11,0.0,0.3435626337161743,0.5262634502715546,0.6509314263486221,0.4499762000858185,0.4994954813033564,0.2299147368281866,0.4969623909308524,0.4196645842409258,0.3903178487554729
AMZN|2018-04-04 13:30:00+00:00,AMZN,2018-04-04,2018-04,train_forward_oof,1,1,1,0.0,1,1,0.0,0.7736751465310452,0.5944854327255639,0.4126517277100899,0.3981903165931921,0.3981903165931921,0.0100844417768618,0.010084441776861797,0.3984439769624066,0.3855621526405879
AAPL|2018-04-04 14:30:00+00:00,AAPL,2018-04-04,2018-04,train_forward_oof,1,1,1,1.0,17,17,0.0,0.1933561938059339,0.4467750240495787,0.5687908412371095,0.4509420159592239,0.49950528577177766,0.3320697660198545,0.4982438544098859,0.4235371374447684,0.4160563219851834
AMZN|2018-04-04 14:30:00+00:00,AMZN,2018-04-04,2018-04,train_forward_oof,1,1,1,0.0,1,1,0.0,0.7894408889209701,0.6547127949796883,0.4218499302730674,0.4047905678707548,0.4047905678707548,0.0316142657678979,0.03161426576789791,0.4025830567800476,0.389486698337517
AAPL|2018-04-04 15:30:00+00:00,AAPL,2018-04-04,2018-04,train_forward_oof,1,1,1,0.0,18,18,0.0,0.4656108238380817,0.7129569180767511,0.5589981446730905,0.5243202626562907,0.500244656332054,0.997735978657966,0.5152949903211764,0.5571875263208337,0.5600648065580187
AMZN|2018-04-04 15:30:00+00:00,AMZN,2018-04-04,2018-04,train_forward_oof,1,1,1,0.0,1,1,0.0,0.7057908506473244,0.6573718709650036,0.4118345882782112,0.3907299703767092,0.3907299703767092,0.1220985242868958,0.1220985242868958,0.3860591650440097,0.3740587232401399
AAPL|2018-04-05 13:30:00+00:00,AAPL,2018-04-05,2018-04,train_forward_oof,1,1,1,0.0,9,9,0.0,0.5132391472874922,0.5829094542202166,0.5627883551035653,0.5635212712242673,0.5006419738035468,0.5619438368107528,0.5006258641126036,0.5858339398178537,0.6140308942967446
AMZN|2018-04-05 13:30:00+00:00,AMZN,2018-04-05,2018-04,train_forward_oof,1,1,1,0.0,1,1,0.0,0.6548053943380071,0.5555515585389984,0.4449681398451645,0.5851539275875728,0.5851539275875728,0.8372941995112052,0.8372941995112052,0.5755200307405763,0.5805174300186999
AAPL|2018-04-05 14:30:00+00:00,AAPL,2018-04-05,2018-04,train_forward_oof,1,1,1,1.0,10,10,0.0,0.3450816516538799,0.4518703098894354,0.5637081851771455,0.5427628724761167,0.5004308979438782,0.3548744228061805,0.49849805670045727,0.5736656582310012,0.6228141351726482
AMZN|2018-04-05 14:30:00+00:00,AMZN,2018-04-05,2018-04,train_forward_oof,1,0,0,0.0,0,0,0.0,0.5652490968028586,0.5652490968028586,0.5652490968028586,0.5652490968028586,0.5652490968028586,0.5652490968028586,0.5652490968028586,0.5652490968028586,0.5652490968028586
AAPL|2018-04-05 15:30:00+00:00,AAPL,2018-04-05,2018-04,train_forward_oof,1,1,1,1.0,10,10,0.0,0.7501139365464495,0.5047274362681453,0.6060737458543609,0.5973868481747566,0.5009915839262886,0.9257579451810524,0.5063405642305635,0.7722684075056133,0.7967639540554678
AMZN|2018-04-05 15:30:00+00:00,AMZN,2018-04-05,2018-04,train_forward_oof,1,0,0,0.0,0,0,0.0,0.5880307891642302,0.5880307891642302,0.5880307891642302,0.5880307891642302,0.5880307891642302,0.5880307891642302,0.5880307891642302,0.5880307891642302,0.5880307891642302
AAPL|2018-04-06 13:30:00+00:00,AAPL,2018-04-06,2018-04,train_forward_oof,0,1,1,0.0,10,10,0.0,0.8036118181841213,0.6232133355906592,0.5747126605971431,0.5254633651232221,0.500256175160851,0.8801406547829352,0.5050100763522811,0.6961489016684784,0.6986273190518422
AMZN|2018-04-06 13:30:00+00:00,AMZN,2018-04-06,2018-04,train_forward_oof,1,1,1,0.0,1,1,0.0,0.5860515423731668,0.5094820607401654,0.5229220594872961,0.5527801575251756,0.5527801575251756,0.9314248738685844,0.9314248738685844,0.5544536339969341,0.544827934704692
AAPL|2018-04-06 14:30:00+00:00,AAPL,2018-04-06,2018-04,train_forward_oof,0,1,1,0.0,17,16,0.3290638429639182,0.7099948498352961,0.5304227461908783,0.4648545977832244,0.5044686366712977,0.5000449191976984,0.6536553211421174,0.5015960896908261,0.6244189861845866,0.6270648395370627
AMZN|2018-04-06 14:30:00+00:00,AMZN,2018-04-06,2018-04,train_forward_oof,0,1,1,0.0,2,1,0.0,0.6071070561168046,0.5615161688390302,0.5323504210752423,0.5529957462003648,0.5529957462003648,0.9740292865109186,0.9740292865109186,0.5122924026637237,0.5043091562959575
AAPL|2018-04-06 15:30:00+00:00,AAPL,2018-04-06,2018-04,train_forward_oof,0,1,1,0.0,20,19,0.2833095049796138,0.6018937000421141,0.5033391887219739,0.4425190327060513,0.5153988094989287,0.5001548352645919,0.7908909543453044,0.5033429501020749,0.6352811971125656,0.6617599669795552
AMZN|2018-04-06 15:30:00+00:00,AMZN,2018-04-06,2018-04,train_forward_oof,0,1,1,0.0,2,1,0.0,0.6662211001495594,0.5723173824724994,0.5396200661930669,0.5636254282425635,0.5636254282425635,0.9858230195381024,0.9858230195381023,0.5214328028104727,0.5133650036072048
AAPL|2018-04-09 13:30:00+00:00,AAPL,2018-04-09,2018-04,train_forward_oof,1,1,1,0.0,10,8,1.3094523686746464,0.7384870280792962,0.6341866372261372,0.611149846357003,0.6174942443604714,0.5012035191652497,0.7571583839704311,0.5028576128399083,0.7135113841358834,0.6618148070701263
AMZN|2018-04-09 13:30:00+00:00,AMZN,2018-04-09,2018-04,train_forward_oof,1,1,1,0.0,1,1,0.0,0.4864401269967486,0.5031421867099575,0.3640491865144141,0.31818332580863,0.31818332580863,0.007299081207469,0.007299081207469002,0.3137864401977521,0.3081524044057411
AAPL|2018-04-09 14:30:00+00:00,AAPL,2018-04-09,2018-04,train_forward_oof,1,1,1,0.0,9,8,0.7365118596401652,0.6433908960680588,0.5260356604579239,0.575594092457732,0.5710260308716946,0.5007188026546457,0.5057101284063188,0.5000573997680583,0.592062234202019,0.5472192079000497
AMZN|2018-04-09 14:30:00+00:00,AMZN,2018-04-09,2018-04,train_forward_oof,0,1,1,0.0,1,1,0.0,0.509530103539365,0.5185946393884489,0.3728517466615756,0.3241717660341302,0.3241717660341302,0.0066795877557755,0.0066795877557754985,0.3179808362168931,0.3121647137355904
AAPL|2018-04-09 15:30:00+00:00,AAPL,2018-04-09,2018-04,train_forward_oof,0,1,1,0.0,11,11,0.0,0.1580758262472955,0.354880917694198,0.417919318718241,0.4126831183516974,0.4991132167322225,0.074009218267116,0.49365091171041975,0.2513444492680235,0.2821950903662262
AMZN|2018-04-09 15:30:00+00:00,AMZN,2018-04-09,2018-04,train_forward_oof,0,1,1,0.0,1,1,0.0,0.4121460666709641,0.4836373611906104,0.3456107946209413,0.2961138235704988,0.2961138235704988,0.0022023655068267,0.0022023655068266995,0.289364752722591,0.2841183102905636
AAPL|2018-04-10 13:30:00+00:00,AAPL,2018-04-10,2018-04,train_forward_oof,0,1,1,0.0,4,4,0.0,0.610539253022793,0.6236311009911322,0.539267610248523,0.4636654942902166,0.49963412663960194,0.1348946772106448,0.4953301610735909,0.3295455254444412,0.3487512032023219
AMZN|2018-04-10 13:30:00+00:00,AMZN,2018-04-10,2018-04,train_forward_oof,0,0,0,0.0,0,0,0.0,0.4605732629485885,0.4605732629485885,0.4605732629485885,0.4605732629485885,0.4605732629485885,0.4605732629485885,0.4605732629485885,0.4605732629485885,0.4605732629485885
AAPL|2018-04-10 14:30:00+00:00,AAPL,2018-04-10,2018-04,train_forward_oof,0,1,1,0.0,10,10,0.0,0.6051942352459232,0.4812852188215337,0.5266754388271384,0.5364217411184514,0.500366754902346,0.244335373719046,0.49716275934581666,0.5796961115622645,0.5505498056727105
AMZN|2018-04-10 14:30:00+00:00,AMZN,2018-04-10,2018-04,train_forward_oof,1,0,0,0.0,0,0,0.0,0.4664002844879732,0.4664002844879732,0.4664002844879732,0.4664002844879732,0.4664002844879732,0.4664002844879732,0.4664002844879732,0.4664002844879732,0.4664002844879732
AAPL|2018-04-10 15:30:00+00:00,AAPL,2018-04-10,2018-04,train_forward_oof,1,1,1,0.0,14,14,0.0,0.6061473887520563,0.4239226163242732,0.4524734403991841,0.4483470051679256,0.49947893383506997,0.2914574014350363,0.49776771238994016,0.3856311971840148,0.3648108335923763
AMZN|2018-04-10 15:30:00+00:00,AMZN,2018-04-10,2018-04,train_forward_oof,1,1,1,0.0,1,1,0.0,0.4248029166519523,0.4748262403781083,0.474336066300801,0.4516310346924126,0.45163103469241256,0.2016833746082785,0.2016833746082785,0.4555622797024912,0.4605053057866408
AAPL|2018-04-11 13:30:00+00:00,AAPL,2018-04-11,2018-04,train_forward_oof,1,1,1,0.0,14,11,1.2623821291968158,0.8139185897692464,0.6277829383341126,0.6516365995809511,0.5731972678893715,0.5007410911731998,0.8773694681242161,0.5049447191681816,0.7224553306776885,0.7016937667981809
AMZN|2018-04-11 13:30:00+00:00,AMZN,2018-04-11,2018-04,train_forward_oof,1,0,0,0.0,0,0,0.0,0.50726642236242,0.50726642236242,0.50726642236242,0.50726642236242,0.50726642236242,0.50726642236242,0.50726642236242,0.50726642236242,0.50726642236242
AAPL|2018-04-11 14:30:00+00:00,AAPL,2018-04-11,2018-04,train_forward_oof,1,1,1,0.0,13,13,0.0,0.7360264987436561,0.471724779262009,0.6644468876186951,0.5383760544946731,0.5003865098773252,0.438403449746973,0.4993776808536239,0.662655800811216,0.6352997289807971
AMZN|2018-04-11 14:30:00+00:00,AMZN,2018-04-11,2018-04,train_forward_oof,0,0,0,0.0,0,0,0.0,0.5269955421349779,0.5269955421349779,0.5269955421349779,0.5269955421349779,0.5269955421349779,0.5269955421349779,0.5269955421349779,0.5269955421349779,0.5269955421349779
AAPL|2018-04-11 15:30:00+00:00,AAPL,2018-04-11,2018-04,train_forward_oof,0,1,1,0.0,15,14,0.4067709272791802,0.2965840894932005,0.3931231181211488,0.6593972789315904,0.4872020159705756,0.499871328664774,0.4246402486449268,0.49923668136765287,0.4663612286295642,0.4658902341595244
AMZN|2018-04-11 15:30:00+00:00,AMZN,2018-04-11,2018-04,train_forward_oof,0,0,0,0.0,0,0,0.0,0.5131465164544459,0.5131465164544459,0.5131465164544459,0.5131465164544459,0.5131465164544459,0.5131465164544459,0.5131465164544459,0.5131465164544459,0.5131465164544459
AAPL|2018-04-12 13:30:00+00:00,AAPL,2018-04-12,2018-04,train_forward_oof,1,1,1,1.0,5,4,1.053632836996173,0.5299265598951302,0.6061476154791648,0.5465165622083056,0.4707659129321732,0.49970580825222777,0.1759878343062332,0.4961206461614542,0.3052522114950351,0.4382945325673911
AMZN|2018-04-12 13:30:00+00:00,AMZN,2018-04-12,2018-04,train_forward_oof,1,0,0,0.0,0,0,0.0,0.4601712017247106,0.4601712017247106,0.4601712017247106,0.4601712017247106,0.4601712017247106,0.4601712017247106,0.4601712017247106,0.4601712017247106,0.4601712017247106
AAPL|2018-04-12 14:30:00+00:00,AAPL,2018-04-12,2018-04,train_forward_oof,0,1,1,1.0,12,12,0.0,0.4358152309707945,0.4359979750208765,0.6369776109681701,0.527413198235757,0.5002758295349378,0.1736010603101484,0.49607906600572504,0.5514335184107005,0.6054180114502001
AMZN|2018-04-12 14:30:00+00:00,AMZN,2018-04-12,2018-04,train_forward_oof,0,0,0,0.0,0,0,0.0,0.4808374711448478,0.4808374711448478,0.4808374711448478,0.4808374711448478,0.4808374711448478,0.4808374711448478,0.4808374711448478,0.4808374711448478,0.4808374711448478
AAPL|2018-04-12 15:30:00+00:00,AAPL,2018-04-12,2018-04,train_forward_oof,1,1,1,1.0,16,14,0.4367626199869807,0.4768325478137983,0.3781583836743525,0.6162366802273301,0.5131914650808972,0.5001326292154148,0.3622339789375131,0.49857847039389613,0.5943833306839146,0.6028152327415948
AMZN|2018-04-12 15:30:00+00:00,AMZN,2018-04-12,2018-04,train_forward_oof,1,0,0,0.0,0,0,0.0,0.4831700321882864,0.4831700321882864,0.4831700321882864,0.4831700321882864,0.4831700321882864,0.4831700321882864,0.4831700321882864,0.4831700321882864,0.4831700321882864
AAPL|2018-04-13 13:30:00+00:00,AAPL,2018-04-13,2018-04,train_forward_oof,1,1,1,0.0,13,13,0.0,0.7572467249859974,0.6319345563307361,0.638496228961583,0.6217332931199145,0.5012487160782456,0.932759302875079,0.5066083667437469,0.8160745066805623,0.8445008232229105
AMZN|2018-04-13 13:30:00+00:00,AMZN,2018-04-13,2018-04,train_forward_oof,0,0,0,0.0,0,0,0.0,0.4952026644189087,0.4952026644189087,0.4952026644189087,0.4952026644189087,0.4952026644189087,0.4952026644189087,0.4952026644189087,0.4952026644189087,0.4952026644189087
AAPL|2018-04-13 14:30:00+00:00,AAPL,2018-04-13,2018-04,train_forward_oof,1,1,1,0.0,15,13,0.8493758681951198,0.623815492424507,0.5090532173494363,0.6665066020396857,0.5314388555704233,0.5003164356312401,0.6210714739207184,0.5012416468605767,0.634221754501158,0.6815708509519202
AMZN|2018-04-13 14:30:00+00:00,AMZN,2018-04-13,2018-04,train_forward_oof,0,0,0,0.0,0,0,0.0,0.5281244372068938,0.5281244372068938,0.5281244372068938,0.5281244372068938,0.5281244372068938,0.5281244372068938,0.5281244372068938,0.5281244372068938,0.5281244372068938
AAPL|2018-04-13 15:30:00+00:00,AAPL,2018-04-13,2018-04,train_forward_oof,0,1,1,0.0,14,12,0.8514320683291527,0.5401830134108272,0.5144704398541848,0.5666084103170754,0.4510229791794277,0.4995061074974673,0.7166786172893451,0.5023321236377214,0.4115892186573976,0.4554319879663436
AMZN|2018-04-13 15:30:00+00:00,AMZN,2018-04-13,2018-04,train_forward_oof,0,0,0,0.0,0,0,0.0,0.5001294956559369,0.5001294956559369,0.5001294956559369,0.5001294956559369,0.5001294956559369,0.5001294956559369,0.5001294956559369,0.5001294956559369,0.5001294956559369
AAPL|2018-04-16 13:30:00+00:00,AAPL,2018-04-16,2018-04,train_forward_oof,1,1,1,0.0,5,5,0.0,0.5236329914120158,0.5816405466597233,0.643283637007637,0.4984960581235582,0.4999848825777022,0.3891612988044893,0.49886706198160513,0.4211595874184755,0.348925892563552
AMZN|2018-04-16 13:30:00+00:00,AMZN,2018-04-16,2018-04,train_forward_oof,1,0,0,0.0,0,0,0.0,0.5139442309814981,0.5139442309814981,0.5139442309814981,0.5139442309814981,0.5139442309814981,0.5139442309814981,0.5139442309814981,0.5139442309814981,0.5139442309814981
AAPL|2018-04-16 14:30:00+00:00,AAPL,2018-04-16,2018-04,train_forward_oof,1,1,1,0.0,8,8,0.0,0.3317419476101673,0.4298455375852401,0.5756038679266842,0.4926444228065259,0.49992605761231923,0.229546452287216,0.4969571610545986,0.4748501797081181,0.459618584109861
AMZN|2018-04-16 14:30:00+00:00,AMZN,2018-04-16,2018-04,train_forward_oof,0,0,0,0.0,0,0,0.0,0.5257983170921693,0.5257983170921693,0.5257983170921693,0.5257983170921693,0.5257983170921693,0.5257983170921693,0.5257983170921693,0.5257983170921693,0.5257983170921693
AAPL|2018-04-16 15:30:00+00:00,AAPL,2018-04-16,2018-04,train_forward_oof,1,1,1,0.0,11,10,0.4824806288961665,0.3981537114939664,0.4351827813051079,0.4974654563154957,0.4771618449913488,0.4997702747838055,0.3223929817736309,0.4981333921747032,0.4227156171682725,0.3928720855548795
AMZN|2018-04-16 15:30:00+00:00,AMZN,2018-04-16,2018-04,train_forward_oof,1,1,1,0.0,1,1,0.0,0.371312241245066,0.442915867362469,0.4131202837014132,0.4915439327627925,0.49154393276279257,0.6521758862953241,0.6521758862953241,0.495418289070729,0.4995786186478229
AAPL|2018-04-17 13:30:00+00:00,AAPL,2018-04-17,2018-04,train_forward_oof,1,1,1,1.0,7,6,1.1196076725755997,0.6850956904028429,0.6257826760523234,0.528143546056052,0.5283766137755266,0.5002855438655728,0.4350290145118058,0.49934320928931003,0.4805778688164018,0.4220636011531699
AMZN|2018-04-17 13:30:00+00:00,AMZN,2018-04-17,2018-04,train_forward_oof,1,1,1,0.0,1,1,0.0,0.433594374254126,0.4590424645275881,0.4679270814242333,0.5061515197371261,0.5061515197371261,0.9033335396219694,0.9033335396219694,0.5100591704912921,0.5014196142403556
AAPL|2018-04-17 14:30:00+00:00,AAPL,2018-04-17,2018-04,train_forward_oof,1,1,1,0.0,8,7,0.8369333527250022,0.5387908100471719,0.4581673739386264,0.5219027293566975,0.4551557753198313,0.4995480188166282,0.0886688090445391,0.49414507784446643,0.265156620317504,0.184580764513256
AMZN|2018-04-17 14:30:00+00:00,AMZN,2018-04-17,2018-04,train_forward_oof,1,1,1,0.0,1,1,0.0,0.4564051832204635,0.469772742362173,0.4773560209797199,0.5130158059181044,0.5130158059181044,0.8596900648349206,0.8596900648349206,0.512035648194766,0.5031704485064235
AAPL|2018-04-17 15:30:00+00:00,AAPL,2018-04-17,2018-04,train_forward_oof,1,1,1,0.0,16,15,0.4699681987047256,0.2835943332249573,0.3962542917005358,0.5015250765455749,0.4038097578091995,0.4990209123835394,0.2392241694872553,0.49709269587851984,0.2279861604143194,0.216740338236218
AMZN|2018-04-17 15:30:00+00:00,AMZN,2018-04-17,2018-04,train_forward_oof,1,1,1,0.0,2,2,0.0,0.4737250782571614,0.4799197334863364,0.2973543618393887,0.3750375709025085,0.3750375709025085,0.0606174535004091,0.06061745350040911,0.3615954322956107,0.3558816211315889
AAPL|2018-04-18 13:30:00+00:00,AAPL,2018-04-18,2018-04,train_forward_oof,1,1,1,0.0,12,12,0.0,0.7184583987063465,0.6188368055710286,0.6173439912782692,0.5379205415783176,0.5003819043290058,0.6794657855564095,0.5018880219464555,0.6152682277940115,0.5397797399502775
AMZN|2018-04-18 13:30:00+00:00,AMZN,2018-04-18,2018-04,train_forward_oof,1,1,1,0.0,1,1,0.0,0.4958725331831299,0.4716293527691593,0.2695934458362302,0.3029260314749463,0.3029260314749463,0.0263159684995624,0.026315968499562404,0.3004533318815502,0.2963380671537808
AAPL|2018-04-18 14:30:00+00:00,AAPL,2018-04-18,2018-04,train_forward_oof,1,1,1,1.0,12,12,0.0,0.5972634721539628,0.4706795072570446,0.5896265446600499,0.5277719716090591,0.5002794468812782,0.499914807016931,0.4999991436541193,0.5884026472094108,0.5008137108293053
AMZN|2018-04-18 14:30:00+00:00,AMZN,2018-04-18,2018-04,train_forward_oof,1,1,1,0.0,1,1,0.0,0.5189578037160694,0.4792824902500595,0.2771072850430707,0.3087573543660015,0.3087573543660015,0.0261978335079362,0.026197833507936204,0.3050439902083804,0.3007654076644556
AAPL|2018-04-18 15:30:00+00:00,AAPL,2018-04-18,2018-04,train_forward_oof,1,1,1,1.0,16,16,0.0,0.6524546170672718,0.4085203700848895,0.6309685894379337,0.5348565152197408,0.5003509411605003,0.7137681025890443,0.5022962146875932,0.6220137545548468,0.5653398074810364
AMZN|2018-04-18 15:30:00+00:00,AMZN,2018-04-18,2018-04,train_forward_oof,1,0,0,0.0,0,0,0.0,0.496837719754403,0.496837719754403,0.496837719754403,0.496837719754403,0.496837719754403,0.496837719754403,0.496837719754403,0.496837719754403,0.496837719754403
AAPL|2018-04-19 13:30:00+00:00,AAPL,2018-04-19,2018-04,train_forward_oof,0,1,1,0.0,14,14,0.0,0.7091201624396889,0.5906353387464386,0.6990297017456195,0.5111983329884172,0.5001125826286447,0.7483338616808551,0.5027384592058572,0.5673898356119347,0.5363394313294808
AMZN|2018-04-19 13:30:00+00:00,AMZN,2018-04-19,2018-04,train_forward_oof,1,1,1,0.0,1,1,0.0,0.448007834320171,0.4800175942027512,0.2937147070923534,0.3579951397090312,0.3579951397090312,0.0317735568246574,0.031773556824657406,0.3594351295610797,0.3617510089510409
AAPL|2018-04-19 14:30:00+00:00,AAPL,2018-04-19,2018-04,train_forward_oof,0,1,1,0.0,22,20,0.4110394194016696,0.6733265579231587,0.4595688275935574,0.5986325655789169,0.4788040334397525,0.49978681387345253,0.4789980691800435,0.49978876776774217,0.4934102883513413,0.4803073065510514
AMZN|2018-04-19 14:30:00+00:00,AMZN,2018-04-19,2018-04,train_forward_oof,0,1,1,0.0,1,1,0.0,0.4709464387598294,0.5013233740602226,0.3016232087664967,0.3643324813701713,0.3643324813701713,0.054183297756329,0.05418329775632899,0.3622876241023695,0.3644238846860275
AAPL|2018-04-19 15:30:00+00:00,AAPL,2018-04-19,2018-04,train_forward_oof,0,1,1,0.0,27,25,0.3208607192767349,0.6053912826311982,0.4524361651870525,0.6174456871290256,0.4563500269029706,0.49956011798505073,0.3408620453437754,0.4983428226934362,0.3894456082648608,0.3513239158335654
AMZN|2018-04-19 15:30:00+00:00,AMZN,2018-04-19,2018-04,train_forward_oof,1,1,1,0.0,1,1,0.0,0.4960888328023478,0.4897682818863932,0.297320556292319,0.3606182909149922,0.3606182909149922,0.0426774001497302,0.04267740014973019,0.3577503855403869,0.3601637953581298
AAPL|2018-04-20 13:30:00+00:00,AAPL,2018-04-20,2018-04,train_forward_oof,0,1,1,1.0,13,13,0.0,0.8280581810804406,0.6078507299897916,0.6883479510015608,0.5122695031729106,0.5001233557921283,0.8009625664104693,0.5034987891359705,0.599262440156085,0.5332298332230831
AMZN|2018-04-20 13:30:00+00:00,AMZN,2018-04-20,2018-04,train_forward_oof,0,1,1,1.0,2,2,0.0,0.393931836435703,0.4598328626371878,0.3600718017768151,0.5401865215327333,0.5401865215327333,0.5856767263751106,0.5856767263751106,0.5232288860016168,0.534619518845316
AAPL|2018-04-20 14:30:00+00:00,AAPL,2018-04-20,2018-04,train_forward_oof,0,1,1,1.0,27,26,0.2954065790188836,0.7381179480387692,0.5073948767183512,0.7483557542309829,0.4847402681988454,0.4998465640367259,0.6203896511356909,0.5012343690063535,0.5235324357019067,0.4448500860438921
AMZN|2018-04-20 14:30:00+00:00,AMZN,2018-04-20,2018-04,train_forward_oof,0,1,1,1.0,4,4,0.0,0.3893536381003845,0.4862193442601445,0.2169401007139273,0.4882066962954276,0.4882066962954276,0.2837437857483358,0.2837437857483358,0.4587112977697644,0.4617493021993911
AAPL|2018-04-20 15:30:00+00:00,AAPL,2018-04-20,2018-04,train_forward_oof,0,1,1,1.0,38,35,0.4399147983939669,0.3160647530529594,0.382488504300884,0.7339819940797192,0.4354245744161101,0.49934725325279977,0.0474042250154261,0.49246049026238337,0.2599186559273345,0.2130675817398711
AMZN|2018-04-20 15:30:00+00:00,AMZN,2018-04-20,2018-04,train_forward_oof,0,1,1,1.0,3,3,0.0,0.5207170248155706,0.5148628571818357,0.2683841828695629,0.5066296860423596,0.5066296860423596,0.784237346027864,0.7842373460278641,0.4812316506695135,0.4782838602909423
AAPL|2018-04-23 13:30:00+00:00,AAPL,2018-04-23,2018-04,train_forward_oof,0,1,1,0.0,15,15,0.0,0.3322143425064403,0.5244944710880135,0.5057599707946774,0.5315619714828661,0.5003176781031788,0.6884371096799501,0.5019923204878617,0.5882268561880383,0.61071945238484
AMZN|2018-04-23 13:30:00+00:00,AMZN,2018-04-23,2018-04,train_forward_oof,0,0,0,0.0,0,0,0.0,0.5312135674380021,0.5312135674380021,0.5312135674380021,0.5312135674380021,0.5312135674380021,0.5312135674380021,0.5312135674380021,0.5312135674380021,0.5312135674380021
AAPL|2018-04-23 14:30:00+00:00,AAPL,2018-04-23,2018-04,train_forward_oof,0,1,1,0.0,14,14,0.0,0.196444963036953,0.4280972398677667,0.478551272820666,0.5223136593071317,0.5002244423019482,0.4477057631759665,0.49947241777585477,0.5147235409660966,0.5120572533309491
AMZN|2018-04-23 14:30:00+00:00,AMZN,2018-04-23,2018-04,train_forward_oof,0,1,1,0.0,1,1,0.0,0.6289441368822664,0.5472961344769642,0.4576429463971672,0.4192255412554857,0.4192255412554857,0.1873355644531718,0.1873355644531718,0.4195128150957893,0.4327486491647723
AAPL|2018-04-23 15:30:00+00:00,AAPL,2018-04-23,2018-04,train_forward_oof,0,1,1,1.0,21,20,0.3934456838945048,0.524677935108144,0.3562535064832987,0.4340878884113329,0.4807597903519429,0.4998065050394242,0.4125200536294612,0.49911152597839153,0.4684883402544982,0.4162142134788623
AMZN|2018-04-23 15:30:00+00:00,AMZN,2018-04-23,2018-04,train_forward_oof,0,1,1,0.0,1,1,0.0,0.3975274682895296,0.4758419604698809,0.4022870847813742,0.3517273101076544,0.3517273101076544,0.0344953738665829,0.034495373866582905,0.3499768126700368,0.3623851347298402
AAPL|2018-04-24 13:30:00+00:00,AAPL,2018-04-24,2018-04,train_forward_oof,0,0,0,0.0,0,0,0.0,0.6148034229906966,0.6148034229906966,0.6148034229906966,0.6148034229906966,0.6148034229906966,0.6148034229906966,0.6148034229906966,0.6148034229906966,0.6148034229906966
AMZN|2018-04-24 13:30:00+00:00,AMZN,2018-04-24,2018-04,train_forward_oof,0,0,0,0.0,0,0,0.0,0.4771362371711052,0.4771362371711052,0.4771362371711052,0.4771362371711052,0.4771362371711052,0.4771362371711052,0.4771362371711052,0.4771362371711052,0.4771362371711052
AAPL|2018-04-24 14:30:00+00:00,AAPL,2018-04-24,2018-04,train_forward_oof,0,0,0,0.0,0,0,0.0,0.5184100734547394,0.5184100734547394,0.5184100734547394,0.5184100734547394,0.5184100734547394,0.5184100734547394,0.5184100734547394,0.5184100734547394,0.5184100734547394
AMZN|2018-04-24 14:30:00+00:00,AMZN,2018-04-24,2018-04,train_forward_oof,0,0,0,0.0,0,0,0.0,0.5400600325112586,0.5400600325112586,0.5400600325112586,0.5400600325112586,0.5400600325112586,0.5400600325112586,0.5400600325112586,0.5400600325112586,0.5400600325112586
AAPL|2018-04-24 15:30:00+00:00,AAPL,2018-04-24,2018-04,train_forward_oof,0,0,0,0.0,0,0,0.0,0.4800766764826932,0.4800766764826932,0.4800766764826932,0.4800766764826932,0.4800766764826932,0.4800766764826932,0.4800766764826932,0.4800766764826932,0.4800766764826932
AMZN|2018-04-24 15:30:00+00:00,AMZN,2018-04-24,2018-04,train_forward_oof,0,0,0,0.0,0,0,0.0,0.5217485271698652,0.5217485271698652,0.5217485271698652,0.5217485271698652,0.5217485271698652,0.5217485271698652,0.5217485271698652,0.5217485271698652,0.5217485271698652
AAPL|2018-04-25 13:30:00+00:00,AAPL,2018-04-25,2018-04,train_forward_oof,1,1,1,0.0,12,11,0.6408819154701622,0.8046275150451292,0.6043094206195992,0.5683982863902498,0.5578361393954567,0.5005839730020956,0.8150435515157812,0.5037269535598352,0.6959412215592741,0.687149708081828
AMZN|2018-04-25 13:30:00+00:00,AMZN,2018-04-25,2018-04,train_forward_oof,0,1,1,0.0,3,2,1.3032669846107596,0.6521326642562916,0.5742582489810972,0.4652211569317604,0.5611288495004411,0.5611288495004411,0.19716349588074,0.19716349588074,0.5410713260906386,0.5295260488548015
AAPL|2018-04-25 14:30:00+00:00,AAPL,2018-04-25,2018-04,train_forward_oof,0,1,1,1.0,17,16,0.4824904769225366,0.6964817537889585,0.5491783063319959,0.5518119176556983,0.507354742101221,0.5000739339916539,0.8260065306201175,0.5039140669735886,0.5855261754099172,0.558097651639172
AMZN|2018-04-25 14:30:00+00:00,AMZN,2018-04-25,2018-04,train_forward_oof,1,1,1,0.0,3,2,1.3032669846107596,0.6727841824704845,0.584029151854351,0.4746442113278519,0.5678813646066355,0.5678813646066355,0.3542261936010822,0.35422619360108215,0.545573241312264,0.5338352822538914
AAPL|2018-04-25 15:30:00+00:00,AAPL,2018-04-25,2018-04,train_forward_oof,0,1,1,1.0,17,15,0.5095674381872789,0.3978598312652622,0.4628625253824577,0.4673366544513761,0.4572191273093834,0.499568919787262,0.7837698408959756,0.5032360730071841,0.4595589071693786,0.4545167840432497
AMZN|2018-04-25 15:30:00+00:00,AMZN,2018-04-25,2018-04,train_forward_oof,0,1,1,0.0,3,2,1.3032669846107596,0.5134423874683323,0.6110467170182737,0.4662123152938186,0.5389720675439363,0.5389720675439363,0.612607459640802,0.612607459640802,0.5145140159182949,0.5025140711130984
AAPL|2018-04-26 13:30:00+00:00,AAPL,2018-04-26,2018-04,train_forward_oof,1,1,1,0.0,25,25,0.0,0.829849381776607,0.6386304064253814,0.7178293421190566,0.604701288039046,0.5010682393397421,0.8695885852259428,0.5047677578819487,0.7948662596527791,0.7937676760462289
AMZN|2018-04-26 13:30:00+00:00,AMZN,2018-04-26,2018-04,train_forward_oof,1,1,1,0.0,1,1,0.0,0.7290570688139254,0.6054663463592671,0.6221229473073325,0.5810523755625024,0.5810523755625024,0.3966765983664864,0.3966765983664864,0.5710061947877549,0.5704807104226852
AAPL|2018-04-26 14:30:00+00:00,AAPL,2018-04-26,2018-04,train_forward_oof,0,1,1,1.0,26,26,0.0,0.681921283572966,0.501425355256518,0.7176404430252452,0.5454950151773776,0.5004585766448285,0.5596007512145537,0.5006019586324593,0.6467490070897852,0.6218295376861399
AMZN|2018-04-26 14:30:00+00:00,AMZN,2018-04-26,2018-04,train_forward_oof,1,1,1,0.0,1,1,0.0,0.7263025985117927,0.6115607662625352,0.4421899429236799,0.4218801350799051,0.4218801350799051,0.0016698043681698,0.0016698043681697995,0.4217812174102676,0.4099256306435501
AAPL|2018-04-26 15:30:00+00:00,AAPL,2018-04-26,2018-04,train_forward_oof,0,1,1,0.0,30,30,0.0,0.6043083596712391,0.4214129054729391,0.6801056654952976,0.4834753816592172,0.49983383674179327,0.6139031240544368,0.5011653796445236,0.5581071579278147,0.53127401093448
AMZN|2018-04-26 15:30:00+00:00,AMZN,2018-04-26,2018-04,train_forward_oof,1,1,1,0.0,1,1,0.0,0.5441045093668186,0.5570925280070236,0.3675024220087846,0.3479267189893225,0.3479267189893225,0.0018446097216272,0.001844609721627201,0.3481152204822321,0.3375847214579203
AAPL|2018-04-27 13:30:00+00:00,AAPL,2018-04-27,2018-04,train_forward_oof,0,1,1,0.0,18,17,0.4098080757953857,0.7779423821443011,0.6434220671163373,0.7390244333424053,0.6258618114754945,0.5012929255003611,0.9085009906058564,0.5057681604928754,0.8170630917635014,0.8064014715864196
AMZN|2018-04-27 13:30:00+00:00,AMZN,2018-04-27,2018-04,train_forward_oof,0,1,1,0.0,2,1,0.0,0.6203409383495686,0.5039835786476788,0.4951365680328192,0.4703692640959453,0.47036926409594537,0.5723374021283872,0.5723374021283872,0.4383074960777444,0.4213262402404196
AAPL|2018-04-27 14:30:00+00:00,AAPL,2018-04-27,2018-04,train_forward_oof,1,1,1,0.0,16,15,0.454709050133409,0.6862970074714813,0.6434855590170041,0.719958300054161,0.6193994213051109,0.5012238082009707,0.9715274024625123,0.508869631907529,0.7940340810837494,0.783306088453201
AMZN|2018-04-27 14:30:00+00:00,AMZN,2018-04-27,2018-04,train_forward_oof,0,1,1,0.0,2,1,0.0,0.6418432580637933,0.4508959523145274,0.5045938238739317,0.4772172079345859,0.47721720793458594,0.2316308974121802,0.2316308974121802,0.4432356197325636,0.4260488826928071
AAPL|2018-04-27 15:30:00+00:00,AAPL,2018-04-27,2018-04,train_forward_oof,1,1,1,0.0,16,15,0.4330578123950657,0.3905715071450334,0.454496396627327,0.6055910570440768,0.5486249226271002,0.5004903192331387,0.7315925265373612,0.5025197664497799,0.5916117267364368,0.5895465884913329
AMZN|2018-04-27 15:30:00+00:00,AMZN,2018-04-27,2018-04,train_forward_oof,0,1,1,0.0,3,2,1.596230399249973,0.5897289692660429,0.4455229606036039,0.498167806675214,0.4371155617103035,0.4371155617103035,0.0094066842454381,0.009406684245438102,0.4178608504811921,0.3801972930788346
AAPL|2018-04-30 13:30:00+00:00,AAPL,2018-04-30,2018-04,train_forward_oof,1,1,1,1.0,17,17,0.0,0.2969622712088449,0.5311225255899787,0.727368876301145,0.5284750561109243,0.5002865366000673,0.6445494080245655,0.5014956213040362,0.5703584755458877,0.5034054796112203
AMZN|2018-04-30 13:30:00+00:00,AMZN,2018-04-30,2018-04,train_forward_oof,0,0,0,0.0,0,0,0.0,0.6027294105144332,0.6027294105144332,0.6027294105144332,0.6027294105144332,0.6027294105144332,0.6027294105144332,0.6027294105144332,0.6027294105144332,0.6027294105144332
AAPL|2018-04-30 14:30:00+00:00,AAPL,2018-04-30,2018-04,train_forward_oof,0,1,1,0.0,22,22,0.0,0.2129940751755489,0.4379589259395142,0.6196803539090636,0.5191196904122403,0.5001922817359497,0.5893304707400466,0.50090767542619,0.5992805065201904,0.5345098359127766
AMZN|2018-04-30 14:30:00+00:00,AMZN,2018-04-30,2018-04,train_forward_oof,0,0,0,0.0,0,0,0.0,0.6244019550173613,0.6244019550173613,0.6244019550173613,0.6244019550173613,0.6244019550173613,0.6244019550173613,0.6244019550173613,0.6244019550173613,0.6244019550173613
AAPL|2018-04-30 15:30:00+00:00,AAPL,2018-04-30,2018-04,train_forward_oof,0,1,1,1.0,26,26,0.0,0.162476984825731,0.3688094138314811,0.5735531961197491,0.4823476437210452,0.49982248764529236,0.1739984002669115,0.496086019237384,0.4950013559234472,0.4063585150865516
AMZN|2018-04-30 15:30:00+00:00,AMZN,2018-04-30,2018-04,train_forward_oof,0,1,1,1.0,1,1,0.0,0.3837046084568729,0.4660675980106841,0.4789436067840891,0.4028173865145655,0.4028173865145655,0.0166479943082892,0.016647994308289206,0.4061866559608375,0.4245679560396634
AAPL|2018-05-01 13:30:00+00:00,AAPL,2018-05-01,2018-05,train_forward_oof,1,1,1,1.0,19,18,0.2749182933535662,0.6586654742791853,0.6735220709562014,0.6047519666620988,0.6373307399559006,0.5014167960387828,0.6617652281334897,0.5030873439918486,0.4595223919668328,0.6184209558012239
AMZN|2018-05-01 13:30:00+00:00,AMZN,2018-05-01,2018-05,train_forward_oof,1,0,0,0.0,0,0,0.0,0.6121204201494991,0.6121204201494991,0.6121204201494991,0.6121204201494991,0.6121204201494991,0.6121204201494991,0.6121204201494991,0.6121204201494991,0.6121204201494991
AAPL|2018-05-01 14:30:00+00:00,AAPL,2018-05-01,2018-05,train_forward_oof,1,1,1,0.0,29,27,0.3425735882111603,0.6247199119942428,0.6218944089235035,0.5699092091729873,0.6151195577917793,0.5011782838191366,0.6215274812066213,0.5022817516541916,0.3741858960201278,0.6077219305404972
AMZN|2018-05-01 14:30:00+00:00,AMZN,2018-05-01,2018-05,train_forward_oof,1,0,0,0.0,0,0,0.0,0.6686875668349029,0.6686875668349029,0.6686875668349029,0.6686875668349029,0.6686875668349029,0.6686875668349029,0.6686875668349029,0.6686875668349029,0.6686875668349029
AAPL|2018-05-01 15:30:00+00:00,AAPL,2018-05-01,2018-05,train_forward_oof,1,1,1,0.0,38,35,0.3452827516382539,0.4663918547943639,0.3954047553817637,0.4330653407007369,0.4501296285264248,0.4994970390841409,0.3917217906129333,0.49797564183880294,0.4402125033690759,0.4504415718832726
AMZN|2018-05-01 15:30:00+00:00,AMZN,2018-05-01,2018-05,train_forward_oof,1,1,1,0.0,1,1,0.0,0.4556102644337065,0.3952727745956345,0.5071282222944973,0.5260161762526302,0.5002617466919598,0.4262143748481595,0.49925286418020953,0.4913005805553006,0.4944494058079768
AAPL|2018-05-02 13:30:00+00:00,AAPL,2018-05-02,2018-05,train_forward_oof,1,1,1,1.0,29,26,0.4460083020037335,0.5402033354297874,0.591728773604801,0.3968256334048442,0.5658409961561331,0.5006656881531556,0.6280219464840534,0.5024091853127202,0.5616180641953625,0.5744369262996277
AMZN|2018-05-02 13:30:00+00:00,AMZN,2018-05-02,2018-05,train_forward_oof,0,0,0,0.0,0,0,0.0,0.4804669236401593,0.4804669236401593,0.4804669236401593,0.4804669236401593,0.4804669236401593,0.4804669236401593,0.4804669236401593,0.4804669236401593,0.4804669236401593
AAPL|2018-05-02 14:30:00+00:00,AAPL,2018-05-02,2018-05,train_forward_oof,1,1,1,1.0,37,35,0.274118606152274,0.5043616987616919,0.5194735649172552,0.385483816710825,0.4694958957398505,0.49969299652505617,0.4914497367160895,0.4998426599023327,0.220178979155178,0.4783389967857595
AMZN|2018-05-02 14:30:00+00:00,AMZN,2018-05-02,2018-05,train_forward_oof,0,0,0,0.0,0,0,0.0,0.4932801529669151,0.4932801529669151,0.4932801529669151,0.4932801529669151,0.4932801529669151,0.4932801529669151,0.4932801529669151,0.4932801529669151,0.4932801529669151
AAPL|2018-05-02 15:30:00+00:00,AAPL,2018-05-02,2018-05,train_forward_oof,1,1,1,0.0,43,41,0.2471985833816879,0.4555007858846718,0.4297543590417521,0.339857885590024,0.4356078783386303,0.499349126955207,0.4191289471958225,0.4984987944903419,0.3702497387524057,0.4540324813071614
AMZN|2018-05-02 15:30:00+00:00,AMZN,2018-05-02,2018-05,train_forward_oof,0,0,0,0.0,0,0,0.0,0.5478055922402425,0.5478055922402425,0.5478055922402425,0.5478055922402425,0.5478055922402425,0.5478055922402425,0.5478055922402425,0.5478055922402425,0.5478055922402425
AAPL|2018-05-03 13:30:00+00:00,AAPL,2018-05-03,2018-05,train_forward_oof,1,1,1,0.0,23,23,0.0,0.5570081490899098,0.6064270799500424,0.5672201891318864,0.5648147500739238,0.500655193354247,0.621060122107869,0.502272614732277,0.7783427059380117,0.5840950748098743
AMZN|2018-05-03 13:30:00+00:00,AMZN,2018-05-03,2018-05,train_forward_oof,1,1,1,0.0,2,2,0.0,0.4432797567368767,0.4596833391538984,0.4775194636804826,0.3616003246615978,0.4985715751746219,0.3574134842068416,0.49852588212372917,0.4218864474467428,0.4148053263534329
AAPL|2018-05-03 14:30:00+00:00,AAPL,2018-05-03,2018-05,train_forward_oof,1,1,1,0.0,23,22,0.2844191732515095,0.5197462174560917,0.5327314838463432,0.551502702072526,0.5735608704489704,0.5007448264895762,0.5978702139729222,0.5018243455046331,0.7626193606143863,0.5862522337747569
AMZN|2018-05-03 14:30:00+00:00,AMZN,2018-05-03,2018-05,train_forward_oof,1,1,1,0.0,4,3,1.277626446020837,0.4448297458900968,0.4350448450273616,0.4635963221984922,0.2368603309034353,0.497059946261611,0.2044648627099829,0.4965858996146397,0.3619957153306785,0.3567201229454924
AAPL|2018-05-03 15:30:00+00:00,AAPL,2018-05-03,2018-05,train_forward_oof,1,1,1,0.0,27,26,0.2529432232394069,0.4628687341626737,0.3905070373693883,0.5163673546692785,0.4751496690655974,0.4997500025961179,0.4106191970829211,0.49833753825469546,0.5900641189817187,0.4872030889803432
AMZN|2018-05-03 15:30:00+00:00,AMZN,2018-05-03,2018-05,train_forward_oof,1,1,1,0.0,5,4,1.1367483848224953,0.4332867484460745,0.3999258839406602,0.4068279471925153,0.22461500691254,0.4968865549471019,0.1779658582849061,0.4961547706602988,0.3526640637111773,0.3509004411001651
AAPL|2018-05-04 13:30:00+00:00,AAPL,2018-05-04,2018-05,train_forward_oof,1,1,1,1.0,17,17,0.0,0.5588703800424393,0.6081508810617857,0.5425129737759614,0.5697832920467859,0.5007060581782585,0.6276498893157222,0.5024018608352245,0.569427034631584,0.5581609488399764
AMZN|2018-05-04 13:30:00+00:00,AMZN,2018-05-04,2018-05,train_forward_oof,1,0,0,0.0,0,0,0.0,0.5733303219997724,0.5733303219997724,0.5733303219997724,0.5733303219997724,0.5733303219997724,0.5733303219997724,0.5733303219997724,0.5733303219997724,0.5733303219997724
AAPL|2018-05-04 14:30:00+00:00,AAPL,2018-05-04,2018-05,train_forward_oof,1,1,1,1.0,30,29,0.182317596270154,0.5221512026069478,0.5707105043237669,0.4442994022505561,0.5318476215559921,0.5003205610011929,0.5890791471902814,0.5016567287598381,0.4682942898481471,0.5451490323958723
AMZN|2018-05-04 14:30:00+00:00,AMZN,2018-05-04,2018-05,train_forward_oof,1,0,0,0.0,0,0,0.0,0.5257722997902848,0.5257722997902848,0.5257722997902848,0.5257722997902848,0.5257722997902848,0.5257722997902848,0.5257722997902848,0.5257722997902848,0.5257722997902848
AAPL|2018-05-04 15:30:00+00:00,AAPL,2018-05-04,2018-05,train_forward_oof,1,1,1,1.0,41,40,0.1412415320708628,0.3912418318978715,0.3490243604588484,0.3737857172326222,0.4084318921867185,0.4990690712984098,0.3674966020857672,0.4975023530463724,0.1221348675292588,0.4222309770954079
AMZN|2018-05-04 15:30:00+00:00,AMZN,2018-05-04,2018-05,train_forward_oof,1,0,0,0.0,0,0,0.0,0.6176831251940663,0.6176831251940663,0.6176831251940663,0.6176831251940663,0.6176831251940663,0.6176831251940663,0.6176831251940663,0.6176831251940663,0.6176831251940663
AAPL|2018-05-07 13:30:00+00:00,AAPL,2018-05-07,2018-05,train_forward_oof,1,1,1,0.0,22,22,0.0,0.642934390437937,0.663773688274611,0.558018108158671,0.6744027814228688,0.5018298441914385,0.7007517496714124,0.5039139669417529,0.6577587081818125,0.6824389056472442
AMZN|2018-05-07 13:30:00+00:00,AMZN,2018-05-07,2018-05,train_forward_oof,1,0,0,0.0,0,0,0.0,0.5576768579519937,0.5576768579519937,0.5576768579519937,0.5576768579519937,0.5576768579519937,0.5576768579519937,0.5576768579519937,0.5576768579519937,0.5576768579519937
AAPL|2018-05-07 14:30:00+00:00,AAPL,2018-05-07,2018-05,train_forward_oof,0,1,1,0.0,30,29,0.2603805527750147,0.6082860598817982,0.5833269173419864,0.5400737408712244,0.6418274860864445,0.5014658168142193,0.6229010682213667,0.5023086310490326,0.5537331620367345,0.6534268767726461
AMZN|2018-05-07 14:30:00+00:00,AMZN,2018-05-07,2018-05,train_forward_oof,1,0,0,0.0,0,0,0.0,0.5828166332508802,0.5828166332508802,0.5828166332508802,0.5828166332508802,0.5828166332508802,0.5828166332508802,0.5828166332508802,0.5828166332508802,0.5828166332508802
AAPL|2018-05-07 15:30:00+00:00,AAPL,2018-05-07,2018-05,train_forward_oof,0,1,1,1.0,36,34,0.3524377905749941,0.4650481017698063,0.4061669883700047,0.3723974672235114,0.5173074230381747,0.5001740408999547,0.4596509095651364,0.49925595973334097,0.6010406662291077,0.533091915788663
AMZN|2018-05-07 15:30:00+00:00,AMZN,2018-05-07,2018-05,train_forward_oof,0,0,0,0.0,0,0,0.0,0.596521544625066,0.596521544625066,0.596521544625066,0.596521544625066,0.596521544625066,0.596521544625066,0.596521544625066,0.596521544625066,0.596521544625066
AAPL|2018-05-08 13:30:00+00:00,AAPL,2018-05-08,2018-05,train_forward_oof,1,1,1,1.0,17,17,0.0,0.5890497104491553,0.6338731735214155,0.4892382427715496,0.6369681974859528,0.5014128553535865,0.6884468849309678,0.503647127793567,0.8872018678101454,0.6508502800552579
AMZN|2018-05-08 13:30:00+00:00,AMZN,2018-05-08,2018-05,train_forward_oof,0,1,1,0.0,1,1,0.0,0.4546496859821418,0.4761619088862096,0.4600157151060708,0.5801756635988193,0.5008129278009926,0.5782555268581407,0.5007931299910362,0.5304873486302549,0.5348716587827769
AAPL|2018-05-08 14:30:00+00:00,AAPL,2018-05-08,2018-05,train_forward_oof,1,1,1,0.0,23,22,0.3369454105665425,0.5534212151732675,0.5124991560373845,0.5219511343548116,0.6307675845322502,0.5013457143254578,0.6019858196999206,0.5019032226228739,0.7970795560333096,0.6265008266619219
AMZN|2018-05-08 14:30:00+00:00,AMZN,2018-05-08,2018-05,train_forward_oof,0,1,1,0.0,2,2,0.0,0.4487118019524695,0.4880130363057597,0.4526461311642233,0.5725327623623384,0.5007342667544068,0.5880468195453417,0.5008943532574195,0.5185876974293417,0.518094027360407
AAPL|2018-05-08 15:30:00+00:00,AAPL,2018-05-08,2018-05,train_forward_oof,0,1,1,0.0,23,22,0.3440669994044469,0.4955622851792701,0.5094334580378489,0.5109169942824371,0.5723546328024389,0.5007324378358483,0.5960241361606867,0.5017890511970803,0.759738711624459,0.5715709579011099
AMZN|2018-05-08 15:30:00+00:00,AMZN,2018-05-08,2018-05,train_forward_oof,0,1,1,0.0,1,1,0.0,0.4212383126851486,0.493963505053591,0.4489231938513561,0.6563027107744924,0.5016255289889663,0.6914706965686366,0.5020279566621333,0.5542253352792403,0.5499402732549977
AAPL|2018-05-09 13:30:00+00:00,AAPL,2018-05-09,2018-05,train_forward_oof,0,1,1,0.0,10,10,0.0,0.5440862210284004,0.6096633964474337,0.5104327298872237,0.4771802209204968,0.4997704598814511,0.5447547513246086,0.5008256961358084,0.5611572957124192,0.4663329928859726
AMZN|2018-05-09 13:30:00+00:00,AMZN,2018-05-09,2018-05,train_forward_oof,1,0,0,0.0,0,0,0.0,0.47707878848794,0.47707878848794,0.47707878848794,0.47707878848794,0.47707878848794,0.47707878848794,0.47707878848794,0.47707878848794,0.47707878848794
AAPL|2018-05-09 14:30:00+00:00,AAPL,2018-05-09,2018-05,train_forward_oof,1,1,1,0.0,19,19,0.0,0.5083274239273251,0.4719259091532529,0.5930237879860418,0.5513123111080749,0.5005176049766366,0.5140682747082309,0.5002589244420556,0.7327130598658161,0.5399021132017957
AMZN|2018-05-09 14:30:00+00:00,AMZN,2018-05-09,2018-05,train_forward_oof,1,1,1,0.0,1,1,0.0,0.4527531758164525,0.4956494335590737,0.4829309782016907,0.3918097039230475,0.498895024736946,0.4123002305957323,0.4991092464049196,0.4238584158777736,0.4167362174942148
AAPL|2018-05-09 15:30:00+00:00,AAPL,2018-05-09,2018-05,train_forward_oof,1,1,1,0.0,17,17,0.0,0.478435698647601,0.3993545526339409,0.5869601487828462,0.4872126110441009,0.49987143523446737,0.4023295386362137,0.4981794760128834,0.4253352377377297,0.484907139516653
AMZN|2018-05-09 15:30:00+00:00,AMZN,2018-05-09,2018-05,train_forward_oof,1,1,1,0.0,2,2,0.0,0.4680084684863255,0.4706408255435515,0.4683319289835423,0.4001863813853893,0.49898303562071983,0.3854906238697434,0.49882819100785564,0.4190923947428414,0.412173710922506
AAPL|2018-05-10 13:30:00+00:00,AAPL,2018-05-10,2018-05,train_forward_oof,1,1,1,0.0,17,17,0.0,0.4953428952561333,0.5681047951517749,0.4929163434036173,0.5696404635880183,0.5007045940313701,0.6432966107253462,0.5027125980657023,0.7918679943263847,0.5889210409445742
AMZN|2018-05-10 13:30:00+00:00,AMZN,2018-05-10,2018-05,train_forward_oof,1,1,1,1.0,1,1,0.0,0.4622342498372466,0.4667075150214703,0.4462608196808082,0.4404334125650185,0.4993983897226848,0.4106596567809326,0.4990922220651903,0.4729596332109783,0.4666626038819952
AAPL|2018-05-10 14:30:00+00:00,AAPL,2018-05-10,2018-05,train_forward_oof,1,1,1,1.0,27,27,0.0,0.4588243817969862,0.4149764942287912,0.4811956332071764,0.5529254574948065,0.5005339981765766,0.5085881626916239,0.5001580376512366,0.6897615514297414,0.5634630951829415
AMZN|2018-05-10 14:30:00+00:00,AMZN,2018-05-10,2018-05,train_forward_oof,0,1,1,1.0,1,1,0.0,0.4595070316738401,0.5084785192494258,0.4504370492059951,0.4435828596988146,0.4994304791911685,0.4554054708751829,0.49955054895264495,0.4796182265721562,0.4730562003102798
AAPL|2018-05-10 15:30:00+00:00,AAPL,2018-05-10,2018-05,train_forward_oof,1,1,1,1.0,28,28,0.0,0.4591319353732876,0.4992503321962589,0.4513297629676495,0.5132393814948344,0.5001331112000129,0.5526793063965189,0.5009729081441666,0.6175437723449468,0.5184648278862679
AMZN|2018-05-10 15:30:00+00:00,AMZN,2018-05-10,2018-05,train_forward_oof,1,1,1,1.0,1,1,0.0,0.4993876329075691,0.4792219108746254,0.4666897482842453,0.4974572022647156,0.4999744399944986,0.4320972932931373,0.4993132104278105,0.503469948558738,0.4966436055269244
AAPL|2018-05-11 13:30:00+00:00,AAPL,2018-05-11,2018-05,train_forward_oof,0,1,1,0.0,11,10,0.7413305996222218,0.5582428408932768,0.6268834978139727,0.5721777459704029,0.5752130788131272,0.5007618101058855,0.6523115896233433,0.502894358147739,0.7562825685513228,0.5749204301270109
AMZN|2018-05-11 13:30:00+00:00,AMZN,2018-05-11,2018-05,train_forward_oof,0,0,0,0.0,0,0,0.0,0.4831243034267176,0.4831243034267176,0.4831243034267176,0.4831243034267176,0.4831243034267176,0.4831243034267176,0.4831243034267176,0.4831243034267176,0.4831243034267176
AAPL|2018-05-11 14:30:00+00:00,AAPL,2018-05-11,2018-05,train_forward_oof,0,1,1,0.0,16,15,0.5084456002223104,0.5219428353126089,0.4893692045112509,0.5082200466054688,0.5055589196238672,0.5000558796491797,0.4832492005661394,0.49969167009888293,0.4789719841137589,0.4871641489344697
AMZN|2018-05-11 14:30:00+00:00,AMZN,2018-05-11,2018-05,train_forward_oof,0,1,1,0.0,1,1,0.0,0.451785640845847,0.4919008855113652,0.4813917413526419,0.4025257526804562,0.49900750288060414,0.3782834206678818,0.49875146250946417,0.440526739024424,0.4555727379055295
AAPL|2018-05-11 15:30:00+00:00,AAPL,2018-05-11,2018-05,train_forward_oof,0,1,1,0.0,24,23,0.3518975964540489,0.4703089088302569,0.406165748226455,0.5395456453263644,0.4828080157537591,0.49982712085441666,0.4292772129839997,0.49868992039256216,0.5098636714614122,0.4892758292208587
AMZN|2018-05-11 15:30:00+00:00,AMZN,2018-05-11,2018-05,train_forward_oof,0,1,1,0.0,1,1,0.0,0.4072764165635643,0.4566690485898622,0.4732604209296739,0.3630496532854803,0.4985873386330891,0.3453537610350199,0.49839290368507416,0.4318406388918817,0.4464953866082779
AAPL|2018-05-14 13:30:00+00:00,AAPL,2018-05-14,2018-05,train_forward_oof,0,1,1,0.0,22,21,0.4110102423321662,0.5410106544628064,0.5963075109215464,0.5791606356370138,0.579154531002259,0.5008023962104743,0.6426803052688893,0.5027002483901739,0.8237265212831738,0.5874939802920607
AMZN|2018-05-14 13:30:00+00:00,AMZN,2018-05-14,2018-05,train_forward_oof,1,1,1,0.0,2,2,0.0,0.5462525969013268,0.5650308986606708,0.3501054647751745,0.5712751034207638,0.5007213580312488,0.5959117267320104,0.5009761807633486,0.4736705697377586,0.470008514823395
AAPL|2018-05-14 14:30:00+00:00,AAPL,2018-05-14,2018-05,train_forward_oof,0,1,1,0.0,26,25,0.3435080314219212,0.504683885749338,0.4467955845499959,0.5849813260899203,0.5215814592860452,0.5002170681393112,0.475579150268305,0.4995502988967456,0.730696976927684,0.5330976654234557
AMZN|2018-05-14 14:30:00+00:00,AMZN,2018-05-14,2018-05,train_forward_oof,0,1,1,0.0,2,2,0.0,0.5451171256847747,0.5583102368962058,0.3912926273115826,0.6457830892615165,0.5015091634720394,0.662303259880545,0.5016926605361807,0.5051811721855607,0.4975145685881414
AAPL|2018-05-14 15:30:00+00:00,AAPL,2018-05-14,2018-05,train_forward_oof,0,1,1,0.0,25,24,0.3689813226034217,0.4322369120631561,0.3783351485111766,0.4502375311699949,0.459631180036482,0.4995933341746622,0.4148013113059483,0.4984169078541921,0.4850682418896174,0.4747740802348972
AMZN|2018-05-14 15:30:00+00:00,AMZN,2018-05-14,2018-05,train_forward_oof,0,1,1,0.0,2,2,0.0,0.4305483476566132,0.4553147879615409,0.373885452034974,0.5641395387958194,0.5006482914790766,0.5887978438870771,0.5009021461223637,0.4973945596258078,0.489508635893185
AAPL|2018-05-15 13:30:00+00:00,AAPL,2018-05-15,2018-05,train_forward_oof,0,1,1,0.0,16,15,0.5504949787236326,0.5426647428075382,0.6101560663696182,0.4917103067840413,0.6227963435540252,0.5012600811992005,0.6845529175545242,0.5035639028760841,0.8910718066295722,0.6176657184229907
AMZN|2018-05-15 13:30:00+00:00,AMZN,2018-05-15,2018-05,train_forward_oof,0,0,0,0.0,0,0,0.0,0.4668382261908317,0.4668382261908317,0.4668382261908317,0.4668382261908317,0.4668382261908317,0.4668382261908317,0.4668382261908317,0.4668382261908317,0.4668382261908317
AAPL|2018-05-15 14:30:00+00:00,AAPL,2018-05-15,2018-05,train_forward_oof,0,1,1,0.0,19,18,0.438990016429728,0.5062580026009741,0.4520767265895419,0.4898863601360869,0.6093555427378562,0.501117269940168,0.5610066710338192,0.5011281409815599,0.8676833015266323,0.6018967839030224
AMZN|2018-05-15 14:30:00+00:00,AMZN,2018-05-15,2018-05,train_forward_oof,0,1,1,0.0,1,1,0.0,0.4446865024689116,0.4611430721190681,0.4348300287763908,0.4638461230217322,0.49963595187983945,0.4725302647617574,0.49972360044760206,0.4216403530860572,0.4282853839721158
AAPL|2018-05-15 15:30:00+00:00,AAPL,2018-05-15,2018-05,train_forward_oof,0,1,1,0.0,28,26,0.4306841025090107,0.4474946047043657,0.3874401937661912,0.4405709327186755,0.5376157383189802,0.5003788229166785,0.4856114269465489,0.49973517729642414,0.7509410651387255,0.5287649110260528
AMZN|2018-05-15 15:30:00+00:00,AMZN,2018-05-15,2018-05,train_forward_oof,1,1,1,0.0,1,1,0.0,0.4455267310847635,0.5154161684364341,0.4384154576822181,0.4764412978946051,0.49976301633802694,0.5281831717111863,0.5002835931780535,0.4229024909026833,0.4293776565397378
AAPL|2018-05-16 13:30:00+00:00,AAPL,2018-05-16,2018-05,train_forward_oof,1,1,1,1.0,14,14,0.0,0.5262116143667307,0.5925001188274811,0.4586971785643677,0.550063040963474,0.5005049171321015,0.6108551252130509,0.5020741643905291,0.7308766151328018,0.5528235425558569
AMZN|2018-05-16 13:30:00+00:00,AMZN,2018-05-16,2018-05,train_forward_oof,1,1,1,0.0,1,1,0.0,0.3947162222347931,0.4096360871114108,0.4259492507387154,0.5968735482860008,0.500986221996051,0.6195245217460166,0.5012251418111949,0.524555685832298,0.5289645097967481
AAPL|2018-05-16 14:30:00+00:00,AAPL,2018-05-16,2018-05,train_forward_oof,1,1,1,0.0,23,22,0.3560666400331507,0.4897683526963564,0.4544885347560408,0.5599264523717462,0.5070577669725492,0.5000709482262107,0.4771023302824645,0.4995783882887881,0.5557030643834875,0.5050538657081696
AAPL|2018-05-16 15:30:00+00:00,AAPL,2018-05-16,2018-05,train_forward_oof,1,1,1,0.0,32,30,0.3498032710789446,0.4444336739425231,0.3930504447439617,0.5230265474391337,0.4535665032518875,0.4995319094975899,0.4091231064247062,0.4983090859912412,0.4152428059714222,0.4633859370019355
AMZN|2018-05-16 15:30:00+00:00,AMZN,2018-05-16,2018-05,train_forward_oof,1,0,0,0.0,0,0,0.0,0.5609130217975555,0.5609130217975555,0.5609130217975555,0.5609130217975555,0.5609130217975555,0.5609130217975555,0.5609130217975555,0.5609130217975555,0.5609130217975555
AAPL|2018-05-17 13:30:00+00:00,AAPL,2018-05-17,2018-05,train_forward_oof,0,1,1,0.0,19,19,0.0,0.5538860367910381,0.6143949964642255,0.6272266175102609,0.5769221882693764,0.5007793968182582,0.6339833132771352,0.5025269582710884,0.7515729131499777,0.572965461049132
AMZN|2018-05-17 13:30:00+00:00,AMZN,2018-05-17,2018-05,train_forward_oof,1,0,0,0.0,0,0,0.0,0.4518829590903364,0.4518829590903364,0.4518829590903364,0.4518829590903364,0.4518829590903364,0.4518829590903364,0.4518829590903364,0.4518829590903364,0.4518829590903364
AAPL|2018-05-17 14:30:00+00:00,AAPL,2018-05-17,2018-05,train_forward_oof,0,1,1,0.0,20,20,0.0,0.5169599782928893,0.4982258078638036,0.5942985501951146,0.5278393745393151,0.5002801265060732,0.5138235308644017,0.5002544176526358,0.6115780353827638,0.5475720615699097
AMZN|2018-05-17 14:30:00+00:00,AMZN,2018-05-17,2018-05,train_forward_oof,0,1,1,0.0,1,1,0.0,0.4604328454526943,0.4736212116875598,0.4141654386550273,0.4721627711436419,0.499719895129039,0.5043949520536515,0.5000441784738359,0.4778257079193327,0.4761555265669881
AAPL|2018-05-17 15:30:00+00:00,AAPL,2018-05-17,2018-05,train_forward_oof,0,1,1,0.0,12,12,0.0,0.4484142736958913,0.3888342375443468,0.504017183305978,0.474620412447545,0.4997446691398334,0.422203832118342,0.49855683319661515,0.4173303528328492,0.4586665588042665
AMZN|2018-05-17 15:30:00+00:00,AMZN,2018-05-17,2018-05,train_forward_oof,0,1,1,0.0,1,1,0.0,0.54846164956605,0.5408342390604924,0.4475554009386374,0.5644360699351699,0.5006513222603712,0.5598135310723108,0.5006041283979208,0.5198766305656213,0.5179882158708398
AAPL|2018-05-18 13:30:00+00:00,AAPL,2018-05-18,2018-05,train_forward_oof,1,1,1,0.0,8,8,0.0,0.5588107924860385,0.623242238213299,0.4900927418397475,0.6508961779043486,0.5015655200175595,0.7093490805916628,0.5041041398445832,0.9227839442852636,0.6359927528493936
AMZN|2018-05-18 13:30:00+00:00,AMZN,2018-05-18,2018-05,train_forward_oof,0,1,1,0.0,1,1,0.0,0.4936164495197654,0.4937381581420636,0.491842489449739,0.6099836648807182,0.5011239027946717,0.5748810901742889,0.5007583961067349,0.5209278873884963,0.5132820959627343
AAPL|2018-05-18 14:30:00+00:00,AAPL,2018-05-18,2018-05,train_forward_oof,0,1,1,0.0,15,15,0.0,0.5225525974018239,0.5165809159259822,0.4725197631647839,0.549361717830271,0.5004977971702009,0.5437446996927671,0.5008069645293571,0.6301457729818382,0.5266296103262453
AMZN|2018-05-18 14:30:00+00:00,AMZN,2018-05-18,2018-05,train_forward_oof,0,1,1,0.0,1,1,0.0,0.4908730858038814,0.5601783483591062,0.4960631489374585,0.613017299836698,0.5011559921403689,0.643795526079975,0.5014873562959297,0.5268574275380538,0.5189891275653906
AAPL|2018-05-18 15:30:00+00:00,AAPL,2018-05-18,2018-05,train_forward_oof,0,1,1,0.0,14,14,0.0,0.45825755908643,0.3946856402584123,0.4179840827049915,0.4814732264962704,0.4998136866259722,0.4167832610226971,0.4984544399599188,0.4815838970681885,0.4707718045244541
AMZN|2018-05-18 15:30:00+00:00,AMZN,2018-05-18,2018-05,train_forward_oof,0,1,1,0.0,1,1,0.0,0.5529243862762275,0.5600855320684469,0.5061235506669588,0.6799010833356427,0.5018930462931593,0.6463333785339112,0.5015152108770075,0.5404372939729181,0.5322050773646257
AAPL|2018-05-21 13:30:00+00:00,AAPL,2018-05-21,2018-05,train_forward_oof,1,1,1,0.0,13,13,0.0,0.5495985019692738,0.6053831080910721,0.6130012058051406,0.5132371538290316,0.5001330887921757,0.5706125688954089,0.5013080102725602,0.5132947822365664,0.5087076728467248
AMZN|2018-05-21 13:30:00+00:00,AMZN,2018-05-21,2018-05,train_forward_oof,0,1,1,0.0,1,1,0.0,0.5215141898681069,0.5488928732338525,0.4085056241799329,0.6092309540815312,0.5011159547624299,0.6060689270336628,0.5010826256687966,0.4951004340499086,0.4927703779631161
AAPL|2018-05-21 14:30:00+00:00,AAPL,2018-05-21,2018-05,train_forward_oof,0,1,1,1.0,13,13,0.0,0.5135011855332741,0.4599105093599779,0.5538433980385418,0.5160169227373638,0.5001610545756494,0.4645617675216358,0.49934684204723806,0.504141289389539,0.5075718575941899
AMZN|2018-05-21 14:30:00+00:00,AMZN,2018-05-21,2018-05,train_forward_oof,0,1,1,0.0,1,1,0.0,0.5187746201057084,0.5325935017758416,0.4125917920514268,0.6122667222444662,0.5011480441104449,0.5999305196758593,0.5010181882753493,0.5000835542831243,0.4975579327784647
AAPL|2018-05-21 15:30:00+00:00,AAPL,2018-05-21,2018-05,train_forward_oof,0,1,1,1.0,13,12,0.5063805010537159,0.4447618157611122,0.4008517397623722,0.4873845102010096,0.4325317327198536,0.49931765885240154,0.3890464161217235,0.4979239302606932,0.2383504860160776,0.4418146679835298
AMZN|2018-05-21 15:30:00+00:00,AMZN,2018-05-21,2018-05,train_forward_oof,1,1,1,0.0,1,1,0.0,0.4527337828272742,0.4214039855777259,0.4055112135206289,0.5784720532508859,0.5007953612817019,0.5095673759008211,0.5000961814296044,0.50087702734117,0.4980638638267851
AAPL|2018-05-22 13:30:00+00:00,AAPL,2018-05-22,2018-05,train_forward_oof,0,1,1,0.0,21,21,0.0,0.5499192626643161,0.6071509500325531,0.5762078436891224,0.603091258851315,0.5010513253378385,0.6538382799564799,0.502925353436734,0.8071151175611129,0.6102614906264232
AMZN|2018-05-22 13:30:00+00:00,AMZN,2018-05-22,2018-05,train_forward_oof,0,0,0,0.0,0,0,0.0,0.4361996896122686,0.4361996896122686,0.4361996896122686,0.4361996896122686,0.4361996896122686,0.4361996896122686,0.4361996896122686,0.4361996896122686,0.4361996896122686
AAPL|2018-05-22 14:30:00+00:00,AAPL,2018-05-22,2018-05,train_forward_oof,1,1,1,0.0,21,21,0.0,0.5129457976741955,0.4738877453437157,0.5459537665201435,0.5576719636936901,0.500582300421361,0.5221104604123284,0.5004070976727059,0.7031892808819922,0.5749561322541938
AMZN|2018-05-22 14:30:00+00:00,AMZN,2018-05-22,2018-05,train_forward_oof,1,0,0,0.0,0,0,0.0,0.3769380720431784,0.3769380720431784,0.3769380720431784,0.3769380720431784,0.3769380720431784,0.3769380720431784,0.3769380720431784,0.3769380720431784,0.3769380720431784
AAPL|2018-05-22 15:30:00+00:00,AAPL,2018-05-22,2018-05,train_forward_oof,1,1,1,0.0,22,21,0.2738016322616877,0.4120162264484279,0.318153776448501,0.4806673152509731,0.4659832749973535,0.4996575405037663,0.367173259714065,0.49749595314468764,0.4698851044565625,0.483134363963859
AMZN|2018-05-22 15:30:00+00:00,AMZN,2018-05-22,2018-05,train_forward_oof,1,0,0,0.0,0,0,0.0,0.4539459607339169,0.4539459607339169,0.4539459607339169,0.4539459607339169,0.4539459607339169,0.4539459607339169,0.4539459607339169,0.4539459607339169,0.4539459607339169
AAPL|2018-05-23 13:30:00+00:00,AAPL,2018-05-23,2018-05,train_forward_oof,1,1,1,0.0,14,14,0.0,0.5043032742220214,0.5754460839254288,0.5095737947019057,0.6009700288761846,0.5010290766790662,0.6704795939907646,0.5032675847623489,0.8400518124629964,0.6042612358549327
AMZN|2018-05-23 13:30:00+00:00,AMZN,2018-05-23,2018-05,train_forward_oof,1,0,0,0.0,0,0,0.0,0.4767156960469031,0.4767156960469031,0.4767156960469031,0.4767156960469031,0.4767156960469031,0.4767156960469031,0.4767156960469031,0.4767156960469031,0.4767156960469031
AAPL|2018-05-23 14:30:00+00:00,AAPL,2018-05-23,2018-05,train_forward_oof,1,1,1,0.0,19,18,0.3900970008814515,0.4674030060571648,0.4223686802502607,0.4647390138827879,0.5345388964623051,0.5003477330610508,0.4972858218523623,0.4999500586569862,0.6487383877898731,0.5619083784303334
AMZN|2018-05-23 14:30:00+00:00,AMZN,2018-05-23,2018-05,train_forward_oof,1,1,1,0.0,3,2,1.7452197447466546,0.4436707072162533,0.4813710985318332,0.4370891453483764,0.3482291974569316,0.49842480189942784,0.3235528883014375,0.49814672218744455,0.4305127045421516,0.4483072284764361
AAPL|2018-05-23 15:30:00+00:00,AAPL,2018-05-23,2018-05,train_forward_oof,1,1,1,0.0,14,13,0.5015993129620928,0.4430276600010144,0.3766478056655374,0.4687342243287294,0.504857101742026,0.5000488243245707,0.4417988472927791,0.49892422456491464,0.5766388874141996,0.5189608924822046
AMZN|2018-05-23 15:30:00+00:00,AMZN,2018-05-23,2018-05,train_forward_oof,1,1,1,0.0,3,2,1.7452197447466546,0.4777069229557559,0.5123540497054163,0.4389086701322734,0.3864754120900596,0.4988386328584089,0.3615325548249592,0.49857083741571045,0.4438113196225611,0.4616117601183245
AAPL|2018-05-24 13:30:00+00:00,AAPL,2018-05-24,2018-05,train_forward_oof,0,1,1,1.0,17,17,0.0,0.5504536354217139,0.6170911135166778,0.4631648656398001,0.5933354461673643,0.5009493225279811,0.6611781879862699,0.5030752852288628,0.9063821460221952,0.6139197830994566
AMZN|2018-05-24 13:30:00+00:00,AMZN,2018-05-24,2018-05,train_forward_oof,1,1,1,0.0,1,1,0.0,0.5543732824338719,0.5408336136147585,0.4927524061793543,0.3877348379961889,0.49885197240539414,0.3409717305511578,0.4983440493980232,0.4553379371384282,0.436176080185184
AAPL|2018-05-24 14:30:00+00:00,AAPL,2018-05-24,2018-05,train_forward_oof,1,1,1,1.0,19,19,0.0,0.5129988693034915,0.4697728821687443,0.5139095049880051,0.4953833400275947,0.4999535927735682,0.4625165621036175,0.4993090091214964,0.5056866246083404,0.4875282629037422
AMZN|2018-05-24 14:30:00+00:00,AMZN,2018-05-24,2018-05,train_forward_oof,1,1,1,0.0,2,2,0.0,0.5370630981922492,0.5221343651744467,0.4737398791435136,0.3738539885408816,0.49870402405998,0.3285780380048911,0.4982041883964674,0.437707614760399,0.4260654334191155
AAPL|2018-05-24 15:30:00+00:00,AAPL,2018-05-24,2018-05,train_forward_oof,1,1,1,1.0,18,17,0.4374036098402824,0.4386214636538413,0.3692679069200953,0.5048562769403101,0.4216467324575221,0.4992058628358874,0.3614181196994148,0.4973816390603271,0.160918163644447,0.4209740457903493
AMZN|2018-05-24 15:30:00+00:00,AMZN,2018-05-24,2018-05,train_forward_oof,1,1,1,0.0,2,2,0.0,0.5166839831313546,0.4906743923927256,0.4629542753188449,0.3530158497313488,0.49847763196396083,0.2902620096776525,0.49775314869157483,0.4314120435812041,0.4198890799299404
AAPL|2018-05-25 13:30:00+00:00,AAPL,2018-05-25,2018-05,train_forward_oof,1,1,1,0.0,7,7,0.0,0.4787905542622118,0.5436144196524938,0.505076795996533,0.5354229472557307,0.500356663101889,0.6021127896058904,0.5019056603819666,0.456215600677573,0.521761614569268
AMZN|2018-05-25 13:30:00+00:00,AMZN,2018-05-25,2018-05,train_forward_oof,1,1,1,0.0,1,1,0.0,0.5105062149542468,0.5123420478671847,0.4643807133257284,0.5663595331312163,0.5006709931074327,0.5649083178586295,0.5006561499787844,0.4942916788551422,0.4880120444403924
AAPL|2018-05-25 14:30:00+00:00,AAPL,2018-05-25,2018-05,train_forward_oof,0,1,1,0.0,8,8,0.0,0.4412926031016814,0.4171554572308078,0.4954303427987361,0.4827871283825908,0.4998269106491989,0.4591692893478546,0.4992470391569542,0.2846661174983633,0.4678916947742982
AMZN|2018-05-25 14:30:00+00:00,AMZN,2018-05-25,2018-05,train_forward_oof,0,1,1,0.0,1,1,0.0,0.5077631069657741,0.5456628986327514,0.4685830201171966,0.569493006374084,0.5007030825593409,0.6049318143837303,0.5010706630548174,0.5015489200476076,0.4949894854074468
AAPL|2018-05-25 15:30:00+00:00,AAPL,2018-05-25,2018-05,train_forward_oof,0,1,1,0.0,9,9,0.0,0.4353519219456186,0.3637834080991315,0.4785314701903802,0.4901099176486994,0.4999005735496318,0.4195298825399108,0.49850636879781624,0.4102542406865901,0.4938489078833367
AMZN|2018-05-25 15:30:00+00:00,AMZN,2018-05-25,2018-05,train_forward_oof,0,1,1,0.0,1,1,0.0,0.5682236582358821,0.5396876415544194,0.4967485078769698,0.6416619970709693,0.5014640079917273,0.6001386162796245,0.5010203672383622,0.5399530888985704,0.5334547828600057
AAPL|2018-05-29 13:30:00+00:00,AAPL,2018-05-29,2018-05,train_forward_oof,0,1,1,1.0,11,11,0.0,0.5612821123795009,0.6087115109463797,0.5880355994050013,0.6361130789360597,0.5014035672632458,0.6685891773936832,0.5032282842210279,0.8708332743016381,0.6381829983473833
AMZN|2018-05-29 13:30:00+00:00,AMZN,2018-05-29,2018-05,train_forward_oof,1,0,0,0.0,0,0,0.0,0.5387604509316264,0.5387604509316264,0.5387604509316264,0.5387604509316264,0.5387604509316264,0.5387604509316264,0.5387604509316264,0.5387604509316264,0.5387604509316264
AAPL|2018-05-29 14:30:00+00:00,AAPL,2018-05-29,2018-05,train_forward_oof,0,1,1,1.0,11,11,0.0,0.5241335134489111,0.4457878452936833,0.5762426717142761,0.5359398243610473,0.500361885258032,0.4602774046346252,0.4992675615982762,0.5884485909900969,0.531322866969279
AMZN|2018-05-29 14:30:00+00:00,AMZN,2018-05-29,2018-05,train_forward_oof,1,0,0,0.0,0,0,0.0,0.5159269590900035,0.5159269590900035,0.5159269590900035,0.5159269590900035,0.5159269590900035,0.5159269590900035,0.5159269590900035,0.5159269590900035,0.5159269590900035
AAPL|2018-05-29 15:30:00+00:00,AAPL,2018-05-29,2018-05,train_forward_oof,0,1,1,0.0,13,13,0.0,0.4572175115887186,0.3835735625606662,0.4486527299684503,0.4334417556423148,0.49932697356038236,0.3622003820267074,0.4973972226729693,0.3647356613957505,0.4381036287362488
AMZN|2018-05-29 15:30:00+00:00,AMZN,2018-05-29,2018-05,train_forward_oof,0,0,0,0.0,0,0,0.0,0.6098457007995775,0.6098457007995775,0.6098457007995775,0.6098457007995775,0.6098457007995775,0.6098457007995775,0.6098457007995775,0.6098457007995775,0.6098457007995775
AAPL|2018-05-30 13:30:00+00:00,AAPL,2018-05-30,2018-05,train_forward_oof,1,1,1,0.0,20,18,0.5765859360797144,0.5560464263843573,0.6163812675785267,0.5860713126216853,0.5106857648126091,0.5001074279086645,0.5775058241419752,0.5014376924921292,0.5052013750060692,0.4970301129865667
AMZN|2018-05-30 13:30:00+00:00,AMZN,2018-05-30,2018-05,train_forward_oof,1,0,0,0.0,0,0,0.0,0.5327070614888982,0.5327070614888982,0.5327070614888982,0.5327070614888982,0.5327070614888982,0.5327070614888982,0.5327070614888982,0.5327070614888982,0.5327070614888982
AAPL|2018-05-30 14:30:00+00:00,AAPL,2018-05-30,2018-05,train_forward_oof,1,1,1,0.0,21,17,0.6418988527679107,0.5174374925063948,0.4522571214021801,0.5442222360559109,0.4842798699832816,0.49984193174375485,0.4313569671491175,0.49872894563632886,0.4471381826631348,0.4943539955229002
AMZN|2018-05-30 14:30:00+00:00,AMZN,2018-05-30,2018-05,train_forward_oof,1,0,0,0.0,0,0,0.0,0.5095539151304987,0.5095539151304987,0.5095539151304987,0.5095539151304987,0.5095539151304987,0.5095539151304987,0.5095539151304987,0.5095539151304987,0.5095539151304987
AAPL|2018-05-30 15:30:00+00:00,AAPL,2018-05-30,2018-05,train_forward_oof,1,1,1,1.0,22,18,0.5859127993295081,0.443965557390474,0.3642787248894871,0.4674675450699282,0.3997932400142709,0.49897891915209813,0.332131789164552,0.4967866743771666,0.2510242012087054,0.4190955305361439
AMZN|2018-05-30 15:30:00+00:00,AMZN,2018-05-30,2018-05,train_forward_oof,1,1,1,0.0,1,1,0.0,0.416966787614325,0.4670682656551443,0.4260988207947392,0.4107572684556303,0.49909323556079954,0.4325735671988993,0.4993180871586398,0.4468038713869123,0.4391389579207654
AAPL|2018-05-31 13:30:00+00:00,AAPL,2018-05-31,2018-05,train_forward_oof,1,1,1,1.0,7,7,0.0,0.4948977238316851,0.5702023115990223,0.5537891971337071,0.4928549287364461,0.4999281740283527,0.5678115222752094,0.5012554643876765,0.4572772886394019,0.4721390246592298
AMZN|2018-05-31 13:30:00+00:00,AMZN,2018-05-31,2018-05,train_forward_oof,1,1,1,0.0,1,1,0.0,0.4574762939701056,0.4876035153083844,0.3888681919561652,0.5434380186361175,0.5004377352030257,0.5962983332588473,0.5009802159321414,0.4585015892047985,0.4513993253453255
AAPL|2018-05-31 14:30:00+00:00,AAPL,2018-05-31,2018-05,train_forward_oof,0,1,1,0.0,10,10,0.0,0.4577803563629845,0.4091493982495937,0.4428542053202818,0.392352466693292,0.49890074705295917,0.3565699680205314,0.49728472715757815,0.1636582952557274,0.3714349582538798
AMZN|2018-05-31 14:30:00+00:00,AMZN,2018-05-31,2018-05,train_forward_oof,1,1,1,0.0,1,1,0.0,0.4749134960673856,0.4682942624310878,0.4596253288199651,0.4858875923327597,0.49985810671266895,0.4471451320278183,0.49946671940628007,0.4626019673538118,0.4531710485907714
AAPL|2018-05-31 15:30:00+00:00,AAPL,2018-05-31,2018-05,train_forward_oof,0,1,1,0.0,12,12,0.0,0.4492103680097557,0.3718046255260291,0.4748800630137258,0.3839415220625964,0.4988117454927279,0.3206225877438763,0.4965458609641357,0.1970592275775887,0.370327116458354
AMZN|2018-05-31 15:30:00+00:00,AMZN,2018-05-31,2018-05,train_forward_oof,0,1,1,0.0,1,1,0.0,0.5020787701616328,0.5092154225563073,0.4671768306232337,0.5260704039663143,0.5002622932627343,0.5032527334040179,0.5000326964031061,0.4777013851896377,0.4679789242157084
AAPL|2018-06-01 13:30:00+00:00,AAPL,2018-06-01,2018-06,train_forward_oof,1,1,1,0.0,12,12,0.0,0.5313238373639373,0.5922034957281703,0.5619119274396681,0.5029594097278867,0.5000297478478336,0.5748848681693633,0.5036189551738851,0.5697795934952354,0.495132591257408
AMZN|2018-06-01 13:30:00+00:00,AMZN,2018-06-01,2018-06,train_forward_oof,1,1,1,0.0,1,1,0.0,0.5319848713510389,0.5421748621471262,0.5003727261066812,0.5317156556479737,0.5003192291209139,0.6368978465617003,0.5014120908646257,0.7373912379427087,0.5322777279175619
AAPL|2018-06-01 14:30:00+00:00,AAPL,2018-06-01,2018-06,train_forward_oof,1,1,1,0.0,13,13,0.0,0.4890044556844094,0.5126248454998568,0.4855683767375642,0.509711898616526,0.5000976346883219,0.5436614634946458,0.5020995236601707,0.5912173320114638,0.514028351190165
AMZN|2018-06-01 14:30:00+00:00,AMZN,2018-06-01,2018-06,train_forward_oof,1,1,1,0.0,1,1,0.0,0.5131399689522244,0.504960595353246,0.499838387095302,0.5300645568610577,0.5003025689497042,0.6226323329024844,0.5012583269328617,0.7350846206337883,0.5253364854649735
AAPL|2018-06-01 15:30:00+00:00,AAPL,2018-06-01,2018-06,train_forward_oof,1,1,1,1.0,12,11,0.5281183260234069,0.4627723227772964,0.4199883890732854,0.4591774973771055,0.4965213791174449,0.49996503291014727,0.467714886266697,0.4984493167724303,0.5440814008936402,0.4723357826343669
AMZN|2018-06-01 15:30:00+00:00,AMZN,2018-06-01,2018-06,train_forward_oof,0,1,1,0.0,1,1,0.0,0.4768891470689805,0.5329502841779404,0.452484269157761,0.5215021225611175,0.5002162691767014,0.6726347213741644,0.5018096386956034,0.7072379081049173,0.5131778559777661
AAPL|2018-06-04 13:30:00+00:00,AAPL,2018-06-04,2018-06,train_forward_oof,1,1,1,0.0,8,8,0.0,0.5283277369902469,0.5813477017095505,0.4638796424767263,0.5959669523194147,0.5009767570989601,0.6455175079430439,0.5071868657782275,0.7336813413336999,0.5719547328873706
AMZN|2018-06-04 13:30:00+00:00,AMZN,2018-06-04,2018-06,train_forward_oof,1,0,0,0.0,0,0,0.0,0.6021996005151355,0.6021996005151355,0.6021996005151355,0.6021996005151355,0.6021996005151355,0.6021996005151355,0.6021996005151355,0.6021996005151355,0.6021996005151355
AAPL|2018-06-04 14:30:00+00:00,AAPL,2018-06-04,2018-06,train_forward_oof,0,1,1,0.0,10,10,0.0,0.4860120410178625,0.4501229693571284,0.4368897655582253,0.5647298228319083,0.500654325110329,0.5306609349429497,0.5014724714900636,0.6528947854120523,0.5655643065234984
AMZN|2018-06-04 14:30:00+00:00,AMZN,2018-06-04,2018-06,train_forward_oof,1,1,1,0.0,1,1,0.0,0.556626234769262,0.5572574222082423,0.5381786895502818,0.4648620811830931,0.4996462162918226,0.51838253163433,0.5001848615007564,0.5615264605482203,0.4462902000082149
AAPL|2018-06-04 15:30:00+00:00,AAPL,2018-06-04,2018-06,train_forward_oof,0,1,1,0.0,14,13,0.4907543614082248,0.4566313165558214,0.4072824241451913,0.4250350200314879,0.4682374366141282,0.49968029746277814,0.4241785208493188,0.4963350793824881,0.4894181777568993,0.4814126830396045
AMZN|2018-06-04 15:30:00+00:00,AMZN,2018-06-04,2018-06,train_forward_oof,1,1,1,0.0,1,1,0.0,0.4672156257474193,0.4534220507042287,0.3884449982074859,0.4456747362763733,0.49945176747419406,0.4400537963440608,0.49939451859565226,0.4876708760818364,0.4218718513301868
AAPL|2018-06-05 13:30:00+00:00,AAPL,2018-06-05,2018-06,train_forward_oof,1,1,1,0.0,31,30,0.2060668334731326,0.5172146770001577,0.5718514126453551,0.498594746404867,0.5370963659692468,0.5003735729689258,0.6023213581699669,0.5049778858026366,0.6149591017470464,0.5698265435674955
AMZN|2018-06-05 13:30:00+00:00,AMZN,2018-06-05,2018-06,train_forward_oof,1,0,0,0.0,0,0,0.0,0.563463978406071,0.563463978406071,0.563463978406071,0.563463978406071,0.563463978406071,0.563463978406071,0.563463978406071,0.563463978406071,0.563463978406071
AAPL|2018-06-05 14:30:00+00:00,AAPL,2018-06-05,2018-06,train_forward_oof,0,1,1,1.0,42,38,0.4954862423489325,0.4752753916971328,0.4446621633297013,0.5207387640742602,0.5084103128790117,0.500084547057147,0.4853866255828844,0.49929888149578344,0.53546970870078,0.5580771571658029
AMZN|2018-06-05 14:30:00+00:00,AMZN,2018-06-05,2018-06,train_forward_oof,1,0,0,0.0,0,0,0.0,0.5062889837818383,0.5062889837818383,0.5062889837818383,0.5062889837818383,0.5062889837818383,0.5062889837818383,0.5062889837818383,0.5062889837818383,0.5062889837818383
AAPL|2018-06-05 15:30:00+00:00,AAPL,2018-06-05,2018-06,train_forward_oof,0,1,1,1.0,51,47,0.4024174762096587,0.4544079919133382,0.4062039958818712,0.5170780777026214,0.5091608825156081,0.5000920939911249,0.4691707688932442,0.4985194257470769,0.6182863110872089,0.5583958544959058
AMZN|2018-06-05 15:30:00+00:00,AMZN,2018-06-05,2018-06,train_forward_oof,1,1,1,0.0,2,2,0.0,0.5710283008585784,0.5683992917867955,0.4472545888277432,0.5528402292198332,0.5005331317851449,0.6577817536414807,0.5016420230688007,0.6417358632893506,0.5555210756131037
AAPL|2018-06-06 13:30:00+00:00,AAPL,2018-06-06,2018-06,train_forward_oof,0,1,1,0.0,14,14,0.0,0.5457310195345958,0.6074283022518098,0.5144261597092814,0.5382173559426461,0.5003849052528724,0.6031239678544389,0.5050180748125648,0.6608590277682042,0.5438259332347236
AMZN|2018-06-06 13:30:00+00:00,AMZN,2018-06-06,2018-06,train_forward_oof,0,1,1,0.0,1,1,0.0,0.5560183269047447,0.5646789983505733,0.4064854392357456,0.5498210114704469,0.5005024597772143,0.6385412005074976,0.5014299655709259,0.6335357389222406,0.5637101958246145
AAPL|2018-06-06 14:30:00+00:00,AAPL,2018-06-06,2018-06,train_forward_oof,1,1,1,0.0,15,15,0.0,0.5036911168141013,0.5152915925257302,0.3983370521047849,0.5340477539856281,0.500342772846006,0.5461464850927358,0.5022196829858123,0.6473397785644974,0.5483039748212886
AMZN|2018-06-06 14:30:00+00:00,AMZN,2018-06-06,2018-06,train_forward_oof,1,1,1,0.0,1,1,0.0,0.5372994579936562,0.4406381732600885,0.4059698945135965,0.5481795047351926,0.5004857996158344,0.5510569122026695,0.5005150105634247,0.6349191384505045,0.554849854133612
AAPL|2018-06-06 15:30:00+00:00,AAPL,2018-06-06,2018-06,train_forward_oof,1,1,1,0.0,14,14,0.0,0.4313108171152148,0.4050172950083182,0.3457035082629713,0.4526631584236915,0.49952274867934887,0.4144359216995628,0.4958552987970299,0.447715645467259,0.4559463606391866
AMZN|2018-06-06 15:30:00+00:00,AMZN,2018-06-06,2018-06,train_forward_oof,0,1,1,0.0,1,1,0.0,0.5147345763295058,0.5621686117446133,0.4082577965571085,0.5139946870897122,0.5001407090439484,0.664385452976017,0.5017160908145346,0.6177597193605793,0.5149770290109145
AAPL|2018-06-07 13:30:00+00:00,AAPL,2018-06-07,2018-06,train_forward_oof,0,1,1,1.0,14,14,0.0,0.5249226986541218,0.5882358509568884,0.6186797712113464,0.5674455425314592,0.5006821084877697,0.6291882391550223,0.5063397634482659,0.7159111350345785,0.5738126203374303
AMZN|2018-06-07 13:30:00+00:00,AMZN,2018-06-07,2018-06,train_forward_oof,0,1,1,0.0,1,1,0.0,0.5053312806866083,0.5260614325428051,0.2855538743825185,0.5448449442813676,0.5004519884753366,0.6337295221812469,0.501377726680501,0.6663945873662868,0.5351527877275388
AAPL|2018-06-07 14:30:00+00:00,AAPL,2018-06-07,2018-06,train_forward_oof,0,1,1,1.0,12,12,0.0,0.4812240062257651,0.4348364721642756,0.5107068643782103,0.5337572943047316,0.5003398397091108,0.4879102881381439,0.499420013465274,0.6226659991367175,0.5487720175969415
AMZN|2018-06-07 14:30:00+00:00,AMZN,2018-06-07,2018-06,train_forward_oof,1,1,1,0.0,2,2,0.0,0.4686380745533731,0.4831653316271707,0.2851180261395949,0.4722569057158777,0.4997208442861137,0.3995071471180407,0.49897592270743674,0.2917952552001219,0.453865911685184
AAPL|2018-06-07 15:30:00+00:00,AAPL,2018-06-07,2018-06,train_forward_oof,1,1,1,0.0,13,13,0.0,0.4648173342745793,0.4219038576636235,0.4750866602592469,0.4593665968274193,0.4995906570639229,0.4128817226408972,0.4957784669158121,0.4197705881779839,0.4646292165561249
AMZN|2018-06-07 15:30:00+00:00,AMZN,2018-06-07,2018-06,train_forward_oof,0,1,1,0.0,2,2,0.0,0.3802892842716564,0.4320048927439909,0.5932972088282116,0.4343315226802665,0.4993360764939189,0.39801979488273,0.4989603330333089,0.2914609949298405,0.4205262959009455
AAPL|2018-06-08 13:30:00+00:00,AAPL,2018-06-08,2018-06,train_forward_oof,1,1,1,1.0,23,21,0.5743201962130322,0.5116649201393482,0.5790388283182563,0.6006447264395416,0.49194082350294,0.49991898346577024,0.5630084545503364,0.5030382664562072,0.5144267819680208,0.5146598440199963
AMZN|2018-06-08 13:30:00+00:00,AMZN,2018-06-08,2018-06,train_forward_oof,1,0,0,0.0,0,0,0.0,0.5499954638166757,0.5499954638166757,0.5499954638166757,0.5499954638166757,0.5499954638166757,0.5499954638166757,0.5499954638166757,0.5499954638166757,0.5499954638166757
AAPL|2018-06-08 14:30:00+00:00,AAPL,2018-06-08,2018-06,train_forward_oof,1,1,1,1.0,30,28,0.4055537739047452,0.4690059114607404,0.415173768178171,0.5819872761601792,0.4675894648403187,0.49967375722480767,0.4220949644154262,0.4962327298477825,0.4839106550616099,0.5108235347710033
AMZN|2018-06-08 14:30:00+00:00,AMZN,2018-06-08,2018-06,train_forward_oof,1,0,0,0.0,0,0,0.0,0.5548554219534851,0.5548554219534851,0.5548554219534851,0.5548554219534851,0.5548554219534851,0.5548554219534851,0.5548554219534851,0.5548554219534851,0.5548554219534851
AAPL|2018-06-08 15:30:00+00:00,AAPL,2018-06-08,2018-06,train_forward_oof,1,1,1,1.0,32,29,0.4251158812344848,0.4684416318727641,0.4186696584411314,0.5499611691621213,0.4602616102884985,0.49959971208082055,0.4163020049440909,0.495947437905474,0.4800210402410058,0.5061211866297963
AMZN|2018-06-08 15:30:00+00:00,AMZN,2018-06-08,2018-06,train_forward_oof,0,0,0,0.0,0,0,0.0,0.5704863500248424,0.5704863500248424,0.5704863500248424,0.5704863500248424,0.5704863500248424,0.5704863500248424,0.5704863500248424,0.5704863500248424,0.5704863500248424
AAPL|2018-06-11 13:30:00+00:00,AAPL,2018-06-11,2018-06,train_forward_oof,1,1,1,1.0,22,22,0.0,0.5016378058557679,0.554081407850621,0.5901671357610486,0.5055017638933094,0.5000553050588762,0.5692264204082524,0.503341806170898,0.52895352857399,0.5156955500681688
AMZN|2018-06-11 13:30:00+00:00,AMZN,2018-06-11,2018-06,train_forward_oof,1,0,0,0.0,0,0,0.0,0.5723931168096973,0.5723931168096973,0.5723931168096973,0.5723931168096973,0.5723931168096973,0.5723931168096973,0.5723931168096973,0.5723931168096973,0.5723931168096973
AAPL|2018-06-11 14:30:00+00:00,AAPL,2018-06-11,2018-06,train_forward_oof,1,1,1,0.0,18,18,0.0,0.4584480662255063,0.4018053814956304,0.5295186060946041,0.4495532140641218,0.499491186164861,0.4036180693508894,0.49531868110211213,0.3892659524966404,0.456057657471796
AMZN|2018-06-11 14:30:00+00:00,AMZN,2018-06-11,2018-06,train_forward_oof,1,1,1,0.0,2,2,0.0,0.5284737169181413,0.5444902835749288,0.5440264991022133,0.4643944886578822,0.4996414924897017,0.4986618015395372,0.49998654861676706,0.5706262842816251,0.4607559876699961
AAPL|2018-06-11 15:30:00+00:00,AAPL,2018-06-11,2018-06,train_forward_oof,1,1,1,0.0,20,20,0.0,0.4508473195134659,0.3983977204101548,0.4785653983560731,0.4597603885352331,0.49959464145073224,0.4118734577254657,0.4957285775940917,0.429084321700804,0.4704270412854981
AMZN|2018-06-11 15:30:00+00:00,AMZN,2018-06-11,2018-06,train_forward_oof,1,1,1,0.0,2,2,0.0,0.4726244825767686,0.464550159788993,0.4113599842407743,0.4517432619007736,0.4995134167601453,0.4359853133230625,0.499352984467329,0.539305728722742,0.4440492979319808
AAPL|2018-06-12 13:30:00+00:00,AAPL,2018-06-12,2018-06,train_forward_oof,1,1,1,0.0,15,15,0.0,0.5031919297588388,0.5681318054443601,0.5786062100245754,0.4757785607403102,0.4997563393704335,0.537087236446078,0.5017821264337297,0.3988487945073126,0.4676082048898252
AMZN|2018-06-12 13:30:00+00:00,AMZN,2018-06-12,2018-06,train_forward_oof,1,1,1,0.0,1,1,0.0,0.5266603165945826,0.5351195748755523,0.6077650454185004,0.5496391539224899,0.5005006135129865,0.6909522564965505,0.5020218527985773,0.7901904879268842,0.53590608734194
AAPL|2018-06-12 14:30:00+00:00,AAPL,2018-06-12,2018-06,train_forward_oof,1,1,1,0.0,17,17,0.0,0.460629993677786,0.4120149786529589,0.4623475842169647,0.4482145225713879,0.4994775877406516,0.3979142429960471,0.4950339062061453,0.345174479147305,0.450093232474838
AMZN|2018-06-12 14:30:00+00:00,AMZN,2018-06-12,2018-06,train_forward_oof,1,0,0,0.0,0,0,0.0,0.4753069756183083,0.4753069756183083,0.4753069756183083,0.4753069756183083,0.4753069756183083,0.4753069756183083,0.4753069756183083,0.4753069756183083,0.4753069756183083
AAPL|2018-06-12 15:30:00+00:00,AAPL,2018-06-12,2018-06,train_forward_oof,1,1,1,0.0,16,16,0.0,0.4373932932261904,0.3691755470350471,0.5051749926445572,0.4356012629280216,0.499349059336705,0.3642733134325042,0.4933230049469279,0.3489411580241034,0.426536574119508
AMZN|2018-06-12 15:30:00+00:00,AMZN,2018-06-12,2018-06,train_forward_oof,0,0,0,0.0,0,0,0.0,0.5118375107022228,0.5118375107022228,0.5118375107022228,0.5118375107022228,0.5118375107022228,0.5118375107022228,0.5118375107022228,0.5118375107022228,0.5118375107022228
AAPL|2018-06-13 13:30:00+00:00,AAPL,2018-06-13,2018-06,train_forward_oof,0,1,1,0.0,17,16,0.4390554285628898,0.5475514539325221,0.6087486372928355,0.6173489272700385,0.5923250769297095,0.5009388039198468,0.6486249848127469,0.5073499968120434,0.7427702076264274,0.6049656146139121
AMZN|2018-06-13 13:30:00+00:00,AMZN,2018-06-13,2018-06,train_forward_oof,1,1,1,0.0,1,1,0.0,0.49641204349697,0.5264749720908894,0.2659065044548311,0.5083170790316532,0.500083609623552,0.58252880134672,0.5008372243363641,0.6254000360603226,0.520295167972464
AAPL|2018-06-13 14:30:00+00:00,AAPL,2018-06-13,2018-06,train_forward_oof,0,1,1,0.0,17,17,0.0,0.5048211255820984,0.4447528697626653,0.5266794271117323,0.5661966026022186,0.5006693260676729,0.5023673209885006,0.5001135475804009,0.6939476799962773,0.5782969510055821
AMZN|2018-06-13 14:30:00+00:00,AMZN,2018-06-13,2018-06,train_forward_oof,0,1,1,0.0,1,1,0.0,0.4775414915198394,0.479179462306614,0.2654895007962996,0.5066600259611748,0.5000669494462787,0.5617593590161422,0.5006239809580515,0.63328458588128,0.5081631199772779
AAPL|2018-06-13 15:30:00+00:00,AAPL,2018-06-13,2018-06,train_forward_oof,0,1,1,0.0,15,15,0.0,0.4208695800421362,0.3677526822469063,0.4109885918551652,0.5062260610476802,0.5000625865775887,0.4389940260697897,0.4970592778850308,0.5162427474520523,0.504572023162136
AMZN|2018-06-13 15:30:00+00:00,AMZN,2018-06-13,2018-06,train_forward_oof,0,1,1,0.0,1,1,0.0,0.4670585260592289,0.5080971513848318,0.244331795132898,0.5083251776977048,0.5000836910525637,0.6054634745235852,0.5010762547125198,0.6424382808332695,0.5046974938510208
AAPL|2018-06-14 13:30:00+00:00,AAPL,2018-06-14,2018-06,train_forward_oof,0,1,1,0.0,14,14,0.0,0.5338332358006138,0.5968661797761435,0.5760095866035776,0.5877799732348538,0.5008915854022058,0.6530479283344617,0.5075833295253303,0.7261979882024219,0.5934863668474426
AMZN|2018-06-14 13:30:00+00:00,AMZN,2018-06-14,2018-06,train_forward_oof,1,0,0,0.0,0,0,0.0,0.5665994282410521,0.5665994282410521,0.5665994282410521,0.5665994282410521,0.5665994282410521,0.5665994282410521,0.5665994282410521,0.5665994282410521,0.5665994282410521
AAPL|2018-06-14 14:30:00+00:00,AAPL,2018-06-14,2018-06,train_forward_oof,0,1,1,0.0,20,20,0.0,0.4920020780949276,0.466534139574055,0.4045613493141149,0.5676694816613996,0.5006844013414553,0.5429500901946008,0.5020651458847887,0.7097012436438118,0.5829688804738755
AMZN|2018-06-14 14:30:00+00:00,AMZN,2018-06-14,2018-06,train_forward_oof,1,1,1,0.0,1,1,0.0,0.535931964725253,0.5040741470988567,0.2777896286433862,0.4283559414533597,0.49927485596757076,0.3892050635146372,0.4988675246205294,0.4595789897210072,0.4412868907792533
AAPL|2018-06-14 15:30:00+00:00,AAPL,2018-06-14,2018-06,train_forward_oof,0,1,1,0.0,16,16,0.0,0.4659069695487544,0.4195968054421504,0.3537815914598446,0.5693299380614036,0.5007014112168697,0.5191752800649462,0.5009201778486564,0.7239438711349748,0.5727893175017668
AMZN|2018-06-14 15:30:00+00:00,AMZN,2018-06-14,2018-06,train_forward_oof,1,1,1,0.0,1,1,0.0,0.5225659443026119,0.4812355836837643,0.2628403496793255,0.4364013463216624,0.49935723558617023,0.3787855742981426,0.49875682660939535,0.472491515928786,0.442119826022831
AAPL|2018-06-15 13:30:00+00:00,AAPL,2018-06-15,2018-06,train_forward_oof,0,1,1,0.0,13,12,0.4492223705950701,0.5345793870004689,0.5986349568992682,0.6696978509070196,0.4492281550073623,0.4994878849058032,0.5250380984706895,0.5012019362001994,0.3925239731346844,0.4471553899176023
AMZN|2018-06-15 13:30:00+00:00,AMZN,2018-06-15,2018-06,train_forward_oof,1,1,1,0.0,1,1,0.0,0.515070021805103,0.5301110917421276,0.5790119330314452,0.5773435264336179,0.5007837352764524,0.7686200458312912,0.5030168599932988,0.872471696424352,0.5765883868493766
AAPL|2018-06-15 14:30:00+00:00,AAPL,2018-06-15,2018-06,train_forward_oof,1,1,1,1.0,15,14,0.387869504908596,0.4925376011507364,0.4349939242526338,0.6250337093272408,0.4108517597509817,0.4990942165882309,0.3678943090513474,0.4935100733813236,0.3014195000730093,0.4130283944051316
AMZN|2018-06-15 14:30:00+00:00,AMZN,2018-06-15,2018-06,train_forward_oof,1,0,0,0.0,0,0,0.0,0.5250753141989777,0.5250753141989777,0.5250753141989777,0.5250753141989777,0.5250753141989777,0.5250753141989777,0.5250753141989777,0.5250753141989777,0.5250753141989777
AAPL|2018-06-15 15:30:00+00:00,AAPL,2018-06-15,2018-06,train_forward_oof,1,1,1,0.0,19,16,0.7567203235716257,0.432299173591311,0.3906386780155826,0.5399480807957349,0.3608697180913651,0.4985636184456068,0.3287772496181599,0.49144257074803643,0.1842478204075776,0.3731960481605247
AMZN|2018-06-15 15:30:00+00:00,AMZN,2018-06-15,2018-06,train_forward_oof,1,0,0,0.0,0,0,0.0,0.5142124037410178,0.5142124037410178,0.5142124037410178,0.5142124037410178,0.5142124037410178,0.5142124037410178,0.5142124037410178,0.5142124037410178,0.5142124037410178
AAPL|2018-06-18 13:30:00+00:00,AAPL,2018-06-18,2018-06,train_forward_oof,1,1,1,0.0,11,10,0.5618350849612523,0.4860179697677074,0.5395260598200338,0.6656540637255788,0.4484123357197164,0.4994795976011742,0.5135188962681839,0.5006485811953162,0.3997857518802577,0.4572966605083005
AMZN|2018-06-18 13:30:00+00:00,AMZN,2018-06-18,2018-06,train_forward_oof,1,0,0,0.0,0,0,0.0,0.5578319123234394,0.5578319123234394,0.5578319123234394,0.5578319123234394,0.5578319123234394,0.5578319123234394,0.5578319123234394,0.5578319123234394,0.5578319123234394
AAPL|2018-06-18 14:30:00+00:00,AAPL,2018-06-18,2018-06,train_forward_oof,1,1,1,0.0,15,14,0.4116728822485481,0.4443941715718623,0.3715326899278456,0.6426699101169493,0.4399572084678856,0.4993935335292543,0.3831771766424255,0.49429149307765663,0.3999434177098807,0.4470720029616196
AMZN|2018-06-18 14:30:00+00:00,AMZN,2018-06-18,2018-06,train_forward_oof,1,1,1,0.0,2,2,0.0,0.5261798277999181,0.5571792132801447,0.2981460490788084,0.5525758173139068,0.5005304440959777,0.7593474576588088,0.5028876223173508,0.8475068584204161,0.5440534752085956
AAPL|2018-06-18 15:30:00+00:00,AAPL,2018-06-18,2018-06,train_forward_oof,0,1,1,0.0,18,18,0.0,0.4635181399184936,0.4206387452207321,0.5543248620315953,0.4812820808958467,0.4998117625930842,0.4492256180068635,0.49755624177744456,0.5456076082937278,0.5049634691912706
AMZN|2018-06-18 15:30:00+00:00,AMZN,2018-06-18,2018-06,train_forward_oof,0,1,1,0.0,3,3,0.0,0.5469361871644355,0.5587574946991628,0.1154575824948631,0.5789553468284837,0.5008003427141833,0.7858780620787225,0.5032674433887881,0.8730992846437784,0.567355765279701
AAPL|2018-06-19 13:30:00+00:00,AAPL,2018-06-19,2018-06,train_forward_oof,1,1,1,0.0,15,14,0.6116584598378738,0.5342014301616524,0.6012074107452163,0.514906981487391,0.518985975355152,0.5001909356998478,0.5916240522243348,0.504444766640653,0.593461583516763,0.5492785543278087
AMZN|2018-06-19 13:30:00+00:00,AMZN,2018-06-19,2018-06,train_forward_oof,1,1,1,0.0,1,1,0.0,0.5096506771497875,0.5307895525871811,0.2956795558874897,0.4203736270614949,0.49919273825700844,0.3176822412836336,0.4980789935002177,0.2343359955492844,0.4199645969306696
AAPL|2018-06-19 14:30:00+00:00,AAPL,2018-06-19,2018-06,train_forward_oof,1,1,1,1.0,11,10,0.8316806109347196,0.4915321063514869,0.4615164537711703,0.4355192569811244,0.4765967916167596,0.4997645827897307,0.4569938094090248,0.497932143320065,0.4474222774586169,0.5034151295275909
AMZN|2018-06-19 14:30:00+00:00,AMZN,2018-06-19,2018-06,train_forward_oof,1,1,1,0.0,1,1,0.0,0.4907673130837198,0.4908846003559273,0.2952346391500685,0.4187590936287513,0.4991760781236862,0.2909961579166517,0.49776209714829284,0.2293645684420769,0.4149583205537476
AAPL|2018-06-19 15:30:00+00:00,AAPL,2018-06-19,2018-06,train_forward_oof,1,1,1,1.0,9,9,0.0,0.4652470172968727,0.4117864631661915,0.4257706256111812,0.4817764855271937,0.49981673905818197,0.4223548167197133,0.49624550178743676,0.426902566869513,0.4978981123014385
AMZN|2018-06-19 15:30:00+00:00,AMZN,2018-06-19,2018-06,train_forward_oof,1,0,0,0.0,0,0,0.0,0.5330209448868773,0.5330209448868773,0.5330209448868773,0.5330209448868773,0.5330209448868773,0.5330209448868773,0.5330209448868773,0.5330209448868773,0.5330209448868773
AAPL|2018-06-20 13:30:00+00:00,AAPL,2018-06-20,2018-06,train_forward_oof,1,1,1,0.0,5,5,0.0,0.524441420453887,0.5793202559660151,0.5329207150701771,0.5481357085533984,0.500485355262123,0.598375616114536,0.504780705879635,0.5456587880522336,0.532836814648725
AMZN|2018-06-20 13:30:00+00:00,AMZN,2018-06-20,2018-06,train_forward_oof,1,1,1,0.0,1,1,0.0,0.5542268043412689,0.5519185914030796,0.4626084566109231,0.6053364920073434,0.5010749189544402,0.7623226133716696,0.5029287085887548,0.819962964238653,0.6107633894077388
AAPL|2018-06-20 14:30:00+00:00,AAPL,2018-06-20,2018-06,train_forward_oof,1,1,1,1.0,7,7,0.0,0.4802401545764964,0.443864958004359,0.4807106340642243,0.4314389415349012,0.49930646722121963,0.3914058165700534,0.49470726355195327,0.2751054090534121,0.4235590130125015
AMZN|2018-06-20 14:30:00+00:00,AMZN,2018-06-20,2018-06,train_forward_oof,1,0,0,0.0,0,0,0.0,0.5009621114669505,0.5009621114669505,0.5009621114669505,0.5009621114669505,0.5009621114669505,0.5009621114669505,0.5009621114669505,0.5009621114669505,0.5009621114669505
AAPL|2018-06-20 15:30:00+00:00,AAPL,2018-06-20,2018-06,train_forward_oof,1,1,1,1.0,11,11,0.0,0.4836884105150845,0.4472811447026135,0.3663858742496033,0.4383910285122547,0.4993775540731289,0.4011943360044463,0.4951978347462764,0.3300070234321711,0.4434041958122912
AMZN|2018-06-20 15:30:00+00:00,AMZN,2018-06-20,2018-06,train_forward_oof,1,0,0,0.0,0,0,0.0,0.5786723067559817,0.5786723067559817,0.5786723067559817,0.5786723067559817,0.5786723067559817,0.5786723067559817,0.5786723067559817,0.5786723067559817,0.5786723067559817
AAPL|2018-06-21 13:30:00+00:00,AAPL,2018-06-21,2018-06,train_forward_oof,0,1,1,1.0,6,6,0.0,0.5110307786704508,0.5782516256346056,0.4664526148923869,0.494539773911473,0.49994511252248863,0.5566466873993721,0.5027287027852605,0.4815180876624633,0.4656378362941837
AMZN|2018-06-21 13:30:00+00:00,AMZN,2018-06-21,2018-06,train_forward_oof,0,0,0,0.0,0,0,0.0,0.5429712320976186,0.5429712320976186,0.5429712320976186,0.5429712320976186,0.5429712320976186,0.5429712320976186,0.5429712320976186,0.5429712320976186,0.5429712320976186
AAPL|2018-06-21 14:30:00+00:00,AAPL,2018-06-21,2018-06,train_forward_oof,0,1,1,1.0,8,8,0.0,0.4679624125646522,0.4902771362640543,0.4378848550034561,0.3966424008319383,0.498945878279859,0.4170014518431649,0.4959819429780253,0.2485303898419017,0.3830640076980238
AMZN|2018-06-21 14:30:00+00:00,AMZN,2018-06-21,2018-06,train_forward_oof,1,0,0,0.0,0,0,0.0,0.5648832195201406,0.5648832195201406,0.5648832195201406,0.5648832195201406,0.5648832195201406,0.5648832195201406,0.5648832195201406,0.5648832195201406,0.5648832195201406
AAPL|2018-06-21 15:30:00+00:00,AAPL,2018-06-21,2018-06,train_forward_oof,0,1,1,0.0,10,10,0.0,0.4530241979531897,0.3992448726653284,0.5086926259419717,0.4576581884923225,0.499573365367303,0.3934403975455032,0.49480957628451006,0.4073325741932746,0.4446265850774251
AMZN|2018-06-21 15:30:00+00:00,AMZN,2018-06-21,2018-06,train_forward_oof,0,0,0,0.0,0,0,0.0,0.467330090655255,0.467330090655255,0.467330090655255,0.467330090655255,0.467330090655255,0.467330090655255,0.467330090655255,0.467330090655255,0.467330090655255
AAPL|2018-06-22 13:30:00+00:00,AAPL,2018-06-22,2018-06,train_forward_oof,0,1,1,1.0,9,9,0.0,0.5275480054829196,0.5828104393273242,0.5813080963218346,0.4515219595479565,0.49951117125474304,0.5116000604189269,0.5005564876198971,0.3740193602996048,0.4323379241703252
AMZN|2018-06-22 13:30:00+00:00,AMZN,2018-06-22,2018-06,train_forward_oof,0,0,0,0.0,0,0,0.0,0.479548695194726,0.479548695194726,0.479548695194726,0.479548695194726,0.479548695194726,0.479548695194726,0.479548695194726,0.479548695194726,0.479548695194726
AAPL|2018-06-22 14:30:00+00:00,AAPL,2018-06-22,2018-06,train_forward_oof,1,1,1,1.0,7,7,0.0,0.4847469832434579,0.4422991559066107,0.5774292749571888,0.405939158807853,0.4990431205667282,0.3723664774854382,0.4937400605721264,0.2535964186286968,0.3651518483383529
AMZN|2018-06-22 14:30:00+00:00,AMZN,2018-06-22,2018-06,train_forward_oof,1,0,0,0.0,0,0,0.0,0.4263189577440756,0.4263189577440756,0.4263189577440756,0.4263189577440756,0.4263189577440756,0.4263189577440756,0.4263189577440756,0.4263189577440756,0.4263189577440756
AAPL|2018-06-22 15:30:00+00:00,AAPL,2018-06-22,2018-06,train_forward_oof,1,1,1,1.0,7,7,0.0,0.4508579549246398,0.3954553083829875,0.5075782457176148,0.3651477189778018,0.49861011021159285,0.3127825944302288,0.4905624515407821,0.1776750769914073,0.3522476500915993
AMZN|2018-06-22 15:30:00+00:00,AMZN,2018-06-22,2018-06,train_forward_oof,0,0,0,0.0,0,0,0.0,0.3487699932679914,0.3487699932679914,0.3487699932679914,0.3487699932679914,0.3487699932679914,0.3487699932679914,0.3487699932679914,0.3487699932679914,0.3487699932679914
AAPL|2018-06-25 13:30:00+00:00,AAPL,2018-06-25,2018-06,train_forward_oof,0,1,1,1.0,6,6,0.0,0.4939886731489955,0.5495522073443716,0.5175956881888472,0.6334731525027569,0.5013749515794097,0.6665353344027847,0.5083037186075219,0.7360004236969823,0.6348266613077842
AMZN|2018-06-25 13:30:00+00:00,AMZN,2018-06-25,2018-06,train_forward_oof,0,0,0,0.0,0,0,0.0,0.5213913050525607,0.5213913050525607,0.5213913050525607,0.5213913050525607,0.5213913050525607,0.5213913050525607,0.5213913050525607,0.5213913050525607,0.5213913050525607
AAPL|2018-06-25 14:30:00+00:00,AAPL,2018-06-25,2018-06,train_forward_oof,0,1,1,1.0,12,11,0.6992628535276967,0.4515416977681512,0.4218682132446537,0.5063791947018115,0.5115592560497215,0.5001162124478533,0.478692667370553,0.498977392250502,0.4674599901537235,0.4939083031817288
AMZN|2018-06-25 14:30:00+00:00,AMZN,2018-06-25,2018-06,train_forward_oof,0,0,0,0.0,0,0,0.0,0.4042365261402864,0.4042365261402864,0.4042365261402864,0.4042365261402864,0.4042365261402864,0.4042365261402864,0.4042365261402864,0.4042365261402864,0.4042365261402864
AAPL|2018-06-25 15:30:00+00:00,AAPL,2018-06-25,2018-06,train_forward_oof,0,1,1,0.0,14,12,0.965294223053392,0.4449556469546912,0.4013634092398158,0.4997095216853773,0.4805977578855071,0.4998048738802071,0.4399398247178726,0.4971053156367872,0.4069567171644937,0.4535013989067981
AMZN|2018-06-25 15:30:00+00:00,AMZN,2018-06-25,2018-06,train_forward_oof,0,0,0,0.0,0,0,0.0,0.3905110405799823,0.3905110405799823,0.3905110405799823,0.3905110405799823,0.3905110405799823,0.3905110405799823,0.3905110405799823,0.3905110405799823,0.3905110405799823
AAPL|2018-06-26 13:30:00+00:00,AAPL,2018-06-26,2018-06,train_forward_oof,1,1,1,0.0,5,5,0.0,0.5648191837325671,0.6082261878054599,0.4997132656310745,0.6011456052998853,0.5010309167033031,0.6407954797393995,0.5069401995419616,0.7067087298895841,0.5852236688673489
AMZN|2018-06-26 13:30:00+00:00,AMZN,2018-06-26,2018-06,train_forward_oof,1,1,1,0.0,1,1,0.0,0.5287723799106948,0.547009696991294,0.4643551908278373,0.4904366063065329,0.49990385861354364,0.5026097137651446,0.5000262326522991,0.5120794786372188,0.4820124810408828
AAPL|2018-06-26 14:30:00+00:00,AAPL,2018-06-26,2018-06,train_forward_oof,1,1,1,1.0,10,10,0.0,0.5250723008075282,0.4842761979739071,0.4378391986855307,0.6163493821349406,0.5011913455709318,0.5777755977410994,0.5037609079192301,0.7748032996898757,0.6163074256254778
AMZN|2018-06-26 14:30:00+00:00,AMZN,2018-06-26,2018-06,train_forward_oof,1,1,1,0.0,2,2,0.0,0.506995251396138,0.5243404063840319,0.4389283253336628,0.4009891702343525,0.4989914372161872,0.296665922038372,0.4978307637971092,0.173839299766239,0.3932796158427261
AAPL|2018-06-26 15:30:00+00:00,AAPL,2018-06-26,2018-06,train_forward_oof,1,1,1,1.0,10,10,0.0,0.4756442434731249,0.426211804661576,0.3794330349658837,0.5567212902091109,0.5005726177111526,0.5024997831725981,0.5001199011775731,0.6997637019677828,0.5473712028756732
AMZN|2018-06-26 15:30:00+00:00,AMZN,2018-06-26,2018-06,train_forward_oof,1,1,1,0.0,2,2,0.0,0.4923089890437798,0.4367436189558603,0.3794696245920764,0.401553975655857,0.4989973448596231,0.2305802771597664,0.49697182714936805,0.2031143375654958,0.3905564784935898
AAPL|2018-06-27 13:30:00+00:00,AAPL,2018-06-27,2018-06,train_forward_oof,0,1,1,0.0,8,8,0.0,0.6019466381892989,0.6464286754000137,0.5923434292489855,0.5948178887072567,0.5009647706445133,0.6376689006112628,0.5067776593279264,0.6708645224832964,0.570761910002473
AMZN|2018-06-27 13:30:00+00:00,AMZN,2018-06-27,2018-06,train_forward_oof,0,1,1,0.0,1,1,0.0,0.5225151140328167,0.5371019427999327,0.511274837058575,0.5125312878967352,0.5001259888285954,0.5826096164066896,0.5008380594478675,0.5362591937708016,0.4943391157727561
AAPL|2018-06-27 14:30:00+00:00,AAPL,2018-06-27,2018-06,train_forward_oof,0,1,1,1.0,11,11,0.0,0.5613769085772989,0.5157447790864407,0.5838545487432031,0.5276582130650712,0.500278299875248,0.4803856637219222,0.49905873149501484,0.521770871906562,0.5084686425857157
AMZN|2018-06-27 14:30:00+00:00,AMZN,2018-06-27,2018-06,train_forward_oof,0,0,0,0.0,0,0,0.0,0.4820104626247085,0.4820104626247085,0.4820104626247085,0.4820104626247085,0.4820104626247085,0.4820104626247085,0.4820104626247085,0.4820104626247085,0.4820104626247085
AAPL|2018-06-27 15:30:00+00:00,AAPL,2018-06-27,2018-06,train_forward_oof,0,1,1,1.0,15,15,0.0,0.4676043954711383,0.453930423200617,0.5702010616218391,0.4877612830924847,0.4998769538523247,0.4706608769467539,0.49859115677587323,0.4565714641817898,0.4790359514267032
AMZN|2018-06-27 15:30:00+00:00,AMZN,2018-06-27,2018-06,train_forward_oof,0,0,0,0.0,0,0,0.0,0.3835705282272105,0.3835705282272105,0.3835705282272105,0.3835705282272105,0.3835705282272105,0.3835705282272105,0.3835705282272105,0.3835705282272105,0.3835705282272105
AAPL|2018-06-28 13:30:00+00:00,AAPL,2018-06-28,2018-06,train_forward_oof,1,1,1,0.0,6,6,0.0,0.5770623447594803,0.6291703400937123,0.5324481509183291,0.642925259573687,0.5014778250404379,0.6898637958763598,0.5095854678745478,0.7718626137530242,0.6306219749370598
AMZN|2018-06-28 13:30:00+00:00,AMZN,2018-06-28,2018-06,train_forward_oof,1,0,0,0.0,0,0,0.0,0.5420206326192593,0.5420206326192593,0.5420206326192593,0.5420206326192593,0.5420206326192593,0.5420206326192593,0.5420206326192593,0.5420206326192593,0.5420206326192593
AAPL|2018-06-28 14:30:00+00:00,AAPL,2018-06-28,2018-06,train_forward_oof,1,1,1,0.0,8,8,0.0,0.5358022147029634,0.5053219651218824,0.4940927675529997,0.569597059408481,0.500704149114918,0.5423760978828022,0.5020374133359984,0.6270227777228318,0.5540496642867031
AMZN|2018-06-28 14:30:00+00:00,AMZN,2018-06-28,2018-06,train_forward_oof,1,0,0,0.0,0,0,0.0,0.5217520187324636,0.5217520187324636,0.5217520187324636,0.5217520187324636,0.5217520187324636,0.5217520187324636,0.5217520187324636,0.5217520187324636,0.5217520187324636
AAPL|2018-06-28 15:30:00+00:00,AAPL,2018-06-28,2018-06,train_forward_oof,1,1,1,1.0,8,8,0.0,0.4697827547844984,0.4384475825120101,0.4594330239973196,0.5167983502971284,0.5001689178253572,0.4835043468434548,0.4992085120783066,0.513045475752537,0.5104301621406382
AMZN|2018-06-28 15:30:00+00:00,AMZN,2018-06-28,2018-06,train_forward_oof,1,0,0,0.0,0,0,0.0,0.7321466022696211,0.7321466022696211,0.7321466022696211,0.7321466022696211,0.7321466022696211,0.7321466022696211,0.7321466022696211,0.7321466022696211,0.7321466022696211
AAPL|2018-06-29 13:30:00+00:00,AAPL,2018-06-29,2018-06,train_forward_oof,0,1,1,1.0,9,9,0.0,0.5769154204252077,0.633965285865582,0.5439822033405738,0.6695057383476424,0.5017740170217071,0.7127275792825412,0.5108941699833284,0.8684585424187227,0.656292823276274
AMZN|2018-06-29 13:30:00+00:00,AMZN,2018-06-29,2018-06,train_forward_oof,0,0,0,0.0,0,0,0.0,0.6530175613468666,0.6530175613468666,0.6530175613468666,0.6530175613468666,0.6530175613468666,0.6530175613468666,0.6530175613468666,0.6530175613468666,0.6530175613468666
AAPL|2018-06-29 14:30:00+00:00,AAPL,2018-06-29,2018-06,train_forward_oof,1,1,1,1.0,9,9,0.0,0.5343357923834113,0.4986672514717911,0.518685314477015,0.5607488729649589,0.500613668964933,0.5138332287548609,0.5006636691741722,0.679543101922926,0.5531319932247305
AMZN|2018-06-29 14:30:00+00:00,AMZN,2018-06-29,2018-06,train_forward_oof,0,1,1,0.0,2,2,0.0,0.6218828396506789,0.6151387810448306,0.7527153953361856,0.543724710937269,0.5004406390462934,0.6145012889988187,0.5011717232027745,0.7115431300064382,0.5403364681445093
AAPL|2018-06-29 15:30:00+00:00,AAPL,2018-06-29,2018-06,train_forward_oof,0,1,1,1.0,8,8,0.0,0.475471369171785,0.4013038543562013,0.4157736335359163,0.4797213769910443,0.4997960507498909,0.3889210410600365,0.49458205443773706,0.4247341178805797,0.477549231261605
AMZN|2018-06-29 15:30:00+00:00,AMZN,2018-06-29,2018-06,train_forward_oof,0,1,1,0.0,2,2,0.0,0.4881084577929884,0.4468965515035211,0.6620408184460576,0.5113526389345463,0.5001141344757883,0.4643809484974747,0.4996413556923388,0.5732531817739087,0.5009567984559792
AAPL|2018-07-02 13:30:00+00:00,AAPL,2018-07-02,2018-07,train_forward_oof,1,1,1,1.0,3,3,0.0,0.4978329059086422,0.5401751281312127,0.531638847130712,0.4122463661947559,0.499108687773681,0.4355762403853294,0.4993488035701359,0.3174812034743264,0.4280099490930283
AMZN|2018-07-02 13:30:00+00:00,AMZN,2018-07-02,2018-07,train_forward_oof,1,0,0,0.0,0,0,0.0,0.7588004240323845,0.7588004240323845,0.7588004240323845,0.7588004240323845,0.7588004240323845,0.7588004240323845,0.7588004240323845,0.7588004240323845,0.7588004240323845
AAPL|2018-07-02 14:30:00+00:00,AAPL,2018-07-02,2018-07,train_forward_oof,1,1,1,0.0,2,2,0.0,0.461321601170672,0.4279249409915859,0.4851611834883112,0.335537848920342,0.4982830447579752,0.2977708188984992,0.4978440561950791,0.1062579296435172,0.2881369837741697
AMZN|2018-07-02 14:30:00+00:00,AMZN,2018-07-02,2018-07,train_forward_oof,1,0,0,0.0,0,0,0.0,0.758140942264717,0.758140942264717,0.758140942264717,0.758140942264717,0.758140942264717,0.758140942264717,0.758140942264717,0.758140942264717,0.758140942264717
AAPL|2018-07-02 15:30:00+00:00,AAPL,2018-07-02,2018-07,train_forward_oof,1,1,1,0.0,4,3,1.289306592058276,0.4581833760182173,0.4535354911979791,0.4276628414239796,0.4243769096800485,0.499233972584834,0.4117796318559896,0.499103846327015,0.2825423315360278,0.346977735930749
AMZN|2018-07-02 15:30:00+00:00,AMZN,2018-07-02,2018-07,train_forward_oof,1,0,0,0.0,0,0,0.0,0.5916133981392181,0.5916133981392181,0.5916133981392181,0.5916133981392181,0.5916133981392181,0.5916133981392181,0.5916133981392181,0.5916133981392181,0.5916133981392181
AAPL|2018-07-05 13:30:00+00:00,AAPL,2018-07-05,2018-07,train_forward_oof,1,1,1,1.0,4,4,0.0,0.5115562135027101,0.5485608702643479,0.5104861108927568,0.527116029596192,0.5002728335369842,0.5569780696468547,0.5005752326168527,0.4865694096830241,0.5454552997927932
AMZN|2018-07-05 13:30:00+00:00,AMZN,2018-07-05,2018-07,train_forward_oof,0,0,0,0.0,0,0,0.0,0.6772346856365127,0.6772346856365127,0.6772346856365127,0.6772346856365127,0.6772346856365127,0.6772346856365127,0.6772346856365127,0.6772346856365127,0.6772346856365127
AAPL|2018-07-05 14:30:00+00:00,AAPL,2018-07-05,2018-07,train_forward_oof,1,1,1,1.0,5,4,1.2374304572077692,0.4760409830501714,0.4482725101555208,0.458212482130772,0.476161479558997,0.4997601973177243,0.4570044414092334,0.4995667458061598,0.2816691977275716,0.474835982994994
AMZN|2018-07-05 14:30:00+00:00,AMZN,2018-07-05,2018-07,train_forward_oof,1,0,0,0.0,0,0,0.0,0.6653192020105608,0.6653192020105608,0.6653192020105608,0.6653192020105608,0.6653192020105608,0.6653192020105608,0.6653192020105608,0.6653192020105608,0.6653192020105608
AAPL|2018-07-05 15:30:00+00:00,AAPL,2018-07-05,2018-07,train_forward_oof,1,1,1,0.0,4,3,1.397695922786098,0.4887932572270609,0.4418665982549848,0.4466674586590524,0.4600304791446611,0.4995973739349206,0.4121896226540317,0.4991080992591225,0.320830437779757,0.4633058054529236
AMZN|2018-07-05 15:30:00+00:00,AMZN,2018-07-05,2018-07,train_forward_oof,1,0,0,0.0,0,0,0.0,0.4716067973672591,0.4716067973672591,0.4716067973672591,0.4716067973672591,0.4716067973672591,0.4716067973672591,0.4716067973672591,0.4716067973672591,0.4716067973672591
AAPL|2018-07-06 13:30:00+00:00,AAPL,2018-07-06,2018-07,train_forward_oof,1,1,1,0.0,3,3,0.0,0.5142806306365032,0.5616220463970196,0.545137278470812,0.5442478168245422,0.5004459382283626,0.588442629727363,0.5008984597758026,0.7462198784687089,0.4905530905346175
AMZN|2018-07-06 13:30:00+00:00,AMZN,2018-07-06,2018-07,train_forward_oof,1,0,0,0.0,0,0,0.0,0.5286418763170717,0.5286418763170717,0.5286418763170717,0.5286418763170717,0.5286418763170717,0.5286418763170717,0.5286418763170717,0.5286418763170717,0.5286418763170717
AAPL|2018-07-06 14:30:00+00:00,AAPL,2018-07-06,2018-07,train_forward_oof,1,1,1,0.0,3,3,0.0,0.4786230389112257,0.4616087426226177,0.4910181764877225,0.3955377650586008,0.4989342735073443,0.3793887173094095,0.49876326583114866,0.2300571527171439,0.3281903507250335
AMZN|2018-07-06 14:30:00+00:00,AMZN,2018-07-06,2018-07,train_forward_oof,1,0,0,0.0,0,0,0.0,0.543490702753595,0.543490702753595,0.543490702753595,0.543490702753595,0.543490702753595,0.543490702753595,0.543490702753595,0.543490702753595,0.543490702753595
AAPL|2018-07-06 15:30:00+00:00,AAPL,2018-07-06,2018-07,train_forward_oof,1,1,1,1.0,5,5,0.0,0.4757448059941973,0.4618462261553271,0.4842929180863329,0.4393582266489906,0.49938742368208705,0.4230786028765099,0.499220611326971,0.4055200930338952,0.3763647609842251
AMZN|2018-07-06 15:30:00+00:00,AMZN,2018-07-06,2018-07,train_forward_oof,1,0,0,0.0,0,0,0.0,0.598122433395616,0.598122433395616,0.598122433395616,0.598122433395616,0.598122433395616,0.598122433395616,0.598122433395616,0.598122433395616,0.598122433395616
AAPL|2018-07-09 13:30:00+00:00,AAPL,2018-07-09,2018-07,train_forward_oof,1,1,1,1.0,4,4,0.0,0.538167553936639,0.5723694859440138,0.5675273172137295,0.6417950137311227,0.5014654618568605,0.6566721785973034,0.5016296460604078,0.8823870107763556,0.6466984974477362
AMZN|2018-07-09 13:30:00+00:00,AMZN,2018-07-09,2018-07,train_forward_oof,1,0,0,0.0,0,0,0.0,0.5860355704882126,0.5860355704882126,0.5860355704882126,0.5860355704882126,0.5860355704882126,0.5860355704882126,0.5860355704882126,0.5860355704882126,0.5860355704882126
AAPL|2018-07-09 14:30:00+00:00,AAPL,2018-07-09,2018-07,train_forward_oof,1,1,1,1.0,4,3,1.5754080586072867,0.498155822591856,0.48319597834293,0.5219973436875887,0.5541233765282831,0.5005461790400135,0.5339389716514318,0.500341674306696,0.6604581440875912,0.5475997107150722
AMZN|2018-07-09 14:30:00+00:00,AMZN,2018-07-09,2018-07,train_forward_oof,1,0,0,0.0,0,0,0.0,0.6117699521755442,0.6117699521755442,0.6117699521755442,0.6117699521755442,0.6117699521755442,0.6117699521755442,0.6117699521755442,0.6117699521755442,0.6117699521755442
AAPL|2018-07-09 15:30:00+00:00,AAPL,2018-07-09,2018-07,train_forward_oof,1,1,1,0.0,4,3,1.5608826065470365,0.5034450942085117,0.4744330169295234,0.4963895712230626,0.436004478245308,0.4993531803190026,0.4007507988486709,0.4989889431203665,0.41127371999793,0.3941858635311336
AMZN|2018-07-09 15:30:00+00:00,AMZN,2018-07-09,2018-07,train_forward_oof,1,0,0,0.0,0,0,0.0,0.540937856678892,0.540937856678892,0.540937856678892,0.540937856678892,0.540937856678892,0.540937856678892,0.540937856678892,0.540937856678892,0.540937856678892
AAPL|2018-07-10 13:30:00+00:00,AAPL,2018-07-10,2018-07,train_forward_oof,1,1,1,1.0,5,5,0.0,0.535481766625562,0.5863808288893246,0.483482603169613,0.599580100699509,0.5010145199186785,0.6330116403098868,0.5013699579508837,0.8326394906271121,0.6085977111121903
AMZN|2018-07-10 13:30:00+00:00,AMZN,2018-07-10,2018-07,train_forward_oof,1,0,0,0.0,0,0,0.0,0.6197000007277829,0.6197000007277829,0.6197000007277829,0.6197000007277829,0.6197000007277829,0.6197000007277829,0.6197000007277829,0.6197000007277829,0.6197000007277829
AAPL|2018-07-10 14:30:00+00:00,AAPL,2018-07-10,2018-07,train_forward_oof,0,1,1,1.0,7,7,0.0,0.5006679286480165,0.4656025289246703,0.4901326899930329,0.4435938014252784,0.49943059059351524,0.4079692320601987,0.49906425849812036,0.3028318585540768,0.4041008842884784
AMZN|2018-07-10 14:30:00+00:00,AMZN,2018-07-10,2018-07,train_forward_oof,0,0,0,0.0,0,0,0.0,0.5919559434590584,0.5919559434590584,0.5919559434590584,0.5919559434590584,0.5919559434590584,0.5919559434590584,0.5919559434590584,0.5919559434590584,0.5919559434590584
AAPL|2018-07-10 15:30:00+00:00,AAPL,2018-07-10,2018-07,train_forward_oof,0,1,1,1.0,6,6,0.0,0.4697996230670783,0.4412311778793715,0.452027187804895,0.355315518692349,0.4985028970224146,0.335692296914412,0.4982847853673791,0.1431385908963788,0.3054387028985314
AMZN|2018-07-10 15:30:00+00:00,AMZN,2018-07-10,2018-07,train_forward_oof,0,0,0,0.0,0,0,0.0,0.5167902758687765,0.5167902758687765,0.5167902758687765,0.5167902758687765,0.5167902758687765,0.5167902758687765,0.5167902758687765,0.5167902758687765,0.5167902758687765
AAPL|2018-07-11 13:30:00+00:00,AAPL,2018-07-11,2018-07,train_forward_oof,1,1,1,1.0,6,6,0.0,0.513599078142337,0.5673496574743625,0.5364239139353525,0.5669646238392151,0.5006771854403618,0.6150752091370166,0.501177813092592,0.6390296643962052,0.575162778932126
AMZN|2018-07-11 13:30:00+00:00,AMZN,2018-07-11,2018-07,train_forward_oof,1,0,0,0.0,0,0,0.0,0.5319455627919023,0.5319455627919023,0.5319455627919023,0.5319455627919023,0.5319455627919023,0.5319455627919023,0.5319455627919023,0.5319455627919023,0.5319455627919023
AAPL|2018-07-11 14:30:00+00:00,AAPL,2018-07-11,2018-07,train_forward_oof,0,1,1,1.0,8,8,0.0,0.4779094842993149,0.4429453372454374,0.4841210243584765,0.5788390127192832,0.5007991434861614,0.5425123689823906,0.5004283614808893,0.720396469055001,0.6013991611467003
AMZN|2018-07-11 14:30:00+00:00,AMZN,2018-07-11,2018-07,train_forward_oof,0,1,1,0.0,1,1,0.0,0.4925595068488835,0.5363874246097241,0.5184999388711782,0.5021411444967879,0.5000215225643349,0.6199800192368101,0.5012299989895007,0.4456316937721589,0.4272071485657754
AAPL|2018-07-11 15:30:00+00:00,AAPL,2018-07-11,2018-07,train_forward_oof,0,1,1,0.0,11,11,0.0,0.464564648052071,0.408071556351373,0.5048697392963303,0.5157280722202553,0.5001581481689954,0.4613859915693209,0.4996110839878957,0.621536629571702,0.5358536896332478
AMZN|2018-07-11 15:30:00+00:00,AMZN,2018-07-11,2018-07,train_forward_oof,1,1,1,0.0,1,1,0.0,0.6229565787015507,0.5906591366769508,0.5526706981406403,0.6751360008749467,0.5018382400841179,0.60097761146735,0.5010291561382771,0.6421440293830417,0.6300603052098417
AAPL|2018-07-12 13:30:00+00:00,AAPL,2018-07-12,2018-07,train_forward_oof,1,1,1,1.0,6,6,0.0,0.5638684679537197,0.6059477937720252,0.5844714676228806,0.4781523633991099,0.49978025123459535,0.5152720749327058,0.5001535601501592,0.5524228627115277,0.4366640631994083
AMZN|2018-07-12 13:30:00+00:00,AMZN,2018-07-12,2018-07,train_forward_oof,1,0,0,0.0,0,0,0.0,0.5008291946232052,0.5008291946232052,0.5008291946232052,0.5008291946232052,0.5008291946232052,0.5008291946232052,0.5008291946232052,0.5008291946232052,0.5008291946232052
AAPL|2018-07-12 14:30:00+00:00,AAPL,2018-07-12,2018-07,train_forward_oof,1,1,1,1.0,6,6,0.0,0.5271376111160435,0.4993897434893967,0.5511418456927257,0.4286496481026306,0.49927786987913597,0.3965804711800335,0.4989452279708169,0.5294538467216907,0.3864901603346406
AMZN|2018-07-12 14:30:00+00:00,AMZN,2018-07-12,2018-07,train_forward_oof,1,0,0,0.0,0,0,0.0,0.483886211962433,0.483886211962433,0.483886211962433,0.483886211962433,0.483886211962433,0.483886211962433,0.483886211962433,0.483886211962433,0.483886211962433
AAPL|2018-07-12 15:30:00+00:00,AAPL,2018-07-12,2018-07,train_forward_oof,1,1,1,1.0,7,7,0.0,0.4364407538607128,0.3991061447916548,0.4433384071043886,0.3838184145675992,0.49881043749601006,0.3414525421772225,0.49834942448626285,0.4259426294381626,0.3613211975730811
AMZN|2018-07-12 15:30:00+00:00,AMZN,2018-07-12,2018-07,train_forward_oof,1,0,0,0.0,0,0,0.0,0.56172361090954,0.56172361090954,0.56172361090954,0.56172361090954,0.56172361090954,0.56172361090954,0.56172361090954,0.56172361090954,0.56172361090954
AAPL|2018-07-13 13:30:00+00:00,AAPL,2018-07-13,2018-07,train_forward_oof,1,1,1,0.0,2,2,0.0,0.5402700690060651,0.5857533016960005,0.546433490987775,0.3284019818773283,0.49820218274118405,0.3751427931783648,0.49871784990020535,0.129805045898371,0.2417658809769321
AMZN|2018-07-13 13:30:00+00:00,AMZN,2018-07-13,2018-07,train_forward_oof,1,0,0,0.0,0,0,0.0,0.5624319865330891,0.5624319865330891,0.5624319865330891,0.5624319865330891,0.5624319865330891,0.5624319865330891,0.5624319865330891,0.5624319865330891,0.5624319865330891
AAPL|2018-07-13 14:30:00+00:00,AAPL,2018-07-13,2018-07,train_forward_oof,0,1,1,0.0,4,4,0.0,0.5052751065950047,0.467154803925869,0.5123393668718569,0.3275335041372472,0.49819228086759826,0.2945915312724377,0.49780573034327874,0.1364048726553962,0.2840998910930261
AMZN|2018-07-13 14:30:00+00:00,AMZN,2018-07-13,2018-07,train_forward_oof,0,1,1,0.0,1,1,0.0,0.526927637493965,0.5776529729066536,0.526777802275123,0.5654244268285258,0.5006614274594524,0.6136620310648118,0.5011628238777885,0.697059924207689,0.713285340090864
AAPL|2018-07-13 15:30:00+00:00,AAPL,2018-07-13,2018-07,train_forward_oof,0,1,1,0.0,5,5,0.0,0.4517617006900767,0.394141852250385,0.4269343751578051,0.4150896891938761,0.4991381466432272,0.3567501052534383,0.4985186207306219,0.3697612653506485,0.3862523847093523
AMZN|2018-07-13 15:30:00+00:00,AMZN,2018-07-13,2018-07,train_forward_oof,0,1,1,0.0,2,2,0.0,0.5642063931055205,0.593254162908889,0.4662361501600615,0.6249812052984178,0.5012834794829989,0.6540172374597972,0.5016001079559207,0.6643569573644339,0.6848596623456049
AAPL|2018-07-16 13:30:00+00:00,AAPL,2018-07-16,2018-07,train_forward_oof,0,1,1,1.0,6,5,1.020292267842119,0.5139242312247344,0.5531315778039038,0.4430422187075171,0.4579374776150921,0.49957619287717475,0.4838257826483776,0.49983736268473233,0.4229095913571706,0.4931705159096479
AMZN|2018-07-16 13:30:00+00:00,AMZN,2018-07-16,2018-07,train_forward_oof,1,0,0,0.0,0,0,0.0,0.6652137245784007,0.6652137245784007,0.6652137245784007,0.6652137245784007,0.6652137245784007,0.6652137245784007,0.6652137245784007,0.6652137245784007,0.6652137245784007
AAPL|2018-07-16 14:30:00+00:00,AAPL,2018-07-16,2018-07,train_forward_oof,0,1,1,1.0,6,5,1.204356460469074,0.4784284489662089,0.4338342246501058,0.4383690012762554,0.5158926661131894,0.5001598042955326,0.4654901252600007,0.49965256005790676,0.4376800331904654,0.5125752855984661
AMZN|2018-07-16 14:30:00+00:00,AMZN,2018-07-16,2018-07,train_forward_oof,1,1,1,0.0,1,1,0.0,0.6307480472016127,0.6650614558196403,0.5325799144455226,0.7577147685013508,0.5028652226667868,0.8654980315265516,0.5046783051266372,0.7373561963343488,0.7046107571181802
AAPL|2018-07-16 15:30:00+00:00,AAPL,2018-07-16,2018-07,train_forward_oof,0,1,1,1.0,8,8,0.0,0.4583093071473172,0.4003665286304289,0.3871204760442742,0.5493898006633487,0.5004980822338477,0.4874173153175681,0.499873494213338,0.6941735843008261,0.5441187036219062
AMZN|2018-07-16 15:30:00+00:00,AMZN,2018-07-16,2018-07,train_forward_oof,0,1,1,0.0,2,1,0.0,0.5721770514160797,0.5340062032016638,0.4967356544896812,0.6470657213728345,0.5015232655736609,0.667490283137325,0.5017511627234207,0.0782880511407286,0.0678958202772346
AAPL|2018-07-17 13:30:00+00:00,AAPL,2018-07-17,2018-07,train_forward_oof,1,1,1,1.0,8,8,0.0,0.5295725044625815,0.5778474871117893,0.5707311507360087,0.5736305926514198,0.5007455428442047,0.6089346592713568,0.5011128276306523,0.692641148493386,0.5651743128677481
AMZN|2018-07-17 13:30:00+00:00,AMZN,2018-07-17,2018-07,train_forward_oof,1,1,1,0.0,1,1,0.0,0.4317087413392225,0.4241844477538263,0.4283987705599901,0.3721889820141595,0.4986861339745024,0.3470199398180781,0.4984114022895843,0.4582748275412995,0.4482861058072802
AAPL|2018-07-17 14:30:00+00:00,AAPL,2018-07-17,2018-07,train_forward_oof,1,1,1,0.0,2,2,0.0,0.4932651990262304,0.4527339964391393,0.5245576212024383,0.5789494020554531,0.5008002814304102,0.5223644086577639,0.5002249534462928,0.7161592714417565,0.5559845769990535
AMZN|2018-07-17 14:30:00+00:00,AMZN,2018-07-17,2018-07,train_forward_oof,1,1,1,0.0,1,1,0.0,0.4019728025128846,0.4765834717768742,0.4196742643540379,0.3519679833432979,0.49846609495767985,0.5139635048415802,0.5001403953599423,0.4408157647759093,0.4323996810484096
AAPL|2018-07-17 15:30:00+00:00,AAPL,2018-07-17,2018-07,train_forward_oof,1,1,1,0.0,3,3,0.0,0.4537213488846968,0.4581021085591157,0.5185302702355302,0.4658713295093095,0.4996564099967904,0.4620614676196224,0.49961791378382486,0.5377493172561162,0.4363193829266431
AMZN|2018-07-17 15:30:00+00:00,AMZN,2018-07-17,2018-07,train_forward_oof,1,1,1,0.0,1,1,0.0,0.3980377739688658,0.5034605593383884,0.4143110624349017,0.3193714332472812,0.49809854877984505,0.4860697502810348,0.4998599391753507,0.4416849850253228,0.4441603591911594
AAPL|2018-07-18 13:30:00+00:00,AAPL,2018-07-18,2018-07,train_forward_oof,0,1,1,1.0,4,4,0.0,0.521022204440644,0.5701305407235149,0.5552695482913681,0.5650392716934524,0.5006574889127005,0.5964145203596831,0.5009814288675997,0.7026082855158121,0.5924539210275864
AMZN|2018-07-18 13:30:00+00:00,AMZN,2018-07-18,2018-07,train_forward_oof,0,1,1,0.0,3,2,1.5619227124977937,0.5796089916307114,0.5750587731012416,0.4760042771147911,0.4856558981911611,0.49985577587391317,0.5499314025074258,0.5005035805610765,0.5682250663005671,0.5260211638703132
AAPL|2018-07-18 14:30:00+00:00,AAPL,2018-07-18,2018-07,train_forward_oof,1,1,1,0.0,3,3,0.0,0.4835993056691915,0.4463033304644085,0.5531859940135391,0.3306691322553363,0.49822796870903224,0.2985859858778002,0.49785384480957023,0.0930304751493601,0.2575535663786665
AMZN|2018-07-18 14:30:00+00:00,AMZN,2018-07-18,2018-07,train_forward_oof,1,1,1,0.0,5,4,1.1630602316698844,0.5471416968340993,0.5867182106074623,0.4741709460461513,0.4541092588425775,0.49953741208624247,0.6163788162521955,0.5011916583785812,0.5621530446986138,0.5644617705601149
AAPL|2018-07-18 15:30:00+00:00,AAPL,2018-07-18,2018-07,train_forward_oof,1,1,1,0.0,3,3,0.0,0.4776568490369013,0.4447656477113373,0.5485095946457132,0.3266602034746705,0.4981823104180298,0.2926608450816943,0.49778233871595456,0.1008002108573835,0.2646210053565538
AMZN|2018-07-18 15:30:00+00:00,AMZN,2018-07-18,2018-07,train_forward_oof,0,1,1,0.0,6,4,1.032040162371425,0.4599720479330087,0.4566512732462358,0.4330718382292455,0.4166985826099874,0.49915478986760214,0.4684872413126263,0.49968281855146063,0.6075763461089203,0.559055472789614
AAPL|2018-07-19 13:30:00+00:00,AAPL,2018-07-19,2018-07,train_forward_oof,1,1,1,1.0,4,4,0.0,0.505041241535437,0.5535068017288174,0.4929595525783834,0.5515524943758259,0.5005200450759433,0.5768309584503394,0.5007784575899391,0.6720173844752118,0.5656529177260031
AMZN|2018-07-19 13:30:00+00:00,AMZN,2018-07-19,2018-07,train_forward_oof,0,0,0,0.0,0,0,0.0,0.5816882467266815,0.5816882467266815,0.5816882467266815,0.5816882467266815,0.5816882467266815,0.5816882467266815,0.5816882467266815,0.5816882467266815,0.5816882467266815
AAPL|2018-07-19 14:30:00+00:00,AAPL,2018-07-19,2018-07,train_forward_oof,1,1,1,1.0,4,4,0.0,0.4712326730785164,0.4232561393898293,0.4697704903871002,0.567180868095223,0.5006793989197308,0.5186057029650364,0.5001871078553466,0.4914685491677754,0.5132893649013319
AMZN|2018-07-19 14:30:00+00:00,AMZN,2018-07-19,2018-07,train_forward_oof,0,0,0,0.0,0,0,0.0,0.5671041646318546,0.5671041646318546,0.5671041646318546,0.5671041646318546,0.5671041646318546,0.5671041646318546,0.5671041646318546,0.5671041646318546,0.5671041646318546
AAPL|2018-07-19 15:30:00+00:00,AAPL,2018-07-19,2018-07,train_forward_oof,0,1,1,0.0,7,7,0.0,0.4636072637614536,0.4793156002745801,0.4666018561968927,0.5747067910196436,0.5007566039827396,0.5801229300026514,0.5008123837532921,0.7001574599556794,0.5471606739745286
AMZN|2018-07-19 15:30:00+00:00,AMZN,2018-07-19,2018-07,train_forward_oof,0,0,0,0.0,0,0,0.0,0.4505842499520501,0.4505842499520501,0.4505842499520501,0.4505842499520501,0.4505842499520501,0.4505842499520501,0.4505842499520501,0.4505842499520501,0.4505842499520501
AAPL|2018-07-20 13:30:00+00:00,AAPL,2018-07-20,2018-07,train_forward_oof,1,1,1,1.0,8,8,0.0,0.5800356559004142,0.6168670721822652,0.5739756773663214,0.6088536536937729,0.5011119728354904,0.6366474404421156,0.5014093702693565,0.814745539896181,0.6159913422529367
AMZN|2018-07-20 13:30:00+00:00,AMZN,2018-07-20,2018-07,train_forward_oof,0,0,0,0.0,0,0,0.0,0.5884809717531606,0.5884809717531606,0.5884809717531606,0.5884809717531606,0.5884809717531606,0.5884809717531606,0.5884809717531606,0.5884809717531606,0.5884809717531606
AAPL|2018-07-20 14:30:00+00:00,AAPL,2018-07-20,2018-07,train_forward_oof,0,1,1,1.0,7,7,0.0,0.5444730610475832,0.4879377135766688,0.5404660960932928,0.5599625933432657,0.5006056485538465,0.4963775816960413,0.4999635874091952,0.6645901501234206,0.5492363148518294
AMZN|2018-07-20 14:30:00+00:00,AMZN,2018-07-20,2018-07,train_forward_oof,0,0,0,0.0,0,0,0.0,0.5869236025208189,0.5869236025208189,0.5869236025208189,0.5869236025208189,0.5869236025208189,0.5869236025208189,0.5869236025208189,0.5869236025208189,0.5869236025208189
AAPL|2018-07-20 15:30:00+00:00,AAPL,2018-07-20,2018-07,train_forward_oof,0,1,1,1.0,4,4,0.0,0.4698502929207708,0.4349803978226424,0.4471550527747044,0.578589656711656,0.5007965733081118,0.5240179616247552,0.5002416105356053,0.6073824114496792,0.5466251556139624
AMZN|2018-07-20 15:30:00+00:00,AMZN,2018-07-20,2018-07,train_forward_oof,0,0,0,0.0,0,0,0.0,0.4996311277761234,0.4996311277761234,0.4996311277761234,0.4996311277761234,0.4996311277761234,0.4996311277761234,0.4996311277761234,0.4996311277761234,0.4996311277761234
AAPL|2018-07-23 13:30:00+00:00,AAPL,2018-07-23,2018-07,train_forward_oof,1,1,1,1.0,6,6,0.0,0.5095823661301618,0.550405074279528,0.5726715046359802,0.5160133731652279,0.5001610188592942,0.5461120378132089,0.5004648313390155,0.5026222169522431,0.5096642256674591
AMZN|2018-07-23 13:30:00+00:00,AMZN,2018-07-23,2018-07,train_forward_oof,0,0,0,0.0,0,0,0.0,0.7082405077270179,0.7082405077270179,0.7082405077270179,0.7082405077270179,0.7082405077270179,0.7082405077270179,0.7082405077270179,0.7082405077270179,0.7082405077270179
AAPL|2018-07-23 14:30:00+00:00,AAPL,2018-07-23,2018-07,train_forward_oof,1,1,1,1.0,6,6,0.0,0.4714703231780126,0.4310813256893107,0.5214777925502483,0.3464425365555683,0.4984049964591711,0.3179750354941066,0.4980823870559817,0.1106570312816275,0.3200424409254672
AMZN|2018-07-23 14:30:00+00:00,AMZN,2018-07-23,2018-07,train_forward_oof,1,1,1,0.0,2,1,0.0,0.6761320107896087,0.6600400746397939,0.5427393689277831,0.7763140677051457,0.5031268696856592,0.7170545547339661,0.5023367780204768,0.1614659960737502,0.1465162894460236
AAPL|2018-07-23 15:30:00+00:00,AAPL,2018-07-23,2018-07,train_forward_oof,1,1,1,1.0,7,7,0.0,0.4658379914511575,0.4498279594358393,0.4627153115105314,0.3132844914829347,0.4980278189375901,0.3063144578921258,0.4979459025018647,0.1054529399307858,0.3048816332085112
AMZN|2018-07-23 15:30:00+00:00,AMZN,2018-07-23,2018-07,train_forward_oof,0,1,1,0.0,2,1,0.0,0.4357945010595102,0.4221686498905301,0.4357474658698158,0.5309869693349155,0.500311875576043,0.5228857437762876,0.5002302045727481,0.0512574917716558,0.0454770129680585
AAPL|2018-07-24 13:30:00+00:00,AAPL,2018-07-24,2018-07,train_forward_oof,1,1,1,1.0,2,2,0.0,0.4957887821946604,0.5462193799314293,0.4860091414660401,0.2580401715454359,0.4973458883977783,0.299098883875134,0.4978599958786831,0.0598871716074609,0.2385410837958571
AMZN|2018-07-24 13:30:00+00:00,AMZN,2018-07-24,2018-07,train_forward_oof,0,0,0,0.0,0,0,0.0,0.4629327325094403,0.4629327325094403,0.4629327325094403,0.4629327325094403,0.4629327325094403,0.4629327325094403,0.4629327325094403,0.4629327325094403,0.4629327325094403
AAPL|2018-07-24 14:30:00+00:00,AAPL,2018-07-24,2018-07,train_forward_oof,0,1,1,1.0,7,7,0.0,0.4592606187213955,0.4247533384530448,0.5002937745759538,0.4127185965911589,0.4991135845657815,0.3805001076136263,0.4987751207589291,0.2089692472413191,0.3910899150707909
AMZN|2018-07-24 14:30:00+00:00,AMZN,2018-07-24,2018-07,train_forward_oof,0,1,1,0.0,1,1,0.0,0.3775352755091483,0.4194514450161781,0.4878184511154409,0.2979925432682643,0.4978467202101112,0.4317739951220883,0.499309899335803,0.2287793944659133,0.2148222444320132
AAPL|2018-07-24 15:30:00+00:00,AAPL,2018-07-24,2018-07,train_forward_oof,1,1,1,1.0,8,8,0.0,0.4805558261244572,0.4357117617254885,0.5205783198101244,0.4483147329833397,0.4994786059391906,0.406767454494588,0.4990517491100141,0.4238712565907354,0.4328456919864455
AMZN|2018-07-24 15:30:00+00:00,AMZN,2018-07-24,2018-07,train_forward_oof,0,1,1,0.0,1,1,0.0,0.5259059217664327,0.4711995462338079,0.5095551351421798,0.4994482576685751,0.4999944539744603,0.3874192214005156,0.4988486309671142,0.4209355425589788,0.4061596095457186
AAPL|2018-07-25 13:30:00+00:00,AAPL,2018-07-25,2018-07,train_forward_oof,1,1,1,1.0,2,2,0.0,0.5522325466513853,0.5972328587382663,0.5312880959227746,0.5926601261578545,0.5009422910974486,0.615563495222484,0.5011829969906402,0.7521032111650793,0.6043562814473634
AMZN|2018-07-25 13:30:00+00:00,AMZN,2018-07-25,2018-07,train_forward_oof,1,0,0,0.0,0,0,0.0,0.6511822164503437,0.6511822164503437,0.6511822164503437,0.6511822164503437,0.6511822164503437,0.6511822164503437,0.6511822164503437,0.6511822164503437,0.6511822164503437
AAPL|2018-07-25 14:30:00+00:00,AAPL,2018-07-25,2018-07,train_forward_oof,1,1,1,1.0,3,3,0.0,0.5148464563482702,0.4697640736301547,0.4625475272742569,0.377197573288792,0.4987398537292565,0.3392470724871038,0.4983247388901533,0.1611150249944746,0.3035346179005831
AMZN|2018-07-25 14:30:00+00:00,AMZN,2018-07-25,2018-07,train_forward_oof,1,1,1,0.0,1,1,0.0,0.6218293915835991,0.6319684187242419,0.5260708157620853,0.8310303760986631,0.5040029258528004,0.8983542633873912,0.5054756967587632,0.7870869551973325,0.7863505537295922
AAPL|2018-07-25 15:30:00+00:00,AAPL,2018-07-25,2018-07,train_forward_oof,1,1,1,1.0,4,4,0.0,0.4526875837944902,0.4008092750855275,0.3989561696998108,0.3802027856020064,0.49877195061233265,0.3330346269237626,0.4982547780623957,0.2430261015663414,0.3191528348229376
AMZN|2018-07-25 15:30:00+00:00,AMZN,2018-07-25,2018-07,train_forward_oof,1,1,1,0.0,1,1,0.0,0.5495007536133686,0.5396334601023515,0.4940801975953022,0.791861941805183,0.5033577287154781,0.8357473120542753,0.5040882927599851,0.7371668777129885,0.7357264768703285
AAPL|2018-07-26 13:30:00+00:00,AAPL,2018-07-26,2018-07,train_forward_oof,1,1,1,1.0,6,6,0.0,0.5050200719255046,0.5545108094592027,0.5307568196382891,0.4947601882559904,0.49994732834497707,0.5428213467335058,0.5004314900540774,0.6231339746275987,0.5254995436204859
AMZN|2018-07-26 13:30:00+00:00,AMZN,2018-07-26,2018-07,train_forward_oof,0,0,0,0.0,0,0,0.0,0.605661055148586,0.605661055148586,0.605661055148586,0.605661055148586,0.605661055148586,0.605661055148586,0.605661055148586,0.605661055148586,0.605661055148586
AAPL|2018-07-26 14:30:00+00:00,AAPL,2018-07-26,2018-07,train_forward_oof,0,1,1,1.0,4,4,0.0,0.4629299083643831,0.4656763535293289,0.4711812878481742,0.3947421023719331,0.4989259077228391,0.398809203143759,0.4989686096493972,0.1968147326332619,0.3832691753438261
AMZN|2018-07-26 14:30:00+00:00,AMZN,2018-07-26,2018-07,train_forward_oof,0,1,1,0.0,1,1,0.0,0.5443393063073371,0.6157713630328362,0.4934674650041273,0.8551941165070668,0.5044627316308381,0.8889456802073736,0.5052268061052726,0.825974170687078,0.8277368427521202
AAPL|2018-07-26 15:30:00+00:00,AAPL,2018-07-26,2018-07,train_forward_oof,0,1,1,1.0,4,4,0.0,0.4633147539198159,0.4145105566020527,0.4525449690103711,0.4639798253085627,0.49963730286999797,0.4025746222194558,0.4990080135037086,0.5025813252382106,0.4652155485118965
AMZN|2018-07-26 15:30:00+00:00,AMZN,2018-07-26,2018-07,train_forward_oof,0,1,1,0.0,1,1,0.0,0.4085599955496973,0.4155713066432374,0.4276972131409341,0.7710934203647464,0.5030519395744377,0.7449003003881958,0.5026928505488711,0.7222218957433704,0.725776525497172
AAPL|2018-07-27 13:30:00+00:00,AAPL,2018-07-27,2018-07,train_forward_oof,0,1,1,1.0,8,7,1.045462373250585,0.5513479563834062,0.5924387168825171,0.5407243655937537,0.4703633239901119,0.49970174742161577,0.5093500828288862,0.5000939964534434,0.4762696818266821,0.5276778016312642
AMZN|2018-07-27 13:30:00+00:00,AMZN,2018-07-27,2018-07,train_forward_oof,0,1,1,1.0,6,5,0.8897554627646149,0.6309416856529745,0.6540832135079235,0.4101854649833197,0.3989844254032746,0.4989704460322608,0.4665561498553938,0.4996633252717997,0.6587866848435014,0.6559907266091427
AAPL|2018-07-27 14:30:00+00:00,AAPL,2018-07-27,2018-07,train_forward_oof,0,1,1,1.0,8,7,0.7813021705769554,0.5151089537740109,0.552527293729126,0.5068465023494813,0.491802125816613,0.49991758893087346,0.5265132683545172,0.5002667572048608,0.5129086896433892,0.4905624496903859
AMZN|2018-07-27 14:30:00+00:00,AMZN,2018-07-27,2018-07,train_forward_oof,0,1,1,1.0,8,6,0.9462577783911984,0.6070375437252442,0.6421677651159522,0.4260426377104975,0.3203857880055882,0.4981102652734391,0.5040100165901118,0.5000403088922598,0.5620250740774372,0.5467836955485746
AAPL|2018-07-27 15:30:00+00:00,AAPL,2018-07-27,2018-07,train_forward_oof,0,1,1,1.0,7,6,0.7822950409673064,0.4447031253926082,0.3821597095843167,0.4848512824232981,0.4563778428871751,0.49956039973244665,0.3870742453496694,0.4988449775551063,0.3740744229898818,0.4752992027505646
AMZN|2018-07-27 15:30:00+00:00,AMZN,2018-07-27,2018-07,train_forward_oof,0,1,1,1.0,9,7,0.9776285408568022,0.3939933406895251,0.2980803015812814,0.3089860009513902,0.1509072545377829,0.49565896502386986,0.1222532827607752,0.49504645886520554,0.2630748933717395,0.2542361071263857
AAPL|2018-07-30 13:30:00+00:00,AAPL,2018-07-30,2018-07,train_forward_oof,0,1,1,1.0,8,7,0.7560014273654091,0.5206795911445904,0.5449666869028187,0.5375023312278996,0.6708601744143114,0.5017894153073402,0.6920551988228703,0.5020348451258033,0.852616224724563,0.6655513864577506
AMZN|2018-07-30 13:30:00+00:00,AMZN,2018-07-30,2018-07,train_forward_oof,0,0,0,0.0,0,0,0.0,0.731686203585386,0.731686203585386,0.731686203585386,0.731686203585386,0.731686203585386,0.731686203585386,0.731686203585386,0.731686203585386,0.731686203585386
AAPL|2018-07-30 14:30:00+00:00,AAPL,2018-07-30,2018-07,train_forward_oof,0,1,1,1.0,10,9,0.6050394871844622,0.4843901008821574,0.4350850148947469,0.5186248647882776,0.6323374108039034,0.5013626674293125,0.5895017380597704,0.5009094538470974,0.7717809355456615,0.6284264598554321
AMZN|2018-07-30 14:30:00+00:00,AMZN,2018-07-30,2018-07,train_forward_oof,0,1,1,0.0,1,1,0.0,0.6911842299111952,0.5573416759585311,0.5361250554553976,0.7947726801287134,0.5034023378163032,0.5389314293847788,0.5003921259760205,0.8213164983721377,0.8283195709051674
AAPL|2018-07-30 15:30:00+00:00,AAPL,2018-07-30,2018-07,train_forward_oof,1,1,1,1.0,12,11,0.51087322620918,0.4778971444031367,0.4384407840714375,0.490723776008422,0.5841019066823322,0.5008534884896652,0.5443755571084644,0.5004472324163827,0.7688026037702773,0.5981407424585543
AMZN|2018-07-30 15:30:00+00:00,AMZN,2018-07-30,2018-07,train_forward_oof,0,1,1,0.0,1,1,0.0,0.5637305734048998,0.492799382045393,0.4515881508053216,0.7329400729976435,0.5025370386096926,0.6072002334165292,0.5010945391987178,0.7342496695989355,0.7367003557087146
AAPL|2018-07-31 13:30:00+00:00,AAPL,2018-07-31,2018-07,train_forward_oof,1,1,1,0.0,15,14,0.3981511439540903,0.511549699475106,0.5543120696732228,0.5331734169053169,0.6557951648992214,0.5016198767139088,0.6986761461665676,0.5021133901815359,0.8377081401308197,0.6732564805713456
AMZN|2018-07-31 13:30:00+00:00,AMZN,2018-07-31,2018-07,train_forward_oof,0,0,0,0.0,0,0,0.0,0.5406213616865957,0.5406213616865957,0.5406213616865957,0.5406213616865957,0.5406213616865957,0.5406213616865957,0.5406213616865957,0.5406213616865957,0.5406213616865957
AAPL|2018-07-31 14:30:00+00:00,AAPL,2018-07-31,2018-07,train_forward_oof,1,1,1,0.0,13,12,0.4328676852450818,0.475333203782274,0.4435128654094117,0.4992543726251232,0.6199280073654295,0.5012294442493261,0.5968066580003162,0.5009855234236352,0.7466631204297594,0.6271056079745699
AMZN|2018-07-31 14:30:00+00:00,AMZN,2018-07-31,2018-07,train_forward_oof,1,0,0,0.0,0,0,0.0,0.7752317448036297,0.7752317448036297,0.7752317448036297,0.7752317448036297,0.7752317448036297,0.7752317448036297,0.7752317448036297,0.7752317448036297,0.7752317448036297
AAPL|2018-07-31 15:30:00+00:00,AAPL,2018-07-31,2018-07,train_forward_oof,1,1,1,0.0,17,16,0.4363635482423352,0.4401058176750118,0.4239020160720915,0.4748748182769375,0.5895645337851225,0.500910105967386,0.5755168532384277,0.5007649345759356,0.7277921273161722,0.5989182177559064
AMZN|2018-07-31 15:30:00+00:00,AMZN,2018-07-31,2018-07,train_forward_oof,1,0,0,0.0,0,0,0.0,0.4898847771168581,0.4898847771168581,0.4898847771168581,0.4898847771168581,0.4898847771168581,0.4898847771168581,0.4898847771168581,0.4898847771168581,0.4898847771168581
AAPL|2018-08-01 13:30:00+00:00,AAPL,2018-08-01,2018-08,train_forward_oof,1,1,1,0.0,15,13,0.5302377163317534,0.4875697533253602,0.5305791440490749,0.3100371101259409,0.3261273518377012,0.49817622012696694,0.5455806058250257,0.5004594441832678,0.3777982530333054,0.4808031357466528
AMZN|2018-08-01 13:30:00+00:00,AMZN,2018-08-01,2018-08,train_forward_oof,0,0,0,0.0,0,0,0.0,0.420262599127111,0.420262599127111,0.420262599127111,0.420262599127111,0.420262599127111,0.420262599127111,0.420262599127111,0.420262599127111,0.420262599127111
AAPL|2018-08-01 14:30:00+00:00,AAPL,2018-08-01,2018-08,train_forward_oof,1,1,1,1.0,26,23,0.4159133809279332,0.4470491633181522,0.5542312638525169,0.1552565505301172,0.2426108141810724,0.4971392318583876,0.556720586417274,0.5005726105445343,0.3020172462707632,0.4282061271880253
AMZN|2018-08-01 14:30:00+00:00,AMZN,2018-08-01,2018-08,train_forward_oof,0,0,0,0.0,0,0,0.0,0.419685098201931,0.419685098201931,0.419685098201931,0.419685098201931,0.419685098201931,0.419685098201931,0.419685098201931,0.419685098201931,0.419685098201931
AAPL|2018-08-01 15:30:00+00:00,AAPL,2018-08-01,2018-08,train_forward_oof,0,1,1,0.0,34,32,0.2289843892700473,0.5087124292227349,0.5761423806648803,0.442460392297869,0.5556190645163803,0.5005613967160628,0.5844616561377857,0.5008572103741112,0.5557399710859611,0.5090751337487939
AMZN|2018-08-01 15:30:00+00:00,AMZN,2018-08-01,2018-08,train_forward_oof,1,0,0,0.0,0,0,0.0,0.5014528697846757,0.5014528697846757,0.5014528697846757,0.5014528697846757,0.5014528697846757,0.5014528697846757,0.5014528697846757,0.5014528697846757,0.5014528697846757
AAPL|2018-08-02 13:30:00+00:00,AAPL,2018-08-02,2018-08,train_forward_oof,1,1,1,1.0,8,8,0.0,0.5919009563367847,0.6261318053574951,0.6977082994159491,0.6999285970733642,0.5021283574917291,0.636753045283065,0.5014105175393756,0.7287137049985283,0.6413940074560904
AMZN|2018-08-02 13:30:00+00:00,AMZN,2018-08-02,2018-08,train_forward_oof,1,0,0,0.0,0,0,0.0,0.6355699871530952,0.6355699871530952,0.6355699871530952,0.6355699871530952,0.6355699871530952,0.6355699871530952,0.6355699871530952,0.6355699871530952,0.6355699871530952
AAPL|2018-08-02 14:30:00+00:00,AAPL,2018-08-02,2018-08,train_forward_oof,1,1,1,1.0,10,10,0.0,0.5499240867870586,0.5240073476278795,0.6012226177707218,0.5173195232284012,0.5001741626750761,0.5121630522764045,0.5001222851261284,0.6050304868632813,0.5724512905606851
AMZN|2018-08-02 14:30:00+00:00,AMZN,2018-08-02,2018-08,train_forward_oof,1,0,0,0.0,0,0,0.0,0.7059346674461302,0.7059346674461302,0.7059346674461302,0.7059346674461302,0.7059346674461302,0.7059346674461302,0.7059346674461302,0.7059346674461302,0.7059346674461302
AAPL|2018-08-02 15:30:00+00:00,AAPL,2018-08-02,2018-08,train_forward_oof,1,1,1,1.0,12,12,0.0,0.5214111547063197,0.639064528147259,0.6148625117113674,0.5511866889786406,0.5005163288377964,0.6352079970244239,0.5013937466505466,0.4759832229289266,0.5002899676296593
AMZN|2018-08-02 15:30:00+00:00,AMZN,2018-08-02,2018-08,train_forward_oof,1,0,0,0.0,0,0,0.0,0.6134593596296626,0.6134593596296626,0.6134593596296626,0.6134593596296626,0.6134593596296626,0.6134593596296626,0.6134593596296626,0.6134593596296626,0.6134593596296626
AAPL|2018-08-03 13:30:00+00:00,AAPL,2018-08-03,2018-08,train_forward_oof,1,1,1,1.0,15,12,0.8018627924727718,0.6847041087714194,0.7031533653404616,0.3680051097128814,0.846014580551079,0.504281169923641,0.7293686276477475,0.5024913812030681,0.8452169544407792,0.6953598092280727
AMZN|2018-08-03 13:30:00+00:00,AMZN,2018-08-03,2018-08,train_forward_oof,0,1,1,0.0,2,1,0.0,0.574507681005318,0.6093084200716146,0.4572712650657789,0.4405689926193845,0.49939977212456377,0.4449828278671425,0.4994447283739544,0.0783840760569367,0.2798689148979035
AAPL|2018-08-03 14:30:00+00:00,AAPL,2018-08-03,2018-08,train_forward_oof,1,1,1,1.0,20,17,0.6700257906565991,0.6478735496033943,0.6185524878755523,0.4262564022820936,0.8341666521749358,0.5040594699362435,0.6720071370208148,0.5018024801202955,0.8266769240694436,0.7038660920548002
AMZN|2018-08-03 14:30:00+00:00,AMZN,2018-08-03,2018-08,train_forward_oof,0,1,1,0.0,3,2,1.2414870008027494,0.5388976435936236,0.5829824423256742,0.3740607779437336,0.3235315345743342,0.498146477009465,0.3218291155034098,0.498126902971999,0.4107920569274508,0.3919261301142612
AAPL|2018-08-03 15:30:00+00:00,AAPL,2018-08-03,2018-08,train_forward_oof,1,1,1,0.0,20,18,0.7116303173027899,0.5150715401108223,0.4950263172345789,0.3040845202369613,0.599019497925188,0.5010086534707542,0.5293812702810509,0.5002956763093495,0.6136508608045053,0.5659040669245328
AMZN|2018-08-03 15:30:00+00:00,AMZN,2018-08-03,2018-08,train_forward_oof,0,1,1,0.0,2,2,0.0,0.5040337350786399,0.5064693949467126,0.4524449617275969,0.3554715562356675,0.49850460863878143,0.3094944452070458,0.49798340191456514,0.3571067554748069,0.3775401966619613
AAPL|2018-08-06 13:30:00+00:00,AAPL,2018-08-06,2018-08,train_forward_oof,1,1,1,0.0,5,5,0.0,0.5206830650349616,0.5591185252823111,0.5413142099946759,0.7125966939289774,0.502281824092207,0.6252707701487854,0.5012865845823048,0.7235662478714248,0.6558617955641824
AMZN|2018-08-06 13:30:00+00:00,AMZN,2018-08-06,2018-08,train_forward_oof,1,0,0,0.0,0,0,0.0,0.6185188823347665,0.6185188823347665,0.6185188823347665,0.6185188823347665,0.6185188823347665,0.6185188823347665,0.6185188823347665,0.6185188823347665,0.6185188823347665
AAPL|2018-08-06 14:30:00+00:00,AAPL,2018-08-06,2018-08,train_forward_oof,1,1,1,0.0,7,7,0.0,0.4804299826276444,0.436395042122926,0.4281423708901386,0.6195433166911918,0.501225342185862,0.5239236523768177,0.5002406603708964,0.600908194256769,0.6046289931468198
AMZN|2018-08-06 14:30:00+00:00,AMZN,2018-08-06,2018-08,train_forward_oof,1,0,0,0.0,0,0,0.0,0.6523499829125953,0.6523499829125953,0.6523499829125953,0.6523499829125953,0.6523499829125953,0.6523499829125953,0.6523499829125953,0.6523499829125953,0.6523499829125953
AAPL|2018-08-06 15:30:00+00:00,AAPL,2018-08-06,2018-08,train_forward_oof,1,1,1,0.0,6,6,0.0,0.4683024710111702,0.4664630481303045,0.4618732717052769,0.6402049601624182,0.5014480981873524,0.535093225171713,0.5003533322283361,0.5814362404312534,0.576789549437462
AMZN|2018-08-06 15:30:00+00:00,AMZN,2018-08-06,2018-08,train_forward_oof,1,0,0,0.0,0,0,0.0,0.4582056114003644,0.4582056114003644,0.4582056114003644,0.4582056114003644,0.4582056114003644,0.4582056114003644,0.4582056114003644,0.4582056114003644,0.4582056114003644
AAPL|2018-08-07 13:30:00+00:00,AAPL,2018-08-07,2018-08,train_forward_oof,0,1,1,1.0,4,4,0.0,0.5314122835025271,0.5786943885185096,0.5804508779268398,0.3476424667695642,0.49841830314012614,0.5010866374738536,0.5000109227185958,0.338116251277117,0.4413370540463687
AMZN|2018-08-07 13:30:00+00:00,AMZN,2018-08-07,2018-08,train_forward_oof,1,1,1,0.0,2,2,0.0,0.5758181269494538,0.6047280007841113,0.487045876910325,0.4797856590850224,0.49979669796405873,0.4942103443262388,0.4999418007311911,0.4686578656918422,0.4444307826710287
AAPL|2018-08-07 14:30:00+00:00,AAPL,2018-08-07,2018-08,train_forward_oof,0,1,1,1.0,4,4,0.0,0.4896701203155188,0.4980278551298595,0.668806163189103,0.1553473589306488,0.4957450052672937,0.373810472538635,0.4987035569017412,0.2020072458313001,0.3691356783191205
AMZN|2018-08-07 14:30:00+00:00,AMZN,2018-08-07,2018-08,train_forward_oof,1,1,1,0.0,2,2,0.0,0.548480677811489,0.623020815969721,0.4803095558545411,0.4539480775184877,0.49953577810665434,0.5764931597984315,0.500774980357656,0.4742426044640835,0.4386336607941718
AAPL|2018-08-07 15:30:00+00:00,AAPL,2018-08-07,2018-08,train_forward_oof,0,1,1,1.0,4,4,0.0,0.4885380934896737,0.4435773833405422,0.6996911998242421,0.1996645396833567,0.4965110837685168,0.3204125087164662,0.49811057365040406,0.2581243206041629,0.3912375747518441
AMZN|2018-08-07 15:30:00+00:00,AMZN,2018-08-07,2018-08,train_forward_oof,1,1,1,0.0,2,2,0.0,0.5209919228781158,0.4706367171030294,0.4761547957050569,0.4518880454183716,0.4995148857412364,0.3488078275317263,0.49843120594252055,0.3986053208970687,0.4276096557630483
AAPL|2018-08-08 13:30:00+00:00,AAPL,2018-08-08,2018-08,train_forward_oof,1,1,1,0.0,2,2,0.0,0.5612195638777742,0.6068440049727457,0.6432567489931759,0.724834973037233,0.5024339649241413,0.6270452874956592,0.5013056344222184,0.6867099833360713,0.5837231258315203
AMZN|2018-08-08 13:30:00+00:00,AMZN,2018-08-08,2018-08,train_forward_oof,1,0,0,0.0,0,0,0.0,0.5800494519832455,0.5800494519832455,0.5800494519832455,0.5800494519832455,0.5800494519832455,0.5800494519832455,0.5800494519832455,0.5800494519832455,0.5800494519832455
AAPL|2018-08-08 14:30:00+00:00,AAPL,2018-08-08,2018-08,train_forward_oof,1,1,1,0.0,2,2,0.0,0.5194405801107695,0.5115143709099715,0.5668086682112535,0.6164512752632244,0.5011924284668932,0.5352520903911165,0.5003549370560711,0.6378102954427133,0.5679049722913325
AMZN|2018-08-08 14:30:00+00:00,AMZN,2018-08-08,2018-08,train_forward_oof,1,0,0,0.0,0,0,0.0,0.5918443531834808,0.5918443531834808,0.5918443531834808,0.5918443531834808,0.5918443531834808,0.5918443531834808,0.5918443531834808,0.5918443531834808,0.5918443531834808
AAPL|2018-08-08 15:30:00+00:00,AAPL,2018-08-08,2018-08,train_forward_oof,1,1,1,0.0,5,5,0.0,0.4605365190701346,0.4298414480351633,0.3140681129921636,0.4441587103766953,0.4994363414163426,0.4381057733500401,0.49937464232648565,0.3758510390821739,0.422813124957334
AMZN|2018-08-08 15:30:00+00:00,AMZN,2018-08-08,2018-08,train_forward_oof,1,0,0,0.0,0,0,0.0,0.6321895070694423,0.6321895070694423,0.6321895070694423,0.6321895070694423,0.6321895070694423,0.6321895070694423,0.6321895070694423,0.6321895070694423,0.6321895070694423
AAPL|2018-08-09 13:30:00+00:00,AAPL,2018-08-09,2018-08,train_forward_oof,1,1,1,0.0,2,2,0.0,0.5943474713340279,0.6352372426429571,0.7683170255502416,0.1890669126969118,0.4963409846219086,0.4282496934761877,0.49927376556173764,0.2472196607448603,0.4058087661864596
AMZN|2018-08-09 13:30:00+00:00,AMZN,2018-08-09,2018-08,train_forward_oof,1,0,0,0.0,0,0,0.0,0.5923874770953503,0.5923874770953503,0.5923874770953503,0.5923874770953503,0.5923874770953503,0.5923874770953503,0.5923874770953503,0.5923874770953503,0.5923874770953503
AAPL|2018-08-09 14:30:00+00:00,AAPL,2018-08-09,2018-08,train_forward_oof,1,1,1,0.0,4,3,1.4899592527071694,0.555077465818427,0.5376103230489165,0.7534139507175179,0.3918043353923677,0.49889496812278267,0.4665688585318195,0.49966345359114783,0.3502169702567908,0.4499864006932542
AMZN|2018-08-09 14:30:00+00:00,AMZN,2018-08-09,2018-08,train_forward_oof,1,0,0,0.0,0,0,0.0,0.554040691470739,0.554040691470739,0.554040691470739,0.554040691470739,0.554040691470739,0.554040691470739,0.554040691470739,0.554040691470739,0.554040691470739
AAPL|2018-08-09 15:30:00+00:00,AAPL,2018-08-09,2018-08,train_forward_oof,1,1,1,0.0,5,4,1.158516955853607,0.4813408710333638,0.4171613364470875,0.614113847068821,0.2431738576992886,0.49714692567577407,0.345215124047436,0.4983913625867552,0.2733416036611134,0.3823312381709154
AMZN|2018-08-09 15:30:00+00:00,AMZN,2018-08-09,2018-08,train_forward_oof,1,0,0,0.0,0,0,0.0,0.5113460367339239,0.5113460367339239,0.5113460367339239,0.5113460367339239,0.5113460367339239,0.5113460367339239,0.5113460367339239,0.5113460367339239,0.5113460367339239
AAPL|2018-08-10 13:30:00+00:00,AAPL,2018-08-10,2018-08,train_forward_oof,1,1,1,0.0,2,2,0.0,0.6098378990535909,0.6474945087640164,0.8637194974541202,0.973723736612244,0.5090769703764901,0.8422439715891976,0.5042091570643435,0.9617900892022152,0.8452553199930618
AMZN|2018-08-10 13:30:00+00:00,AMZN,2018-08-10,2018-08,train_forward_oof,1,0,0,0.0,0,0,0.0,0.5135048726816271,0.5135048726816271,0.5135048726816271,0.5135048726816271,0.5135048726816271,0.5135048726816271,0.5135048726816271,0.5135048726816271,0.5135048726816271
AAPL|2018-08-10 14:30:00+00:00,AAPL,2018-08-10,2018-08,train_forward_oof,0,1,1,0.0,2,2,0.0,0.5663453036445572,0.5031052962357961,0.7782717133837175,0.8333078333222754,0.5040439018555525,0.5748616819978045,0.5007581965446206,0.7766635455870821,0.6726873603252956
AMZN|2018-08-10 14:30:00+00:00,AMZN,2018-08-10,2018-08,train_forward_oof,0,1,1,0.0,1,1,0.0,0.4572441833230913,0.4989600725602096,0.5203169400846583,0.4432288604338281,0.4994268746736014,0.4686067436824189,0.4996840245414807,0.5001465093788986,0.4698961979349726
AAPL|2018-08-10 15:30:00+00:00,AAPL,2018-08-10,2018-08,train_forward_oof,0,1,1,0.0,4,4,0.0,0.4600317945383969,0.436054828402862,0.5043428389283323,0.3861096011915195,0.4988347552674301,0.4171590328294454,0.49915954960934067,0.3307413825883102,0.4233052328935915
AMZN|2018-08-10 15:30:00+00:00,AMZN,2018-08-10,2018-08,train_forward_oof,0,1,1,0.0,1,1,0.0,0.4493426602975706,0.4796578849023802,0.5037587097057192,0.4501644367729419,0.4994973924838066,0.4739648873438001,0.4997380624453629,0.5178119603395572,0.4569002686481208
AAPL|2018-08-13 13:30:00+00:00,AAPL,2018-08-13,2018-08,train_forward_oof,1,1,1,0.0,1,1,0.0,0.5536510032278277,0.5927985683845254,0.6600726438552383,0.9591606319079368,0.5079312685191053,0.8028069485435859,0.5035279625703695,0.9275995549154966,0.8027193835694586
AMZN|2018-08-13 13:30:00+00:00,AMZN,2018-08-13,2018-08,train_forward_oof,1,0,0,0.0,0,0,0.0,0.6146312237926993,0.6146312237926993,0.6146312237926993,0.6146312237926993,0.6146312237926993,0.6146312237926993,0.6146312237926993,0.6146312237926993,0.6146312237926993
AAPL|2018-08-13 14:30:00+00:00,AAPL,2018-08-13,2018-08,train_forward_oof,0,1,1,0.0,2,2,0.0,0.5127128387690965,0.5100813123184077,0.5373954852948382,0.3892788902879902,0.49886830500425505,0.4917614513104056,0.49991717996694496,0.392875318160885,0.5176159920669241
AMZN|2018-08-13 14:30:00+00:00,AMZN,2018-08-13,2018-08,train_forward_oof,0,0,0,0.0,0,0,0.0,0.5723439369494047,0.5723439369494047,0.5723439369494047,0.5723439369494047,0.5723439369494047,0.5723439369494047,0.5723439369494047,0.5723439369494047,0.5723439369494047
AAPL|2018-08-13 15:30:00+00:00,AAPL,2018-08-13,2018-08,train_forward_oof,0,1,1,0.0,4,4,0.0,0.501987192080543,0.4501798900232757,0.4576576705454481,0.3342936431734642,0.49826900820160414,0.3782519866464422,0.49875112663271753,0.2886501905168301,0.4320302286556758
AMZN|2018-08-13 15:30:00+00:00,AMZN,2018-08-13,2018-08,train_forward_oof,0,0,0,0.0,0,0,0.0,0.598896427425134,0.598896427425134,0.598896427425134,0.598896427425134,0.598896427425134,0.598896427425134,0.598896427425134,0.598896427425134,0.598896427425134
AAPL|2018-08-14 13:30:00+00:00,AAPL,2018-08-14,2018-08,train_forward_oof,0,1,1,1.0,4,4,0.0,0.6546308338125926,0.6791271370779596,0.8163357458197836,0.6772748239258068,0.5018627875834262,0.635315348179943,0.501394910923167,0.659259048545782,0.6205198582163396
AMZN|2018-08-14 13:30:00+00:00,AMZN,2018-08-14,2018-08,train_forward_oof,0,1,1,0.0,1,1,0.0,0.487012170953601,0.4730849571315034,0.4374168310203682,0.5841173966294098,0.5008536487259385,0.6297343089336516,0.5013345719424694,0.4810848487881383,0.4859049294746581
AAPL|2018-08-14 14:30:00+00:00,AAPL,2018-08-14,2018-08,train_forward_oof,1,1,1,1.0,5,4,1.0733031878429398,0.6155945068345712,0.569203886902041,0.7690756817426125,0.7180859390979227,0.5023495665878306,0.5825498187967403,0.5008374415181368,0.6409912450530547,0.5926769904206606
AMZN|2018-08-14 14:30:00+00:00,AMZN,2018-08-14,2018-08,train_forward_oof,1,1,1,0.0,1,1,0.0,0.4593254141127587,0.4155104292701482,0.4307904586668358,0.5586954250903609,0.5005927292981183,0.6110668019989264,0.5011353495891511,0.4785755941710119,0.4791682822053321
AAPL|2018-08-14 15:30:00+00:00,AAPL,2018-08-14,2018-08,train_forward_oof,1,1,1,1.0,7,6,0.8360400123857059,0.4758078637461403,0.4662320099521931,0.5204965354393105,0.4693388496424542,0.4996914119960442,0.4653745519342971,0.4996513927550286,0.4287465901190425,0.4659393916532988
AMZN|2018-08-14 15:30:00+00:00,AMZN,2018-08-14,2018-08,train_forward_oof,1,1,1,0.0,1,1,0.0,0.3490192275749743,0.3254921009340779,0.3740082766656194,0.4345435599803275,0.499338245141491,0.5076740642706598,0.5000771444908262,0.3452663445050703,0.4142625743167801
AAPL|2018-08-15 13:30:00+00:00,AAPL,2018-08-15,2018-08,train_forward_oof,1,1,1,1.0,4,4,0.0,0.5464350957017121,0.5913019395253107,0.7319515107512734,0.9484681061874114,0.5073188401517976,0.7783053914245645,0.5031557776208144,0.9133608836517414,0.7802981354276244
AMZN|2018-08-15 13:30:00+00:00,AMZN,2018-08-15,2018-08,train_forward_oof,0,0,0,0.0,0,0,0.0,0.5574646712439179,0.5574646712439179,0.5574646712439179,0.5574646712439179,0.5574646712439179,0.5574646712439179,0.5574646712439179,0.5574646712439179,0.5574646712439179
AAPL|2018-08-15 14:30:00+00:00,AAPL,2018-08-15,2018-08,train_forward_oof,1,1,1,1.0,5,5,0.0,0.5047868945871936,0.4633352772624942,0.567828359477018,0.8952115954591248,0.5053903820567928,0.6613658110465679,0.5016821348710474,0.8706966849446497,0.7437083477921841
AMZN|2018-08-15 14:30:00+00:00,AMZN,2018-08-15,2018-08,train_forward_oof,1,0,0,0.0,0,0,0.0,0.6328141470551493,0.6328141470551493,0.6328141470551493,0.6328141470551493,0.6328141470551493,0.6328141470551493,0.6328141470551493,0.6328141470551493,0.6328141470551493
AAPL|2018-08-15 15:30:00+00:00,AAPL,2018-08-15,2018-08,train_forward_oof,1,1,1,1.0,4,4,0.0,0.4836321280567266,0.4455146573138245,0.5287823747505619,0.7556672792757532,0.5028372767613958,0.5689606934652454,0.5006976272726389,0.7521170976891042,0.6486565643613789
AMZN|2018-08-15 15:30:00+00:00,AMZN,2018-08-15,2018-08,train_forward_oof,0,0,0,0.0,0,0,0.0,0.4492187137396793,0.4492187137396793,0.4492187137396793,0.4492187137396793,0.4492187137396793,0.4492187137396793,0.4492187137396793,0.4492187137396793,0.4492187137396793
AAPL|2018-08-16 13:30:00+00:00,AAPL,2018-08-16,2018-08,train_forward_oof,1,1,1,1.0,3,3,0.0,0.5459378711725397,0.5922306416351988,0.476828115472085,0.757829183975315,0.5028667890317733,0.6655554468387568,0.501729287920097,0.7459465158376369,0.6391097685078455
AMZN|2018-08-16 13:30:00+00:00,AMZN,2018-08-16,2018-08,train_forward_oof,0,1,1,0.0,1,1,0.0,0.506388527966851,0.5161449036488355,0.4761150488759848,0.4363442222562906,0.49935665193391326,0.4561961708287039,0.49955855953093437,0.3788608433638796,0.4533213089455493
AAPL|2018-08-16 14:30:00+00:00,AAPL,2018-08-16,2018-08,train_forward_oof,1,1,1,1.0,5,4,0.9461862456828546,0.5059148941505035,0.4910368689427597,0.3833678149810108,0.5737921560126757,0.5007472029283552,0.5362842505864949,0.5003653655263687,0.6347432585286937,0.5971257897214657
AMZN|2018-08-16 14:30:00+00:00,AMZN,2018-08-16,2018-08,train_forward_oof,0,1,1,0.0,1,1,0.0,0.4786279894585828,0.4435974698800723,0.4693915671039533,0.41099779155098,0.499095732585179,0.3583525179759335,0.4985361506425524,0.3698845089424337,0.4465097345813818
AAPL|2018-08-16 15:30:00+00:00,AAPL,2018-08-16,2018-08,train_forward_oof,1,1,1,1.0,5,4,0.8916390089090229,0.4676905803721574,0.4768287903751628,0.2589259626594863,0.4520875245012745,0.4995169095311017,0.5236671260296368,0.5002380759573319,0.486077304774884,0.5361992684090464
AMZN|2018-08-16 15:30:00+00:00,AMZN,2018-08-16,2018-08,train_forward_oof,0,1,1,0.0,1,1,0.0,0.4766130724167028,0.3652355264569169,0.4642999998880165,0.4204591018535195,0.4991936197656781,0.2532192610764515,0.4972822218166061,0.4184397114439716,0.4488215101387751
AAPL|2018-08-17 13:30:00+00:00,AAPL,2018-08-17,2018-08,train_forward_oof,1,1,1,1.0,2,2,0.0,0.5740718505306845,0.6223761581791959,0.6460797541047385,0.4568690210414682,0.49956537441117627,0.5355356940962667,0.5003578021492875,0.4400634209835934,0.494480410841254
AMZN|2018-08-17 13:30:00+00:00,AMZN,2018-08-17,2018-08,train_forward_oof,0,0,0,0.0,0,0,0.0,0.4855617810960878,0.4855617810960878,0.4855617810960878,0.4855617810960878,0.4855617810960878,0.4855617810960878,0.4855617810960878,0.4855617810960878,0.4855617810960878
AAPL|2018-08-17 14:30:00+00:00,AAPL,2018-08-17,2018-08,train_forward_oof,1,1,1,0.0,1,1,0.0,0.5302292851937418,0.5103740628528743,0.5698320738245308,0.3116873309768409,0.4980091372630947,0.4251961061794999,0.4992423976409403,0.2985118632737166,0.4063847609085399
AMZN|2018-08-17 14:30:00+00:00,AMZN,2018-08-17,2018-08,train_forward_oof,1,0,0,0.0,0,0,0.0,0.5202730900615592,0.5202730900615592,0.5202730900615592,0.5202730900615592,0.5202730900615592,0.5202730900615592,0.5202730900615592,0.5202730900615592,0.5202730900615592
AAPL|2018-08-17 15:30:00+00:00,AAPL,2018-08-17,2018-08,train_forward_oof,1,1,1,0.0,2,2,0.0,0.4844508342793054,0.5303950614090313,0.4201563651263883,0.0986646292180474,0.49444118468777365,0.3315256392006123,0.4982376870558236,0.1064275681006898,0.2707225727367948
AMZN|2018-08-17 15:30:00+00:00,AMZN,2018-08-17,2018-08,train_forward_oof,1,0,0,0.0,0,0,0.0,0.4788744871767707,0.4788744871767707,0.4788744871767707,0.4788744871767707,0.4788744871767707,0.4788744871767707,0.4788744871767707,0.4788744871767707,0.4788744871767707
AAPL|2018-08-20 13:30:00+00:00,AAPL,2018-08-20,2018-08,train_forward_oof,0,1,1,1.0,1,1,0.0,0.5525762953278472,0.5846442476104261,0.6559039166206839,0.0233464892317433,0.4906185032504123,0.286685512625929,0.4977093620832621,0.0247514645343077,0.1742224718990387
AMZN|2018-08-20 13:30:00+00:00,AMZN,2018-08-20,2018-08,train_forward_oof,0,0,0,0.0,0,0,0.0,0.6191814365732305,0.6191814365732305,0.6191814365732305,0.6191814365732305,0.6191814365732305,0.6191814365732305,0.6191814365732305,0.6191814365732305,0.6191814365732305
AAPL|2018-08-20 14:30:00+00:00,AAPL,2018-08-20,2018-08,train_forward_oof,0,1,1,1.0,2,2,0.0,0.5108947160291684,0.4840757784705117,0.5134897424085286,0.1249215589899534,0.49510836105854206,0.3510236786871988,0.49845568471979995,0.1228579172195873,0.3324585469106291
AMZN|2018-08-20 14:30:00+00:00,AMZN,2018-08-20,2018-08,train_forward_oof,1,1,1,0.0,1,1,0.0,0.5734250005417,0.6180767323070088,0.5589856183485785,0.7684027819231226,0.503013791131684,0.8546104070357394,0.504450907451198,0.8165512418206483,0.6627446061712158
AAPL|2018-08-20 15:30:00+00:00,AAPL,2018-08-20,2018-08,train_forward_oof,0,1,1,1.0,4,4,0.0,0.5424838513132462,0.4526774203368813,0.574257820737425,0.5791940755408833,0.500802803927878,0.443949867241647,0.49943421554687056,0.4919784818215155,0.5089580875654517
AMZN|2018-08-20 15:30:00+00:00,AMZN,2018-08-20,2018-08,train_forward_oof,1,1,1,0.0,1,1,0.0,0.4316286351482004,0.4590770810678362,0.4667962538980025,0.6986309712878127,0.5021128509855026,0.7717198049305222,0.5030608657085192,0.7787708817506762,0.5862711423904922
AAPL|2018-08-21 13:30:00+00:00,AAPL,2018-08-21,2018-08,train_forward_oof,1,0,0,0.0,0,0,0.0,0.6029945370951487,0.6029945370951487,0.6029945370951487,0.6029945370951487,0.6029945370951487,0.6029945370951487,0.6029945370951487,0.6029945370951487,0.6029945370951487
AMZN|2018-08-21 13:30:00+00:00,AMZN,2018-08-21,2018-08,train_forward_oof,1,1,1,0.0,1,1,0.0,0.5298212352384285,0.5379034187343196,0.4577913176011158,0.620215155060945,0.5012325072317374,0.6366683101671972,0.5014095969825539,0.6870591262925455,0.5329305829571636
AAPL|2018-08-21 14:30:00+00:00,AAPL,2018-08-21,2018-08,train_forward_oof,1,1,1,1.0,7,6,0.6867900470630022,0.5262116933425238,0.5223234996125053,0.6363401227565135,0.4698814391344533,0.4996968862377967,0.4881351784462617,0.49988071437175025,0.3895457588016005,0.4595614959915404
AMZN|2018-08-21 14:30:00+00:00,AMZN,2018-08-21,2018-08,train_forward_oof,0,0,0,0.0,0,0,0.0,0.5570557308341809,0.5570557308341809,0.5570557308341809,0.5570557308341809,0.5570557308341809,0.5570557308341809,0.5570557308341809,0.5570557308341809,0.5570557308341809
AAPL|2018-08-21 15:30:00+00:00,AAPL,2018-08-21,2018-08,train_forward_oof,0,1,1,1.0,11,8,1.209387622153234,0.4579157482332066,0.5365321296645994,0.6011001430085519,0.3535845614279317,0.49848388695944124,0.5209923469134728,0.500211135726231,0.3312986401094729,0.4405002495235725
AMZN|2018-08-21 15:30:00+00:00,AMZN,2018-08-21,2018-08,train_forward_oof,0,1,1,0.0,1,1,0.0,0.541750670228538,0.495687062123649,0.4587844781292696,0.6225385262989988,0.5012573237076411,0.5644695995520511,0.5006516649890098,0.6379561102201945,0.538454859120511
AAPL|2018-08-22 13:30:00+00:00,AAPL,2018-08-22,2018-08,train_forward_oof,1,1,1,1.0,6,6,0.0,0.5293337728293935,0.5706405270361898,0.5807334796087458,0.6496440419886692,0.5015516841482838,0.5954153055839801,0.5009710012359867,0.657083536869009,0.5633301819434847
AMZN|2018-08-22 13:30:00+00:00,AMZN,2018-08-22,2018-08,train_forward_oof,1,1,1,0.0,1,1,0.0,0.430440476078564,0.4615190052933454,0.4408863568395795,0.4665685918079418,0.49966345089804465,0.4424783840832087,0.4994192311713271,0.4283480280969948,0.4207751480257459
AAPL|2018-08-22 14:30:00+00:00,AAPL,2018-08-22,2018-08,train_forward_oof,1,1,1,1.0,7,7,0.0,0.487482578152575,0.4356690878571488,0.5483434574355113,0.6407265826391374,0.5014537906727048,0.506737699811663,0.5000677303512245,0.6885749343302713,0.5972579458272292
AMZN|2018-08-22 14:30:00+00:00,AMZN,2018-08-22,2018-08,train_forward_oof,1,1,1,0.0,1,1,0.0,0.4034405126860406,0.4485252211410178,0.43424799475504,0.4408396126931084,0.4994025311520012,0.4536955316408127,0.49953321771977854,0.4142875723374615,0.4139920380245917
AAPL|2018-08-22 15:30:00+00:00,AAPL,2018-08-22,2018-08,train_forward_oof,0,1,1,1.0,5,5,0.0,0.4721491056287185,0.5120771233495861,0.4349634652575938,0.7095294972927474,0.5022443086514017,0.6115875750393681,0.5011408573339876,0.6936335888976096,0.6216106400957522
AMZN|2018-08-22 15:30:00+00:00,AMZN,2018-08-22,2018-08,train_forward_oof,1,0,0,0.0,0,0,0.0,0.5411080784575022,0.5411080784575022,0.5411080784575022,0.5411080784575022,0.5411080784575022,0.5411080784575022,0.5411080784575022,0.5411080784575022,0.5411080784575022
AAPL|2018-08-23 13:30:00+00:00,AAPL,2018-08-23,2018-08,train_forward_oof,1,1,1,1.0,6,6,0.0,0.5868125468707539,0.6315014349231253,0.8187628640542373,0.4487124743602922,0.49948264681307486,0.5549956134529378,0.5005550522671435,0.5047923373173717,0.5263097446464725
AMZN|2018-08-23 13:30:00+00:00,AMZN,2018-08-23,2018-08,train_forward_oof,1,1,1,0.0,1,1,0.0,0.5883186274308297,0.578524782190377,0.4380959409125511,0.8566309364081311,0.5044920068655911,0.8569442122610013,0.5044984222620095,0.9208206060599914,0.6901146322075911
AAPL|2018-08-23 14:30:00+00:00,AAPL,2018-08-23,2018-08,train_forward_oof,0,1,1,1.0,5,5,0.0,0.5452314060595724,0.5084918818801404,0.6890433188247979,0.3101357298261127,0.49799093826820523,0.4127159493280092,0.49911355711964195,0.3360526603471268,0.4519809028091774
AMZN|2018-08-23 14:30:00+00:00,AMZN,2018-08-23,2018-08,train_forward_oof,0,1,1,0.0,2,1,0.0,0.5581291689249229,0.5876074234285121,0.4379001923071508,0.7531292550582458,0.5028028545913739,0.8131024712536026,0.5036947278553426,0.4998539258495814,0.4657995499106993
AAPL|2018-08-23 15:30:00+00:00,AAPL,2018-08-23,2018-08,train_forward_oof,1,1,1,1.0,4,4,0.0,0.5159705473465156,0.461322632796287,0.5668084876072691,0.2610597588307112,0.49738537120052445,0.3802887836927761,0.49877286765108286,0.2979484246725434,0.4187365909103602
AMZN|2018-08-23 15:30:00+00:00,AMZN,2018-08-23,2018-08,train_forward_oof,1,1,1,0.0,2,1,0.0,0.5966798419502201,0.5693141008443862,0.4477093492765654,0.7923263870910555,0.5033648156264366,0.7457762717828889,0.5027044475555835,0.5738647048250052,0.4835410020194229
AAPL|2018-08-24 13:30:00+00:00,AAPL,2018-08-24,2018-08,train_forward_oof,0,1,1,0.0,1,1,0.0,0.6070170817087104,0.6426194383161989,0.8462777712770072,0.5808729627188626,0.5008201235535992,0.6488534906483475,0.5015429604404948,0.6557129401918078,0.5446287768171717
AMZN|2018-08-24 13:30:00+00:00,AMZN,2018-08-24,2018-08,train_forward_oof,0,0,0,0.0,0,0,0.0,0.5095522580686448,0.5095522580686448,0.5095522580686448,0.5095522580686448,0.5095522580686448,0.5095522580686448,0.5095522580686448,0.5095522580686448,0.5095522580686448
AAPL|2018-08-24 14:30:00+00:00,AAPL,2018-08-24,2018-08,train_forward_oof,1,1,1,0.0,2,2,0.0,0.5704698616031498,0.5199202068918847,0.7551741250202828,0.7107730228100543,0.5022594899705571,0.5693552041844294,0.5007016701678396,0.5798399885905533,0.5784226736320371
AMZN|2018-08-24 14:30:00+00:00,AMZN,2018-08-24,2018-08,train_forward_oof,0,0,0,0.0,0,0,0.0,0.4817201477191124,0.4817201477191124,0.4817201477191124,0.4817201477191124,0.4817201477191124,0.4817201477191124,0.4817201477191124,0.4817201477191124,0.4817201477191124
AAPL|2018-08-24 15:30:00+00:00,AAPL,2018-08-24,2018-08,train_forward_oof,1,1,1,0.0,2,2,0.0,0.4722579614021768,0.447610654933899,0.6054453920400827,0.5548896474110729,0.5005539740965393,0.4897338225246718,0.49989679156667294,0.4990984977438139,0.5215769456744203
AMZN|2018-08-24 15:30:00+00:00,AMZN,2018-08-24,2018-08,train_forward_oof,0,1,1,0.0,1,1,0.0,0.4425644588527765,0.3858193878486874,0.47369621001965,0.6374828818927276,0.5014184502634951,0.5581942412954817,0.5005876217014166,0.6248432830777753,0.5501266762985482
AAPL|2018-08-27 13:30:00+00:00,AAPL,2018-08-27,2018-08,train_forward_oof,1,1,1,0.0,2,2,0.0,0.5374969480619991,0.5797577641884263,0.6163907747093906,0.936715548141285,0.5067713569162364,0.7659330379241827,0.5029790461826201,0.916794356841918,0.7083663680729774
AMZN|2018-08-27 13:30:00+00:00,AMZN,2018-08-27,2018-08,train_forward_oof,1,0,0,0.0,0,0,0.0,0.65778860567531,0.65778860567531,0.65778860567531,0.65778860567531,0.65778860567531,0.65778860567531,0.65778860567531,0.65778860567531,0.65778860567531
AAPL|2018-08-27 14:30:00+00:00,AAPL,2018-08-27,2018-08,train_forward_oof,1,1,1,0.0,2,2,0.0,0.4970603924105378,0.4848598376908648,0.4707542841347122,0.7818010962721059,0.5032069773953493,0.6091626134207756,0.5011152334113717,0.730586868764565,0.5575084509794984
AMZN|2018-08-27 14:30:00+00:00,AMZN,2018-08-27,2018-08,train_forward_oof,1,0,0,0.0,0,0,0.0,0.6277500407696699,0.6277500407696699,0.6277500407696699,0.6277500407696699,0.6277500407696699,0.6277500407696699,0.6277500407696699,0.6277500407696699,0.6277500407696699
AAPL|2018-08-27 15:30:00+00:00,AAPL,2018-08-27,2018-08,train_forward_oof,1,1,1,1.0,4,4,0.0,0.4694748978064609,0.4631119483797306,0.3478186375430961,0.8862518417643724,0.5051589575203775,0.6532375073466109,0.5015914532639103,0.8384867108127919,0.6287904673447953
AMZN|2018-08-27 15:30:00+00:00,AMZN,2018-08-27,2018-08,train_forward_oof,1,0,0,0.0,0,0,0.0,0.4503010604380534,0.4503010604380534,0.4503010604380534,0.4503010604380534,0.4503010604380534,0.4503010604380534,0.4503010604380534,0.4503010604380534,0.4503010604380534
AAPL|2018-08-28 13:30:00+00:00,AAPL,2018-08-28,2018-08,train_forward_oof,1,1,1,0.0,3,3,0.0,0.5464699537052405,0.5988776587479212,0.6858115574682815,0.5754045859828305,0.5007637797835237,0.593488377300644,0.5009509153557694,0.4207623172702832,0.4556333111944627
AMZN|2018-08-28 13:30:00+00:00,AMZN,2018-08-28,2018-08,train_forward_oof,0,1,1,0.0,1,1,0.0,0.6003585783258498,0.5928800389547781,0.5082039568936472,0.6013349580127093,0.501032901407234,0.6225341665321057,0.5012572770840132,0.6073280047456848,0.5294481351857768
AAPL|2018-08-28 14:30:00+00:00,AAPL,2018-08-28,2018-08,train_forward_oof,1,1,1,1.0,4,4,0.0,0.5059422505906221,0.4786304449057028,0.612996298943725,0.6652944510060372,0.5017263419986476,0.5516335827089459,0.5005208689335815,0.5986738106788827,0.5582062632884005
AMZN|2018-08-28 14:30:00+00:00,AMZN,2018-08-28,2018-08,train_forward_oof,1,1,1,0.0,1,1,0.0,0.5734310642664482,0.5676582614031477,0.5014610791319649,0.5762018519510403,0.500771982283541,0.6402540309786028,0.5014486335447353,0.5918614007684788,0.5224610761554063
AAPL|2018-08-28 15:30:00+00:00,AAPL,2018-08-28,2018-08,train_forward_oof,1,1,1,1.0,5,5,0.0,0.4881404509107557,0.4564216357722661,0.5862398470232986,0.4705172524260382,0.49970330011125025,0.4531433866083769,0.4995276190622349,0.4818237952544282,0.4881936549296877
AMZN|2018-08-28 15:30:00+00:00,AMZN,2018-08-28,2018-08,train_forward_oof,0,0,0,0.0,0,0,0.0,0.4734389634207612,0.4734389634207612,0.4734389634207612,0.4734389634207612,0.4734389634207612,0.4734389634207612,0.4734389634207612,0.4734389634207612,0.4734389634207612
AAPL|2018-08-29 13:30:00+00:00,AAPL,2018-08-29,2018-08,train_forward_oof,1,1,1,1.0,4,4,0.0,0.557244250320002,0.608066241480868,0.701956700073636,0.5645479526248106,0.5006524659116708,0.5576497502183626,0.5005820741259334,0.5408156941928488,0.5412938809054071
AMZN|2018-08-29 13:30:00+00:00,AMZN,2018-08-29,2018-08,train_forward_oof,1,0,0,0.0,0,0,0.0,0.5826565391000876,0.5826565391000876,0.5826565391000876,0.5826565391000876,0.5826565391000876,0.5826565391000876,0.5826565391000876,0.5826565391000876,0.5826565391000876
AAPL|2018-08-29 14:30:00+00:00,AAPL,2018-08-29,2018-08,train_forward_oof,1,1,1,0.0,2,2,0.0,0.511567049391055,0.4812038377891319,0.6308692317022283,0.3997720239014368,0.4989786969659828,0.3893100868300431,0.4988686347502512,0.3735260155568978,0.4810159249855272
AMZN|2018-08-29 14:30:00+00:00,AMZN,2018-08-29,2018-08,train_forward_oof,1,0,0,0.0,0,0,0.0,0.5616429847771356,0.5616429847771356,0.5616429847771356,0.5616429847771356,0.5616429847771356,0.5616429847771356,0.5616429847771356,0.5616429847771356,0.5616429847771356
AAPL|2018-08-29 15:30:00+00:00,AAPL,2018-08-29,2018-08,train_forward_oof,1,1,1,0.0,6,6,0.0,0.4501394179622814,0.4980441434184134,0.4744514845282681,0.4629960223122395,0.4996273608297487,0.51716903474499,0.5001726481883074,0.3620765387245124,0.4497401751827318
AMZN|2018-08-29 15:30:00+00:00,AMZN,2018-08-29,2018-08,train_forward_oof,1,0,0,0.0,0,0,0.0,0.5962362038899145,0.5962362038899145,0.5962362038899145,0.5962362038899145,0.5962362038899145,0.5962362038899145,0.5962362038899145,0.5962362038899145,0.5962362038899145
AAPL|2018-08-30 13:30:00+00:00,AAPL,2018-08-30,2018-08,train_forward_oof,1,1,1,1.0,4,4,0.0,0.567050312269915,0.6186346290629305,0.6333115752152833,0.6828095118790963,0.5019267098017375,0.6274899250306173,0.5013104134392922,0.664447211999935,0.6212062126763405
AMZN|2018-08-30 13:30:00+00:00,AMZN,2018-08-30,2018-08,train_forward_oof,1,1,1,0.0,1,1,0.0,0.6345369268087837,0.6390341830377941,0.5099767726019206,0.7848568865750408,0.5032522204139744,0.7837417437493392,0.5032356564216609,0.8706501888004954,0.6284441975891892
AAPL|2018-08-30 14:30:00+00:00,AAPL,2018-08-30,2018-08,train_forward_oof,1,1,1,1.0,3,3,0.0,0.5260173822081514,0.5041682493717928,0.5562026589237365,0.69023877612453,0.5020134618678144,0.5618930226468096,0.5006253453827565,0.6936229731371245,0.6475671630272047
AMZN|2018-08-30 14:30:00+00:00,AMZN,2018-08-30,2018-08,train_forward_oof,0,1,1,0.0,1,1,0.0,0.6084102268745026,0.631676491474841,0.5032344419204928,0.7668069025488242,0.5029913106114067,0.8038683492115734,0.503544844595174,0.8648666455165848,0.6219406005256203
AAPL|2018-08-30 15:30:00+00:00,AAPL,2018-08-30,2018-08,train_forward_oof,1,1,1,0.0,4,3,1.385628562569246,0.5137134954095356,0.5251754418227108,0.6185323600869929,0.6534861378538298,0.5015942119689469,0.5723354548795561,0.5007322409408916,0.4963789635724015,0.4716498251783828
AMZN|2018-08-30 15:30:00+00:00,AMZN,2018-08-30,2018-08,train_forward_oof,0,1,1,0.0,1,1,0.0,0.5999575489634322,0.6194073427722186,0.4967986559947597,0.7650959892254551,0.5029673282302618,0.7703512296332644,0.5030413853728462,0.8662939331612652,0.6198688272476148
AAPL|2018-08-31 13:30:00+00:00,AAPL,2018-08-31,2018-08,train_forward_oof,1,1,1,1.0,8,8,0.0,0.5656822591464185,0.589501157089061,0.6349987633199129,0.5700401199282715,0.5007086912427892,0.5870456875223157,0.5008839718024091,0.6541813254344387,0.6286898889002119
AMZN|2018-08-31 13:30:00+00:00,AMZN,2018-08-31,2018-08,train_forward_oof,1,0,0,0.0,0,0,0.0,0.4161403042580215,0.4161403042580215,0.4161403042580215,0.4161403042580215,0.4161403042580215,0.4161403042580215,0.4161403042580215,0.4161403042580215,0.4161403042580215
AAPL|2018-08-31 14:30:00+00:00,AAPL,2018-08-31,2018-08,train_forward_oof,0,1,1,0.0,11,11,0.0,0.5217715762582084,0.5336272879642014,0.7202739759126903,0.5234640785082086,0.5002360304135591,0.5820302463115471,0.5008320734727931,0.5158092800873203,0.5200737082875254
AMZN|2018-08-31 14:30:00+00:00,AMZN,2018-08-31,2018-08,train_forward_oof,0,1,1,0.0,1,1,0.0,0.4076573328414914,0.3887037344169678,0.4387832942287663,0.4801508078019332,0.4998003742793567,0.461130888873357,0.4996085042512079,0.5587250959975546,0.488791101658618
AAPL|2018-08-31 15:30:00+00:00,AAPL,2018-08-31,2018-08,train_forward_oof,0,1,1,0.0,10,10,0.0,0.4437080303747498,0.412039451033147,0.4646768293273397,0.31506260620706,0.4980485563949859,0.4436801575223114,0.4994314698019389,0.3693980500951406,0.4704665609695254
AMZN|2018-08-31 15:30:00+00:00,AMZN,2018-08-31,2018-08,train_forward_oof,0,1,1,0.0,1,1,0.0,0.5424818342095318,0.4486198532983798,0.4909227843503161,0.6307342011576921,0.5013453541325523,0.4517100149530369,0.49951307942319556,0.7241000904608246,0.5548023256529862
AAPL|2018-09-04 13:30:00+00:00,AAPL,2018-09-04,2018-09,development,0,1,1,1.0,12,11,0.4357365404710282,0.5648835847764986,0.5769529540330984,0.5755377379934393,0.6146106911081171,0.5269398887846074,0.6144584806865249,0.5117967537661953,0.6594361485778979,0.6052618279539501
AMZN|2018-09-04 13:30:00+00:00,AMZN,2018-09-04,2018-09,development,1,1,1,0.0,2,2,0.0,0.6634382485467331,0.6780324762084156,0.4343843915509399,0.2811838930451431,0.4976413625714764,0.2890107320035127,0.4977378661017931,0.3381263943697482,0.3952934301485556
AAPL|2018-09-04 14:30:00+00:00,AAPL,2018-09-04,2018-09,development,1,1,1,1.0,6,5,0.9969762607721452,0.4694753371448238,0.4802918087418377,0.5323319690733437,0.6864285687454439,0.5451426543144109,0.5956159538731284,0.5098013425496711,0.708807709695539,0.7073443582031375
AMZN|2018-09-04 14:30:00+00:00,AMZN,2018-09-04,2018-09,development,1,0,0,0.0,0,0,0.0,0.5586626293940858,0.5586626293940858,0.5586626293940858,0.5586626293940858,0.5586626293940858,0.5586626293940858,0.5586626293940858,0.5586626293940858,0.5586626293940858
AAPL|2018-09-04 15:30:00+00:00,AAPL,2018-09-04,2018-09,development,0,1,1,1.0,9,7,0.8156613176010036,0.4973993613637151,0.5019058634883621,0.4734339840025225,0.6189650118062879,0.5280010516033422,0.5480809820987428,0.5048835382520502,0.5896969905096936,0.5427281430964435
AMZN|2018-09-04 15:30:00+00:00,AMZN,2018-09-04,2018-09,development,0,0,0,0.0,0,0,0.0,0.6313749338731318,0.6313749338731318,0.6313749338731318,0.6313749338731318,0.6313749338731318,0.6313749338731318,0.6313749338731318,0.6313749338731318,0.6313749338731318
AAPL|2018-09-05 13:30:00+00:00,AAPL,2018-09-05,2018-09,development,0,1,1,1.0,7,7,0.0,0.6666271999872713,0.6311771445385066,0.569648060011646,0.5004180674890006,0.5000966168048392,0.5664442273167368,0.5067676514285172,0.5715308247894255,0.562882783249212
AMZN|2018-09-05 13:30:00+00:00,AMZN,2018-09-05,2018-09,development,0,1,1,1.0,2,2,0.0,0.7118496055730587,0.744097172730893,0.5316554796372227,0.8844694183275449,0.5051148305410121,0.9034736938149888,0.5056198236528745,0.8623941471078568,0.6365986164318387
AAPL|2018-09-05 14:30:00+00:00,AAPL,2018-09-05,2018-09,development,1,1,1,1.0,4,4,0.0,0.5820853904871833,0.5803812141653634,0.5163782332274662,0.4234024621739375,0.48216516060044046,0.5904576559464297,0.5092604794412977,0.4376722429930011,0.3576018367404773
AMZN|2018-09-05 14:30:00+00:00,AMZN,2018-09-05,2018-09,development,0,1,1,1.0,4,4,0.0,0.7745751557026042,0.7838972227754084,0.5394034599020635,0.7909226586117525,0.503343431848473,0.859271339668095,0.5045464484348734,0.8073387631545341,0.5780384133892746
AAPL|2018-09-05 15:30:00+00:00,AAPL,2018-09-05,2018-09,development,1,1,1,1.0,5,5,0.0,0.5501265364064513,0.6186013243902065,0.5067002690388968,0.6739270813113315,0.5418471807840258,0.6754009582773511,0.5185399023901628,0.6298234563753524,0.636095100359154
AMZN|2018-09-05 15:30:00+00:00,AMZN,2018-09-05,2018-09,development,0,1,1,1.0,3,3,0.0,0.3166868568973852,0.2910591745245778,0.4150918070191625,0.3587780075385614,0.4985407995397394,0.2846140082635838,0.49768385161591944,0.3560091253656781,0.3996607970409634
AAPL|2018-09-06 13:30:00+00:00,AAPL,2018-09-06,2018-09,development,0,1,1,1.0,3,3,0.0,0.514699990753677,0.5521088369289517,0.5666974286569904,0.481343368461577,0.4956864949177287,0.572845712825512,0.5074285572521554,0.4116864016718306,0.4101162048584763
AMZN|2018-09-06 13:30:00+00:00,AMZN,2018-09-06,2018-09,development,0,0,0,0.0,0,0,0.0,0.3318389126686551,0.3318389126686551,0.3318389126686551,0.3318389126686551,0.3318389126686551,0.3318389126686551,0.3318389126686551,0.3318389126686551,0.3318389126686551
AAPL|2018-09-06 14:30:00+00:00,AAPL,2018-09-06,2018-09,development,0,1,1,1.0,7,6,0.8830197848424504,0.4203029868839917,0.445752044631886,0.5350240613333906,0.3517950359616819,0.46474840975708803,0.4596164140949677,0.4959019881827935,0.3493540522500843,0.3713871722824413
AMZN|2018-09-06 14:30:00+00:00,AMZN,2018-09-06,2018-09,development,0,0,0,0.0,0,0,0.0,0.2394710592993392,0.2394710592993392,0.2394710592993392,0.2394710592993392,0.2394710592993392,0.2394710592993392,0.2394710592993392,0.2394710592993392,0.2394710592993392
AAPL|2018-09-06 15:30:00+00:00,AAPL,2018-09-06,2018-09,development,1,1,1,1.0,9,8,0.7000629081963801,0.4413099206630378,0.4206834454858968,0.5462227198297296,0.439258291816038,0.48589645724919295,0.4396467876138745,0.49385909695038116,0.4681219915244138,0.5455254763496857
AMZN|2018-09-06 15:30:00+00:00,AMZN,2018-09-06,2018-09,development,0,1,1,0.0,1,1,0.0,0.2706944259501626,0.3488234214238082,0.3637144905600221,0.156996700562002,0.4957764545720195,0.2609615021702844,0.4973840911145875,0.1196525981659576,0.2887652611426607
AAPL|2018-09-07 13:30:00+00:00,AAPL,2018-09-07,2018-09,development,1,1,1,1.0,4,3,1.3372909697240825,0.7477492315127511,0.6453131866994218,0.6189398487718715,0.7434409065638349,0.561161631383493,0.5946237797403716,0.5096971436730146,0.6575816975981376,0.5625729749772344
AMZN|2018-09-07 13:30:00+00:00,AMZN,2018-09-07,2018-09,development,1,0,0,0.0,0,0,0.0,0.5824291617253742,0.5824291617253742,0.5824291617253742,0.5824291617253742,0.5824291617253742,0.5824291617253742,0.5824291617253742,0.5824291617253742,0.5824291617253742
AAPL|2018-09-07 14:30:00+00:00,AAPL,2018-09-07,2018-09,development,0,1,1,1.0,12,10,0.7835525743285587,0.67245312345157,0.5234690134291514,0.6148384734641394,0.7206185814447508,0.5545267380241821,0.5182299955208779,0.5018467502217371,0.6369515836809283,0.5964098586355702
AMZN|2018-09-07 14:30:00+00:00,AMZN,2018-09-07,2018-09,development,1,1,1,0.0,2,1,0.0,0.5551104327268294,0.6456271546230398,0.5146829813861334,0.4485055043831188,0.4994805441744888,0.5998810820459792,0.5010176706733824,0.1096638215836043,0.3030743003899247
AAPL|2018-09-07 15:30:00+00:00,AAPL,2018-09-07,2018-09,development,0,1,1,1.0,13,11,0.6685177620211213,0.5221859044673804,0.4392620612924939,0.5624476550242902,0.6524102889738481,0.536314544208853,0.4612562268116562,0.4960690685411944,0.605537678511884,0.5646720189376332
AMZN|2018-09-07 15:30:00+00:00,AMZN,2018-09-07,2018-09,development,0,1,1,0.0,3,2,1.5458405801594954,0.6718307381661794,0.796136663975679,0.4882657696542902,0.5101723182241049,0.5001022645813104,0.7112585767382061,0.5022654282509291,0.6005362063272962,0.4890255955068061
AAPL|2018-09-10 13:30:00+00:00,AAPL,2018-09-10,2018-09,development,0,1,1,1.0,14,12,0.7974427699668837,0.586899619969962,0.6247780929886138,0.6399215494588759,0.806531507049481,0.5817422555681031,0.7276154267872698,0.524852555841931,0.8183723526158527,0.8075652300507581
AMZN|2018-09-10 13:30:00+00:00,AMZN,2018-09-10,2018-09,development,0,1,1,1.0,2,2,0.0,0.7164597365262404,0.7420214930411053,0.5618202959770143,0.5677503853656581,0.5006852297627148,0.586188898163272,0.500875093067922,0.6216757867378743,0.5057011626766607
AAPL|2018-09-10 14:30:00+00:00,AAPL,2018-09-10,2018-09,development,1,1,1,1.0,9,9,0.0,0.4836822978167859,0.5115536949534121,0.5813663174179565,0.7198904641962003,0.554320426967562,0.6384868821923082,0.514395034945808,0.7577606527337932,0.7445674560550807
AMZN|2018-09-10 14:30:00+00:00,AMZN,2018-09-10,2018-09,development,1,1,1,1.0,3,3,0.0,0.6956182657706024,0.7929919005853433,0.4148437857662758,0.5593944637883042,0.5005998552849896,0.7815066022766985,0.5032026414476495,0.6320067463232458,0.5032834161157972
AAPL|2018-09-10 15:30:00+00:00,AAPL,2018-09-10,2018-09,development,0,1,1,1.0,6,6,0.0,0.5649513269241887,0.597426256327627,0.5619667344941784,0.7910520326377493,0.5763146929497472,0.6769057460379995,0.5187136261048961,0.8016197172194313,0.8675112208406149
AMZN|2018-09-10 15:30:00+00:00,AMZN,2018-09-10,2018-09,development,0,1,1,1.0,3,3,0.0,0.2629969621245953,0.3582321191879498,0.2570237867639994,0.2000692273363172,0.4965174426579342,0.229979940049377,0.49696331624586376,0.24170378741261,0.3265253076459818
AAPL|2018-09-11 13:30:00+00:00,AAPL,2018-09-11,2018-09,development,1,1,1,0.0,6,6,0.0,0.6450215328678023,0.613041582763484,0.598490871884391,0.6450764532763504,0.5344643806619166,0.6059449795729898,0.5108911140882446,0.6129365844774888,0.6490863511458952
AMZN|2018-09-11 13:30:00+00:00,AMZN,2018-09-11,2018-09,development,1,0,0,0.0,0,0,0.0,0.4828862978850241,0.4828862978850241,0.4828862978850241,0.4828862978850241,0.4828862978850241,0.4828862978850241,0.4828862978850241,0.4828862978850241,0.4828862978850241
AAPL|2018-09-11 14:30:00+00:00,AAPL,2018-09-11,2018-09,development,1,1,1,1.0,15,12,0.7083587226432423,0.6032516566993341,0.6149230250025267,0.5187549037517475,0.6009812981455099,0.5236447610356332,0.6460808416723693,0.5152310317118866,0.5282863468947027,0.5089066454689558
AMZN|2018-09-11 14:30:00+00:00,AMZN,2018-09-11,2018-09,development,1,1,1,0.0,1,1,0.0,0.4694151548580418,0.4996785555046344,0.4847941067572487,0.4803594204554824,0.49980247449434806,0.6837713880902334,0.501937879252819,0.4595661565946622,0.5210393244078223
AAPL|2018-09-11 15:30:00+00:00,AAPL,2018-09-11,2018-09,development,1,1,1,1.0,17,13,0.9166766889317696,0.6966137682282157,0.5355233363143214,0.5603604868356021,0.7790060614917944,0.5722808964357079,0.586082281589955,0.5088033296895552,0.7287451297125416,0.7850837278220192
AMZN|2018-09-11 15:30:00+00:00,AMZN,2018-09-11,2018-09,development,1,1,1,0.0,3,3,0.0,0.4996171026096685,0.6520393020557498,0.4077190675792339,0.5949290779980408,0.5009659300395979,0.5949823510122716,0.5009664855649603,0.6183830797097858,0.5524114440248898
AAPL|2018-09-12 13:30:00+00:00,AAPL,2018-09-12,2018-09,development,0,1,1,1.0,9,8,0.7258377611052403,0.6376633867357753,0.6119986969981284,0.4959568979101342,0.616969373582677,0.527514171412003,0.6098589916498891,0.5113065975062785,0.6114078322888333,0.5344740194334253
AMZN|2018-09-12 13:30:00+00:00,AMZN,2018-09-12,2018-09,development,0,1,1,0.0,1,1,0.0,0.6379730800813727,0.512048548143312,0.5796270895471947,0.6057782473237894,0.5010795665256833,0.5879731206486939,0.5008935887642766,0.5598701801144688,0.5635019136075202
AAPL|2018-09-12 14:30:00+00:00,AAPL,2018-09-12,2018-09,development,1,1,1,1.0,12,11,0.4835803212112659,0.5396513786181715,0.5519377891453092,0.470022165438422,0.3923370208738345,0.47474463213133367,0.5081824738146781,0.5008286173494308,0.4662769633506463,0.3231357353393729
AMZN|2018-09-12 14:30:00+00:00,AMZN,2018-09-12,2018-09,development,1,1,1,0.0,2,2,0.0,0.5976611017893727,0.4500979530842871,0.5415973763736905,0.3609688278223432,0.49856469821823823,0.2974800101098338,0.49784056039928404,0.3548324847576115,0.4548064540733711
AAPL|2018-09-12 15:30:00+00:00,AAPL,2018-09-12,2018-09,development,0,1,1,1.0,20,18,0.4568313988820816,0.5641810437948064,0.6203091959160743,0.4240854769735552,0.3869780771041926,0.4734462383111821,0.5662682299902033,0.5067495140317737,0.3429089561859225,0.3060850767264425
AMZN|2018-09-12 15:30:00+00:00,AMZN,2018-09-12,2018-09,development,0,1,1,0.0,3,2,1.4756400369445954,0.5334638119130126,0.6292555945892643,0.4736741724366675,0.3025896324772279,0.497901700500321,0.6852466140304342,0.5019550453595593,0.3562480672623993,0.3964719188163459
AAPL|2018-09-13 13:30:00+00:00,AAPL,2018-09-13,2018-09,development,1,1,1,1.0,21,18,0.5628987873119848,0.6451563019160563,0.5834233450485734,0.4238255438580702,0.7711509698475354,0.5697299176434384,0.6345211422005612,0.5139614757798736,0.7252068700803649,0.7908573691075581
AMZN|2018-09-13 13:30:00+00:00,AMZN,2018-09-13,2018-09,development,0,0,0,0.0,0,0,0.0,0.5439390328120218,0.5439390328120218,0.5439390328120218,0.5439390328120218,0.5439390328120218,0.5439390328120218,0.5439390328120218,0.5439390328120218,0.5439390328120218
AAPL|2018-09-13 14:30:00+00:00,AAPL,2018-09-13,2018-09,development,1,1,1,1.0,27,23,0.4507294388041177,0.5807398988189529,0.5287114285801017,0.369789137406743,0.6085352130598737,0.525466284065756,0.5550666132580617,0.5055984323760746,0.6474268188704219,0.6852407897493258
AMZN|2018-09-13 14:30:00+00:00,AMZN,2018-09-13,2018-09,development,0,0,0,0.0,0,0,0.0,0.5145414401187642,0.5145414401187642,0.5145414401187642,0.5145414401187642,0.5145414401187642,0.5145414401187642,0.5145414401187642,0.5145414401187642,0.5145414401187642
AAPL|2018-09-13 15:30:00+00:00,AAPL,2018-09-13,2018-09,development,0,1,1,1.0,33,29,0.3727415892750111,0.3948100918584628,0.5029549846967183,0.2872394848406578,0.394248879420453,0.47520639407955356,0.5216548136655926,0.5021940900336641,0.4719127442757649,0.4422615479869254
AMZN|2018-09-13 15:30:00+00:00,AMZN,2018-09-13,2018-09,development,0,0,0,0.0,0,0,0.0,0.4043522196431299,0.4043522196431299,0.4043522196431299,0.4043522196431299,0.4043522196431299,0.4043522196431299,0.4043522196431299,0.4043522196431299,0.4043522196431299
AAPL|2018-09-14 13:30:00+00:00,AAPL,2018-09-14,2018-09,development,0,1,1,1.0,15,15,0.0,0.6288734844564463,0.5991606063705376,0.5468700162544986,0.666124018229522,0.5398216080696991,0.6145585088214799,0.5118074371409321,0.6887010757363313,0.7544779074955995
AMZN|2018-09-14 13:30:00+00:00,AMZN,2018-09-14,2018-09,development,0,0,0,0.0,0,0,0.0,0.5833363333156966,0.5833363333156966,0.5833363333156966,0.5833363333156966,0.5833363333156966,0.5833363333156966,0.5833363333156966,0.5833363333156966,0.5833363333156966
AAPL|2018-09-14 14:30:00+00:00,AAPL,2018-09-14,2018-09,development,0,1,1,1.0,19,19,0.0,0.5281140692081117,0.4644668877674449,0.4916372972742488,0.5447316979600075,0.5103638721610354,0.4776217048351673,0.4977325105241525,0.6078517715891686,0.6621730741741069
AMZN|2018-09-14 14:30:00+00:00,AMZN,2018-09-14,2018-09,development,0,0,0,0.0,0,0,0.0,0.5838241282674648,0.5838241282674648,0.5838241282674648,0.5838241282674648,0.5838241282674648,0.5838241282674648,0.5838241282674648,0.5838241282674648,0.5838241282674648
AAPL|2018-09-14 15:30:00+00:00,AAPL,2018-09-14,2018-09,development,0,1,1,1.0,18,18,0.0,0.5056546039524408,0.4841221837228973,0.5190312202195497,0.5187545191015235,0.5043361572341937,0.4748904692651532,0.4974553306546794,0.5447729845064586,0.5968035905025267
AMZN|2018-09-14 15:30:00+00:00,AMZN,2018-09-14,2018-09,development,0,0,0,0.0,0,0,0.0,0.5393996758870806,0.5393996758870806,0.5393996758870806,0.5393996758870806,0.5393996758870806,0.5393996758870806,0.5393996758870806,0.5393996758870806,0.5393996758870806
AAPL|2018-09-17 13:30:00+00:00,AAPL,2018-09-17,2018-09,development,0,1,1,1.0,5,5,0.0,0.6250707118472236,0.6165502216977099,0.5741075457996383,0.5418026644389092,0.5096821278705764,0.586273091219363,0.5088232361104724,0.5727864953313101,0.532667619128563
AMZN|2018-09-17 13:30:00+00:00,AMZN,2018-09-17,2018-09,development,0,0,0,0.0,0,0,0.0,0.7402968502142048,0.7402968502142048,0.7402968502142048,0.7402968502142048,0.7402968502142048,0.7402968502142048,0.7402968502142048,0.7402968502142048,0.7402968502142048
AAPL|2018-09-17 14:30:00+00:00,AAPL,2018-09-17,2018-09,development,0,1,1,0.0,7,7,0.0,0.5659439386469851,0.5028029394550505,0.4947803185827331,0.4748974183433136,0.49419408952711863,0.5115665205729482,0.5011714141037182,0.5631600827096896,0.5258060365072126
AMZN|2018-09-17 14:30:00+00:00,AMZN,2018-09-17,2018-09,development,1,0,0,0.0,0,0,0.0,0.4735188331212061,0.4735188331212061,0.4735188331212061,0.4735188331212061,0.4735188331212061,0.4735188331212061,0.4735188331212061,0.4735188331212061,0.4735188331212061
AAPL|2018-09-17 15:30:00+00:00,AAPL,2018-09-17,2018-09,development,0,1,1,1.0,11,11,0.0,0.5705321280853803,0.412460573197848,0.4680538463361395,0.3705418682044977,0.46942320078674876,0.3616860114688616,0.4856239089538942,0.3505618578391269,0.3762082064073594
AMZN|2018-09-17 15:30:00+00:00,AMZN,2018-09-17,2018-09,development,0,1,1,0.0,1,1,0.0,0.3975604805334621,0.3768247206853377,0.3461459184343087,0.5118500123861938,0.5001191366851739,0.5236929135622399,0.5002383357520278,0.46928013208254,0.4382057602806342
AAPL|2018-09-18 13:30:00+00:00,AAPL,2018-09-18,2018-09,development,1,1,1,1.0,6,5,1.0505990929574742,0.7322765944054018,0.6385588242425346,0.5908545809010142,0.7799745369818212,0.5725995977958173,0.6365895692278211,0.5141873584430171,0.7360609622251751,0.7721417545849486
AMZN|2018-09-18 13:30:00+00:00,AMZN,2018-09-18,2018-09,development,1,1,1,0.0,2,2,0.0,0.1537512753833021,0.2130496114552968,0.2641282663517039,0.0469579458358757,0.49243554904089587,0.0355905877637803,0.4917094160235193,0.0494148637238631,0.2468749221275922
AAPL|2018-09-18 14:30:00+00:00,AAPL,2018-09-18,2018-09,development,0,1,1,1.0,8,6,0.7682350546627925,0.6532075262337455,0.5214435554472476,0.5223932042998839,0.7866508822933818,0.57482290913692,0.5885306169818546,0.509058959735559,0.753747777298973,0.8210681372169657
AMZN|2018-09-18 14:30:00+00:00,AMZN,2018-09-18,2018-09,development,0,1,1,0.0,3,2,1.7519413765000142,0.1382633913948375,0.201725981845662,0.2579184170310892,0.0390347268768538,0.49195046528255243,0.0446174115616926,0.49230093330539015,0.0442036783992723,0.2315502911866769
AAPL|2018-09-18 15:30:00+00:00,AAPL,2018-09-18,2018-09,development,0,1,1,1.0,8,8,0.0,0.5365811007684487,0.400189793752004,0.4121686571474621,0.5783350358368907,0.5182457215116726,0.4344025649017741,0.4933195991173843,0.5794653843007914,0.6395020259512579
AMZN|2018-09-18 15:30:00+00:00,AMZN,2018-09-18,2018-09,development,0,1,1,0.0,2,2,0.0,0.5939648986207218,0.6280201093861916,0.3883889196195145,0.3206411034417321,0.4981132112491875,0.345551500851016,0.49839510126894926,0.3617459988539407,0.4008447338830343
AAPL|2018-09-19 13:30:00+00:00,AAPL,2018-09-19,2018-09,development,0,1,1,0.0,20,20,0.0,0.7656778999620065,0.6704069903632954,0.6112781705350524,0.7991476953961677,0.5791166288485488,0.6793851292945899,0.51900078059421,0.8078394600617481,0.8579886520768977
AMZN|2018-09-19 13:30:00+00:00,AMZN,2018-09-19,2018-09,development,0,1,1,0.0,3,3,0.0,0.5413375329190622,0.5868155165521733,0.5135742845599564,0.3418195283732054,0.498353524645332,0.3736841591147708,0.49870220076245625,0.3929772077774568,0.4874793432986188
AAPL|2018-09-19 14:30:00+00:00,AAPL,2018-09-19,2018-09,development,1,1,1,1.0,24,24,0.0,0.6939268761428915,0.6646291246343612,0.5975914550816769,0.7699357355959501,0.5693404893945252,0.705976984410774,0.5221591537691612,0.788254096359854,0.8334336306743924
AMZN|2018-09-19 14:30:00+00:00,AMZN,2018-09-19,2018-09,development,1,1,1,0.0,3,3,0.0,0.5118183209810078,0.5922017903591528,0.5055286758247403,0.3151470652682882,0.49804953983044575,0.3815366281409792,0.498786165034811,0.3767143848341369,0.4797829009590985
AAPL|2018-09-19 15:30:00+00:00,AAPL,2018-09-19,2018-09,development,1,1,1,1.0,7,7,0.0,0.5177354722209248,0.589374836184853,0.5303091818308997,0.7237766304959631,0.5554251884327089,0.6639308303573078,0.5172288978917987,0.6548677843372035,0.7618966070147629
AMZN|2018-09-19 15:30:00+00:00,AMZN,2018-09-19,2018-09,development,1,1,1,0.0,2,2,0.0,0.3748181092197841,0.4785774154408931,0.4380006343108275,0.4992532267175225,0.4999924935520451,0.4941312487299817,0.49994100556718124,0.4735653294326106,0.4327766566877887
AAPL|2018-09-20 13:30:00+00:00,AAPL,2018-09-20,2018-09,development,1,1,1,1.0,4,4,0.0,0.6623791095953268,0.6214436071072406,0.5691187186282938,0.5294380591236487,0.5068106891389543,0.5356466000804769,0.5036155884483403,0.5325468095762231,0.5354693983719951
AMZN|2018-09-20 13:30:00+00:00,AMZN,2018-09-20,2018-09,development,1,0,0,0.0,0,0,0.0,0.4848397660757765,0.4848397660757765,0.4848397660757765,0.4848397660757765,0.4848397660757765,0.4848397660757765,0.4848397660757765,0.4848397660757765,0.4848397660757765
AAPL|2018-09-20 14:30:00+00:00,AAPL,2018-09-20,2018-09,development,0,1,1,1.0,2,2,0.0,0.5642205265414122,0.5370473517048163,0.5538609635259025,0.5734098434903115,0.5170821101073796,0.5176352018335421,0.5017864455874166,0.5892832401528143,0.6047840068356813
AMZN|2018-09-20 14:30:00+00:00,AMZN,2018-09-20,2018-09,development,1,0,0,0.0,0,0,0.0,0.4037792540462292,0.4037792540462292,0.4037792540462292,0.4037792540462292,0.4037792540462292,0.4037792540462292,0.4037792540462292,0.4037792540462292,0.4037792540462292
AAPL|2018-09-20 15:30:00+00:00,AAPL,2018-09-20,2018-09,development,0,1,1,1.0,6,6,0.0,0.6181909628513144,0.4908189406578286,0.5364407020751377,0.6417601992814085,0.5336331431057038,0.4742347897570433,0.4973887670757204,0.5217020391392112,0.5826135527074882
AMZN|2018-09-20 15:30:00+00:00,AMZN,2018-09-20,2018-09,development,0,0,0,0.0,0,0,0.0,0.449662576801937,0.449662576801937,0.449662576801937,0.449662576801937,0.449662576801937,0.449662576801937,0.449662576801937,0.449662576801937,0.449662576801937
AAPL|2018-09-21 13:30:00+00:00,AAPL,2018-09-21,2018-09,development,0,1,1,1.0,2,2,0.0,0.6945220874291683,0.6533691105889607,0.6193153092361893,0.5635613896277445,0.5147648573320901,0.5819574450152247,0.5083736426931926,0.6378816931886365,0.6441746366712008
AMZN|2018-09-21 13:30:00+00:00,AMZN,2018-09-21,2018-09,development,0,1,1,0.0,3,3,0.0,0.7228857855212308,0.6057828173036242,0.4923735318353069,0.733647257887047,0.5025461250980421,0.77854753094858,0.5031593053749205,0.7973826598256167,0.584748148794746
AAPL|2018-09-21 14:30:00+00:00,AAPL,2018-09-21,2018-09,development,1,0,0,0.0,0,0,0.0,0.5737643054669467,0.5737643054669467,0.5737643054669467,0.5737643054669467,0.5737643054669467,0.5737643054669467,0.5737643054669467,0.5737643054669467,0.5737643054669467
AMZN|2018-09-21 14:30:00+00:00,AMZN,2018-09-21,2018-09,development,0,1,1,0.0,2,2,0.0,0.7304426150378779,0.7133178432786146,0.4843293544850699,0.6867021841052077,0.5019720254278972,0.9052649223731428,0.5056718651046249,0.7439770574915265,0.560397346139514
AAPL|2018-09-21 15:30:00+00:00,AAPL,2018-09-21,2018-09,development,0,1,1,1.0,1,1,0.0,0.5461307306191462,0.4836955340487476,0.5066562226893038,0.9196724844171936,0.637240723641494,0.7253261572123539,0.5245616273285436,0.8348663953416012,0.8820875354620685
AMZN|2018-09-21 15:30:00+00:00,AMZN,2018-09-21,2018-09,development,0,1,1,0.0,2,2,0.0,0.5252272823518584,0.3544225044153901,0.4739251589520609,0.2509728810665822,0.4972522822172864,0.1825011718279938,0.49623190731670963,0.2533597098782997,0.3435763925174989
AAPL|2018-09-24 13:30:00+00:00,AAPL,2018-09-24,2018-09,development,1,1,1,1.0,3,3,0.0,0.5446893565753269,0.5646436745594409,0.586364428788082,0.8815758522899624,0.6139450405374978,0.7514127428355424,0.5279727860800152,0.7891622279296754,0.8158533501879249
AMZN|2018-09-24 13:30:00+00:00,AMZN,2018-09-24,2018-09,development,1,1,1,0.0,1,1,0.0,0.5146883782185759,0.5546375135927675,0.4471521807233521,0.5234523771030491,0.5002359125335105,0.5452859477628978,0.5004564576724063,0.54199944088917,0.4696441508086845
AAPL|2018-09-24 14:30:00+00:00,AAPL,2018-09-24,2018-09,development,1,1,1,0.0,12,9,0.7278966977956857,0.4725770424359607,0.4419940211674992,0.5436572169554805,0.643764077968531,0.5341350365972497,0.5393323475409256,0.5039908913257571,0.547504168937196,0.4687943204361745
AMZN|2018-09-24 14:30:00+00:00,AMZN,2018-09-24,2018-09,development,1,1,1,0.0,1,1,0.0,0.5040079624460727,0.611119896302752,0.509832235069733,0.3895477803033885,0.49887114684493816,0.480700171134968,0.49980590486547816,0.3753389886435904,0.4424883475295915
AAPL|2018-09-24 15:30:00+00:00,AAPL,2018-09-24,2018-09,development,1,1,1,0.0,12,9,0.7278966977956857,0.5737610738886317,0.6009843581668352,0.5355322661563305,0.7442176420478369,0.561393608061059,0.6759053304658951,0.5185980844813736,0.7074343991858648,0.674312789494997
AMZN|2018-09-24 15:30:00+00:00,AMZN,2018-09-24,2018-09,development,1,1,1,0.0,1,1,0.0,0.5366732824541841,0.6035159487578327,0.4901832820443151,0.4335050977729899,0.4993276217387157,0.5210457419208747,0.5002116733941467,0.4512887451885354,0.4313888654762259
AAPL|2018-09-25 13:30:00+00:00,AAPL,2018-09-25,2018-09,development,1,1,1,1.0,8,8,0.0,0.7059308743085243,0.642567607700019,0.5798913219112295,0.7398492447276228,0.560094541185426,0.6609494247679226,0.5168917729865316,0.7340188778330808,0.7543682736132512
AMZN|2018-09-25 13:30:00+00:00,AMZN,2018-09-25,2018-09,development,1,0,0,0.0,0,0,0.0,0.4926692490053283,0.4926692490053283,0.4926692490053283,0.4926692490053283,0.4926692490053283,0.4926692490053283,0.4926692490053283,0.4926692490053283,0.4926692490053283
AAPL|2018-09-25 14:30:00+00:00,AAPL,2018-09-25,2018-09,development,1,1,1,0.0,9,8,0.7108521629747843,0.6054670735274074,0.5180586762033645,0.5291685044184685,0.6553433813238205,0.5370592808820573,0.5531443813704232,0.5054015076546958,0.5842297508482139,0.5957526342918261
AMZN|2018-09-25 14:30:00+00:00,AMZN,2018-09-25,2018-09,development,1,0,0,0.0,0,0,0.0,0.4256680383893373,0.4256680383893373,0.4256680383893373,0.4256680383893373,0.4256680383893373,0.4256680383893373,0.4256680383893373,0.4256680383893373,0.4256680383893373
AAPL|2018-09-25 15:30:00+00:00,AAPL,2018-09-25,2018-09,development,1,1,1,0.0,14,13,0.4200940367065099,0.5769419780993184,0.5437106340976566,0.5361139914702623,0.6883155045975735,0.5456457957337622,0.5939672762102699,0.5096282413783135,0.6392314833724865,0.7027054997424276
AMZN|2018-09-25 15:30:00+00:00,AMZN,2018-09-25,2018-09,development,1,1,1,0.0,1,1,0.0,0.5097624529468769,0.4334703772600954,0.4722787262354544,0.5044644350599243,0.5000448769604209,0.5228500771254465,0.5002298453060063,0.4697361624924102,0.4961405902226976
AAPL|2018-09-26 13:30:00+00:00,AAPL,2018-09-26,2018-09,development,1,1,1,1.0,15,15,0.0,0.6749333433699016,0.6224424673261446,0.5360715647442796,0.7919380286220599,0.5766176184105157,0.689233983055779,0.5201531790314566,0.7760732851208934,0.8300108081751055
AMZN|2018-09-26 13:30:00+00:00,AMZN,2018-09-26,2018-09,development,1,1,1,0.0,1,1,0.0,0.6486797911714304,0.5959840500202246,0.5156982030182271,0.6038285744058746,0.5010590681982269,0.5859630977997538,0.5008727540466884,0.5647002824297797,0.5660744859292463
AAPL|2018-09-26 14:30:00+00:00,AAPL,2018-09-26,2018-09,development,1,1,1,1.0,12,12,0.0,0.5382971017806135,0.5073472067606858,0.5300023527893568,0.5823666172005666,0.5192007971399581,0.5287376671340392,0.5029131075686841,0.5608114432571405,0.6426019981130934
AMZN|2018-09-26 14:30:00+00:00,AMZN,2018-09-26,2018-09,development,1,1,1,0.0,2,2,0.0,0.4716981550632627,0.6265580669975809,0.476231385827907,0.4425165383869342,0.49941961983209676,0.5178407785435598,0.50017940873313,0.4726683209957735,0.4866495222164051
AAPL|2018-09-26 15:30:00+00:00,AAPL,2018-09-26,2018-09,development,0,1,1,1.0,16,16,0.0,0.5344160202386264,0.4663641857501845,0.5820534618650633,0.5656571996675221,0.5152569874814468,0.4420712121950516,0.49410803809138687,0.5507492310835154,0.6562385993849609
AMZN|2018-09-26 15:30:00+00:00,AMZN,2018-09-26,2018-09,development,1,1,1,0.0,2,2,0.0,0.4580385592708502,0.6234263464062099,0.4520363681216919,0.4489852737127823,0.4994854179465007,0.5510727153688465,0.5005151710884367,0.5077865292502833,0.471797962564751
AAPL|2018-09-27 13:30:00+00:00,AAPL,2018-09-27,2018-09,development,1,1,1,1.0,8,7,0.8058372465759962,0.7242381259021443,0.6700740516042251,0.6665783911031586,0.8995148666947661,0.6239956848574447,0.7446531979229148,0.5270676237488394,0.8685260293805888,0.906202481090206
AMZN|2018-09-27 13:30:00+00:00,AMZN,2018-09-27,2018-09,development,1,1,1,0.0,1,1,0.0,0.5270809000164488,0.596789807753876,0.564760677100655,0.6635904966822915,0.5017071369880851,0.6991197469064659,0.5021186873337521,0.6781455694549263,0.5361202797123862
AAPL|2018-09-27 14:30:00+00:00,AAPL,2018-09-27,2018-09,development,1,1,1,0.0,10,9,0.6621176784445003,0.6315111709383453,0.5761758110367786,0.6116248898645411,0.7642903962750994,0.5675489240089472,0.6112493346214214,0.511454541388848,0.7270772250667621,0.7574872879764283
AMZN|2018-09-27 14:30:00+00:00,AMZN,2018-09-27,2018-09,development,1,1,1,1.0,1,1,0.0,0.4250825698563696,0.5894433994247218,0.5227499373803031,0.8476578923152499,0.5043130061338897,0.8831936499321942,0.5050836087236934,0.7971252543202405,0.6527034899068239
AAPL|2018-09-27 15:30:00+00:00,AAPL,2018-09-27,2018-09,development,0,1,1,1.0,12,11,0.6193453994856714,0.5362061446077486,0.5031091988493994,0.5006379931663064,0.4347366114428588,0.4848355250328291,0.4545219560493914,0.4953823351660778,0.4421148638904633,0.4077871904690207
AMZN|2018-09-27 15:30:00+00:00,AMZN,2018-09-27,2018-09,development,1,1,1,1.0,2,2,0.0,0.492169323855023,0.6085383535018827,0.5164197673276685,0.6271576218290354,0.5013068415866907,0.6264336175939169,0.5012990638906315,0.615445189857013,0.5403955445060715
AAPL|2018-09-28 13:30:00+00:00,AAPL,2018-09-28,2018-09,development,1,1,1,1.0,7,7,0.0,0.6916333593645972,0.6458872168048579,0.6052382171912768,0.8709157174800323,0.6085436534031479,0.738276190482823,0.5262278559730509,0.8355391165257285,0.8645182700404838
AMZN|2018-09-28 13:30:00+00:00,AMZN,2018-09-28,2018-09,development,1,1,1,0.0,2,2,0.0,0.4797925636844632,0.5353540996612525,0.4170814219362997,0.300831399735101,0.4978807290238301,0.2882613059091274,0.4977286941225173,0.3601190446807152,0.3855413116705967
AAPL|2018-09-28 14:30:00+00:00,AAPL,2018-09-28,2018-09,development,0,1,1,1.0,9,9,0.0,0.5944567870742425,0.5271675512184751,0.5917361394596148,0.6977723796015043,0.5481916916778496,0.5699638718385843,0.5071307336562068,0.6799278341211027,0.6754499226386382
AMZN|2018-09-28 14:30:00+00:00,AMZN,2018-09-28,2018-09,development,0,1,1,0.0,1,1,0.0,0.4841385092354002,0.5227658341867581,0.4736830933818459,0.2993004442130507,0.4978624114904278,0.3771618453275925,0.4987394715388404,0.3184057072653029,0.3808378655742149
AAPL|2018-09-28 15:30:00+00:00,AAPL,2018-09-28,2018-09,development,0,1,1,1.0,12,12,0.0,0.4294870523997914,0.4364985723236734,0.4698719975532768,0.4101249906092805,0.4790137868268756,0.4387901305399724,0.4937710655932034,0.4538101341805349,0.4457677324443222
AMZN|2018-09-28 15:30:00+00:00,AMZN,2018-09-28,2018-09,development,0,1,1,0.0,2,2,0.0,0.4259540610527167,0.6057729890599185,0.3493658351600148,0.3472438719619363,0.4984138852939676,0.4769290644672566,0.4997679299706361,0.3486775492640922,0.3799151242681234
AAPL|2018-10-01 13:30:00+00:00,AAPL,2018-10-01,2018-10,development,0,1,1,0.0,1,1,0.0,0.606442042945006,0.6083533709274278,0.5937115076682647,0.267009357571876,0.44191850641376423,0.4352006175164928,0.49340179196306033,0.389043655330457,0.6416025110028817
AMZN|2018-10-01 13:30:00+00:00,AMZN,2018-10-01,2018-10,development,1,0,0,0.0,0,0,0.0,0.7126205176769206,0.7126205176769206,0.7126205176769206,0.7126205176769206,0.7126205176769206,0.7126205176769206,0.7126205176769206,0.7126205176769206,0.7126205176769206
AAPL|2018-10-01 14:30:00+00:00,AAPL,2018-10-01,2018-10,development,0,1,1,0.0,3,3,0.0,0.5708508111501758,0.5231870146088077,0.550803273938872,0.4515517367472559,0.4887700945228564,0.5506201144632819,0.5051431505540113,0.4070831998274282,0.3052681370400764
AMZN|2018-10-01 14:30:00+00:00,AMZN,2018-10-01,2018-10,development,0,0,0,0.0,0,0,0.0,0.6783406703108167,0.6783406703108167,0.6783406703108167,0.6783406703108167,0.6783406703108167,0.6783406703108167,0.6783406703108167,0.6783406703108167,0.6783406703108167
AAPL|2018-10-01 15:30:00+00:00,AAPL,2018-10-01,2018-10,development,0,1,1,0.0,4,4,0.0,0.5755287274581448,0.4937639558003743,0.512215355474779,0.6035745967856626,0.5242688191898787,0.5602111280015885,0.5061263057962547,0.5726667626472978,0.5384217102571512
AMZN|2018-10-01 15:30:00+00:00,AMZN,2018-10-01,2018-10,development,0,0,0,0.0,0,0,0.0,0.4610882432788805,0.4610882432788805,0.4610882432788805,0.4610882432788805,0.4610882432788805,0.4610882432788805,0.4610882432788805,0.4610882432788805,0.4610882432788805
AAPL|2018-10-02 13:30:00+00:00,AAPL,2018-10-02,2018-10,development,1,1,1,1.0,5,5,0.0,0.6814053785236048,0.6412582441454203,0.5777841527544144,0.5450652159733583,0.5104415422104173,0.5921158980003981,0.5094341198328549,0.6217643713274353,0.6415114641991712
AMZN|2018-10-02 13:30:00+00:00,AMZN,2018-10-02,2018-10,development,0,1,1,0.0,4,3,1.4511034136805248,0.5133987307730866,0.5275384253079839,0.2947977739178816,0.5082417256612292,0.500082851976127,0.4899506958511189,0.4998989724417592,0.6398265277646403,0.5143847873641387
AAPL|2018-10-02 14:30:00+00:00,AAPL,2018-10-02,2018-10,development,1,1,1,1.0,4,3,1.344893088397585,0.5780397772307945,0.5231664602691656,0.575742078295731,0.3263018071378169,0.4582125661108145,0.4134593129992014,0.49114884216379934,0.3406896040332311,0.1610320011195314
AMZN|2018-10-02 14:30:00+00:00,AMZN,2018-10-02,2018-10,development,0,1,1,0.0,2,1,0.0,0.4494916155152558,0.4597161551525879,0.4006204318252504,0.6106844675175904,0.5011313076904389,0.5666688871399505,0.5006741586976563,0.2725628303604012,0.409165276195827
AAPL|2018-10-02 15:30:00+00:00,AAPL,2018-10-02,2018-10,development,0,1,1,1.0,6,5,0.7844396588021291,0.489939196600982,0.513314673298991,0.430504848315746,0.4886924467124595,0.49738636509141443,0.5160049580251067,0.5016211844745326,0.4406766538627075,0.4418891411911376
AMZN|2018-10-02 15:30:00+00:00,AMZN,2018-10-02,2018-10,development,0,1,1,0.0,2,2,0.0,0.3868551089237731,0.6681594859493163,0.3537430316663728,0.362631025567771,0.4985827882695636,0.6735884282047754,0.501820530709613,0.3518927437211862,0.3909127201106397
AAPL|2018-10-03 13:30:00+00:00,AAPL,2018-10-03,2018-10,development,1,1,1,0.0,7,7,0.0,0.7144239608453385,0.6576368216516713,0.6202952040912335,0.9573205515251888,0.6723490061944094,0.8240846861804842,0.5390131264207378,0.9304370690950357,0.968472359820994
AMZN|2018-10-03 13:30:00+00:00,AMZN,2018-10-03,2018-10,development,0,0,0,0.0,0,0,0.0,0.4545657624427694,0.4545657624427694,0.4545657624427694,0.4545657624427694,0.4545657624427694,0.4545657624427694,0.4545657624427694,0.4545657624427694,0.4545657624427694
AAPL|2018-10-03 14:30:00+00:00,AAPL,2018-10-03,2018-10,development,0,1,1,1.0,7,7,0.0,0.627625858053895,0.5541320940688255,0.6235313724784888,0.8012673518701439,0.5798632759914336,0.6379890780099031,0.5143405012100388,0.769048076685033,0.833962398333322
AMZN|2018-10-03 14:30:00+00:00,AMZN,2018-10-03,2018-10,development,0,0,0,0.0,0,0,0.0,0.4258358753123029,0.4258358753123029,0.4258358753123029,0.4258358753123029,0.4258358753123029,0.4258358753123029,0.4258358753123029,0.4258358753123029,0.4258358753123029
AAPL|2018-10-03 15:30:00+00:00,AAPL,2018-10-03,2018-10,development,0,1,1,1.0,6,6,0.0,0.5142335365661925,0.4977890545974877,0.5272106167528062,0.6064072202807618,0.5249519864351335,0.5458725843909555,0.5046579480901965,0.6414900747553831,0.689965511701801
AMZN|2018-10-03 15:30:00+00:00,AMZN,2018-10-03,2018-10,development,0,0,0,0.0,0,0,0.0,0.2713486650208426,0.2713486650208426,0.2713486650208426,0.2713486650208426,0.2713486650208426,0.2713486650208426,0.2713486650208426,0.2713486650208426,0.2713486650208426
AAPL|2018-10-04 13:30:00+00:00,AAPL,2018-10-04,2018-10,development,0,1,1,1.0,5,5,0.0,0.7045255966259323,0.6585344818106402,0.5934505848110769,0.649137601908089,0.5354868471931504,0.6057866302038183,0.5108743352832928,0.5492240797506249,0.5678470711207363
AMZN|2018-10-04 13:30:00+00:00,AMZN,2018-10-04,2018-10,development,0,1,1,0.0,1,1,0.0,0.5003664393561614,0.547441723134445,0.4888696691603912,0.8836660386115001,0.5050951347858683,0.9022080114423228,0.505583568790253,0.8864326684444341,0.6905918131153324
AAPL|2018-10-04 14:30:00+00:00,AAPL,2018-10-04,2018-10,development,0,1,1,1.0,6,6,0.0,0.6111471431911316,0.5325958259284802,0.5449134074000876,0.609531443802513,0.5257073782341697,0.5266566752764051,0.5027017474538027,0.6038756514745425,0.6313237844922129
AMZN|2018-10-04 14:30:00+00:00,AMZN,2018-10-04,2018-10,development,0,1,1,0.0,2,2,0.0,0.3468265150131952,0.5989511520100177,0.4720092823427114,0.7858972879470119,0.5032677305003366,0.8669353403550417,0.5047094705008015,0.806232359067075,0.6140599927970818
AAPL|2018-10-04 15:30:00+00:00,AAPL,2018-10-04,2018-10,development,0,1,1,1.0,9,9,0.0,0.5879070625524482,0.4894269849881089,0.4920015017296551,0.6819854456044412,0.5439639967519712,0.5329326437728762,0.5033394916954436,0.6286286971395636,0.6870342740706449
AMZN|2018-10-04 15:30:00+00:00,AMZN,2018-10-04,2018-10,development,0,1,1,0.0,2,2,0.0,0.1517774871146847,0.2341997308938859,0.3690160886983757,0.5555901283665141,0.5005611022127383,0.4931366249504524,0.49993100614821007,0.6011391586614763,0.4979999344928387
AAPL|2018-10-05 13:30:00+00:00,AAPL,2018-10-05,2018-10,development,0,1,1,0.0,18,17,0.3858858210045646,0.656800074825943,0.6161897416342611,0.6467351190437604,0.8814956321804585,0.6139029630696792,0.7168757069670065,0.5235003507461681,0.8571591808192833,0.9096130102404248
AMZN|2018-10-05 13:30:00+00:00,AMZN,2018-10-05,2018-10,development,0,1,1,0.0,5,5,0.0,0.5174461760409084,0.5649688177182328,0.3835085288369158,0.5361057989596673,0.500363562311439,0.5531437316899414,0.500536217195918,0.5559784619037446,0.468746746877185
AAPL|2018-10-05 14:30:00+00:00,AAPL,2018-10-05,2018-10,development,0,1,1,0.0,17,15,0.706366285015699,0.5620390878662055,0.5486483263399994,0.6360977220513107,0.8337261222373928,0.5920872340501925,0.6690432224040547,0.5178104164015146,0.8081714972385765,0.865061812983668
AMZN|2018-10-05 14:30:00+00:00,AMZN,2018-10-05,2018-10,development,0,1,1,0.0,4,4,0.0,0.5374989258118293,0.6396732602006793,0.3832069261995818,0.4762773112355993,0.499761364278195,0.6773622573422754,0.5018637928698906,0.4814911067807225,0.4473241539146699
AAPL|2018-10-05 15:30:00+00:00,AAPL,2018-10-05,2018-10,development,1,1,1,0.0,12,11,0.5553992473216526,0.5437784794305254,0.4577995398846441,0.6105214640853821,0.7816495319401338,0.5731530404631359,0.5936026746868612,0.5095899902797383,0.7598736248449619,0.7946945500248844
AMZN|2018-10-05 15:30:00+00:00,AMZN,2018-10-05,2018-10,development,1,1,1,0.0,1,1,0.0,0.4492191066577042,0.4113050677638595,0.5012422509573468,0.8886008627752567,0.5052180416004544,0.8502415620411521,0.5043636346553025,0.8854223187992508,0.6660999486005563
AAPL|2018-10-08 13:30:00+00:00,AAPL,2018-10-08,2018-10,development,0,1,1,1.0,3,3,0.0,0.6606820780569512,0.6054661337040959,0.5603430256536804,0.7840668583172508,0.5739568562237635,0.6918236485439622,0.5204594442367971,0.732423532115265,0.7553335226753599
AMZN|2018-10-08 13:30:00+00:00,AMZN,2018-10-08,2018-10,development,0,1,1,0.0,1,1,0.0,0.6433615050963961,0.7141319103276738,0.6267469488040741,0.889939002016921,0.5052521879767453,0.89423126730749,0.5053642314583159,0.9093136705652064,0.7226302967688454
AAPL|2018-10-08 14:30:00+00:00,AAPL,2018-10-08,2018-10,development,0,1,1,1.0,3,3,0.0,0.5591751523451101,0.5033978152332417,0.5165079295002627,0.5963940189539961,0.5225439962388825,0.5669906046503582,0.5068239692340301,0.5973998227465692,0.6000527869309938
AMZN|2018-10-08 14:30:00+00:00,AMZN,2018-10-08,2018-10,development,0,1,1,0.0,1,1,0.0,0.6157476701787507,0.7261628229305996,0.6191852296899952,0.8775197565003212,0.5049482308584587,0.9057029392184844,0.5056847249129325,0.9060515637329548,0.7165649375879218
AAPL|2018-10-08 15:30:00+00:00,AAPL,2018-10-08,2018-10,development,1,1,1,1.0,7,7,0.0,0.4900332036920609,0.4655756071661461,0.4175703332942646,0.4272828689025811,0.4830812819053741,0.4792245474798389,0.4978951116304031,0.4115654430000841,0.3766597726503053
AMZN|2018-10-08 15:30:00+00:00,AMZN,2018-10-08,2018-10,development,0,1,1,0.0,2,2,0.0,0.5743567031505804,0.5936589630988391,0.556669499492802,0.9104638941957068,0.5058280725600045,0.8610215805478314,0.504583008422758,0.9309251256473282,0.7103819174487688
AAPL|2018-10-09 13:30:00+00:00,AAPL,2018-10-09,2018-10,development,1,1,1,1.0,7,6,0.7491852676725546,0.7268487930805362,0.6480445156042495,0.5990203694667263,0.8822787975263753,0.6143147392624272,0.7441342395444238,0.52699878102066,0.8783487473356949,0.9228542593169436
AMZN|2018-10-09 13:30:00+00:00,AMZN,2018-10-09,2018-10,development,1,0,0,0.0,0,0,0.0,0.5887206579384774,0.5887206579384774,0.5887206579384774,0.5887206579384774,0.5887206579384774,0.5887206579384774,0.5887206579384774,0.5887206579384774,0.5887206579384774
AAPL|2018-10-09 14:30:00+00:00,AAPL,2018-10-09,2018-10,development,0,1,1,1.0,12,11,0.4344130510339521,0.6551279639642505,0.6513479102547438,0.5705056048506016,0.6354956859577287,0.532071578603832,0.6647278061697841,0.5173192630098898,0.6414814153812738,0.6690266466921789
AMZN|2018-10-09 14:30:00+00:00,AMZN,2018-10-09,2018-10,development,0,1,1,0.0,1,1,0.0,0.711675504412747,0.542811639199925,0.6002801254714417,0.6439880822629883,0.5014894665957093,0.5153954250594498,0.5001548012124744,0.6044763659544868,0.5899609963743478
AAPL|2018-10-09 15:30:00+00:00,AAPL,2018-10-09,2018-10,development,1,1,1,1.0,9,8,0.6202645616979738,0.6426574840980255,0.6132925248110787,0.515439411206271,0.5412860513023654,0.509561951398737,0.6006861017305801,0.5103351028357643,0.5652256921045284,0.5027986501881841
AMZN|2018-10-09 15:30:00+00:00,AMZN,2018-10-09,2018-10,development,0,1,1,0.0,1,1,0.0,0.7842902539133549,0.7861227860384562,0.6138013024348036,0.7455724662608486,0.5027017470236478,0.8628333575537116,0.5046212627639286,0.7441185849072838,0.6181244739419862
AAPL|2018-10-10 13:30:00+00:00,AAPL,2018-10-10,2018-10,development,0,1,1,1.0,5,5,0.0,0.7804778515590037,0.6785234459675726,0.6304076408380717,0.8883826976203026,0.6176023443540107,0.7453335318079994,0.5271580117028809,0.8930462456114943,0.9279889005166458
AMZN|2018-10-10 13:30:00+00:00,AMZN,2018-10-10,2018-10,development,0,1,1,0.0,1,1,0.0,0.3093242442868119,0.5979156216408478,0.4853391094516431,0.5259119614325017,0.5002606963095986,0.5693349882614306,0.500701462975769,0.5140604437931193,0.4842415244279201
AAPL|2018-10-10 14:30:00+00:00,AAPL,2018-10-10,2018-10,development,0,1,1,0.0,5,5,0.0,0.6950574048883102,0.5768873591010677,0.592140826852736,0.7868801087832737,0.5749000815162832,0.654852286532047,0.5162067310542355,0.7056185786576479,0.7274345312859608
AMZN|2018-10-10 14:30:00+00:00,AMZN,2018-10-10,2018-10,development,0,1,1,0.0,1,1,0.0,0.2846061900036409,0.6196280066243818,0.4773017975230411,0.495693189342681,0.4999567075760901,0.6266680925873265,0.5013015820963242,0.496399497491553,0.4765311297052328
AAPL|2018-10-10 15:30:00+00:00,AAPL,2018-10-10,2018-10,development,0,1,1,0.0,4,4,0.0,0.5758564650700134,0.4587772870301649,0.5403975815446095,0.7795262779706652,0.5724519695107454,0.591712705687175,0.50939188029635,0.7476541490472736,0.7871581278842373
AMZN|2018-10-10 15:30:00+00:00,AMZN,2018-10-10,2018-10,development,0,1,1,0.0,1,1,0.0,0.664650522207899,0.3361855526533585,0.4695873359983555,0.6988815937494003,0.5021158429326126,0.3637315402514957,0.49859474572432994,0.6885899135453386,0.5266471185906447
AAPL|2018-10-11 13:30:00+00:00,AAPL,2018-10-11,2018-10,development,1,1,1,1.0,9,8,0.7271266663222388,0.6844290701191766,0.5982941421320451,0.6071042745162821,0.908406422474053,0.6295361575063502,0.7207538700479613,0.5239849831528299,0.8359972402794729,0.8693459995985495
AMZN|2018-10-11 13:30:00+00:00,AMZN,2018-10-11,2018-10,development,1,0,0,0.0,0,0,0.0,0.2868047854006068,0.2868047854006068,0.2868047854006068,0.2868047854006068,0.2868047854006068,0.2868047854006068,0.2868047854006068,0.2868047854006068,0.2868047854006068
AAPL|2018-10-11 14:30:00+00:00,AAPL,2018-10-11,2018-10,development,0,1,1,0.0,9,8,0.7172629182095609,0.5748342956054996,0.5059088017530028,0.5589668131573107,0.7762559670127738,0.5713809985943581,0.6348792366359594,0.5140005428513418,0.7389435327984951,0.7538270531903624
AMZN|2018-10-11 14:30:00+00:00,AMZN,2018-10-11,2018-10,development,0,0,0,0.0,0,0,0.0,0.3760827763575799,0.3760827763575799,0.3760827763575799,0.3760827763575799,0.3760827763575799,0.3760827763575799,0.3760827763575799,0.3760827763575799,0.3760827763575799
AAPL|2018-10-11 15:30:00+00:00,AAPL,2018-10-11,2018-10,development,1,1,1,0.0,9,8,0.7172629182095609,0.4977950165323469,0.4926933894115198,0.4770213298309279,0.7534593495550829,0.5641880191824123,0.6130060067956989,0.5116417387731281,0.7414033399263678,0.7547760648126438
AMZN|2018-10-11 15:30:00+00:00,AMZN,2018-10-11,2018-10,development,1,0,0,0.0,0,0,0.0,0.55540773461197,0.55540773461197,0.55540773461197,0.55540773461197,0.55540773461197,0.55540773461197,0.55540773461197,0.55540773461197,0.55540773461197
AAPL|2018-10-12 13:30:00+00:00,AAPL,2018-10-12,2018-10,development,0,1,1,1.0,7,7,0.0,0.6933869123562694,0.5935488913036414,0.5365089324702034,0.7620147746521889,0.5668346675556352,0.5781315386690434,0.5079761519242127,0.7313056355518278,0.8124199205141246
AMZN|2018-10-12 13:30:00+00:00,AMZN,2018-10-12,2018-10,development,0,0,0,0.0,0,0,0.0,0.2752057028051662,0.2752057028051662,0.2752057028051662,0.2752057028051662,0.2752057028051662,0.2752057028051662,0.2752057028051662,0.2752057028051662,0.2752057028051662
AAPL|2018-10-12 14:30:00+00:00,AAPL,2018-10-12,2018-10,development,0,1,1,0.0,9,8,0.6626860982349057,0.6587995648386493,0.5600892897521003,0.4616757895780512,0.739487388154284,0.5599875345582892,0.6113792960583243,0.511468380052738,0.6965106681814757,0.7162450429309024
AMZN|2018-10-12 14:30:00+00:00,AMZN,2018-10-12,2018-10,development,0,0,0,0.0,0,0,0.0,0.2375503245850167,0.2375503245850167,0.2375503245850167,0.2375503245850167,0.2375503245850167,0.2375503245850167,0.2375503245850167,0.2375503245850167,0.2375503245850167
AAPL|2018-10-12 15:30:00+00:00,AAPL,2018-10-12,2018-10,development,1,1,1,0.0,8,7,0.6497764950801858,0.663072056267697,0.4681917954597829,0.4354383058670217,0.6492573009802581,0.5355170607859372,0.4980506459800822,0.49980261055891273,0.6167959081105454,0.5714452030212973
AMZN|2018-10-12 15:30:00+00:00,AMZN,2018-10-12,2018-10,development,0,1,1,0.0,1,1,0.0,0.2989557959645308,0.1370909003124353,0.4393105394149305,0.1575107919428744,0.49578620216291414,0.105941642656031,0.4946403587832633,0.1446811267105387,0.3531852981982634
AAPL|2018-10-15 13:30:00+00:00,AAPL,2018-10-15,2018-10,development,0,1,1,0.0,3,3,0.0,0.6091603040829673,0.592603656182354,0.527247791538266,0.4343888408759592,0.48475382912595627,0.4983253129720747,0.49983042325876886,0.4284663171387375,0.3958526692779065
AMZN|2018-10-15 13:30:00+00:00,AMZN,2018-10-15,2018-10,development,0,0,0,0.0,0,0,0.0,0.8991865608128989,0.8991865608128989,0.8991865608128989,0.8991865608128989,0.8991865608128989,0.8991865608128989,0.8991865608128989,0.8991865608128989,0.8991865608128989
AAPL|2018-10-15 14:30:00+00:00,AAPL,2018-10-15,2018-10,development,0,1,1,0.0,3,3,0.0,0.5606150458349124,0.5496442016860282,0.4865808829345512,0.6071866778006604,0.5251402591394632,0.6149227581551769,0.5118463489693064,0.6161353772347324,0.607572547490012
AMZN|2018-10-15 14:30:00+00:00,AMZN,2018-10-15,2018-10,development,1,1,1,0.0,1,1,0.0,0.9506935516673084,0.9272558686508529,0.6795893125794669,0.9462434510180532,0.5072067535031081,0.9750810639480796,0.5092137074453187,0.9480647016933936,0.698326862347716
AAPL|2018-10-15 15:30:00+00:00,AAPL,2018-10-15,2018-10,development,0,1,1,0.0,4,4,0.0,0.6203281058367336,0.5196716371112736,0.504056638462715,0.8111392861920554,0.5834171054720056,0.5997643606389702,0.5102379027505799,0.7677540980214276,0.8105109089589645
AMZN|2018-10-15 15:30:00+00:00,AMZN,2018-10-15,2018-10,development,0,1,1,0.0,1,1,0.0,0.6713764676596451,0.647609815000588,0.4919307457156854,0.6916193541607756,0.5020297079321066,0.8507861580595503,0.5043743979388267,0.6702665149965469,0.4839158939713259
AAPL|2018-10-16 13:30:00+00:00,AAPL,2018-10-16,2018-10,development,1,1,1,1.0,5,5,0.0,0.6314473914359177,0.5949035291284663,0.5613937812524284,0.8738132761456028,0.6099754311542039,0.7196483655933538,0.5238464232874749,0.8642511616177844,0.9005566118925358
AMZN|2018-10-16 13:30:00+00:00,AMZN,2018-10-16,2018-10,development,1,0,0,0.0,0,0,0.0,0.4636747859098064,0.4636747859098064,0.4636747859098064,0.4636747859098064,0.4636747859098064,0.4636747859098064,0.4636747859098064,0.4636747859098064,0.4636747859098064
AAPL|2018-10-16 14:30:00+00:00,AAPL,2018-10-16,2018-10,development,1,1,1,0.0,4,4,0.0,0.550669255229495,0.5269304657266471,0.5046498784142879,0.6005592004313153,0.5235433092314162,0.5459426530738896,0.5046651028303246,0.4788501610356133,0.5367143452561178
AMZN|2018-10-16 14:30:00+00:00,AMZN,2018-10-16,2018-10,development,1,0,0,0.0,0,0,0.0,0.4987062631751989,0.4987062631751989,0.4987062631751989,0.4987062631751989,0.4987062631751989,0.4987062631751989,0.4987062631751989,0.4987062631751989,0.4987062631751989
AAPL|2018-10-16 15:30:00+00:00,AAPL,2018-10-16,2018-10,development,1,1,1,0.0,4,4,0.0,0.6475653137258549,0.596037414208719,0.5440360386075612,0.6764258963990784,0.542500787064654,0.6041627223054138,0.5107023986081329,0.6462724505918821,0.7077886467369761
AMZN|2018-10-16 15:30:00+00:00,AMZN,2018-10-16,2018-10,development,1,0,0,0.0,0,0,0.0,0.4700758569900112,0.4700758569900112,0.4700758569900112,0.4700758569900112,0.4700758569900112,0.4700758569900112,0.4700758569900112,0.4700758569900112,0.4700758569900112
AAPL|2018-10-17 13:30:00+00:00,AAPL,2018-10-17,2018-10,development,0,1,1,1.0,2,2,0.0,0.6673105171455445,0.6340383802833056,0.6352577261864135,0.7807566356743548,0.5728576587410326,0.7096398553010422,0.52260660150142,0.7814370614199526,0.825135022698317
AMZN|2018-10-17 13:30:00+00:00,AMZN,2018-10-17,2018-10,development,0,0,0,0.0,0,0,0.0,0.6292822094689147,0.6292822094689147,0.6292822094689147,0.6292822094689147,0.6292822094689147,0.6292822094689147,0.6292822094689147,0.6292822094689147,0.6292822094689147
AAPL|2018-10-17 14:30:00+00:00,AAPL,2018-10-17,2018-10,development,0,1,1,0.0,3,3,0.0,0.5929265767381955,0.5166436980423363,0.5584202959218718,0.7176127798103551,0.5536770322824422,0.6121753385067553,0.5115531814214616,0.6634773175891894,0.6823346099815615
AMZN|2018-10-17 14:30:00+00:00,AMZN,2018-10-17,2018-10,development,0,0,0,0.0,0,0,0.0,0.6464306152805335,0.6464306152805335,0.6464306152805335,0.6464306152805335,0.6464306152805335,0.6464306152805335,0.6464306152805335,0.6464306152805335,0.6464306152805335
AAPL|2018-10-17 15:30:00+00:00,AAPL,2018-10-17,2018-10,development,1,1,1,0.0,3,3,0.0,0.6005619557398016,0.5217760852376363,0.5546606900068923,0.7179725268521432,0.5537784543131385,0.6028676840623316,0.5105654547115871,0.7239537131780771,0.7635036879309599
AMZN|2018-10-17 15:30:00+00:00,AMZN,2018-10-17,2018-10,development,0,0,0,0.0,0,0,0.0,0.4371346431978942,0.4371346431978942,0.4371346431978942,0.4371346431978942,0.4371346431978942,0.4371346431978942,0.4371346431978942,0.4371346431978942,0.4371346431978942
AAPL|2018-10-18 13:30:00+00:00,AAPL,2018-10-18,2018-10,development,0,1,1,1.0,2,2,0.0,0.6642842952512785,0.603108896788371,0.5712664059147812,0.6003161044376614,0.5234848961720372,0.5923475715937453,0.5094583964090036,0.6646516015855847,0.6523801463904666
AMZN|2018-10-18 13:30:00+00:00,AMZN,2018-10-18,2018-10,development,0,0,0,0.0,0,0,0.0,0.4797842841733448,0.4797842841733448,0.4797842841733448,0.4797842841733448,0.4797842841733448,0.4797842841733448,0.4797842841733448,0.4797842841733448,0.4797842841733448
AAPL|2018-10-18 14:30:00+00:00,AAPL,2018-10-18,2018-10,development,0,1,1,1.0,3,3,0.0,0.5393937372821698,0.4519444549923268,0.510224676910322,0.8336179306481074,0.5920436829258069,0.6279415985989709,0.5132464671406595,0.7151117801661678,0.7568419724887412
AMZN|2018-10-18 14:30:00+00:00,AMZN,2018-10-18,2018-10,development,0,0,0,0.0,0,0,0.0,0.459653486048338,0.459653486048338,0.459653486048338,0.459653486048338,0.459653486048338,0.459653486048338,0.459653486048338,0.459653486048338,0.459653486048338
AAPL|2018-10-18 15:30:00+00:00,AAPL,2018-10-18,2018-10,development,0,1,1,1.0,4,4,0.0,0.420525079230776,0.4141379931948052,0.42782195349082,0.651897808979773,0.5361847075653203,0.5339345978217486,0.503441398970145,0.6028865303033878,0.6153459807117784
AMZN|2018-10-18 15:30:00+00:00,AMZN,2018-10-18,2018-10,development,0,1,1,0.0,2,1,0.0,0.5192628896135487,0.5459026245244597,0.4435974792664122,0.4400321537761752,0.4993942978746022,0.3050423973622718,0.4979308412591163,0.0748848748354011,0.2954792872692829
AAPL|2018-10-19 13:30:00+00:00,AAPL,2018-10-19,2018-10,development,1,1,1,1.0,5,4,1.5518242110455451,0.6429677415244306,0.6047924228680527,0.5563509411386399,0.826525991414687,0.5892339147509645,0.7091124980876279,0.5225419792577264,0.8206846786884221,0.8247262834776494
AMZN|2018-10-19 13:30:00+00:00,AMZN,2018-10-19,2018-10,development,0,0,0,0.0,0,0,0.0,0.6118988928445637,0.6118988928445637,0.6118988928445637,0.6118988928445637,0.6118988928445637,0.6118988928445637,0.6118988928445637,0.6118988928445637,0.6118988928445637
AAPL|2018-10-19 14:30:00+00:00,AAPL,2018-10-19,2018-10,development,0,1,1,0.0,3,2,1.6818391462277995,0.5383612397242321,0.5355546461704281,0.5071992281318685,0.3333649612565676,0.46004643338225876,0.4700675115404877,0.49696549308908766,0.3665974301979551,0.2188991431570251
AMZN|2018-10-19 14:30:00+00:00,AMZN,2018-10-19,2018-10,development,0,1,1,0.0,1,1,0.0,0.5696199879132725,0.5667097974366673,0.5548722100655383,0.7641530481621295,0.5029541624765012,0.805414342750815,0.5035695583045307,0.7374165751725513,0.583847472471588
AAPL|2018-10-19 15:30:00+00:00,AAPL,2018-10-19,2018-10,development,0,1,1,0.0,5,4,1.4337800485500327,0.4977569915217813,0.4795659536454857,0.5138452535120993,0.5253227188906053,0.5058569076697904,0.5395512684876412,0.5040131962841179,0.5585528744031657,0.5115478031486697
AMZN|2018-10-19 15:30:00+00:00,AMZN,2018-10-19,2018-10,development,0,1,1,0.0,1,1,0.0,0.58123593436089,0.5682080307639228,0.559745927177199,0.7857146114049441,0.5032650032378138,0.7574691236503096,0.502861861450592,0.7834813030921342,0.5984597159233221
AAPL|2018-10-22 13:30:00+00:00,AAPL,2018-10-22,2018-10,development,1,1,1,1.0,6,6,0.0,0.6399309659059129,0.6109610664435816,0.5298579347378854,0.7699900499536172,0.5693578656868501,0.7018013129384533,0.5216529682286857,0.8245931468198795,0.8441161922089644
AMZN|2018-10-22 13:30:00+00:00,AMZN,2018-10-22,2018-10,development,1,0,0,0.0,0,0,0.0,0.8226025585362596,0.8226025585362596,0.8226025585362596,0.8226025585362596,0.8226025585362596,0.8226025585362596,0.8226025585362596,0.8226025585362596,0.8226025585362596
AAPL|2018-10-22 14:30:00+00:00,AAPL,2018-10-22,2018-10,development,1,1,1,0.0,5,5,0.0,0.5270752628137024,0.5212004550334575,0.5243040597904807,0.2853072611501791,0.447143490099333,0.4608575764309405,0.49602845800978884,0.33548275917129,0.3234393545985501
AMZN|2018-10-22 14:30:00+00:00,AMZN,2018-10-22,2018-10,development,1,0,0,0.0,0,0,0.0,0.7918807757696066,0.7918807757696066,0.7918807757696066,0.7918807757696066,0.7918807757696066,0.7918807757696066,0.7918807757696066,0.7918807757696066,0.7918807757696066
AAPL|2018-10-22 15:30:00+00:00,AAPL,2018-10-22,2018-10,development,0,1,1,0.0,4,4,0.0,0.4569463631294319,0.5966479201783846,0.4817251112757446,0.2077149436953885,0.4232634880824918,0.5010983333948827,0.5001112156492233,0.2710919639760045,0.2861007223142195
AMZN|2018-10-22 15:30:00+00:00,AMZN,2018-10-22,2018-10,development,0,0,0,0.0,0,0,0.0,0.7793661805921372,0.7793661805921372,0.7793661805921372,0.7793661805921372,0.7793661805921372,0.7793661805921372,0.7793661805921372,0.7793661805921372,0.7793661805921372
AAPL|2018-10-23 13:30:00+00:00,AAPL,2018-10-23,2018-10,development,1,1,1,1.0,6,6,0.0,0.6588783808870863,0.6185415416336333,0.5320840277903278,0.8611812269134257,0.6039126758984975,0.7213249557130211,0.5240566910587456,0.8144743467936502,0.868815996642824
AMZN|2018-10-23 13:30:00+00:00,AMZN,2018-10-23,2018-10,development,0,0,0,0.0,0,0,0.0,0.5987019491599167,0.5987019491599167,0.5987019491599167,0.5987019491599167,0.5987019491599167,0.5987019491599167,0.5987019491599167,0.5987019491599167,0.5987019491599167
AAPL|2018-10-23 14:30:00+00:00,AAPL,2018-10-23,2018-10,development,1,1,1,1.0,5,5,0.0,0.5618314874910395,0.497874511626836,0.5006329019409838,0.8250763945475696,0.5886701379436325,0.6578463312316627,0.5165424014714182,0.8091074841408196,0.8630406838077097
AMZN|2018-10-23 14:30:00+00:00,AMZN,2018-10-23,2018-10,development,1,0,0,0.0,0,0,0.0,0.6608819304531443,0.6608819304531443,0.6608819304531443,0.6608819304531443,0.6608819304531443,0.6608819304531443,0.6608819304531443,0.6608819304531443,0.6608819304531443
AAPL|2018-10-23 15:30:00+00:00,AAPL,2018-10-23,2018-10,development,1,1,1,1.0,8,8,0.0,0.6781980612168468,0.5766877435130309,0.5503767340646831,0.868827654448472,0.6075276238318478,0.6599661339313426,0.5167809010330369,0.8260766980658867,0.8877082578735997
AMZN|2018-10-23 15:30:00+00:00,AMZN,2018-10-23,2018-10,development,1,0,0,0.0,0,0,0.0,0.5486652040589286,0.5486652040589286,0.5486652040589286,0.5486652040589286,0.5486652040589286,0.5486652040589286,0.5486652040589286,0.5486652040589286,0.5486652040589286
AAPL|2018-10-24 13:30:00+00:00,AAPL,2018-10-24,2018-10,development,0,1,1,1.0,5,5,0.0,0.7263001714236416,0.6349121830883124,0.5324036755753935,0.6274034724187841,0.5300702876722363,0.5567400485396662,0.5057700047869205,0.6285181705864697,0.6901347755754856
AMZN|2018-10-24 13:30:00+00:00,AMZN,2018-10-24,2018-10,development,0,0,0,0.0,0,0,0.0,0.6528990038918278,0.6528990038918278,0.6528990038918278,0.6528990038918278,0.6528990038918278,0.6528990038918278,0.6528990038918278,0.6528990038918278,0.6528990038918278
AAPL|2018-10-24 14:30:00+00:00,AAPL,2018-10-24,2018-10,development,0,1,1,1.0,5,5,0.0,0.6364829426377604,0.5242701032621098,0.4693723220233855,0.7953207084241034,0.5777824693836401,0.6096315426372002,0.511282413022728,0.771212526449562,0.8234109380695613
AMZN|2018-10-24 14:30:00+00:00,AMZN,2018-10-24,2018-10,development,0,0,0,0.0,0,0,0.0,0.6875628622762922,0.6875628622762922,0.6875628622762922,0.6875628622762922,0.6875628622762922,0.6875628622762922,0.6875628622762922,0.6875628622762922,0.6875628622762922
AAPL|2018-10-24 15:30:00+00:00,AAPL,2018-10-24,2018-10,development,0,1,1,0.0,2,2,0.0,0.6471536484931564,0.5087789205331021,0.5281360022262807,0.9815239609445856,0.7146524375302574,0.826237280107519,0.5393885165787141,0.9678244431099564,0.9823756793316172
AMZN|2018-10-24 15:30:00+00:00,AMZN,2018-10-24,2018-10,development,0,0,0,0.0,0,0,0.0,0.4147879331944876,0.4147879331944876,0.4147879331944876,0.4147879331944876,0.4147879331944876,0.4147879331944876,0.4147879331944876,0.4147879331944876,0.4147879331944876
AAPL|2018-10-25 13:30:00+00:00,AAPL,2018-10-25,2018-10,development,1,1,1,1.0,3,3,0.0,0.592958941083163,0.582210333002056,0.5669911150517488,0.5631971069988115,0.514679369801828,0.5573879139148371,0.5058364634009537,0.6031613735055237,0.5751339432574151
AMZN|2018-10-25 13:30:00+00:00,AMZN,2018-10-25,2018-10,development,1,0,0,0.0,0,0,0.0,0.3073880676425021,0.3073880676425021,0.3073880676425021,0.3073880676425021,0.3073880676425021,0.3073880676425021,0.3073880676425021,0.3073880676425021,0.3073880676425021
AAPL|2018-10-25 14:30:00+00:00,AAPL,2018-10-25,2018-10,development,1,0,0,0.0,0,0,0.0,0.4925647986371839,0.4925647986371839,0.4925647986371839,0.4925647986371839,0.4925647986371839,0.4925647986371839,0.4925647986371839,0.4925647986371839,0.4925647986371839
AMZN|2018-10-25 14:30:00+00:00,AMZN,2018-10-25,2018-10,development,1,1,1,0.0,1,1,0.0,0.3279133280431264,0.2266500423669654,0.4289720809177493,0.2819082031406,0.49765036069833196,0.2159653636395133,0.49675999904607604,0.2686008406602982,0.379327300452289
AAPL|2018-10-25 15:30:00+00:00,AAPL,2018-10-25,2018-10,development,1,1,1,1.0,2,2,0.0,0.458525037918655,0.5217538732075155,0.5061426300408134,0.5673685086239054,0.5156592168302232,0.597297284465286,0.5099781032038143,0.4997706687647384,0.4709884239091128
AMZN|2018-10-25 15:30:00+00:00,AMZN,2018-10-25,2018-10,development,1,1,1,0.0,1,1,0.0,0.5762834380675946,0.787644103773268,0.5285957578272372,0.5671066768116938,0.5006786394671914,0.899918273620779,0.5055190298596306,0.6034327534432262,0.5016764567740388
AAPL|2018-10-26 13:30:00+00:00,AAPL,2018-10-26,2018-10,development,1,1,1,1.0,1,1,0.0,0.7542682159101507,0.6708028375829597,0.6231381406516355,0.9569267584132352,0.6718602823689539,0.8026155713198618,0.5354497799183258,0.9434459816175932,0.9583104157958732
AMZN|2018-10-26 13:30:00+00:00,AMZN,2018-10-26,2018-10,development,1,0,0,0.0,0,0,0.0,0.6989559071420742,0.6989559071420742,0.6989559071420742,0.6989559071420742,0.6989559071420742,0.6989559071420742,0.6989559071420742,0.6989559071420742,0.6989559071420742
AAPL|2018-10-26 14:30:00+00:00,AAPL,2018-10-26,2018-10,development,1,1,1,1.0,2,2,0.0,0.671291096869865,0.6226398448368576,0.6302122998811166,0.8753362674985099,0.6107385236151008,0.7022977420248245,0.521712933387924,0.8375060967140203,0.848144047561247
AMZN|2018-10-26 14:30:00+00:00,AMZN,2018-10-26,2018-10,development,1,0,0,0.0,0,0,0.0,0.8031889280824444,0.8031889280824444,0.8031889280824444,0.8031889280824444,0.8031889280824444,0.8031889280824444,0.8031889280824444,0.8031889280824444,0.8031889280824444
AAPL|2018-10-26 15:30:00+00:00,AAPL,2018-10-26,2018-10,development,1,1,1,0.0,1,1,0.0,0.625356638749634,0.6000098003233093,0.600329924238142,0.7869806228406485,0.5749339389479299,0.6188688180693678,0.5122687804258247,0.7179079472900367,0.7359821717021188
AMZN|2018-10-26 15:30:00+00:00,AMZN,2018-10-26,2018-10,development,0,1,1,0.0,1,1,0.0,0.6638958014659251,0.8423931032941704,0.4864042417659638,0.7982632123717619,0.5034564560434626,0.866852562018467,0.5047076678989257,0.8514962491249463,0.6153336503294566
AAPL|2018-10-29 13:30:00+00:00,AAPL,2018-10-29,2018-10,development,0,1,1,1.0,12,11,0.5880733317510997,0.6506944592371945,0.5841193207955533,0.6198759769161801,0.6960283702168057,0.5477190562519223,0.6155270477250542,0.5119109337433801,0.6468306161057047,0.7290025155394596
AMZN|2018-10-29 13:30:00+00:00,AMZN,2018-10-29,2018-10,development,0,1,1,0.0,1,1,0.0,0.4941975374724142,0.3867745635896116,0.4575945553327329,0.3645767401358123,0.49860391857788844,0.3078731818651171,0.4979643103292575,0.399970765368847,0.430690314986734
AAPL|2018-10-29 14:30:00+00:00,AAPL,2018-10-29,2018-10,development,0,1,1,1.0,15,14,0.4495698458531592,0.57524630889108,0.5198787455387149,0.5640738403001977,0.5793781558773979,0.518492605594862,0.5476200630741982,0.5048364393753474,0.5883304219323756,0.6401408506130045
AMZN|2018-10-29 14:30:00+00:00,AMZN,2018-10-29,2018-10,development,0,1,1,0.0,1,1,0.0,0.4646447978641295,0.3614917440962747,0.4496153118094319,0.3370378374651621,0.49829993274409007,0.484519591368055,0.4998443437315548,0.3985605801392225,0.4235463340384001
AAPL|2018-10-29 15:30:00+00:00,AAPL,2018-10-29,2018-10,development,0,1,1,0.0,14,13,0.8215756193643708,0.3794627573586911,0.3699639639292442,0.413717319705959,0.3854868787587578,0.4730838402538496,0.4346048003553046,0.49334043096525915,0.4773721160714974,0.4186619883238739
AMZN|2018-10-29 15:30:00+00:00,AMZN,2018-10-29,2018-10,development,0,1,1,0.0,1,1,0.0,0.6033075161174452,0.3158591555606644,0.4162937861811155,0.5669780908033358,0.5006773232807714,0.2521608327829272,0.4972681371839408,0.6051842437217889,0.3936526199088883
AAPL|2018-10-30 13:30:00+00:00,AAPL,2018-10-30,2018-10,development,1,1,1,0.0,7,7,0.0,0.6461895450961253,0.5935705607433411,0.5338393375190529,0.909906172355504,0.6305143638131373,0.7239031407072727,0.5243815362554458,0.8832661671895948,0.9364207222681552
AMZN|2018-10-30 13:30:00+00:00,AMZN,2018-10-30,2018-10,development,1,1,1,0.0,2,2,0.0,0.8340946000611694,0.6449834406500295,0.4715220679748362,0.9262689860350022,0.5063593056540064,0.907169810042548,0.5057281843799221,0.9489228680596355,0.6290826751723682
AAPL|2018-10-30 14:30:00+00:00,AAPL,2018-10-30,2018-10,development,0,1,1,0.0,9,9,0.0,0.5448130242461947,0.5668918014841853,0.4454890734419484,0.7395781621359269,0.5600143693087541,0.6395753484395938,0.5145143874002505,0.7492660379516839,0.8059875688453455
AMZN|2018-10-30 14:30:00+00:00,AMZN,2018-10-30,2018-10,development,0,1,1,0.0,2,2,0.0,0.8148232152067142,0.9214465782070416,0.4107311961197293,0.9346821860223546,0.5066864387502515,0.9959820851134852,0.5138503134509853,0.9446211291004484,0.6409701307918717
AAPL|2018-10-30 15:30:00+00:00,AAPL,2018-10-30,2018-10,development,0,1,1,0.0,12,12,0.0,0.4943020516464474,0.3725679194278811,0.3590833567960694,0.6325525593803965,0.5313417033288932,0.4341352832356289,0.4932920635791624,0.613368918954097,0.6860666928647349
AMZN|2018-10-30 15:30:00+00:00,AMZN,2018-10-30,2018-10,development,0,1,1,0.0,2,2,0.0,0.282185672238245,0.290259907819245,0.3145306227399619,0.5232950417368732,0.5002343275609152,0.4944102014205526,0.4999438099220501,0.549962750934876,0.5193314985425029
AAPL|2018-10-31 13:30:00+00:00,AAPL,2018-10-31,2018-10,development,1,1,1,1.0,2,2,0.0,0.7521958633988948,0.6382397772045455,0.5949109891975167,0.4954555935300239,0.49894974521468427,0.5111508296816346,0.5011293003994204,0.5378262486557781,0.4954949118653933
AMZN|2018-10-31 13:30:00+00:00,AMZN,2018-10-31,2018-10,development,1,1,1,0.0,1,1,0.0,0.6941484023800966,0.5369159864786951,0.5577166470076246,0.7455255608617581,0.5027011257038219,0.7443249359943471,0.5026852475289662,0.8076292189371383,0.6651344200785618
AAPL|2018-10-31 14:30:00+00:00,AAPL,2018-10-31,2018-10,development,1,1,1,1.0,4,4,0.0,0.6611293135524204,0.5907486688681692,0.5571714516631975,0.8095576011589569,0.5828389207668132,0.6417547480866964,0.5147538326464383,0.7153221257615837,0.7875202863008276
AMZN|2018-10-31 14:30:00+00:00,AMZN,2018-10-31,2018-10,development,0,1,1,0.0,1,1,0.0,0.6684403520617838,0.3293933271349217,0.5497610794063084,0.7219029526404971,0.5023971448573321,0.476029657992726,0.49975886923370655,0.7965596294626748,0.6582249566546299
AAPL|2018-10-31 15:30:00+00:00,AAPL,2018-10-31,2018-10,development,1,1,1,1.0,5,5,0.0,0.5422248036536468,0.6308493411359083,0.5161699438325843,0.7260746921568811,0.556082743759488,0.684470088021378,0.5195933698099784,0.6688539360354443,0.7158087177929641
AMZN|2018-10-31 15:30:00+00:00,AMZN,2018-10-31,2018-10,development,1,1,1,0.0,2,1,0.0,0.9569566108952678,0.9486260168761036,0.7406319631825129,0.9501375510386753,0.5074059991148878,0.9788988948229445,0.50964128693714,0.810040601960015,0.6383196388747839
AAPL|2018-11-01 13:30:00+00:00,AAPL,2018-11-01,2018-11,later,1,1,1,0.0,8,8,0.0,0.7034096193241665,0.6436628843771144,0.6217928225285005,0.832501937595479,0.5915956874491993,0.7328495504320703,0.525523476349225,0.8328987269791253,0.8506289636244856
AMZN|2018-11-01 13:30:00+00:00,AMZN,2018-11-01,2018-11,later,1,0,0,0.0,0,0,0.0,0.5016236324626061,0.5016236324626061,0.5016236324626061,0.5016236324626061,0.5016236324626061,0.5016236324626061,0.5016236324626061,0.5016236324626061,0.5016236324626061
AAPL|2018-11-01 14:30:00+00:00,AAPL,2018-11-01,2018-11,later,1,1,1,0.0,12,12,0.0,0.5910072932215151,0.5418382959386451,0.4847539870809411,0.7647058534682195,0.5676798079575518,0.643554557862382,0.514952053401687,0.7321198091371642,0.7484578772328684
AMZN|2018-11-01 14:30:00+00:00,AMZN,2018-11-01,2018-11,later,1,1,1,0.0,1,1,0.0,0.4567310029381115,0.4661952426536116,0.5657164899269,0.7194993139282371,0.5023671378703652,0.7634734570944939,0.502944696281151,0.694474521199089,0.6376513896915721
AAPL|2018-11-01 15:30:00+00:00,AAPL,2018-11-01,2018-11,later,1,1,1,0.0,10,10,0.0,0.5506795968742467,0.5988173972619574,0.4451952906192728,0.7185861088534534,0.5539516101101768,0.6656240152834444,0.5174210056280887,0.6871547513358286,0.7283952363089751
AMZN|2018-11-01 15:30:00+00:00,AMZN,2018-11-01,2018-11,later,1,1,1,0.0,1,1,0.0,0.3687474634810141,0.3977944910806063,0.4468328535708758,0.59436102257291,0.500960007864282,0.8239926639561274,0.5038790159314075,0.544812856650026,0.5024589545674394
AAPL|2018-11-02 13:30:00+00:00,AAPL,2018-11-02,2018-11,later,0,1,1,0.0,29,23,0.7011048001404332,0.6994209373616503,0.6212897190964504,0.6080902537851961,0.7383411473086792,0.5596491703236277,0.6369896608969318,0.5142311132185033,0.6687231348880048,0.738713022109389
AMZN|2018-11-02 13:30:00+00:00,AMZN,2018-11-02,2018-11,later,0,0,0,0.0,0,0,0.0,0.5539897299364935,0.5539897299364935,0.5539897299364935,0.5539897299364935,0.5539897299364935,0.5539897299364935,0.5539897299364935,0.5539897299364935,0.5539897299364935
AAPL|2018-11-02 14:30:00+00:00,AAPL,2018-11-02,2018-11,later,0,1,1,0.0,42,33,0.5771178494427809,0.6064071994359468,0.4667435099828098,0.5831869118857738,0.6040416671678248,0.5243813560814302,0.5533097647720164,0.5054184440832691,0.5894168509964999,0.6145170315936525
AMZN|2018-11-02 14:30:00+00:00,AMZN,2018-11-02,2018-11,later,0,0,0,0.0,0,0,0.0,0.5688245988955006,0.5688245988955006,0.5688245988955006,0.5688245988955006,0.5688245988955006,0.5688245988955006,0.5688245988955006,0.5688245988955006,0.5688245988955006
AAPL|2018-11-02 15:30:00+00:00,AAPL,2018-11-02,2018-11,later,0,1,1,1.0,46,38,0.3996027849254642,0.5208390250235644,0.3684460117152744,0.5407348182960996,0.7013954041434028,0.5491782462777414,0.4703848030021148,0.4969977346684437,0.681740275135649,0.7321941769638489
AMZN|2018-11-02 15:30:00+00:00,AMZN,2018-11-02,2018-11,later,1,0,0,0.0,0,0,0.0,0.6068767555768462,0.6068767555768462,0.6068767555768462,0.6068767555768462,0.6068767555768462,0.6068767555768462,0.6068767555768462,0.6068767555768462,0.6068767555768462
AAPL|2018-11-05 14:30:00+00:00,AAPL,2018-11-05,2018-11,later,0,1,1,1.0,13,12,0.448603488596606,0.7024674521438055,0.6168402404222059,0.6056217192779914,0.8907956619421851,0.6189423433234985,0.6882200674954381,0.5200336474625508,0.8697180901999944,0.9123889377565264
AMZN|2018-11-05 14:30:00+00:00,AMZN,2018-11-05,2018-11,later,0,1,1,0.0,1,1,0.0,0.5936669599060594,0.5904233222269318,0.492386324149884,0.6172216083991277,0.5012006189095722,0.5673576780158055,0.5006812089432899,0.6304339435639917,0.5447542528543864
AAPL|2018-11-05 15:30:00+00:00,AAPL,2018-11-05,2018-11,later,1,1,1,1.0,17,16,0.3763876311483879,0.6236754330343791,0.5624824773880706,0.5642757916768832,0.7160360037571194,0.5532333665251842,0.6272279269420241,0.5131692228133373,0.631807574287649,0.6708285195392725
AMZN|2018-11-05 15:30:00+00:00,AMZN,2018-11-05,2018-11,later,1,1,1,0.0,2,2,0.0,0.5726155420360283,0.6019709666024312,0.375315525239923,0.3747329167141361,0.4987134549591783,0.3680897265334131,0.4986419483595712,0.4270283366301407,0.4580227029113292
AAPL|2018-11-05 16:30:00+00:00,AAPL,2018-11-05,2018-11,later,1,1,1,0.0,24,23,0.2309456144941155,0.5336170497098623,0.5584898966790763,0.544736634798717,0.6237938924253182,0.5291830404826301,0.58205233191131,0.5083835136094795,0.5822351527151076,0.6289491894976525
AMZN|2018-11-05 16:30:00+00:00,AMZN,2018-11-05,2018-11,later,1,1,1,0.0,2,2,0.0,0.2994164744997883,0.2456855670588384,0.2574245797685348,0.2344904620025917,0.4970268860734462,0.1258560464453117,0.4951297724777561,0.2866126633691151,0.3306128914061791
AAPL|2018-11-06 14:30:00+00:00,AAPL,2018-11-06,2018-11,later,1,1,1,1.0,8,8,0.0,0.6805314248543014,0.6284276772760164,0.5780041330356073,0.6490771851470672,0.5354715989217302,0.6009885858479485,0.5103670167910174,0.6635938161375046,0.6745252485314448
AMZN|2018-11-06 14:30:00+00:00,AMZN,2018-11-06,2018-11,later,1,1,1,0.0,1,1,0.0,0.3177399324816929,0.3405474400232373,0.4210669647228951,0.1878582063615517,0.49632112594168637,0.1159442753632157,0.49489532643129047,0.1373818602268361,0.3839526415991237
AAPL|2018-11-06 15:30:00+00:00,AAPL,2018-11-06,2018-11,later,0,1,1,1.0,12,12,0.0,0.6001848611937304,0.5656801869603979,0.6221100882456457,0.5769023301369823,0.5179068854981106,0.5461138177486222,0.5046825812949806,0.5386510566356479,0.5699890378663152
AMZN|2018-11-06 15:30:00+00:00,AMZN,2018-11-06,2018-11,later,0,1,1,0.0,1,1,0.0,0.2926343136566213,0.2860919330242,0.4132394004651141,0.1700947440949879,0.49601715503854044,0.0741010747124152,0.49365427748258944,0.1367983527462723,0.3770762521042279
AAPL|2018-11-06 16:30:00+00:00,AAPL,2018-11-06,2018-11,later,0,1,1,0.0,13,13,0.0,0.6935580280251603,0.5476965141358305,0.623519123903892,0.6692565762304523,0.5406320264877601,0.5385998574110065,0.503916271982506,0.6862233115944154,0.7387134082887247
AMZN|2018-11-06 16:30:00+00:00,AMZN,2018-11-06,2018-11,later,1,1,1,0.0,2,2,0.0,0.789807626296799,0.7096661623810561,0.3128372651395747,0.79314393437577,0.5033773189430794,0.7425462330582658,0.5026618139848337,0.7920048591660038,0.5977286699167884
AAPL|2018-11-07 14:30:00+00:00,AAPL,2018-11-07,2018-11,later,1,1,1,1.0,5,5,0.0,0.7514304163690595,0.6608855020539756,0.5941607303062562,0.9206589642841806,0.6379578254504933,0.767204136872343,0.5301533258664777,0.8961575161158397,0.9290358029768816
AMZN|2018-11-07 14:30:00+00:00,AMZN,2018-11-07,2018-11,later,1,0,0,0.0,0,0,0.0,0.3363070239501418,0.3363070239501418,0.3363070239501418,0.3363070239501418,0.3363070239501418,0.3363070239501418,0.3363070239501418,0.3363070239501418,0.3363070239501418
AAPL|2018-11-07 15:30:00+00:00,AAPL,2018-11-07,2018-11,later,1,1,1,1.0,7,7,0.0,0.6714088696285186,0.5780036355119956,0.5302742475351788,0.8255681591527897,0.5888610065321893,0.6548966691530991,0.5162116968879331,0.7945036869835654,0.8380305538174033
AMZN|2018-11-07 15:30:00+00:00,AMZN,2018-11-07,2018-11,later,1,0,0,0.0,0,0,0.0,0.1772678560323776,0.1772678560323776,0.1772678560323776,0.1772678560323776,0.1772678560323776,0.1772678560323776,0.1772678560323776,0.1772678560323776,0.1772678560323776
AAPL|2018-11-07 16:30:00+00:00,AAPL,2018-11-07,2018-11,later,1,1,1,0.0,9,9,0.0,0.550976623029174,0.5483669753451357,0.4303283482117336,0.6704350128770138,0.5409378436075215,0.5911675450214218,0.5093347880977164,0.6160850954382064,0.6591632824474793
AMZN|2018-11-07 16:30:00+00:00,AMZN,2018-11-07,2018-11,later,1,0,0,0.0,0,0,0.0,0.9177712734928593,0.9177712734928593,0.9177712734928593,0.9177712734928593,0.9177712734928593,0.9177712734928593,0.9177712734928593,0.9177712734928593,0.9177712734928593
AAPL|2018-11-08 14:30:00+00:00,AAPL,2018-11-08,2018-11,later,0,1,1,1.0,8,8,0.0,0.6351850492769446,0.6148141460742939,0.6282481814555994,0.8951278182300274,0.6214100160223943,0.7625033598521416,0.5294940189205047,0.8703299646713297,0.9223616108347252
AMZN|2018-11-08 14:30:00+00:00,AMZN,2018-11-08,2018-11,later,0,0,0,0.0,0,0,0.0,0.5046154440844869,0.5046154440844869,0.5046154440844869,0.5046154440844869,0.5046154440844869,0.5046154440844869,0.5046154440844869,0.5046154440844869,0.5046154440844869
AAPL|2018-11-08 15:30:00+00:00,AAPL,2018-11-08,2018-11,later,1,1,1,0.0,11,11,0.0,0.5493793133274025,0.5012880303174118,0.5756841454764112,0.7820302572188291,0.5732792380973918,0.6370855054801079,0.5142415980068669,0.7716468268891931,0.8277366785784463
AMZN|2018-11-08 15:30:00+00:00,AMZN,2018-11-08,2018-11,later,0,0,0,0.0,0,0,0.0,0.414467073663336,0.414467073663336,0.414467073663336,0.414467073663336,0.414467073663336,0.414467073663336,0.414467073663336,0.414467073663336,0.414467073663336
AAPL|2018-11-08 16:30:00+00:00,AAPL,2018-11-08,2018-11,later,1,1,1,0.0,11,11,0.0,0.5595898263673433,0.4682601885647695,0.5826408001114655,0.7537088493235581,0.5642643658817098,0.5654340510046979,0.5066635708590215,0.7503287706517368,0.8050835183750077
AMZN|2018-11-08 16:30:00+00:00,AMZN,2018-11-08,2018-11,later,0,0,0,0.0,0,0,0.0,0.7506777856243013,0.7506777856243013,0.7506777856243013,0.7506777856243013,0.7506777856243013,0.7506777856243013,0.7506777856243013,0.7506777856243013,0.7506777856243013
AAPL|2018-11-09 14:30:00+00:00,AAPL,2018-11-09,2018-11,later,0,1,1,1.0,7,6,0.8185409952788194,0.685148266592837,0.6279440501190467,0.6143703941040611,0.7007209755840319,0.548994111594835,0.6436219495024381,0.514959484075574,0.6635396442803795,0.6431786489296354
AMZN|2018-11-09 14:30:00+00:00,AMZN,2018-11-09,2018-11,later,0,0,0,0.0,0,0,0.0,0.3012588499554502,0.3012588499554502,0.3012588499554502,0.3012588499554502,0.3012588499554502,0.3012588499554502,0.3012588499554502,0.3012588499554502,0.3012588499554502
AAPL|2018-11-09 15:30:00+00:00,AAPL,2018-11-09,2018-11,later,0,1,1,1.0,4,4,0.0,0.5943386295981963,0.482445933292893,0.543847035106107,0.4136260973287482,0.47984743467770885,0.4495717650575023,0.49487647722450884,0.4557151296597234,0.4434804610864669
AMZN|2018-11-09 15:30:00+00:00,AMZN,2018-11-09,2018-11,later,0,0,0,0.0,0,0,0.0,0.3383801244851467,0.3383801244851467,0.3383801244851467,0.3383801244851467,0.3383801244851467,0.3383801244851467,0.3383801244851467,0.3383801244851467,0.3383801244851467
AAPL|2018-11-09 16:30:00+00:00,AAPL,2018-11-09,2018-11,later,1,1,1,1.0,8,8,0.0,0.5621884953703437,0.4003078774576022,0.5188689910576209,0.4118580124657433,0.4794266874599312,0.3752966271328933,0.4871035491883719,0.4319993688200054,0.4501389584253537
AMZN|2018-11-09 16:30:00+00:00,AMZN,2018-11-09,2018-11,later,1,0,0,0.0,0,0,0.0,0.502511870220031,0.502511870220031,0.502511870220031,0.502511870220031,0.502511870220031,0.502511870220031,0.502511870220031,0.502511870220031,0.502511870220031
AAPL|2018-11-12 14:30:00+00:00,AAPL,2018-11-12,2018-11,later,0,1,1,1.0,5,5,0.0,0.6417478900526022,0.6035201432963766,0.5687067272217676,0.5446466174247765,0.5103440599289798,0.5863152971843283,0.508827639654352,0.5388532511429839,0.497915387488715
AMZN|2018-11-12 14:30:00+00:00,AMZN,2018-11-12,2018-11,later,0,0,0,0.0,0,0,0.0,0.7310631418005132,0.7310631418005132,0.7310631418005132,0.7310631418005132,0.7310631418005132,0.7310631418005132,0.7310631418005132,0.7310631418005132,0.7310631418005132
AAPL|2018-11-12 15:30:00+00:00,AAPL,2018-11-12,2018-11,later,0,1,1,1.0,12,11,0.4908859541539394,0.5419054641100004,0.4974396305536265,0.4979756877688543,0.5133708648871166,0.5030907487638495,0.5200133935051827,0.5020275962096016,0.4814213704091004,0.4822792814442647
AMZN|2018-11-12 15:30:00+00:00,AMZN,2018-11-12,2018-11,later,0,1,1,0.0,1,1,0.0,0.6356086892579142,0.7904680528777609,0.5063039869715247,0.8737067611777288,0.5048602570633882,0.9338189633848728,0.5066511300733114,0.9168350003873972,0.6990889623047103
AAPL|2018-11-12 16:30:00+00:00,AAPL,2018-11-12,2018-11,later,1,1,1,1.0,17,16,0.3485171939062096,0.6220083677837434,0.4062507093087649,0.6243270284992994,0.7562332212262851,0.5650395986738127,0.4909279416933025,0.4990812781820614,0.6780929672860649,0.7412313150246537
AMZN|2018-11-12 16:30:00+00:00,AMZN,2018-11-12,2018-11,later,1,1,1,0.0,1,1,0.0,0.3249947366255164,0.29756172145104,0.3974520205887961,0.6991557575705647,0.5021191175415455,0.3826041229264495,0.4987975273400655,0.7910529967247604,0.5879416912117983
AAPL|2018-11-13 14:30:00+00:00,AAPL,2018-11-13,2018-11,later,1,1,1,1.0,7,7,0.0,0.6236167385648858,0.5838391368167384,0.5969385299502716,0.6821622048383039,0.5440107268098199,0.6094212317431821,0.5112600552850128,0.6464214940600722,0.6404785273501084
AMZN|2018-11-13 14:30:00+00:00,AMZN,2018-11-13,2018-11,later,0,1,1,0.0,4,4,0.0,0.1735957586989973,0.2828734685783884,0.3269746638780814,0.1052662020812441,0.4946223901991535,0.0638563911075188,0.49325278259359795,0.1211103369676353,0.2952979523604825
AAPL|2018-11-13 15:30:00+00:00,AAPL,2018-11-13,2018-11,later,1,1,1,1.0,13,13,0.0,0.5217994968102073,0.5217517250339435,0.5930949489092789,0.357667063843638,0.46622352911081644,0.4942000820851209,0.4994126835717383,0.3288854338204766,0.287233472297385
AMZN|2018-11-13 15:30:00+00:00,AMZN,2018-11-13,2018-11,later,1,1,1,0.0,4,4,0.0,0.1716219801124732,0.2287985667878555,0.2388738926580272,0.0820183297259639,0.49393091254839117,0.0240500610295198,0.49069489957932577,0.0903618520163352,0.2725870240275429
AAPL|2018-11-13 16:30:00+00:00,AAPL,2018-11-13,2018-11,later,0,1,1,0.0,24,24,0.0,0.5599140076109235,0.6388731813211975,0.5511783985232924,0.4735367758401169,0.49387884683628525,0.626564842973989,0.5130975070409124,0.4235541742749761,0.4701188351620922
AMZN|2018-11-13 16:30:00+00:00,AMZN,2018-11-13,2018-11,later,0,1,1,0.0,4,4,0.0,0.3116577102620836,0.6690829616506008,0.199902332320004,0.205610989952008,0.49660356887566176,0.5635441672055181,0.5006422077266448,0.2386925642223028,0.3049554471954883
AAPL|2018-11-14 14:30:00+00:00,AAPL,2018-11-14,2018-11,later,0,1,1,1.0,8,8,0.0,0.7131870937242463,0.6365066356318012,0.5062369927419917,0.4644589882201765,0.49177322112472055,0.5388948341094547,0.503946319450589,0.5442423964354488,0.4931978546495815
AMZN|2018-11-14 14:30:00+00:00,AMZN,2018-11-14,2018-11,later,0,0,0,0.0,0,0,0.0,0.2834234457295623,0.2834234457295623,0.2834234457295623,0.2834234457295623,0.2834234457295623,0.2834234457295623,0.2834234457295623,0.2834234457295623,0.2834234457295623
AAPL|2018-11-14 15:30:00+00:00,AAPL,2018-11-14,2018-11,later,0,1,1,1.0,10,9,0.7521318064739297,0.6275437066272695,0.6189588855934388,0.479544320882331,0.2877763790744627,0.4478335974482388,0.5317879397721175,0.5032230982074886,0.3855159810948259,0.280250776764847
AMZN|2018-11-14 15:30:00+00:00,AMZN,2018-11-14,2018-11,later,0,0,0,0.0,0,0,0.0,0.291207486415999,0.291207486415999,0.291207486415999,0.291207486415999,0.291207486415999,0.291207486415999,0.291207486415999,0.291207486415999,0.291207486415999
AAPL|2018-11-14 16:30:00+00:00,AAPL,2018-11-14,2018-11,later,0,1,1,1.0,8,7,0.9231188470294374,0.6165494152712643,0.5198426248355739,0.514938764764748,0.4925892444548282,0.49828723108331213,0.4746750774181346,0.4974334653750209,0.4957745743609785,0.4473665845415497
AMZN|2018-11-14 16:30:00+00:00,AMZN,2018-11-14,2018-11,later,0,0,0,0.0,0,0,0.0,0.1932718828130154,0.1932718828130154,0.1932718828130154,0.1932718828130154,0.1932718828130154,0.1932718828130154,0.1932718828130154,0.1932718828130154,0.1932718828130154
AAPL|2018-11-15 14:30:00+00:00,AAPL,2018-11-15,2018-11,later,1,1,1,1.0,7,7,0.0,0.7000972521604117,0.6124362434866324,0.6520905783348961,0.861538991892323,0.6040782777085173,0.6892172539032089,0.5201512050989952,0.8252515834073535,0.894805620476956
AMZN|2018-11-15 14:30:00+00:00,AMZN,2018-11-15,2018-11,later,1,1,1,0.0,1,1,0.0,0.3198634344150995,0.3072314045708331,0.426419054369078,0.5171268612312828,0.5001722237679181,0.4446290451065456,0.4994411283437048,0.5444631548117245,0.5520676292883517
AAPL|2018-11-15 15:30:00+00:00,AAPL,2018-11-15,2018-11,later,1,1,1,1.0,12,10,0.6608039658981355,0.6059556667425883,0.5458400702749949,0.6287486813325982,0.707165972294413,0.5507631017989653,0.5919398821703556,0.5094156783523617,0.6776984516983658,0.7633427270613153
AMZN|2018-11-15 15:30:00+00:00,AMZN,2018-11-15,2018-11,later,1,1,1,0.0,1,1,0.0,0.2946624958416713,0.3714096745793083,0.4185639293489155,0.486894453390801,0.4998682350205395,0.565661063176428,0.5006638476725265,0.5452109977442007,0.544894749668495
AAPL|2018-11-15 16:30:00+00:00,AAPL,2018-11-15,2018-11,later,1,1,1,0.0,12,10,0.642376730371511,0.5666619382259249,0.7166310229922651,0.5989820418209144,0.6624692776704539,0.538880607937027,0.7547105730245602,0.5284202952335731,0.619696350001066,0.6534619930510915
AMZN|2018-11-15 16:30:00+00:00,AMZN,2018-11-15,2018-11,later,1,1,1,0.0,1,1,0.0,0.3885907012908458,0.7017718717972888,0.4161958617030927,0.6180198805525159,0.5012091130174526,0.9533136183799712,0.5075797383744326,0.6970744486791112,0.5432416248457989
AAPL|2018-11-16 14:30:00+00:00,AAPL,2018-11-16,2018-11,later,1,1,1,1.0,3,3,0.0,0.7469382554414229,0.6501213817061441,0.7492195963101883,0.5311265250226054,0.5072022592502504,0.562247681269454,0.5063356312595126,0.4114223911647735,0.4042658479847837
AMZN|2018-11-16 14:30:00+00:00,AMZN,2018-11-16,2018-11,later,1,0,0,0.0,0,0,0.0,0.6001790266427659,0.6001790266427659,0.6001790266427659,0.6001790266427659,0.6001790266427659,0.6001790266427659,0.6001790266427659,0.6001790266427659,0.6001790266427659
AAPL|2018-11-16 15:30:00+00:00,AAPL,2018-11-16,2018-11,later,0,1,1,1.0,6,6,0.0,0.6686874732427026,0.6829611248482381,0.6938347919955008,0.6148641961870114,0.5270015512515748,0.6856269338779066,0.5197288918261002,0.5833870397599273,0.6300899083650301
AMZN|2018-11-16 15:30:00+00:00,AMZN,2018-11-16,2018-11,later,0,0,0,0.0,0,0,0.0,0.6448890592799524,0.6448890592799524,0.6448890592799524,0.6448890592799524,0.6448890592799524,0.6448890592799524,0.6448890592799524,0.6448890592799524,0.6448890592799524
AAPL|2018-11-16 16:30:00+00:00,AAPL,2018-11-16,2018-11,later,1,1,1,0.0,7,7,0.0,0.6016057679868442,0.448854715127904,0.5942725920073226,0.5849229273767066,0.5198076547396778,0.446508252337065,0.4945629182010612,0.5798631013101309,0.6188896345833174
AMZN|2018-11-16 16:30:00+00:00,AMZN,2018-11-16,2018-11,later,1,0,0,0.0,0,0,0.0,0.6640779022167468,0.6640779022167468,0.6640779022167468,0.6640779022167468,0.6640779022167468,0.6640779022167468,0.6640779022167468,0.6640779022167468,0.6640779022167468
AAPL|2018-11-19 14:30:00+00:00,AAPL,2018-11-19,2018-11,later,0,1,1,1.0,7,7,0.0,0.7594379597859408,0.678487825410473,0.7317193585991356,0.8883966812746253,0.6176100417091714,0.7823005367440693,0.532335304398199,0.8960423625801939,0.9217410345030868
AMZN|2018-11-19 14:30:00+00:00,AMZN,2018-11-19,2018-11,later,0,0,0,0.0,0,0,0.0,0.7636994790410989,0.7636994790410989,0.7636994790410989,0.7636994790410989,0.7636994790410989,0.7636994790410989,0.7636994790410989,0.7636994790410989,0.7636994790410989
AAPL|2018-11-19 15:30:00+00:00,AAPL,2018-11-19,2018-11,later,0,1,1,1.0,12,12,0.0,0.6992994213288709,0.5643123895228527,0.7199161244182763,0.8193233448553342,0.586466014331785,0.671157599284343,0.5180522262365939,0.8009124458563882,0.8198959560840687
AMZN|2018-11-19 15:30:00+00:00,AMZN,2018-11-19,2018-11,later,0,1,1,0.0,1,1,0.0,0.6810958945376536,0.8918474767799246,0.675638902175514,0.8878141674375255,0.5051981339783512,0.966907117280568,0.5084798809467848,0.8676816462081628,0.672426283013243
AAPL|2018-11-19 16:30:00+00:00,AAPL,2018-11-19,2018-11,later,0,1,1,0.0,17,17,0.0,0.5531062225690933,0.4104024002534318,0.5780820931247005,0.578060077867745,0.5181806710283436,0.4475335231534471,0.4946679021419092,0.5198599921974646,0.5359402019904739
AMZN|2018-11-19 16:30:00+00:00,AMZN,2018-11-19,2018-11,later,0,1,1,0.0,1,1,0.0,0.2812347683910113,0.4424121485482395,0.485594798876592,0.6518304213568014,0.501575858218676,0.7252300546001798,0.5024389448522544,0.5910623551335601,0.4617189948901978
AAPL|2018-11-20 14:30:00+00:00,AAPL,2018-11-20,2018-11,later,1,1,1,1.0,10,10,0.0,0.7289966553334042,0.6336487109109131,0.5691512413765489,0.529824842612913,0.5069003742689022,0.5170147089412552,0.50172354071704,0.5078259566500053,0.5302089089607271
AMZN|2018-11-20 14:30:00+00:00,AMZN,2018-11-20,2018-11,later,1,1,1,0.0,1,1,0.0,0.6231145830511204,0.5380791011481191,0.5440964810400657,0.6836696133056847,0.5019366965669113,0.6340115304954944,0.5013807802567304,0.7226341908552555,0.5935958345902681
AAPL|2018-11-20 15:30:00+00:00,AAPL,2018-11-20,2018-11,later,0,1,1,1.0,12,12,0.0,0.6586611176733882,0.5637074538533549,0.5248733018097969,0.4203321482612214,0.4814388015497724,0.5173124472316527,0.5017537244206448,0.4492487095392254,0.4305577170383546
AMZN|2018-11-20 15:30:00+00:00,AMZN,2018-11-20,2018-11,later,1,1,1,0.0,1,1,0.0,0.5949201267709718,0.7963487292001757,0.5360997019886006,0.6569471666102402,0.5016327116920574,0.8368800088742163,0.5041090844466463,0.7115265540608651,0.5862238037676312
AAPL|2018-11-20 16:30:00+00:00,AAPL,2018-11-20,2018-11,later,0,1,1,0.0,17,17,0.0,0.5884707149896579,0.4838390456553196,0.390440417550404,0.4878370342202532,0.49718857324268434,0.4654151902049375,0.4964924542283447,0.4424464833580196,0.4742218047922169
AMZN|2018-11-20 16:30:00+00:00,AMZN,2018-11-20,2018-11,later,0,1,1,0.0,1,1,0.0,0.921881195352789,0.9866408077983984,0.6973987144765317,0.949853846772758,0.507390994382135,0.9981927053682988,0.5158617882300218,0.963397134875656,0.7494208598038867
AAPL|2018-11-21 14:30:00+00:00,AAPL,2018-11-21,2018-11,later,0,1,1,1.0,12,11,0.560333736542589,0.5505902395118002,0.5093520724674764,0.5017241132726846,0.3142999448153005,0.4550511837789276,0.4424366794793751,0.494145539830339,0.3248446031585677,0.3260401654428101
AMZN|2018-11-21 14:30:00+00:00,AMZN,2018-11-21,2018-11,later,0,1,1,0.0,2,2,0.0,0.210863741432701,0.2901511108043892,0.3612845836488393,0.2479743583175744,0.49721203898003097,0.2192372075832677,0.4968082912428286,0.2662482266749429,0.4381387086362217
AAPL|2018-11-21 15:30:00+00:00,AAPL,2018-11-21,2018-11,later,1,1,1,1.0,13,12,0.4817339622094727,0.4474318158266369,0.4949969574071218,0.4915306882886305,0.2661990689724119,0.4416823192095795,0.4622912410012069,0.496174482287661,0.3031309834586497,0.3087351832951789
AMZN|2018-11-21 15:30:00+00:00,AMZN,2018-11-21,2018-11,later,1,1,1,0.0,1,1,0.0,0.1674583487879981,0.213245350510795,0.4206112445920488,0.1961365866132867,0.4964552340707338,0.1799293681984537,0.4961883521427498,0.1874949157688627,0.4143117359069497
AAPL|2018-11-21 16:30:00+00:00,AAPL,2018-11-21,2018-11,later,0,1,1,0.0,13,13,0.0,0.4087003555168093,0.500990938229489,0.494293766861877,0.3678858033076558,0.4687668081357971,0.4915664891590791,0.4991459560966515,0.4402339355625765,0.4468644123512822
AMZN|2018-11-21 16:30:00+00:00,AMZN,2018-11-21,2018-11,later,0,1,1,0.0,1,1,0.0,0.5233678424289768,0.5117179971029111,0.5144795239518016,0.6560513925918455,0.5016227296928819,0.6085415477407835,0.5011086799910104,0.667255977442521,0.534673999603743
AAPL|2018-11-26 14:30:00+00:00,AAPL,2018-11-26,2018-11,later,0,1,1,0.0,8,7,0.9910035930179568,0.4857863773116364,0.5468885209934157,0.5308866375736975,0.2768695366020664,0.4447591266174344,0.482511542099866,0.49822843163274666,0.3431563071109452,0.2736387235266935
AMZN|2018-11-26 14:30:00+00:00,AMZN,2018-11-26,2018-11,later,1,0,0,0.0,0,0,0.0,0.7953102347783096,0.7953102347783096,0.7953102347783096,0.7953102347783096,0.7953102347783096,0.7953102347783096,0.7953102347783096,0.7953102347783096,0.7953102347783096
AAPL|2018-11-26 15:30:00+00:00,AAPL,2018-11-26,2018-11,later,0,1,1,1.0,6,5,1.1269993016814814,0.3883787824144363,0.4843172399240589,0.4902301053454254,0.1832884746093552,0.41451769979414266,0.4384757745800279,0.49373875262777983,0.2402475320603927,0.1574973826519494
AMZN|2018-11-26 15:30:00+00:00,AMZN,2018-11-26,2018-11,later,1,0,0,0.0,0,0,0.0,0.6052285028820676,0.6052285028820676,0.6052285028820676,0.6052285028820676,0.6052285028820676,0.6052285028820676,0.6052285028820676,0.6052285028820676,0.6052285028820676
AAPL|2018-11-26 16:30:00+00:00,AAPL,2018-11-26,2018-11,later,1,1,1,1.0,7,7,0.0,0.4041366391051084,0.4266746328553706,0.4737594405787074,0.2818732032863428,0.44617803031969117,0.3985801715216273,0.4895874705084236,0.3082368819000736,0.2983038988286676
AMZN|2018-11-26 16:30:00+00:00,AMZN,2018-11-26,2018-11,later,1,0,0,0.0,0,0,0.0,0.8035075600026317,0.8035075600026317,0.8035075600026317,0.8035075600026317,0.8035075600026317,0.8035075600026317,0.8035075600026317,0.8035075600026317,0.8035075600026317
AAPL|2018-11-27 14:30:00+00:00,AAPL,2018-11-27,2018-11,later,1,1,1,1.0,17,15,0.4340303652532482,0.8001363466921466,0.6869218693484261,0.6773892041965328,0.8265352629592813,0.5892375318320716,0.6911405555757978,0.520378522578224,0.765996194251242,0.7833617348184426
AMZN|2018-11-27 14:30:00+00:00,AMZN,2018-11-27,2018-11,later,1,0,0,0.0,0,0,0.0,0.6732978702456613,0.6732978702456613,0.6732978702456613,0.6732978702456613,0.6732978702456613,0.6732978702456613,0.6732978702456613,0.6732978702456613,0.6732978702456613
AAPL|2018-11-27 15:30:00+00:00,AAPL,2018-11-27,2018-11,later,1,1,1,1.0,20,18,0.3649193790719421,0.7268158942493804,0.6030778871937568,0.6812645600748741,0.744547091174532,0.5614921314735202,0.6232729027351986,0.5127422144520661,0.735308317681993,0.7395384680892655
AMZN|2018-11-27 15:30:00+00:00,AMZN,2018-11-27,2018-11,later,1,0,0,0.0,0,0,0.0,0.5993554521738543,0.5993554521738543,0.5993554521738543,0.5993554521738543,0.5993554521738543,0.5993554521738543,0.5993554521738543,0.5993554521738543,0.5993554521738543
AAPL|2018-11-27 16:30:00+00:00,AAPL,2018-11-27,2018-11,later,0,1,1,1.0,20,18,0.3728082819239462,0.55156661091035,0.4249829564904233,0.5941525455898297,0.5182032487675535,0.5042085918823539,0.4558770107612733,0.4955206449559802,0.5584259779993026,0.5283538741442295
AMZN|2018-11-27 16:30:00+00:00,AMZN,2018-11-27,2018-11,later,0,0,0,0.0,0,0,0.0,0.6392960410036438,0.6392960410036438,0.6392960410036438,0.6392960410036438,0.6392960410036438,0.6392960410036438,0.6392960410036438,0.6392960410036438,0.6392960410036438
AAPL|2018-11-28 14:30:00+00:00,AAPL,2018-11-28,2018-11,later,1,1,1,1.0,6,6,0.0,0.7960883233996036,0.6929779591292389,0.6758599195653333,0.84989359660752,0.5988508463052715,0.7115147690158213,0.5228369109505927,0.863964288415501,0.9189570562691944
AMZN|2018-11-28 14:30:00+00:00,AMZN,2018-11-28,2018-11,later,1,1,1,0.0,1,1,0.0,0.6122268675941465,0.5071053490749371,0.4736180944634351,0.7290269932644663,0.5024870337118056,0.7443003447134552,0.5026849228236755,0.662450264798833,0.6001766028475528
AAPL|2018-11-28 15:30:00+00:00,AAPL,2018-11-28,2018-11,later,1,1,1,1.0,8,8,0.0,0.7379031445265569,0.7066242464756424,0.621884959438843,0.7931032262074542,0.5770173673122038,0.7409566550324985,0.5265792150242669,0.7493858492510775,0.8088575419330665
AMZN|2018-11-28 15:30:00+00:00,AMZN,2018-11-28,2018-11,later,1,1,1,0.0,2,2,0.0,0.5211916705898544,0.4040462241590534,0.3992184869697016,0.5165275104821248,0.5001661923613266,0.4040835544140983,0.49902376999156495,0.5302302169130516,0.5250556493482142
AAPL|2018-11-28 16:30:00+00:00,AAPL,2018-11-28,2018-11,later,1,1,1,1.0,13,12,0.4569722334813074,0.6239658894169278,0.5074997123965004,0.5780834708075827,0.7321658756687315,0.5578415267785585,0.5963614778980976,0.5098796914640384,0.7109655633912619,0.7802668304798966
AMZN|2018-11-28 16:30:00+00:00,AMZN,2018-11-28,2018-11,later,1,1,1,0.0,2,2,0.0,0.3901017080634731,0.2591336730178398,0.3289444075748585,0.4247435618954778,0.4992377439581824,0.2392121298233084,0.4970925296403296,0.4631948430965326,0.4641961990114777
AAPL|2018-11-29 14:30:00+00:00,AAPL,2018-11-29,2018-11,later,0,1,1,1.0,15,15,0.0,0.3599969939998467,0.4850827272690901,0.3389731168702344,0.3393534104350016,0.4615869169014092,0.5284892905198295,0.502887875565316,0.4375368514727737,0.3734763587551006
AMZN|2018-11-29 14:30:00+00:00,AMZN,2018-11-29,2018-11,later,1,0,0,0.0,0,0,0.0,0.7565520082881441,0.7565520082881441,0.7565520082881441,0.7565520082881441,0.7565520082881441,0.7565520082881441,0.7565520082881441,0.7565520082881441,0.7565520082881441
AAPL|2018-11-29 15:30:00+00:00,AAPL,2018-11-29,2018-11,later,1,1,1,1.0,15,15,0.0,0.2971119134943262,0.3884529116550166,0.293735284016574,0.1968891927140507,0.41948278499782166,0.4180953790562881,0.491631852231051,0.2744803253861775,0.2064588542679298
AMZN|2018-11-29 15:30:00+00:00,AMZN,2018-11-29,2018-11,later,1,0,0,0.0,0,0,0.0,0.8245595989400527,0.8245595989400527,0.8245595989400527,0.8245595989400527,0.8245595989400527,0.8245595989400527,0.8245595989400527,0.8245595989400527,0.8245595989400527
AAPL|2018-11-29 16:30:00+00:00,AAPL,2018-11-29,2018-11,later,1,1,1,1.0,19,18,0.4417259168564009,0.538117102017514,0.5181756904536888,0.5510605214177683,0.5771612183527322,0.5179680911750909,0.5491065769901202,0.5049883684226817,0.5520856817664079,0.5967056485072791
AMZN|2018-11-29 16:30:00+00:00,AMZN,2018-11-29,2018-11,later,1,1,1,0.0,1,1,0.0,0.6277246420139438,0.7020548436169489,0.3988546174765022,0.8120634901581268,0.5036775845879597,0.9235159923885876,0.506259721137778,0.7812752753826541,0.6113481620091373
AAPL|2018-11-30 14:30:00+00:00,AAPL,2018-11-30,2018-11,later,0,1,1,0.0,13,13,0.0,0.7403321945458738,0.6503233458284458,0.5936973666922346,0.7678319425416005,0.5686695106539977,0.6161176674105385,0.5119740939643261,0.6679771412267015,0.7548531842401032
AMZN|2018-11-30 14:30:00+00:00,AMZN,2018-11-30,2018-11,later,1,1,1,0.0,1,1,0.0,0.4971652228628794,0.5561421251575258,0.5614766238307165,0.6302517078707104,0.5013401497331258,0.6004220102207732,0.5010233352425829,0.5855607756052127,0.5464871532881692
AAPL|2018-11-30 15:30:00+00:00,AAPL,2018-11-30,2018-11,later,0,1,1,0.0,11,11,0.0,0.6598496614638955,0.5264875327873758,0.6118609017494462,0.7912538325886911,0.5763836108722047,0.574327944494474,0.5075819341054999,0.7423559758052161,0.8108561053857715
AMZN|2018-11-30 15:30:00+00:00,AMZN,2018-11-30,2018-11,later,1,1,1,0.0,2,2,0.0,0.5185696485776069,0.5313706934502522,0.5372851521298485,0.5100350136742868,0.5001008838547761,0.497346153791547,0.4999733237233401,0.5132279704744648,0.4766441171988445
AAPL|2018-11-30 16:30:00+00:00,AAPL,2018-11-30,2018-11,later,1,1,1,1.0,13,13,0.0,0.5354827207899258,0.4873789900430068,0.5247046523084146,0.6677285243512138,0.5402362540896675,0.5355442398100636,0.5036051713572203,0.6779378489432308,0.7404638773944721
AMZN|2018-11-30 16:30:00+00:00,AMZN,2018-11-30,2018-11,later,1,1,1,0.0,3,3,0.0,0.585514678827705,0.7037159052776595,0.5351665213237907,0.4305860402650635,0.49929772763575664,0.688102377606014,0.5019884000169618,0.4628921878879055,0.419650102983867
AAPL|2018-12-03 14:30:00+00:00,AAPL,2018-12-03,2018-12,later,0,1,1,1.0,4,4,0.0,0.6275476722415552,0.5879169855988083,0.5626013855669268,0.8735614965901193,0.6098499861235278,0.7260165097681783,0.5246492018902932,0.8478958985844041,0.8876558474365216
AMZN|2018-12-03 14:30:00+00:00,AMZN,2018-12-03,2018-12,later,0,1,1,0.0,2,2,0.0,0.6416079177877152,0.7315614201083305,0.4171711073828174,0.7794389387350212,0.5031723162234046,0.7905377361336695,0.503337586579654,0.7957142080825041,0.6016745153234978
AAPL|2018-12-03 15:30:00+00:00,AAPL,2018-12-03,2018-12,later,0,1,1,0.0,5,5,0.0,0.5161557624500093,0.59567934658112,0.4616555536835451,0.4069645682616544,0.47825949771840415,0.5425643818198987,0.5043203501805406,0.3755795283075497,0.3888476542018423
AMZN|2018-12-03 15:30:00+00:00,AMZN,2018-12-03,2018-12,later,0,1,1,0.0,3,3,0.0,0.630231532486931,0.5641195658076718,0.4093647557688025,0.69042105588362,0.5020156045652555,0.5960291238589508,0.5009774059530577,0.7381459998940748,0.5814331631028951
AAPL|2018-12-03 16:30:00+00:00,AAPL,2018-12-03,2018-12,later,1,1,1,0.0,9,9,0.0,0.6250289750082246,0.5820603380835072,0.4535796480864497,0.688150752135803,0.545601802950247,0.5601380579807252,0.5061187992283492,0.6081956599498283,0.7066567432754133
AMZN|2018-12-03 16:30:00+00:00,AMZN,2018-12-03,2018-12,later,0,1,1,0.0,4,4,0.0,0.5518931036811482,0.4708703780537634,0.3144280117120659,0.5017771633442275,0.5000178638292463,0.5078303680071891,0.5000787160080596,0.5434056092996563,0.4837912985184323
AAPL|2018-12-04 14:30:00+00:00,AAPL,2018-12-04,2018-12,later,0,1,1,1.0,13,13,0.0,0.7712477463234877,0.6575034641569111,0.6468033063757812,0.7281816881982833,0.5566884797170805,0.6232056067259217,0.5127349641198168,0.6763480682139793,0.7272152252052712
AMZN|2018-12-04 14:30:00+00:00,AMZN,2018-12-04,2018-12,later,0,1,1,0.0,1,1,0.0,0.3382052929236467,0.5797497804447217,0.4681745541985883,0.471290905213835,0.49971110316431216,0.4702485731514159,0.49970058988286303,0.4391576892690482,0.4502597967302118
AAPL|2018-12-04 15:30:00+00:00,AAPL,2018-12-04,2018-12,later,0,1,1,1.0,18,16,0.6230423515832805,0.6902843252908185,0.5438026467074101,0.5560090632333702,0.7332652172516811,0.5581614798954885,0.5751574200899412,0.5076678252713964,0.6920905490847281,0.6732691181190873
AMZN|2018-12-04 15:30:00+00:00,AMZN,2018-12-04,2018-12,later,0,1,1,0.0,1,1,0.0,0.3122226445521988,0.4833645579219968,0.4601673391886431,0.4412892644439787,0.49940711465279924,0.2903533434556924,0.49775426267678297,0.4232250882381432,0.4426628244313638
AAPL|2018-12-04 16:30:00+00:00,AAPL,2018-12-04,2018-12,later,0,1,1,0.0,17,15,0.6407975548081872,0.5995979474427214,0.4251756472645993,0.496010018805033,0.6196304609109566,0.5281636079866079,0.4581719229140545,0.49575473616708543,0.6124589274794539,0.5513944747146821
AMZN|2018-12-04 16:30:00+00:00,AMZN,2018-12-04,2018-12,later,0,0,0,0.0,0,0,0.0,0.5282678983211014,0.5282678983211014,0.5282678983211014,0.5282678983211014,0.5282678983211014,0.5282678983211014,0.5282678983211014,0.5282678983211014,0.5282678983211014
AAPL|2018-12-06 14:30:00+00:00,AAPL,2018-12-06,2018-12,later,1,1,1,0.0,5,4,1.1275645867426436,0.6045713457864395,0.5899568708163078,0.54003625425876,0.7512760476802975,0.5635220057548259,0.696327807919044,0.520995515927813,0.7278853581101475,0.6477064672539333
AMZN|2018-12-06 14:30:00+00:00,AMZN,2018-12-06,2018-12,later,1,1,1,0.0,1,1,0.0,0.9625601454890717,0.8555220220792054,0.6729493519358015,0.8649310296418387,0.5046660880964378,0.8566174750596454,0.5044917314600156,0.8075795405586552,0.5411724171295377
AAPL|2018-12-06 15:30:00+00:00,AAPL,2018-12-06,2018-12,later,1,1,1,1.0,12,11,0.5790696333376811,0.4970284924551887,0.520924983814556,0.4648704801305541,0.4957208148633242,0.49901104326349066,0.5740689656646992,0.5075551259748774,0.4800624500794779,0.3961346401297965
AMZN|2018-12-06 15:30:00+00:00,AMZN,2018-12-06,2018-12,later,1,1,1,0.0,1,1,0.0,0.9580497156942374,0.9438065471883148,0.6658245725772832,0.8501650020594018,0.5043621241262658,0.9756280433335848,0.5092708719072541,0.8090432650562454,0.5340141699625127
AAPL|2018-12-06 16:30:00+00:00,AAPL,2018-12-06,2018-12,later,1,1,1,1.0,13,13,0.0,0.6271767760943109,0.3881124768632589,0.4838129152788225,0.5201219529953406,0.5046526287059458,0.381433650208149,0.48776365732788757,0.5364635399697419,0.5603149683574081
AMZN|2018-12-06 16:30:00+00:00,AMZN,2018-12-06,2018-12,later,1,1,1,0.0,2,2,0.0,0.7861244726891222,0.687147059028008,0.5452898536638633,0.6897902053636275,0.5020081918779186,0.466604981078289,0.4996638183176596,0.6601643622882348,0.5188175415877159
AAPL|2018-12-07 14:30:00+00:00,AAPL,2018-12-07,2018-12,later,0,1,1,1.0,9,9,0.0,0.5429501537997459,0.5378800740923403,0.4998930990131613,0.530883988296454,0.5071460034258733,0.5998494123837467,0.5102468685892614,0.5744465591263018,0.5203912783428498
AMZN|2018-12-07 14:30:00+00:00,AMZN,2018-12-07,2018-12,later,0,0,0,0.0,0,0,0.0,0.5874549813599041,0.5874549813599041,0.5874549813599041,0.5874549813599041,0.5874549813599041,0.5874549813599041,0.5874549813599041,0.5874549813599041,0.5874549813599041
AAPL|2018-12-07 15:30:00+00:00,AAPL,2018-12-07,2018-12,later,0,1,1,1.0,10,10,0.0,0.4186778701138629,0.4548710728990639,0.4323421812633491,0.5239670377639875,0.5055428828786994,0.5915098635278914,0.5093706348349565,0.5710313817462876,0.5170206915822876
AMZN|2018-12-07 15:30:00+00:00,AMZN,2018-12-07,2018-12,later,0,0,0,0.0,0,0,0.0,0.6986239990238323,0.6986239990238323,0.6986239990238323,0.6986239990238323,0.6986239990238323,0.6986239990238323,0.6986239990238323,0.6986239990238323,0.6986239990238323
AAPL|2018-12-07 16:30:00+00:00,AAPL,2018-12-07,2018-12,later,0,1,1,1.0,9,9,0.0,0.4832042446215615,0.400109420940017,0.4406665350927999,0.6377395323156771,0.5326296321792305,0.5304337445753771,0.5030854470318498,0.6920424247259056,0.6833556869724354
AMZN|2018-12-07 16:30:00+00:00,AMZN,2018-12-07,2018-12,later,0,0,0,0.0,0,0,0.0,0.3952003106994017,0.3952003106994017,0.3952003106994017,0.3952003106994017,0.3952003106994017,0.3952003106994017,0.3952003106994017,0.3952003106994017,0.3952003106994017
AAPL|2018-12-10 14:30:00+00:00,AAPL,2018-12-10,2018-12,later,1,1,1,1.0,7,7,0.0,0.6637110763733942,0.5918120741777899,0.5966892540816638,0.6816275651320884,0.5438694234964303,0.5791327571193456,0.508080077898068,0.6244472233891974,0.7232207527261397
AMZN|2018-12-10 14:30:00+00:00,AMZN,2018-12-10,2018-12,later,0,1,1,0.0,1,1,0.0,0.4904136983410022,0.4266641547720727,0.444297847995627,0.3533043774184918,0.4984808059166347,0.3091640977387398,0.4979795163220094,0.2902877767844188,0.4010298885111137
AAPL|2018-12-10 15:30:00+00:00,AAPL,2018-12-10,2018-12,later,1,1,1,1.0,15,14,0.51622171317927,0.6054310535796488,0.5147195246301718,0.5703345919604647,0.5630668871080903,0.5146488143043211,0.5269184876920144,0.5027283336870433,0.5008445696063681,0.5715962920980243
AMZN|2018-12-10 15:30:00+00:00,AMZN,2018-12-10,2018-12,later,1,1,1,0.0,1,1,0.0,0.4608810543918956,0.3158175897872984,0.4363639335465062,0.3261798654019968,0.49817682056475715,0.2285010746744413,0.496942283845016,0.2936329809311471,0.3941750480022881
AAPL|2018-12-10 16:30:00+00:00,AAPL,2018-12-10,2018-12,later,1,1,1,0.0,21,20,0.348734525645179,0.4995344510606073,0.3313057853449547,0.5260115619347039,0.3403690330733136,0.46184692593909477,0.3379184685704909,0.48298038307703245,0.3393559131494272,0.3616140667766901
AMZN|2018-12-10 16:30:00+00:00,AMZN,2018-12-10,2018-12,later,1,1,1,0.0,1,1,0.0,0.4721306008966956,0.2972399829778959,0.4193989784302694,0.3537613770184533,0.4984858307424372,0.1213562076177587,0.49502538627896225,0.3310624985647325,0.3824161714190571
AAPL|2018-12-11 14:30:00+00:00,AAPL,2018-12-11,2018-12,later,0,1,1,0.0,12,12,0.0,0.8569015522128842,0.7088419901700834,0.724714317579855,0.8859784239173921,0.6162904000019845,0.7399848591809269,0.5264515625674571,0.8789839696382542,0.9195959099755716
AMZN|2018-12-11 14:30:00+00:00,AMZN,2018-12-11,2018-12,later,0,0,0,0.0,0,0,0.0,0.607848642330871,0.607848642330871,0.607848642330871,0.607848642330871,0.607848642330871,0.607848642330871,0.607848642330871,0.607848642330871,0.607848642330871
AAPL|2018-12-11 15:30:00+00:00,AAPL,2018-12-11,2018-12,later,0,1,1,1.0,17,16,0.4071926610876346,0.7954261849469579,0.7523479837248314,0.7072250203960654,0.8297684979473856,0.5905077435059273,0.7902159872563517,0.5335225593020752,0.79651970954328,0.8139791575674964
AMZN|2018-12-11 15:30:00+00:00,AMZN,2018-12-11,2018-12,later,0,0,0,0.0,0,0,0.0,0.5427830736810035,0.5427830736810035,0.5427830736810035,0.5427830736810035,0.5427830736810035,0.5427830736810035,0.5427830736810035,0.5427830736810035,0.5427830736810035
AAPL|2018-12-11 16:30:00+00:00,AAPL,2018-12-11,2018-12,later,0,1,1,1.0,17,16,0.4316641181060998,0.2269512562615696,0.390652240707652,0.4589342935459636,0.2360238976052976,0.4325499901441142,0.4686823372191565,0.49682470972427245,0.3151388878343188,0.2309758577591215
AMZN|2018-12-11 16:30:00+00:00,AMZN,2018-12-11,2018-12,later,0,0,0,0.0,0,0,0.0,0.340281570503693,0.340281570503693,0.340281570503693,0.340281570503693,0.340281570503693,0.340281570503693,0.340281570503693,0.340281570503693,0.340281570503693
AAPL|2018-12-12 14:30:00+00:00,AAPL,2018-12-12,2018-12,later,1,1,1,1.0,6,6,0.0,0.7174946469298411,0.6157261167574669,0.5541632286053804,0.9169402998358592,0.6352926776363671,0.7326411317430532,0.5254966045099921,0.8601925918765538,0.9067909725378148
AMZN|2018-12-12 14:30:00+00:00,AMZN,2018-12-12,2018-12,later,1,0,0,0.0,0,0,0.0,0.6686238103894758,0.6686238103894758,0.6686238103894758,0.6686238103894758,0.6686238103894758,0.6686238103894758,0.6686238103894758,0.6686238103894758,0.6686238103894758
AAPL|2018-12-12 15:30:00+00:00,AAPL,2018-12-12,2018-12,later,0,1,1,1.0,8,8,0.0,0.6454489867952993,0.5510593466979992,0.5574593278780383,0.8309060228183633,0.5909588979727578,0.63955518101715,0.5145121745916328,0.745986651986408,0.8026139058491921
AMZN|2018-12-12 15:30:00+00:00,AMZN,2018-12-12,2018-12,later,0,0,0,0.0,0,0,0.0,0.5738254362124561,0.5738254362124561,0.5738254362124561,0.5738254362124561,0.5738254362124561,0.5738254362124561,0.5738254362124561,0.5738254362124561,0.5738254362124561
AAPL|2018-12-12 16:30:00+00:00,AAPL,2018-12-12,2018-12,later,0,1,1,1.0,8,8,0.0,0.6253737442653,0.541319834871146,0.5353771968551659,0.8122188544122276,0.5838137447140423,0.6312805526095009,0.5136086600976877,0.7678600782004971,0.8168150616123433
AMZN|2018-12-12 16:30:00+00:00,AMZN,2018-12-12,2018-12,later,0,0,0,0.0,0,0,0.0,0.6835475063943401,0.6835475063943401,0.6835475063943401,0.6835475063943401,0.6835475063943401,0.6835475063943401,0.6835475063943401,0.6835475063943401,0.6835475063943401
AAPL|2018-12-13 14:30:00+00:00,AAPL,2018-12-13,2018-12,later,1,1,1,1.0,23,22,0.2538836494747445,0.6769537837541775,0.6143327887445083,0.5867963341280972,0.8765928432831445,0.6113737576298549,0.7050989694784928,0.5220523777418846,0.8531796477153611,0.9055347484298204
AMZN|2018-12-13 14:30:00+00:00,AMZN,2018-12-13,2018-12,later,0,0,0,0.0,0,0,0.0,0.2641641161153319,0.2641641161153319,0.2641641161153319,0.2641641161153319,0.2641641161153319,0.2641641161153319,0.2641641161153319,0.2641641161153319,0.2641641161153319
AAPL|2018-12-13 15:30:00+00:00,AAPL,2018-12-13,2018-12,later,0,1,1,1.0,32,31,0.1900795330506669,0.603344501094007,0.5839022392160307,0.5780016219961973,0.7897848968773028,0.5758829931251342,0.6694459187513538,0.5178564107100683,0.7686607257355994,0.8330611683604705
AMZN|2018-12-13 15:30:00+00:00,AMZN,2018-12-13,2018-12,later,0,1,1,0.0,1,1,0.0,0.1414448982752456,0.2243847163887687,0.3654758969703022,0.0595169373956292,0.4930643447414348,0.039397818635076,0.4919746756050096,0.0380264945642088,0.2005840481138867
AAPL|2018-12-13 16:30:00+00:00,AAPL,2018-12-13,2018-12,later,0,1,1,0.0,35,34,0.1621998965006668,0.3756523512494373,0.3574116273544132,0.4321667577335617,0.6723120307860796,0.5414260376587904,0.4882312139682066,0.4988080937768041,0.6698174904561075,0.7323065386717915
AMZN|2018-12-13 16:30:00+00:00,AMZN,2018-12-13,2018-12,later,0,1,1,0.0,2,2,0.0,0.285316565986679,0.3256228816428935,0.2641794679766781,0.2994859531345705,0.4978646339096988,0.303028965441029,0.4979069298877232,0.297850276759782,0.3794334750505395
AAPL|2018-12-14 14:30:00+00:00,AAPL,2018-12-14,2018-12,later,0,1,1,1.0,13,13,0.0,0.7411038760952738,0.6627541300612715,0.6328459308625374,0.832891565672093,0.5917518421052339,0.6730566617305387,0.5182700811488243,0.8318321821273645,0.8680478776512868
AMZN|2018-12-14 14:30:00+00:00,AMZN,2018-12-14,2018-12,later,0,0,0,0.0,0,0,0.0,0.6749062653196494,0.6749062653196494,0.6749062653196494,0.6749062653196494,0.6749062653196494,0.6749062653196494,0.6749062653196494,0.6749062653196494,0.6749062653196494
AAPL|2018-12-14 15:30:00+00:00,AAPL,2018-12-14,2018-12,later,1,1,1,1.0,11,11,0.0,0.6723531152391716,0.5511199022061425,0.6524663823926865,0.7161147945257798,0.5532555029135823,0.5716593463221981,0.5073058922526288,0.6676795879492896,0.7082933361709369
AMZN|2018-12-14 15:30:00+00:00,AMZN,2018-12-14,2018-12,later,0,0,0,0.0,0,0,0.0,0.6862944376673187,0.6862944376673187,0.6862944376673187,0.6862944376673187,0.6862944376673187,0.6862944376673187,0.6862944376673187,0.6862944376673187,0.6862944376673187
AAPL|2018-12-14 16:30:00+00:00,AAPL,2018-12-14,2018-12,later,0,1,1,1.0,14,14,0.0,0.5974149163604432,0.4576857116010175,0.586065960129427,0.5142933091976344,0.5033040833099788,0.4366602530128846,0.4935520341839948,0.4910258738247878,0.5359895600911119
AMZN|2018-12-14 16:30:00+00:00,AMZN,2018-12-14,2018-12,later,0,0,0,0.0,0,0,0.0,0.431373465503427,0.431373465503427,0.431373465503427,0.431373465503427,0.431373465503427,0.431373465503427,0.431373465503427,0.431373465503427,0.431373465503427
AAPL|2018-12-17 14:30:00+00:00,AAPL,2018-12-17,2018-12,later,1,1,1,1.0,3,3,0.0,0.558636412186991,0.5707333039460334,0.5442765430290588,0.2063049002966135,0.42277897773229,0.4091042862160803,0.4906936708619962,0.1921195640019314,0.1597910964787849
AMZN|2018-12-17 14:30:00+00:00,AMZN,2018-12-17,2018-12,later,0,1,1,0.0,1,1,0.0,0.6707448044842397,0.6024227493273486,0.4908744824372065,0.4760017799965518,0.4997585883624533,0.4342874242025276,0.4993356254383849,0.438540510490002,0.4171349427081867
AAPL|2018-12-17 15:30:00+00:00,AAPL,2018-12-17,2018-12,later,0,1,1,1.0,6,6,0.0,0.4648530075577003,0.4924725944481625,0.4379321501874927,0.3466449599422002,0.4634458815287234,0.4804421958558426,0.498018607647408,0.3469460377663163,0.3290004513413646
AMZN|2018-12-17 15:30:00+00:00,AMZN,2018-12-17,2018-12,later,0,1,1,0.0,2,2,0.0,0.6622249765383406,0.4326607300698253,0.4769515924039813,0.5681003991167526,0.5006888141891148,0.2468888171017169,0.4971973896571665,0.5750046697836505,0.4525626075751721
AAPL|2018-12-17 16:30:00+00:00,AAPL,2018-12-17,2018-12,later,0,1,1,1.0,11,10,0.558206340383992,0.5316506512098207,0.5348021968564084,0.4269485784209417,0.4120796313262401,0.47947945346258986,0.4999820357434082,0.499998180968284,0.3974024728577335,0.3532055868405663
AMZN|2018-12-17 16:30:00+00:00,AMZN,2018-12-17,2018-12,later,0,1,1,0.0,3,2,1.5414501571439172,0.4481694141415273,0.4297925342832216,0.4127369077029942,0.370404785092256,0.4986669270047996,0.2922510197733702,0.4977773617837147,0.4181807194708032,0.3786938255790614
AAPL|2018-12-18 14:30:00+00:00,AAPL,2018-12-18,2018-12,later,1,1,1,1.0,7,7,0.0,0.6094239201771929,0.5914397742573297,0.5692824407673704,0.7582800454543522,0.5656719434979623,0.6804894366736736,0.5191290507165671,0.7267096805001568,0.7632107094583515
AMZN|2018-12-18 14:30:00+00:00,AMZN,2018-12-18,2018-12,later,1,1,1,0.0,2,2,0.0,0.3824323989665514,0.3854886078526116,0.3095293227166547,0.3116731018222691,0.4980089705928341,0.2851270927791419,0.4976901805835982,0.318362189409084,0.375456408137264
AAPL|2018-12-18 15:30:00+00:00,AAPL,2018-12-18,2018-12,later,1,1,1,1.0,9,9,0.0,0.5124211645839766,0.5092036058291497,0.5473905181609016,0.62586155430169,0.5296908812210719,0.5831637977700598,0.5084991842156305,0.6575421219853542,0.6929013423356256
AMZN|2018-12-18 15:30:00+00:00,AMZN,2018-12-18,2018-12,later,1,1,1,0.0,3,3,0.0,0.4068421920377094,0.3122198893162519,0.2611967987638131,0.2231201700834796,0.49686493590409103,0.2318555949440452,0.49698985583555944,0.2400876684980708,0.3318075526868916
AAPL|2018-12-18 16:30:00+00:00,AAPL,2018-12-18,2018-12,later,0,1,1,1.0,10,10,0.0,0.4844235673404849,0.398021973821377,0.4381575798425375,0.7410096988948955,0.5604383205914961,0.5388040528173087,0.5039370718252918,0.7307319397207382,0.7610490051564253
AMZN|2018-12-18 16:30:00+00:00,AMZN,2018-12-18,2018-12,later,0,1,1,0.0,3,3,0.0,0.5685593786718501,0.5424582173327289,0.3270232860338523,0.3550242728314596,0.4984997013679237,0.3944383309962127,0.49892271225465157,0.4119869446842277,0.3669354603821725
AMZN|2018-12-19 14:30:00+00:00,AMZN,2018-12-19,2018-12,later,1,1,1,0.0,1,1,0.0,0.5426993312325026,0.4397641155609563,0.3754863803035032,0.5744606374958968,0.500754073385419,0.5689442239652919,0.5006974585148567,0.5967497774497754,0.471062490147083
AAPL|2018-12-19 15:30:00+00:00,AAPL,2018-12-19,2018-12,later,0,1,1,0.0,9,9,0.0,0.4808180079703307,0.5048434625606656,0.5673044408631517,0.7266206461112048,0.5562394349489517,0.652755732491468,0.5159724924234943,0.7480515805111665,0.791687331366513
AMZN|2018-12-19 15:30:00+00:00,AMZN,2018-12-19,2018-12,later,0,1,1,0.0,1,1,0.0,0.5131889473218658,0.4722946427051894,0.3679675883642756,0.5446571028572906,0.5004500850783258,0.6602006291385262,0.5016690720121929,0.5807717138562818,0.4634036941189062
AAPL|2018-12-19 16:30:00+00:00,AAPL,2018-12-19,2018-12,later,0,1,1,1.0,7,7,0.0,0.4551100682998937,0.3799791000337739,0.5519357229398637,0.6142184083001001,0.5268444982613832,0.4803284288960092,0.4980070702145721,0.645954558684867,0.6834145771073356
AMZN|2018-12-19 16:30:00+00:00,AMZN,2018-12-19,2018-12,later,0,0,0,0.0,0,0,0.0,0.459902585082323,0.459902585082323,0.459902585082323,0.459902585082323,0.459902585082323,0.459902585082323,0.459902585082323,0.459902585082323,0.459902585082323
AAPL|2018-12-20 14:30:00+00:00,AAPL,2018-12-20,2018-12,later,0,1,1,0.0,3,3,0.0,0.7689008633167251,0.6201412164311502,0.6781657824922432,0.6881418274061923,0.5455994201801277,0.516125143476875,0.5016333667073838,0.5918931304866102,0.7313827151573603
AMZN|2018-12-20 14:30:00+00:00,AMZN,2018-12-20,2018-12,later,0,0,0,0.0,0,0,0.0,0.0709921594788137,0.0709921594788137,0.0709921594788137,0.0709921594788137,0.0709921594788137,0.0709921594788137,0.0709921594788137,0.0709921594788137,0.0709921594788137
AAPL|2018-12-20 15:30:00+00:00,AAPL,2018-12-20,2018-12,later,0,1,1,1.0,5,5,0.0,0.710768428499969,0.5112529377017052,0.641657767222518,0.831725079322877,0.5912851480683771,0.5780378630332988,0.5079664318286587,0.7595813568829304,0.8689013198351068
AMZN|2018-12-20 15:30:00+00:00,AMZN,2018-12-20,2018-12,later,0,0,0,0.0,0,0,0.0,0.0983387671626872,0.0983387671626872,0.0983387671626872,0.0983387671626872,0.0983387671626872,0.0983387671626872,0.0983387671626872,0.0983387671626872,0.0983387671626872
AAPL|2018-12-20 16:30:00+00:00,AAPL,2018-12-20,2018-12,later,0,1,1,1.0,7,7,0.0,0.359247062362862,0.2816982303436939,0.3417490881451615,0.2237142886979631,0.4286093081448617,0.3379488892522627,0.4829838210591007,0.2881773955595813,0.2515805427624257
AMZN|2018-12-20 16:30:00+00:00,AMZN,2018-12-20,2018-12,later,1,0,0,0.0,0,0,0.0,0.1744404859425998,0.1744404859425998,0.1744404859425998,0.1744404859425998,0.1744404859425998,0.1744404859425998,0.1744404859425998,0.1744404859425998,0.1744404859425998
AAPL|2018-12-21 14:30:00+00:00,AAPL,2018-12-21,2018-12,later,0,1,1,1.0,10,9,0.5828387128031624,0.6500492964978166,0.582714000484324,0.5691071532374778,0.8927805252108298,0.620062826986118,0.6858783596941724,0.5197583811010911,0.8400696763320787,0.8739495321697344
AMZN|2018-12-21 14:30:00+00:00,AMZN,2018-12-21,2018-12,later,0,0,0,0.0,0,0,0.0,0.5464194418457432,0.5464194418457432,0.5464194418457432,0.5464194418457432,0.5464194418457432,0.5464194418457432,0.5464194418457432,0.5464194418457432,0.5464194418457432
AAPL|2018-12-21 15:30:00+00:00,AAPL,2018-12-21,2018-12,later,0,1,1,1.0,12,12,0.0,0.5499417290940601,0.5111637237556949,0.5227277813913902,0.6902236689672896,0.5461562002470692,0.5704448785684029,0.5071804089823794,0.664752719587347,0.7578655696222135
AMZN|2018-12-21 15:30:00+00:00,AMZN,2018-12-21,2018-12,later,0,0,0,0.0,0,0,0.0,0.4083226165999724,0.4083226165999724,0.4083226165999724,0.4083226165999724,0.4083226165999724,0.4083226165999724,0.4083226165999724,0.4083226165999724,0.4083226165999724
AAPL|2018-12-21 16:30:00+00:00,AAPL,2018-12-21,2018-12,later,0,1,1,1.0,11,11,0.0,0.6235465540138955,0.3690903033650109,0.5081707516442211,0.6444299397718031,0.5343020720294097,0.3772751287296194,0.4873168146038986,0.6295345171990802,0.7386366943403407
AMZN|2018-12-21 16:30:00+00:00,AMZN,2018-12-21,2018-12,later,0,1,1,0.0,1,1,0.0,0.4290028069512919,0.1623370016499704,0.4936837757770439,0.6128639377210021,0.5011543676947809,0.123596704875684,0.49507776881687593,0.5140514009639854,0.4830444536089908
AAPL|2018-12-26 14:30:00+00:00,AAPL,2018-12-26,2018-12,later,1,1,1,0.0,4,4,0.0,0.6364420817134244,0.6070169623096291,0.6349525213730055,0.7386582175997947,0.5597426773157089,0.6850045913200867,0.5196559526690495,0.7896559341752658,0.756697263054559
AMZN|2018-12-26 14:30:00+00:00,AMZN,2018-12-26,2018-12,later,1,0,0,0.0,0,0,0.0,0.8190881435433371,0.8190881435433371,0.8190881435433371,0.8190881435433371,0.8190881435433371,0.8190881435433371,0.8190881435433371,0.8190881435433371,0.8190881435433371
AAPL|2018-12-26 15:30:00+00:00,AAPL,2018-12-26,2018-12,later,1,1,1,0.0,3,3,0.0,0.5516950341559475,0.5954025365450968,0.5691510214023363,0.4932389028624777,0.49843739786540553,0.6420547859461001,0.5147868466971159,0.5057595971203028,0.4841970913748498
AMZN|2018-12-26 15:30:00+00:00,AMZN,2018-12-26,2018-12,later,1,0,0,0.0,0,0,0.0,0.9145160289300116,0.9145160289300116,0.9145160289300116,0.9145160289300116,0.9145160289300116,0.9145160289300116,0.9145160289300116,0.9145160289300116,0.9145160289300116
AAPL|2018-12-26 16:30:00+00:00,AAPL,2018-12-26,2018-12,later,1,1,1,0.0,5,5,0.0,0.407644221828953,0.5216549270303261,0.4062093195151703,0.3797175826739427,0.4716770309051049,0.5959145690171593,0.5098327192026277,0.4282952802064402,0.4135990039404253
AMZN|2018-12-26 16:30:00+00:00,AMZN,2018-12-26,2018-12,later,1,0,0,0.0,0,0,0.0,0.7660675026795218,0.7660675026795218,0.7660675026795218,0.7660675026795218,0.7660675026795218,0.7660675026795218,0.7660675026795218,0.7660675026795218,0.7660675026795218
AAPL|2018-12-27 14:30:00+00:00,AAPL,2018-12-27,2018-12,later,0,1,1,1.0,7,6,1.134945694875734,0.5352440652693122,0.5432459277872954,0.5508322160513054,0.329308436836721,0.4589955093295643,0.4847121628864203,0.49845150049379483,0.3468735658408502,0.2307953639508445
AMZN|2018-12-27 14:30:00+00:00,AMZN,2018-12-27,2018-12,later,0,1,1,1.0,3,3,0.0,0.8924519150139455,0.746033974600773,0.4541872093896358,0.756100365188245,0.5028431746139679,0.6958003994307179,0.5020791568895853,0.7660293228060996,0.562295255080609
AAPL|2018-12-27 15:30:00+00:00,AAPL,2018-12-27,2018-12,later,0,1,1,0.0,12,11,0.6064544428390828,0.4720633503083594,0.42883593983018,0.5141207677699752,0.3438935389519246,0.4627465035835416,0.4626099205710436,0.49620693240957603,0.3838099435139038,0.3164336984272132
AMZN|2018-12-27 15:30:00+00:00,AMZN,2018-12-27,2018-12,later,0,1,1,1.0,3,3,0.0,0.8805436281213675,0.817491878929157,0.4462185021918639,0.7331079834015636,0.5025391946726158,0.6868939183385269,0.5019742653080941,0.7634298238886544,0.5560582482403857
AAPL|2018-12-27 16:30:00+00:00,AAPL,2018-12-27,2018-12,later,1,1,1,1.0,15,14,0.4909115732265416,0.643944716325822,0.5082768245518817,0.592827057863436,0.585660874698702,0.5199830300454098,0.5166171501768809,0.5016832394365458,0.6036809200002337,0.595171651752571
AMZN|2018-12-27 16:30:00+00:00,AMZN,2018-12-27,2018-12,later,1,1,1,1.0,2,2,0.0,0.5611530250842613,0.6059958515059302,0.3654519935355093,0.4115839228373664,0.4991018157433183,0.6173869105932795,0.5012023772728508,0.4274632438361469,0.4079832368585778
AAPL|2018-12-28 14:30:00+00:00,AAPL,2018-12-28,2018-12,later,0,1,1,0.0,6,6,0.0,0.6602401073615984,0.5994068016415851,0.5199708250728798,0.7878518339896193,0.5752278600758494,0.6462047113147312,0.5152447334546547,0.785455557005174,0.8488418111488896
AMZN|2018-12-28 14:30:00+00:00,AMZN,2018-12-28,2018-12,later,1,0,0,0.0,0,0,0.0,0.8144086752190991,0.8144086752190991,0.8144086752190991,0.8144086752190991,0.8144086752190991,0.8144086752190991,0.8144086752190991,0.8144086752190991,0.8144086752190991
AAPL|2018-12-28 15:30:00+00:00,AAPL,2018-12-28,2018-12,later,1,1,1,0.0,9,9,0.0,0.5635527922084336,0.5326583784020846,0.6003351426089653,0.8039443147968377,0.5808143134216703,0.6520313592436326,0.5158917140903349,0.7411668841641328,0.8460412908021697
AMZN|2018-12-28 15:30:00+00:00,AMZN,2018-12-28,2018-12,later,1,0,0,0.0,0,0,0.0,0.8537062295620156,0.8537062295620156,0.8537062295620156,0.8537062295620156,0.8537062295620156,0.8537062295620156,0.8537062295620156,0.8537062295620156,0.8537062295620156
AAPL|2018-12-28 16:30:00+00:00,AAPL,2018-12-28,2018-12,later,1,1,1,1.0,12,12,0.0,0.8052995861921816,0.6245702589004966,0.7587504388548801,0.9291610000475808,0.6444727024362402,0.6770019604024908,0.5187247479840106,0.8883438482413324,0.9343563578252972
AMZN|2018-12-28 16:30:00+00:00,AMZN,2018-12-28,2018-12,later,1,0,0,0.0,0,0,0.0,0.48763367472536,0.48763367472536,0.48763367472536,0.48763367472536,0.48763367472536,0.48763367472536,0.48763367472536,0.48763367472536,0.48763367472536
AAPL|2018-12-31 14:30:00+00:00,AAPL,2018-12-31,2018-12,later,0,1,1,1.0,9,9,0.0,0.6137441233116191,0.5767172347643708,0.5936515674427411,0.6979035991224442,0.5482273116695388,0.5938725519232065,0.5096183026254413,0.7150844603362585,0.77791046792114
AMZN|2018-12-31 14:30:00+00:00,AMZN,2018-12-31,2018-12,later,1,1,1,0.0,1,1,0.0,0.6637535564717956,0.6193196365508322,0.5737011642679007,0.702305545464809,0.5021568615860452,0.6204342341387801,0.5012348447350771,0.7063275163755396,0.5139546021124792
AAPL|2018-12-31 15:30:00+00:00,AAPL,2018-12-31,2018-12,later,0,1,1,0.0,3,3,0.0,0.5248340676379375,0.4839871252238186,0.5212818280437531,0.3783844290655519,0.4713508480054326,0.4329996876056195,0.4931750299910784,0.4163683448770915,0.429936596074033
AMZN|2018-12-31 15:30:00+00:00,AMZN,2018-12-31,2018-12,later,0,0,0,0.0,0,0,0.0,0.6675381676678745,0.6675381676678745,0.6675381676678745,0.6675381676678745,0.6675381676678745,0.6675381676678745,0.6675381676678745,0.6675381676678745,0.6675381676678745
AAPL|2018-12-31 16:30:00+00:00,AAPL,2018-12-31,2018-12,later,0,1,1,0.0,4,4,0.0,0.5485708217662447,0.5208162181792411,0.5044049951407442,0.3218104117801409,0.45703639382486433,0.4385613937306699,0.49374755400316395,0.3474034968167549,0.3585680146373511
AMZN|2018-12-31 16:30:00+00:00,AMZN,2018-12-31,2018-12,later,1,1,1,0.0,1,1,0.0,0.5916483884874834,0.2572482147033761,0.4798589407464463,0.5414244732789363,0.5004173485448568,0.2712439748104616,0.49751641206231345,0.5392139758590001,0.5298157029920967
AAPL|2019-01-02 14:30:00+00:00,AAPL,2019-01-02,2019-01,later,1,1,1,1.0,11,11,0.0,0.5077537435920855,0.5357048447710695,0.4632346420838987,0.4537437854250954,0.48928102348653174,0.5356281009109355,0.5036137057860178,0.5061818452930574,0.5392688761367782
AMZN|2019-01-02 14:30:00+00:00,AMZN,2019-01-02,2019-01,later,1,0,0,0.0,0,0,0.0,0.451034563378256,0.451034563378256,0.451034563378256,0.451034563378256,0.451034563378256,0.451034563378256,0.451034563378256,0.451034563378256,0.451034563378256
AAPL|2019-01-02 15:30:00+00:00,AAPL,2019-01-02,2019-01,later,1,1,1,1.0,12,12,0.0,0.4198553606728041,0.4541840160941268,0.5301175491950633,0.3566002581563761,0.4659563034913176,0.4745818352661028,0.49742399970161577,0.4437156041019487,0.4565233391116059
AMZN|2019-01-02 15:30:00+00:00,AMZN,2019-01-02,2019-01,later,1,0,0,0.0,0,0,0.0,0.4009158322570358,0.4009158322570358,0.4009158322570358,0.4009158322570358,0.4009158322570358,0.4009158322570358,0.4009158322570358,0.4009158322570358,0.4009158322570358
AAPL|2019-01-02 16:30:00+00:00,AAPL,2019-01-02,2019-01,later,0,1,1,1.0,8,8,0.0,0.5045558657373622,0.6070067192168914,0.5275982105683107,0.3470575116360953,0.46355053375494976,0.6139708182810749,0.5117446842316359,0.3978568204158694,0.3800221544336069
AMZN|2019-01-02 16:30:00+00:00,AMZN,2019-01-02,2019-01,later,1,0,0,0.0,0,0,0.0,0.9310105083851162,0.9310105083851162,0.9310105083851162,0.9310105083851162,0.9310105083851162,0.9310105083851162,0.9310105083851162,0.9310105083851162,0.9310105083851162
AAPL|2019-01-03 14:30:00+00:00,AAPL,2019-01-03,2019-01,later,1,1,1,1.0,96,94,0.0967000858538174,0.7629248996182509,0.6713017567303462,0.5864722398201855,0.6274839783041596,0.5300901135523175,0.5863208075421991,0.50882821458518,0.6363132249184775,0.6695265752532796
AMZN|2019-01-03 14:30:00+00:00,AMZN,2019-01-03,2019-01,later,0,1,1,0.0,2,1,0.0,0.4247180434845051,0.4584841165344303,0.5416458877884229,0.1814144221022227,0.49621356117123483,0.1455067401891676,0.495551460846856,0.0569367474177078,0.2363720651598773
AAPL|2019-01-03 15:30:00+00:00,AAPL,2019-01-03,2019-01,later,0,1,1,1.0,121,113,0.1681598429327165,0.6959020473548932,0.4834403578109118,0.5981429142669847,0.4964994823758605,0.4991910062534002,0.4579535845618915,0.49573247255572467,0.5323876377589518,0.5169001877764529
AMZN|2019-01-03 15:30:00+00:00,AMZN,2019-01-03,2019-01,later,0,1,1,0.0,4,2,2.121162456002711,0.4124350129186971,0.709634868983289,0.4320035287510821,0.2249177055964095,0.49689092025864007,0.5703789421942141,0.5007121655260464,0.3651726461733237,0.4754249107988126
AAPL|2019-01-03 16:30:00+00:00,AAPL,2019-01-03,2019-01,later,0,1,1,1.0,138,129,0.1614115789790717,0.5390274379367758,0.5185528984939068,0.4884657433176818,0.329970296615492,0.4591673976313113,0.4885551791758037,0.49884091547892,0.414430867464963,0.3920862591245693
AMZN|2019-01-03 16:30:00+00:00,AMZN,2019-01-03,2019-01,later,0,1,1,0.0,2,2,0.0,0.4350477689608896,0.4782168029490153,0.3625280615616071,0.5040607192318942,0.5000408185800833,0.6353738369079055,0.5013955453217308,0.5906896748031204,0.4880603297007616
AAPL|2019-01-04 14:30:00+00:00,AAPL,2019-01-04,2019-01,later,1,1,1,0.0,29,28,0.1752332850932927,0.6549973900874637,0.5753803294130722,0.5676196117987733,0.6233679281278377,0.5290785496265467,0.5678596021482504,0.5069135753903609,0.5786874117438104,0.5972228621063118
AMZN|2019-01-04 14:30:00+00:00,AMZN,2019-01-04,2019-01,later,1,0,0,0.0,0,0,0.0,0.4705782137719753,0.4705782137719753,0.4705782137719753,0.4705782137719753,0.4705782137719753,0.4705782137719753,0.4705782137719753,0.4705782137719753,0.4705782137719753
AAPL|2019-01-04 15:30:00+00:00,AAPL,2019-01-04,2019-01,later,1,1,1,0.0,28,27,0.1803786577750175,0.5522870162153743,0.771870475824412,0.5994434108968081,0.4635983653205415,0.4915733489429843,0.7577219522586986,0.5288324536063438,0.4771900871872594,0.4646614666261031
AMZN|2019-01-04 15:30:00+00:00,AMZN,2019-01-04,2019-01,later,1,0,0,0.0,0,0,0.0,0.8152499344482264,0.8152499344482264,0.8152499344482264,0.8152499344482264,0.8152499344482264,0.8152499344482264,0.8152499344482264,0.8152499344482264,0.8152499344482264
AAPL|2019-01-04 16:30:00+00:00,AAPL,2019-01-04,2019-01,later,0,1,1,0.0,31,29,0.2701514001156768,0.5597410406113617,0.5483505508163314,0.6343533724591364,0.57087112397876,0.5164836042031403,0.5456140835251185,0.5046315540536077,0.5869392733292563,0.5822465747992036
AMZN|2019-01-04 16:30:00+00:00,AMZN,2019-01-04,2019-01,later,1,0,0,0.0,0,0,0.0,0.7222246639958433,0.7222246639958433,0.7222246639958433,0.7222246639958433,0.7222246639958433,0.7222246639958433,0.7222246639958433,0.7222246639958433,0.7222246639958433
AAPL|2019-01-07 14:30:00+00:00,AAPL,2019-01-07,2019-01,later,0,1,1,1.0,17,15,0.6029869928028547,0.679189384032783,0.6410921802665658,0.7110283871621763,0.7869819155723249,0.5749343744665226,0.6851912656275276,0.5196778229810772,0.8175100241203599,0.8281387728257882
AMZN|2019-01-07 14:30:00+00:00,AMZN,2019-01-07,2019-01,later,1,1,1,0.0,1,1,0.0,0.5265915958536624,0.5278505017518651,0.5544698465895912,0.5703904672308967,0.500712283715635,0.5163090393457673,0.5001639939551461,0.5893174728019321,0.5228984801478764
AAPL|2019-01-07 15:30:00+00:00,AAPL,2019-01-07,2019-01,later,0,1,1,1.0,8,8,0.0,0.5564873618375804,0.6608376802552263,0.6206415302916344,0.6103880374118251,0.5259148464929575,0.6925049403360971,0.5205402505854402,0.6998692911726365,0.7271500594918735
AMZN|2019-01-07 15:30:00+00:00,AMZN,2019-01-07,2019-01,later,1,1,1,0.0,1,1,0.0,0.4970051639247759,0.5626372135054325,0.5465033654975545,0.5405298712042912,0.5004082953494767,0.7013187403263177,0.5021450121351845,0.5774112335276284,0.5153288475312826
AAPL|2019-01-07 16:30:00+00:00,AAPL,2019-01-07,2019-01,later,1,1,1,1.0,8,8,0.0,0.4250110025028518,0.3594710324471259,0.4490110962590021,0.5287068282584949,0.5066411566502743,0.4727243282385495,0.49723539298355907,0.5592614037096834,0.5925073457856228
AMZN|2019-01-07 16:30:00+00:00,AMZN,2019-01-07,2019-01,later,1,1,1,0.0,2,2,0.0,0.3279054679799698,0.6247100341846031,0.4424971556147204,0.4017794171554422,0.4989997021252428,0.7729118817145597,0.5030779008712202,0.386939575420368,0.4041580893859434
AAPL|2019-01-08 14:30:00+00:00,AAPL,2019-01-08,2019-01,later,1,1,1,0.0,10,9,0.5354358002587605,0.6883274652686584,0.5879955633046063,0.593334871193696,0.7427998929510744,0.5609705149822631,0.6546375136037974,0.5161827049971108,0.6941045827852921,0.7542240599371036
AMZN|2019-01-08 14:30:00+00:00,AMZN,2019-01-08,2019-01,later,0,1,1,0.0,2,2,0.0,0.523410007323339,0.5183953764892711,0.4603726553461129,0.5055766104770989,0.5000560574967815,0.4449754246754696,0.49944465304622193,0.6058322429138423,0.4993140342060245
AAPL|2019-01-08 15:30:00+00:00,AAPL,2019-01-08,2019-01,later,1,1,1,0.0,13,12,0.4155130075346816,0.6188782924569244,0.5405611547618415,0.5524619776668044,0.6357802756781261,0.5321422800004316,0.6226655592109667,0.5126767988390506,0.6452835405987221,0.6923681376345864
AMZN|2019-01-08 15:30:00+00:00,AMZN,2019-01-08,2019-01,later,1,1,1,0.0,2,2,0.0,0.5678896039966688,0.5905650808827845,0.5030910296270412,0.620979731505949,0.5012406672950145,0.8113208270591655,0.5036653751821972,0.6231880854349149,0.5410438473288871
AAPL|2019-01-08 16:30:00+00:00,AAPL,2019-01-08,2019-01,later,1,1,1,0.0,13,12,0.3955701709631108,0.6686462889942028,0.6299454310965308,0.5776484998841547,0.727661645227989,0.5565387172161232,0.6813452086936693,0.5192286124029882,0.721882401590914,0.7747169612649298
AMZN|2019-01-08 16:30:00+00:00,AMZN,2019-01-08,2019-01,later,1,1,1,0.0,2,2,0.0,0.5003099671113986,0.3364533357880446,0.4688592322457681,0.5845211050055603,0.5008578255078594,0.5298849057491272,0.500300756613449,0.5168597463843408,0.5106165937025797
AAPL|2019-01-09 14:30:00+00:00,AAPL,2019-01-09,2019-01,later,1,1,1,1.0,16,16,0.0,0.6445994117031658,0.5911688721838718,0.5728525056213588,0.8169553974460421,0.5855737181547073,0.6893141703657775,0.5201626414201255,0.8215801051433734,0.8462155327023967
AMZN|2019-01-09 14:30:00+00:00,AMZN,2019-01-09,2019-01,later,1,0,0,0.0,0,0,0.0,0.4751189069596636,0.4751189069596636,0.4751189069596636,0.4751189069596636,0.4751189069596636,0.4751189069596636,0.4751189069596636,0.4751189069596636,0.4751189069596636
AAPL|2019-01-09 15:30:00+00:00,AAPL,2019-01-09,2019-01,later,1,1,1,1.0,11,11,0.0,0.5324981676346122,0.5136510185551848,0.5408607623388342,0.5321275883753088,0.5074344879899669,0.5492585332806754,0.5050039040539855,0.6103552776944187,0.5942219950936056
AMZN|2019-01-09 15:30:00+00:00,AMZN,2019-01-09,2019-01,later,1,1,1,0.0,1,1,0.0,0.4986918603156247,0.5453801636076757,0.4201397216330568,0.7192407652700339,0.5023639195327487,0.7980184191904642,0.5034526380429241,0.7575222495253228,0.638419974015604
AAPL|2019-01-09 16:30:00+00:00,AAPL,2019-01-09,2019-01,later,1,1,1,1.0,13,13,0.0,0.5349061690230694,0.5342933856693255,0.3306211771130641,0.3644636465099283,0.46791831961460595,0.4613424222300245,0.4960778486134558,0.372291604783785,0.3719389289266335
AMZN|2019-01-09 16:30:00+00:00,AMZN,2019-01-09,2019-01,later,1,1,1,0.0,2,2,0.0,0.5262534768655532,0.4993985618852282,0.251507069242086,0.6590524089682319,0.5016562205587625,0.7316580280859261,0.5025206047423504,0.7140013117232185,0.5844287291337863
AAPL|2019-01-10 14:30:00+00:00,AAPL,2019-01-10,2019-01,later,1,1,1,0.0,13,11,0.7110222419807356,0.6778320517488657,0.6054412186384981,0.578057598733253,0.5968925176886659,0.5226634274274259,0.5813997959336241,0.5083156440374721,0.6072850479425274,0.6338969052746923
AMZN|2019-01-10 14:30:00+00:00,AMZN,2019-01-10,2019-01,later,1,0,0,0.0,0,0,0.0,0.5544912961524108,0.5544912961524108,0.5544912961524108,0.5544912961524108,0.5544912961524108,0.5544912961524108,0.5544912961524108,0.5544912961524108,0.5544912961524108
AAPL|2019-01-10 15:30:00+00:00,AAPL,2019-01-10,2019-01,later,1,1,1,0.0,12,10,0.7351533214375401,0.5860057671890828,0.553788593405678,0.5379310047341311,0.435625693746999,0.48504431750323734,0.518128540636523,0.5018364636044123,0.530571426371308,0.5246717714233656
AMZN|2019-01-10 15:30:00+00:00,AMZN,2019-01-10,2019-01,later,1,0,0,0.0,0,0,0.0,0.4878486369133859,0.4878486369133859,0.4878486369133859,0.4878486369133859,0.4878486369133859,0.4878486369133859,0.4878486369133859,0.4878486369133859,0.4878486369133859
AAPL|2019-01-10 16:30:00+00:00,AAPL,2019-01-10,2019-01,later,1,1,1,0.0,11,9,0.7314199018122551,0.5820089439614308,0.4638708344569309,0.5374709295379929,0.5328133924915027,0.507593614916769,0.4676616642795851,0.49672094181757853,0.570754496789491,0.578625386227396
AMZN|2019-01-10 16:30:00+00:00,AMZN,2019-01-10,2019-01,later,1,0,0,0.0,0,0,0.0,0.716421926431977,0.716421926431977,0.716421926431977,0.716421926431977,0.716421926431977,0.716421926431977,0.716421926431977,0.716421926431977,0.716421926431977
AAPL|2019-01-11 14:30:00+00:00,AAPL,2019-01-11,2019-01,later,0,1,1,1.0,12,12,0.0,0.6591651528479144,0.6062847068284904,0.605578615089356,0.7753817391929972,0.5710964837036044,0.6591531946043988,0.5166893533358587,0.7672509962768069,0.8067403469019683
AMZN|2019-01-11 14:30:00+00:00,AMZN,2019-01-11,2019-01,later,1,0,0,0.0,0,0,0.0,0.5615609075228746,0.5615609075228746,0.5615609075228746,0.5615609075228746,0.5615609075228746,0.5615609075228746,0.5615609075228746,0.5615609075228746,0.5615609075228746
AAPL|2019-01-11 15:30:00+00:00,AAPL,2019-01-11,2019-01,later,0,1,1,1.0,8,8,0.0,0.5839626657245593,0.4969920202555692,0.5644914451797491,0.8148704067529513,0.5847949741512819,0.6435217361984287,0.5149484346747017,0.8106185856996849,0.8519618534264721
AMZN|2019-01-11 15:30:00+00:00,AMZN,2019-01-11,2019-01,later,0,0,0,0.0,0,0,0.0,0.4203297620931477,0.4203297620931477,0.4203297620931477,0.4203297620931477,0.4203297620931477,0.4203297620931477,0.4203297620931477,0.4203297620931477,0.4203297620931477
AAPL|2019-01-11 16:30:00+00:00,AAPL,2019-01-11,2019-01,later,1,1,1,1.0,10,10,0.0,0.4962558172404501,0.4290892828273229,0.5735125929822739,0.6800473755193128,0.543452480726428,0.5130242142553049,0.5013191063186896,0.5782096713278765,0.6105957202812081
AMZN|2019-01-11 16:30:00+00:00,AMZN,2019-01-11,2019-01,later,0,0,0,0.0,0,0,0.0,0.6965291932058518,0.6965291932058518,0.6965291932058518,0.6965291932058518,0.6965291932058518,0.6965291932058518,0.6965291932058518,0.6965291932058518,0.6965291932058518
AAPL|2019-01-14 14:30:00+00:00,AAPL,2019-01-14,2019-01,later,0,1,1,0.0,8,8,0.0,0.554134402940577,0.5751266749526427,0.4871171969550781,0.7228197419335247,0.5551523312007707,0.658796350132395,0.5166492009119554,0.7220908427536138,0.7741236497984404
AMZN|2019-01-14 14:30:00+00:00,AMZN,2019-01-14,2019-01,later,1,0,0,0.0,0,0,0.0,0.6447042086205366,0.6447042086205366,0.6447042086205366,0.6447042086205366,0.6447042086205366,0.6447042086205366,0.6447042086205366,0.6447042086205366,0.6447042086205366
AAPL|2019-01-14 15:30:00+00:00,AAPL,2019-01-14,2019-01,later,0,1,1,1.0,10,10,0.0,0.4763682165662515,0.4285165011254554,0.5195358283817904,0.4778283629023113,0.4948728784222845,0.4796749183770135,0.4979407918405269,0.4889342065001672,0.5024842661839398
AMZN|2019-01-14 15:30:00+00:00,AMZN,2019-01-14,2019-01,later,0,0,0,0.0,0,0,0.0,0.6385425662751953,0.6385425662751953,0.6385425662751953,0.6385425662751953,0.6385425662751953,0.6385425662751953,0.6385425662751953,0.6385425662751953,0.6385425662751953
AAPL|2019-01-14 16:30:00+00:00,AAPL,2019-01-14,2019-01,later,1,1,1,1.0,27,26,0.3044667274572979,0.5311338653348372,0.4383258330553928,0.4559444220791028,0.664423651842578,0.5393832124768289,0.5211436844971228,0.5021422399107969,0.5681465815231862,0.6063337246692662
AMZN|2019-01-14 16:30:00+00:00,AMZN,2019-01-14,2019-01,later,0,1,1,0.0,1,1,0.0,0.7201140103106398,0.8214339818448246,0.5650251055709132,0.8197072526811071,0.5038054644923161,0.9428235080651682,0.5070426953504631,0.7910849326949794,0.5961664965860409
AAPL|2019-01-15 14:30:00+00:00,AAPL,2019-01-15,2019-01,later,1,1,1,0.0,9,9,0.0,0.6828511863403284,0.6264365267455263,0.6116472763371856,0.8294363455280285,0.5903764319613165,0.6985255942654479,0.5212586957992348,0.8315357520379021,0.8744445099096658
AMZN|2019-01-15 14:30:00+00:00,AMZN,2019-01-15,2019-01,later,1,0,0,0.0,0,0,0.0,0.443634487977352,0.443634487977352,0.443634487977352,0.443634487977352,0.443634487977352,0.443634487977352,0.443634487977352,0.443634487977352,0.443634487977352
AAPL|2019-01-15 15:30:00+00:00,AAPL,2019-01-15,2019-01,later,1,1,1,1.0,8,8,0.0,0.5947113782637852,0.5410147690656517,0.5560824832872838,0.4985388876019451,0.4996623311681611,0.5296949832146715,0.5030103725822808,0.4904997130911233,0.4910757785423622
AMZN|2019-01-15 15:30:00+00:00,AMZN,2019-01-15,2019-01,later,1,0,0,0.0,0,0,0.0,0.4096900933422911,0.4096900933422911,0.4096900933422911,0.4096900933422911,0.4096900933422911,0.4096900933422911,0.4096900933422911,0.4096900933422911,0.4096900933422911
AAPL|2019-01-15 16:30:00+00:00,AAPL,2019-01-15,2019-01,later,1,1,1,1.0,11,11,0.0,0.4650592215760723,0.4497131917671544,0.4983261791214073,0.246509565249239,0.4358024714466332,0.3583152333548303,0.4852538658787768,0.2538104089996987,0.2501431139249593
AMZN|2019-01-15 16:30:00+00:00,AMZN,2019-01-15,2019-01,later,1,0,0,0.0,0,0,0.0,0.5569434080311562,0.5569434080311562,0.5569434080311562,0.5569434080311562,0.5569434080311562,0.5569434080311562,0.5569434080311562,0.5569434080311562,0.5569434080311562
AAPL|2019-01-16 14:30:00+00:00,AAPL,2019-01-16,2019-01,later,1,1,1,1.0,12,11,0.3167940198278833,0.6882722599069752,0.6263011601335404,0.6139991610839419,0.8429113735904881,0.5958650877398023,0.7013553543880329,0.5215991479613193,0.856984175648293,0.8846912994733825
AMZN|2019-01-16 14:30:00+00:00,AMZN,2019-01-16,2019-01,later,1,1,1,0.0,2,2,0.0,0.6326399932593182,0.5634841135110631,0.4015405312632273,0.4947022524055419,0.4999467459186578,0.4546525927343156,0.4995429194305529,0.5488210375848844,0.4780513824741503
AAPL|2019-01-16 15:30:00+00:00,AAPL,2019-01-16,2019-01,later,1,1,1,1.0,7,7,0.0,0.5825557587200056,0.5308069844517449,0.5690314233689715,0.6083740347360218,0.5254272973921629,0.5701411042211159,0.5071490355174503,0.6287896105607499,0.6519136495485556
AMZN|2019-01-16 15:30:00+00:00,AMZN,2019-01-16,2019-01,later,0,1,1,0.0,2,2,0.0,0.6047060702882248,0.604901774632281,0.3938290278927616,0.4645196739507475,0.4996427572220059,0.5677701244794454,0.5006854318888821,0.5420967301444266,0.4708329534713576
AAPL|2019-01-16 16:30:00+00:00,AAPL,2019-01-16,2019-01,later,1,1,1,0.0,11,11,0.0,0.5507140440205326,0.5095005830734691,0.64624034676508,0.5313905223261559,0.5072634964756528,0.5009279973401622,0.5000939676241605,0.4945322558632596,0.4972895744061401
AMZN|2019-01-16 16:30:00+00:00,AMZN,2019-01-16,2019-01,later,0,1,1,0.0,2,2,0.0,0.7035921352517984,0.5496520162085712,0.4533166855277696,0.5801715053858877,0.5008128849004034,0.4166200861422757,0.49915397828842367,0.6663212541995558,0.5335901307776787
AAPL|2019-01-17 14:30:00+00:00,AAPL,2019-01-17,2019-01,later,1,1,1,1.0,6,6,0.0,0.7553928245070646,0.6831481326621337,0.6316008384941252,0.8766789196630164,0.6114174607157827,0.718785701328569,0.5237385291433667,0.8551076458163466,0.90033560402054
AMZN|2019-01-17 14:30:00+00:00,AMZN,2019-01-17,2019-01,later,1,0,0,0.0,0,0,0.0,0.5571397877773049,0.5571397877773049,0.5571397877773049,0.5571397877773049,0.5571397877773049,0.5571397877773049,0.5571397877773049,0.5571397877773049,0.5571397877773049
AAPL|2019-01-17 15:30:00+00:00,AAPL,2019-01-17,2019-01,later,1,1,1,0.0,5,5,0.0,0.6811023201309125,0.5526171893541024,0.5559909924732738,0.7189619022138534,0.5540577677462536,0.559777362058747,0.5060817483944966,0.6784514412144919,0.7344860719730885
AMZN|2019-01-17 15:30:00+00:00,AMZN,2019-01-17,2019-01,later,1,1,1,0.0,1,1,0.0,0.3993195152150953,0.5713121267527081,0.515509860772405,0.2616311663179929,0.4973928093221503,0.3333002792925952,0.49825778285472805,0.248744627095467,0.3690560767205157
AAPL|2019-01-17 16:30:00+00:00,AAPL,2019-01-17,2019-01,later,1,1,1,0.0,7,7,0.0,0.558574576534287,0.4683079662610632,0.436942272387925,0.7298941459785442,0.5571828362842614,0.5584132803285289,0.5059416870292266,0.6911752032882583,0.7638236014706389
AMZN|2019-01-17 16:30:00+00:00,AMZN,2019-01-17,2019-01,later,1,1,1,0.0,1,1,0.0,0.3385115671562371,0.5326301107811225,0.4836129192047021,0.2234671598738661,0.496869963401571,0.2928428734433865,0.4977845479638574,0.2305594497300888,0.3460411899454527
AAPL|2019-01-18 14:30:00+00:00,AAPL,2019-01-18,2019-01,later,0,1,1,1.0,6,6,0.0,0.6938126863118669,0.6212819987858543,0.5634067893817577,0.4785518666388783,0.4950403842627247,0.5040210464875284,0.5004071733849844,0.3928454494606804,0.4582306618714739
AMZN|2019-01-18 14:30:00+00:00,AMZN,2019-01-18,2019-01,later,1,0,0,0.0,0,0,0.0,0.6354429785105306,0.6354429785105306,0.6354429785105306,0.6354429785105306,0.6354429785105306,0.6354429785105306,0.6354429785105306,0.6354429785105306,0.6354429785105306
AAPL|2019-01-18 15:30:00+00:00,AAPL,2019-01-18,2019-01,later,0,1,1,1.0,7,7,0.0,0.5968189266592021,0.5728521832690014,0.5197366807405247,0.4789747470294078,0.49513828050621606,0.5011028907179311,0.5001116771186348,0.4161289014084035,0.5001783247905998
AMZN|2019-01-18 15:30:00+00:00,AMZN,2019-01-18,2019-01,later,0,0,0,0.0,0,0,0.0,0.6400273112535315,0.6400273112535315,0.6400273112535315,0.6400273112535315,0.6400273112535315,0.6400273112535315,0.6400273112535315,0.6400273112535315,0.6400273112535315
AAPL|2019-01-18 16:30:00+00:00,AAPL,2019-01-18,2019-01,later,0,1,1,1.0,8,8,0.0,0.6456504512799395,0.5049948055832858,0.5323090635358533,0.5658867416956063,0.5153109190604377,0.4526245566497439,0.49518855365996917,0.5454190065885464,0.6215543320945985
AMZN|2019-01-18 16:30:00+00:00,AMZN,2019-01-18,2019-01,later,0,0,0,0.0,0,0,0.0,0.4952971614331928,0.4952971614331928,0.4952971614331928,0.4952971614331928,0.4952971614331928,0.4952971614331928,0.4952971614331928,0.4952971614331928,0.4952971614331928
AAPL|2019-01-22 14:30:00+00:00,AAPL,2019-01-22,2019-01,later,0,1,1,0.0,8,8,0.0,0.5334557171440114,0.5705860128733762,0.5328161381097287,0.4359820351077261,0.4851279749674806,0.545587631631779,0.5046288533433051,0.5513086923800835,0.5646059020674986
AMZN|2019-01-22 14:30:00+00:00,AMZN,2019-01-22,2019-01,later,0,0,0,0.0,0,0,0.0,0.6455535381074888,0.6455535381074888,0.6455535381074888,0.6455535381074888,0.6455535381074888,0.6455535381074888,0.6455535381074888,0.6455535381074888,0.6455535381074888
AAPL|2019-01-22 15:30:00+00:00,AAPL,2019-01-22,2019-01,later,0,1,1,0.0,7,6,0.72904690705542,0.4907992672757677,0.4509465128371473,0.5456778576528165,0.3149588684550939,0.455226308049392,0.4300094062983855,0.492866507034195,0.3092294685999968,0.3015180598305258
AMZN|2019-01-22 15:30:00+00:00,AMZN,2019-01-22,2019-01,later,0,0,0,0.0,0,0,0.0,0.6783922985677026,0.6783922985677026,0.6783922985677026,0.6783922985677026,0.6783922985677026,0.6783922985677026,0.6783922985677026,0.6783922985677026,0.6783922985677026
AAPL|2019-01-22 16:30:00+00:00,AAPL,2019-01-22,2019-01,later,0,1,1,0.0,8,7,0.5677475293529995,0.5189757657489851,0.4485037608418579,0.4592989370525202,0.3683898214389536,0.4688915087048071,0.4433272847991433,0.4942369011996821,0.395858144662268,0.4448515663059554
AMZN|2019-01-22 16:30:00+00:00,AMZN,2019-01-22,2019-01,later,0,0,0,0.0,0,0,0.0,0.4835313877894668,0.4835313877894668,0.4835313877894668,0.4835313877894668,0.4835313877894668,0.4835313877894668,0.4835313877894668,0.4835313877894668,0.4835313877894668
AAPL|2019-01-23 14:30:00+00:00,AAPL,2019-01-23,2019-01,later,0,1,1,1.0,4,4,0.0,0.6360165134658875,0.5859201188070491,0.5671957916923908,0.8538663440303461,0.6005976238188718,0.70826951788284,0.5224388223688591,0.8579854942038057,0.908382716161603
AMZN|2019-01-23 14:30:00+00:00,AMZN,2019-01-23,2019-01,later,0,0,0,0.0,0,0,0.0,0.6143360300939227,0.6143360300939227,0.6143360300939227,0.6143360300939227,0.6143360300939227,0.6143360300939227,0.6143360300939227,0.6143360300939227,0.6143360300939227
AAPL|2019-01-23 15:30:00+00:00,AAPL,2019-01-23,2019-01,later,0,1,1,1.0,7,7,0.0,0.5444643351251568,0.4652101900648501,0.4538769173805852,0.6467409902551294,0.5348828467375256,0.5409588371258942,0.5041566448181983,0.5663020793098713,0.6130383518509883
AMZN|2019-01-23 15:30:00+00:00,AMZN,2019-01-23,2019-01,later,0,0,0,0.0,0,0,0.0,0.5901214677264853,0.5901214677264853,0.5901214677264853,0.5901214677264853,0.5901214677264853,0.5901214677264853,0.5901214677264853,0.5901214677264853,0.5901214677264853
AAPL|2019-01-23 16:30:00+00:00,AAPL,2019-01-23,2019-01,later,1,1,1,1.0,11,11,0.0,0.4804900356618895,0.3731101895103451,0.4437378854466191,0.5899805988910254,0.5210113865252499,0.4601989244480484,0.49596135001721736,0.5942878362487299,0.6718408926304512
AMZN|2019-01-23 16:30:00+00:00,AMZN,2019-01-23,2019-01,later,1,0,0,0.0,0,0,0.0,0.5143999448080846,0.5143999448080846,0.5143999448080846,0.5143999448080846,0.5143999448080846,0.5143999448080846,0.5143999448080846,0.5143999448080846,0.5143999448080846
AAPL|2019-01-24 14:30:00+00:00,AAPL,2019-01-24,2019-01,later,0,1,1,0.0,2,2,0.0,0.7436332173202129,0.6591237634260294,0.7401568636482695,0.9302077825380888,0.6453201789259227,0.7791022455900598,0.5318643480857945,0.9151658284417792,0.96002333586709
AMZN|2019-01-24 14:30:00+00:00,AMZN,2019-01-24,2019-01,later,1,0,0,0.0,0,0,0.0,0.7831893042608684,0.7831893042608684,0.7831893042608684,0.7831893042608684,0.7831893042608684,0.7831893042608684,0.7831893042608684,0.7831893042608684,0.7831893042608684
AAPL|2019-01-24 15:30:00+00:00,AAPL,2019-01-24,2019-01,later,0,1,1,1.0,5,5,0.0,0.670922483561544,0.5627280432770505,0.6932748510125188,0.8966825622112685,0.6223160091592086,0.7023180054923134,0.5217153822822667,0.850048957526609,0.8998971282907898
AMZN|2019-01-24 15:30:00+00:00,AMZN,2019-01-24,2019-01,later,0,0,0,0.0,0,0,0.0,0.7529400166794377,0.7529400166794377,0.7529400166794377,0.7529400166794377,0.7529400166794377,0.7529400166794377,0.7529400166794377,0.7529400166794377,0.7529400166794377
AAPL|2019-01-24 16:30:00+00:00,AAPL,2019-01-24,2019-01,later,1,1,1,1.0,7,7,0.0,0.6053661680177944,0.4418279304375295,0.5910479075951972,0.6395190193553644,0.5330732010017547,0.4664529113923101,0.49659801724637986,0.5879449015879079,0.6560560372276529
AMZN|2019-01-24 16:30:00+00:00,AMZN,2019-01-24,2019-01,later,1,0,0,0.0,0,0,0.0,0.406828864610421,0.406828864610421,0.406828864610421,0.406828864610421,0.406828864610421,0.406828864610421,0.406828864610421,0.406828864610421,0.406828864610421
AAPL|2019-01-25 14:30:00+00:00,AAPL,2019-01-25,2019-01,later,1,1,1,1.0,7,7,0.0,0.7065809735438578,0.6247697824438162,0.621299436478397,0.93226488086267,0.6470176948834416,0.783958770820851,0.5325814265162885,0.9247519563398215,0.9486321925250082
AMZN|2019-01-25 14:30:00+00:00,AMZN,2019-01-25,2019-01,later,1,0,0,0.0,0,0,0.0,0.5273767378221448,0.5273767378221448,0.5273767378221448,0.5273767378221448,0.5273767378221448,0.5273767378221448,0.5273767378221448,0.5273767378221448,0.5273767378221448
AAPL|2019-01-25 15:30:00+00:00,AAPL,2019-01-25,2019-01,later,1,1,1,1.0,7,7,0.0,0.600016612858071,0.5579766296966115,0.6016079405274306,0.6213750705802867,0.5285902774493945,0.5696676940062183,0.5071001530080534,0.5400609918264588,0.6037890741114954
AMZN|2019-01-25 15:30:00+00:00,AMZN,2019-01-25,2019-01,later,0,0,0,0.0,0,0,0.0,0.4770118691730762,0.4770118691730762,0.4770118691730762,0.4770118691730762,0.4770118691730762,0.4770118691730762,0.4770118691730762,0.4770118691730762,0.4770118691730762
AAPL|2019-01-25 16:30:00+00:00,AAPL,2019-01-25,2019-01,later,1,1,1,1.0,10,10,0.0,0.5354367949284149,0.4957929665452845,0.5394374292093721,0.5867174692450905,0.5202342835206314,0.5006289752989446,0.5000636890599,0.5311819490916272,0.5970970987919059
AMZN|2019-01-25 16:30:00+00:00,AMZN,2019-01-25,2019-01,later,0,0,0,0.0,0,0,0.0,0.6043443815613185,0.6043443815613185,0.6043443815613185,0.6043443815613185,0.6043443815613185,0.6043443815613185,0.6043443815613185,0.6043443815613185,0.6043443815613185
AAPL|2019-01-28 14:30:00+00:00,AAPL,2019-01-28,2019-01,later,1,1,1,0.0,10,10,0.0,0.6966364069670693,0.6377543179418245,0.644104711891509,0.8475834694681608,0.5978514228722909,0.7298910679993916,0.5251432556843487,0.836060741627638,0.8641224144696895
AMZN|2019-01-28 14:30:00+00:00,AMZN,2019-01-28,2019-01,later,0,1,1,0.0,1,1,0.0,0.5274229281703708,0.6709842386140162,0.5965508200286201,0.4639966717759627,0.4996374730908332,0.4610289998029923,0.4996074738362648,0.448341709188085,0.4445420129519495
AAPL|2019-01-28 15:30:00+00:00,AAPL,2019-01-28,2019-01,later,1,1,1,0.0,9,9,0.0,0.5958727628692597,0.5422439986572761,0.6193378320887314,0.7953014219106594,0.5777757900973307,0.6778727149120188,0.5188254807915621,0.8157966327862713,0.832045070492322
AMZN|2019-01-28 15:30:00+00:00,AMZN,2019-01-28,2019-01,later,0,1,1,0.0,2,2,0.0,0.6289117417795596,0.6042897230336358,0.4963340960914083,0.4560834619336813,0.4995574178151688,0.3438568977563246,0.4983762489161962,0.4725090102872086,0.4515919593880449
AAPL|2019-01-28 16:30:00+00:00,AAPL,2019-01-28,2019-01,later,1,1,1,0.0,10,10,0.0,0.5179995442719435,0.4539202501110491,0.5231298085604872,0.6364258539458366,0.5323027455602027,0.547635952616744,0.504838062905707,0.6559972696635785,0.6854845707570272
AMZN|2019-01-28 16:30:00+00:00,AMZN,2019-01-28,2019-01,later,1,1,1,0.0,3,3,0.0,0.4229783403442017,0.4630860901374256,0.2313979457882874,0.3381031490136874,0.4983119043707388,0.3428568802496722,0.4983651030594768,0.354130209676016,0.3700416677003899
AAPL|2019-01-29 14:30:00+00:00,AAPL,2019-01-29,2019-01,later,0,1,1,0.0,14,13,0.4192068914918106,0.7438487123535013,0.6565229633051385,0.6538101911491744,0.852405430401446,0.5999510596598733,0.7154880156306511,0.5233279069034981,0.8293858369847782,0.8811480481716399
AMZN|2019-01-29 14:30:00+00:00,AMZN,2019-01-29,2019-01,later,0,1,1,0.0,1,1,0.0,0.5977238035653507,0.5617739014273226,0.4789387505725488,0.2172490410238723,0.49677900859017043,0.165447737641664,0.4959335189738605,0.3118688536713841,0.385763592400295
AAPL|2019-01-29 15:30:00+00:00,AAPL,2019-01-29,2019-01,later,0,1,1,0.0,18,17,0.3221292340628213,0.6622562092050612,0.5678684351246912,0.5460677373084615,0.7855892013013313,0.5744662172369862,0.6571025541317171,0.5164588856299168,0.7895217923563064,0.8295080542163427
AMZN|2019-01-29 15:30:00+00:00,AMZN,2019-01-29,2019-01,later,0,1,1,0.0,1,1,0.0,0.5689438889706094,0.5716219784837006,0.4709104487755954,0.1973818824487079,0.496475033676199,0.1849879928976222,0.49627357222105756,0.2981358078917454,0.3785066387650985
AAPL|2019-01-29 16:30:00+00:00,AAPL,2019-01-29,2019-01,later,0,1,1,0.0,25,23,0.2872518462184072,0.5237616952577252,0.422276970095315,0.4239052414169596,0.5168511564222716,0.5038957547803947,0.4446235414933726,0.4943698097755185,0.5000725484714327,0.4745311451279293
AMZN|2019-01-29 16:30:00+00:00,AMZN,2019-01-29,2019-01,later,0,0,0,0.0,0,0,0.0,0.3404092813698452,0.3404092813698452,0.3404092813698452,0.3404092813698452,0.3404092813698452,0.3404092813698452,0.3404092813698452,0.3404092813698452,0.3404092813698452
AAPL|2019-01-30 14:30:00+00:00,AAPL,2019-01-30,2019-01,later,0,1,1,1.0,31,30,0.2461860094900117,0.6779579388735272,0.6040510255767437,0.5886631806215318,0.7369117452847453,0.5592284788978541,0.6285729331051679,0.5133148495065117,0.7429384320466933,0.771644469989689
AMZN|2019-01-30 14:30:00+00:00,AMZN,2019-01-30,2019-01,later,1,0,0,0.0,0,0,0.0,0.3991585229924228,0.3991585229924228,0.3991585229924228,0.3991585229924228,0.3991585229924228,0.3991585229924228,0.3991585229924228,0.3991585229924228,0.3991585229924228
AAPL|2019-01-30 15:30:00+00:00,AAPL,2019-01-30,2019-01,later,1,1,1,1.0,39,37,0.2768766990524053,0.5763165350894572,0.6130535894618961,0.5601024709284436,0.6019110361287932,0.5238683455031804,0.6020577310439214,0.5104798829377406,0.6055768298838803,0.6172623997090061
AMZN|2019-01-30 15:30:00+00:00,AMZN,2019-01-30,2019-01,later,1,1,1,1.0,1,1,0.0,0.2894316881889525,0.35434737994986,0.4669730031641591,0.3280974511827299,0.49819871218847556,0.2792808571668706,0.4976176535700583,0.2769816356796662,0.4295388061396586
AAPL|2019-01-30 16:30:00+00:00,AAPL,2019-01-30,2019-01,later,1,1,1,0.0,44,42,0.219162215245517,0.458534593186176,0.6126504539655467,0.4225342815708121,0.5534427437490824,0.5123956139316704,0.5984188388817742,0.5100961458932061,0.522655150184415,0.5681674116655312
AMZN|2019-01-30 16:30:00+00:00,AMZN,2019-01-30,2019-01,later,1,1,1,1.0,3,3,0.0,0.2758034366971912,0.4157266195756426,0.2140600962847467,0.4008895312106505,0.49899039474607465,0.4061140332085074,0.4990449427353648,0.3739495826112712,0.4768524774196942
AAPL|2019-01-31 14:30:00+00:00,AAPL,2019-01-31,2019-01,later,1,1,1,1.0,17,17,0.0,0.8197487074536056,0.6971219868686417,0.6559337871474136,0.9321738875097606,0.6469416828050366,0.7448594034986317,0.5270950032998362,0.901866058310053,0.9473051622854574
AMZN|2019-01-31 14:30:00+00:00,AMZN,2019-01-31,2019-01,later,1,0,0,0.0,0,0,0.0,0.6223440595423698,0.6223440595423698,0.6223440595423698,0.6223440595423698,0.6223440595423698,0.6223440595423698,0.6223440595423698,0.6223440595423698,0.6223440595423698
AAPL|2019-01-31 15:30:00+00:00,AAPL,2019-01-31,2019-01,later,0,1,1,1.0,16,16,0.0,0.7635312699797399,0.6433927289939405,0.5972651174541578,0.8888965423582315,0.617885708711528,0.6863646216595993,0.5198154498189667,0.8372032520174565,0.8993045189183128
AMZN|2019-01-31 15:30:00+00:00,AMZN,2019-01-31,2019-01,later,1,1,1,0.0,2,2,0.0,0.4844143430541234,0.4974965502949061,0.4761053443164375,0.4609868515153645,0.49960704757655156,0.2964488690858191,0.49782814919568724,0.4817630482766826,0.4750847024853281
AAPL|2019-01-31 16:30:00+00:00,AAPL,2019-01-31,2019-01,later,0,1,1,0.0,15,15,0.0,0.6292990137581196,0.5824443701460688,0.554922975570617,0.6792782551306227,0.5432499165041144,0.5999912230478661,0.5102618191386459,0.673166607646651,0.7440645782773174
AMZN|2019-01-31 16:30:00+00:00,AMZN,2019-01-31,2019-01,later,1,1,1,0.0,2,2,0.0,0.5777141338538867,0.7032321395321665,0.4788104511493984,0.570309681194198,0.5007114552689363,0.6728682940637333,0.501812304752638,0.6214736027373067,0.4927063929937888
AAPL|2019-02-01 14:30:00+00:00,AAPL,2019-02-01,2019-02,later,0,1,1,1.0,9,8,0.7634750167286903,0.6728048967368216,0.6303137932471383,0.6587951821962565,0.7249461257911917,0.5557594200845547,0.6268088604346561,0.513123892786392,0.6947382450942864,0.7275179597819775
AMZN|2019-02-01 14:30:00+00:00,AMZN,2019-02-01,2019-02,later,1,0,0,0.0,0,0,0.0,0.5869523122311956,0.5869523122311956,0.5869523122311956,0.5869523122311956,0.5869523122311956,0.5869523122311956,0.5869523122311956,0.5869523122311956,0.5869523122311956
AAPL|2019-02-01 15:30:00+00:00,AAPL,2019-02-01,2019-02,later,0,1,1,0.0,13,12,0.5385773552954835,0.5733719671900694,0.6098901630736805,0.6186038182787709,0.6265494699813643,0.5298600767269368,0.610013529974185,0.511323032318311,0.5958299520422746,0.643010225034516
AMZN|2019-02-01 15:30:00+00:00,AMZN,2019-02-01,2019-02,later,0,0,0,0.0,0,0,0.0,0.593543994323022,0.593543994323022,0.593543994323022,0.593543994323022,0.593543994323022,0.593543994323022,0.593543994323022,0.593543994323022,0.593543994323022
